ISO-10303-21;
HEADER;
FILE_DESCRIPTION(('FreeCAD Model'),'2;1');
FILE_NAME('Open CASCADE Shape Model','2026-10-06T08:36:11',('FreeCAD'),(
    'FreeCAD'),'Open CASCADE STEP processor 7.8','FreeCAD','Unknown');
FILE_SCHEMA(('AUTOMOTIVE_DESIGN { 1 0 10303 214 1 1 1 1 }'));
ENDSEC;
DATA;
#1 = APPLICATION_PROTOCOL_DEFINITION('international standard',
  'automotive_design',2000,#2);
#2 = APPLICATION_CONTEXT(
  'core data for automotive mechanical design processes');
#3 = SHAPE_DEFINITION_REPRESENTATION(#4,#10);
#4 = PRODUCT_DEFINITION_SHAPE('','',#5);
#5 = PRODUCT_DEFINITION('design','',#6,#9);
#6 = PRODUCT_DEFINITION_FORMATION('','',#7);
#7 = PRODUCT('Open CASCADE STEP translator 7.8 1',
  'Open CASCADE STEP translator 7.8 1','',(#8));
#8 = PRODUCT_CONTEXT('',#2,'mechanical');
#9 = PRODUCT_DEFINITION_CONTEXT('part definition',#2,'design');
#10 = SHAPE_REPRESENTATION('',(#11,#15,#1387,#1637,#1919,#2466),#3013);
#11 = AXIS2_PLACEMENT_3D('',#12,#13,#14);
#12 = CARTESIAN_POINT('',(0.,0.,0.));
#13 = DIRECTION('',(0.,0.,1.));
#14 = DIRECTION('',(1.,0.,-0.));
#15 = MANIFOLD_SOLID_BREP('',#16);
#16 = CLOSED_SHELL('',(#17,#68,#163,#187,#245,#326,#387,#475,#515,#532,
    #549,#566,#578,#663,#680,#703,#746,#763,#801,#818,#829,#846,#856,
    #880,#904,#921,#968,#993,#1033,#1050,#1062,#1093,#1117,#1141,#1158,
    #1189,#1213,#1237,#1254,#1301,#1313,#1323,#1340,#1352,#1363,#1375));
#17 = ADVANCED_FACE('',(#18,#52),#63,.T.);
#18 = FACE_BOUND('',#19,.T.);
#19 = EDGE_LOOP('',(#20,#30,#38,#46));
#20 = ORIENTED_EDGE('',*,*,#21,.F.);
#21 = EDGE_CURVE('',#22,#24,#26,.T.);
#22 = VERTEX_POINT('',#23);
#23 = CARTESIAN_POINT('',(-9.,22.5,48.5));
#24 = VERTEX_POINT('',#25);
#25 = CARTESIAN_POINT('',(-9.,41.,48.5));
#26 = LINE('',#27,#28);
#27 = CARTESIAN_POINT('',(-9.,-41.,48.5));
#28 = VECTOR('',#29,1.);
#29 = DIRECTION('',(0.,1.,0.));
#30 = ORIENTED_EDGE('',*,*,#31,.T.);
#31 = EDGE_CURVE('',#22,#32,#34,.T.);
#32 = VERTEX_POINT('',#33);
#33 = CARTESIAN_POINT('',(9.,22.5,48.5));
#34 = LINE('',#35,#36);
#35 = CARTESIAN_POINT('',(-9.,22.5,48.5));
#36 = VECTOR('',#37,1.);
#37 = DIRECTION('',(1.,0.,0.));
#38 = ORIENTED_EDGE('',*,*,#39,.T.);
#39 = EDGE_CURVE('',#32,#40,#42,.T.);
#40 = VERTEX_POINT('',#41);
#41 = CARTESIAN_POINT('',(9.,41.,48.5));
#42 = LINE('',#43,#44);
#43 = CARTESIAN_POINT('',(9.,-41.,48.5));
#44 = VECTOR('',#45,1.);
#45 = DIRECTION('',(0.,1.,0.));
#46 = ORIENTED_EDGE('',*,*,#47,.F.);
#47 = EDGE_CURVE('',#24,#40,#48,.T.);
#48 = LINE('',#49,#50);
#49 = CARTESIAN_POINT('',(-9.,41.,48.5));
#50 = VECTOR('',#51,1.);
#51 = DIRECTION('',(1.,0.,0.));
#52 = FACE_BOUND('',#53,.T.);
#53 = EDGE_LOOP('',(#54));
#54 = ORIENTED_EDGE('',*,*,#55,.F.);
#55 = EDGE_CURVE('',#56,#56,#58,.T.);
#56 = VERTEX_POINT('',#57);
#57 = CARTESIAN_POINT('',(4.,34.,48.5));
#58 = CIRCLE('',#59,4.);
#59 = AXIS2_PLACEMENT_3D('',#60,#61,#62);
#60 = CARTESIAN_POINT('',(0.,34.,48.5));
#61 = DIRECTION('',(0.,0.,1.));
#62 = DIRECTION('',(1.,0.,0.));
#63 = PLANE('',#64);
#64 = AXIS2_PLACEMENT_3D('',#65,#66,#67);
#65 = CARTESIAN_POINT('',(-9.,-41.,48.5));
#66 = DIRECTION('',(0.,0.,1.));
#67 = DIRECTION('',(1.,0.,0.));
#68 = ADVANCED_FACE('',(#69),#158,.T.);
#69 = FACE_BOUND('',#70,.T.);
#70 = EDGE_LOOP('',(#71,#81,#89,#97,#105,#111,#112,#120,#128,#136,#144,
    #152));
#71 = ORIENTED_EDGE('',*,*,#72,.T.);
#72 = EDGE_CURVE('',#73,#75,#77,.T.);
#73 = VERTEX_POINT('',#74);
#74 = CARTESIAN_POINT('',(-9.,-41.,0.));
#75 = VERTEX_POINT('',#76);
#76 = CARTESIAN_POINT('',(-9.,-41.,48.5));
#77 = LINE('',#78,#79);
#78 = CARTESIAN_POINT('',(-9.,-41.,0.));
#79 = VECTOR('',#80,1.);
#80 = DIRECTION('',(0.,0.,1.));
#81 = ORIENTED_EDGE('',*,*,#82,.T.);
#82 = EDGE_CURVE('',#75,#83,#85,.T.);
#83 = VERTEX_POINT('',#84);
#84 = CARTESIAN_POINT('',(-9.,-22.5,48.5));
#85 = LINE('',#86,#87);
#86 = CARTESIAN_POINT('',(-9.,-41.,48.5));
#87 = VECTOR('',#88,1.);
#88 = DIRECTION('',(0.,1.,0.));
#89 = ORIENTED_EDGE('',*,*,#90,.T.);
#90 = EDGE_CURVE('',#83,#91,#93,.T.);
#91 = VERTEX_POINT('',#92);
#92 = CARTESIAN_POINT('',(-9.,-22.5,64.5));
#93 = LINE('',#94,#95);
#94 = CARTESIAN_POINT('',(-9.,-22.5,48.5));
#95 = VECTOR('',#96,1.);
#96 = DIRECTION('',(0.,0.,1.));
#97 = ORIENTED_EDGE('',*,*,#98,.T.);
#98 = EDGE_CURVE('',#91,#99,#101,.T.);
#99 = VERTEX_POINT('',#100);
#100 = CARTESIAN_POINT('',(-9.,22.5,64.5));
#101 = LINE('',#102,#103);
#102 = CARTESIAN_POINT('',(-9.,-22.5,64.5));
#103 = VECTOR('',#104,1.);
#104 = DIRECTION('',(0.,1.,0.));
#105 = ORIENTED_EDGE('',*,*,#106,.F.);
#106 = EDGE_CURVE('',#22,#99,#107,.T.);
#107 = LINE('',#108,#109);
#108 = CARTESIAN_POINT('',(-9.,22.5,48.5));
#109 = VECTOR('',#110,1.);
#110 = DIRECTION('',(0.,0.,1.));
#111 = ORIENTED_EDGE('',*,*,#21,.T.);
#112 = ORIENTED_EDGE('',*,*,#113,.F.);
#113 = EDGE_CURVE('',#114,#24,#116,.T.);
#114 = VERTEX_POINT('',#115);
#115 = CARTESIAN_POINT('',(-9.,41.,0.));
#116 = LINE('',#117,#118);
#117 = CARTESIAN_POINT('',(-9.,41.,0.));
#118 = VECTOR('',#119,1.);
#119 = DIRECTION('',(0.,0.,1.));
#120 = ORIENTED_EDGE('',*,*,#121,.F.);
#121 = EDGE_CURVE('',#122,#114,#124,.T.);
#122 = VERTEX_POINT('',#123);
#123 = CARTESIAN_POINT('',(-9.,17.6,0.));
#124 = LINE('',#125,#126);
#125 = CARTESIAN_POINT('',(-9.,-41.,0.));
#126 = VECTOR('',#127,1.);
#127 = DIRECTION('',(0.,1.,0.));
#128 = ORIENTED_EDGE('',*,*,#129,.T.);
#129 = EDGE_CURVE('',#122,#130,#132,.T.);
#130 = VERTEX_POINT('',#131);
#131 = CARTESIAN_POINT('',(-9.,17.6,1.2));
#132 = LINE('',#133,#134);
#133 = CARTESIAN_POINT('',(-9.,17.6,0.));
#134 = VECTOR('',#135,1.);
#135 = DIRECTION('',(0.,0.,1.));
#136 = ORIENTED_EDGE('',*,*,#137,.F.);
#137 = EDGE_CURVE('',#138,#130,#140,.T.);
#138 = VERTEX_POINT('',#139);
#139 = CARTESIAN_POINT('',(-9.,-17.6,1.2));
#140 = LINE('',#141,#142);
#141 = CARTESIAN_POINT('',(-9.,-17.6,1.2));
#142 = VECTOR('',#143,1.);
#143 = DIRECTION('',(0.,1.,0.));
#144 = ORIENTED_EDGE('',*,*,#145,.F.);
#145 = EDGE_CURVE('',#146,#138,#148,.T.);
#146 = VERTEX_POINT('',#147);
#147 = CARTESIAN_POINT('',(-9.,-17.6,0.));
#148 = LINE('',#149,#150);
#149 = CARTESIAN_POINT('',(-9.,-17.6,0.));
#150 = VECTOR('',#151,1.);
#151 = DIRECTION('',(0.,0.,1.));
#152 = ORIENTED_EDGE('',*,*,#153,.F.);
#153 = EDGE_CURVE('',#73,#146,#154,.T.);
#154 = LINE('',#155,#156);
#155 = CARTESIAN_POINT('',(-9.,-41.,0.));
#156 = VECTOR('',#157,1.);
#157 = DIRECTION('',(0.,1.,0.));
#158 = PLANE('',#159);
#159 = AXIS2_PLACEMENT_3D('',#160,#161,#162);
#160 = CARTESIAN_POINT('',(-9.,0.,30.2295221843));
#161 = DIRECTION('',(-1.,-0.,-0.));
#162 = DIRECTION('',(0.,0.,-1.));
#163 = ADVANCED_FACE('',(#164),#182,.T.);
#164 = FACE_BOUND('',#165,.T.);
#165 = EDGE_LOOP('',(#166,#167,#168,#176));
#166 = ORIENTED_EDGE('',*,*,#31,.F.);
#167 = ORIENTED_EDGE('',*,*,#106,.T.);
#168 = ORIENTED_EDGE('',*,*,#169,.T.);
#169 = EDGE_CURVE('',#99,#170,#172,.T.);
#170 = VERTEX_POINT('',#171);
#171 = CARTESIAN_POINT('',(9.,22.5,64.5));
#172 = LINE('',#173,#174);
#173 = CARTESIAN_POINT('',(-9.,22.5,64.5));
#174 = VECTOR('',#175,1.);
#175 = DIRECTION('',(1.,0.,0.));
#176 = ORIENTED_EDGE('',*,*,#177,.F.);
#177 = EDGE_CURVE('',#32,#170,#178,.T.);
#178 = LINE('',#179,#180);
#179 = CARTESIAN_POINT('',(9.,22.5,48.5));
#180 = VECTOR('',#181,1.);
#181 = DIRECTION('',(0.,0.,1.));
#182 = PLANE('',#183);
#183 = AXIS2_PLACEMENT_3D('',#184,#185,#186);
#184 = CARTESIAN_POINT('',(-9.,22.5,48.5));
#185 = DIRECTION('',(0.,1.,0.));
#186 = DIRECTION('',(0.,0.,1.));
#187 = ADVANCED_FACE('',(#188,#206),#240,.T.);
#188 = FACE_BOUND('',#189,.T.);
#189 = EDGE_LOOP('',(#190,#198,#199,#200));
#190 = ORIENTED_EDGE('',*,*,#191,.F.);
#191 = EDGE_CURVE('',#114,#192,#194,.T.);
#192 = VERTEX_POINT('',#193);
#193 = CARTESIAN_POINT('',(9.,41.,0.));
#194 = LINE('',#195,#196);
#195 = CARTESIAN_POINT('',(-9.,41.,0.));
#196 = VECTOR('',#197,1.);
#197 = DIRECTION('',(1.,0.,0.));
#198 = ORIENTED_EDGE('',*,*,#113,.T.);
#199 = ORIENTED_EDGE('',*,*,#47,.T.);
#200 = ORIENTED_EDGE('',*,*,#201,.F.);
#201 = EDGE_CURVE('',#192,#40,#202,.T.);
#202 = LINE('',#203,#204);
#203 = CARTESIAN_POINT('',(9.,41.,0.));
#204 = VECTOR('',#205,1.);
#205 = DIRECTION('',(0.,0.,1.));
#206 = FACE_BOUND('',#207,.T.);
#207 = EDGE_LOOP('',(#208,#218,#226,#234));
#208 = ORIENTED_EDGE('',*,*,#209,.F.);
#209 = EDGE_CURVE('',#210,#212,#214,.T.);
#210 = VERTEX_POINT('',#211);
#211 = CARTESIAN_POINT('',(-3.75,41.,34.));
#212 = VERTEX_POINT('',#213);
#213 = CARTESIAN_POINT('',(-3.75,41.,41.5));
#214 = LINE('',#215,#216);
#215 = CARTESIAN_POINT('',(-3.75,41.,34.));
#216 = VECTOR('',#217,1.);
#217 = DIRECTION('',(0.,0.,1.));
#218 = ORIENTED_EDGE('',*,*,#219,.T.);
#219 = EDGE_CURVE('',#210,#220,#222,.T.);
#220 = VERTEX_POINT('',#221);
#221 = CARTESIAN_POINT('',(3.75,41.,34.));
#222 = LINE('',#223,#224);
#223 = CARTESIAN_POINT('',(-3.75,41.,34.));
#224 = VECTOR('',#225,1.);
#225 = DIRECTION('',(1.,0.,0.));
#226 = ORIENTED_EDGE('',*,*,#227,.T.);
#227 = EDGE_CURVE('',#220,#228,#230,.T.);
#228 = VERTEX_POINT('',#229);
#229 = CARTESIAN_POINT('',(3.75,41.,41.5));
#230 = LINE('',#231,#232);
#231 = CARTESIAN_POINT('',(3.75,41.,34.));
#232 = VECTOR('',#233,1.);
#233 = DIRECTION('',(0.,0.,1.));
#234 = ORIENTED_EDGE('',*,*,#235,.F.);
#235 = EDGE_CURVE('',#212,#228,#236,.T.);
#236 = LINE('',#237,#238);
#237 = CARTESIAN_POINT('',(-3.75,41.,41.5));
#238 = VECTOR('',#239,1.);
#239 = DIRECTION('',(1.,0.,0.));
#240 = PLANE('',#241);
#241 = AXIS2_PLACEMENT_3D('',#242,#243,#244);
#242 = CARTESIAN_POINT('',(-9.,41.,0.));
#243 = DIRECTION('',(0.,1.,0.));
#244 = DIRECTION('',(0.,0.,1.));
#245 = ADVANCED_FACE('',(#246),#321,.T.);
#246 = FACE_BOUND('',#247,.T.);
#247 = EDGE_LOOP('',(#248,#258,#266,#274,#282,#290,#298,#304,#305,#306,
    #307,#315));
#248 = ORIENTED_EDGE('',*,*,#249,.F.);
#249 = EDGE_CURVE('',#250,#252,#254,.T.);
#250 = VERTEX_POINT('',#251);
#251 = CARTESIAN_POINT('',(9.,-41.,48.5));
#252 = VERTEX_POINT('',#253);
#253 = CARTESIAN_POINT('',(9.,-22.5,48.5));
#254 = LINE('',#255,#256);
#255 = CARTESIAN_POINT('',(9.,-41.,48.5));
#256 = VECTOR('',#257,1.);
#257 = DIRECTION('',(0.,1.,0.));
#258 = ORIENTED_EDGE('',*,*,#259,.F.);
#259 = EDGE_CURVE('',#260,#250,#262,.T.);
#260 = VERTEX_POINT('',#261);
#261 = CARTESIAN_POINT('',(9.,-41.,0.));
#262 = LINE('',#263,#264);
#263 = CARTESIAN_POINT('',(9.,-41.,0.));
#264 = VECTOR('',#265,1.);
#265 = DIRECTION('',(0.,0.,1.));
#266 = ORIENTED_EDGE('',*,*,#267,.T.);
#267 = EDGE_CURVE('',#260,#268,#270,.T.);
#268 = VERTEX_POINT('',#269);
#269 = CARTESIAN_POINT('',(9.,-17.6,0.));
#270 = LINE('',#271,#272);
#271 = CARTESIAN_POINT('',(9.,-41.,0.));
#272 = VECTOR('',#273,1.);
#273 = DIRECTION('',(0.,1.,0.));
#274 = ORIENTED_EDGE('',*,*,#275,.T.);
#275 = EDGE_CURVE('',#268,#276,#278,.T.);
#276 = VERTEX_POINT('',#277);
#277 = CARTESIAN_POINT('',(9.,-17.6,1.2));
#278 = LINE('',#279,#280);
#279 = CARTESIAN_POINT('',(9.,-17.6,0.));
#280 = VECTOR('',#281,1.);
#281 = DIRECTION('',(0.,0.,1.));
#282 = ORIENTED_EDGE('',*,*,#283,.T.);
#283 = EDGE_CURVE('',#276,#284,#286,.T.);
#284 = VERTEX_POINT('',#285);
#285 = CARTESIAN_POINT('',(9.,17.6,1.2));
#286 = LINE('',#287,#288);
#287 = CARTESIAN_POINT('',(9.,-17.6,1.2));
#288 = VECTOR('',#289,1.);
#289 = DIRECTION('',(0.,1.,0.));
#290 = ORIENTED_EDGE('',*,*,#291,.F.);
#291 = EDGE_CURVE('',#292,#284,#294,.T.);
#292 = VERTEX_POINT('',#293);
#293 = CARTESIAN_POINT('',(9.,17.6,0.));
#294 = LINE('',#295,#296);
#295 = CARTESIAN_POINT('',(9.,17.6,0.));
#296 = VECTOR('',#297,1.);
#297 = DIRECTION('',(0.,0.,1.));
#298 = ORIENTED_EDGE('',*,*,#299,.T.);
#299 = EDGE_CURVE('',#292,#192,#300,.T.);
#300 = LINE('',#301,#302);
#301 = CARTESIAN_POINT('',(9.,-41.,0.));
#302 = VECTOR('',#303,1.);
#303 = DIRECTION('',(0.,1.,0.));
#304 = ORIENTED_EDGE('',*,*,#201,.T.);
#305 = ORIENTED_EDGE('',*,*,#39,.F.);
#306 = ORIENTED_EDGE('',*,*,#177,.T.);
#307 = ORIENTED_EDGE('',*,*,#308,.F.);
#308 = EDGE_CURVE('',#309,#170,#311,.T.);
#309 = VERTEX_POINT('',#310);
#310 = CARTESIAN_POINT('',(9.,-22.5,64.5));
#311 = LINE('',#312,#313);
#312 = CARTESIAN_POINT('',(9.,-22.5,64.5));
#313 = VECTOR('',#314,1.);
#314 = DIRECTION('',(0.,1.,0.));
#315 = ORIENTED_EDGE('',*,*,#316,.F.);
#316 = EDGE_CURVE('',#252,#309,#317,.T.);
#317 = LINE('',#318,#319);
#318 = CARTESIAN_POINT('',(9.,-22.5,48.5));
#319 = VECTOR('',#320,1.);
#320 = DIRECTION('',(0.,0.,1.));
#321 = PLANE('',#322);
#322 = AXIS2_PLACEMENT_3D('',#323,#324,#325);
#323 = CARTESIAN_POINT('',(9.,0.,30.2295221843));
#324 = DIRECTION('',(1.,0.,0.));
#325 = DIRECTION('',(0.,0.,1.));
#326 = ADVANCED_FACE('',(#327),#382,.F.);
#327 = FACE_BOUND('',#328,.F.);
#328 = EDGE_LOOP('',(#329,#337,#338,#339,#348,#357,#366,#375));
#329 = ORIENTED_EDGE('',*,*,#330,.T.);
#330 = EDGE_CURVE('',#331,#56,#333,.T.);
#331 = VERTEX_POINT('',#332);
#332 = CARTESIAN_POINT('',(4.,34.,41.5));
#333 = LINE('',#334,#335);
#334 = CARTESIAN_POINT('',(4.,34.,41.5));
#335 = VECTOR('',#336,1.);
#336 = DIRECTION('',(0.,0.,1.));
#337 = ORIENTED_EDGE('',*,*,#55,.F.);
#338 = ORIENTED_EDGE('',*,*,#330,.F.);
#339 = ORIENTED_EDGE('',*,*,#340,.T.);
#340 = EDGE_CURVE('',#331,#341,#343,.T.);
#341 = VERTEX_POINT('',#342);
#342 = CARTESIAN_POINT('',(3.75,35.391941090707,41.5));
#343 = CIRCLE('',#344,4.);
#344 = AXIS2_PLACEMENT_3D('',#345,#346,#347);
#345 = CARTESIAN_POINT('',(0.,34.,41.5));
#346 = DIRECTION('',(0.,0.,1.));
#347 = DIRECTION('',(1.,0.,0.));
#348 = ORIENTED_EDGE('',*,*,#349,.T.);
#349 = EDGE_CURVE('',#341,#350,#352,.T.);
#350 = VERTEX_POINT('',#351);
#351 = CARTESIAN_POINT('',(-3.75,35.391941090708,41.5));
#352 = CIRCLE('',#353,4.);
#353 = AXIS2_PLACEMENT_3D('',#354,#355,#356);
#354 = CARTESIAN_POINT('',(0.,34.,41.5));
#355 = DIRECTION('',(0.,0.,1.));
#356 = DIRECTION('',(1.,0.,0.));
#357 = ORIENTED_EDGE('',*,*,#358,.T.);
#358 = EDGE_CURVE('',#350,#359,#361,.T.);
#359 = VERTEX_POINT('',#360);
#360 = CARTESIAN_POINT('',(-3.75,32.608058909292,41.5));
#361 = CIRCLE('',#362,4.);
#362 = AXIS2_PLACEMENT_3D('',#363,#364,#365);
#363 = CARTESIAN_POINT('',(0.,34.,41.5));
#364 = DIRECTION('',(0.,0.,1.));
#365 = DIRECTION('',(1.,0.,0.));
#366 = ORIENTED_EDGE('',*,*,#367,.T.);
#367 = EDGE_CURVE('',#359,#368,#370,.T.);
#368 = VERTEX_POINT('',#369);
#369 = CARTESIAN_POINT('',(3.75,32.608058909293,41.5));
#370 = CIRCLE('',#371,4.);
#371 = AXIS2_PLACEMENT_3D('',#372,#373,#374);
#372 = CARTESIAN_POINT('',(0.,34.,41.5));
#373 = DIRECTION('',(0.,0.,1.));
#374 = DIRECTION('',(1.,0.,0.));
#375 = ORIENTED_EDGE('',*,*,#376,.T.);
#376 = EDGE_CURVE('',#368,#331,#377,.T.);
#377 = CIRCLE('',#378,4.);
#378 = AXIS2_PLACEMENT_3D('',#379,#380,#381);
#379 = CARTESIAN_POINT('',(0.,34.,41.5));
#380 = DIRECTION('',(0.,0.,1.));
#381 = DIRECTION('',(1.,0.,0.));
#382 = CYLINDRICAL_SURFACE('',#383,4.);
#383 = AXIS2_PLACEMENT_3D('',#384,#385,#386);
#384 = CARTESIAN_POINT('',(0.,34.,41.5));
#385 = DIRECTION('',(0.,0.,1.));
#386 = DIRECTION('',(1.,0.,0.));
#387 = ADVANCED_FACE('',(#388,#436),#470,.F.);
#388 = FACE_BOUND('',#389,.F.);
#389 = EDGE_LOOP('',(#390,#398,#399,#405,#406,#414,#422,#430));
#390 = ORIENTED_EDGE('',*,*,#391,.F.);
#391 = EDGE_CURVE('',#73,#392,#394,.T.);
#392 = VERTEX_POINT('',#393);
#393 = CARTESIAN_POINT('',(-4.5,-41.,0.));
#394 = LINE('',#395,#396);
#395 = CARTESIAN_POINT('',(-9.,-41.,0.));
#396 = VECTOR('',#397,1.);
#397 = DIRECTION('',(1.,0.,0.));
#398 = ORIENTED_EDGE('',*,*,#72,.T.);
#399 = ORIENTED_EDGE('',*,*,#400,.T.);
#400 = EDGE_CURVE('',#75,#250,#401,.T.);
#401 = LINE('',#402,#403);
#402 = CARTESIAN_POINT('',(-9.,-41.,48.5));
#403 = VECTOR('',#404,1.);
#404 = DIRECTION('',(1.,0.,0.));
#405 = ORIENTED_EDGE('',*,*,#259,.F.);
#406 = ORIENTED_EDGE('',*,*,#407,.F.);
#407 = EDGE_CURVE('',#408,#260,#410,.T.);
#408 = VERTEX_POINT('',#409);
#409 = CARTESIAN_POINT('',(4.5,-41.,0.));
#410 = LINE('',#411,#412);
#411 = CARTESIAN_POINT('',(-9.,-41.,0.));
#412 = VECTOR('',#413,1.);
#413 = DIRECTION('',(1.,0.,0.));
#414 = ORIENTED_EDGE('',*,*,#415,.T.);
#415 = EDGE_CURVE('',#408,#416,#418,.T.);
#416 = VERTEX_POINT('',#417);
#417 = CARTESIAN_POINT('',(4.5,-41.,3.));
#418 = LINE('',#419,#420);
#419 = CARTESIAN_POINT('',(4.5,-41.,0.));
#420 = VECTOR('',#421,1.);
#421 = DIRECTION('',(0.,0.,1.));
#422 = ORIENTED_EDGE('',*,*,#423,.F.);
#423 = EDGE_CURVE('',#424,#416,#426,.T.);
#424 = VERTEX_POINT('',#425);
#425 = CARTESIAN_POINT('',(-4.5,-41.,3.));
#426 = LINE('',#427,#428);
#427 = CARTESIAN_POINT('',(-4.5,-41.,3.));
#428 = VECTOR('',#429,1.);
#429 = DIRECTION('',(1.,0.,0.));
#430 = ORIENTED_EDGE('',*,*,#431,.F.);
#431 = EDGE_CURVE('',#392,#424,#432,.T.);
#432 = LINE('',#433,#434);
#433 = CARTESIAN_POINT('',(-4.5,-41.,0.));
#434 = VECTOR('',#435,1.);
#435 = DIRECTION('',(0.,0.,1.));
#436 = FACE_BOUND('',#437,.F.);
#437 = EDGE_LOOP('',(#438,#448,#456,#464));
#438 = ORIENTED_EDGE('',*,*,#439,.F.);
#439 = EDGE_CURVE('',#440,#442,#444,.T.);
#440 = VERTEX_POINT('',#441);
#441 = CARTESIAN_POINT('',(-3.75,-41.,34.));
#442 = VERTEX_POINT('',#443);
#443 = CARTESIAN_POINT('',(-3.75,-41.,41.5));
#444 = LINE('',#445,#446);
#445 = CARTESIAN_POINT('',(-3.75,-41.,34.));
#446 = VECTOR('',#447,1.);
#447 = DIRECTION('',(0.,0.,1.));
#448 = ORIENTED_EDGE('',*,*,#449,.T.);
#449 = EDGE_CURVE('',#440,#450,#452,.T.);
#450 = VERTEX_POINT('',#451);
#451 = CARTESIAN_POINT('',(3.75,-41.,34.));
#452 = LINE('',#453,#454);
#453 = CARTESIAN_POINT('',(-3.75,-41.,34.));
#454 = VECTOR('',#455,1.);
#455 = DIRECTION('',(1.,0.,0.));
#456 = ORIENTED_EDGE('',*,*,#457,.T.);
#457 = EDGE_CURVE('',#450,#458,#460,.T.);
#458 = VERTEX_POINT('',#459);
#459 = CARTESIAN_POINT('',(3.75,-41.,41.5));
#460 = LINE('',#461,#462);
#461 = CARTESIAN_POINT('',(3.75,-41.,34.));
#462 = VECTOR('',#463,1.);
#463 = DIRECTION('',(0.,0.,1.));
#464 = ORIENTED_EDGE('',*,*,#465,.F.);
#465 = EDGE_CURVE('',#442,#458,#466,.T.);
#466 = LINE('',#467,#468);
#467 = CARTESIAN_POINT('',(-3.75,-41.,41.5));
#468 = VECTOR('',#469,1.);
#469 = DIRECTION('',(1.,0.,0.));
#470 = PLANE('',#471);
#471 = AXIS2_PLACEMENT_3D('',#472,#473,#474);
#472 = CARTESIAN_POINT('',(-9.,-41.,0.));
#473 = DIRECTION('',(0.,1.,0.));
#474 = DIRECTION('',(0.,0.,1.));
#475 = ADVANCED_FACE('',(#476),#510,.F.);
#476 = FACE_BOUND('',#477,.F.);
#477 = EDGE_LOOP('',(#478,#479,#480,#488,#496,#502,#503,#504));
#478 = ORIENTED_EDGE('',*,*,#153,.F.);
#479 = ORIENTED_EDGE('',*,*,#391,.T.);
#480 = ORIENTED_EDGE('',*,*,#481,.T.);
#481 = EDGE_CURVE('',#392,#482,#484,.T.);
#482 = VERTEX_POINT('',#483);
#483 = CARTESIAN_POINT('',(-4.5,-24.,0.));
#484 = LINE('',#485,#486);
#485 = CARTESIAN_POINT('',(-4.5,-41.,0.));
#486 = VECTOR('',#487,1.);
#487 = DIRECTION('',(0.,1.,0.));
#488 = ORIENTED_EDGE('',*,*,#489,.T.);
#489 = EDGE_CURVE('',#482,#490,#492,.T.);
#490 = VERTEX_POINT('',#491);
#491 = CARTESIAN_POINT('',(4.5,-24.,0.));
#492 = LINE('',#493,#494);
#493 = CARTESIAN_POINT('',(-4.5,-24.,0.));
#494 = VECTOR('',#495,1.);
#495 = DIRECTION('',(1.,0.,0.));
#496 = ORIENTED_EDGE('',*,*,#497,.F.);
#497 = EDGE_CURVE('',#408,#490,#498,.T.);
#498 = LINE('',#499,#500);
#499 = CARTESIAN_POINT('',(4.5,-41.,0.));
#500 = VECTOR('',#501,1.);
#501 = DIRECTION('',(0.,1.,0.));
#502 = ORIENTED_EDGE('',*,*,#407,.T.);
#503 = ORIENTED_EDGE('',*,*,#267,.T.);
#504 = ORIENTED_EDGE('',*,*,#505,.F.);
#505 = EDGE_CURVE('',#146,#268,#506,.T.);
#506 = LINE('',#507,#508);
#507 = CARTESIAN_POINT('',(-9.,-17.6,0.));
#508 = VECTOR('',#509,1.);
#509 = DIRECTION('',(1.,0.,0.));
#510 = PLANE('',#511);
#511 = AXIS2_PLACEMENT_3D('',#512,#513,#514);
#512 = CARTESIAN_POINT('',(-9.,-41.,0.));
#513 = DIRECTION('',(0.,0.,1.));
#514 = DIRECTION('',(1.,0.,0.));
#515 = ADVANCED_FACE('',(#516),#527,.T.);
#516 = FACE_BOUND('',#517,.T.);
#517 = EDGE_LOOP('',(#518,#519,#520,#526));
#518 = ORIENTED_EDGE('',*,*,#505,.F.);
#519 = ORIENTED_EDGE('',*,*,#145,.T.);
#520 = ORIENTED_EDGE('',*,*,#521,.T.);
#521 = EDGE_CURVE('',#138,#276,#522,.T.);
#522 = LINE('',#523,#524);
#523 = CARTESIAN_POINT('',(-9.,-17.6,1.2));
#524 = VECTOR('',#525,1.);
#525 = DIRECTION('',(1.,0.,0.));
#526 = ORIENTED_EDGE('',*,*,#275,.F.);
#527 = PLANE('',#528);
#528 = AXIS2_PLACEMENT_3D('',#529,#530,#531);
#529 = CARTESIAN_POINT('',(-9.,-17.6,0.));
#530 = DIRECTION('',(0.,1.,0.));
#531 = DIRECTION('',(0.,0.,1.));
#532 = ADVANCED_FACE('',(#533),#544,.F.);
#533 = FACE_BOUND('',#534,.F.);
#534 = EDGE_LOOP('',(#535,#536,#537,#538));
#535 = ORIENTED_EDGE('',*,*,#137,.F.);
#536 = ORIENTED_EDGE('',*,*,#521,.T.);
#537 = ORIENTED_EDGE('',*,*,#283,.T.);
#538 = ORIENTED_EDGE('',*,*,#539,.F.);
#539 = EDGE_CURVE('',#130,#284,#540,.T.);
#540 = LINE('',#541,#542);
#541 = CARTESIAN_POINT('',(-9.,17.6,1.2));
#542 = VECTOR('',#543,1.);
#543 = DIRECTION('',(1.,0.,0.));
#544 = PLANE('',#545);
#545 = AXIS2_PLACEMENT_3D('',#546,#547,#548);
#546 = CARTESIAN_POINT('',(-9.,-17.6,1.2));
#547 = DIRECTION('',(0.,0.,1.));
#548 = DIRECTION('',(1.,0.,0.));
#549 = ADVANCED_FACE('',(#550),#561,.F.);
#550 = FACE_BOUND('',#551,.F.);
#551 = EDGE_LOOP('',(#552,#558,#559,#560));
#552 = ORIENTED_EDGE('',*,*,#553,.F.);
#553 = EDGE_CURVE('',#122,#292,#554,.T.);
#554 = LINE('',#555,#556);
#555 = CARTESIAN_POINT('',(-9.,17.6,0.));
#556 = VECTOR('',#557,1.);
#557 = DIRECTION('',(1.,0.,0.));
#558 = ORIENTED_EDGE('',*,*,#129,.T.);
#559 = ORIENTED_EDGE('',*,*,#539,.T.);
#560 = ORIENTED_EDGE('',*,*,#291,.F.);
#561 = PLANE('',#562);
#562 = AXIS2_PLACEMENT_3D('',#563,#564,#565);
#563 = CARTESIAN_POINT('',(-9.,17.6,0.));
#564 = DIRECTION('',(0.,1.,0.));
#565 = DIRECTION('',(0.,0.,1.));
#566 = ADVANCED_FACE('',(#567),#573,.F.);
#567 = FACE_BOUND('',#568,.F.);
#568 = EDGE_LOOP('',(#569,#570,#571,#572));
#569 = ORIENTED_EDGE('',*,*,#121,.F.);
#570 = ORIENTED_EDGE('',*,*,#553,.T.);
#571 = ORIENTED_EDGE('',*,*,#299,.T.);
#572 = ORIENTED_EDGE('',*,*,#191,.F.);
#573 = PLANE('',#574);
#574 = AXIS2_PLACEMENT_3D('',#575,#576,#577);
#575 = CARTESIAN_POINT('',(-9.,-41.,0.));
#576 = DIRECTION('',(0.,0.,1.));
#577 = DIRECTION('',(1.,0.,0.));
#578 = ADVANCED_FACE('',(#579,#590,#624),#658,.T.);
#579 = FACE_BOUND('',#580,.T.);
#580 = EDGE_LOOP('',(#581,#582,#588,#589));
#581 = ORIENTED_EDGE('',*,*,#98,.F.);
#582 = ORIENTED_EDGE('',*,*,#583,.T.);
#583 = EDGE_CURVE('',#91,#309,#584,.T.);
#584 = LINE('',#585,#586);
#585 = CARTESIAN_POINT('',(-9.,-22.5,64.5));
#586 = VECTOR('',#587,1.);
#587 = DIRECTION('',(1.,0.,0.));
#588 = ORIENTED_EDGE('',*,*,#308,.T.);
#589 = ORIENTED_EDGE('',*,*,#169,.F.);
#590 = FACE_BOUND('',#591,.T.);
#591 = EDGE_LOOP('',(#592,#602,#610,#618));
#592 = ORIENTED_EDGE('',*,*,#593,.F.);
#593 = EDGE_CURVE('',#594,#596,#598,.T.);
#594 = VERTEX_POINT('',#595);
#595 = CARTESIAN_POINT('',(-6.5,-16.,64.5));
#596 = VERTEX_POINT('',#597);
#597 = CARTESIAN_POINT('',(6.5,-16.,64.5));
#598 = LINE('',#599,#600);
#599 = CARTESIAN_POINT('',(-6.5,-16.,64.5));
#600 = VECTOR('',#601,1.);
#601 = DIRECTION('',(1.,0.,0.));
#602 = ORIENTED_EDGE('',*,*,#603,.T.);
#603 = EDGE_CURVE('',#594,#604,#606,.T.);
#604 = VERTEX_POINT('',#605);
#605 = CARTESIAN_POINT('',(-6.5,2.,64.5));
#606 = LINE('',#607,#608);
#607 = CARTESIAN_POINT('',(-6.5,-16.,64.5));
#608 = VECTOR('',#609,1.);
#609 = DIRECTION('',(0.,1.,0.));
#610 = ORIENTED_EDGE('',*,*,#611,.T.);
#611 = EDGE_CURVE('',#604,#612,#614,.T.);
#612 = VERTEX_POINT('',#613);
#613 = CARTESIAN_POINT('',(6.5,2.,64.5));
#614 = LINE('',#615,#616);
#615 = CARTESIAN_POINT('',(-6.5,2.,64.5));
#616 = VECTOR('',#617,1.);
#617 = DIRECTION('',(1.,0.,0.));
#618 = ORIENTED_EDGE('',*,*,#619,.F.);
#619 = EDGE_CURVE('',#596,#612,#620,.T.);
#620 = LINE('',#621,#622);
#621 = CARTESIAN_POINT('',(6.5,-16.,64.5));
#622 = VECTOR('',#623,1.);
#623 = DIRECTION('',(0.,1.,0.));
#624 = FACE_BOUND('',#625,.T.);
#625 = EDGE_LOOP('',(#626,#636,#644,#652));
#626 = ORIENTED_EDGE('',*,*,#627,.F.);
#627 = EDGE_CURVE('',#628,#630,#632,.T.);
#628 = VERTEX_POINT('',#629);
#629 = CARTESIAN_POINT('',(-3.,6.5,64.5));
#630 = VERTEX_POINT('',#631);
#631 = CARTESIAN_POINT('',(3.,6.5,64.5));
#632 = LINE('',#633,#634);
#633 = CARTESIAN_POINT('',(-3.,6.5,64.5));
#634 = VECTOR('',#635,1.);
#635 = DIRECTION('',(1.,0.,0.));
#636 = ORIENTED_EDGE('',*,*,#637,.T.);
#637 = EDGE_CURVE('',#628,#638,#640,.T.);
#638 = VERTEX_POINT('',#639);
#639 = CARTESIAN_POINT('',(-3.,9.5,64.5));
#640 = LINE('',#641,#642);
#641 = CARTESIAN_POINT('',(-3.,6.5,64.5));
#642 = VECTOR('',#643,1.);
#643 = DIRECTION('',(0.,1.,0.));
#644 = ORIENTED_EDGE('',*,*,#645,.T.);
#645 = EDGE_CURVE('',#638,#646,#648,.T.);
#646 = VERTEX_POINT('',#647);
#647 = CARTESIAN_POINT('',(3.,9.5,64.5));
#648 = LINE('',#649,#650);
#649 = CARTESIAN_POINT('',(-3.,9.5,64.5));
#650 = VECTOR('',#651,1.);
#651 = DIRECTION('',(1.,0.,0.));
#652 = ORIENTED_EDGE('',*,*,#653,.F.);
#653 = EDGE_CURVE('',#630,#646,#654,.T.);
#654 = LINE('',#655,#656);
#655 = CARTESIAN_POINT('',(3.,6.5,64.5));
#656 = VECTOR('',#657,1.);
#657 = DIRECTION('',(0.,1.,0.));
#658 = PLANE('',#659);
#659 = AXIS2_PLACEMENT_3D('',#660,#661,#662);
#660 = CARTESIAN_POINT('',(-9.,-22.5,64.5));
#661 = DIRECTION('',(0.,0.,1.));
#662 = DIRECTION('',(1.,0.,0.));
#663 = ADVANCED_FACE('',(#664),#675,.F.);
#664 = FACE_BOUND('',#665,.F.);
#665 = EDGE_LOOP('',(#666,#672,#673,#674));
#666 = ORIENTED_EDGE('',*,*,#667,.F.);
#667 = EDGE_CURVE('',#83,#252,#668,.T.);
#668 = LINE('',#669,#670);
#669 = CARTESIAN_POINT('',(-9.,-22.5,48.5));
#670 = VECTOR('',#671,1.);
#671 = DIRECTION('',(1.,0.,0.));
#672 = ORIENTED_EDGE('',*,*,#90,.T.);
#673 = ORIENTED_EDGE('',*,*,#583,.T.);
#674 = ORIENTED_EDGE('',*,*,#316,.F.);
#675 = PLANE('',#676);
#676 = AXIS2_PLACEMENT_3D('',#677,#678,#679);
#677 = CARTESIAN_POINT('',(-9.,-22.5,48.5));
#678 = DIRECTION('',(0.,1.,0.));
#679 = DIRECTION('',(0.,0.,1.));
#680 = ADVANCED_FACE('',(#681,#687),#698,.T.);
#681 = FACE_BOUND('',#682,.T.);
#682 = EDGE_LOOP('',(#683,#684,#685,#686));
#683 = ORIENTED_EDGE('',*,*,#82,.F.);
#684 = ORIENTED_EDGE('',*,*,#400,.T.);
#685 = ORIENTED_EDGE('',*,*,#249,.T.);
#686 = ORIENTED_EDGE('',*,*,#667,.F.);
#687 = FACE_BOUND('',#688,.T.);
#688 = EDGE_LOOP('',(#689));
#689 = ORIENTED_EDGE('',*,*,#690,.F.);
#690 = EDGE_CURVE('',#691,#691,#693,.T.);
#691 = VERTEX_POINT('',#692);
#692 = CARTESIAN_POINT('',(4.,-34.,48.5));
#693 = CIRCLE('',#694,4.);
#694 = AXIS2_PLACEMENT_3D('',#695,#696,#697);
#695 = CARTESIAN_POINT('',(0.,-34.,48.5));
#696 = DIRECTION('',(0.,0.,1.));
#697 = DIRECTION('',(1.,0.,0.));
#698 = PLANE('',#699);
#699 = AXIS2_PLACEMENT_3D('',#700,#701,#702);
#700 = CARTESIAN_POINT('',(-9.,-41.,48.5));
#701 = DIRECTION('',(0.,0.,1.));
#702 = DIRECTION('',(1.,0.,0.));
#703 = ADVANCED_FACE('',(#704),#741,.T.);
#704 = FACE_BOUND('',#705,.T.);
#705 = EDGE_LOOP('',(#706,#716,#722,#723,#729,#735));
#706 = ORIENTED_EDGE('',*,*,#707,.F.);
#707 = EDGE_CURVE('',#708,#710,#712,.T.);
#708 = VERTEX_POINT('',#709);
#709 = CARTESIAN_POINT('',(-3.75,27.,34.));
#710 = VERTEX_POINT('',#711);
#711 = CARTESIAN_POINT('',(-3.75,27.,41.5));
#712 = LINE('',#713,#714);
#713 = CARTESIAN_POINT('',(-3.75,27.,34.));
#714 = VECTOR('',#715,1.);
#715 = DIRECTION('',(0.,0.,1.));
#716 = ORIENTED_EDGE('',*,*,#717,.T.);
#717 = EDGE_CURVE('',#708,#210,#718,.T.);
#718 = LINE('',#719,#720);
#719 = CARTESIAN_POINT('',(-3.75,27.,34.));
#720 = VECTOR('',#721,1.);
#721 = DIRECTION('',(0.,1.,0.));
#722 = ORIENTED_EDGE('',*,*,#209,.T.);
#723 = ORIENTED_EDGE('',*,*,#724,.F.);
#724 = EDGE_CURVE('',#350,#212,#725,.T.);
#725 = LINE('',#726,#727);
#726 = CARTESIAN_POINT('',(-3.75,27.,41.5));
#727 = VECTOR('',#728,1.);
#728 = DIRECTION('',(0.,1.,0.));
#729 = ORIENTED_EDGE('',*,*,#730,.F.);
#730 = EDGE_CURVE('',#359,#350,#731,.T.);
#731 = LINE('',#732,#733);
#732 = CARTESIAN_POINT('',(-3.75,27.,41.5));
#733 = VECTOR('',#734,1.);
#734 = DIRECTION('',(0.,1.,0.));
#735 = ORIENTED_EDGE('',*,*,#736,.F.);
#736 = EDGE_CURVE('',#710,#359,#737,.T.);
#737 = LINE('',#738,#739);
#738 = CARTESIAN_POINT('',(-3.75,27.,41.5));
#739 = VECTOR('',#740,1.);
#740 = DIRECTION('',(0.,1.,0.));
#741 = PLANE('',#742);
#742 = AXIS2_PLACEMENT_3D('',#743,#744,#745);
#743 = CARTESIAN_POINT('',(-3.75,27.,34.));
#744 = DIRECTION('',(1.,0.,0.));
#745 = DIRECTION('',(0.,0.,1.));
#746 = ADVANCED_FACE('',(#747),#758,.F.);
#747 = FACE_BOUND('',#748,.F.);
#748 = EDGE_LOOP('',(#749,#750,#751,#757));
#749 = ORIENTED_EDGE('',*,*,#724,.F.);
#750 = ORIENTED_EDGE('',*,*,#349,.F.);
#751 = ORIENTED_EDGE('',*,*,#752,.T.);
#752 = EDGE_CURVE('',#341,#228,#753,.T.);
#753 = LINE('',#754,#755);
#754 = CARTESIAN_POINT('',(3.75,27.,41.5));
#755 = VECTOR('',#756,1.);
#756 = DIRECTION('',(0.,1.,0.));
#757 = ORIENTED_EDGE('',*,*,#235,.F.);
#758 = PLANE('',#759);
#759 = AXIS2_PLACEMENT_3D('',#760,#761,#762);
#760 = CARTESIAN_POINT('',(-3.75,27.,41.5));
#761 = DIRECTION('',(0.,0.,1.));
#762 = DIRECTION('',(1.,0.,0.));
#763 = ADVANCED_FACE('',(#764),#796,.F.);
#764 = FACE_BOUND('',#765,.F.);
#765 = EDGE_LOOP('',(#766,#776,#782,#783,#784,#790));
#766 = ORIENTED_EDGE('',*,*,#767,.F.);
#767 = EDGE_CURVE('',#768,#770,#772,.T.);
#768 = VERTEX_POINT('',#769);
#769 = CARTESIAN_POINT('',(3.75,27.,34.));
#770 = VERTEX_POINT('',#771);
#771 = CARTESIAN_POINT('',(3.75,27.,41.5));
#772 = LINE('',#773,#774);
#773 = CARTESIAN_POINT('',(3.75,27.,34.));
#774 = VECTOR('',#775,1.);
#775 = DIRECTION('',(0.,0.,1.));
#776 = ORIENTED_EDGE('',*,*,#777,.T.);
#777 = EDGE_CURVE('',#768,#220,#778,.T.);
#778 = LINE('',#779,#780);
#779 = CARTESIAN_POINT('',(3.75,27.,34.));
#780 = VECTOR('',#781,1.);
#781 = DIRECTION('',(0.,1.,0.));
#782 = ORIENTED_EDGE('',*,*,#227,.T.);
#783 = ORIENTED_EDGE('',*,*,#752,.F.);
#784 = ORIENTED_EDGE('',*,*,#785,.F.);
#785 = EDGE_CURVE('',#368,#341,#786,.T.);
#786 = LINE('',#787,#788);
#787 = CARTESIAN_POINT('',(3.75,27.,41.5));
#788 = VECTOR('',#789,1.);
#789 = DIRECTION('',(0.,1.,0.));
#790 = ORIENTED_EDGE('',*,*,#791,.F.);
#791 = EDGE_CURVE('',#770,#368,#792,.T.);
#792 = LINE('',#793,#794);
#793 = CARTESIAN_POINT('',(3.75,27.,41.5));
#794 = VECTOR('',#795,1.);
#795 = DIRECTION('',(0.,1.,0.));
#796 = PLANE('',#797);
#797 = AXIS2_PLACEMENT_3D('',#798,#799,#800);
#798 = CARTESIAN_POINT('',(3.75,27.,34.));
#799 = DIRECTION('',(1.,0.,0.));
#800 = DIRECTION('',(0.,0.,1.));
#801 = ADVANCED_FACE('',(#802),#813,.T.);
#802 = FACE_BOUND('',#803,.T.);
#803 = EDGE_LOOP('',(#804,#805,#811,#812));
#804 = ORIENTED_EDGE('',*,*,#717,.F.);
#805 = ORIENTED_EDGE('',*,*,#806,.T.);
#806 = EDGE_CURVE('',#708,#768,#807,.T.);
#807 = LINE('',#808,#809);
#808 = CARTESIAN_POINT('',(-3.75,27.,34.));
#809 = VECTOR('',#810,1.);
#810 = DIRECTION('',(1.,0.,0.));
#811 = ORIENTED_EDGE('',*,*,#777,.T.);
#812 = ORIENTED_EDGE('',*,*,#219,.F.);
#813 = PLANE('',#814);
#814 = AXIS2_PLACEMENT_3D('',#815,#816,#817);
#815 = CARTESIAN_POINT('',(-3.75,27.,34.));
#816 = DIRECTION('',(0.,0.,1.));
#817 = DIRECTION('',(1.,0.,0.));
#818 = ADVANCED_FACE('',(#819),#824,.T.);
#819 = FACE_BOUND('',#820,.T.);
#820 = EDGE_LOOP('',(#821,#822,#823));
#821 = ORIENTED_EDGE('',*,*,#376,.T.);
#822 = ORIENTED_EDGE('',*,*,#340,.T.);
#823 = ORIENTED_EDGE('',*,*,#785,.F.);
#824 = PLANE('',#825);
#825 = AXIS2_PLACEMENT_3D('',#826,#827,#828);
#826 = CARTESIAN_POINT('',(0.,34.,41.5));
#827 = DIRECTION('',(0.,0.,1.));
#828 = DIRECTION('',(1.,0.,0.));
#829 = ADVANCED_FACE('',(#830),#841,.F.);
#830 = FACE_BOUND('',#831,.F.);
#831 = EDGE_LOOP('',(#832,#833,#839,#840));
#832 = ORIENTED_EDGE('',*,*,#736,.F.);
#833 = ORIENTED_EDGE('',*,*,#834,.T.);
#834 = EDGE_CURVE('',#710,#770,#835,.T.);
#835 = LINE('',#836,#837);
#836 = CARTESIAN_POINT('',(-3.75,27.,41.5));
#837 = VECTOR('',#838,1.);
#838 = DIRECTION('',(1.,0.,0.));
#839 = ORIENTED_EDGE('',*,*,#791,.T.);
#840 = ORIENTED_EDGE('',*,*,#367,.F.);
#841 = PLANE('',#842);
#842 = AXIS2_PLACEMENT_3D('',#843,#844,#845);
#843 = CARTESIAN_POINT('',(-3.75,27.,41.5));
#844 = DIRECTION('',(0.,0.,1.));
#845 = DIRECTION('',(1.,0.,0.));
#846 = ADVANCED_FACE('',(#847),#851,.T.);
#847 = FACE_BOUND('',#848,.T.);
#848 = EDGE_LOOP('',(#849,#850));
#849 = ORIENTED_EDGE('',*,*,#730,.T.);
#850 = ORIENTED_EDGE('',*,*,#358,.T.);
#851 = PLANE('',#852);
#852 = AXIS2_PLACEMENT_3D('',#853,#854,#855);
#853 = CARTESIAN_POINT('',(0.,34.,41.5));
#854 = DIRECTION('',(0.,0.,1.));
#855 = DIRECTION('',(1.,0.,0.));
#856 = ADVANCED_FACE('',(#857),#875,.T.);
#857 = FACE_BOUND('',#858,.T.);
#858 = EDGE_LOOP('',(#859,#860,#861,#869));
#859 = ORIENTED_EDGE('',*,*,#431,.F.);
#860 = ORIENTED_EDGE('',*,*,#481,.T.);
#861 = ORIENTED_EDGE('',*,*,#862,.T.);
#862 = EDGE_CURVE('',#482,#863,#865,.T.);
#863 = VERTEX_POINT('',#864);
#864 = CARTESIAN_POINT('',(-4.5,-24.,3.));
#865 = LINE('',#866,#867);
#866 = CARTESIAN_POINT('',(-4.5,-24.,0.));
#867 = VECTOR('',#868,1.);
#868 = DIRECTION('',(0.,0.,1.));
#869 = ORIENTED_EDGE('',*,*,#870,.F.);
#870 = EDGE_CURVE('',#424,#863,#871,.T.);
#871 = LINE('',#872,#873);
#872 = CARTESIAN_POINT('',(-4.5,-41.,3.));
#873 = VECTOR('',#874,1.);
#874 = DIRECTION('',(0.,1.,0.));
#875 = PLANE('',#876);
#876 = AXIS2_PLACEMENT_3D('',#877,#878,#879);
#877 = CARTESIAN_POINT('',(-4.5,-41.,0.));
#878 = DIRECTION('',(1.,0.,0.));
#879 = DIRECTION('',(0.,0.,1.));
#880 = ADVANCED_FACE('',(#881),#899,.F.);
#881 = FACE_BOUND('',#882,.F.);
#882 = EDGE_LOOP('',(#883,#884,#885,#893));
#883 = ORIENTED_EDGE('',*,*,#870,.F.);
#884 = ORIENTED_EDGE('',*,*,#423,.T.);
#885 = ORIENTED_EDGE('',*,*,#886,.T.);
#886 = EDGE_CURVE('',#416,#887,#889,.T.);
#887 = VERTEX_POINT('',#888);
#888 = CARTESIAN_POINT('',(4.5,-24.,3.));
#889 = LINE('',#890,#891);
#890 = CARTESIAN_POINT('',(4.5,-41.,3.));
#891 = VECTOR('',#892,1.);
#892 = DIRECTION('',(0.,1.,0.));
#893 = ORIENTED_EDGE('',*,*,#894,.F.);
#894 = EDGE_CURVE('',#863,#887,#895,.T.);
#895 = LINE('',#896,#897);
#896 = CARTESIAN_POINT('',(-4.5,-24.,3.));
#897 = VECTOR('',#898,1.);
#898 = DIRECTION('',(1.,0.,0.));
#899 = PLANE('',#900);
#900 = AXIS2_PLACEMENT_3D('',#901,#902,#903);
#901 = CARTESIAN_POINT('',(-4.5,-41.,3.));
#902 = DIRECTION('',(0.,0.,1.));
#903 = DIRECTION('',(1.,0.,0.));
#904 = ADVANCED_FACE('',(#905),#916,.F.);
#905 = FACE_BOUND('',#906,.F.);
#906 = EDGE_LOOP('',(#907,#908,#909,#915));
#907 = ORIENTED_EDGE('',*,*,#415,.F.);
#908 = ORIENTED_EDGE('',*,*,#497,.T.);
#909 = ORIENTED_EDGE('',*,*,#910,.T.);
#910 = EDGE_CURVE('',#490,#887,#911,.T.);
#911 = LINE('',#912,#913);
#912 = CARTESIAN_POINT('',(4.5,-24.,0.));
#913 = VECTOR('',#914,1.);
#914 = DIRECTION('',(0.,0.,1.));
#915 = ORIENTED_EDGE('',*,*,#886,.F.);
#916 = PLANE('',#917);
#917 = AXIS2_PLACEMENT_3D('',#918,#919,#920);
#918 = CARTESIAN_POINT('',(4.5,-41.,0.));
#919 = DIRECTION('',(1.,0.,0.));
#920 = DIRECTION('',(0.,0.,1.));
#921 = ADVANCED_FACE('',(#922),#963,.T.);
#922 = FACE_BOUND('',#923,.T.);
#923 = EDGE_LOOP('',(#924,#925,#933,#941,#949,#957));
#924 = ORIENTED_EDGE('',*,*,#439,.F.);
#925 = ORIENTED_EDGE('',*,*,#926,.T.);
#926 = EDGE_CURVE('',#440,#927,#929,.T.);
#927 = VERTEX_POINT('',#928);
#928 = CARTESIAN_POINT('',(-3.75,-27.,34.));
#929 = LINE('',#930,#931);
#930 = CARTESIAN_POINT('',(-3.75,-41.,34.));
#931 = VECTOR('',#932,1.);
#932 = DIRECTION('',(0.,1.,0.));
#933 = ORIENTED_EDGE('',*,*,#934,.T.);
#934 = EDGE_CURVE('',#927,#935,#937,.T.);
#935 = VERTEX_POINT('',#936);
#936 = CARTESIAN_POINT('',(-3.75,-27.,41.5));
#937 = LINE('',#938,#939);
#938 = CARTESIAN_POINT('',(-3.75,-27.,34.));
#939 = VECTOR('',#940,1.);
#940 = DIRECTION('',(0.,0.,1.));
#941 = ORIENTED_EDGE('',*,*,#942,.F.);
#942 = EDGE_CURVE('',#943,#935,#945,.T.);
#943 = VERTEX_POINT('',#944);
#944 = CARTESIAN_POINT('',(-3.75,-32.60805890929,41.5));
#945 = LINE('',#946,#947);
#946 = CARTESIAN_POINT('',(-3.75,-41.,41.5));
#947 = VECTOR('',#948,1.);
#948 = DIRECTION('',(0.,1.,0.));
#949 = ORIENTED_EDGE('',*,*,#950,.F.);
#950 = EDGE_CURVE('',#951,#943,#953,.T.);
#951 = VERTEX_POINT('',#952);
#952 = CARTESIAN_POINT('',(-3.75,-35.3919410907,41.5));
#953 = LINE('',#954,#955);
#954 = CARTESIAN_POINT('',(-3.75,-41.,41.5));
#955 = VECTOR('',#956,1.);
#956 = DIRECTION('',(0.,1.,0.));
#957 = ORIENTED_EDGE('',*,*,#958,.F.);
#958 = EDGE_CURVE('',#442,#951,#959,.T.);
#959 = LINE('',#960,#961);
#960 = CARTESIAN_POINT('',(-3.75,-41.,41.5));
#961 = VECTOR('',#962,1.);
#962 = DIRECTION('',(0.,1.,0.));
#963 = PLANE('',#964);
#964 = AXIS2_PLACEMENT_3D('',#965,#966,#967);
#965 = CARTESIAN_POINT('',(-3.75,-41.,34.));
#966 = DIRECTION('',(1.,0.,0.));
#967 = DIRECTION('',(0.,0.,1.));
#968 = ADVANCED_FACE('',(#969),#988,.F.);
#969 = FACE_BOUND('',#970,.F.);
#970 = EDGE_LOOP('',(#971,#972,#973,#981));
#971 = ORIENTED_EDGE('',*,*,#958,.F.);
#972 = ORIENTED_EDGE('',*,*,#465,.T.);
#973 = ORIENTED_EDGE('',*,*,#974,.T.);
#974 = EDGE_CURVE('',#458,#975,#977,.T.);
#975 = VERTEX_POINT('',#976);
#976 = CARTESIAN_POINT('',(3.75,-35.3919410907,41.5));
#977 = LINE('',#978,#979);
#978 = CARTESIAN_POINT('',(3.75,-41.,41.5));
#979 = VECTOR('',#980,1.);
#980 = DIRECTION('',(0.,1.,0.));
#981 = ORIENTED_EDGE('',*,*,#982,.F.);
#982 = EDGE_CURVE('',#951,#975,#983,.T.);
#983 = CIRCLE('',#984,4.);
#984 = AXIS2_PLACEMENT_3D('',#985,#986,#987);
#985 = CARTESIAN_POINT('',(0.,-34.,41.5));
#986 = DIRECTION('',(0.,0.,1.));
#987 = DIRECTION('',(1.,0.,0.));
#988 = PLANE('',#989);
#989 = AXIS2_PLACEMENT_3D('',#990,#991,#992);
#990 = CARTESIAN_POINT('',(-3.75,-41.,41.5));
#991 = DIRECTION('',(0.,0.,1.));
#992 = DIRECTION('',(1.,0.,0.));
#993 = ADVANCED_FACE('',(#994),#1028,.F.);
#994 = FACE_BOUND('',#995,.F.);
#995 = EDGE_LOOP('',(#996,#997,#1005,#1013,#1021,#1027));
#996 = ORIENTED_EDGE('',*,*,#457,.F.);
#997 = ORIENTED_EDGE('',*,*,#998,.T.);
#998 = EDGE_CURVE('',#450,#999,#1001,.T.);
#999 = VERTEX_POINT('',#1000);
#1000 = CARTESIAN_POINT('',(3.75,-27.,34.));
#1001 = LINE('',#1002,#1003);
#1002 = CARTESIAN_POINT('',(3.75,-41.,34.));
#1003 = VECTOR('',#1004,1.);
#1004 = DIRECTION('',(0.,1.,0.));
#1005 = ORIENTED_EDGE('',*,*,#1006,.T.);
#1006 = EDGE_CURVE('',#999,#1007,#1009,.T.);
#1007 = VERTEX_POINT('',#1008);
#1008 = CARTESIAN_POINT('',(3.75,-27.,41.5));
#1009 = LINE('',#1010,#1011);
#1010 = CARTESIAN_POINT('',(3.75,-27.,34.));
#1011 = VECTOR('',#1012,1.);
#1012 = DIRECTION('',(0.,0.,1.));
#1013 = ORIENTED_EDGE('',*,*,#1014,.F.);
#1014 = EDGE_CURVE('',#1015,#1007,#1017,.T.);
#1015 = VERTEX_POINT('',#1016);
#1016 = CARTESIAN_POINT('',(3.75,-32.60805890929,41.5));
#1017 = LINE('',#1018,#1019);
#1018 = CARTESIAN_POINT('',(3.75,-41.,41.5));
#1019 = VECTOR('',#1020,1.);
#1020 = DIRECTION('',(0.,1.,0.));
#1021 = ORIENTED_EDGE('',*,*,#1022,.F.);
#1022 = EDGE_CURVE('',#975,#1015,#1023,.T.);
#1023 = LINE('',#1024,#1025);
#1024 = CARTESIAN_POINT('',(3.75,-41.,41.5));
#1025 = VECTOR('',#1026,1.);
#1026 = DIRECTION('',(0.,1.,0.));
#1027 = ORIENTED_EDGE('',*,*,#974,.F.);
#1028 = PLANE('',#1029);
#1029 = AXIS2_PLACEMENT_3D('',#1030,#1031,#1032);
#1030 = CARTESIAN_POINT('',(3.75,-41.,34.));
#1031 = DIRECTION('',(1.,0.,0.));
#1032 = DIRECTION('',(0.,0.,1.));
#1033 = ADVANCED_FACE('',(#1034),#1045,.T.);
#1034 = FACE_BOUND('',#1035,.T.);
#1035 = EDGE_LOOP('',(#1036,#1037,#1038,#1039));
#1036 = ORIENTED_EDGE('',*,*,#926,.F.);
#1037 = ORIENTED_EDGE('',*,*,#449,.T.);
#1038 = ORIENTED_EDGE('',*,*,#998,.T.);
#1039 = ORIENTED_EDGE('',*,*,#1040,.F.);
#1040 = EDGE_CURVE('',#927,#999,#1041,.T.);
#1041 = LINE('',#1042,#1043);
#1042 = CARTESIAN_POINT('',(-3.75,-27.,34.));
#1043 = VECTOR('',#1044,1.);
#1044 = DIRECTION('',(1.,0.,0.));
#1045 = PLANE('',#1046);
#1046 = AXIS2_PLACEMENT_3D('',#1047,#1048,#1049);
#1047 = CARTESIAN_POINT('',(-3.75,-41.,34.));
#1048 = DIRECTION('',(0.,0.,1.));
#1049 = DIRECTION('',(1.,0.,0.));
#1050 = ADVANCED_FACE('',(#1051),#1057,.F.);
#1051 = FACE_BOUND('',#1052,.F.);
#1052 = EDGE_LOOP('',(#1053,#1054,#1055,#1056));
#1053 = ORIENTED_EDGE('',*,*,#489,.F.);
#1054 = ORIENTED_EDGE('',*,*,#862,.T.);
#1055 = ORIENTED_EDGE('',*,*,#894,.T.);
#1056 = ORIENTED_EDGE('',*,*,#910,.F.);
#1057 = PLANE('',#1058);
#1058 = AXIS2_PLACEMENT_3D('',#1059,#1060,#1061);
#1059 = CARTESIAN_POINT('',(-4.5,-24.,0.));
#1060 = DIRECTION('',(0.,1.,0.));
#1061 = DIRECTION('',(0.,0.,1.));
#1062 = ADVANCED_FACE('',(#1063),#1088,.T.);
#1063 = FACE_BOUND('',#1064,.T.);
#1064 = EDGE_LOOP('',(#1065,#1075,#1081,#1082));
#1065 = ORIENTED_EDGE('',*,*,#1066,.F.);
#1066 = EDGE_CURVE('',#1067,#1069,#1071,.T.);
#1067 = VERTEX_POINT('',#1068);
#1068 = CARTESIAN_POINT('',(-6.5,-16.,58.5));
#1069 = VERTEX_POINT('',#1070);
#1070 = CARTESIAN_POINT('',(6.5,-16.,58.5));
#1071 = LINE('',#1072,#1073);
#1072 = CARTESIAN_POINT('',(-6.5,-16.,58.5));
#1073 = VECTOR('',#1074,1.);
#1074 = DIRECTION('',(1.,0.,0.));
#1075 = ORIENTED_EDGE('',*,*,#1076,.T.);
#1076 = EDGE_CURVE('',#1067,#594,#1077,.T.);
#1077 = LINE('',#1078,#1079);
#1078 = CARTESIAN_POINT('',(-6.5,-16.,58.5));
#1079 = VECTOR('',#1080,1.);
#1080 = DIRECTION('',(0.,0.,1.));
#1081 = ORIENTED_EDGE('',*,*,#593,.T.);
#1082 = ORIENTED_EDGE('',*,*,#1083,.F.);
#1083 = EDGE_CURVE('',#1069,#596,#1084,.T.);
#1084 = LINE('',#1085,#1086);
#1085 = CARTESIAN_POINT('',(6.5,-16.,58.5));
#1086 = VECTOR('',#1087,1.);
#1087 = DIRECTION('',(0.,0.,1.));
#1088 = PLANE('',#1089);
#1089 = AXIS2_PLACEMENT_3D('',#1090,#1091,#1092);
#1090 = CARTESIAN_POINT('',(-6.5,-16.,58.5));
#1091 = DIRECTION('',(0.,1.,0.));
#1092 = DIRECTION('',(0.,0.,1.));
#1093 = ADVANCED_FACE('',(#1094),#1112,.T.);
#1094 = FACE_BOUND('',#1095,.T.);
#1095 = EDGE_LOOP('',(#1096,#1097,#1105,#1111));
#1096 = ORIENTED_EDGE('',*,*,#1076,.F.);
#1097 = ORIENTED_EDGE('',*,*,#1098,.T.);
#1098 = EDGE_CURVE('',#1067,#1099,#1101,.T.);
#1099 = VERTEX_POINT('',#1100);
#1100 = CARTESIAN_POINT('',(-6.5,2.,58.5));
#1101 = LINE('',#1102,#1103);
#1102 = CARTESIAN_POINT('',(-6.5,-16.,58.5));
#1103 = VECTOR('',#1104,1.);
#1104 = DIRECTION('',(0.,1.,0.));
#1105 = ORIENTED_EDGE('',*,*,#1106,.T.);
#1106 = EDGE_CURVE('',#1099,#604,#1107,.T.);
#1107 = LINE('',#1108,#1109);
#1108 = CARTESIAN_POINT('',(-6.5,2.,58.5));
#1109 = VECTOR('',#1110,1.);
#1110 = DIRECTION('',(0.,0.,1.));
#1111 = ORIENTED_EDGE('',*,*,#603,.F.);
#1112 = PLANE('',#1113);
#1113 = AXIS2_PLACEMENT_3D('',#1114,#1115,#1116);
#1114 = CARTESIAN_POINT('',(-6.5,-16.,58.5));
#1115 = DIRECTION('',(1.,0.,0.));
#1116 = DIRECTION('',(0.,0.,1.));
#1117 = ADVANCED_FACE('',(#1118),#1136,.F.);
#1118 = FACE_BOUND('',#1119,.F.);
#1119 = EDGE_LOOP('',(#1120,#1121,#1129,#1135));
#1120 = ORIENTED_EDGE('',*,*,#1083,.F.);
#1121 = ORIENTED_EDGE('',*,*,#1122,.T.);
#1122 = EDGE_CURVE('',#1069,#1123,#1125,.T.);
#1123 = VERTEX_POINT('',#1124);
#1124 = CARTESIAN_POINT('',(6.5,2.,58.5));
#1125 = LINE('',#1126,#1127);
#1126 = CARTESIAN_POINT('',(6.5,-16.,58.5));
#1127 = VECTOR('',#1128,1.);
#1128 = DIRECTION('',(0.,1.,0.));
#1129 = ORIENTED_EDGE('',*,*,#1130,.T.);
#1130 = EDGE_CURVE('',#1123,#612,#1131,.T.);
#1131 = LINE('',#1132,#1133);
#1132 = CARTESIAN_POINT('',(6.5,2.,58.5));
#1133 = VECTOR('',#1134,1.);
#1134 = DIRECTION('',(0.,0.,1.));
#1135 = ORIENTED_EDGE('',*,*,#619,.F.);
#1136 = PLANE('',#1137);
#1137 = AXIS2_PLACEMENT_3D('',#1138,#1139,#1140);
#1138 = CARTESIAN_POINT('',(6.5,-16.,58.5));
#1139 = DIRECTION('',(1.,0.,0.));
#1140 = DIRECTION('',(0.,0.,1.));
#1141 = ADVANCED_FACE('',(#1142),#1153,.F.);
#1142 = FACE_BOUND('',#1143,.F.);
#1143 = EDGE_LOOP('',(#1144,#1150,#1151,#1152));
#1144 = ORIENTED_EDGE('',*,*,#1145,.F.);
#1145 = EDGE_CURVE('',#1099,#1123,#1146,.T.);
#1146 = LINE('',#1147,#1148);
#1147 = CARTESIAN_POINT('',(-6.5,2.,58.5));
#1148 = VECTOR('',#1149,1.);
#1149 = DIRECTION('',(1.,0.,0.));
#1150 = ORIENTED_EDGE('',*,*,#1106,.T.);
#1151 = ORIENTED_EDGE('',*,*,#611,.T.);
#1152 = ORIENTED_EDGE('',*,*,#1130,.F.);
#1153 = PLANE('',#1154);
#1154 = AXIS2_PLACEMENT_3D('',#1155,#1156,#1157);
#1155 = CARTESIAN_POINT('',(-6.5,2.,58.5));
#1156 = DIRECTION('',(0.,1.,0.));
#1157 = DIRECTION('',(0.,0.,1.));
#1158 = ADVANCED_FACE('',(#1159),#1184,.T.);
#1159 = FACE_BOUND('',#1160,.T.);
#1160 = EDGE_LOOP('',(#1161,#1171,#1177,#1178));
#1161 = ORIENTED_EDGE('',*,*,#1162,.F.);
#1162 = EDGE_CURVE('',#1163,#1165,#1167,.T.);
#1163 = VERTEX_POINT('',#1164);
#1164 = CARTESIAN_POINT('',(-3.,6.5,63.5));
#1165 = VERTEX_POINT('',#1166);
#1166 = CARTESIAN_POINT('',(3.,6.5,63.5));
#1167 = LINE('',#1168,#1169);
#1168 = CARTESIAN_POINT('',(-3.,6.5,63.5));
#1169 = VECTOR('',#1170,1.);
#1170 = DIRECTION('',(1.,0.,0.));
#1171 = ORIENTED_EDGE('',*,*,#1172,.T.);
#1172 = EDGE_CURVE('',#1163,#628,#1173,.T.);
#1173 = LINE('',#1174,#1175);
#1174 = CARTESIAN_POINT('',(-3.,6.5,63.5));
#1175 = VECTOR('',#1176,1.);
#1176 = DIRECTION('',(0.,0.,1.));
#1177 = ORIENTED_EDGE('',*,*,#627,.T.);
#1178 = ORIENTED_EDGE('',*,*,#1179,.F.);
#1179 = EDGE_CURVE('',#1165,#630,#1180,.T.);
#1180 = LINE('',#1181,#1182);
#1181 = CARTESIAN_POINT('',(3.,6.5,63.5));
#1182 = VECTOR('',#1183,1.);
#1183 = DIRECTION('',(0.,0.,1.));
#1184 = PLANE('',#1185);
#1185 = AXIS2_PLACEMENT_3D('',#1186,#1187,#1188);
#1186 = CARTESIAN_POINT('',(-3.,6.5,63.5));
#1187 = DIRECTION('',(0.,1.,0.));
#1188 = DIRECTION('',(0.,0.,1.));
#1189 = ADVANCED_FACE('',(#1190),#1208,.F.);
#1190 = FACE_BOUND('',#1191,.F.);
#1191 = EDGE_LOOP('',(#1192,#1193,#1201,#1207));
#1192 = ORIENTED_EDGE('',*,*,#1179,.F.);
#1193 = ORIENTED_EDGE('',*,*,#1194,.T.);
#1194 = EDGE_CURVE('',#1165,#1195,#1197,.T.);
#1195 = VERTEX_POINT('',#1196);
#1196 = CARTESIAN_POINT('',(3.,9.5,63.5));
#1197 = LINE('',#1198,#1199);
#1198 = CARTESIAN_POINT('',(3.,6.5,63.5));
#1199 = VECTOR('',#1200,1.);
#1200 = DIRECTION('',(0.,1.,0.));
#1201 = ORIENTED_EDGE('',*,*,#1202,.T.);
#1202 = EDGE_CURVE('',#1195,#646,#1203,.T.);
#1203 = LINE('',#1204,#1205);
#1204 = CARTESIAN_POINT('',(3.,9.5,63.5));
#1205 = VECTOR('',#1206,1.);
#1206 = DIRECTION('',(0.,0.,1.));
#1207 = ORIENTED_EDGE('',*,*,#653,.F.);
#1208 = PLANE('',#1209);
#1209 = AXIS2_PLACEMENT_3D('',#1210,#1211,#1212);
#1210 = CARTESIAN_POINT('',(3.,6.5,63.5));
#1211 = DIRECTION('',(1.,0.,0.));
#1212 = DIRECTION('',(0.,0.,1.));
#1213 = ADVANCED_FACE('',(#1214),#1232,.F.);
#1214 = FACE_BOUND('',#1215,.F.);
#1215 = EDGE_LOOP('',(#1216,#1224,#1230,#1231));
#1216 = ORIENTED_EDGE('',*,*,#1217,.F.);
#1217 = EDGE_CURVE('',#1218,#1195,#1220,.T.);
#1218 = VERTEX_POINT('',#1219);
#1219 = CARTESIAN_POINT('',(-3.,9.5,63.5));
#1220 = LINE('',#1221,#1222);
#1221 = CARTESIAN_POINT('',(-3.,9.5,63.5));
#1222 = VECTOR('',#1223,1.);
#1223 = DIRECTION('',(1.,0.,0.));
#1224 = ORIENTED_EDGE('',*,*,#1225,.T.);
#1225 = EDGE_CURVE('',#1218,#638,#1226,.T.);
#1226 = LINE('',#1227,#1228);
#1227 = CARTESIAN_POINT('',(-3.,9.5,63.5));
#1228 = VECTOR('',#1229,1.);
#1229 = DIRECTION('',(0.,0.,1.));
#1230 = ORIENTED_EDGE('',*,*,#645,.T.);
#1231 = ORIENTED_EDGE('',*,*,#1202,.F.);
#1232 = PLANE('',#1233);
#1233 = AXIS2_PLACEMENT_3D('',#1234,#1235,#1236);
#1234 = CARTESIAN_POINT('',(-3.,9.5,63.5));
#1235 = DIRECTION('',(0.,1.,0.));
#1236 = DIRECTION('',(0.,0.,1.));
#1237 = ADVANCED_FACE('',(#1238),#1249,.T.);
#1238 = FACE_BOUND('',#1239,.T.);
#1239 = EDGE_LOOP('',(#1240,#1241,#1247,#1248));
#1240 = ORIENTED_EDGE('',*,*,#1172,.F.);
#1241 = ORIENTED_EDGE('',*,*,#1242,.T.);
#1242 = EDGE_CURVE('',#1163,#1218,#1243,.T.);
#1243 = LINE('',#1244,#1245);
#1244 = CARTESIAN_POINT('',(-3.,6.5,63.5));
#1245 = VECTOR('',#1246,1.);
#1246 = DIRECTION('',(0.,1.,0.));
#1247 = ORIENTED_EDGE('',*,*,#1225,.T.);
#1248 = ORIENTED_EDGE('',*,*,#637,.F.);
#1249 = PLANE('',#1250);
#1250 = AXIS2_PLACEMENT_3D('',#1251,#1252,#1253);
#1251 = CARTESIAN_POINT('',(-3.,6.5,63.5));
#1252 = DIRECTION('',(1.,0.,0.));
#1253 = DIRECTION('',(0.,0.,1.));
#1254 = ADVANCED_FACE('',(#1255),#1296,.F.);
#1255 = FACE_BOUND('',#1256,.F.);
#1256 = EDGE_LOOP('',(#1257,#1265,#1266,#1267,#1274,#1281,#1288,#1289));
#1257 = ORIENTED_EDGE('',*,*,#1258,.T.);
#1258 = EDGE_CURVE('',#1259,#691,#1261,.T.);
#1259 = VERTEX_POINT('',#1260);
#1260 = CARTESIAN_POINT('',(4.,-34.,41.5));
#1261 = LINE('',#1262,#1263);
#1262 = CARTESIAN_POINT('',(4.,-34.,41.5));
#1263 = VECTOR('',#1264,1.);
#1264 = DIRECTION('',(0.,0.,1.));
#1265 = ORIENTED_EDGE('',*,*,#690,.F.);
#1266 = ORIENTED_EDGE('',*,*,#1258,.F.);
#1267 = ORIENTED_EDGE('',*,*,#1268,.T.);
#1268 = EDGE_CURVE('',#1259,#1015,#1269,.T.);
#1269 = CIRCLE('',#1270,4.);
#1270 = AXIS2_PLACEMENT_3D('',#1271,#1272,#1273);
#1271 = CARTESIAN_POINT('',(0.,-34.,41.5));
#1272 = DIRECTION('',(0.,0.,1.));
#1273 = DIRECTION('',(1.,0.,0.));
#1274 = ORIENTED_EDGE('',*,*,#1275,.T.);
#1275 = EDGE_CURVE('',#1015,#943,#1276,.T.);
#1276 = CIRCLE('',#1277,4.);
#1277 = AXIS2_PLACEMENT_3D('',#1278,#1279,#1280);
#1278 = CARTESIAN_POINT('',(0.,-34.,41.5));
#1279 = DIRECTION('',(0.,0.,1.));
#1280 = DIRECTION('',(1.,0.,0.));
#1281 = ORIENTED_EDGE('',*,*,#1282,.T.);
#1282 = EDGE_CURVE('',#943,#951,#1283,.T.);
#1283 = CIRCLE('',#1284,4.);
#1284 = AXIS2_PLACEMENT_3D('',#1285,#1286,#1287);
#1285 = CARTESIAN_POINT('',(0.,-34.,41.5));
#1286 = DIRECTION('',(0.,0.,1.));
#1287 = DIRECTION('',(1.,0.,0.));
#1288 = ORIENTED_EDGE('',*,*,#982,.T.);
#1289 = ORIENTED_EDGE('',*,*,#1290,.T.);
#1290 = EDGE_CURVE('',#975,#1259,#1291,.T.);
#1291 = CIRCLE('',#1292,4.);
#1292 = AXIS2_PLACEMENT_3D('',#1293,#1294,#1295);
#1293 = CARTESIAN_POINT('',(0.,-34.,41.5));
#1294 = DIRECTION('',(0.,0.,1.));
#1295 = DIRECTION('',(1.,0.,0.));
#1296 = CYLINDRICAL_SURFACE('',#1297,4.);
#1297 = AXIS2_PLACEMENT_3D('',#1298,#1299,#1300);
#1298 = CARTESIAN_POINT('',(0.,-34.,41.5));
#1299 = DIRECTION('',(0.,0.,1.));
#1300 = DIRECTION('',(1.,0.,0.));
#1301 = ADVANCED_FACE('',(#1302),#1308,.T.);
#1302 = FACE_BOUND('',#1303,.T.);
#1303 = EDGE_LOOP('',(#1304,#1305,#1306,#1307));
#1304 = ORIENTED_EDGE('',*,*,#806,.F.);
#1305 = ORIENTED_EDGE('',*,*,#707,.T.);
#1306 = ORIENTED_EDGE('',*,*,#834,.T.);
#1307 = ORIENTED_EDGE('',*,*,#767,.F.);
#1308 = PLANE('',#1309);
#1309 = AXIS2_PLACEMENT_3D('',#1310,#1311,#1312);
#1310 = CARTESIAN_POINT('',(-3.75,27.,34.));
#1311 = DIRECTION('',(0.,1.,0.));
#1312 = DIRECTION('',(0.,0.,1.));
#1313 = ADVANCED_FACE('',(#1314),#1318,.T.);
#1314 = FACE_BOUND('',#1315,.T.);
#1315 = EDGE_LOOP('',(#1316,#1317));
#1316 = ORIENTED_EDGE('',*,*,#950,.T.);
#1317 = ORIENTED_EDGE('',*,*,#1282,.T.);
#1318 = PLANE('',#1319);
#1319 = AXIS2_PLACEMENT_3D('',#1320,#1321,#1322);
#1320 = CARTESIAN_POINT('',(0.,-34.,41.5));
#1321 = DIRECTION('',(0.,0.,1.));
#1322 = DIRECTION('',(1.,0.,0.));
#1323 = ADVANCED_FACE('',(#1324),#1335,.F.);
#1324 = FACE_BOUND('',#1325,.F.);
#1325 = EDGE_LOOP('',(#1326,#1327,#1328,#1329));
#1326 = ORIENTED_EDGE('',*,*,#942,.F.);
#1327 = ORIENTED_EDGE('',*,*,#1275,.F.);
#1328 = ORIENTED_EDGE('',*,*,#1014,.T.);
#1329 = ORIENTED_EDGE('',*,*,#1330,.F.);
#1330 = EDGE_CURVE('',#935,#1007,#1331,.T.);
#1331 = LINE('',#1332,#1333);
#1332 = CARTESIAN_POINT('',(-3.75,-27.,41.5));
#1333 = VECTOR('',#1334,1.);
#1334 = DIRECTION('',(1.,0.,0.));
#1335 = PLANE('',#1336);
#1336 = AXIS2_PLACEMENT_3D('',#1337,#1338,#1339);
#1337 = CARTESIAN_POINT('',(-3.75,-41.,41.5));
#1338 = DIRECTION('',(0.,0.,1.));
#1339 = DIRECTION('',(1.,0.,0.));
#1340 = ADVANCED_FACE('',(#1341),#1347,.F.);
#1341 = FACE_BOUND('',#1342,.F.);
#1342 = EDGE_LOOP('',(#1343,#1344,#1345,#1346));
#1343 = ORIENTED_EDGE('',*,*,#1040,.F.);
#1344 = ORIENTED_EDGE('',*,*,#934,.T.);
#1345 = ORIENTED_EDGE('',*,*,#1330,.T.);
#1346 = ORIENTED_EDGE('',*,*,#1006,.F.);
#1347 = PLANE('',#1348);
#1348 = AXIS2_PLACEMENT_3D('',#1349,#1350,#1351);
#1349 = CARTESIAN_POINT('',(-3.75,-27.,34.));
#1350 = DIRECTION('',(0.,1.,0.));
#1351 = DIRECTION('',(0.,0.,1.));
#1352 = ADVANCED_FACE('',(#1353),#1358,.T.);
#1353 = FACE_BOUND('',#1354,.T.);
#1354 = EDGE_LOOP('',(#1355,#1356,#1357));
#1355 = ORIENTED_EDGE('',*,*,#1290,.T.);
#1356 = ORIENTED_EDGE('',*,*,#1268,.T.);
#1357 = ORIENTED_EDGE('',*,*,#1022,.F.);
#1358 = PLANE('',#1359);
#1359 = AXIS2_PLACEMENT_3D('',#1360,#1361,#1362);
#1360 = CARTESIAN_POINT('',(0.,-34.,41.5));
#1361 = DIRECTION('',(0.,0.,1.));
#1362 = DIRECTION('',(1.,0.,0.));
#1363 = ADVANCED_FACE('',(#1364),#1370,.T.);
#1364 = FACE_BOUND('',#1365,.T.);
#1365 = EDGE_LOOP('',(#1366,#1367,#1368,#1369));
#1366 = ORIENTED_EDGE('',*,*,#1098,.F.);
#1367 = ORIENTED_EDGE('',*,*,#1066,.T.);
#1368 = ORIENTED_EDGE('',*,*,#1122,.T.);
#1369 = ORIENTED_EDGE('',*,*,#1145,.F.);
#1370 = PLANE('',#1371);
#1371 = AXIS2_PLACEMENT_3D('',#1372,#1373,#1374);
#1372 = CARTESIAN_POINT('',(-6.5,-16.,58.5));
#1373 = DIRECTION('',(0.,0.,1.));
#1374 = DIRECTION('',(1.,0.,0.));
#1375 = ADVANCED_FACE('',(#1376),#1382,.T.);
#1376 = FACE_BOUND('',#1377,.T.);
#1377 = EDGE_LOOP('',(#1378,#1379,#1380,#1381));
#1378 = ORIENTED_EDGE('',*,*,#1242,.F.);
#1379 = ORIENTED_EDGE('',*,*,#1162,.T.);
#1380 = ORIENTED_EDGE('',*,*,#1194,.T.);
#1381 = ORIENTED_EDGE('',*,*,#1217,.F.);
#1382 = PLANE('',#1383);
#1383 = AXIS2_PLACEMENT_3D('',#1384,#1385,#1386);
#1384 = CARTESIAN_POINT('',(-3.,6.5,63.5));
#1385 = DIRECTION('',(0.,0.,1.));
#1386 = DIRECTION('',(1.,0.,0.));
#1387 = MANIFOLD_SOLID_BREP('',#1388);
#1388 = CLOSED_SHELL('',(#1389,#1429,#1460,#1493,#1517,#1541,#1558,#1583
    ,#1607,#1625));
#1389 = ADVANCED_FACE('',(#1390),#1424,.F.);
#1390 = FACE_BOUND('',#1391,.F.);
#1391 = EDGE_LOOP('',(#1392,#1402,#1410,#1418));
#1392 = ORIENTED_EDGE('',*,*,#1393,.F.);
#1393 = EDGE_CURVE('',#1394,#1396,#1398,.T.);
#1394 = VERTEX_POINT('',#1395);
#1395 = CARTESIAN_POINT('',(-5.25,-10.,58.5));
#1396 = VERTEX_POINT('',#1397);
#1397 = CARTESIAN_POINT('',(-5.25,-10.,71.));
#1398 = LINE('',#1399,#1400);
#1399 = CARTESIAN_POINT('',(-5.25,-10.,58.5));
#1400 = VECTOR('',#1401,1.);
#1401 = DIRECTION('',(0.,0.,1.));
#1402 = ORIENTED_EDGE('',*,*,#1403,.T.);
#1403 = EDGE_CURVE('',#1394,#1404,#1406,.T.);
#1404 = VERTEX_POINT('',#1405);
#1405 = CARTESIAN_POINT('',(-5.25,-4.,58.5));
#1406 = LINE('',#1407,#1408);
#1407 = CARTESIAN_POINT('',(-5.25,-10.,58.5));
#1408 = VECTOR('',#1409,1.);
#1409 = DIRECTION('',(0.,1.,0.));
#1410 = ORIENTED_EDGE('',*,*,#1411,.T.);
#1411 = EDGE_CURVE('',#1404,#1412,#1414,.T.);
#1412 = VERTEX_POINT('',#1413);
#1413 = CARTESIAN_POINT('',(-5.25,-4.,71.));
#1414 = LINE('',#1415,#1416);
#1415 = CARTESIAN_POINT('',(-5.25,-4.,58.5));
#1416 = VECTOR('',#1417,1.);
#1417 = DIRECTION('',(0.,0.,1.));
#1418 = ORIENTED_EDGE('',*,*,#1419,.F.);
#1419 = EDGE_CURVE('',#1396,#1412,#1420,.T.);
#1420 = LINE('',#1421,#1422);
#1421 = CARTESIAN_POINT('',(-5.25,-10.,71.));
#1422 = VECTOR('',#1423,1.);
#1423 = DIRECTION('',(0.,1.,0.));
#1424 = PLANE('',#1425);
#1425 = AXIS2_PLACEMENT_3D('',#1426,#1427,#1428);
#1426 = CARTESIAN_POINT('',(-5.25,-10.,58.5));
#1427 = DIRECTION('',(1.,0.,0.));
#1428 = DIRECTION('',(0.,0.,1.));
#1429 = ADVANCED_FACE('',(#1430),#1455,.F.);
#1430 = FACE_BOUND('',#1431,.F.);
#1431 = EDGE_LOOP('',(#1432,#1442,#1448,#1449));
#1432 = ORIENTED_EDGE('',*,*,#1433,.F.);
#1433 = EDGE_CURVE('',#1434,#1436,#1438,.T.);
#1434 = VERTEX_POINT('',#1435);
#1435 = CARTESIAN_POINT('',(5.25,-10.,58.5));
#1436 = VERTEX_POINT('',#1437);
#1437 = CARTESIAN_POINT('',(5.25,-10.,71.));
#1438 = LINE('',#1439,#1440);
#1439 = CARTESIAN_POINT('',(5.25,-10.,58.5));
#1440 = VECTOR('',#1441,1.);
#1441 = DIRECTION('',(0.,0.,1.));
#1442 = ORIENTED_EDGE('',*,*,#1443,.F.);
#1443 = EDGE_CURVE('',#1394,#1434,#1444,.T.);
#1444 = LINE('',#1445,#1446);
#1445 = CARTESIAN_POINT('',(-5.25,-10.,58.5));
#1446 = VECTOR('',#1447,1.);
#1447 = DIRECTION('',(1.,0.,0.));
#1448 = ORIENTED_EDGE('',*,*,#1393,.T.);
#1449 = ORIENTED_EDGE('',*,*,#1450,.T.);
#1450 = EDGE_CURVE('',#1396,#1436,#1451,.T.);
#1451 = LINE('',#1452,#1453);
#1452 = CARTESIAN_POINT('',(-5.25,-10.,71.));
#1453 = VECTOR('',#1454,1.);
#1454 = DIRECTION('',(1.,0.,0.));
#1455 = PLANE('',#1456);
#1456 = AXIS2_PLACEMENT_3D('',#1457,#1458,#1459);
#1457 = CARTESIAN_POINT('',(-5.25,-10.,58.5));
#1458 = DIRECTION('',(0.,1.,0.));
#1459 = DIRECTION('',(0.,0.,1.));
#1460 = ADVANCED_FACE('',(#1461),#1488,.T.);
#1461 = FACE_BOUND('',#1462,.T.);
#1462 = EDGE_LOOP('',(#1463,#1472,#1480,#1487));
#1463 = ORIENTED_EDGE('',*,*,#1464,.T.);
#1464 = EDGE_CURVE('',#1396,#1465,#1467,.T.);
#1465 = VERTEX_POINT('',#1466);
#1466 = CARTESIAN_POINT('',(-4.25,-9.,72.));
#1467 = ELLIPSE('',#1468,1.414213562373,1.);
#1468 = AXIS2_PLACEMENT_3D('',#1469,#1470,#1471);
#1469 = CARTESIAN_POINT('',(-4.25,-9.,71.));
#1470 = DIRECTION('',(-0.707106781187,0.707106781187,0.));
#1471 = DIRECTION('',(0.707106781187,0.707106781187,0.));
#1472 = ORIENTED_EDGE('',*,*,#1473,.T.);
#1473 = EDGE_CURVE('',#1465,#1474,#1476,.T.);
#1474 = VERTEX_POINT('',#1475);
#1475 = CARTESIAN_POINT('',(-4.25,-5.,72.));
#1476 = LINE('',#1477,#1478);
#1477 = CARTESIAN_POINT('',(-4.25,-10.,72.));
#1478 = VECTOR('',#1479,1.);
#1479 = DIRECTION('',(0.,1.,0.));
#1480 = ORIENTED_EDGE('',*,*,#1481,.F.);
#1481 = EDGE_CURVE('',#1412,#1474,#1482,.T.);
#1482 = ELLIPSE('',#1483,1.414213562373,1.);
#1483 = AXIS2_PLACEMENT_3D('',#1484,#1485,#1486);
#1484 = CARTESIAN_POINT('',(-4.25,-5.,71.));
#1485 = DIRECTION('',(0.707106781187,0.707106781187,-0.));
#1486 = DIRECTION('',(-0.707106781187,0.707106781187,0.));
#1487 = ORIENTED_EDGE('',*,*,#1419,.F.);
#1488 = CYLINDRICAL_SURFACE('',#1489,1.);
#1489 = AXIS2_PLACEMENT_3D('',#1490,#1491,#1492);
#1490 = CARTESIAN_POINT('',(-4.25,-10.,71.));
#1491 = DIRECTION('',(0.,1.,0.));
#1492 = DIRECTION('',(-1.,0.,0.));
#1493 = ADVANCED_FACE('',(#1494),#1512,.F.);
#1494 = FACE_BOUND('',#1495,.F.);
#1495 = EDGE_LOOP('',(#1496,#1497,#1498,#1506));
#1496 = ORIENTED_EDGE('',*,*,#1403,.F.);
#1497 = ORIENTED_EDGE('',*,*,#1443,.T.);
#1498 = ORIENTED_EDGE('',*,*,#1499,.T.);
#1499 = EDGE_CURVE('',#1434,#1500,#1502,.T.);
#1500 = VERTEX_POINT('',#1501);
#1501 = CARTESIAN_POINT('',(5.25,-4.,58.5));
#1502 = LINE('',#1503,#1504);
#1503 = CARTESIAN_POINT('',(5.25,-10.,58.5));
#1504 = VECTOR('',#1505,1.);
#1505 = DIRECTION('',(0.,1.,0.));
#1506 = ORIENTED_EDGE('',*,*,#1507,.F.);
#1507 = EDGE_CURVE('',#1404,#1500,#1508,.T.);
#1508 = LINE('',#1509,#1510);
#1509 = CARTESIAN_POINT('',(-5.25,-4.,58.5));
#1510 = VECTOR('',#1511,1.);
#1511 = DIRECTION('',(1.,0.,0.));
#1512 = PLANE('',#1513);
#1513 = AXIS2_PLACEMENT_3D('',#1514,#1515,#1516);
#1514 = CARTESIAN_POINT('',(-5.25,-10.,58.5));
#1515 = DIRECTION('',(0.,0.,1.));
#1516 = DIRECTION('',(1.,0.,0.));
#1517 = ADVANCED_FACE('',(#1518),#1536,.T.);
#1518 = FACE_BOUND('',#1519,.T.);
#1519 = EDGE_LOOP('',(#1520,#1528,#1529,#1530));
#1520 = ORIENTED_EDGE('',*,*,#1521,.F.);
#1521 = EDGE_CURVE('',#1500,#1522,#1524,.T.);
#1522 = VERTEX_POINT('',#1523);
#1523 = CARTESIAN_POINT('',(5.25,-4.,71.));
#1524 = LINE('',#1525,#1526);
#1525 = CARTESIAN_POINT('',(5.25,-4.,58.5));
#1526 = VECTOR('',#1527,1.);
#1527 = DIRECTION('',(0.,0.,1.));
#1528 = ORIENTED_EDGE('',*,*,#1507,.F.);
#1529 = ORIENTED_EDGE('',*,*,#1411,.T.);
#1530 = ORIENTED_EDGE('',*,*,#1531,.T.);
#1531 = EDGE_CURVE('',#1412,#1522,#1532,.T.);
#1532 = LINE('',#1533,#1534);
#1533 = CARTESIAN_POINT('',(-5.25,-4.,71.));
#1534 = VECTOR('',#1535,1.);
#1535 = DIRECTION('',(1.,0.,0.));
#1536 = PLANE('',#1537);
#1537 = AXIS2_PLACEMENT_3D('',#1538,#1539,#1540);
#1538 = CARTESIAN_POINT('',(-5.25,-4.,58.5));
#1539 = DIRECTION('',(0.,1.,0.));
#1540 = DIRECTION('',(0.,0.,1.));
#1541 = ADVANCED_FACE('',(#1542),#1553,.T.);
#1542 = FACE_BOUND('',#1543,.T.);
#1543 = EDGE_LOOP('',(#1544,#1545,#1546,#1547));
#1544 = ORIENTED_EDGE('',*,*,#1433,.F.);
#1545 = ORIENTED_EDGE('',*,*,#1499,.T.);
#1546 = ORIENTED_EDGE('',*,*,#1521,.T.);
#1547 = ORIENTED_EDGE('',*,*,#1548,.F.);
#1548 = EDGE_CURVE('',#1436,#1522,#1549,.T.);
#1549 = LINE('',#1550,#1551);
#1550 = CARTESIAN_POINT('',(5.25,-10.,71.));
#1551 = VECTOR('',#1552,1.);
#1552 = DIRECTION('',(0.,1.,0.));
#1553 = PLANE('',#1554);
#1554 = AXIS2_PLACEMENT_3D('',#1555,#1556,#1557);
#1555 = CARTESIAN_POINT('',(5.25,-10.,58.5));
#1556 = DIRECTION('',(1.,0.,0.));
#1557 = DIRECTION('',(0.,0.,1.));
#1558 = ADVANCED_FACE('',(#1559),#1578,.T.);
#1559 = FACE_BOUND('',#1560,.F.);
#1560 = EDGE_LOOP('',(#1561,#1562,#1570,#1577));
#1561 = ORIENTED_EDGE('',*,*,#1464,.T.);
#1562 = ORIENTED_EDGE('',*,*,#1563,.T.);
#1563 = EDGE_CURVE('',#1465,#1564,#1566,.T.);
#1564 = VERTEX_POINT('',#1565);
#1565 = CARTESIAN_POINT('',(4.25,-9.,72.));
#1566 = LINE('',#1567,#1568);
#1567 = CARTESIAN_POINT('',(-5.25,-9.,72.));
#1568 = VECTOR('',#1569,1.);
#1569 = DIRECTION('',(1.,0.,0.));
#1570 = ORIENTED_EDGE('',*,*,#1571,.F.);
#1571 = EDGE_CURVE('',#1436,#1564,#1572,.T.);
#1572 = ELLIPSE('',#1573,1.414213562373,1.);
#1573 = AXIS2_PLACEMENT_3D('',#1574,#1575,#1576);
#1574 = CARTESIAN_POINT('',(4.25,-9.,71.));
#1575 = DIRECTION('',(-0.707106781187,-0.707106781187,-0.));
#1576 = DIRECTION('',(-0.707106781187,0.707106781187,0.));
#1577 = ORIENTED_EDGE('',*,*,#1450,.F.);
#1578 = CYLINDRICAL_SURFACE('',#1579,1.);
#1579 = AXIS2_PLACEMENT_3D('',#1580,#1581,#1582);
#1580 = CARTESIAN_POINT('',(-5.25,-9.,71.));
#1581 = DIRECTION('',(1.,0.,0.));
#1582 = DIRECTION('',(0.,-1.,0.));
#1583 = ADVANCED_FACE('',(#1584),#1602,.T.);
#1584 = FACE_BOUND('',#1585,.T.);
#1585 = EDGE_LOOP('',(#1586,#1587,#1588,#1596));
#1586 = ORIENTED_EDGE('',*,*,#1473,.F.);
#1587 = ORIENTED_EDGE('',*,*,#1563,.T.);
#1588 = ORIENTED_EDGE('',*,*,#1589,.T.);
#1589 = EDGE_CURVE('',#1564,#1590,#1592,.T.);
#1590 = VERTEX_POINT('',#1591);
#1591 = CARTESIAN_POINT('',(4.25,-5.,72.));
#1592 = LINE('',#1593,#1594);
#1593 = CARTESIAN_POINT('',(4.25,-10.,72.));
#1594 = VECTOR('',#1595,1.);
#1595 = DIRECTION('',(0.,1.,0.));
#1596 = ORIENTED_EDGE('',*,*,#1597,.F.);
#1597 = EDGE_CURVE('',#1474,#1590,#1598,.T.);
#1598 = LINE('',#1599,#1600);
#1599 = CARTESIAN_POINT('',(-5.25,-5.,72.));
#1600 = VECTOR('',#1601,1.);
#1601 = DIRECTION('',(1.,0.,0.));
#1602 = PLANE('',#1603);
#1603 = AXIS2_PLACEMENT_3D('',#1604,#1605,#1606);
#1604 = CARTESIAN_POINT('',(-5.25,-10.,72.));
#1605 = DIRECTION('',(0.,0.,1.));
#1606 = DIRECTION('',(1.,0.,0.));
#1607 = ADVANCED_FACE('',(#1608),#1620,.T.);
#1608 = FACE_BOUND('',#1609,.T.);
#1609 = EDGE_LOOP('',(#1610,#1611,#1612,#1619));
#1610 = ORIENTED_EDGE('',*,*,#1481,.T.);
#1611 = ORIENTED_EDGE('',*,*,#1597,.T.);
#1612 = ORIENTED_EDGE('',*,*,#1613,.F.);
#1613 = EDGE_CURVE('',#1522,#1590,#1614,.T.);
#1614 = ELLIPSE('',#1615,1.414213562373,1.);
#1615 = AXIS2_PLACEMENT_3D('',#1616,#1617,#1618);
#1616 = CARTESIAN_POINT('',(4.25,-5.,71.));
#1617 = DIRECTION('',(0.707106781187,-0.707106781187,0.));
#1618 = DIRECTION('',(0.707106781187,0.707106781187,0.));
#1619 = ORIENTED_EDGE('',*,*,#1531,.F.);
#1620 = CYLINDRICAL_SURFACE('',#1621,1.);
#1621 = AXIS2_PLACEMENT_3D('',#1622,#1623,#1624);
#1622 = CARTESIAN_POINT('',(-5.25,-5.,71.));
#1623 = DIRECTION('',(1.,0.,0.));
#1624 = DIRECTION('',(0.,1.,0.));
#1625 = ADVANCED_FACE('',(#1626),#1632,.T.);
#1626 = FACE_BOUND('',#1627,.F.);
#1627 = EDGE_LOOP('',(#1628,#1629,#1630,#1631));
#1628 = ORIENTED_EDGE('',*,*,#1571,.T.);
#1629 = ORIENTED_EDGE('',*,*,#1589,.T.);
#1630 = ORIENTED_EDGE('',*,*,#1613,.F.);
#1631 = ORIENTED_EDGE('',*,*,#1548,.F.);
#1632 = CYLINDRICAL_SURFACE('',#1633,1.);
#1633 = AXIS2_PLACEMENT_3D('',#1634,#1635,#1636);
#1634 = CARTESIAN_POINT('',(4.25,-10.,71.));
#1635 = DIRECTION('',(0.,1.,0.));
#1636 = DIRECTION('',(1.,0.,0.));
#1637 = MANIFOLD_SOLID_BREP('',#1638);
#1638 = CLOSED_SHELL('',(#1639,#1679,#1742,#1766,#1790,#1830,#1854,#1878
    ,#1895,#1907));
#1639 = ADVANCED_FACE('',(#1640),#1674,.F.);
#1640 = FACE_BOUND('',#1641,.F.);
#1641 = EDGE_LOOP('',(#1642,#1652,#1660,#1668));
#1642 = ORIENTED_EDGE('',*,*,#1643,.F.);
#1643 = EDGE_CURVE('',#1644,#1646,#1648,.T.);
#1644 = VERTEX_POINT('',#1645);
#1645 = CARTESIAN_POINT('',(-4.5,-42.5,0.));
#1646 = VERTEX_POINT('',#1647);
#1647 = CARTESIAN_POINT('',(-4.5,-42.5,3.));
#1648 = LINE('',#1649,#1650);
#1649 = CARTESIAN_POINT('',(-4.5,-42.5,0.));
#1650 = VECTOR('',#1651,1.);
#1651 = DIRECTION('',(0.,0.,1.));
#1652 = ORIENTED_EDGE('',*,*,#1653,.T.);
#1653 = EDGE_CURVE('',#1644,#1654,#1656,.T.);
#1654 = VERTEX_POINT('',#1655);
#1655 = CARTESIAN_POINT('',(-4.5,-24.,0.));
#1656 = LINE('',#1657,#1658);
#1657 = CARTESIAN_POINT('',(-4.5,-42.5,0.));
#1658 = VECTOR('',#1659,1.);
#1659 = DIRECTION('',(0.,1.,0.));
#1660 = ORIENTED_EDGE('',*,*,#1661,.T.);
#1661 = EDGE_CURVE('',#1654,#1662,#1664,.T.);
#1662 = VERTEX_POINT('',#1663);
#1663 = CARTESIAN_POINT('',(-4.5,-24.,3.));
#1664 = LINE('',#1665,#1666);
#1665 = CARTESIAN_POINT('',(-4.5,-24.,0.));
#1666 = VECTOR('',#1667,1.);
#1667 = DIRECTION('',(0.,0.,1.));
#1668 = ORIENTED_EDGE('',*,*,#1669,.F.);
#1669 = EDGE_CURVE('',#1646,#1662,#1670,.T.);
#1670 = LINE('',#1671,#1672);
#1671 = CARTESIAN_POINT('',(-4.5,-42.5,3.));
#1672 = VECTOR('',#1673,1.);
#1673 = DIRECTION('',(0.,1.,0.));
#1674 = PLANE('',#1675);
#1675 = AXIS2_PLACEMENT_3D('',#1676,#1677,#1678);
#1676 = CARTESIAN_POINT('',(-4.5,-42.5,0.));
#1677 = DIRECTION('',(1.,0.,0.));
#1678 = DIRECTION('',(0.,0.,1.));
#1679 = ADVANCED_FACE('',(#1680),#1737,.F.);
#1680 = FACE_BOUND('',#1681,.F.);
#1681 = EDGE_LOOP('',(#1682,#1690,#1691,#1699,#1707,#1715,#1723,#1731));
#1682 = ORIENTED_EDGE('',*,*,#1683,.F.);
#1683 = EDGE_CURVE('',#1644,#1684,#1686,.T.);
#1684 = VERTEX_POINT('',#1685);
#1685 = CARTESIAN_POINT('',(-2.,-42.5,0.));
#1686 = LINE('',#1687,#1688);
#1687 = CARTESIAN_POINT('',(-4.5,-42.5,0.));
#1688 = VECTOR('',#1689,1.);
#1689 = DIRECTION('',(1.,0.,0.));
#1690 = ORIENTED_EDGE('',*,*,#1643,.T.);
#1691 = ORIENTED_EDGE('',*,*,#1692,.T.);
#1692 = EDGE_CURVE('',#1646,#1693,#1695,.T.);
#1693 = VERTEX_POINT('',#1694);
#1694 = CARTESIAN_POINT('',(4.5,-42.5,3.));
#1695 = LINE('',#1696,#1697);
#1696 = CARTESIAN_POINT('',(-4.5,-42.5,3.));
#1697 = VECTOR('',#1698,1.);
#1698 = DIRECTION('',(1.,0.,0.));
#1699 = ORIENTED_EDGE('',*,*,#1700,.F.);
#1700 = EDGE_CURVE('',#1701,#1693,#1703,.T.);
#1701 = VERTEX_POINT('',#1702);
#1702 = CARTESIAN_POINT('',(4.5,-42.5,0.));
#1703 = LINE('',#1704,#1705);
#1704 = CARTESIAN_POINT('',(4.5,-42.5,0.));
#1705 = VECTOR('',#1706,1.);
#1706 = DIRECTION('',(0.,0.,1.));
#1707 = ORIENTED_EDGE('',*,*,#1708,.F.);
#1708 = EDGE_CURVE('',#1709,#1701,#1711,.T.);
#1709 = VERTEX_POINT('',#1710);
#1710 = CARTESIAN_POINT('',(2.,-42.5,0.));
#1711 = LINE('',#1712,#1713);
#1712 = CARTESIAN_POINT('',(-4.5,-42.5,0.));
#1713 = VECTOR('',#1714,1.);
#1714 = DIRECTION('',(1.,0.,0.));
#1715 = ORIENTED_EDGE('',*,*,#1716,.T.);
#1716 = EDGE_CURVE('',#1709,#1717,#1719,.T.);
#1717 = VERTEX_POINT('',#1718);
#1718 = CARTESIAN_POINT('',(2.,-42.5,2.));
#1719 = LINE('',#1720,#1721);
#1720 = CARTESIAN_POINT('',(2.,-42.5,0.));
#1721 = VECTOR('',#1722,1.);
#1722 = DIRECTION('',(0.,0.,1.));
#1723 = ORIENTED_EDGE('',*,*,#1724,.F.);
#1724 = EDGE_CURVE('',#1725,#1717,#1727,.T.);
#1725 = VERTEX_POINT('',#1726);
#1726 = CARTESIAN_POINT('',(-2.,-42.5,2.));
#1727 = LINE('',#1728,#1729);
#1728 = CARTESIAN_POINT('',(-2.,-42.5,2.));
#1729 = VECTOR('',#1730,1.);
#1730 = DIRECTION('',(1.,0.,0.));
#1731 = ORIENTED_EDGE('',*,*,#1732,.F.);
#1732 = EDGE_CURVE('',#1684,#1725,#1733,.T.);
#1733 = LINE('',#1734,#1735);
#1734 = CARTESIAN_POINT('',(-2.,-42.5,0.));
#1735 = VECTOR('',#1736,1.);
#1736 = DIRECTION('',(0.,0.,1.));
#1737 = PLANE('',#1738);
#1738 = AXIS2_PLACEMENT_3D('',#1739,#1740,#1741);
#1739 = CARTESIAN_POINT('',(-4.5,-42.5,0.));
#1740 = DIRECTION('',(0.,1.,0.));
#1741 = DIRECTION('',(0.,0.,1.));
#1742 = ADVANCED_FACE('',(#1743),#1761,.T.);
#1743 = FACE_BOUND('',#1744,.T.);
#1744 = EDGE_LOOP('',(#1745,#1746,#1747,#1755));
#1745 = ORIENTED_EDGE('',*,*,#1669,.F.);
#1746 = ORIENTED_EDGE('',*,*,#1692,.T.);
#1747 = ORIENTED_EDGE('',*,*,#1748,.T.);
#1748 = EDGE_CURVE('',#1693,#1749,#1751,.T.);
#1749 = VERTEX_POINT('',#1750);
#1750 = CARTESIAN_POINT('',(4.5,-24.,3.));
#1751 = LINE('',#1752,#1753);
#1752 = CARTESIAN_POINT('',(4.5,-42.5,3.));
#1753 = VECTOR('',#1754,1.);
#1754 = DIRECTION('',(0.,1.,0.));
#1755 = ORIENTED_EDGE('',*,*,#1756,.F.);
#1756 = EDGE_CURVE('',#1662,#1749,#1757,.T.);
#1757 = LINE('',#1758,#1759);
#1758 = CARTESIAN_POINT('',(-4.5,-24.,3.));
#1759 = VECTOR('',#1760,1.);
#1760 = DIRECTION('',(1.,0.,0.));
#1761 = PLANE('',#1762);
#1762 = AXIS2_PLACEMENT_3D('',#1763,#1764,#1765);
#1763 = CARTESIAN_POINT('',(-4.5,-42.5,3.));
#1764 = DIRECTION('',(0.,0.,1.));
#1765 = DIRECTION('',(1.,0.,0.));
#1766 = ADVANCED_FACE('',(#1767),#1785,.T.);
#1767 = FACE_BOUND('',#1768,.T.);
#1768 = EDGE_LOOP('',(#1769,#1777,#1778,#1779));
#1769 = ORIENTED_EDGE('',*,*,#1770,.F.);
#1770 = EDGE_CURVE('',#1654,#1771,#1773,.T.);
#1771 = VERTEX_POINT('',#1772);
#1772 = CARTESIAN_POINT('',(4.5,-24.,0.));
#1773 = LINE('',#1774,#1775);
#1774 = CARTESIAN_POINT('',(-4.5,-24.,0.));
#1775 = VECTOR('',#1776,1.);
#1776 = DIRECTION('',(1.,0.,0.));
#1777 = ORIENTED_EDGE('',*,*,#1661,.T.);
#1778 = ORIENTED_EDGE('',*,*,#1756,.T.);
#1779 = ORIENTED_EDGE('',*,*,#1780,.F.);
#1780 = EDGE_CURVE('',#1771,#1749,#1781,.T.);
#1781 = LINE('',#1782,#1783);
#1782 = CARTESIAN_POINT('',(4.5,-24.,0.));
#1783 = VECTOR('',#1784,1.);
#1784 = DIRECTION('',(0.,0.,1.));
#1785 = PLANE('',#1786);
#1786 = AXIS2_PLACEMENT_3D('',#1787,#1788,#1789);
#1787 = CARTESIAN_POINT('',(-4.5,-24.,0.));
#1788 = DIRECTION('',(0.,1.,0.));
#1789 = DIRECTION('',(0.,0.,1.));
#1790 = ADVANCED_FACE('',(#1791),#1825,.F.);
#1791 = FACE_BOUND('',#1792,.F.);
#1792 = EDGE_LOOP('',(#1793,#1794,#1795,#1796,#1804,#1812,#1818,#1819));
#1793 = ORIENTED_EDGE('',*,*,#1770,.F.);
#1794 = ORIENTED_EDGE('',*,*,#1653,.F.);
#1795 = ORIENTED_EDGE('',*,*,#1683,.T.);
#1796 = ORIENTED_EDGE('',*,*,#1797,.T.);
#1797 = EDGE_CURVE('',#1684,#1798,#1800,.T.);
#1798 = VERTEX_POINT('',#1799);
#1799 = CARTESIAN_POINT('',(-2.,-41.,0.));
#1800 = LINE('',#1801,#1802);
#1801 = CARTESIAN_POINT('',(-2.,-42.5,0.));
#1802 = VECTOR('',#1803,1.);
#1803 = DIRECTION('',(0.,1.,0.));
#1804 = ORIENTED_EDGE('',*,*,#1805,.T.);
#1805 = EDGE_CURVE('',#1798,#1806,#1808,.T.);
#1806 = VERTEX_POINT('',#1807);
#1807 = CARTESIAN_POINT('',(2.,-41.,0.));
#1808 = LINE('',#1809,#1810);
#1809 = CARTESIAN_POINT('',(-2.,-41.,0.));
#1810 = VECTOR('',#1811,1.);
#1811 = DIRECTION('',(1.,0.,0.));
#1812 = ORIENTED_EDGE('',*,*,#1813,.F.);
#1813 = EDGE_CURVE('',#1709,#1806,#1814,.T.);
#1814 = LINE('',#1815,#1816);
#1815 = CARTESIAN_POINT('',(2.,-42.5,0.));
#1816 = VECTOR('',#1817,1.);
#1817 = DIRECTION('',(0.,1.,0.));
#1818 = ORIENTED_EDGE('',*,*,#1708,.T.);
#1819 = ORIENTED_EDGE('',*,*,#1820,.T.);
#1820 = EDGE_CURVE('',#1701,#1771,#1821,.T.);
#1821 = LINE('',#1822,#1823);
#1822 = CARTESIAN_POINT('',(4.5,-42.5,0.));
#1823 = VECTOR('',#1824,1.);
#1824 = DIRECTION('',(0.,1.,0.));
#1825 = PLANE('',#1826);
#1826 = AXIS2_PLACEMENT_3D('',#1827,#1828,#1829);
#1827 = CARTESIAN_POINT('',(-4.5,-42.5,0.));
#1828 = DIRECTION('',(0.,0.,1.));
#1829 = DIRECTION('',(1.,0.,0.));
#1830 = ADVANCED_FACE('',(#1831),#1849,.T.);
#1831 = FACE_BOUND('',#1832,.T.);
#1832 = EDGE_LOOP('',(#1833,#1834,#1835,#1843));
#1833 = ORIENTED_EDGE('',*,*,#1732,.F.);
#1834 = ORIENTED_EDGE('',*,*,#1797,.T.);
#1835 = ORIENTED_EDGE('',*,*,#1836,.T.);
#1836 = EDGE_CURVE('',#1798,#1837,#1839,.T.);
#1837 = VERTEX_POINT('',#1838);
#1838 = CARTESIAN_POINT('',(-2.,-41.,2.));
#1839 = LINE('',#1840,#1841);
#1840 = CARTESIAN_POINT('',(-2.,-41.,0.));
#1841 = VECTOR('',#1842,1.);
#1842 = DIRECTION('',(0.,0.,1.));
#1843 = ORIENTED_EDGE('',*,*,#1844,.F.);
#1844 = EDGE_CURVE('',#1725,#1837,#1845,.T.);
#1845 = LINE('',#1846,#1847);
#1846 = CARTESIAN_POINT('',(-2.,-42.5,2.));
#1847 = VECTOR('',#1848,1.);
#1848 = DIRECTION('',(0.,1.,0.));
#1849 = PLANE('',#1850);
#1850 = AXIS2_PLACEMENT_3D('',#1851,#1852,#1853);
#1851 = CARTESIAN_POINT('',(-2.,-42.5,0.));
#1852 = DIRECTION('',(1.,0.,0.));
#1853 = DIRECTION('',(0.,0.,1.));
#1854 = ADVANCED_FACE('',(#1855),#1873,.F.);
#1855 = FACE_BOUND('',#1856,.F.);
#1856 = EDGE_LOOP('',(#1857,#1858,#1859,#1867));
#1857 = ORIENTED_EDGE('',*,*,#1844,.F.);
#1858 = ORIENTED_EDGE('',*,*,#1724,.T.);
#1859 = ORIENTED_EDGE('',*,*,#1860,.T.);
#1860 = EDGE_CURVE('',#1717,#1861,#1863,.T.);
#1861 = VERTEX_POINT('',#1862);
#1862 = CARTESIAN_POINT('',(2.,-41.,2.));
#1863 = LINE('',#1864,#1865);
#1864 = CARTESIAN_POINT('',(2.,-42.5,2.));
#1865 = VECTOR('',#1866,1.);
#1866 = DIRECTION('',(0.,1.,0.));
#1867 = ORIENTED_EDGE('',*,*,#1868,.F.);
#1868 = EDGE_CURVE('',#1837,#1861,#1869,.T.);
#1869 = LINE('',#1870,#1871);
#1870 = CARTESIAN_POINT('',(-2.,-41.,2.));
#1871 = VECTOR('',#1872,1.);
#1872 = DIRECTION('',(1.,0.,0.));
#1873 = PLANE('',#1874);
#1874 = AXIS2_PLACEMENT_3D('',#1875,#1876,#1877);
#1875 = CARTESIAN_POINT('',(-2.,-42.5,2.));
#1876 = DIRECTION('',(0.,0.,1.));
#1877 = DIRECTION('',(1.,0.,0.));
#1878 = ADVANCED_FACE('',(#1879),#1890,.F.);
#1879 = FACE_BOUND('',#1880,.F.);
#1880 = EDGE_LOOP('',(#1881,#1882,#1883,#1889));
#1881 = ORIENTED_EDGE('',*,*,#1716,.F.);
#1882 = ORIENTED_EDGE('',*,*,#1813,.T.);
#1883 = ORIENTED_EDGE('',*,*,#1884,.T.);
#1884 = EDGE_CURVE('',#1806,#1861,#1885,.T.);
#1885 = LINE('',#1886,#1887);
#1886 = CARTESIAN_POINT('',(2.,-41.,0.));
#1887 = VECTOR('',#1888,1.);
#1888 = DIRECTION('',(0.,0.,1.));
#1889 = ORIENTED_EDGE('',*,*,#1860,.F.);
#1890 = PLANE('',#1891);
#1891 = AXIS2_PLACEMENT_3D('',#1892,#1893,#1894);
#1892 = CARTESIAN_POINT('',(2.,-42.5,0.));
#1893 = DIRECTION('',(1.,0.,0.));
#1894 = DIRECTION('',(0.,0.,1.));
#1895 = ADVANCED_FACE('',(#1896),#1902,.T.);
#1896 = FACE_BOUND('',#1897,.T.);
#1897 = EDGE_LOOP('',(#1898,#1899,#1900,#1901));
#1898 = ORIENTED_EDGE('',*,*,#1700,.F.);
#1899 = ORIENTED_EDGE('',*,*,#1820,.T.);
#1900 = ORIENTED_EDGE('',*,*,#1780,.T.);
#1901 = ORIENTED_EDGE('',*,*,#1748,.F.);
#1902 = PLANE('',#1903);
#1903 = AXIS2_PLACEMENT_3D('',#1904,#1905,#1906);
#1904 = CARTESIAN_POINT('',(4.5,-42.5,0.));
#1905 = DIRECTION('',(1.,0.,0.));
#1906 = DIRECTION('',(0.,0.,1.));
#1907 = ADVANCED_FACE('',(#1908),#1914,.F.);
#1908 = FACE_BOUND('',#1909,.F.);
#1909 = EDGE_LOOP('',(#1910,#1911,#1912,#1913));
#1910 = ORIENTED_EDGE('',*,*,#1805,.F.);
#1911 = ORIENTED_EDGE('',*,*,#1836,.T.);
#1912 = ORIENTED_EDGE('',*,*,#1868,.T.);
#1913 = ORIENTED_EDGE('',*,*,#1884,.F.);
#1914 = PLANE('',#1915);
#1915 = AXIS2_PLACEMENT_3D('',#1916,#1917,#1918);
#1916 = CARTESIAN_POINT('',(-2.,-41.,0.));
#1917 = DIRECTION('',(0.,1.,0.));
#1918 = DIRECTION('',(0.,0.,1.));
#1919 = MANIFOLD_SOLID_BREP('',#1920);
#1920 = CLOSED_SHELL('',(#1921,#2117,#2140,#2164,#2189,#2213,#2229,#2246
    ,#2271,#2295,#2311,#2328,#2353,#2377,#2393,#2410,#2433,#2442,#2454)
  );
#1921 = ADVANCED_FACE('',(#1922),#2112,.T.);
#1922 = FACE_BOUND('',#1923,.T.);
#1923 = EDGE_LOOP('',(#1924,#1935,#1943,#1952,#1960,#1967,#1968,#1977,
    #1985,#1994,#2002,#2011,#2020,#2028,#2037,#2045,#2054,#2063,#2071,
    #2080,#2088,#2097,#2106));
#1924 = ORIENTED_EDGE('',*,*,#1925,.F.);
#1925 = EDGE_CURVE('',#1926,#1928,#1930,.T.);
#1926 = VERTEX_POINT('',#1927);
#1927 = CARTESIAN_POINT('',(3.225290684574,34.4,46.5));
#1928 = VERTEX_POINT('',#1929);
#1929 = CARTESIAN_POINT('',(0.4,37.225290684574,46.5));
#1930 = CIRCLE('',#1931,3.25);
#1931 = AXIS2_PLACEMENT_3D('',#1932,#1933,#1934);
#1932 = CARTESIAN_POINT('',(0.,34.,46.5));
#1933 = DIRECTION('',(0.,0.,1.));
#1934 = DIRECTION('',(1.,0.,0.));
#1935 = ORIENTED_EDGE('',*,*,#1936,.F.);
#1936 = EDGE_CURVE('',#1937,#1926,#1939,.T.);
#1937 = VERTEX_POINT('',#1938);
#1938 = CARTESIAN_POINT('',(3.225290684574,34.4,45.));
#1939 = LINE('',#1940,#1941);
#1940 = CARTESIAN_POINT('',(3.225290684574,34.4,41.5));
#1941 = VECTOR('',#1942,1.);
#1942 = DIRECTION('',(0.,0.,1.));
#1943 = ORIENTED_EDGE('',*,*,#1944,.F.);
#1944 = EDGE_CURVE('',#1945,#1937,#1947,.T.);
#1945 = VERTEX_POINT('',#1946);
#1946 = CARTESIAN_POINT('',(3.25,34.,45.));
#1947 = CIRCLE('',#1948,3.25);
#1948 = AXIS2_PLACEMENT_3D('',#1949,#1950,#1951);
#1949 = CARTESIAN_POINT('',(0.,34.,45.));
#1950 = DIRECTION('',(0.,0.,1.));
#1951 = DIRECTION('',(1.,0.,0.));
#1952 = ORIENTED_EDGE('',*,*,#1953,.F.);
#1953 = EDGE_CURVE('',#1954,#1945,#1956,.T.);
#1954 = VERTEX_POINT('',#1955);
#1955 = CARTESIAN_POINT('',(3.25,34.,41.5));
#1956 = LINE('',#1957,#1958);
#1957 = CARTESIAN_POINT('',(3.25,34.,41.5));
#1958 = VECTOR('',#1959,1.);
#1959 = DIRECTION('',(0.,0.,1.));
#1960 = ORIENTED_EDGE('',*,*,#1961,.T.);
#1961 = EDGE_CURVE('',#1954,#1954,#1962,.T.);
#1962 = CIRCLE('',#1963,3.25);
#1963 = AXIS2_PLACEMENT_3D('',#1964,#1965,#1966);
#1964 = CARTESIAN_POINT('',(0.,34.,41.5));
#1965 = DIRECTION('',(0.,0.,1.));
#1966 = DIRECTION('',(1.,0.,0.));
#1967 = ORIENTED_EDGE('',*,*,#1953,.T.);
#1968 = ORIENTED_EDGE('',*,*,#1969,.F.);
#1969 = EDGE_CURVE('',#1970,#1945,#1972,.T.);
#1970 = VERTEX_POINT('',#1971);
#1971 = CARTESIAN_POINT('',(3.225290684574,33.6,45.));
#1972 = CIRCLE('',#1973,3.25);
#1973 = AXIS2_PLACEMENT_3D('',#1974,#1975,#1976);
#1974 = CARTESIAN_POINT('',(0.,34.,45.));
#1975 = DIRECTION('',(0.,0.,1.));
#1976 = DIRECTION('',(1.,0.,0.));
#1977 = ORIENTED_EDGE('',*,*,#1978,.T.);
#1978 = EDGE_CURVE('',#1970,#1979,#1981,.T.);
#1979 = VERTEX_POINT('',#1980);
#1980 = CARTESIAN_POINT('',(3.225290684574,33.6,46.5));
#1981 = LINE('',#1982,#1983);
#1982 = CARTESIAN_POINT('',(3.225290684574,33.6,41.5));
#1983 = VECTOR('',#1984,1.);
#1984 = DIRECTION('',(0.,0.,1.));
#1985 = ORIENTED_EDGE('',*,*,#1986,.F.);
#1986 = EDGE_CURVE('',#1987,#1979,#1989,.T.);
#1987 = VERTEX_POINT('',#1988);
#1988 = CARTESIAN_POINT('',(0.4,30.774709315426,46.5));
#1989 = CIRCLE('',#1990,3.25);
#1990 = AXIS2_PLACEMENT_3D('',#1991,#1992,#1993);
#1991 = CARTESIAN_POINT('',(0.,34.,46.5));
#1992 = DIRECTION('',(0.,0.,1.));
#1993 = DIRECTION('',(1.,0.,0.));
#1994 = ORIENTED_EDGE('',*,*,#1995,.F.);
#1995 = EDGE_CURVE('',#1996,#1987,#1998,.T.);
#1996 = VERTEX_POINT('',#1997);
#1997 = CARTESIAN_POINT('',(0.4,30.774709315426,45.));
#1998 = LINE('',#1999,#2000);
#1999 = CARTESIAN_POINT('',(0.4,30.774709315426,41.5));
#2000 = VECTOR('',#2001,1.);
#2001 = DIRECTION('',(0.,0.,1.));
#2002 = ORIENTED_EDGE('',*,*,#2003,.F.);
#2003 = EDGE_CURVE('',#2004,#1996,#2006,.T.);
#2004 = VERTEX_POINT('',#2005);
#2005 = CARTESIAN_POINT('',(0.,30.75,45.));
#2006 = CIRCLE('',#2007,3.25);
#2007 = AXIS2_PLACEMENT_3D('',#2008,#2009,#2010);
#2008 = CARTESIAN_POINT('',(0.,34.,45.));
#2009 = DIRECTION('',(0.,0.,1.));
#2010 = DIRECTION('',(1.,0.,0.));
#2011 = ORIENTED_EDGE('',*,*,#2012,.F.);
#2012 = EDGE_CURVE('',#2013,#2004,#2015,.T.);
#2013 = VERTEX_POINT('',#2014);
#2014 = CARTESIAN_POINT('',(-0.4,30.774709315426,45.));
#2015 = CIRCLE('',#2016,3.25);
#2016 = AXIS2_PLACEMENT_3D('',#2017,#2018,#2019);
#2017 = CARTESIAN_POINT('',(0.,34.,45.));
#2018 = DIRECTION('',(0.,0.,1.));
#2019 = DIRECTION('',(1.,0.,0.));
#2020 = ORIENTED_EDGE('',*,*,#2021,.T.);
#2021 = EDGE_CURVE('',#2013,#2022,#2024,.T.);
#2022 = VERTEX_POINT('',#2023);
#2023 = CARTESIAN_POINT('',(-0.4,30.774709315426,46.5));
#2024 = LINE('',#2025,#2026);
#2025 = CARTESIAN_POINT('',(-0.4,30.774709315426,41.5));
#2026 = VECTOR('',#2027,1.);
#2027 = DIRECTION('',(0.,0.,1.));
#2028 = ORIENTED_EDGE('',*,*,#2029,.F.);
#2029 = EDGE_CURVE('',#2030,#2022,#2032,.T.);
#2030 = VERTEX_POINT('',#2031);
#2031 = CARTESIAN_POINT('',(-3.225290684574,33.6,46.5));
#2032 = CIRCLE('',#2033,3.25);
#2033 = AXIS2_PLACEMENT_3D('',#2034,#2035,#2036);
#2034 = CARTESIAN_POINT('',(0.,34.,46.5));
#2035 = DIRECTION('',(0.,0.,1.));
#2036 = DIRECTION('',(1.,0.,0.));
#2037 = ORIENTED_EDGE('',*,*,#2038,.F.);
#2038 = EDGE_CURVE('',#2039,#2030,#2041,.T.);
#2039 = VERTEX_POINT('',#2040);
#2040 = CARTESIAN_POINT('',(-3.225290684574,33.6,45.));
#2041 = LINE('',#2042,#2043);
#2042 = CARTESIAN_POINT('',(-3.225290684574,33.6,41.5));
#2043 = VECTOR('',#2044,1.);
#2044 = DIRECTION('',(0.,0.,1.));
#2045 = ORIENTED_EDGE('',*,*,#2046,.F.);
#2046 = EDGE_CURVE('',#2047,#2039,#2049,.T.);
#2047 = VERTEX_POINT('',#2048);
#2048 = CARTESIAN_POINT('',(-3.25,34.,45.));
#2049 = CIRCLE('',#2050,3.25);
#2050 = AXIS2_PLACEMENT_3D('',#2051,#2052,#2053);
#2051 = CARTESIAN_POINT('',(0.,34.,45.));
#2052 = DIRECTION('',(0.,0.,1.));
#2053 = DIRECTION('',(1.,0.,0.));
#2054 = ORIENTED_EDGE('',*,*,#2055,.F.);
#2055 = EDGE_CURVE('',#2056,#2047,#2058,.T.);
#2056 = VERTEX_POINT('',#2057);
#2057 = CARTESIAN_POINT('',(-3.225290684574,34.4,45.));
#2058 = CIRCLE('',#2059,3.25);
#2059 = AXIS2_PLACEMENT_3D('',#2060,#2061,#2062);
#2060 = CARTESIAN_POINT('',(0.,34.,45.));
#2061 = DIRECTION('',(0.,0.,1.));
#2062 = DIRECTION('',(1.,0.,0.));
#2063 = ORIENTED_EDGE('',*,*,#2064,.T.);
#2064 = EDGE_CURVE('',#2056,#2065,#2067,.T.);
#2065 = VERTEX_POINT('',#2066);
#2066 = CARTESIAN_POINT('',(-3.225290684574,34.4,46.5));
#2067 = LINE('',#2068,#2069);
#2068 = CARTESIAN_POINT('',(-3.225290684574,34.4,41.5));
#2069 = VECTOR('',#2070,1.);
#2070 = DIRECTION('',(0.,0.,1.));
#2071 = ORIENTED_EDGE('',*,*,#2072,.F.);
#2072 = EDGE_CURVE('',#2073,#2065,#2075,.T.);
#2073 = VERTEX_POINT('',#2074);
#2074 = CARTESIAN_POINT('',(-0.4,37.225290684574,46.5));
#2075 = CIRCLE('',#2076,3.25);
#2076 = AXIS2_PLACEMENT_3D('',#2077,#2078,#2079);
#2077 = CARTESIAN_POINT('',(0.,34.,46.5));
#2078 = DIRECTION('',(0.,0.,1.));
#2079 = DIRECTION('',(1.,0.,0.));
#2080 = ORIENTED_EDGE('',*,*,#2081,.F.);
#2081 = EDGE_CURVE('',#2082,#2073,#2084,.T.);
#2082 = VERTEX_POINT('',#2083);
#2083 = CARTESIAN_POINT('',(-0.4,37.225290684574,45.));
#2084 = LINE('',#2085,#2086);
#2085 = CARTESIAN_POINT('',(-0.4,37.225290684574,41.5));
#2086 = VECTOR('',#2087,1.);
#2087 = DIRECTION('',(0.,0.,1.));
#2088 = ORIENTED_EDGE('',*,*,#2089,.F.);
#2089 = EDGE_CURVE('',#2090,#2082,#2092,.T.);
#2090 = VERTEX_POINT('',#2091);
#2091 = CARTESIAN_POINT('',(0.,37.25,45.));
#2092 = CIRCLE('',#2093,3.25);
#2093 = AXIS2_PLACEMENT_3D('',#2094,#2095,#2096);
#2094 = CARTESIAN_POINT('',(0.,34.,45.));
#2095 = DIRECTION('',(0.,0.,1.));
#2096 = DIRECTION('',(1.,0.,0.));
#2097 = ORIENTED_EDGE('',*,*,#2098,.F.);
#2098 = EDGE_CURVE('',#2099,#2090,#2101,.T.);
#2099 = VERTEX_POINT('',#2100);
#2100 = CARTESIAN_POINT('',(0.4,37.225290684574,45.));
#2101 = CIRCLE('',#2102,3.25);
#2102 = AXIS2_PLACEMENT_3D('',#2103,#2104,#2105);
#2103 = CARTESIAN_POINT('',(0.,34.,45.));
#2104 = DIRECTION('',(0.,0.,1.));
#2105 = DIRECTION('',(1.,0.,0.));
#2106 = ORIENTED_EDGE('',*,*,#2107,.T.);
#2107 = EDGE_CURVE('',#2099,#1928,#2108,.T.);
#2108 = LINE('',#2109,#2110);
#2109 = CARTESIAN_POINT('',(0.4,37.225290684574,41.5));
#2110 = VECTOR('',#2111,1.);
#2111 = DIRECTION('',(0.,0.,1.));
#2112 = CYLINDRICAL_SURFACE('',#2113,3.25);
#2113 = AXIS2_PLACEMENT_3D('',#2114,#2115,#2116);
#2114 = CARTESIAN_POINT('',(0.,34.,41.5));
#2115 = DIRECTION('',(0.,0.,1.));
#2116 = DIRECTION('',(1.,0.,0.));
#2117 = ADVANCED_FACE('',(#2118),#2135,.T.);
#2118 = FACE_BOUND('',#2119,.T.);
#2119 = EDGE_LOOP('',(#2120,#2128,#2134));
#2120 = ORIENTED_EDGE('',*,*,#2121,.F.);
#2121 = EDGE_CURVE('',#2122,#1928,#2124,.T.);
#2122 = VERTEX_POINT('',#2123);
#2123 = CARTESIAN_POINT('',(0.4,34.4,46.5));
#2124 = LINE('',#2125,#2126);
#2125 = CARTESIAN_POINT('',(0.4,30.75,46.5));
#2126 = VECTOR('',#2127,1.);
#2127 = DIRECTION('',(0.,1.,0.));
#2128 = ORIENTED_EDGE('',*,*,#2129,.T.);
#2129 = EDGE_CURVE('',#2122,#1926,#2130,.T.);
#2130 = LINE('',#2131,#2132);
#2131 = CARTESIAN_POINT('',(-3.25,34.4,46.5));
#2132 = VECTOR('',#2133,1.);
#2133 = DIRECTION('',(1.,0.,0.));
#2134 = ORIENTED_EDGE('',*,*,#1925,.T.);
#2135 = PLANE('',#2136);
#2136 = AXIS2_PLACEMENT_3D('',#2137,#2138,#2139);
#2137 = CARTESIAN_POINT('',(0.,34.,46.5));
#2138 = DIRECTION('',(0.,0.,1.));
#2139 = DIRECTION('',(1.,0.,0.));
#2140 = ADVANCED_FACE('',(#2141),#2159,.F.);
#2141 = FACE_BOUND('',#2142,.F.);
#2142 = EDGE_LOOP('',(#2143,#2144,#2152,#2158));
#2143 = ORIENTED_EDGE('',*,*,#2121,.F.);
#2144 = ORIENTED_EDGE('',*,*,#2145,.T.);
#2145 = EDGE_CURVE('',#2122,#2146,#2148,.T.);
#2146 = VERTEX_POINT('',#2147);
#2147 = CARTESIAN_POINT('',(0.4,34.4,45.));
#2148 = LINE('',#2149,#2150);
#2149 = CARTESIAN_POINT('',(0.4,34.4,45.));
#2150 = VECTOR('',#2151,1.);
#2151 = DIRECTION('',(0.,0.,-1.));
#2152 = ORIENTED_EDGE('',*,*,#2153,.T.);
#2153 = EDGE_CURVE('',#2146,#2099,#2154,.T.);
#2154 = LINE('',#2155,#2156);
#2155 = CARTESIAN_POINT('',(0.4,30.75,45.));
#2156 = VECTOR('',#2157,1.);
#2157 = DIRECTION('',(0.,1.,0.));
#2158 = ORIENTED_EDGE('',*,*,#2107,.T.);
#2159 = PLANE('',#2160);
#2160 = AXIS2_PLACEMENT_3D('',#2161,#2162,#2163);
#2161 = CARTESIAN_POINT('',(0.4,30.75,45.));
#2162 = DIRECTION('',(1.,0.,0.));
#2163 = DIRECTION('',(0.,0.,1.));
#2164 = ADVANCED_FACE('',(#2165),#2184,.T.);
#2165 = FACE_BOUND('',#2166,.T.);
#2166 = EDGE_LOOP('',(#2167,#2175,#2181,#2182,#2183));
#2167 = ORIENTED_EDGE('',*,*,#2168,.F.);
#2168 = EDGE_CURVE('',#2169,#2082,#2171,.T.);
#2169 = VERTEX_POINT('',#2170);
#2170 = CARTESIAN_POINT('',(-0.4,34.4,45.));
#2171 = LINE('',#2172,#2173);
#2172 = CARTESIAN_POINT('',(-0.4,30.75,45.));
#2173 = VECTOR('',#2174,1.);
#2174 = DIRECTION('',(0.,1.,0.));
#2175 = ORIENTED_EDGE('',*,*,#2176,.T.);
#2176 = EDGE_CURVE('',#2169,#2146,#2177,.T.);
#2177 = LINE('',#2178,#2179);
#2178 = CARTESIAN_POINT('',(-3.25,34.4,45.));
#2179 = VECTOR('',#2180,1.);
#2180 = DIRECTION('',(1.,0.,0.));
#2181 = ORIENTED_EDGE('',*,*,#2153,.T.);
#2182 = ORIENTED_EDGE('',*,*,#2098,.T.);
#2183 = ORIENTED_EDGE('',*,*,#2089,.T.);
#2184 = PLANE('',#2185);
#2185 = AXIS2_PLACEMENT_3D('',#2186,#2187,#2188);
#2186 = CARTESIAN_POINT('',(-0.4,30.75,45.));
#2187 = DIRECTION('',(0.,0.,1.));
#2188 = DIRECTION('',(1.,0.,0.));
#2189 = ADVANCED_FACE('',(#2190),#2208,.T.);
#2190 = FACE_BOUND('',#2191,.T.);
#2191 = EDGE_LOOP('',(#2192,#2200,#2206,#2207));
#2192 = ORIENTED_EDGE('',*,*,#2193,.F.);
#2193 = EDGE_CURVE('',#2194,#2073,#2196,.T.);
#2194 = VERTEX_POINT('',#2195);
#2195 = CARTESIAN_POINT('',(-0.4,34.4,46.5));
#2196 = LINE('',#2197,#2198);
#2197 = CARTESIAN_POINT('',(-0.4,30.75,46.5));
#2198 = VECTOR('',#2199,1.);
#2199 = DIRECTION('',(0.,1.,0.));
#2200 = ORIENTED_EDGE('',*,*,#2201,.T.);
#2201 = EDGE_CURVE('',#2194,#2169,#2202,.T.);
#2202 = LINE('',#2203,#2204);
#2203 = CARTESIAN_POINT('',(-0.4,34.4,45.));
#2204 = VECTOR('',#2205,1.);
#2205 = DIRECTION('',(0.,0.,-1.));
#2206 = ORIENTED_EDGE('',*,*,#2168,.T.);
#2207 = ORIENTED_EDGE('',*,*,#2081,.T.);
#2208 = PLANE('',#2209);
#2209 = AXIS2_PLACEMENT_3D('',#2210,#2211,#2212);
#2210 = CARTESIAN_POINT('',(-0.4,30.75,45.));
#2211 = DIRECTION('',(1.,0.,0.));
#2212 = DIRECTION('',(0.,0.,1.));
#2213 = ADVANCED_FACE('',(#2214),#2224,.T.);
#2214 = FACE_BOUND('',#2215,.T.);
#2215 = EDGE_LOOP('',(#2216,#2217,#2223));
#2216 = ORIENTED_EDGE('',*,*,#2072,.T.);
#2217 = ORIENTED_EDGE('',*,*,#2218,.T.);
#2218 = EDGE_CURVE('',#2065,#2194,#2219,.T.);
#2219 = LINE('',#2220,#2221);
#2220 = CARTESIAN_POINT('',(-3.25,34.4,46.5));
#2221 = VECTOR('',#2222,1.);
#2222 = DIRECTION('',(1.,0.,0.));
#2223 = ORIENTED_EDGE('',*,*,#2193,.T.);
#2224 = PLANE('',#2225);
#2225 = AXIS2_PLACEMENT_3D('',#2226,#2227,#2228);
#2226 = CARTESIAN_POINT('',(0.,34.,46.5));
#2227 = DIRECTION('',(0.,0.,1.));
#2228 = DIRECTION('',(1.,0.,0.));
#2229 = ADVANCED_FACE('',(#2230),#2241,.F.);
#2230 = FACE_BOUND('',#2231,.F.);
#2231 = EDGE_LOOP('',(#2232,#2238,#2239,#2240));
#2232 = ORIENTED_EDGE('',*,*,#2233,.F.);
#2233 = EDGE_CURVE('',#2056,#2169,#2234,.T.);
#2234 = LINE('',#2235,#2236);
#2235 = CARTESIAN_POINT('',(-3.25,34.4,45.));
#2236 = VECTOR('',#2237,1.);
#2237 = DIRECTION('',(1.,0.,0.));
#2238 = ORIENTED_EDGE('',*,*,#2064,.T.);
#2239 = ORIENTED_EDGE('',*,*,#2218,.T.);
#2240 = ORIENTED_EDGE('',*,*,#2201,.T.);
#2241 = PLANE('',#2242);
#2242 = AXIS2_PLACEMENT_3D('',#2243,#2244,#2245);
#2243 = CARTESIAN_POINT('',(-3.25,34.4,45.));
#2244 = DIRECTION('',(0.,1.,0.));
#2245 = DIRECTION('',(0.,0.,1.));
#2246 = ADVANCED_FACE('',(#2247),#2266,.T.);
#2247 = FACE_BOUND('',#2248,.T.);
#2248 = EDGE_LOOP('',(#2249,#2250,#2251,#2252,#2260));
#2249 = ORIENTED_EDGE('',*,*,#2233,.F.);
#2250 = ORIENTED_EDGE('',*,*,#2055,.T.);
#2251 = ORIENTED_EDGE('',*,*,#2046,.T.);
#2252 = ORIENTED_EDGE('',*,*,#2253,.T.);
#2253 = EDGE_CURVE('',#2039,#2254,#2256,.T.);
#2254 = VERTEX_POINT('',#2255);
#2255 = CARTESIAN_POINT('',(-0.4,33.6,45.));
#2256 = LINE('',#2257,#2258);
#2257 = CARTESIAN_POINT('',(-3.25,33.6,45.));
#2258 = VECTOR('',#2259,1.);
#2259 = DIRECTION('',(1.,0.,0.));
#2260 = ORIENTED_EDGE('',*,*,#2261,.T.);
#2261 = EDGE_CURVE('',#2254,#2169,#2262,.T.);
#2262 = LINE('',#2263,#2264);
#2263 = CARTESIAN_POINT('',(-0.4,30.75,45.));
#2264 = VECTOR('',#2265,1.);
#2265 = DIRECTION('',(0.,1.,0.));
#2266 = PLANE('',#2267);
#2267 = AXIS2_PLACEMENT_3D('',#2268,#2269,#2270);
#2268 = CARTESIAN_POINT('',(-3.25,33.6,45.));
#2269 = DIRECTION('',(0.,0.,1.));
#2270 = DIRECTION('',(1.,0.,0.));
#2271 = ADVANCED_FACE('',(#2272),#2290,.T.);
#2272 = FACE_BOUND('',#2273,.T.);
#2273 = EDGE_LOOP('',(#2274,#2275,#2276,#2284));
#2274 = ORIENTED_EDGE('',*,*,#2253,.F.);
#2275 = ORIENTED_EDGE('',*,*,#2038,.T.);
#2276 = ORIENTED_EDGE('',*,*,#2277,.T.);
#2277 = EDGE_CURVE('',#2030,#2278,#2280,.T.);
#2278 = VERTEX_POINT('',#2279);
#2279 = CARTESIAN_POINT('',(-0.4,33.6,46.5));
#2280 = LINE('',#2281,#2282);
#2281 = CARTESIAN_POINT('',(-3.25,33.6,46.5));
#2282 = VECTOR('',#2283,1.);
#2283 = DIRECTION('',(1.,0.,0.));
#2284 = ORIENTED_EDGE('',*,*,#2285,.T.);
#2285 = EDGE_CURVE('',#2278,#2254,#2286,.T.);
#2286 = LINE('',#2287,#2288);
#2287 = CARTESIAN_POINT('',(-0.4,33.6,45.));
#2288 = VECTOR('',#2289,1.);
#2289 = DIRECTION('',(0.,0.,-1.));
#2290 = PLANE('',#2291);
#2291 = AXIS2_PLACEMENT_3D('',#2292,#2293,#2294);
#2292 = CARTESIAN_POINT('',(-3.25,33.6,45.));
#2293 = DIRECTION('',(0.,1.,0.));
#2294 = DIRECTION('',(0.,0.,1.));
#2295 = ADVANCED_FACE('',(#2296),#2306,.T.);
#2296 = FACE_BOUND('',#2297,.T.);
#2297 = EDGE_LOOP('',(#2298,#2299,#2300));
#2298 = ORIENTED_EDGE('',*,*,#2277,.F.);
#2299 = ORIENTED_EDGE('',*,*,#2029,.T.);
#2300 = ORIENTED_EDGE('',*,*,#2301,.T.);
#2301 = EDGE_CURVE('',#2022,#2278,#2302,.T.);
#2302 = LINE('',#2303,#2304);
#2303 = CARTESIAN_POINT('',(-0.4,30.75,46.5));
#2304 = VECTOR('',#2305,1.);
#2305 = DIRECTION('',(0.,1.,0.));
#2306 = PLANE('',#2307);
#2307 = AXIS2_PLACEMENT_3D('',#2308,#2309,#2310);
#2308 = CARTESIAN_POINT('',(0.,34.,46.5));
#2309 = DIRECTION('',(0.,0.,1.));
#2310 = DIRECTION('',(1.,0.,0.));
#2311 = ADVANCED_FACE('',(#2312),#2323,.T.);
#2312 = FACE_BOUND('',#2313,.T.);
#2313 = EDGE_LOOP('',(#2314,#2315,#2316,#2322));
#2314 = ORIENTED_EDGE('',*,*,#2301,.F.);
#2315 = ORIENTED_EDGE('',*,*,#2021,.F.);
#2316 = ORIENTED_EDGE('',*,*,#2317,.T.);
#2317 = EDGE_CURVE('',#2013,#2254,#2318,.T.);
#2318 = LINE('',#2319,#2320);
#2319 = CARTESIAN_POINT('',(-0.4,30.75,45.));
#2320 = VECTOR('',#2321,1.);
#2321 = DIRECTION('',(0.,1.,0.));
#2322 = ORIENTED_EDGE('',*,*,#2285,.F.);
#2323 = PLANE('',#2324);
#2324 = AXIS2_PLACEMENT_3D('',#2325,#2326,#2327);
#2325 = CARTESIAN_POINT('',(-0.4,30.75,45.));
#2326 = DIRECTION('',(1.,0.,0.));
#2327 = DIRECTION('',(0.,0.,1.));
#2328 = ADVANCED_FACE('',(#2329),#2348,.T.);
#2329 = FACE_BOUND('',#2330,.T.);
#2330 = EDGE_LOOP('',(#2331,#2339,#2340,#2341,#2342));
#2331 = ORIENTED_EDGE('',*,*,#2332,.F.);
#2332 = EDGE_CURVE('',#2254,#2333,#2335,.T.);
#2333 = VERTEX_POINT('',#2334);
#2334 = CARTESIAN_POINT('',(0.4,33.6,45.));
#2335 = LINE('',#2336,#2337);
#2336 = CARTESIAN_POINT('',(-3.25,33.6,45.));
#2337 = VECTOR('',#2338,1.);
#2338 = DIRECTION('',(1.,0.,0.));
#2339 = ORIENTED_EDGE('',*,*,#2317,.F.);
#2340 = ORIENTED_EDGE('',*,*,#2012,.T.);
#2341 = ORIENTED_EDGE('',*,*,#2003,.T.);
#2342 = ORIENTED_EDGE('',*,*,#2343,.T.);
#2343 = EDGE_CURVE('',#1996,#2333,#2344,.T.);
#2344 = LINE('',#2345,#2346);
#2345 = CARTESIAN_POINT('',(0.4,30.75,45.));
#2346 = VECTOR('',#2347,1.);
#2347 = DIRECTION('',(0.,1.,0.));
#2348 = PLANE('',#2349);
#2349 = AXIS2_PLACEMENT_3D('',#2350,#2351,#2352);
#2350 = CARTESIAN_POINT('',(-0.4,30.75,45.));
#2351 = DIRECTION('',(0.,0.,1.));
#2352 = DIRECTION('',(1.,0.,0.));
#2353 = ADVANCED_FACE('',(#2354),#2372,.F.);
#2354 = FACE_BOUND('',#2355,.F.);
#2355 = EDGE_LOOP('',(#2356,#2364,#2365,#2366));
#2356 = ORIENTED_EDGE('',*,*,#2357,.F.);
#2357 = EDGE_CURVE('',#1987,#2358,#2360,.T.);
#2358 = VERTEX_POINT('',#2359);
#2359 = CARTESIAN_POINT('',(0.4,33.6,46.5));
#2360 = LINE('',#2361,#2362);
#2361 = CARTESIAN_POINT('',(0.4,30.75,46.5));
#2362 = VECTOR('',#2363,1.);
#2363 = DIRECTION('',(0.,1.,0.));
#2364 = ORIENTED_EDGE('',*,*,#1995,.F.);
#2365 = ORIENTED_EDGE('',*,*,#2343,.T.);
#2366 = ORIENTED_EDGE('',*,*,#2367,.F.);
#2367 = EDGE_CURVE('',#2358,#2333,#2368,.T.);
#2368 = LINE('',#2369,#2370);
#2369 = CARTESIAN_POINT('',(0.4,33.6,45.));
#2370 = VECTOR('',#2371,1.);
#2371 = DIRECTION('',(0.,0.,-1.));
#2372 = PLANE('',#2373);
#2373 = AXIS2_PLACEMENT_3D('',#2374,#2375,#2376);
#2374 = CARTESIAN_POINT('',(0.4,30.75,45.));
#2375 = DIRECTION('',(1.,0.,0.));
#2376 = DIRECTION('',(0.,0.,1.));
#2377 = ADVANCED_FACE('',(#2378),#2388,.T.);
#2378 = FACE_BOUND('',#2379,.T.);
#2379 = EDGE_LOOP('',(#2380,#2386,#2387));
#2380 = ORIENTED_EDGE('',*,*,#2381,.F.);
#2381 = EDGE_CURVE('',#2358,#1979,#2382,.T.);
#2382 = LINE('',#2383,#2384);
#2383 = CARTESIAN_POINT('',(-3.25,33.6,46.5));
#2384 = VECTOR('',#2385,1.);
#2385 = DIRECTION('',(1.,0.,0.));
#2386 = ORIENTED_EDGE('',*,*,#2357,.F.);
#2387 = ORIENTED_EDGE('',*,*,#1986,.T.);
#2388 = PLANE('',#2389);
#2389 = AXIS2_PLACEMENT_3D('',#2390,#2391,#2392);
#2390 = CARTESIAN_POINT('',(0.,34.,46.5));
#2391 = DIRECTION('',(0.,0.,1.));
#2392 = DIRECTION('',(1.,0.,0.));
#2393 = ADVANCED_FACE('',(#2394),#2405,.T.);
#2394 = FACE_BOUND('',#2395,.T.);
#2395 = EDGE_LOOP('',(#2396,#2402,#2403,#2404));
#2396 = ORIENTED_EDGE('',*,*,#2397,.F.);
#2397 = EDGE_CURVE('',#2333,#1970,#2398,.T.);
#2398 = LINE('',#2399,#2400);
#2399 = CARTESIAN_POINT('',(-3.25,33.6,45.));
#2400 = VECTOR('',#2401,1.);
#2401 = DIRECTION('',(1.,0.,0.));
#2402 = ORIENTED_EDGE('',*,*,#2367,.F.);
#2403 = ORIENTED_EDGE('',*,*,#2381,.T.);
#2404 = ORIENTED_EDGE('',*,*,#1978,.F.);
#2405 = PLANE('',#2406);
#2406 = AXIS2_PLACEMENT_3D('',#2407,#2408,#2409);
#2407 = CARTESIAN_POINT('',(-3.25,33.6,45.));
#2408 = DIRECTION('',(0.,1.,0.));
#2409 = DIRECTION('',(0.,0.,1.));
#2410 = ADVANCED_FACE('',(#2411),#2428,.T.);
#2411 = FACE_BOUND('',#2412,.T.);
#2412 = EDGE_LOOP('',(#2413,#2419,#2425,#2426,#2427));
#2413 = ORIENTED_EDGE('',*,*,#2414,.F.);
#2414 = EDGE_CURVE('',#2146,#1937,#2415,.T.);
#2415 = LINE('',#2416,#2417);
#2416 = CARTESIAN_POINT('',(-3.25,34.4,45.));
#2417 = VECTOR('',#2418,1.);
#2418 = DIRECTION('',(1.,0.,0.));
#2419 = ORIENTED_EDGE('',*,*,#2420,.F.);
#2420 = EDGE_CURVE('',#2333,#2146,#2421,.T.);
#2421 = LINE('',#2422,#2423);
#2422 = CARTESIAN_POINT('',(0.4,30.75,45.));
#2423 = VECTOR('',#2424,1.);
#2424 = DIRECTION('',(0.,1.,0.));
#2425 = ORIENTED_EDGE('',*,*,#2397,.T.);
#2426 = ORIENTED_EDGE('',*,*,#1969,.T.);
#2427 = ORIENTED_EDGE('',*,*,#1944,.T.);
#2428 = PLANE('',#2429);
#2429 = AXIS2_PLACEMENT_3D('',#2430,#2431,#2432);
#2430 = CARTESIAN_POINT('',(-3.25,33.6,45.));
#2431 = DIRECTION('',(0.,0.,1.));
#2432 = DIRECTION('',(1.,0.,0.));
#2433 = ADVANCED_FACE('',(#2434),#2437,.F.);
#2434 = FACE_BOUND('',#2435,.T.);
#2435 = EDGE_LOOP('',(#2436));
#2436 = ORIENTED_EDGE('',*,*,#1961,.F.);
#2437 = PLANE('',#2438);
#2438 = AXIS2_PLACEMENT_3D('',#2439,#2440,#2441);
#2439 = CARTESIAN_POINT('',(0.,34.,41.5));
#2440 = DIRECTION('',(0.,0.,1.));
#2441 = DIRECTION('',(1.,0.,0.));
#2442 = ADVANCED_FACE('',(#2443),#2449,.F.);
#2443 = FACE_BOUND('',#2444,.F.);
#2444 = EDGE_LOOP('',(#2445,#2446,#2447,#2448));
#2445 = ORIENTED_EDGE('',*,*,#2414,.F.);
#2446 = ORIENTED_EDGE('',*,*,#2145,.F.);
#2447 = ORIENTED_EDGE('',*,*,#2129,.T.);
#2448 = ORIENTED_EDGE('',*,*,#1936,.F.);
#2449 = PLANE('',#2450);
#2450 = AXIS2_PLACEMENT_3D('',#2451,#2452,#2453);
#2451 = CARTESIAN_POINT('',(-3.25,34.4,45.));
#2452 = DIRECTION('',(0.,1.,0.));
#2453 = DIRECTION('',(0.,0.,1.));
#2454 = ADVANCED_FACE('',(#2455),#2461,.T.);
#2455 = FACE_BOUND('',#2456,.T.);
#2456 = EDGE_LOOP('',(#2457,#2458,#2459,#2460));
#2457 = ORIENTED_EDGE('',*,*,#2176,.F.);
#2458 = ORIENTED_EDGE('',*,*,#2261,.F.);
#2459 = ORIENTED_EDGE('',*,*,#2332,.T.);
#2460 = ORIENTED_EDGE('',*,*,#2420,.T.);
#2461 = PLANE('',#2462);
#2462 = AXIS2_PLACEMENT_3D('',#2463,#2464,#2465);
#2463 = CARTESIAN_POINT('',(-3.25,33.6,45.));
#2464 = DIRECTION('',(0.,0.,1.));
#2465 = DIRECTION('',(1.,0.,0.));
#2466 = MANIFOLD_SOLID_BREP('',#2467);
#2467 = CLOSED_SHELL('',(#2468,#2664,#2687,#2711,#2736,#2760,#2776,#2793
    ,#2818,#2842,#2858,#2875,#2900,#2924,#2940,#2957,#2980,#2989,#3001)
  );
#2468 = ADVANCED_FACE('',(#2469),#2659,.T.);
#2469 = FACE_BOUND('',#2470,.T.);
#2470 = EDGE_LOOP('',(#2471,#2482,#2490,#2499,#2507,#2514,#2515,#2524,
    #2532,#2541,#2549,#2558,#2567,#2575,#2584,#2592,#2601,#2610,#2618,
    #2627,#2635,#2644,#2653));
#2471 = ORIENTED_EDGE('',*,*,#2472,.F.);
#2472 = EDGE_CURVE('',#2473,#2475,#2477,.T.);
#2473 = VERTEX_POINT('',#2474);
#2474 = CARTESIAN_POINT('',(3.225290684574,-33.6,46.5));
#2475 = VERTEX_POINT('',#2476);
#2476 = CARTESIAN_POINT('',(0.4,-30.77470931542,46.5));
#2477 = CIRCLE('',#2478,3.25);
#2478 = AXIS2_PLACEMENT_3D('',#2479,#2480,#2481);
#2479 = CARTESIAN_POINT('',(0.,-34.,46.5));
#2480 = DIRECTION('',(0.,0.,1.));
#2481 = DIRECTION('',(1.,0.,0.));
#2482 = ORIENTED_EDGE('',*,*,#2483,.F.);
#2483 = EDGE_CURVE('',#2484,#2473,#2486,.T.);
#2484 = VERTEX_POINT('',#2485);
#2485 = CARTESIAN_POINT('',(3.225290684574,-33.6,45.));
#2486 = LINE('',#2487,#2488);
#2487 = CARTESIAN_POINT('',(3.225290684574,-33.6,41.5));
#2488 = VECTOR('',#2489,1.);
#2489 = DIRECTION('',(0.,0.,1.));
#2490 = ORIENTED_EDGE('',*,*,#2491,.F.);
#2491 = EDGE_CURVE('',#2492,#2484,#2494,.T.);
#2492 = VERTEX_POINT('',#2493);
#2493 = CARTESIAN_POINT('',(3.25,-34.,45.));
#2494 = CIRCLE('',#2495,3.25);
#2495 = AXIS2_PLACEMENT_3D('',#2496,#2497,#2498);
#2496 = CARTESIAN_POINT('',(0.,-34.,45.));
#2497 = DIRECTION('',(0.,0.,1.));
#2498 = DIRECTION('',(1.,0.,0.));
#2499 = ORIENTED_EDGE('',*,*,#2500,.F.);
#2500 = EDGE_CURVE('',#2501,#2492,#2503,.T.);
#2501 = VERTEX_POINT('',#2502);
#2502 = CARTESIAN_POINT('',(3.25,-34.,41.5));
#2503 = LINE('',#2504,#2505);
#2504 = CARTESIAN_POINT('',(3.25,-34.,41.5));
#2505 = VECTOR('',#2506,1.);
#2506 = DIRECTION('',(0.,0.,1.));
#2507 = ORIENTED_EDGE('',*,*,#2508,.T.);
#2508 = EDGE_CURVE('',#2501,#2501,#2509,.T.);
#2509 = CIRCLE('',#2510,3.25);
#2510 = AXIS2_PLACEMENT_3D('',#2511,#2512,#2513);
#2511 = CARTESIAN_POINT('',(0.,-34.,41.5));
#2512 = DIRECTION('',(0.,0.,1.));
#2513 = DIRECTION('',(1.,0.,0.));
#2514 = ORIENTED_EDGE('',*,*,#2500,.T.);
#2515 = ORIENTED_EDGE('',*,*,#2516,.F.);
#2516 = EDGE_CURVE('',#2517,#2492,#2519,.T.);
#2517 = VERTEX_POINT('',#2518);
#2518 = CARTESIAN_POINT('',(3.225290684574,-34.4,45.));
#2519 = CIRCLE('',#2520,3.25);
#2520 = AXIS2_PLACEMENT_3D('',#2521,#2522,#2523);
#2521 = CARTESIAN_POINT('',(0.,-34.,45.));
#2522 = DIRECTION('',(0.,0.,1.));
#2523 = DIRECTION('',(1.,0.,0.));
#2524 = ORIENTED_EDGE('',*,*,#2525,.T.);
#2525 = EDGE_CURVE('',#2517,#2526,#2528,.T.);
#2526 = VERTEX_POINT('',#2527);
#2527 = CARTESIAN_POINT('',(3.225290684574,-34.4,46.5));
#2528 = LINE('',#2529,#2530);
#2529 = CARTESIAN_POINT('',(3.225290684574,-34.4,41.5));
#2530 = VECTOR('',#2531,1.);
#2531 = DIRECTION('',(0.,0.,1.));
#2532 = ORIENTED_EDGE('',*,*,#2533,.F.);
#2533 = EDGE_CURVE('',#2534,#2526,#2536,.T.);
#2534 = VERTEX_POINT('',#2535);
#2535 = CARTESIAN_POINT('',(0.4,-37.22529068457,46.5));
#2536 = CIRCLE('',#2537,3.25);
#2537 = AXIS2_PLACEMENT_3D('',#2538,#2539,#2540);
#2538 = CARTESIAN_POINT('',(0.,-34.,46.5));
#2539 = DIRECTION('',(0.,0.,1.));
#2540 = DIRECTION('',(1.,0.,0.));
#2541 = ORIENTED_EDGE('',*,*,#2542,.F.);
#2542 = EDGE_CURVE('',#2543,#2534,#2545,.T.);
#2543 = VERTEX_POINT('',#2544);
#2544 = CARTESIAN_POINT('',(0.4,-37.22529068457,45.));
#2545 = LINE('',#2546,#2547);
#2546 = CARTESIAN_POINT('',(0.4,-37.22529068457,41.5));
#2547 = VECTOR('',#2548,1.);
#2548 = DIRECTION('',(0.,0.,1.));
#2549 = ORIENTED_EDGE('',*,*,#2550,.F.);
#2550 = EDGE_CURVE('',#2551,#2543,#2553,.T.);
#2551 = VERTEX_POINT('',#2552);
#2552 = CARTESIAN_POINT('',(0.,-37.25,45.));
#2553 = CIRCLE('',#2554,3.25);
#2554 = AXIS2_PLACEMENT_3D('',#2555,#2556,#2557);
#2555 = CARTESIAN_POINT('',(0.,-34.,45.));
#2556 = DIRECTION('',(0.,0.,1.));
#2557 = DIRECTION('',(1.,0.,0.));
#2558 = ORIENTED_EDGE('',*,*,#2559,.F.);
#2559 = EDGE_CURVE('',#2560,#2551,#2562,.T.);
#2560 = VERTEX_POINT('',#2561);
#2561 = CARTESIAN_POINT('',(-0.4,-37.22529068457,45.));
#2562 = CIRCLE('',#2563,3.25);
#2563 = AXIS2_PLACEMENT_3D('',#2564,#2565,#2566);
#2564 = CARTESIAN_POINT('',(0.,-34.,45.));
#2565 = DIRECTION('',(0.,0.,1.));
#2566 = DIRECTION('',(1.,0.,0.));
#2567 = ORIENTED_EDGE('',*,*,#2568,.T.);
#2568 = EDGE_CURVE('',#2560,#2569,#2571,.T.);
#2569 = VERTEX_POINT('',#2570);
#2570 = CARTESIAN_POINT('',(-0.4,-37.22529068457,46.5));
#2571 = LINE('',#2572,#2573);
#2572 = CARTESIAN_POINT('',(-0.4,-37.22529068457,41.5));
#2573 = VECTOR('',#2574,1.);
#2574 = DIRECTION('',(0.,0.,1.));
#2575 = ORIENTED_EDGE('',*,*,#2576,.F.);
#2576 = EDGE_CURVE('',#2577,#2569,#2579,.T.);
#2577 = VERTEX_POINT('',#2578);
#2578 = CARTESIAN_POINT('',(-3.225290684574,-34.4,46.5));
#2579 = CIRCLE('',#2580,3.25);
#2580 = AXIS2_PLACEMENT_3D('',#2581,#2582,#2583);
#2581 = CARTESIAN_POINT('',(0.,-34.,46.5));
#2582 = DIRECTION('',(0.,0.,1.));
#2583 = DIRECTION('',(1.,0.,0.));
#2584 = ORIENTED_EDGE('',*,*,#2585,.F.);
#2585 = EDGE_CURVE('',#2586,#2577,#2588,.T.);
#2586 = VERTEX_POINT('',#2587);
#2587 = CARTESIAN_POINT('',(-3.225290684574,-34.4,45.));
#2588 = LINE('',#2589,#2590);
#2589 = CARTESIAN_POINT('',(-3.225290684574,-34.4,41.5));
#2590 = VECTOR('',#2591,1.);
#2591 = DIRECTION('',(0.,0.,1.));
#2592 = ORIENTED_EDGE('',*,*,#2593,.F.);
#2593 = EDGE_CURVE('',#2594,#2586,#2596,.T.);
#2594 = VERTEX_POINT('',#2595);
#2595 = CARTESIAN_POINT('',(-3.25,-34.,45.));
#2596 = CIRCLE('',#2597,3.25);
#2597 = AXIS2_PLACEMENT_3D('',#2598,#2599,#2600);
#2598 = CARTESIAN_POINT('',(0.,-34.,45.));
#2599 = DIRECTION('',(0.,0.,1.));
#2600 = DIRECTION('',(1.,0.,0.));
#2601 = ORIENTED_EDGE('',*,*,#2602,.F.);
#2602 = EDGE_CURVE('',#2603,#2594,#2605,.T.);
#2603 = VERTEX_POINT('',#2604);
#2604 = CARTESIAN_POINT('',(-3.225290684574,-33.6,45.));
#2605 = CIRCLE('',#2606,3.25);
#2606 = AXIS2_PLACEMENT_3D('',#2607,#2608,#2609);
#2607 = CARTESIAN_POINT('',(0.,-34.,45.));
#2608 = DIRECTION('',(0.,0.,1.));
#2609 = DIRECTION('',(1.,0.,0.));
#2610 = ORIENTED_EDGE('',*,*,#2611,.T.);
#2611 = EDGE_CURVE('',#2603,#2612,#2614,.T.);
#2612 = VERTEX_POINT('',#2613);
#2613 = CARTESIAN_POINT('',(-3.225290684574,-33.6,46.5));
#2614 = LINE('',#2615,#2616);
#2615 = CARTESIAN_POINT('',(-3.225290684574,-33.6,41.5));
#2616 = VECTOR('',#2617,1.);
#2617 = DIRECTION('',(0.,0.,1.));
#2618 = ORIENTED_EDGE('',*,*,#2619,.F.);
#2619 = EDGE_CURVE('',#2620,#2612,#2622,.T.);
#2620 = VERTEX_POINT('',#2621);
#2621 = CARTESIAN_POINT('',(-0.4,-30.77470931542,46.5));
#2622 = CIRCLE('',#2623,3.25);
#2623 = AXIS2_PLACEMENT_3D('',#2624,#2625,#2626);
#2624 = CARTESIAN_POINT('',(0.,-34.,46.5));
#2625 = DIRECTION('',(0.,0.,1.));
#2626 = DIRECTION('',(1.,0.,0.));
#2627 = ORIENTED_EDGE('',*,*,#2628,.F.);
#2628 = EDGE_CURVE('',#2629,#2620,#2631,.T.);
#2629 = VERTEX_POINT('',#2630);
#2630 = CARTESIAN_POINT('',(-0.4,-30.77470931542,45.));
#2631 = LINE('',#2632,#2633);
#2632 = CARTESIAN_POINT('',(-0.4,-30.77470931542,41.5));
#2633 = VECTOR('',#2634,1.);
#2634 = DIRECTION('',(0.,0.,1.));
#2635 = ORIENTED_EDGE('',*,*,#2636,.F.);
#2636 = EDGE_CURVE('',#2637,#2629,#2639,.T.);
#2637 = VERTEX_POINT('',#2638);
#2638 = CARTESIAN_POINT('',(0.,-30.75,45.));
#2639 = CIRCLE('',#2640,3.25);
#2640 = AXIS2_PLACEMENT_3D('',#2641,#2642,#2643);
#2641 = CARTESIAN_POINT('',(0.,-34.,45.));
#2642 = DIRECTION('',(0.,0.,1.));
#2643 = DIRECTION('',(1.,0.,0.));
#2644 = ORIENTED_EDGE('',*,*,#2645,.F.);
#2645 = EDGE_CURVE('',#2646,#2637,#2648,.T.);
#2646 = VERTEX_POINT('',#2647);
#2647 = CARTESIAN_POINT('',(0.4,-30.77470931542,45.));
#2648 = CIRCLE('',#2649,3.25);
#2649 = AXIS2_PLACEMENT_3D('',#2650,#2651,#2652);
#2650 = CARTESIAN_POINT('',(0.,-34.,45.));
#2651 = DIRECTION('',(0.,0.,1.));
#2652 = DIRECTION('',(1.,0.,0.));
#2653 = ORIENTED_EDGE('',*,*,#2654,.T.);
#2654 = EDGE_CURVE('',#2646,#2475,#2655,.T.);
#2655 = LINE('',#2656,#2657);
#2656 = CARTESIAN_POINT('',(0.4,-30.77470931542,41.5));
#2657 = VECTOR('',#2658,1.);
#2658 = DIRECTION('',(0.,0.,1.));
#2659 = CYLINDRICAL_SURFACE('',#2660,3.25);
#2660 = AXIS2_PLACEMENT_3D('',#2661,#2662,#2663);
#2661 = CARTESIAN_POINT('',(0.,-34.,41.5));
#2662 = DIRECTION('',(0.,0.,1.));
#2663 = DIRECTION('',(1.,0.,0.));
#2664 = ADVANCED_FACE('',(#2665),#2682,.T.);
#2665 = FACE_BOUND('',#2666,.T.);
#2666 = EDGE_LOOP('',(#2667,#2675,#2681));
#2667 = ORIENTED_EDGE('',*,*,#2668,.F.);
#2668 = EDGE_CURVE('',#2669,#2475,#2671,.T.);
#2669 = VERTEX_POINT('',#2670);
#2670 = CARTESIAN_POINT('',(0.4,-33.6,46.5));
#2671 = LINE('',#2672,#2673);
#2672 = CARTESIAN_POINT('',(0.4,-37.25,46.5));
#2673 = VECTOR('',#2674,1.);
#2674 = DIRECTION('',(0.,1.,0.));
#2675 = ORIENTED_EDGE('',*,*,#2676,.T.);
#2676 = EDGE_CURVE('',#2669,#2473,#2677,.T.);
#2677 = LINE('',#2678,#2679);
#2678 = CARTESIAN_POINT('',(-3.25,-33.6,46.5));
#2679 = VECTOR('',#2680,1.);
#2680 = DIRECTION('',(1.,0.,0.));
#2681 = ORIENTED_EDGE('',*,*,#2472,.T.);
#2682 = PLANE('',#2683);
#2683 = AXIS2_PLACEMENT_3D('',#2684,#2685,#2686);
#2684 = CARTESIAN_POINT('',(0.,-34.,46.5));
#2685 = DIRECTION('',(0.,0.,1.));
#2686 = DIRECTION('',(1.,0.,0.));
#2687 = ADVANCED_FACE('',(#2688),#2706,.F.);
#2688 = FACE_BOUND('',#2689,.F.);
#2689 = EDGE_LOOP('',(#2690,#2691,#2699,#2705));
#2690 = ORIENTED_EDGE('',*,*,#2668,.F.);
#2691 = ORIENTED_EDGE('',*,*,#2692,.T.);
#2692 = EDGE_CURVE('',#2669,#2693,#2695,.T.);
#2693 = VERTEX_POINT('',#2694);
#2694 = CARTESIAN_POINT('',(0.4,-33.6,45.));
#2695 = LINE('',#2696,#2697);
#2696 = CARTESIAN_POINT('',(0.4,-33.6,45.));
#2697 = VECTOR('',#2698,1.);
#2698 = DIRECTION('',(0.,0.,-1.));
#2699 = ORIENTED_EDGE('',*,*,#2700,.T.);
#2700 = EDGE_CURVE('',#2693,#2646,#2701,.T.);
#2701 = LINE('',#2702,#2703);
#2702 = CARTESIAN_POINT('',(0.4,-37.25,45.));
#2703 = VECTOR('',#2704,1.);
#2704 = DIRECTION('',(0.,1.,0.));
#2705 = ORIENTED_EDGE('',*,*,#2654,.T.);
#2706 = PLANE('',#2707);
#2707 = AXIS2_PLACEMENT_3D('',#2708,#2709,#2710);
#2708 = CARTESIAN_POINT('',(0.4,-37.25,45.));
#2709 = DIRECTION('',(1.,0.,0.));
#2710 = DIRECTION('',(0.,0.,1.));
#2711 = ADVANCED_FACE('',(#2712),#2731,.T.);
#2712 = FACE_BOUND('',#2713,.T.);
#2713 = EDGE_LOOP('',(#2714,#2722,#2728,#2729,#2730));
#2714 = ORIENTED_EDGE('',*,*,#2715,.F.);
#2715 = EDGE_CURVE('',#2716,#2629,#2718,.T.);
#2716 = VERTEX_POINT('',#2717);
#2717 = CARTESIAN_POINT('',(-0.4,-33.6,45.));
#2718 = LINE('',#2719,#2720);
#2719 = CARTESIAN_POINT('',(-0.4,-37.25,45.));
#2720 = VECTOR('',#2721,1.);
#2721 = DIRECTION('',(0.,1.,0.));
#2722 = ORIENTED_EDGE('',*,*,#2723,.T.);
#2723 = EDGE_CURVE('',#2716,#2693,#2724,.T.);
#2724 = LINE('',#2725,#2726);
#2725 = CARTESIAN_POINT('',(-3.25,-33.6,45.));
#2726 = VECTOR('',#2727,1.);
#2727 = DIRECTION('',(1.,0.,0.));
#2728 = ORIENTED_EDGE('',*,*,#2700,.T.);
#2729 = ORIENTED_EDGE('',*,*,#2645,.T.);
#2730 = ORIENTED_EDGE('',*,*,#2636,.T.);
#2731 = PLANE('',#2732);
#2732 = AXIS2_PLACEMENT_3D('',#2733,#2734,#2735);
#2733 = CARTESIAN_POINT('',(-0.4,-37.25,45.));
#2734 = DIRECTION('',(0.,0.,1.));
#2735 = DIRECTION('',(1.,0.,0.));
#2736 = ADVANCED_FACE('',(#2737),#2755,.T.);
#2737 = FACE_BOUND('',#2738,.T.);
#2738 = EDGE_LOOP('',(#2739,#2747,#2753,#2754));
#2739 = ORIENTED_EDGE('',*,*,#2740,.F.);
#2740 = EDGE_CURVE('',#2741,#2620,#2743,.T.);
#2741 = VERTEX_POINT('',#2742);
#2742 = CARTESIAN_POINT('',(-0.4,-33.6,46.5));
#2743 = LINE('',#2744,#2745);
#2744 = CARTESIAN_POINT('',(-0.4,-37.25,46.5));
#2745 = VECTOR('',#2746,1.);
#2746 = DIRECTION('',(0.,1.,0.));
#2747 = ORIENTED_EDGE('',*,*,#2748,.T.);
#2748 = EDGE_CURVE('',#2741,#2716,#2749,.T.);
#2749 = LINE('',#2750,#2751);
#2750 = CARTESIAN_POINT('',(-0.4,-33.6,45.));
#2751 = VECTOR('',#2752,1.);
#2752 = DIRECTION('',(0.,0.,-1.));
#2753 = ORIENTED_EDGE('',*,*,#2715,.T.);
#2754 = ORIENTED_EDGE('',*,*,#2628,.T.);
#2755 = PLANE('',#2756);
#2756 = AXIS2_PLACEMENT_3D('',#2757,#2758,#2759);
#2757 = CARTESIAN_POINT('',(-0.4,-37.25,45.));
#2758 = DIRECTION('',(1.,0.,0.));
#2759 = DIRECTION('',(0.,0.,1.));
#2760 = ADVANCED_FACE('',(#2761),#2771,.T.);
#2761 = FACE_BOUND('',#2762,.T.);
#2762 = EDGE_LOOP('',(#2763,#2764,#2770));
#2763 = ORIENTED_EDGE('',*,*,#2619,.T.);
#2764 = ORIENTED_EDGE('',*,*,#2765,.T.);
#2765 = EDGE_CURVE('',#2612,#2741,#2766,.T.);
#2766 = LINE('',#2767,#2768);
#2767 = CARTESIAN_POINT('',(-3.25,-33.6,46.5));
#2768 = VECTOR('',#2769,1.);
#2769 = DIRECTION('',(1.,0.,0.));
#2770 = ORIENTED_EDGE('',*,*,#2740,.T.);
#2771 = PLANE('',#2772);
#2772 = AXIS2_PLACEMENT_3D('',#2773,#2774,#2775);
#2773 = CARTESIAN_POINT('',(0.,-34.,46.5));
#2774 = DIRECTION('',(0.,0.,1.));
#2775 = DIRECTION('',(1.,0.,0.));
#2776 = ADVANCED_FACE('',(#2777),#2788,.F.);
#2777 = FACE_BOUND('',#2778,.F.);
#2778 = EDGE_LOOP('',(#2779,#2785,#2786,#2787));
#2779 = ORIENTED_EDGE('',*,*,#2780,.F.);
#2780 = EDGE_CURVE('',#2603,#2716,#2781,.T.);
#2781 = LINE('',#2782,#2783);
#2782 = CARTESIAN_POINT('',(-3.25,-33.6,45.));
#2783 = VECTOR('',#2784,1.);
#2784 = DIRECTION('',(1.,0.,0.));
#2785 = ORIENTED_EDGE('',*,*,#2611,.T.);
#2786 = ORIENTED_EDGE('',*,*,#2765,.T.);
#2787 = ORIENTED_EDGE('',*,*,#2748,.T.);
#2788 = PLANE('',#2789);
#2789 = AXIS2_PLACEMENT_3D('',#2790,#2791,#2792);
#2790 = CARTESIAN_POINT('',(-3.25,-33.6,45.));
#2791 = DIRECTION('',(0.,1.,0.));
#2792 = DIRECTION('',(0.,0.,1.));
#2793 = ADVANCED_FACE('',(#2794),#2813,.T.);
#2794 = FACE_BOUND('',#2795,.T.);
#2795 = EDGE_LOOP('',(#2796,#2797,#2798,#2799,#2807));
#2796 = ORIENTED_EDGE('',*,*,#2780,.F.);
#2797 = ORIENTED_EDGE('',*,*,#2602,.T.);
#2798 = ORIENTED_EDGE('',*,*,#2593,.T.);
#2799 = ORIENTED_EDGE('',*,*,#2800,.T.);
#2800 = EDGE_CURVE('',#2586,#2801,#2803,.T.);
#2801 = VERTEX_POINT('',#2802);
#2802 = CARTESIAN_POINT('',(-0.4,-34.4,45.));
#2803 = LINE('',#2804,#2805);
#2804 = CARTESIAN_POINT('',(-3.25,-34.4,45.));
#2805 = VECTOR('',#2806,1.);
#2806 = DIRECTION('',(1.,0.,0.));
#2807 = ORIENTED_EDGE('',*,*,#2808,.T.);
#2808 = EDGE_CURVE('',#2801,#2716,#2809,.T.);
#2809 = LINE('',#2810,#2811);
#2810 = CARTESIAN_POINT('',(-0.4,-37.25,45.));
#2811 = VECTOR('',#2812,1.);
#2812 = DIRECTION('',(0.,1.,0.));
#2813 = PLANE('',#2814);
#2814 = AXIS2_PLACEMENT_3D('',#2815,#2816,#2817);
#2815 = CARTESIAN_POINT('',(-3.25,-34.4,45.));
#2816 = DIRECTION('',(0.,0.,1.));
#2817 = DIRECTION('',(1.,0.,0.));
#2818 = ADVANCED_FACE('',(#2819),#2837,.T.);
#2819 = FACE_BOUND('',#2820,.T.);
#2820 = EDGE_LOOP('',(#2821,#2822,#2823,#2831));
#2821 = ORIENTED_EDGE('',*,*,#2800,.F.);
#2822 = ORIENTED_EDGE('',*,*,#2585,.T.);
#2823 = ORIENTED_EDGE('',*,*,#2824,.T.);
#2824 = EDGE_CURVE('',#2577,#2825,#2827,.T.);
#2825 = VERTEX_POINT('',#2826);
#2826 = CARTESIAN_POINT('',(-0.4,-34.4,46.5));
#2827 = LINE('',#2828,#2829);
#2828 = CARTESIAN_POINT('',(-3.25,-34.4,46.5));
#2829 = VECTOR('',#2830,1.);
#2830 = DIRECTION('',(1.,0.,0.));
#2831 = ORIENTED_EDGE('',*,*,#2832,.T.);
#2832 = EDGE_CURVE('',#2825,#2801,#2833,.T.);
#2833 = LINE('',#2834,#2835);
#2834 = CARTESIAN_POINT('',(-0.4,-34.4,45.));
#2835 = VECTOR('',#2836,1.);
#2836 = DIRECTION('',(0.,0.,-1.));
#2837 = PLANE('',#2838);
#2838 = AXIS2_PLACEMENT_3D('',#2839,#2840,#2841);
#2839 = CARTESIAN_POINT('',(-3.25,-34.4,45.));
#2840 = DIRECTION('',(0.,1.,0.));
#2841 = DIRECTION('',(0.,0.,1.));
#2842 = ADVANCED_FACE('',(#2843),#2853,.T.);
#2843 = FACE_BOUND('',#2844,.T.);
#2844 = EDGE_LOOP('',(#2845,#2846,#2847));
#2845 = ORIENTED_EDGE('',*,*,#2824,.F.);
#2846 = ORIENTED_EDGE('',*,*,#2576,.T.);
#2847 = ORIENTED_EDGE('',*,*,#2848,.T.);
#2848 = EDGE_CURVE('',#2569,#2825,#2849,.T.);
#2849 = LINE('',#2850,#2851);
#2850 = CARTESIAN_POINT('',(-0.4,-37.25,46.5));
#2851 = VECTOR('',#2852,1.);
#2852 = DIRECTION('',(0.,1.,0.));
#2853 = PLANE('',#2854);
#2854 = AXIS2_PLACEMENT_3D('',#2855,#2856,#2857);
#2855 = CARTESIAN_POINT('',(0.,-34.,46.5));
#2856 = DIRECTION('',(0.,0.,1.));
#2857 = DIRECTION('',(1.,0.,0.));
#2858 = ADVANCED_FACE('',(#2859),#2870,.T.);
#2859 = FACE_BOUND('',#2860,.T.);
#2860 = EDGE_LOOP('',(#2861,#2862,#2863,#2869));
#2861 = ORIENTED_EDGE('',*,*,#2848,.F.);
#2862 = ORIENTED_EDGE('',*,*,#2568,.F.);
#2863 = ORIENTED_EDGE('',*,*,#2864,.T.);
#2864 = EDGE_CURVE('',#2560,#2801,#2865,.T.);
#2865 = LINE('',#2866,#2867);
#2866 = CARTESIAN_POINT('',(-0.4,-37.25,45.));
#2867 = VECTOR('',#2868,1.);
#2868 = DIRECTION('',(0.,1.,0.));
#2869 = ORIENTED_EDGE('',*,*,#2832,.F.);
#2870 = PLANE('',#2871);
#2871 = AXIS2_PLACEMENT_3D('',#2872,#2873,#2874);
#2872 = CARTESIAN_POINT('',(-0.4,-37.25,45.));
#2873 = DIRECTION('',(1.,0.,0.));
#2874 = DIRECTION('',(0.,0.,1.));
#2875 = ADVANCED_FACE('',(#2876),#2895,.T.);
#2876 = FACE_BOUND('',#2877,.T.);
#2877 = EDGE_LOOP('',(#2878,#2886,#2887,#2888,#2889));
#2878 = ORIENTED_EDGE('',*,*,#2879,.F.);
#2879 = EDGE_CURVE('',#2801,#2880,#2882,.T.);
#2880 = VERTEX_POINT('',#2881);
#2881 = CARTESIAN_POINT('',(0.4,-34.4,45.));
#2882 = LINE('',#2883,#2884);
#2883 = CARTESIAN_POINT('',(-3.25,-34.4,45.));
#2884 = VECTOR('',#2885,1.);
#2885 = DIRECTION('',(1.,0.,0.));
#2886 = ORIENTED_EDGE('',*,*,#2864,.F.);
#2887 = ORIENTED_EDGE('',*,*,#2559,.T.);
#2888 = ORIENTED_EDGE('',*,*,#2550,.T.);
#2889 = ORIENTED_EDGE('',*,*,#2890,.T.);
#2890 = EDGE_CURVE('',#2543,#2880,#2891,.T.);
#2891 = LINE('',#2892,#2893);
#2892 = CARTESIAN_POINT('',(0.4,-37.25,45.));
#2893 = VECTOR('',#2894,1.);
#2894 = DIRECTION('',(0.,1.,0.));
#2895 = PLANE('',#2896);
#2896 = AXIS2_PLACEMENT_3D('',#2897,#2898,#2899);
#2897 = CARTESIAN_POINT('',(-0.4,-37.25,45.));
#2898 = DIRECTION('',(0.,0.,1.));
#2899 = DIRECTION('',(1.,0.,0.));
#2900 = ADVANCED_FACE('',(#2901),#2919,.F.);
#2901 = FACE_BOUND('',#2902,.F.);
#2902 = EDGE_LOOP('',(#2903,#2911,#2912,#2913));
#2903 = ORIENTED_EDGE('',*,*,#2904,.F.);
#2904 = EDGE_CURVE('',#2534,#2905,#2907,.T.);
#2905 = VERTEX_POINT('',#2906);
#2906 = CARTESIAN_POINT('',(0.4,-34.4,46.5));
#2907 = LINE('',#2908,#2909);
#2908 = CARTESIAN_POINT('',(0.4,-37.25,46.5));
#2909 = VECTOR('',#2910,1.);
#2910 = DIRECTION('',(0.,1.,0.));
#2911 = ORIENTED_EDGE('',*,*,#2542,.F.);
#2912 = ORIENTED_EDGE('',*,*,#2890,.T.);
#2913 = ORIENTED_EDGE('',*,*,#2914,.F.);
#2914 = EDGE_CURVE('',#2905,#2880,#2915,.T.);
#2915 = LINE('',#2916,#2917);
#2916 = CARTESIAN_POINT('',(0.4,-34.4,45.));
#2917 = VECTOR('',#2918,1.);
#2918 = DIRECTION('',(0.,0.,-1.));
#2919 = PLANE('',#2920);
#2920 = AXIS2_PLACEMENT_3D('',#2921,#2922,#2923);
#2921 = CARTESIAN_POINT('',(0.4,-37.25,45.));
#2922 = DIRECTION('',(1.,0.,0.));
#2923 = DIRECTION('',(0.,0.,1.));
#2924 = ADVANCED_FACE('',(#2925),#2935,.T.);
#2925 = FACE_BOUND('',#2926,.T.);
#2926 = EDGE_LOOP('',(#2927,#2933,#2934));
#2927 = ORIENTED_EDGE('',*,*,#2928,.F.);
#2928 = EDGE_CURVE('',#2905,#2526,#2929,.T.);
#2929 = LINE('',#2930,#2931);
#2930 = CARTESIAN_POINT('',(-3.25,-34.4,46.5));
#2931 = VECTOR('',#2932,1.);
#2932 = DIRECTION('',(1.,0.,0.));
#2933 = ORIENTED_EDGE('',*,*,#2904,.F.);
#2934 = ORIENTED_EDGE('',*,*,#2533,.T.);
#2935 = PLANE('',#2936);
#2936 = AXIS2_PLACEMENT_3D('',#2937,#2938,#2939);
#2937 = CARTESIAN_POINT('',(0.,-34.,46.5));
#2938 = DIRECTION('',(0.,0.,1.));
#2939 = DIRECTION('',(1.,0.,0.));
#2940 = ADVANCED_FACE('',(#2941),#2952,.T.);
#2941 = FACE_BOUND('',#2942,.T.);
#2942 = EDGE_LOOP('',(#2943,#2949,#2950,#2951));
#2943 = ORIENTED_EDGE('',*,*,#2944,.F.);
#2944 = EDGE_CURVE('',#2880,#2517,#2945,.T.);
#2945 = LINE('',#2946,#2947);
#2946 = CARTESIAN_POINT('',(-3.25,-34.4,45.));
#2947 = VECTOR('',#2948,1.);
#2948 = DIRECTION('',(1.,0.,0.));
#2949 = ORIENTED_EDGE('',*,*,#2914,.F.);
#2950 = ORIENTED_EDGE('',*,*,#2928,.T.);
#2951 = ORIENTED_EDGE('',*,*,#2525,.F.);
#2952 = PLANE('',#2953);
#2953 = AXIS2_PLACEMENT_3D('',#2954,#2955,#2956);
#2954 = CARTESIAN_POINT('',(-3.25,-34.4,45.));
#2955 = DIRECTION('',(0.,1.,0.));
#2956 = DIRECTION('',(0.,0.,1.));
#2957 = ADVANCED_FACE('',(#2958),#2975,.T.);
#2958 = FACE_BOUND('',#2959,.T.);
#2959 = EDGE_LOOP('',(#2960,#2966,#2972,#2973,#2974));
#2960 = ORIENTED_EDGE('',*,*,#2961,.F.);
#2961 = EDGE_CURVE('',#2693,#2484,#2962,.T.);
#2962 = LINE('',#2963,#2964);
#2963 = CARTESIAN_POINT('',(-3.25,-33.6,45.));
#2964 = VECTOR('',#2965,1.);
#2965 = DIRECTION('',(1.,0.,0.));
#2966 = ORIENTED_EDGE('',*,*,#2967,.F.);
#2967 = EDGE_CURVE('',#2880,#2693,#2968,.T.);
#2968 = LINE('',#2969,#2970);
#2969 = CARTESIAN_POINT('',(0.4,-37.25,45.));
#2970 = VECTOR('',#2971,1.);
#2971 = DIRECTION('',(0.,1.,0.));
#2972 = ORIENTED_EDGE('',*,*,#2944,.T.);
#2973 = ORIENTED_EDGE('',*,*,#2516,.T.);
#2974 = ORIENTED_EDGE('',*,*,#2491,.T.);
#2975 = PLANE('',#2976);
#2976 = AXIS2_PLACEMENT_3D('',#2977,#2978,#2979);
#2977 = CARTESIAN_POINT('',(-3.25,-34.4,45.));
#2978 = DIRECTION('',(0.,0.,1.));
#2979 = DIRECTION('',(1.,0.,0.));
#2980 = ADVANCED_FACE('',(#2981),#2984,.F.);
#2981 = FACE_BOUND('',#2982,.T.);
#2982 = EDGE_LOOP('',(#2983));
#2983 = ORIENTED_EDGE('',*,*,#2508,.F.);
#2984 = PLANE('',#2985);
#2985 = AXIS2_PLACEMENT_3D('',#2986,#2987,#2988);
#2986 = CARTESIAN_POINT('',(0.,-34.,41.5));
#2987 = DIRECTION('',(0.,0.,1.));
#2988 = DIRECTION('',(1.,0.,0.));
#2989 = ADVANCED_FACE('',(#2990),#2996,.F.);
#2990 = FACE_BOUND('',#2991,.F.);
#2991 = EDGE_LOOP('',(#2992,#2993,#2994,#2995));
#2992 = ORIENTED_EDGE('',*,*,#2961,.F.);
#2993 = ORIENTED_EDGE('',*,*,#2692,.F.);
#2994 = ORIENTED_EDGE('',*,*,#2676,.T.);
#2995 = ORIENTED_EDGE('',*,*,#2483,.F.);
#2996 = PLANE('',#2997);
#2997 = AXIS2_PLACEMENT_3D('',#2998,#2999,#3000);
#2998 = CARTESIAN_POINT('',(-3.25,-33.6,45.));
#2999 = DIRECTION('',(0.,1.,0.));
#3000 = DIRECTION('',(0.,0.,1.));
#3001 = ADVANCED_FACE('',(#3002),#3008,.T.);
#3002 = FACE_BOUND('',#3003,.T.);
#3003 = EDGE_LOOP('',(#3004,#3005,#3006,#3007));
#3004 = ORIENTED_EDGE('',*,*,#2723,.F.);
#3005 = ORIENTED_EDGE('',*,*,#2808,.F.);
#3006 = ORIENTED_EDGE('',*,*,#2879,.T.);
#3007 = ORIENTED_EDGE('',*,*,#2967,.T.);
#3008 = PLANE('',#3009);
#3009 = AXIS2_PLACEMENT_3D('',#3010,#3011,#3012);
#3010 = CARTESIAN_POINT('',(-3.25,-34.4,45.));
#3011 = DIRECTION('',(0.,0.,1.));
#3012 = DIRECTION('',(1.,0.,0.));
#3013 = ( GEOMETRIC_REPRESENTATION_CONTEXT(3) 
GLOBAL_UNCERTAINTY_ASSIGNED_CONTEXT((#3017)) 
GLOBAL_UNIT_ASSIGNED_CONTEXT((#3014,#3015,#3016)) REPRESENTATION_CONTEXT
('Context #1','3D Context with UNIT and UNCERTAINTY') );
#3014 = ( LENGTH_UNIT() NAMED_UNIT(*) SI_UNIT(.MILLI.,.METRE.) );
#3015 = ( NAMED_UNIT(*) PLANE_ANGLE_UNIT() SI_UNIT($,.RADIAN.) );
#3016 = ( NAMED_UNIT(*) SI_UNIT($,.STERADIAN.) SOLID_ANGLE_UNIT() );
#3017 = UNCERTAINTY_MEASURE_WITH_UNIT(LENGTH_MEASURE(1.E-07),#3014,
  'distance_accuracy_value','confusion accuracy');
#3018 = PRODUCT_RELATED_PRODUCT_CATEGORY('part',$,(#7));
ENDSEC;
END-ISO-10303-21;
