ISO-10303-21;
HEADER;
FILE_DESCRIPTION(('FreeCAD Model'),'2;1');
FILE_NAME('Open CASCADE Shape Model','2026-10-06T12:34:19',('FreeCAD'),(
    'FreeCAD'),'Open CASCADE STEP processor 7.8','FreeCAD','Unknown');
FILE_SCHEMA(('AUTOMOTIVE_DESIGN { 1 0 10303 214 1 1 1 1 }'));
ENDSEC;
DATA;
#1 = APPLICATION_PROTOCOL_DEFINITION('international standard',
  'automotive_design',2000,#2);
#2 = APPLICATION_CONTEXT(
  'core data for automotive mechanical design processes');
#3 = SHAPE_DEFINITION_REPRESENTATION(#4,#10);
#4 = PRODUCT_DEFINITION_SHAPE('','',#5);
#5 = PRODUCT_DEFINITION('design','',#6,#9);
#6 = PRODUCT_DEFINITION_FORMATION('','',#7);
#7 = PRODUCT('Open CASCADE STEP translator 7.8 1',
  'Open CASCADE STEP translator 7.8 1','',(#8));
#8 = PRODUCT_CONTEXT('',#2,'mechanical');
#9 = PRODUCT_DEFINITION_CONTEXT('part definition',#2,'design');
#10 = ADVANCED_BREP_SHAPE_REPRESENTATION('',(#11,#15),#3771);
#11 = AXIS2_PLACEMENT_3D('',#12,#13,#14);
#12 = CARTESIAN_POINT('',(0.,0.,0.));
#13 = DIRECTION('',(0.,0.,1.));
#14 = DIRECTION('',(1.,0.,-0.));
#15 = MANIFOLD_SOLID_BREP('',#16);
#16 = CLOSED_SHELL('',(#17,#57,#88,#160,#195,#260,#277,#294,#322,#339,
    #356,#373,#385,#505,#614,#761,#900,#947,#976,#1009,#1057,#1090,#1155
    ,#1279,#1328,#1467,#1591,#1716,#1780,#1904,#1953,#2092,#2216,#2340,
    #2404,#2528,#2577,#2716,#2840,#2964,#3028,#3152,#3201,#3338,#3462,
    #3580,#3623,#3741));
#17 = ADVANCED_FACE('',(#18),#52,.F.);
#18 = FACE_BOUND('',#19,.F.);
#19 = EDGE_LOOP('',(#20,#30,#38,#46));
#20 = ORIENTED_EDGE('',*,*,#21,.F.);
#21 = EDGE_CURVE('',#22,#24,#26,.T.);
#22 = VERTEX_POINT('',#23);
#23 = CARTESIAN_POINT('',(-5.,-3.,-1.5));
#24 = VERTEX_POINT('',#25);
#25 = CARTESIAN_POINT('',(5.,-3.,-1.5));
#26 = LINE('',#27,#28);
#27 = CARTESIAN_POINT('',(-5.,-3.,-1.5));
#28 = VECTOR('',#29,1.);
#29 = DIRECTION('',(1.,0.,0.));
#30 = ORIENTED_EDGE('',*,*,#31,.T.);
#31 = EDGE_CURVE('',#22,#32,#34,.T.);
#32 = VERTEX_POINT('',#33);
#33 = CARTESIAN_POINT('',(-5.,-3.,0.));
#34 = LINE('',#35,#36);
#35 = CARTESIAN_POINT('',(-5.,-3.,-1.5));
#36 = VECTOR('',#37,1.);
#37 = DIRECTION('',(0.,0.,1.));
#38 = ORIENTED_EDGE('',*,*,#39,.T.);
#39 = EDGE_CURVE('',#32,#40,#42,.T.);
#40 = VERTEX_POINT('',#41);
#41 = CARTESIAN_POINT('',(5.,-3.,0.));
#42 = LINE('',#43,#44);
#43 = CARTESIAN_POINT('',(-5.,-3.,0.));
#44 = VECTOR('',#45,1.);
#45 = DIRECTION('',(1.,0.,0.));
#46 = ORIENTED_EDGE('',*,*,#47,.F.);
#47 = EDGE_CURVE('',#24,#40,#48,.T.);
#48 = LINE('',#49,#50);
#49 = CARTESIAN_POINT('',(5.,-3.,-1.5));
#50 = VECTOR('',#51,1.);
#51 = DIRECTION('',(0.,0.,1.));
#52 = PLANE('',#53);
#53 = AXIS2_PLACEMENT_3D('',#54,#55,#56);
#54 = CARTESIAN_POINT('',(-5.,-3.,-1.5));
#55 = DIRECTION('',(0.,1.,0.));
#56 = DIRECTION('',(0.,0.,1.));
#57 = ADVANCED_FACE('',(#58),#83,.T.);
#58 = FACE_BOUND('',#59,.T.);
#59 = EDGE_LOOP('',(#60,#68,#76,#82));
#60 = ORIENTED_EDGE('',*,*,#61,.F.);
#61 = EDGE_CURVE('',#62,#22,#64,.T.);
#62 = VERTEX_POINT('',#63);
#63 = CARTESIAN_POINT('',(-5.,-4.5,-1.5));
#64 = LINE('',#65,#66);
#65 = CARTESIAN_POINT('',(-5.,-4.5,-1.5));
#66 = VECTOR('',#67,1.);
#67 = DIRECTION('',(0.,1.,0.));
#68 = ORIENTED_EDGE('',*,*,#69,.T.);
#69 = EDGE_CURVE('',#62,#70,#72,.T.);
#70 = VERTEX_POINT('',#71);
#71 = CARTESIAN_POINT('',(5.,-4.5,-1.5));
#72 = LINE('',#73,#74);
#73 = CARTESIAN_POINT('',(-5.,-4.5,-1.5));
#74 = VECTOR('',#75,1.);
#75 = DIRECTION('',(1.,0.,0.));
#76 = ORIENTED_EDGE('',*,*,#77,.T.);
#77 = EDGE_CURVE('',#70,#24,#78,.T.);
#78 = LINE('',#79,#80);
#79 = CARTESIAN_POINT('',(5.,-4.5,-1.5));
#80 = VECTOR('',#81,1.);
#81 = DIRECTION('',(0.,1.,0.));
#82 = ORIENTED_EDGE('',*,*,#21,.F.);
#83 = PLANE('',#84);
#84 = AXIS2_PLACEMENT_3D('',#85,#86,#87);
#85 = CARTESIAN_POINT('',(-5.,-4.5,-1.5));
#86 = DIRECTION('',(0.,0.,1.));
#87 = DIRECTION('',(1.,0.,0.));
#88 = ADVANCED_FACE('',(#89),#155,.T.);
#89 = FACE_BOUND('',#90,.T.);
#90 = EDGE_LOOP('',(#91,#92,#93,#101,#109,#117,#125,#133,#141,#149));
#91 = ORIENTED_EDGE('',*,*,#47,.F.);
#92 = ORIENTED_EDGE('',*,*,#77,.F.);
#93 = ORIENTED_EDGE('',*,*,#94,.F.);
#94 = EDGE_CURVE('',#95,#70,#97,.T.);
#95 = VERTEX_POINT('',#96);
#96 = CARTESIAN_POINT('',(5.,-4.5,-3.3));
#97 = LINE('',#98,#99);
#98 = CARTESIAN_POINT('',(5.,-4.5,-4.5));
#99 = VECTOR('',#100,1.);
#100 = DIRECTION('',(0.,0.,1.));
#101 = ORIENTED_EDGE('',*,*,#102,.T.);
#102 = EDGE_CURVE('',#95,#103,#105,.T.);
#103 = VERTEX_POINT('',#104);
#104 = CARTESIAN_POINT('',(5.,-3.3,-4.5));
#105 = LINE('',#106,#107);
#106 = CARTESIAN_POINT('',(5.,-3.9,-3.9));
#107 = VECTOR('',#108,1.);
#108 = DIRECTION('',(0.,0.707106781187,-0.707106781187));
#109 = ORIENTED_EDGE('',*,*,#110,.T.);
#110 = EDGE_CURVE('',#103,#111,#113,.T.);
#111 = VERTEX_POINT('',#112);
#112 = CARTESIAN_POINT('',(5.,3.3,-4.5));
#113 = LINE('',#114,#115);
#114 = CARTESIAN_POINT('',(5.,-4.5,-4.5));
#115 = VECTOR('',#116,1.);
#116 = DIRECTION('',(0.,1.,0.));
#117 = ORIENTED_EDGE('',*,*,#118,.F.);
#118 = EDGE_CURVE('',#119,#111,#121,.T.);
#119 = VERTEX_POINT('',#120);
#120 = CARTESIAN_POINT('',(5.,4.5,-3.3));
#121 = LINE('',#122,#123);
#122 = CARTESIAN_POINT('',(5.,1.65,-6.15));
#123 = VECTOR('',#124,1.);
#124 = DIRECTION('',(0.,-0.707106781187,-0.707106781187));
#125 = ORIENTED_EDGE('',*,*,#126,.T.);
#126 = EDGE_CURVE('',#119,#127,#129,.T.);
#127 = VERTEX_POINT('',#128);
#128 = CARTESIAN_POINT('',(5.,4.5,-1.5));
#129 = LINE('',#130,#131);
#130 = CARTESIAN_POINT('',(5.,4.5,-4.5));
#131 = VECTOR('',#132,1.);
#132 = DIRECTION('',(0.,0.,1.));
#133 = ORIENTED_EDGE('',*,*,#134,.F.);
#134 = EDGE_CURVE('',#135,#127,#137,.T.);
#135 = VERTEX_POINT('',#136);
#136 = CARTESIAN_POINT('',(5.,3.,-1.5));
#137 = LINE('',#138,#139);
#138 = CARTESIAN_POINT('',(5.,-4.5,-1.5));
#139 = VECTOR('',#140,1.);
#140 = DIRECTION('',(0.,1.,0.));
#141 = ORIENTED_EDGE('',*,*,#142,.T.);
#142 = EDGE_CURVE('',#135,#143,#145,.T.);
#143 = VERTEX_POINT('',#144);
#144 = CARTESIAN_POINT('',(5.,3.,0.));
#145 = LINE('',#146,#147);
#146 = CARTESIAN_POINT('',(5.,3.,-1.5));
#147 = VECTOR('',#148,1.);
#148 = DIRECTION('',(0.,0.,1.));
#149 = ORIENTED_EDGE('',*,*,#150,.F.);
#150 = EDGE_CURVE('',#40,#143,#151,.T.);
#151 = LINE('',#152,#153);
#152 = CARTESIAN_POINT('',(5.,-3.,0.));
#153 = VECTOR('',#154,1.);
#154 = DIRECTION('',(0.,1.,0.));
#155 = PLANE('',#156);
#156 = AXIS2_PLACEMENT_3D('',#157,#158,#159);
#157 = CARTESIAN_POINT('',(5.,2.776196027037E-16,-2.278924062343));
#158 = DIRECTION('',(1.,0.,0.));
#159 = DIRECTION('',(0.,0.,1.));
#160 = ADVANCED_FACE('',(#161,#179),#190,.T.);
#161 = FACE_BOUND('',#162,.T.);
#162 = EDGE_LOOP('',(#163,#171,#172,#173));
#163 = ORIENTED_EDGE('',*,*,#164,.F.);
#164 = EDGE_CURVE('',#32,#165,#167,.T.);
#165 = VERTEX_POINT('',#166);
#166 = CARTESIAN_POINT('',(-5.,3.,0.));
#167 = LINE('',#168,#169);
#168 = CARTESIAN_POINT('',(-5.,-3.,0.));
#169 = VECTOR('',#170,1.);
#170 = DIRECTION('',(0.,1.,0.));
#171 = ORIENTED_EDGE('',*,*,#39,.T.);
#172 = ORIENTED_EDGE('',*,*,#150,.T.);
#173 = ORIENTED_EDGE('',*,*,#174,.F.);
#174 = EDGE_CURVE('',#165,#143,#175,.T.);
#175 = LINE('',#176,#177);
#176 = CARTESIAN_POINT('',(-5.,3.,0.));
#177 = VECTOR('',#178,1.);
#178 = DIRECTION('',(1.,0.,0.));
#179 = FACE_BOUND('',#180,.T.);
#180 = EDGE_LOOP('',(#181));
#181 = ORIENTED_EDGE('',*,*,#182,.T.);
#182 = EDGE_CURVE('',#183,#183,#185,.T.);
#183 = VERTEX_POINT('',#184);
#184 = CARTESIAN_POINT('',(-1.4,-3.429011037613E-16,0.));
#185 = CIRCLE('',#186,1.4);
#186 = AXIS2_PLACEMENT_3D('',#187,#188,#189);
#187 = CARTESIAN_POINT('',(0.,0.,0.));
#188 = DIRECTION('',(0.,0.,-1.));
#189 = DIRECTION('',(-1.,0.,0.));
#190 = PLANE('',#191);
#191 = AXIS2_PLACEMENT_3D('',#192,#193,#194);
#192 = CARTESIAN_POINT('',(-5.,-3.,0.));
#193 = DIRECTION('',(0.,0.,1.));
#194 = DIRECTION('',(1.,0.,0.));
#195 = ADVANCED_FACE('',(#196),#255,.T.);
#196 = FACE_BOUND('',#197,.T.);
#197 = EDGE_LOOP('',(#198,#199,#200,#208,#216,#224,#232,#240,#248,#254)
  );
#198 = ORIENTED_EDGE('',*,*,#31,.T.);
#199 = ORIENTED_EDGE('',*,*,#164,.T.);
#200 = ORIENTED_EDGE('',*,*,#201,.F.);
#201 = EDGE_CURVE('',#202,#165,#204,.T.);
#202 = VERTEX_POINT('',#203);
#203 = CARTESIAN_POINT('',(-5.,3.,-1.5));
#204 = LINE('',#205,#206);
#205 = CARTESIAN_POINT('',(-5.,3.,-1.5));
#206 = VECTOR('',#207,1.);
#207 = DIRECTION('',(0.,0.,1.));
#208 = ORIENTED_EDGE('',*,*,#209,.T.);
#209 = EDGE_CURVE('',#202,#210,#212,.T.);
#210 = VERTEX_POINT('',#211);
#211 = CARTESIAN_POINT('',(-5.,4.5,-1.5));
#212 = LINE('',#213,#214);
#213 = CARTESIAN_POINT('',(-5.,-4.5,-1.5));
#214 = VECTOR('',#215,1.);
#215 = DIRECTION('',(0.,1.,0.));
#216 = ORIENTED_EDGE('',*,*,#217,.F.);
#217 = EDGE_CURVE('',#218,#210,#220,.T.);
#218 = VERTEX_POINT('',#219);
#219 = CARTESIAN_POINT('',(-5.,4.5,-3.3));
#220 = LINE('',#221,#222);
#221 = CARTESIAN_POINT('',(-5.,4.5,-4.5));
#222 = VECTOR('',#223,1.);
#223 = DIRECTION('',(0.,0.,1.));
#224 = ORIENTED_EDGE('',*,*,#225,.T.);
#225 = EDGE_CURVE('',#218,#226,#228,.T.);
#226 = VERTEX_POINT('',#227);
#227 = CARTESIAN_POINT('',(-5.,3.3,-4.5));
#228 = LINE('',#229,#230);
#229 = CARTESIAN_POINT('',(-5.,1.65,-6.15));
#230 = VECTOR('',#231,1.);
#231 = DIRECTION('',(0.,-0.707106781187,-0.707106781187));
#232 = ORIENTED_EDGE('',*,*,#233,.F.);
#233 = EDGE_CURVE('',#234,#226,#236,.T.);
#234 = VERTEX_POINT('',#235);
#235 = CARTESIAN_POINT('',(-5.,-3.3,-4.5));
#236 = LINE('',#237,#238);
#237 = CARTESIAN_POINT('',(-5.,-4.5,-4.5));
#238 = VECTOR('',#239,1.);
#239 = DIRECTION('',(0.,1.,0.));
#240 = ORIENTED_EDGE('',*,*,#241,.F.);
#241 = EDGE_CURVE('',#242,#234,#244,.T.);
#242 = VERTEX_POINT('',#243);
#243 = CARTESIAN_POINT('',(-5.,-4.5,-3.3));
#244 = LINE('',#245,#246);
#245 = CARTESIAN_POINT('',(-5.,-3.9,-3.9));
#246 = VECTOR('',#247,1.);
#247 = DIRECTION('',(0.,0.707106781187,-0.707106781187));
#248 = ORIENTED_EDGE('',*,*,#249,.T.);
#249 = EDGE_CURVE('',#242,#62,#250,.T.);
#250 = LINE('',#251,#252);
#251 = CARTESIAN_POINT('',(-5.,-4.5,-4.5));
#252 = VECTOR('',#253,1.);
#253 = DIRECTION('',(0.,0.,1.));
#254 = ORIENTED_EDGE('',*,*,#61,.T.);
#255 = PLANE('',#256);
#256 = AXIS2_PLACEMENT_3D('',#257,#258,#259);
#257 = CARTESIAN_POINT('',(-5.,2.082147020278E-16,-2.278924062343));
#258 = DIRECTION('',(-1.,-0.,-0.));
#259 = DIRECTION('',(0.,0.,-1.));
#260 = ADVANCED_FACE('',(#261),#272,.F.);
#261 = FACE_BOUND('',#262,.F.);
#262 = EDGE_LOOP('',(#263,#264,#270,#271));
#263 = ORIENTED_EDGE('',*,*,#94,.F.);
#264 = ORIENTED_EDGE('',*,*,#265,.F.);
#265 = EDGE_CURVE('',#242,#95,#266,.T.);
#266 = LINE('',#267,#268);
#267 = CARTESIAN_POINT('',(-5.,-4.5,-3.3));
#268 = VECTOR('',#269,1.);
#269 = DIRECTION('',(1.,0.,0.));
#270 = ORIENTED_EDGE('',*,*,#249,.T.);
#271 = ORIENTED_EDGE('',*,*,#69,.T.);
#272 = PLANE('',#273);
#273 = AXIS2_PLACEMENT_3D('',#274,#275,#276);
#274 = CARTESIAN_POINT('',(-5.,-4.5,-4.5));
#275 = DIRECTION('',(0.,1.,0.));
#276 = DIRECTION('',(0.,0.,1.));
#277 = ADVANCED_FACE('',(#278),#289,.T.);
#278 = FACE_BOUND('',#279,.F.);
#279 = EDGE_LOOP('',(#280,#281,#282,#283));
#280 = ORIENTED_EDGE('',*,*,#241,.F.);
#281 = ORIENTED_EDGE('',*,*,#265,.T.);
#282 = ORIENTED_EDGE('',*,*,#102,.T.);
#283 = ORIENTED_EDGE('',*,*,#284,.F.);
#284 = EDGE_CURVE('',#234,#103,#285,.T.);
#285 = LINE('',#286,#287);
#286 = CARTESIAN_POINT('',(-5.,-3.3,-4.5));
#287 = VECTOR('',#288,1.);
#288 = DIRECTION('',(1.,0.,0.));
#289 = PLANE('',#290);
#290 = AXIS2_PLACEMENT_3D('',#291,#292,#293);
#291 = CARTESIAN_POINT('',(-5.,-3.9,-3.9));
#292 = DIRECTION('',(0.,-0.707106781187,-0.707106781187));
#293 = DIRECTION('',(-1.,-0.,-0.));
#294 = ADVANCED_FACE('',(#295,#306),#317,.F.);
#295 = FACE_BOUND('',#296,.F.);
#296 = EDGE_LOOP('',(#297,#298,#299,#300));
#297 = ORIENTED_EDGE('',*,*,#233,.F.);
#298 = ORIENTED_EDGE('',*,*,#284,.T.);
#299 = ORIENTED_EDGE('',*,*,#110,.T.);
#300 = ORIENTED_EDGE('',*,*,#301,.F.);
#301 = EDGE_CURVE('',#226,#111,#302,.T.);
#302 = LINE('',#303,#304);
#303 = CARTESIAN_POINT('',(-5.,3.3,-4.5));
#304 = VECTOR('',#305,1.);
#305 = DIRECTION('',(1.,0.,0.));
#306 = FACE_BOUND('',#307,.F.);
#307 = EDGE_LOOP('',(#308));
#308 = ORIENTED_EDGE('',*,*,#309,.F.);
#309 = EDGE_CURVE('',#310,#310,#312,.T.);
#310 = VERTEX_POINT('',#311);
#311 = CARTESIAN_POINT('',(1.4,-3.429011037613E-16,-4.5));
#312 = CIRCLE('',#313,1.4);
#313 = AXIS2_PLACEMENT_3D('',#314,#315,#316);
#314 = CARTESIAN_POINT('',(0.,0.,-4.5));
#315 = DIRECTION('',(0.,0.,1.));
#316 = DIRECTION('',(1.,0.,0.));
#317 = PLANE('',#318);
#318 = AXIS2_PLACEMENT_3D('',#319,#320,#321);
#319 = CARTESIAN_POINT('',(-5.,-4.5,-4.5));
#320 = DIRECTION('',(0.,0.,1.));
#321 = DIRECTION('',(1.,0.,0.));
#322 = ADVANCED_FACE('',(#323),#334,.F.);
#323 = FACE_BOUND('',#324,.T.);
#324 = EDGE_LOOP('',(#325,#326,#332,#333));
#325 = ORIENTED_EDGE('',*,*,#225,.F.);
#326 = ORIENTED_EDGE('',*,*,#327,.T.);
#327 = EDGE_CURVE('',#218,#119,#328,.T.);
#328 = LINE('',#329,#330);
#329 = CARTESIAN_POINT('',(-5.,4.5,-3.3));
#330 = VECTOR('',#331,1.);
#331 = DIRECTION('',(1.,0.,0.));
#332 = ORIENTED_EDGE('',*,*,#118,.T.);
#333 = ORIENTED_EDGE('',*,*,#301,.F.);
#334 = PLANE('',#335);
#335 = AXIS2_PLACEMENT_3D('',#336,#337,#338);
#336 = CARTESIAN_POINT('',(-5.,3.9,-3.9));
#337 = DIRECTION('',(0.,-0.707106781187,0.707106781187));
#338 = DIRECTION('',(-1.,-0.,-0.));
#339 = ADVANCED_FACE('',(#340),#351,.T.);
#340 = FACE_BOUND('',#341,.T.);
#341 = EDGE_LOOP('',(#342,#343,#344,#345));
#342 = ORIENTED_EDGE('',*,*,#126,.F.);
#343 = ORIENTED_EDGE('',*,*,#327,.F.);
#344 = ORIENTED_EDGE('',*,*,#217,.T.);
#345 = ORIENTED_EDGE('',*,*,#346,.T.);
#346 = EDGE_CURVE('',#210,#127,#347,.T.);
#347 = LINE('',#348,#349);
#348 = CARTESIAN_POINT('',(-5.,4.5,-1.5));
#349 = VECTOR('',#350,1.);
#350 = DIRECTION('',(1.,0.,0.));
#351 = PLANE('',#352);
#352 = AXIS2_PLACEMENT_3D('',#353,#354,#355);
#353 = CARTESIAN_POINT('',(-5.,4.5,-4.5));
#354 = DIRECTION('',(0.,1.,0.));
#355 = DIRECTION('',(0.,0.,1.));
#356 = ADVANCED_FACE('',(#357),#368,.T.);
#357 = FACE_BOUND('',#358,.T.);
#358 = EDGE_LOOP('',(#359,#360,#366,#367));
#359 = ORIENTED_EDGE('',*,*,#209,.F.);
#360 = ORIENTED_EDGE('',*,*,#361,.T.);
#361 = EDGE_CURVE('',#202,#135,#362,.T.);
#362 = LINE('',#363,#364);
#363 = CARTESIAN_POINT('',(-5.,3.,-1.5));
#364 = VECTOR('',#365,1.);
#365 = DIRECTION('',(1.,0.,0.));
#366 = ORIENTED_EDGE('',*,*,#134,.T.);
#367 = ORIENTED_EDGE('',*,*,#346,.F.);
#368 = PLANE('',#369);
#369 = AXIS2_PLACEMENT_3D('',#370,#371,#372);
#370 = CARTESIAN_POINT('',(-5.,-4.5,-1.5));
#371 = DIRECTION('',(0.,0.,1.));
#372 = DIRECTION('',(1.,0.,0.));
#373 = ADVANCED_FACE('',(#374),#380,.T.);
#374 = FACE_BOUND('',#375,.T.);
#375 = EDGE_LOOP('',(#376,#377,#378,#379));
#376 = ORIENTED_EDGE('',*,*,#361,.F.);
#377 = ORIENTED_EDGE('',*,*,#201,.T.);
#378 = ORIENTED_EDGE('',*,*,#174,.T.);
#379 = ORIENTED_EDGE('',*,*,#142,.F.);
#380 = PLANE('',#381);
#381 = AXIS2_PLACEMENT_3D('',#382,#383,#384);
#382 = CARTESIAN_POINT('',(-5.,3.,-1.5));
#383 = DIRECTION('',(0.,1.,0.));
#384 = DIRECTION('',(0.,0.,1.));
#385 = ADVANCED_FACE('',(#386),#500,.F.);
#386 = FACE_BOUND('',#387,.F.);
#387 = EDGE_LOOP('',(#388,#403,#409,#410,#411,#442,#459,#474,#493));
#388 = ORIENTED_EDGE('',*,*,#389,.T.);
#389 = EDGE_CURVE('',#390,#392,#394,.T.);
#390 = VERTEX_POINT('',#391);
#391 = CARTESIAN_POINT('',(-0.393444157819,0.677542613253,
    -0.616506350954));
#392 = VERTEX_POINT('',#393);
#393 = CARTESIAN_POINT('',(-0.825657433353,-2.022277465896E-16,
    -0.574342566647));
#394 = B_SPLINE_CURVE_WITH_KNOTS('',7,(#395,#396,#397,#398,#399,#400,
    #401,#402),.UNSPECIFIED.,.F.,.F.,(8,8),(0.,1.),
  .PIECEWISE_BEZIER_KNOTS.);
#395 = CARTESIAN_POINT('',(-0.39322654573,0.677654385677,-0.616518932779
    ));
#396 = CARTESIAN_POINT('',(-0.498058387347,0.623830164081,
    -0.610458233497));
#397 = CARTESIAN_POINT('',(-0.594223119549,0.551180691131,
    -0.604406414638));
#398 = CARTESIAN_POINT('',(-0.67755607159,0.46146471541,-0.598369540255)
  );
#399 = CARTESIAN_POINT('',(-0.744531591349,0.357582836865,
    -0.592344957451));
#400 = CARTESIAN_POINT('',(-0.792482449806,0.243161526278,
    -0.586331524027));
#401 = CARTESIAN_POINT('',(-0.819671537696,0.122448345782,
    -0.580328462305));
#402 = CARTESIAN_POINT('',(-0.825657433353,-2.898458329112E-16,
    -0.574342566647));
#403 = ORIENTED_EDGE('',*,*,#404,.F.);
#404 = EDGE_CURVE('',#183,#392,#405,.T.);
#405 = LINE('',#406,#407);
#406 = CARTESIAN_POINT('',(-1.4,-3.429011037613E-16,0.));
#407 = VECTOR('',#408,1.);
#408 = DIRECTION('',(0.707106781187,1.731912112471E-16,-0.707106781187)
  );
#409 = ORIENTED_EDGE('',*,*,#182,.T.);
#410 = ORIENTED_EDGE('',*,*,#404,.T.);
#411 = ORIENTED_EDGE('',*,*,#412,.T.);
#412 = EDGE_CURVE('',#392,#413,#415,.T.);
#413 = VERTEX_POINT('',#414);
#414 = CARTESIAN_POINT('',(0.952451905284,4.913002283246E-14,
    -0.447548094716));
#415 = B_SPLINE_CURVE_WITH_KNOTS('',7,(#416,#417,#418,#419,#420,#421,
    #422,#423,#424,#425,#426,#427,#428,#429,#430,#431,#432,#433,#434,
    #435,#436,#437,#438,#439,#440,#441),.UNSPECIFIED.,.F.,.F.,(8,6,6,6,8
    ),(0.,0.217184643507,0.449684972445,0.70997318794,1.),
  .UNSPECIFIED.);
#416 = CARTESIAN_POINT('',(-0.825657433353,-3.330669073875E-16,
    -0.574342566647));
#417 = CARTESIAN_POINT('',(-0.829670470334,-8.209126387872E-02,
    -0.570329529665));
#418 = CARTESIAN_POINT('',(-0.824155632612,-0.165006596889,
    -0.566322064619));
#419 = CARTESIAN_POINT('',(-0.808962442527,-0.247396480428,
    -0.562321125364));
#420 = CARTESIAN_POINT('',(-0.784187036618,-0.327906783157,
    -0.558326424905));
#421 = CARTESIAN_POINT('',(-0.750153828427,-0.405216021738,
    -0.55433718675));
#422 = CARTESIAN_POINT('',(-0.70740680195,-0.478075319178,
    -0.550352970129));
#423 = CARTESIAN_POINT('',(-0.60243900279,-0.617371033286,
    -0.542115614406));
#424 = CARTESIAN_POINT('',(-0.539040607888,-0.683014690029,
    -0.537862028579));
#425 = CARTESIAN_POINT('',(-0.467446538772,-0.740881079477,
    -0.53361494519));
#426 = CARTESIAN_POINT('',(-0.388838992934,-0.789777810837,
    -0.529374303859));
#427 = CARTESIAN_POINT('',(-0.304596278901,-0.828740317278,
    -0.525139872093));
#428 = CARTESIAN_POINT('',(-0.216247609762,-0.857064953906,
    -0.520911998058));
#429 = CARTESIAN_POINT('',(-2.377395837369E-02,-0.893713483461,
    -0.511967837603));
#430 = CARTESIAN_POINT('',(8.102227683471E-02,-0.899251394076,
    -0.507251416622));
#431 = CARTESIAN_POINT('',(0.186635991629,-0.890391094466,
    -0.502545395927));
#432 = CARTESIAN_POINT('',(0.29069343566,-0.867070366486,-0.497849188814
    ));
#433 = CARTESIAN_POINT('',(0.390850141937,-0.829693050251,
    -0.493160635674));
#434 = CARTESIAN_POINT('',(0.484885091502,-0.779114012691,-0.48847826234
    ));
#435 = CARTESIAN_POINT('',(0.666533516509,-0.647069137047,
    -0.478596152911));
#436 = CARTESIAN_POINT('',(0.752255817917,-0.562684302258,
    -0.473394627659));
#437 = CARTESIAN_POINT('',(0.825168742841,-0.465311303027,
    -0.468203752646));
#438 = CARTESIAN_POINT('',(0.883000882907,-0.35738285083,-0.463022595635
    ));
#439 = CARTESIAN_POINT('',(0.924068594567,-0.24172212293,-0.457854953702
    ));
#440 = CARTESIAN_POINT('',(0.947303831886,-0.121479927447,
    -0.452696168114));
#441 = CARTESIAN_POINT('',(0.952451905284,6.827871601445E-14,
    -0.447548094716));
#442 = ORIENTED_EDGE('',*,*,#443,.T.);
#443 = EDGE_CURVE('',#413,#444,#446,.T.);
#444 = VERTEX_POINT('',#445);
#445 = CARTESIAN_POINT('',(0.382702565234,0.923870357368,-0.400001154671
    ));
#446 = B_SPLINE_CURVE_WITH_KNOTS('',6,(#447,#448,#449,#450,#451,#452,
    #453,#454,#455,#456,#457,#458),.UNSPECIFIED.,.F.,.F.,(7,5,7),(0.,
    0.480661348527,1.),.UNSPECIFIED.);
#447 = CARTESIAN_POINT('',(0.952451905284,-5.435000070024E-16,
    -0.447548094716));
#448 = CARTESIAN_POINT('',(0.956290877667,9.058885733774E-02,
    -0.443709122333));
#449 = CARTESIAN_POINT('',(0.949785426276,0.181929087576,-0.439875310632
    ));
#450 = CARTESIAN_POINT('',(0.932801087748,0.272518225322,-0.436047402077
    ));
#451 = CARTESIAN_POINT('',(0.905501513158,0.360862564316,-0.432226710976
    ));
#452 = CARTESIAN_POINT('',(0.868316233941,0.445520872549,-0.428411840649
    ));
#453 = CARTESIAN_POINT('',(0.771852810234,0.611216145636,-0.4204877718)
  );
#454 = CARTESIAN_POINT('',(0.711027255922,0.691431468719,-0.416378725583
    ));
#455 = CARTESIAN_POINT('',(0.640356210362,0.764126364093,-0.412276166536
    ));
#456 = CARTESIAN_POINT('',(0.561058686397,0.82784184363,-0.408178752704)
  );
#457 = CARTESIAN_POINT('',(0.474608871825,0.881377203407,-0.404086545431
    ));
#458 = CARTESIAN_POINT('',(0.382702565234,0.923870357368,-0.400001154671
    ));
#459 = ORIENTED_EDGE('',*,*,#460,.T.);
#460 = EDGE_CURVE('',#444,#461,#463,.T.);
#461 = VERTEX_POINT('',#462);
#462 = CARTESIAN_POINT('',(-0.382778000013,0.923847525306,
    -0.399993376368));
#463 = B_SPLINE_CURVE_WITH_KNOTS('',5,(#464,#465,#466,#467,#468,#469,
    #470,#471,#472,#473),.UNSPECIFIED.,.F.,.F.,(6,4,6),(0.,0.50027072538
    ,1.),.UNSPECIFIED.);
#464 = CARTESIAN_POINT('',(0.382702565234,0.923870357368,-0.400001154671
    ));
#465 = CARTESIAN_POINT('',(0.31009273494,0.953953075091,-0.399996591807)
  );
#466 = CARTESIAN_POINT('',(0.23452577601,0.976903306207,-0.399991664613)
  );
#467 = CARTESIAN_POINT('',(0.156940881694,0.992330860885,-0.399987378096
    ));
#468 = CARTESIAN_POINT('',(7.834232393535E-02,1.000035105567,
    -0.399984705895));
#469 = CARTESIAN_POINT('',(-7.876222061039E-02,0.99999742977,
    -0.399982716499));
#470 = CARTESIAN_POINT('',(-0.157272049592,0.992272215084,
    -0.399983398229));
#471 = CARTESIAN_POINT('',(-0.234767868572,0.976840693435,
    -0.399985889212));
#472 = CARTESIAN_POINT('',(-0.310248625614,0.953902859159,
    -0.399989479466));
#473 = CARTESIAN_POINT('',(-0.382778000013,0.923847525306,
    -0.399993376368));
#474 = ORIENTED_EDGE('',*,*,#475,.T.);
#475 = EDGE_CURVE('',#461,#476,#478,.T.);
#476 = VERTEX_POINT('',#477);
#477 = CARTESIAN_POINT('',(0.677539326262,0.393449812728,-0.616506353716
    ));
#478 = B_SPLINE_CURVE_WITH_KNOTS('',5,(#479,#480,#481,#482,#483,#484,
    #485,#486,#487,#488,#489,#490,#491,#492),.UNSPECIFIED.,.F.,.F.,(6,4,
    4,6),(0.,0.293742772517,0.58111781766,1.),.UNSPECIFIED.);
#479 = CARTESIAN_POINT('',(-0.382778000013,0.923847525306,
    -0.399993376368));
#480 = CARTESIAN_POINT('',(-0.302609198746,0.94374131968,-0.412301315556
    ));
#481 = CARTESIAN_POINT('',(-0.221173173495,0.955068128601,
    -0.424669623918));
#482 = CARTESIAN_POINT('',(-0.139703565316,0.957696669993,
    -0.437096196631));
#483 = CARTESIAN_POINT('',(-5.944811943742E-02,0.95176866988,
    -0.449582058703));
#484 = CARTESIAN_POINT('',(9.458996385957E-02,0.923921372109,
    -0.474399493984));
#485 = CARTESIAN_POINT('',(0.168480214923,0.902350655759,-0.486729356944
    ));
#486 = CARTESIAN_POINT('',(0.238982674005,0.873362193734,-0.499115771371
    ));
#487 = CARTESIAN_POINT('',(0.305090876322,0.837576902249,-0.51156215023)
  );
#488 = CARTESIAN_POINT('',(0.45470514786,0.734943886725,-0.542298373945)
  );
#489 = CARTESIAN_POINT('',(0.532346166878,0.661363336852,-0.560659183598
    ));
#490 = CARTESIAN_POINT('',(0.596276714986,0.577624800549,-0.579148478839
    ));
#491 = CARTESIAN_POINT('',(0.644828931332,0.487098242732,-0.597773219435
    ));
#492 = CARTESIAN_POINT('',(0.677560299161,0.393389760903,-0.616518370999
    ));
#493 = ORIENTED_EDGE('',*,*,#494,.T.);
#494 = EDGE_CURVE('',#476,#390,#495,.T.);
#495 = CIRCLE('',#496,0.783493649054);
#496 = AXIS2_PLACEMENT_3D('',#497,#498,#499);
#497 = CARTESIAN_POINT('',(0.,0.,-0.616506350946));
#498 = DIRECTION('',(-0.,0.,1.));
#499 = DIRECTION('',(0.,-1.,0.));
#500 = CONICAL_SURFACE('',#501,1.4,0.785398163397);
#501 = AXIS2_PLACEMENT_3D('',#502,#503,#504);
#502 = CARTESIAN_POINT('',(0.,0.,0.));
#503 = DIRECTION('',(0.,0.,1.));
#504 = DIRECTION('',(-1.,0.,0.));
#505 = ADVANCED_FACE('',(#506),#609,.F.);
#506 = FACE_BOUND('',#507,.F.);
#507 = EDGE_LOOP('',(#508,#518,#527,#570,#581,#587,#588,#589,#600));
#508 = ORIENTED_EDGE('',*,*,#509,.T.);
#509 = EDGE_CURVE('',#510,#512,#514,.T.);
#510 = VERTEX_POINT('',#511);
#511 = CARTESIAN_POINT('',(0.940849364905,2.361410776939E-14,
    -4.040849364905));
#512 = VERTEX_POINT('',#513);
#513 = CARTESIAN_POINT('',(0.783493649054,-1.919005978932E-16,
    -3.883493649054));
#514 = LINE('',#515,#516);
#515 = CARTESIAN_POINT('',(1.4,-3.429011037613E-16,-4.5));
#516 = VECTOR('',#517,1.);
#517 = DIRECTION('',(-0.707106781187,1.731912112471E-16,0.707106781187)
  );
#518 = ORIENTED_EDGE('',*,*,#519,.F.);
#519 = EDGE_CURVE('',#520,#512,#522,.T.);
#520 = VERTEX_POINT('',#521);
#521 = CARTESIAN_POINT('',(0.677537407759,-0.393453120973,
    -3.883493648549));
#522 = CIRCLE('',#523,0.783493649054);
#523 = AXIS2_PLACEMENT_3D('',#524,#525,#526);
#524 = CARTESIAN_POINT('',(0.,0.,-3.883493649054));
#525 = DIRECTION('',(-0.,0.,1.));
#526 = DIRECTION('',(0.,-1.,0.));
#527 = ORIENTED_EDGE('',*,*,#528,.F.);
#528 = EDGE_CURVE('',#529,#520,#531,.T.);
#529 = VERTEX_POINT('',#530);
#530 = CARTESIAN_POINT('',(0.923878053894,0.382684818306,-4.099999164314
    ));
#531 = B_SPLINE_CURVE_WITH_KNOTS('',7,(#532,#533,#534,#535,#536,#537,
    #538,#539,#540,#541,#542,#543,#544,#545,#546,#547,#548,#549,#550,
    #551,#552,#553,#554,#555,#556,#557,#558,#559,#560,#561,#562,#563,
    #564,#565,#566,#567,#568,#569),.UNSPECIFIED.,.F.,.F.,(8,6,6,6,6,6,8)
  ,(0.,0.169813089105,0.319460105788,0.455554799019,0.580420985974,
    0.803409572112,1.),.UNSPECIFIED.);
#532 = CARTESIAN_POINT('',(0.923878053894,0.382684818306,-4.099999164314
    ));
#533 = CARTESIAN_POINT('',(0.871093981148,0.496857718697,-4.09492534931)
  );
#534 = CARTESIAN_POINT('',(0.801727005166,0.602875305914,-4.089838549047
    ));
#535 = CARTESIAN_POINT('',(0.717279634304,0.697735056285,-4.084743201767
    ));
#536 = CARTESIAN_POINT('',(0.619927489589,0.778900312565,-4.079641090575
    ));
#537 = CARTESIAN_POINT('',(0.512289760091,0.844361488231,-4.07453040878)
  );
#538 = CARTESIAN_POINT('',(0.397384157099,0.892679612222,-4.069408534199
    ));
#539 = CARTESIAN_POINT('',(0.173730561403,0.950068683276,-4.059757405956
    ));
#540 = CARTESIAN_POINT('',(6.580622237119E-02,0.963135520676,
    -4.055227219587));
#541 = CARTESIAN_POINT('',(-4.30425932726E-02,0.961901391465,
    -4.050689005794));
#542 = CARTESIAN_POINT('',(-0.150550477808,0.946362413809,
    -4.046142037972));
#543 = CARTESIAN_POINT('',(-0.254492396012,0.916942791614,
    -4.041585565558));
#544 = CARTESIAN_POINT('',(-0.352764641712,0.874478658936,
    -4.037020108117));
#545 = CARTESIAN_POINT('',(-0.525966930761,0.770910293531,-4.02829019908
    ));
#546 = CARTESIAN_POINT('',(-0.602238796403,0.71182216323,-4.024125224007
    ));
#547 = CARTESIAN_POINT('',(-0.670862374071,0.643911259345,
    -4.019954823111));
#548 = CARTESIAN_POINT('',(-0.730623750407,0.568363426963,
    -4.015779020538));
#549 = CARTESIAN_POINT('',(-0.780535957249,0.486558016491,
    -4.011596980234));
#550 = CARTESIAN_POINT('',(-0.819869421563,0.400024222786,
    -4.007408069017));
#551 = CARTESIAN_POINT('',(-0.874190064726,0.228187258004,
    -3.999364522492));
#552 = CARTESIAN_POINT('',(-0.890925574053,0.143348215899,
    -3.995509752583));
#553 = CARTESIAN_POINT('',(-0.898068702378,5.71571954195E-02,
    -3.991649500908));
#554 = CARTESIAN_POINT('',(-0.89551135187,-2.908668531793E-02,
    -3.987783442652));
#555 = CARTESIAN_POINT('',(-0.883359122423,-0.114085134659,
    -3.983911162524));
#556 = CARTESIAN_POINT('',(-0.861927798344,-0.196576012625,
    -3.980032768691));
#557 = CARTESIAN_POINT('',(-0.777859924448,-0.416080461564,
    -3.969214190241));
#558 = CARTESIAN_POINT('',(-0.696001662655,-0.545199702965,
    -3.962253208041));
#559 = CARTESIAN_POINT('',(-0.589153398073,-0.655671517268,
    -3.955283020224));
#560 = CARTESIAN_POINT('',(-0.462563655013,-0.74188830834,
    -3.948301257021));
#561 = CARTESIAN_POINT('',(-0.322580833238,-0.80001073658,
    -3.941299422788));
#562 = CARTESIAN_POINT('',(-0.176588292622,-0.828035027144,
    -3.93426981208));
#563 = CARTESIAN_POINT('',(9.521794693601E-02,-0.825344062529,
    -3.921022238325));
#564 = CARTESIAN_POINT('',(0.22160358746,-0.801187291067,-3.914795544586
    ));
#565 = CARTESIAN_POINT('',(0.34190379443,-0.75442238145,-3.908557552842)
  );
#566 = CARTESIAN_POINT('',(0.451308590693,-0.686865176992,
    -3.902307764241));
#567 = CARTESIAN_POINT('',(0.545707887711,-0.601417937531,-3.89604701771
    ));
#568 = CARTESIAN_POINT('',(0.62180720755,-0.501991232048,-3.889769270376
    ));
#569 = CARTESIAN_POINT('',(0.67764414089,-0.393245329928,-3.883481634241
    ));
#570 = ORIENTED_EDGE('',*,*,#571,.F.);
#571 = EDGE_CURVE('',#572,#529,#574,.T.);
#572 = VERTEX_POINT('',#573);
#573 = CARTESIAN_POINT('',(1.,2.78672386643E-14,-4.1));
#574 = B_SPLINE_CURVE_WITH_KNOTS('',5,(#575,#576,#577,#578,#579,#580),
  .UNSPECIFIED.,.F.,.F.,(6,6),(0.,1.),.PIECEWISE_BEZIER_KNOTS.);
#575 = CARTESIAN_POINT('',(1.,-8.326672684689E-17,-4.1));
#576 = CARTESIAN_POINT('',(0.999999999994,7.853844241718E-02,
    -4.099999999997));
#577 = CARTESIAN_POINT('',(0.992290626396,0.157081309398,-4.100001135464
    ));
#578 = CARTESIAN_POINT('',(0.976869846738,0.234610649578,-4.100002148872
    ));
#579 = CARTESIAN_POINT('',(0.953935894072,0.310124389996,-4.10000116888)
  );
#580 = CARTESIAN_POINT('',(0.923878053894,0.382684818306,-4.099999164314
    ));
#581 = ORIENTED_EDGE('',*,*,#582,.F.);
#582 = EDGE_CURVE('',#310,#572,#583,.T.);
#583 = LINE('',#584,#585);
#584 = CARTESIAN_POINT('',(1.4,-3.429011037613E-16,-4.5));
#585 = VECTOR('',#586,1.);
#586 = DIRECTION('',(-0.707106781187,1.731912112471E-16,0.707106781187)
  );
#587 = ORIENTED_EDGE('',*,*,#309,.T.);
#588 = ORIENTED_EDGE('',*,*,#582,.T.);
#589 = ORIENTED_EDGE('',*,*,#590,.F.);
#590 = EDGE_CURVE('',#591,#572,#593,.T.);
#591 = VERTEX_POINT('',#592);
#592 = CARTESIAN_POINT('',(0.923888096819,-0.382660573516,
    -4.099999164984));
#593 = B_SPLINE_CURVE_WITH_KNOTS('',5,(#594,#595,#596,#597,#598,#599),
  .UNSPECIFIED.,.F.,.F.,(6,6),(0.,1.),.PIECEWISE_BEZIER_KNOTS.);
#594 = CARTESIAN_POINT('',(0.923888096819,-0.382660573516,
    -4.099999164984));
#595 = CARTESIAN_POINT('',(0.953941994154,-0.310104277426,
    -4.100001169122));
#596 = CARTESIAN_POINT('',(0.976872910994,-0.234595216124,
    -4.100002148697));
#597 = CARTESIAN_POINT('',(0.992291656422,-0.157070874964,
    -4.100001135296));
#598 = CARTESIAN_POINT('',(1.,-7.853320122073E-02,-4.1));
#599 = CARTESIAN_POINT('',(1.,5.712097461696E-14,-4.1));
#600 = ORIENTED_EDGE('',*,*,#601,.F.);
#601 = EDGE_CURVE('',#510,#591,#602,.T.);
#602 = B_SPLINE_CURVE_WITH_KNOTS('',5,(#603,#604,#605,#606,#607,#608),
  .UNSPECIFIED.,.F.,.F.,(6,6),(0.,1.),.PIECEWISE_BEZIER_KNOTS.);
#603 = CARTESIAN_POINT('',(0.940849364905,-9.436895709314E-16,
    -4.040849364905));
#604 = CARTESIAN_POINT('',(0.95279028852,-7.458096076314E-02,
    -4.052790288526));
#605 = CARTESIAN_POINT('',(0.957283441763,-0.151185478003,
    -4.064673610257));
#606 = CARTESIAN_POINT('',(0.953998575927,-0.228783076721,
    -4.076501220585));
#607 = CARTESIAN_POINT('',(0.942829285742,-0.306296255309,-4.08827708038
    ));
#608 = CARTESIAN_POINT('',(0.923888096819,-0.382660573516,
    -4.099999164984));
#609 = CONICAL_SURFACE('',#610,1.4,0.785398163397);
#610 = AXIS2_PLACEMENT_3D('',#611,#612,#613);
#611 = CARTESIAN_POINT('',(0.,0.,-4.5));
#612 = DIRECTION('',(-0.,-0.,-1.));
#613 = DIRECTION('',(1.,0.,0.));
#614 = ADVANCED_FACE('',(#615),#738,.T.);
#615 = FACE_BOUND('',#616,.T.);
#616 = EDGE_LOOP('',(#617,#635,#642,#731,#732,#733));
#617 = ORIENTED_EDGE('',*,*,#618,.F.);
#618 = EDGE_CURVE('',#619,#621,#623,.T.);
#619 = VERTEX_POINT('',#620);
#620 = CARTESIAN_POINT('',(1.,2.800178646787E-14,-0.875));
#621 = VERTEX_POINT('',#622);
#622 = CARTESIAN_POINT('',(1.,2.800178646787E-14,-0.475));
#623 = B_SPLINE_CURVE_WITH_KNOTS('',10,(#624,#625,#626,#627,#628,#629,
    #630,#631,#632,#633,#634),.UNSPECIFIED.,.F.,.F.,(11,11),(0.,
    6.295904828089),.PIECEWISE_BEZIER_KNOTS.);
#624 = CARTESIAN_POINT('',(1.,2.416624731798E-17,-0.875));
#625 = CARTESIAN_POINT('',(1.,0.628269000304,-0.835));
#626 = CARTESIAN_POINT('',(0.56147983376,1.256965430322,-0.795));
#627 = CARTESIAN_POINT('',(-0.316801657376,1.538099215721,
    -0.754999999999));
#628 = CARTESIAN_POINT('',(-1.319185390797,1.143964827646,
    -0.715000000001));
#629 = CARTESIAN_POINT('',(-1.850975966341,-4.849454171563E-13,
    -0.674999999999));
#630 = CARTESIAN_POINT('',(-1.319185390796,-1.143964827645,
    -0.635000000001));
#631 = CARTESIAN_POINT('',(-0.316801657376,-1.538099215721,
    -0.594999999999));
#632 = CARTESIAN_POINT('',(0.56147983376,-1.256965430322,-0.555));
#633 = CARTESIAN_POINT('',(1.,-0.628269000304,-0.515));
#634 = CARTESIAN_POINT('',(1.,5.597940668843E-14,-0.475));
#635 = ORIENTED_EDGE('',*,*,#636,.T.);
#636 = EDGE_CURVE('',#619,#637,#639,.T.);
#637 = VERTEX_POINT('',#638);
#638 = CARTESIAN_POINT('',(0.783493649054,1.229969913273E-14,-0.75));
#639 = B_SPLINE_CURVE_WITH_KNOTS('',1,(#640,#641),.UNSPECIFIED.,.F.,.F.,
  (2,2),(0.,0.423205080757),.PIECEWISE_BEZIER_KNOTS.);
#640 = CARTESIAN_POINT('',(1.,5.597940668843E-14,-0.875));
#641 = CARTESIAN_POINT('',(0.633493649054,3.183543925367E-15,
    -0.663397459622));
#642 = ORIENTED_EDGE('',*,*,#643,.T.);
#643 = EDGE_CURVE('',#637,#390,#644,.T.);
#644 = B_SPLINE_CURVE_WITH_KNOTS('',7,(#645,#646,#647,#648,#649,#650,
    #651,#652,#653,#654,#655,#656,#657,#658,#659,#660,#661,#662,#663,
    #664,#665,#666,#667,#668,#669,#670,#671,#672,#673,#674,#675,#676,
    #677,#678,#679,#680,#681,#682,#683,#684,#685,#686,#687,#688,#689,
    #690,#691,#692,#693,#694,#695,#696,#697,#698,#699,#700,#701,#702,
    #703,#704,#705,#706,#707,#708,#709,#710,#711,#712,#713,#714,#715,
    #716,#717,#718,#719,#720,#721,#722,#723,#724,#725,#726,#727,#728,
    #729,#730),.UNSPECIFIED.,.F.,.F.,(8,6,6,6,6,6,6,6,6,6,6,6,6,6,8),(0.
    ,2.163943796385E-02,7.855024277506E-02,0.118553722799,0.133555248535
    ,0.16520224893,0.333364253189,0.363367868938,0.498842047645,
    0.541050308995,0.561052090569,0.74060630485,0.884456855182,
    0.919459958631,1.),.UNSPECIFIED.);
#645 = CARTESIAN_POINT('',(0.783493649054,-6.661338147751E-16,-0.75));
#646 = CARTESIAN_POINT('',(0.783493649054,1.521640262446E-02,
    -0.748763555812));
#647 = CARTESIAN_POINT('',(0.783148873154,3.043295328268E-02,
    -0.747527094286));
#648 = CARTESIAN_POINT('',(0.782459312855,4.564021646889E-02,
    -0.746290612697));
#649 = CARTESIAN_POINT('',(0.781425280726,6.082878599819E-02,
    -0.745054111002));
#650 = CARTESIAN_POINT('',(0.780047410406,7.598928500651E-02,
    -0.743817591842));
#651 = CARTESIAN_POINT('',(0.778326656605,9.111236595061E-02,
    -0.742581060539));
#652 = CARTESIAN_POINT('',(0.770840371741,0.145838858154,-0.73809248928)
  );
#653 = CARTESIAN_POINT('',(0.763053589828,0.185166098446,-0.7348403869)
  );
#654 = CARTESIAN_POINT('',(0.752927167115,0.224000685001,-0.731588401659
    ));
#655 = CARTESIAN_POINT('',(0.74049944151,0.262175810168,-0.728336628025)
  );
#656 = CARTESIAN_POINT('',(0.725823423825,0.299528835784,-0.725085093382
    ));
#657 = CARTESIAN_POINT('',(0.708966350543,0.335902523828,-0.721833780174
    ));
#658 = CARTESIAN_POINT('',(0.676683989576,0.395919636275,-0.716297377292
    ));
#659 = CARTESIAN_POINT('',(0.662320971233,0.420134999258,-0.714012187052
    ));
#660 = CARTESIAN_POINT('',(0.646948427838,0.44373990235,-0.711727048281)
  );
#661 = CARTESIAN_POINT('',(0.630597636608,0.466684041571,-0.709441931231
    ));
#662 = CARTESIAN_POINT('',(0.61330290568,0.488919262638,-0.707156805464)
  );
#663 = CARTESIAN_POINT('',(0.595101574107,0.510399560963,-0.704871639857
    ));
#664 = CARTESIAN_POINT('',(0.568883570807,0.538836766026,-0.701729426017
    ));
#665 = CARTESIAN_POINT('',(0.561611296987,0.546480139427,-0.700872439508
    ));
#666 = CARTESIAN_POINT('',(0.554219309228,0.554008903025,-0.700015441655
    ));
#667 = CARTESIAN_POINT('',(0.546709778167,0.56142081029,-0.699158431189)
  );
#668 = CARTESIAN_POINT('',(0.539084926249,0.568713667003,-0.698301406992
    ));
#669 = CARTESIAN_POINT('',(0.531347027724,0.57588533125,-0.697444368097)
  );
#670 = CARTESIAN_POINT('',(0.506941076071,0.597802877891,-0.694779284165
    ));
#671 = CARTESIAN_POINT('',(0.48989095194,0.612123430609,-0.692971185147)
  );
#672 = CARTESIAN_POINT('',(0.472369948066,0.625875698949,-0.691163009246
    ));
#673 = CARTESIAN_POINT('',(0.454400838991,0.639041186145,-0.689354752572
    ));
#674 = CARTESIAN_POINT('',(0.43600726199,0.651602571296,-0.687546414726)
  );
#675 = CARTESIAN_POINT('',(0.417213717073,0.663543709367,-0.685737998805
    ));
#676 = CARTESIAN_POINT('',(0.296192168667,0.73492567155,-0.674319789694)
  );
#677 = CARTESIAN_POINT('',(0.183698515109,0.777103955875,-0.664702216385
    ));
#678 = CARTESIAN_POINT('',(6.444483978847E-02,0.799040831056,
    -0.655088142667));
#679 = CARTESIAN_POINT('',(-5.714948038615E-02,0.799595591482,
    -0.645478820552));
#680 = CARTESIAN_POINT('',(-0.176597887562,0.778748150902,
    -0.635871110843));
#681 = CARTESIAN_POINT('',(-0.289471571342,0.737598703888,
    -0.626259787437));
#682 = CARTESIAN_POINT('',(-0.410139323365,0.667902073235,
    -0.614940329934));
#683 = CARTESIAN_POINT('',(-0.428077762745,0.6567755151,-0.613226482658)
  );
#684 = CARTESIAN_POINT('',(-0.445663008482,0.645087488581,
    -0.611512621987));
#685 = CARTESIAN_POINT('',(-0.462874023815,0.632851502493,
    -0.609798740318));
#686 = CARTESIAN_POINT('',(-0.479690454085,0.620082026189,
    -0.608084831021));
#687 = CARTESIAN_POINT('',(-0.496092626746,0.606794489564,
    -0.606370888438));
#688 = CARTESIAN_POINT('',(-0.584165425907,0.530743406279,
    -0.596917837031));
#689 = CARTESIAN_POINT('',(-0.647455839209,0.458236703857,
    -0.589176044464));
#690 = CARTESIAN_POINT('',(-0.700148238154,0.377011259947,-0.58143447901
    ));
#691 = CARTESIAN_POINT('',(-0.740845740983,0.288950098776,
    -0.573692898155));
#692 = CARTESIAN_POINT('',(-0.768563791708,0.19618509913,-0.565950243878
    ));
#693 = CARTESIAN_POINT('',(-0.782774779977,0.100999286075,
    -0.558206769905));
#694 = CARTESIAN_POINT('',(-0.783690046993,-2.393958717954E-02,
    -0.548054185509));
#695 = CARTESIAN_POINT('',(-0.78259577909,-5.362851030851E-02,
    -0.54564251448));
#696 = CARTESIAN_POINT('',(-0.780189352894,-8.3257226934E-02,
    -0.543230910079));
#697 = CARTESIAN_POINT('',(-0.776474868329,-0.112756267504,
    -0.540819370719));
#698 = CARTESIAN_POINT('',(-0.771460994994,-0.142056735444,
    -0.538407890435));
#699 = CARTESIAN_POINT('',(-0.76516097216,-0.171090307157,
    -0.535996458878));
#700 = CARTESIAN_POINT('',(-0.754006089305,-0.213389167399,
    -0.532442340781));
#701 = CARTESIAN_POINT('',(-0.750134735128,-0.226914008107,
    -0.531299627519));
#702 = CARTESIAN_POINT('',(-0.7459804362,-0.240356584959,-0.53015691998)
  );
#703 = CARTESIAN_POINT('',(-0.741545303185,-0.253709801796,
    -0.529014216527));
#704 = CARTESIAN_POINT('',(-0.736831667454,-0.266966635491,
    -0.527871515442));
#705 = CARTESIAN_POINT('',(-0.731842081087,-0.280120135947,
    -0.52672881493));
#706 = CARTESIAN_POINT('',(-0.679335950579,-0.410251881725,
    -0.515328180538));
#707 = CARTESIAN_POINT('',(-0.610041274997,-0.51855239205,
    -0.505062001557));
#708 = CARTESIAN_POINT('',(-0.520702622185,-0.61290037926,
    -0.494801330692));
#709 = CARTESIAN_POINT('',(-0.414854833488,-0.688964827505,
    -0.484540005471));
#710 = CARTESIAN_POINT('',(-0.296945441213,-0.743552068625,
    -0.474275296291));
#711 = CARTESIAN_POINT('',(-0.172203144439,-0.774693492203,
    -0.464006334311));
#712 = CARTESIAN_POINT('',(5.481579033684E-02,-0.788092395343,
    -0.445529105645));
#713 = CARTESIAN_POINT('',(0.156724570032,-0.778844531691,
    -0.437309238685));
#714 = CARTESIAN_POINT('',(0.25675696592,-0.754204922383,-0.429092920833
    ));
#715 = CARTESIAN_POINT('',(0.352132201823,-0.714669694141,
    -0.420878204757));
#716 = CARTESIAN_POINT('',(0.440261189473,-0.66131067882,-0.412660048318
    ));
#717 = CARTESIAN_POINT('',(0.518826008646,-0.595746565932,
    -0.404437393417));
#718 = CARTESIAN_POINT('',(0.602312244763,-0.501685253481,
    -0.394216002558));
#719 = CARTESIAN_POINT('',(0.617976495254,-0.482677822219,
    -0.392215532241));
#720 = CARTESIAN_POINT('',(0.632939617923,-0.463101351568,
    -0.390215022771));
#721 = CARTESIAN_POINT('',(0.647176945234,-0.44298692972,-0.388214497312
    ));
#722 = CARTESIAN_POINT('',(0.660665590249,-0.422366899133,
    -0.386213979711));
#723 = CARTESIAN_POINT('',(0.673384446639,-0.401274856534,
    -0.384213494495));
#724 = CARTESIAN_POINT('',(0.71276380949,-0.330208246829,-0.377610202923
    ));
#725 = CARTESIAN_POINT('',(0.736036613786,-0.278354318977,
    -0.373007437751));
#726 = CARTESIAN_POINT('',(0.754896892872,-0.224609230375,
    -0.368405451027));
#727 = CARTESIAN_POINT('',(0.769164565717,-0.169424723864,-0.36380419675
    ));
#728 = CARTESIAN_POINT('',(0.778717469318,-0.113271883506,
    -0.359203213559));
#729 = CARTESIAN_POINT('',(0.783493649054,-5.663409398513E-02,
    -0.354601935035));
#730 = CARTESIAN_POINT('',(0.783493649054,3.508304757815E-14,-0.35));
#731 = ORIENTED_EDGE('',*,*,#389,.T.);
#732 = ORIENTED_EDGE('',*,*,#412,.T.);
#733 = ORIENTED_EDGE('',*,*,#734,.F.);
#734 = EDGE_CURVE('',#621,#413,#735,.T.);
#735 = B_SPLINE_CURVE_WITH_KNOTS('',1,(#736,#737),.UNSPECIFIED.,.F.,.F.,
  (2,2),(0.,0.423205080757),.PIECEWISE_BEZIER_KNOTS.);
#736 = CARTESIAN_POINT('',(1.,5.597940668843E-14,-0.475));
#737 = CARTESIAN_POINT('',(0.633493649054,3.183543925367E-15,
    -0.263397459622));
#738 = B_SPLINE_SURFACE_WITH_KNOTS('',1,10,(
    (#739,#740,#741,#742,#743,#744,#745,#746,#747,#748,#749)
    ,(#750,#751,#752,#753,#754,#755,#756,#757,#758,#759,#760
  )),.UNSPECIFIED.,.F.,.F.,.F.,(2,2),(11,11),(0.,0.423205080757),(0.,
    6.295904828089),.PIECEWISE_BEZIER_KNOTS.);
#739 = CARTESIAN_POINT('',(1.,2.416624731798E-17,-0.875));
#740 = CARTESIAN_POINT('',(1.,0.628269000304,-0.835));
#741 = CARTESIAN_POINT('',(0.56147983376,1.256965430322,-0.795));
#742 = CARTESIAN_POINT('',(-0.316801657376,1.538099215721,
    -0.754999999999));
#743 = CARTESIAN_POINT('',(-1.319185390797,1.143964827646,
    -0.715000000001));
#744 = CARTESIAN_POINT('',(-1.850975966341,-4.849454171563E-13,
    -0.674999999999));
#745 = CARTESIAN_POINT('',(-1.319185390796,-1.143964827645,
    -0.635000000001));
#746 = CARTESIAN_POINT('',(-0.316801657376,-1.538099215721,
    -0.594999999999));
#747 = CARTESIAN_POINT('',(0.56147983376,-1.256965430322,-0.555));
#748 = CARTESIAN_POINT('',(1.,-0.628269000304,-0.515));
#749 = CARTESIAN_POINT('',(1.,5.597940668843E-14,-0.475));
#750 = CARTESIAN_POINT('',(0.633493649054,-1.471251485083E-16,
    -0.663397459622));
#751 = CARTESIAN_POINT('',(0.633493649054,0.398035798793,-0.623397459621
    ));
#752 = CARTESIAN_POINT('',(0.355672008051,0.796391713315,-0.583397459622
    ));
#753 = CARTESIAN_POINT('',(-0.200619684773,0.973927813736,
    -0.543397459621));
#754 = CARTESIAN_POINT('',(-0.835861240656,0.72520816784,-0.503397459623
    ));
#755 = CARTESIAN_POINT('',(-1.172355927983,-1.856292897173E-13,
    -0.46339745962));
#756 = CARTESIAN_POINT('',(-0.835861240655,-0.725208167839,
    -0.423397459623));
#757 = CARTESIAN_POINT('',(-0.200619684773,-0.973927813736,
    -0.383397459621));
#758 = CARTESIAN_POINT('',(0.355672008051,-0.796391713315,
    -0.343397459622));
#759 = CARTESIAN_POINT('',(0.633493649054,-0.398035798793,
    -0.303397459621));
#760 = CARTESIAN_POINT('',(0.633493649054,3.183543925367E-15,
    -0.263397459622));
#761 = ADVANCED_FACE('',(#762),#877,.T.);
#762 = FACE_BOUND('',#763,.T.);
#763 = EDGE_LOOP('',(#764,#855,#862,#876));
#764 = ORIENTED_EDGE('',*,*,#765,.F.);
#765 = EDGE_CURVE('',#766,#476,#768,.T.);
#766 = VERTEX_POINT('',#767);
#767 = CARTESIAN_POINT('',(0.783493649054,1.229969913273E-14,-0.65));
#768 = B_SPLINE_CURVE_WITH_KNOTS('',7,(#769,#770,#771,#772,#773,#774,
    #775,#776,#777,#778,#779,#780,#781,#782,#783,#784,#785,#786,#787,
    #788,#789,#790,#791,#792,#793,#794,#795,#796,#797,#798,#799,#800,
    #801,#802,#803,#804,#805,#806,#807,#808,#809,#810,#811,#812,#813,
    #814,#815,#816,#817,#818,#819,#820,#821,#822,#823,#824,#825,#826,
    #827,#828,#829,#830,#831,#832,#833,#834,#835,#836,#837,#838,#839,
    #840,#841,#842,#843,#844,#845,#846,#847,#848,#849,#850,#851,#852,
    #853,#854),.UNSPECIFIED.,.F.,.F.,(8,6,6,6,6,6,6,6,6,6,6,6,6,6,8),(0.
    ,2.163965222354E-02,8.055120955795E-02,0.170203213709,0.213208332337
    ,0.238211076385,0.259213298769,0.442834986163,0.45883657434,
    0.500840234641,0.636791109556,0.705799387241,0.890458546319,
    0.921461483388,1.),.UNSPECIFIED.);
#769 = CARTESIAN_POINT('',(0.783493649054,-1.110223024625E-15,-0.65));
#770 = CARTESIAN_POINT('',(0.783493649054,1.521639610718E-02,
    -0.648763556342));
#771 = CARTESIAN_POINT('',(0.783148873464,3.043294294575E-02,
    -0.647527165981));
#772 = CARTESIAN_POINT('',(0.782459313529,4.564020480655E-02,
    -0.646290820829));
#773 = CARTESIAN_POINT('',(0.781425281636,6.082877516407E-02,
    -0.645054511986));
#774 = CARTESIAN_POINT('',(0.780047411316,7.598927667639E-02,
    -0.643818229744));
#775 = CARTESIAN_POINT('',(0.778326657239,9.11123611852E-02,
    -0.642581963588));
#776 = CARTESIAN_POINT('',(0.770649742966,0.147232399405,-0.637980117418
    ));
#777 = CARTESIAN_POINT('',(0.762503315945,0.187930123469,-0.634614548329
    ));
#778 = CARTESIAN_POINT('',(0.751850773025,0.228093545318,-0.631248821037
    ));
#779 = CARTESIAN_POINT('',(0.73873523985,0.267537733825,-0.627882809293)
  );
#780 = CARTESIAN_POINT('',(0.723216666578,0.306082625353,-0.624516460067
    ));
#781 = CARTESIAN_POINT('',(0.705371285617,0.343554485786,-0.621149819124
    ));
#782 = CARTESIAN_POINT('',(0.65473286123,0.434926823327,-0.61265949474)
  );
#783 = CARTESIAN_POINT('',(0.61899702749,0.487200336884,-0.607535295077)
  );
#784 = CARTESIAN_POINT('',(0.578408692425,0.536020193545,-0.602411346319
    ));
#785 = CARTESIAN_POINT('',(0.533373558215,0.580850280871,-0.597288003171
    ));
#786 = CARTESIAN_POINT('',(0.484368291889,0.621215849707,-0.592165314902
    ));
#787 = CARTESIAN_POINT('',(0.431930912277,0.656713270218,-0.587043253913
    ));
#788 = CARTESIAN_POINT('',(0.350134072316,0.701557504087,-0.579465306229
    ));
#789 = CARTESIAN_POINT('',(0.322962101273,0.714901246968,-0.577008789874
    ));
#790 = CARTESIAN_POINT('',(0.295200306756,0.727015417441,-0.574552367192
    ));
#791 = CARTESIAN_POINT('',(0.266915507144,0.73786905798,-0.572096008225)
  );
#792 = CARTESIAN_POINT('',(0.238176296258,0.747435852666,-0.569639681104
    ));
#793 = CARTESIAN_POINT('',(0.209053043369,0.755694127185,-0.567183352049
    ));
#794 = CARTESIAN_POINT('',(0.162504592515,0.766657463562,-0.563298878456
    ));
#795 = CARTESIAN_POINT('',(0.145285769631,0.770240052459,-0.561870758749
    ));
#796 = CARTESIAN_POINT('',(0.127975535575,0.773371295684,-0.560442619879
    ));
#797 = CARTESIAN_POINT('',(0.110588087188,0.776048434422,-0.559014456205
    ));
#798 = CARTESIAN_POINT('',(9.313770711377E-02,0.778269270878,
    -0.55758626281));
#799 = CARTESIAN_POINT('',(7.563876380284E-02,0.780032168279,
    -0.556158035503));
#800 = CARTESIAN_POINT('',(4.337800552061E-02,0.782431307948,
    -0.55353003321));
#801 = CARTESIAN_POINT('',(2.862621394358E-02,0.783202688382,
    -0.552330269124));
#802 = CARTESIAN_POINT('',(1.38588975821E-02,0.783649556802,
    -0.551130476582));
#803 = CARTESIAN_POINT('',(-9.153805339402E-04,0.783771560304,
    -0.549930654082));
#804 = CARTESIAN_POINT('',(-1.568805514678E-02,0.783568628451,
    -0.548730800601));
#805 = CARTESIAN_POINT('',(-3.045055877079E-02,0.783040973276,
    -0.547530915598));
#806 = CARTESIAN_POINT('',(-0.174098519387,0.774741097669,
    -0.535840170716));
#807 = CARTESIAN_POINT('',(-0.301682382515,0.742503146724,
    -0.525337892171));
#808 = CARTESIAN_POINT('',(-0.422016910845,0.685737750986,
    -0.514840558334));
#809 = CARTESIAN_POINT('',(-0.529511393512,0.606591586144,
    -0.504347079787));
#810 = CARTESIAN_POINT('',(-0.619447262116,0.508536171448,
    -0.493854268936));
#811 = CARTESIAN_POINT('',(-0.688112781855,0.396276112026,
    -0.483354998842));
#812 = CARTESIAN_POINT('',(-0.737452843756,0.264862621282,
    -0.471950653737));
#813 = CARTESIAN_POINT('',(-0.741231392343,0.254262398864,
    -0.471036493341));
#814 = CARTESIAN_POINT('',(-0.744832110052,0.243599471199,
    -0.470122331707));
#815 = CARTESIAN_POINT('',(-0.748253754734,0.232877419498,
    -0.469208167929));
#816 = CARTESIAN_POINT('',(-0.751495174987,0.222099853819,-0.46829400114
    ));
#817 = CARTESIAN_POINT('',(-0.75455531016,0.211270413071,-0.467379830509
    ));
#818 = CARTESIAN_POINT('',(-0.764987534357,0.17183928463,-0.464065974226
    ));
#819 = CARTESIAN_POINT('',(-0.771286096394,0.142953403957,
    -0.461666259771));
#820 = CARTESIAN_POINT('',(-0.776311273288,0.113801872442,
    -0.459266497346));
#821 = CARTESIAN_POINT('',(-0.780049942567,8.44520076758E-02,
    -0.456866676684));
#822 = CARTESIAN_POINT('',(-0.782493462464,5.497169538271E-02,
    -0.454466791783));
#823 = CARTESIAN_POINT('',(-0.783637671914,2.542938942482E-02,
    -0.452066840908));
#824 = CARTESIAN_POINT('',(-0.782981918465,-9.970105312405E-02,
    -0.441898835784));
#825 = CARTESIAN_POINT('',(-0.768872710142,-0.195250360782,
    -0.434128180805));
#826 = CARTESIAN_POINT('',(-0.741156361729,-0.288381812096,
    -0.426358360396));
#827 = CARTESIAN_POINT('',(-0.700363202178,-0.376787322242,
    -0.418589626735));
#828 = CARTESIAN_POINT('',(-0.647487052286,-0.45831159978,
    -0.410820899104));
#829 = CARTESIAN_POINT('',(-0.583939871298,-0.531051610977,
    -0.403051929107));
#830 = CARTESIAN_POINT('',(-0.474770117364,-0.625148315242,
    -0.391343610465));
#831 = CARTESIAN_POINT('',(-0.435723535281,-0.654174552484,
    -0.387401636891));
#832 = CARTESIAN_POINT('',(-0.394618435594,-0.680345767941,
    -0.383459861812));
#833 = CARTESIAN_POINT('',(-0.351706671615,-0.703488775747,
    -0.379518169895));
#834 = CARTESIAN_POINT('',(-0.307257316182,-0.723458506454,
    -0.375576380968));
#835 = CARTESIAN_POINT('',(-0.261553418637,-0.740139736202,-0.3716343656
    ));
#836 = CARTESIAN_POINT('',(-9.001886829095E-02,-0.789062564609,
    -0.35714321982));
#837 = CARTESIAN_POINT('',(4.18469865321E-02,-0.800564143126,
    -0.346583050348));
#838 = CARTESIAN_POINT('',(0.174923582526,-0.786217705891,
    -0.336027696185));
#839 = CARTESIAN_POINT('',(0.303121492204,-0.746228211241,
    -0.325471170497));
#840 = CARTESIAN_POINT('',(0.42075526223,-0.682363482174,-0.314916523702
    ));
#841 = CARTESIAN_POINT('',(0.522693424317,-0.597925209584,
    -0.304358033198));
#842 = CARTESIAN_POINT('',(0.619012489258,-0.480792163631,
    -0.292038643215));
#843 = CARTESIAN_POINT('',(0.632312408279,-0.463503965377,
    -0.290267667788));
#844 = CARTESIAN_POINT('',(0.645048139908,-0.44578764653,-0.288496699527
    ));
#845 = CARTESIAN_POINT('',(0.65720323292,-0.427665333102,-0.286725723302
    ));
#846 = CARTESIAN_POINT('',(0.668762350967,-0.409159895344,
    -0.284954724872));
#847 = CARTESIAN_POINT('',(0.67971127257,-0.390294947748,-0.283183690884
    ));
#848 = CARTESIAN_POINT('',(0.716194373009,-0.32245599695,-0.27692599673)
  );
#849 = CARTESIAN_POINT('',(0.738352677117,-0.271664607919,
    -0.272439001291));
#850 = CARTESIAN_POINT('',(0.756298287337,-0.21911771457,-0.267951485698
    ));
#851 = CARTESIAN_POINT('',(0.76986821969,-0.165235614858,-0.263463556942
    ));
#852 = CARTESIAN_POINT('',(0.778952001246,-0.110455679832,
    -0.258975469704));
#853 = CARTESIAN_POINT('',(0.783493649054,-5.522616138267E-02,
    -0.254487530197));
#854 = CARTESIAN_POINT('',(0.783493649054,2.475797344914E-14,-0.25));
#855 = ORIENTED_EDGE('',*,*,#856,.T.);
#856 = EDGE_CURVE('',#766,#857,#859,.T.);
#857 = VERTEX_POINT('',#858);
#858 = CARTESIAN_POINT('',(1.,2.800178646787E-14,-0.525));
#859 = B_SPLINE_CURVE_WITH_KNOTS('',1,(#860,#861),.UNSPECIFIED.,.F.,.F.,
  (2,2),(0.,0.423205080757),.PIECEWISE_BEZIER_KNOTS.);
#860 = CARTESIAN_POINT('',(0.633493649054,3.183543925367E-15,
    -0.736602540378));
#861 = CARTESIAN_POINT('',(1.,5.597940668843E-14,-0.525));
#862 = ORIENTED_EDGE('',*,*,#863,.T.);
#863 = EDGE_CURVE('',#857,#461,#864,.T.);
#864 = B_SPLINE_CURVE_WITH_KNOTS('',10,(#865,#866,#867,#868,#869,#870,
    #871,#872,#873,#874,#875),.UNSPECIFIED.,.F.,.F.,(11,11),(0.,
    6.295904828089),.PIECEWISE_BEZIER_KNOTS.);
#865 = CARTESIAN_POINT('',(1.,2.416624731798E-17,-0.525));
#866 = CARTESIAN_POINT('',(1.,0.628269000304,-0.485));
#867 = CARTESIAN_POINT('',(0.56147983376,1.256965430322,-0.445));
#868 = CARTESIAN_POINT('',(-0.316801657376,1.538099215721,
    -0.404999999999));
#869 = CARTESIAN_POINT('',(-1.319185390797,1.143964827646,
    -0.365000000001));
#870 = CARTESIAN_POINT('',(-1.850975966341,-4.849454171563E-13,
    -0.324999999999));
#871 = CARTESIAN_POINT('',(-1.319185390796,-1.143964827645,
    -0.285000000001));
#872 = CARTESIAN_POINT('',(-0.316801657376,-1.538099215721,-0.245));
#873 = CARTESIAN_POINT('',(0.56147983376,-1.256965430322,-0.205));
#874 = CARTESIAN_POINT('',(1.,-0.628269000304,-0.165));
#875 = CARTESIAN_POINT('',(1.,5.597940668843E-14,-0.125));
#876 = ORIENTED_EDGE('',*,*,#475,.T.);
#877 = B_SPLINE_SURFACE_WITH_KNOTS('',1,10,(
    (#878,#879,#880,#881,#882,#883,#884,#885,#886,#887,#888)
    ,(#889,#890,#891,#892,#893,#894,#895,#896,#897,#898,#899
  )),.UNSPECIFIED.,.F.,.F.,.F.,(2,2),(11,11),(0.,0.423205080757),(0.,
    6.295904828089),.PIECEWISE_BEZIER_KNOTS.);
#878 = CARTESIAN_POINT('',(0.633493649054,-1.471251485083E-16,
    -0.736602540378));
#879 = CARTESIAN_POINT('',(0.633493649054,0.398035798793,-0.696602540378
    ));
#880 = CARTESIAN_POINT('',(0.355672008051,0.796391713315,-0.656602540379
    ));
#881 = CARTESIAN_POINT('',(-0.200619684773,0.973927813736,
    -0.616602540377));
#882 = CARTESIAN_POINT('',(-0.835861240656,0.72520816784,-0.57660254038)
  );
#883 = CARTESIAN_POINT('',(-1.172355927983,-1.856292897173E-13,
    -0.536602540377));
#884 = CARTESIAN_POINT('',(-0.835861240655,-0.725208167839,
    -0.49660254038));
#885 = CARTESIAN_POINT('',(-0.200619684773,-0.973927813736,
    -0.456602540378));
#886 = CARTESIAN_POINT('',(0.355672008051,-0.796391713315,
    -0.416602540379));
#887 = CARTESIAN_POINT('',(0.633493649054,-0.398035798793,
    -0.376602540378));
#888 = CARTESIAN_POINT('',(0.633493649054,3.183543925367E-15,
    -0.336602540378));
#889 = CARTESIAN_POINT('',(1.,2.416624731798E-17,-0.525));
#890 = CARTESIAN_POINT('',(1.,0.628269000304,-0.485));
#891 = CARTESIAN_POINT('',(0.56147983376,1.256965430322,-0.445));
#892 = CARTESIAN_POINT('',(-0.316801657376,1.538099215721,
    -0.404999999999));
#893 = CARTESIAN_POINT('',(-1.319185390797,1.143964827646,
    -0.365000000001));
#894 = CARTESIAN_POINT('',(-1.850975966341,-4.849454171563E-13,
    -0.324999999999));
#895 = CARTESIAN_POINT('',(-1.319185390796,-1.143964827645,
    -0.285000000001));
#896 = CARTESIAN_POINT('',(-0.316801657376,-1.538099215721,-0.245));
#897 = CARTESIAN_POINT('',(0.56147983376,-1.256965430322,-0.205));
#898 = CARTESIAN_POINT('',(1.,-0.628269000304,-0.165));
#899 = CARTESIAN_POINT('',(1.,5.597940668843E-14,-0.125));
#900 = ADVANCED_FACE('',(#901),#924,.T.);
#901 = FACE_BOUND('',#902,.T.);
#902 = EDGE_LOOP('',(#903,#904,#909,#923));
#903 = ORIENTED_EDGE('',*,*,#863,.F.);
#904 = ORIENTED_EDGE('',*,*,#905,.T.);
#905 = EDGE_CURVE('',#857,#621,#906,.T.);
#906 = B_SPLINE_CURVE_WITH_KNOTS('',1,(#907,#908),.UNSPECIFIED.,.F.,.F.,
  (2,2),(0.,5.E-02),.PIECEWISE_BEZIER_KNOTS.);
#907 = CARTESIAN_POINT('',(1.,5.597940668843E-14,-0.525));
#908 = CARTESIAN_POINT('',(1.,5.597940668843E-14,-0.475));
#909 = ORIENTED_EDGE('',*,*,#910,.T.);
#910 = EDGE_CURVE('',#621,#444,#911,.T.);
#911 = B_SPLINE_CURVE_WITH_KNOTS('',10,(#912,#913,#914,#915,#916,#917,
    #918,#919,#920,#921,#922),.UNSPECIFIED.,.F.,.F.,(11,11),(0.,
    6.295904828089),.PIECEWISE_BEZIER_KNOTS.);
#912 = CARTESIAN_POINT('',(1.,2.416624731798E-17,-0.475));
#913 = CARTESIAN_POINT('',(1.,0.628269000304,-0.435));
#914 = CARTESIAN_POINT('',(0.56147983376,1.256965430322,-0.395));
#915 = CARTESIAN_POINT('',(-0.316801657376,1.538099215721,
    -0.354999999999));
#916 = CARTESIAN_POINT('',(-1.319185390797,1.143964827646,
    -0.315000000001));
#917 = CARTESIAN_POINT('',(-1.850975966341,-4.849454171563E-13,
    -0.274999999999));
#918 = CARTESIAN_POINT('',(-1.319185390796,-1.143964827645,
    -0.235000000001));
#919 = CARTESIAN_POINT('',(-0.316801657376,-1.538099215721,
    -0.194999999999));
#920 = CARTESIAN_POINT('',(0.56147983376,-1.256965430322,-0.155));
#921 = CARTESIAN_POINT('',(1.,-0.628269000304,-0.115));
#922 = CARTESIAN_POINT('',(1.,5.597940668843E-14,-7.5E-02));
#923 = ORIENTED_EDGE('',*,*,#460,.T.);
#924 = B_SPLINE_SURFACE_WITH_KNOTS('',1,10,(
    (#925,#926,#927,#928,#929,#930,#931,#932,#933,#934,#935)
    ,(#936,#937,#938,#939,#940,#941,#942,#943,#944,#945,#946
  )),.UNSPECIFIED.,.F.,.F.,.F.,(2,2),(11,11),(0.,5.E-02),(0.,
    6.295904828089),.PIECEWISE_BEZIER_KNOTS.);
#925 = CARTESIAN_POINT('',(1.,2.416624731798E-17,-0.525));
#926 = CARTESIAN_POINT('',(1.,0.628269000304,-0.485));
#927 = CARTESIAN_POINT('',(0.56147983376,1.256965430322,-0.445));
#928 = CARTESIAN_POINT('',(-0.316801657376,1.538099215721,
    -0.404999999999));
#929 = CARTESIAN_POINT('',(-1.319185390797,1.143964827646,
    -0.365000000001));
#930 = CARTESIAN_POINT('',(-1.850975966341,-4.849454171563E-13,
    -0.324999999999));
#931 = CARTESIAN_POINT('',(-1.319185390796,-1.143964827645,
    -0.285000000001));
#932 = CARTESIAN_POINT('',(-0.316801657376,-1.538099215721,-0.245));
#933 = CARTESIAN_POINT('',(0.56147983376,-1.256965430322,-0.205));
#934 = CARTESIAN_POINT('',(1.,-0.628269000304,-0.165));
#935 = CARTESIAN_POINT('',(1.,5.597940668843E-14,-0.125));
#936 = CARTESIAN_POINT('',(1.,2.416624731798E-17,-0.475));
#937 = CARTESIAN_POINT('',(1.,0.628269000304,-0.435));
#938 = CARTESIAN_POINT('',(0.56147983376,1.256965430322,-0.395));
#939 = CARTESIAN_POINT('',(-0.316801657376,1.538099215721,
    -0.354999999999));
#940 = CARTESIAN_POINT('',(-1.319185390797,1.143964827646,
    -0.315000000001));
#941 = CARTESIAN_POINT('',(-1.850975966341,-4.849454171563E-13,
    -0.274999999999));
#942 = CARTESIAN_POINT('',(-1.319185390796,-1.143964827645,
    -0.235000000001));
#943 = CARTESIAN_POINT('',(-0.316801657376,-1.538099215721,
    -0.194999999999));
#944 = CARTESIAN_POINT('',(0.56147983376,-1.256965430322,-0.155));
#945 = CARTESIAN_POINT('',(1.,-0.628269000304,-0.115));
#946 = CARTESIAN_POINT('',(1.,5.597940668843E-14,-7.5E-02));
#947 = ADVANCED_FACE('',(#948),#953,.T.);
#948 = FACE_BOUND('',#949,.T.);
#949 = EDGE_LOOP('',(#950,#951,#952));
#950 = ORIENTED_EDGE('',*,*,#910,.F.);
#951 = ORIENTED_EDGE('',*,*,#734,.T.);
#952 = ORIENTED_EDGE('',*,*,#443,.T.);
#953 = B_SPLINE_SURFACE_WITH_KNOTS('',1,10,(
    (#954,#955,#956,#957,#958,#959,#960,#961,#962,#963,#964)
    ,(#965,#966,#967,#968,#969,#970,#971,#972,#973,#974,#975
  )),.UNSPECIFIED.,.F.,.F.,.F.,(2,2),(11,11),(0.,0.423205080757),(0.,
    6.295904828089),.PIECEWISE_BEZIER_KNOTS.);
#954 = CARTESIAN_POINT('',(1.,2.416624731798E-17,-0.475));
#955 = CARTESIAN_POINT('',(1.,0.628269000304,-0.435));
#956 = CARTESIAN_POINT('',(0.56147983376,1.256965430322,-0.395));
#957 = CARTESIAN_POINT('',(-0.316801657376,1.538099215721,
    -0.354999999999));
#958 = CARTESIAN_POINT('',(-1.319185390797,1.143964827646,
    -0.315000000001));
#959 = CARTESIAN_POINT('',(-1.850975966341,-4.849454171563E-13,
    -0.274999999999));
#960 = CARTESIAN_POINT('',(-1.319185390796,-1.143964827645,
    -0.235000000001));
#961 = CARTESIAN_POINT('',(-0.316801657376,-1.538099215721,
    -0.194999999999));
#962 = CARTESIAN_POINT('',(0.56147983376,-1.256965430322,-0.155));
#963 = CARTESIAN_POINT('',(1.,-0.628269000304,-0.115));
#964 = CARTESIAN_POINT('',(1.,5.597940668843E-14,-7.5E-02));
#965 = CARTESIAN_POINT('',(0.633493649054,-1.471251485083E-16,
    -0.263397459622));
#966 = CARTESIAN_POINT('',(0.633493649054,0.398035798793,-0.223397459621
    ));
#967 = CARTESIAN_POINT('',(0.355672008051,0.796391713315,-0.183397459622
    ));
#968 = CARTESIAN_POINT('',(-0.200619684773,0.973927813736,
    -0.143397459621));
#969 = CARTESIAN_POINT('',(-0.835861240656,0.72520816784,-0.103397459623
    ));
#970 = CARTESIAN_POINT('',(-1.172355927983,-1.856292897173E-13,
    -6.339745962013E-02));
#971 = CARTESIAN_POINT('',(-0.835861240655,-0.725208167839,
    -2.339745962267E-02));
#972 = CARTESIAN_POINT('',(-0.200619684773,-0.973927813736,
    1.660254037911E-02));
#973 = CARTESIAN_POINT('',(0.355672008051,-0.796391713315,
    5.660254037816E-02));
#974 = CARTESIAN_POINT('',(0.633493649054,-0.398035798793,
    9.660254037852E-02));
#975 = CARTESIAN_POINT('',(0.633493649054,3.183543925367E-15,
    0.136602540378));
#976 = ADVANCED_FACE('',(#977),#1004,.F.);
#977 = FACE_BOUND('',#978,.F.);
#978 = EDGE_LOOP('',(#979,#988,#989));
#979 = ORIENTED_EDGE('',*,*,#980,.F.);
#980 = EDGE_CURVE('',#512,#981,#983,.T.);
#981 = VERTEX_POINT('',#982);
#982 = CARTESIAN_POINT('',(0.393416594365,0.677558618637,-3.883493649247
    ));
#983 = CIRCLE('',#984,0.783493649054);
#984 = AXIS2_PLACEMENT_3D('',#985,#986,#987);
#985 = CARTESIAN_POINT('',(0.,0.,-3.883493649054));
#986 = DIRECTION('',(-0.,0.,1.));
#987 = DIRECTION('',(0.,-1.,0.));
#988 = ORIENTED_EDGE('',*,*,#509,.F.);
#989 = ORIENTED_EDGE('',*,*,#990,.T.);
#990 = EDGE_CURVE('',#510,#981,#991,.T.);
#991 = B_SPLINE_CURVE_WITH_KNOTS('',6,(#992,#993,#994,#995,#996,#997,
    #998,#999,#1000,#1001,#1002,#1003),.UNSPECIFIED.,.F.,.F.,(7,5,7),(0.
    ,0.506700523655,1.),.UNSPECIFIED.);
#992 = CARTESIAN_POINT('',(0.940849364905,2.446561907136E-16,
    -4.040849364905));
#993 = CARTESIAN_POINT('',(0.927871387306,8.105822208992E-02,
    -4.027871387312));
#994 = CARTESIAN_POINT('',(0.906448339941,0.159835722437,-4.014828637253
    ));
#995 = CARTESIAN_POINT('',(0.87694637783,0.235184361532,-4.001722650909)
  );
#996 = CARTESIAN_POINT('',(0.839951525023,0.306051158851,-3.988556080836
    ));
#997 = CARTESIAN_POINT('',(0.796223623555,0.371501212198,-3.975326158985
    ));
#998 = CARTESIAN_POINT('',(0.698463272359,0.488462600214,-3.94909334507)
  );
#999 = CARTESIAN_POINT('',(0.644727594673,0.540304141902,-3.93609204479)
  );
#1000 = CARTESIAN_POINT('',(0.586332135386,0.585579214749,
    -3.923030561964));
#1001 = CARTESIAN_POINT('',(0.52425259859,0.623749000584,-3.909906990863
    ));
#1002 = CARTESIAN_POINT('',(0.459546871834,0.654466317655,
    -3.896720164568));
#1003 = CARTESIAN_POINT('',(0.393312271526,0.677595056161,
    -3.883472783871));
#1004 = CONICAL_SURFACE('',#1005,1.4,0.785398163397);
#1005 = AXIS2_PLACEMENT_3D('',#1006,#1007,#1008);
#1006 = CARTESIAN_POINT('',(0.,0.,-4.5));
#1007 = DIRECTION('',(-0.,-0.,-1.));
#1008 = DIRECTION('',(1.,0.,0.));
#1009 = ADVANCED_FACE('',(#1010),#1034,.T.);
#1010 = FACE_BOUND('',#1011,.T.);
#1011 = EDGE_LOOP('',(#1012,#1028,#1029));
#1012 = ORIENTED_EDGE('',*,*,#1013,.F.);
#1013 = EDGE_CURVE('',#591,#1014,#1016,.T.);
#1014 = VERTEX_POINT('',#1015);
#1015 = CARTESIAN_POINT('',(1.,2.800178646787E-14,-4.075));
#1016 = B_SPLINE_CURVE_WITH_KNOTS('',10,(#1017,#1018,#1019,#1020,#1021,
    #1022,#1023,#1024,#1025,#1026,#1027),.UNSPECIFIED.,.F.,.F.,(11,11),(
    0.,6.295904828089),.PIECEWISE_BEZIER_KNOTS.);
#1017 = CARTESIAN_POINT('',(1.,2.416624731798E-17,-4.475));
#1018 = CARTESIAN_POINT('',(1.,0.628269000304,-4.435));
#1019 = CARTESIAN_POINT('',(0.56147983376,1.256965430322,-4.395));
#1020 = CARTESIAN_POINT('',(-0.316801657376,1.538099215721,
    -4.354999999999));
#1021 = CARTESIAN_POINT('',(-1.319185390797,1.143964827646,
    -4.315000000001));
#1022 = CARTESIAN_POINT('',(-1.850975966341,-4.849454171563E-13,
    -4.274999999999));
#1023 = CARTESIAN_POINT('',(-1.319185390796,-1.143964827645,
    -4.235000000001));
#1024 = CARTESIAN_POINT('',(-0.316801657376,-1.538099215721,
    -4.194999999999));
#1025 = CARTESIAN_POINT('',(0.56147983376,-1.256965430322,-4.155));
#1026 = CARTESIAN_POINT('',(1.,-0.628269000304,-4.115));
#1027 = CARTESIAN_POINT('',(1.,5.597940668843E-14,-4.075));
#1028 = ORIENTED_EDGE('',*,*,#601,.F.);
#1029 = ORIENTED_EDGE('',*,*,#1030,.F.);
#1030 = EDGE_CURVE('',#1014,#510,#1031,.T.);
#1031 = B_SPLINE_CURVE_WITH_KNOTS('',1,(#1032,#1033),.UNSPECIFIED.,.F.,
  .F.,(2,2),(0.,0.423205080757),.PIECEWISE_BEZIER_KNOTS.);
#1032 = CARTESIAN_POINT('',(1.,5.597940668843E-14,-4.075));
#1033 = CARTESIAN_POINT('',(0.633493649054,3.183543925367E-15,
    -3.863397459622));
#1034 = B_SPLINE_SURFACE_WITH_KNOTS('',1,10,(
    (#1035,#1036,#1037,#1038,#1039,#1040,#1041,#1042,#1043,#1044,#1045)
    ,(#1046,#1047,#1048,#1049,#1050,#1051,#1052,#1053,#1054,#1055,#1056
    )),.UNSPECIFIED.,.F.,.F.,.F.,(2,2),(11,11),(0.,0.423205080757),(0.,
    6.295904828089),.PIECEWISE_BEZIER_KNOTS.);
#1035 = CARTESIAN_POINT('',(1.,2.416624731798E-17,-4.475));
#1036 = CARTESIAN_POINT('',(1.,0.628269000304,-4.435));
#1037 = CARTESIAN_POINT('',(0.56147983376,1.256965430322,-4.395));
#1038 = CARTESIAN_POINT('',(-0.316801657376,1.538099215721,
    -4.354999999999));
#1039 = CARTESIAN_POINT('',(-1.319185390797,1.143964827646,
    -4.315000000001));
#1040 = CARTESIAN_POINT('',(-1.850975966341,-4.849454171563E-13,
    -4.274999999999));
#1041 = CARTESIAN_POINT('',(-1.319185390796,-1.143964827645,
    -4.235000000001));
#1042 = CARTESIAN_POINT('',(-0.316801657376,-1.538099215721,
    -4.194999999999));
#1043 = CARTESIAN_POINT('',(0.56147983376,-1.256965430322,-4.155));
#1044 = CARTESIAN_POINT('',(1.,-0.628269000304,-4.115));
#1045 = CARTESIAN_POINT('',(1.,5.597940668843E-14,-4.075));
#1046 = CARTESIAN_POINT('',(0.633493649054,-1.471251485083E-16,
    -4.263397459622));
#1047 = CARTESIAN_POINT('',(0.633493649054,0.398035798793,
    -4.223397459621));
#1048 = CARTESIAN_POINT('',(0.355672008051,0.796391713315,
    -4.183397459622));
#1049 = CARTESIAN_POINT('',(-0.200619684773,0.973927813736,
    -4.143397459621));
#1050 = CARTESIAN_POINT('',(-0.835861240656,0.72520816784,
    -4.103397459623));
#1051 = CARTESIAN_POINT('',(-1.172355927983,-1.856292897173E-13,
    -4.06339745962));
#1052 = CARTESIAN_POINT('',(-0.835861240655,-0.725208167839,
    -4.023397459623));
#1053 = CARTESIAN_POINT('',(-0.200619684773,-0.973927813736,
    -3.983397459621));
#1054 = CARTESIAN_POINT('',(0.355672008051,-0.796391713315,
    -3.943397459622));
#1055 = CARTESIAN_POINT('',(0.633493649054,-0.398035798793,
    -3.903397459621));
#1056 = CARTESIAN_POINT('',(0.633493649054,3.183543925367E-15,
    -3.863397459622));
#1057 = ADVANCED_FACE('',(#1058),#1067,.T.);
#1058 = FACE_BOUND('',#1059,.T.);
#1059 = EDGE_LOOP('',(#1060,#1065,#1066));
#1060 = ORIENTED_EDGE('',*,*,#1061,.F.);
#1061 = EDGE_CURVE('',#572,#1014,#1062,.T.);
#1062 = B_SPLINE_CURVE_WITH_KNOTS('',1,(#1063,#1064),.UNSPECIFIED.,.F.,
  .F.,(2,2),(0.,5.E-02),.PIECEWISE_BEZIER_KNOTS.);
#1063 = CARTESIAN_POINT('',(1.,5.597940668843E-14,-4.125));
#1064 = CARTESIAN_POINT('',(1.,5.597940668843E-14,-4.075));
#1065 = ORIENTED_EDGE('',*,*,#590,.F.);
#1066 = ORIENTED_EDGE('',*,*,#1013,.T.);
#1067 = B_SPLINE_SURFACE_WITH_KNOTS('',1,10,(
    (#1068,#1069,#1070,#1071,#1072,#1073,#1074,#1075,#1076,#1077,#1078)
    ,(#1079,#1080,#1081,#1082,#1083,#1084,#1085,#1086,#1087,#1088,#1089
    )),.UNSPECIFIED.,.F.,.F.,.F.,(2,2),(11,11),(0.,5.E-02),(0.,
    6.295904828089),.PIECEWISE_BEZIER_KNOTS.);
#1068 = CARTESIAN_POINT('',(1.,2.416624731798E-17,-4.525));
#1069 = CARTESIAN_POINT('',(1.,0.628269000304,-4.485));
#1070 = CARTESIAN_POINT('',(0.56147983376,1.256965430322,-4.445));
#1071 = CARTESIAN_POINT('',(-0.316801657376,1.538099215721,
    -4.404999999999));
#1072 = CARTESIAN_POINT('',(-1.319185390797,1.143964827646,
    -4.365000000001));
#1073 = CARTESIAN_POINT('',(-1.850975966341,-4.849454171563E-13,
    -4.324999999999));
#1074 = CARTESIAN_POINT('',(-1.319185390796,-1.143964827645,
    -4.285000000001));
#1075 = CARTESIAN_POINT('',(-0.316801657376,-1.538099215721,-4.245));
#1076 = CARTESIAN_POINT('',(0.56147983376,-1.256965430322,-4.205));
#1077 = CARTESIAN_POINT('',(1.,-0.628269000304,-4.165));
#1078 = CARTESIAN_POINT('',(1.,5.597940668843E-14,-4.125));
#1079 = CARTESIAN_POINT('',(1.,2.416624731798E-17,-4.475));
#1080 = CARTESIAN_POINT('',(1.,0.628269000304,-4.435));
#1081 = CARTESIAN_POINT('',(0.56147983376,1.256965430322,-4.395));
#1082 = CARTESIAN_POINT('',(-0.316801657376,1.538099215721,
    -4.354999999999));
#1083 = CARTESIAN_POINT('',(-1.319185390797,1.143964827646,
    -4.315000000001));
#1084 = CARTESIAN_POINT('',(-1.850975966341,-4.849454171563E-13,
    -4.274999999999));
#1085 = CARTESIAN_POINT('',(-1.319185390796,-1.143964827645,
    -4.235000000001));
#1086 = CARTESIAN_POINT('',(-0.316801657376,-1.538099215721,
    -4.194999999999));
#1087 = CARTESIAN_POINT('',(0.56147983376,-1.256965430322,-4.155));
#1088 = CARTESIAN_POINT('',(1.,-0.628269000304,-4.115));
#1089 = CARTESIAN_POINT('',(1.,5.597940668843E-14,-4.075));
#1090 = ADVANCED_FACE('',(#1091),#1132,.T.);
#1091 = FACE_BOUND('',#1092,.T.);
#1092 = EDGE_LOOP('',(#1093,#1109,#1110,#1111,#1127));
#1093 = ORIENTED_EDGE('',*,*,#1094,.F.);
#1094 = EDGE_CURVE('',#529,#1095,#1097,.T.);
#1095 = VERTEX_POINT('',#1096);
#1096 = CARTESIAN_POINT('',(1.,2.800178646787E-14,-3.725));
#1097 = B_SPLINE_CURVE_WITH_KNOTS('',10,(#1098,#1099,#1100,#1101,#1102,
    #1103,#1104,#1105,#1106,#1107,#1108),.UNSPECIFIED.,.F.,.F.,(11,11),(
    0.,6.295904828089),.PIECEWISE_BEZIER_KNOTS.);
#1098 = CARTESIAN_POINT('',(1.,2.416624731798E-17,-4.125));
#1099 = CARTESIAN_POINT('',(1.,0.628269000304,-4.085));
#1100 = CARTESIAN_POINT('',(0.56147983376,1.256965430322,-4.045));
#1101 = CARTESIAN_POINT('',(-0.316801657376,1.538099215721,
    -4.004999999999));
#1102 = CARTESIAN_POINT('',(-1.319185390797,1.143964827646,
    -3.965000000001));
#1103 = CARTESIAN_POINT('',(-1.850975966341,-4.849454171563E-13,
    -3.924999999999));
#1104 = CARTESIAN_POINT('',(-1.319185390796,-1.143964827645,
    -3.885000000001));
#1105 = CARTESIAN_POINT('',(-0.316801657376,-1.538099215721,-3.845));
#1106 = CARTESIAN_POINT('',(0.56147983376,-1.256965430322,-3.805));
#1107 = CARTESIAN_POINT('',(1.,-0.628269000304,-3.765));
#1108 = CARTESIAN_POINT('',(1.,5.597940668843E-14,-3.725));
#1109 = ORIENTED_EDGE('',*,*,#571,.F.);
#1110 = ORIENTED_EDGE('',*,*,#1061,.T.);
#1111 = ORIENTED_EDGE('',*,*,#1112,.T.);
#1112 = EDGE_CURVE('',#1014,#1113,#1115,.T.);
#1113 = VERTEX_POINT('',#1114);
#1114 = CARTESIAN_POINT('',(1.,2.800178646787E-14,-3.675));
#1115 = B_SPLINE_CURVE_WITH_KNOTS('',10,(#1116,#1117,#1118,#1119,#1120,
    #1121,#1122,#1123,#1124,#1125,#1126),.UNSPECIFIED.,.F.,.F.,(11,11),(
    0.,6.295904828089),.PIECEWISE_BEZIER_KNOTS.);
#1116 = CARTESIAN_POINT('',(1.,2.416624731798E-17,-4.075));
#1117 = CARTESIAN_POINT('',(1.,0.628269000304,-4.035));
#1118 = CARTESIAN_POINT('',(0.56147983376,1.256965430322,-3.995));
#1119 = CARTESIAN_POINT('',(-0.316801657376,1.538099215721,
    -3.954999999999));
#1120 = CARTESIAN_POINT('',(-1.319185390797,1.143964827646,
    -3.915000000001));
#1121 = CARTESIAN_POINT('',(-1.850975966341,-4.849454171563E-13,
    -3.874999999999));
#1122 = CARTESIAN_POINT('',(-1.319185390796,-1.143964827645,
    -3.835000000001));
#1123 = CARTESIAN_POINT('',(-0.316801657376,-1.538099215721,
    -3.794999999999));
#1124 = CARTESIAN_POINT('',(0.56147983376,-1.256965430322,-3.755));
#1125 = CARTESIAN_POINT('',(1.,-0.628269000304,-3.715));
#1126 = CARTESIAN_POINT('',(1.,5.597940668843E-14,-3.675));
#1127 = ORIENTED_EDGE('',*,*,#1128,.F.);
#1128 = EDGE_CURVE('',#1095,#1113,#1129,.T.);
#1129 = B_SPLINE_CURVE_WITH_KNOTS('',1,(#1130,#1131),.UNSPECIFIED.,.F.,
  .F.,(2,2),(0.,5.E-02),.PIECEWISE_BEZIER_KNOTS.);
#1130 = CARTESIAN_POINT('',(1.,5.597940668843E-14,-3.725));
#1131 = CARTESIAN_POINT('',(1.,5.597940668843E-14,-3.675));
#1132 = B_SPLINE_SURFACE_WITH_KNOTS('',1,10,(
    (#1133,#1134,#1135,#1136,#1137,#1138,#1139,#1140,#1141,#1142,#1143)
    ,(#1144,#1145,#1146,#1147,#1148,#1149,#1150,#1151,#1152,#1153,#1154
    )),.UNSPECIFIED.,.F.,.F.,.F.,(2,2),(11,11),(0.,5.E-02),(0.,
    6.295904828089),.PIECEWISE_BEZIER_KNOTS.);
#1133 = CARTESIAN_POINT('',(1.,2.416624731798E-17,-4.125));
#1134 = CARTESIAN_POINT('',(1.,0.628269000304,-4.085));
#1135 = CARTESIAN_POINT('',(0.56147983376,1.256965430322,-4.045));
#1136 = CARTESIAN_POINT('',(-0.316801657376,1.538099215721,
    -4.004999999999));
#1137 = CARTESIAN_POINT('',(-1.319185390797,1.143964827646,
    -3.965000000001));
#1138 = CARTESIAN_POINT('',(-1.850975966341,-4.849454171563E-13,
    -3.924999999999));
#1139 = CARTESIAN_POINT('',(-1.319185390796,-1.143964827645,
    -3.885000000001));
#1140 = CARTESIAN_POINT('',(-0.316801657376,-1.538099215721,-3.845));
#1141 = CARTESIAN_POINT('',(0.56147983376,-1.256965430322,-3.805));
#1142 = CARTESIAN_POINT('',(1.,-0.628269000304,-3.765));
#1143 = CARTESIAN_POINT('',(1.,5.597940668843E-14,-3.725));
#1144 = CARTESIAN_POINT('',(1.,2.416624731798E-17,-4.075));
#1145 = CARTESIAN_POINT('',(1.,0.628269000304,-4.035));
#1146 = CARTESIAN_POINT('',(0.56147983376,1.256965430322,-3.995));
#1147 = CARTESIAN_POINT('',(-0.316801657376,1.538099215721,
    -3.954999999999));
#1148 = CARTESIAN_POINT('',(-1.319185390797,1.143964827646,
    -3.915000000001));
#1149 = CARTESIAN_POINT('',(-1.850975966341,-4.849454171563E-13,
    -3.874999999999));
#1150 = CARTESIAN_POINT('',(-1.319185390796,-1.143964827645,
    -3.835000000001));
#1151 = CARTESIAN_POINT('',(-0.316801657376,-1.538099215721,
    -3.794999999999));
#1152 = CARTESIAN_POINT('',(0.56147983376,-1.256965430322,-3.755));
#1153 = CARTESIAN_POINT('',(1.,-0.628269000304,-3.715));
#1154 = CARTESIAN_POINT('',(1.,5.597940668843E-14,-3.675));
#1155 = ADVANCED_FACE('',(#1156),#1256,.T.);
#1156 = FACE_BOUND('',#1157,.T.);
#1157 = EDGE_LOOP('',(#1158,#1249,#1250,#1251));
#1158 = ORIENTED_EDGE('',*,*,#1159,.F.);
#1159 = EDGE_CURVE('',#520,#1160,#1162,.T.);
#1160 = VERTEX_POINT('',#1161);
#1161 = CARTESIAN_POINT('',(0.783493649054,1.229969913273E-14,-3.85));
#1162 = B_SPLINE_CURVE_WITH_KNOTS('',7,(#1163,#1164,#1165,#1166,#1167,
    #1168,#1169,#1170,#1171,#1172,#1173,#1174,#1175,#1176,#1177,#1178,
    #1179,#1180,#1181,#1182,#1183,#1184,#1185,#1186,#1187,#1188,#1189,
    #1190,#1191,#1192,#1193,#1194,#1195,#1196,#1197,#1198,#1199,#1200,
    #1201,#1202,#1203,#1204,#1205,#1206,#1207,#1208,#1209,#1210,#1211,
    #1212,#1213,#1214,#1215,#1216,#1217,#1218,#1219,#1220,#1221,#1222,
    #1223,#1224,#1225,#1226,#1227,#1228,#1229,#1230,#1231,#1232,#1233,
    #1234,#1235,#1236,#1237,#1238,#1239,#1240,#1241,#1242,#1243,#1244,
    #1245,#1246,#1247,#1248),.UNSPECIFIED.,.F.,.F.,(8,6,6,6,6,6,6,6,6,6,
    6,6,6,6,8),(0.,2.163965220464E-02,8.055120953271E-02,0.170203213697,
    0.213208332327,0.238211076376,0.25921329876,0.442834986739,
    0.458836574916,0.500840235218,0.636791116335,0.705799394023,
    0.890458570363,0.921461507432,1.),.UNSPECIFIED.);
#1163 = CARTESIAN_POINT('',(0.783493649054,-1.110223024625E-15,-4.25));
#1164 = CARTESIAN_POINT('',(0.783493649054,1.521639609347E-02,
    -4.248763556343));
#1165 = CARTESIAN_POINT('',(0.783148873465,3.043294291832E-02,
    -4.247527165983));
#1166 = CARTESIAN_POINT('',(0.782459313531,4.564020476543E-02,
    -4.246290820832));
#1167 = CARTESIAN_POINT('',(0.78142528164,6.082877510931E-02,
    -4.24505451199));
#1168 = CARTESIAN_POINT('',(0.780047411322,7.598927660806E-02,
    -4.24381822975));
#1169 = CARTESIAN_POINT('',(0.778326657249,9.111236110341E-02,
    -4.242581963595));
#1170 = CARTESIAN_POINT('',(0.770649742985,0.147232399305,
    -4.237980117426));
#1171 = CARTESIAN_POINT('',(0.76250331597,0.187930123364,-4.234614548338
    ));
#1172 = CARTESIAN_POINT('',(0.751850773057,0.228093545209,
    -4.231248821046));
#1173 = CARTESIAN_POINT('',(0.73873523989,0.267537733713,-4.227882809302
    ));
#1174 = CARTESIAN_POINT('',(0.723216666626,0.306082625238,
    -4.224516460077));
#1175 = CARTESIAN_POINT('',(0.705371285673,0.343554485669,
    -4.221149819134));
#1176 = CARTESIAN_POINT('',(0.654732861301,0.434926823221,
    -4.212659494751));
#1177 = CARTESIAN_POINT('',(0.618997027565,0.48720033679,-4.207535295087
    ));
#1178 = CARTESIAN_POINT('',(0.578408692502,0.536020193464,
    -4.202411346328));
#1179 = CARTESIAN_POINT('',(0.533373558292,0.580850280802,
    -4.197288003179));
#1180 = CARTESIAN_POINT('',(0.484368291965,0.621215849649,
    -4.192165314909));
#1181 = CARTESIAN_POINT('',(0.431930912351,0.65671327017,-4.18704325392)
  );
#1182 = CARTESIAN_POINT('',(0.350134072387,0.701557504052,
    -4.179465306236));
#1183 = CARTESIAN_POINT('',(0.322962101345,0.714901246936,-4.17700878988
    ));
#1184 = CARTESIAN_POINT('',(0.29520030683,0.727015417411,-4.174552367199
    ));
#1185 = CARTESIAN_POINT('',(0.266915507218,0.737869057953,
    -4.172096008231));
#1186 = CARTESIAN_POINT('',(0.238176296334,0.747435852642,-4.16963968111
    ));
#1187 = CARTESIAN_POINT('',(0.209053043446,0.755694127163,
    -4.167183352055));
#1188 = CARTESIAN_POINT('',(0.162504592593,0.766657463545,
    -4.163298878463));
#1189 = CARTESIAN_POINT('',(0.145285769709,0.770240052445,
    -4.161870758755));
#1190 = CARTESIAN_POINT('',(0.127975535654,0.773371295671,
    -4.160442619886));
#1191 = CARTESIAN_POINT('',(0.110588087267,0.776048434411,
    -4.159014456211));
#1192 = CARTESIAN_POINT('',(9.313770719263E-02,0.778269270868,
    -4.157586262816));
#1193 = CARTESIAN_POINT('',(7.563876388188E-02,0.780032168272,
    -4.15615803551));
#1194 = CARTESIAN_POINT('',(4.337800559989E-02,0.782431307943,
    -4.153530033216));
#1195 = CARTESIAN_POINT('',(2.862621402294E-02,0.783202688379,
    -4.15233026913));
#1196 = CARTESIAN_POINT('',(1.38588976615E-02,0.783649556801,
    -4.151130476588));
#1197 = CARTESIAN_POINT('',(-9.153804545255E-04,0.783771560304,
    -4.149930654088));
#1198 = CARTESIAN_POINT('',(-1.568805506739E-02,0.783568628453,
    -4.148730800608));
#1199 = CARTESIAN_POINT('',(-3.045055869144E-02,0.78304097328,
    -4.147530915604));
#1200 = CARTESIAN_POINT('',(-0.174098519716,0.774741097663,
    -4.13584017069));
#1201 = CARTESIAN_POINT('',(-0.301682383245,0.742503146552,
    -4.125337892111));
#1202 = CARTESIAN_POINT('',(-0.422016911917,0.685737750491,
    -4.114840558241));
#1203 = CARTESIAN_POINT('',(-0.529511394808,0.606591585198,
    -4.104347079661));
#1204 = CARTESIAN_POINT('',(-0.619447263484,0.508536169962,
    -4.093854268777));
#1205 = CARTESIAN_POINT('',(-0.688112783116,0.39627610997,-4.08335499865
    ));
#1206 = CARTESIAN_POINT('',(-0.737452844694,0.264862618669,
    -4.071950653512));
#1207 = CARTESIAN_POINT('',(-0.741231393244,0.254262396239,
    -4.071036493115));
#1208 = CARTESIAN_POINT('',(-0.744832110915,0.243599468561,
    -4.070122331482));
#1209 = CARTESIAN_POINT('',(-0.748253755559,0.232877416848,
    -4.069208167704));
#1210 = CARTESIAN_POINT('',(-0.751495175774,0.222099851157,
    -4.068294000915));
#1211 = CARTESIAN_POINT('',(-0.754555310908,0.211270410398,
    -4.067379830283));
#1212 = CARTESIAN_POINT('',(-0.764987534965,0.17183928192,-4.064065974)
  );
#1213 = CARTESIAN_POINT('',(-0.771286096901,0.142953401224,
    -4.061666259546));
#1214 = CARTESIAN_POINT('',(-0.776311273691,0.113801869692,
    -4.059266497121));
#1215 = CARTESIAN_POINT('',(-0.780049942867,8.445200491267E-02,
    -4.056866676459));
#1216 = CARTESIAN_POINT('',(-0.782493462659,5.497169261093E-02,
    -4.054466791558));
#1217 = CARTESIAN_POINT('',(-0.783637672004,2.5429386649E-02,
    -4.052066840682));
#1218 = CARTESIAN_POINT('',(-0.782981918089,-9.970106025568E-02,
    -4.041898835205));
#1219 = CARTESIAN_POINT('',(-0.768872708164,-0.195250372221,
    -4.034128179871));
#1220 = CARTESIAN_POINT('',(-0.741156356915,-0.288381827465,
    -4.026358359107));
#1221 = CARTESIAN_POINT('',(-0.700363193401,-0.37678734085,
    -4.018589625093));
#1222 = CARTESIAN_POINT('',(-0.647487038607,-0.458311620661,
    -4.010820897107));
#1223 = CARTESIAN_POINT('',(-0.583939852031,-0.531051632947,
    -4.003051926756));
#1224 = CARTESIAN_POINT('',(-0.474770090798,-0.625148335418,
    -3.99134360776));
#1225 = CARTESIAN_POINT('',(-0.435723507481,-0.654174571001,
    -3.987401634186));
#1226 = CARTESIAN_POINT('',(-0.394618406682,-0.680345784711,
    -3.983459859107));
#1227 = CARTESIAN_POINT('',(-0.35170664172,-0.703488790693,
    -3.979518167191));
#1228 = CARTESIAN_POINT('',(-0.307257285438,-0.723458519512,
    -3.975576378263));
#1229 = CARTESIAN_POINT('',(-0.261553387184,-0.740139747317,
    -3.971634362896));
#1230 = CARTESIAN_POINT('',(-9.001882309015E-02,-0.789062571762,
    -3.957143216128));
#1231 = CARTESIAN_POINT('',(4.184704523462E-02,-0.800564143508,
    -3.946583045665));
#1232 = CARTESIAN_POINT('',(0.174923653309,-0.786217694428,
    -3.936027690514));
#1233 = CARTESIAN_POINT('',(0.303121571905,-0.746228183382,
    -3.925471163839));
#1234 = CARTESIAN_POINT('',(0.420755346241,-0.682363434418,
    -3.91491651606));
#1235 = CARTESIAN_POINT('',(0.522693506939,-0.597925139993,
    -3.904358024568));
#1236 = CARTESIAN_POINT('',(0.619012561892,-0.480792070115,-3.8920386336
    ));
#1237 = CARTESIAN_POINT('',(0.632312478301,-0.463503869852,
    -3.890267658173));
#1238 = CARTESIAN_POINT('',(0.645048207254,-0.445787549082,
    -3.888496689912));
#1239 = CARTESIAN_POINT('',(0.657203297528,-0.427665233818,
    -3.886725713686));
#1240 = CARTESIAN_POINT('',(0.668762412779,-0.409159794313,
    -3.884954715256));
#1241 = CARTESIAN_POINT('',(0.679711331532,-0.390294845064,
    -3.883183681268));
#1242 = CARTESIAN_POINT('',(0.716194413714,-0.322455903646,
    -3.876925988487));
#1243 = CARTESIAN_POINT('',(0.738352704589,-0.271664527477,
    -3.872438994421));
#1244 = CARTESIAN_POINT('',(0.756298303957,-0.21911764858,
    -3.867951480202));
#1245 = CARTESIAN_POINT('',(0.769868228033,-0.165235564541,
    -3.863463552819));
#1246 = CARTESIAN_POINT('',(0.778952004027,-0.110455646012,
    -3.858975466956));
#1247 = CARTESIAN_POINT('',(0.783493649054,-5.522614447506E-02,
    -3.854487528823));
#1248 = CARTESIAN_POINT('',(0.783493649054,2.475797344914E-14,-3.85));
#1249 = ORIENTED_EDGE('',*,*,#528,.F.);
#1250 = ORIENTED_EDGE('',*,*,#1094,.T.);
#1251 = ORIENTED_EDGE('',*,*,#1252,.F.);
#1252 = EDGE_CURVE('',#1160,#1095,#1253,.T.);
#1253 = B_SPLINE_CURVE_WITH_KNOTS('',1,(#1254,#1255),.UNSPECIFIED.,.F.,
  .F.,(2,2),(0.,0.423205080757),.PIECEWISE_BEZIER_KNOTS.);
#1254 = CARTESIAN_POINT('',(0.633493649054,3.183543925367E-15,
    -3.936602540378));
#1255 = CARTESIAN_POINT('',(1.,5.597940668843E-14,-3.725));
#1256 = B_SPLINE_SURFACE_WITH_KNOTS('',1,10,(
    (#1257,#1258,#1259,#1260,#1261,#1262,#1263,#1264,#1265,#1266,#1267)
    ,(#1268,#1269,#1270,#1271,#1272,#1273,#1274,#1275,#1276,#1277,#1278
    )),.UNSPECIFIED.,.F.,.F.,.F.,(2,2),(11,11),(0.,0.423205080757),(0.,
    6.295904828089),.PIECEWISE_BEZIER_KNOTS.);
#1257 = CARTESIAN_POINT('',(0.633493649054,-1.471251485083E-16,
    -4.336602540378));
#1258 = CARTESIAN_POINT('',(0.633493649054,0.398035798793,
    -4.296602540378));
#1259 = CARTESIAN_POINT('',(0.355672008051,0.796391713315,
    -4.256602540379));
#1260 = CARTESIAN_POINT('',(-0.200619684773,0.973927813736,
    -4.216602540377));
#1261 = CARTESIAN_POINT('',(-0.835861240656,0.72520816784,-4.17660254038
    ));
#1262 = CARTESIAN_POINT('',(-1.172355927983,-1.856292897173E-13,
    -4.136602540377));
#1263 = CARTESIAN_POINT('',(-0.835861240655,-0.725208167839,
    -4.09660254038));
#1264 = CARTESIAN_POINT('',(-0.200619684773,-0.973927813736,
    -4.056602540378));
#1265 = CARTESIAN_POINT('',(0.355672008051,-0.796391713315,
    -4.016602540379));
#1266 = CARTESIAN_POINT('',(0.633493649054,-0.398035798793,
    -3.976602540378));
#1267 = CARTESIAN_POINT('',(0.633493649054,3.183543925367E-15,
    -3.936602540378));
#1268 = CARTESIAN_POINT('',(1.,2.416624731798E-17,-4.125));
#1269 = CARTESIAN_POINT('',(1.,0.628269000304,-4.085));
#1270 = CARTESIAN_POINT('',(0.56147983376,1.256965430322,-4.045));
#1271 = CARTESIAN_POINT('',(-0.316801657376,1.538099215721,
    -4.004999999999));
#1272 = CARTESIAN_POINT('',(-1.319185390797,1.143964827646,
    -3.965000000001));
#1273 = CARTESIAN_POINT('',(-1.850975966341,-4.849454171563E-13,
    -3.924999999999));
#1274 = CARTESIAN_POINT('',(-1.319185390796,-1.143964827645,
    -3.885000000001));
#1275 = CARTESIAN_POINT('',(-0.316801657376,-1.538099215721,-3.845));
#1276 = CARTESIAN_POINT('',(0.56147983376,-1.256965430322,-3.805));
#1277 = CARTESIAN_POINT('',(1.,-0.628269000304,-3.765));
#1278 = CARTESIAN_POINT('',(1.,5.597940668843E-14,-3.725));
#1279 = ADVANCED_FACE('',(#1280),#1305,.T.);
#1280 = FACE_BOUND('',#1281,.T.);
#1281 = EDGE_LOOP('',(#1282,#1298,#1303,#1304));
#1282 = ORIENTED_EDGE('',*,*,#1283,.F.);
#1283 = EDGE_CURVE('',#1284,#857,#1286,.T.);
#1284 = VERTEX_POINT('',#1285);
#1285 = CARTESIAN_POINT('',(1.,2.800178646787E-14,-0.925));
#1286 = B_SPLINE_CURVE_WITH_KNOTS('',10,(#1287,#1288,#1289,#1290,#1291,
    #1292,#1293,#1294,#1295,#1296,#1297),.UNSPECIFIED.,.F.,.F.,(11,11),(
    0.,6.295904828089),.PIECEWISE_BEZIER_KNOTS.);
#1287 = CARTESIAN_POINT('',(1.,2.416624731798E-17,-0.925));
#1288 = CARTESIAN_POINT('',(1.,0.628269000304,-0.885));
#1289 = CARTESIAN_POINT('',(0.56147983376,1.256965430322,-0.845));
#1290 = CARTESIAN_POINT('',(-0.316801657376,1.538099215721,
    -0.804999999999));
#1291 = CARTESIAN_POINT('',(-1.319185390797,1.143964827646,
    -0.765000000001));
#1292 = CARTESIAN_POINT('',(-1.850975966341,-4.849454171563E-13,
    -0.724999999999));
#1293 = CARTESIAN_POINT('',(-1.319185390796,-1.143964827645,
    -0.685000000001));
#1294 = CARTESIAN_POINT('',(-0.316801657376,-1.538099215721,-0.645));
#1295 = CARTESIAN_POINT('',(0.56147983376,-1.256965430322,-0.605));
#1296 = CARTESIAN_POINT('',(1.,-0.628269000304,-0.565));
#1297 = CARTESIAN_POINT('',(1.,5.597940668843E-14,-0.525));
#1298 = ORIENTED_EDGE('',*,*,#1299,.T.);
#1299 = EDGE_CURVE('',#1284,#619,#1300,.T.);
#1300 = B_SPLINE_CURVE_WITH_KNOTS('',1,(#1301,#1302),.UNSPECIFIED.,.F.,
  .F.,(2,2),(0.,5.E-02),.PIECEWISE_BEZIER_KNOTS.);
#1301 = CARTESIAN_POINT('',(1.,5.597940668843E-14,-0.925));
#1302 = CARTESIAN_POINT('',(1.,5.597940668843E-14,-0.875));
#1303 = ORIENTED_EDGE('',*,*,#618,.T.);
#1304 = ORIENTED_EDGE('',*,*,#905,.F.);
#1305 = B_SPLINE_SURFACE_WITH_KNOTS('',1,10,(
    (#1306,#1307,#1308,#1309,#1310,#1311,#1312,#1313,#1314,#1315,#1316)
    ,(#1317,#1318,#1319,#1320,#1321,#1322,#1323,#1324,#1325,#1326,#1327
    )),.UNSPECIFIED.,.F.,.F.,.F.,(2,2),(11,11),(0.,5.E-02),(0.,
    6.295904828089),.PIECEWISE_BEZIER_KNOTS.);
#1306 = CARTESIAN_POINT('',(1.,2.416624731798E-17,-0.925));
#1307 = CARTESIAN_POINT('',(1.,0.628269000304,-0.885));
#1308 = CARTESIAN_POINT('',(0.56147983376,1.256965430322,-0.845));
#1309 = CARTESIAN_POINT('',(-0.316801657376,1.538099215721,
    -0.804999999999));
#1310 = CARTESIAN_POINT('',(-1.319185390797,1.143964827646,
    -0.765000000001));
#1311 = CARTESIAN_POINT('',(-1.850975966341,-4.849454171563E-13,
    -0.724999999999));
#1312 = CARTESIAN_POINT('',(-1.319185390796,-1.143964827645,
    -0.685000000001));
#1313 = CARTESIAN_POINT('',(-0.316801657376,-1.538099215721,-0.645));
#1314 = CARTESIAN_POINT('',(0.56147983376,-1.256965430322,-0.605));
#1315 = CARTESIAN_POINT('',(1.,-0.628269000304,-0.565));
#1316 = CARTESIAN_POINT('',(1.,5.597940668843E-14,-0.525));
#1317 = CARTESIAN_POINT('',(1.,2.416624731798E-17,-0.875));
#1318 = CARTESIAN_POINT('',(1.,0.628269000304,-0.835));
#1319 = CARTESIAN_POINT('',(0.56147983376,1.256965430322,-0.795));
#1320 = CARTESIAN_POINT('',(-0.316801657376,1.538099215721,
    -0.754999999999));
#1321 = CARTESIAN_POINT('',(-1.319185390797,1.143964827646,
    -0.715000000001));
#1322 = CARTESIAN_POINT('',(-1.850975966341,-4.849454171563E-13,
    -0.674999999999));
#1323 = CARTESIAN_POINT('',(-1.319185390796,-1.143964827645,
    -0.635000000001));
#1324 = CARTESIAN_POINT('',(-0.316801657376,-1.538099215721,
    -0.594999999999));
#1325 = CARTESIAN_POINT('',(0.56147983376,-1.256965430322,-0.555));
#1326 = CARTESIAN_POINT('',(1.,-0.628269000304,-0.515));
#1327 = CARTESIAN_POINT('',(1.,5.597940668843E-14,-0.475));
#1328 = ADVANCED_FACE('',(#1329),#1444,.T.);
#1329 = FACE_BOUND('',#1330,.T.);
#1330 = EDGE_LOOP('',(#1331,#1347,#1354,#1443));
#1331 = ORIENTED_EDGE('',*,*,#1332,.F.);
#1332 = EDGE_CURVE('',#1333,#619,#1335,.T.);
#1333 = VERTEX_POINT('',#1334);
#1334 = CARTESIAN_POINT('',(1.,2.800178646787E-14,-1.275));
#1335 = B_SPLINE_CURVE_WITH_KNOTS('',10,(#1336,#1337,#1338,#1339,#1340,
    #1341,#1342,#1343,#1344,#1345,#1346),.UNSPECIFIED.,.F.,.F.,(11,11),(
    0.,6.295904828089),.PIECEWISE_BEZIER_KNOTS.);
#1336 = CARTESIAN_POINT('',(1.,2.416624731798E-17,-1.275));
#1337 = CARTESIAN_POINT('',(1.,0.628269000304,-1.235));
#1338 = CARTESIAN_POINT('',(0.56147983376,1.256965430322,-1.195));
#1339 = CARTESIAN_POINT('',(-0.316801657376,1.538099215721,
    -1.154999999999));
#1340 = CARTESIAN_POINT('',(-1.319185390797,1.143964827646,
    -1.115000000001));
#1341 = CARTESIAN_POINT('',(-1.850975966341,-4.849454171563E-13,
    -1.074999999999));
#1342 = CARTESIAN_POINT('',(-1.319185390796,-1.143964827645,
    -1.035000000001));
#1343 = CARTESIAN_POINT('',(-0.316801657376,-1.538099215721,
    -0.994999999999));
#1344 = CARTESIAN_POINT('',(0.56147983376,-1.256965430322,-0.955));
#1345 = CARTESIAN_POINT('',(1.,-0.628269000304,-0.915));
#1346 = CARTESIAN_POINT('',(1.,5.597940668843E-14,-0.875));
#1347 = ORIENTED_EDGE('',*,*,#1348,.T.);
#1348 = EDGE_CURVE('',#1333,#1349,#1351,.T.);
#1349 = VERTEX_POINT('',#1350);
#1350 = CARTESIAN_POINT('',(0.783493649054,1.229969913273E-14,-1.15));
#1351 = B_SPLINE_CURVE_WITH_KNOTS('',1,(#1352,#1353),.UNSPECIFIED.,.F.,
  .F.,(2,2),(0.,0.423205080757),.PIECEWISE_BEZIER_KNOTS.);
#1352 = CARTESIAN_POINT('',(1.,5.597940668843E-14,-1.275));
#1353 = CARTESIAN_POINT('',(0.633493649054,3.183543925367E-15,
    -1.063397459622));
#1354 = ORIENTED_EDGE('',*,*,#1355,.T.);
#1355 = EDGE_CURVE('',#1349,#637,#1356,.T.);
#1356 = B_SPLINE_CURVE_WITH_KNOTS('',7,(#1357,#1358,#1359,#1360,#1361,
    #1362,#1363,#1364,#1365,#1366,#1367,#1368,#1369,#1370,#1371,#1372,
    #1373,#1374,#1375,#1376,#1377,#1378,#1379,#1380,#1381,#1382,#1383,
    #1384,#1385,#1386,#1387,#1388,#1389,#1390,#1391,#1392,#1393,#1394,
    #1395,#1396,#1397,#1398,#1399,#1400,#1401,#1402,#1403,#1404,#1405,
    #1406,#1407,#1408,#1409,#1410,#1411,#1412,#1413,#1414,#1415,#1416,
    #1417,#1418,#1419,#1420,#1421,#1422,#1423,#1424,#1425,#1426,#1427,
    #1428,#1429,#1430,#1431,#1432,#1433,#1434,#1435,#1436,#1437,#1438,
    #1439,#1440,#1441,#1442),.UNSPECIFIED.,.F.,.F.,(8,6,6,6,6,6,6,6,6,6,
    6,6,6,6,8),(0.,2.1639437951E-02,7.855024279345E-02,0.118553722823,
    0.133555248562,0.165202248842,0.333364252851,0.363367868604,
    0.498842054559,0.541050341734,0.561052123312,0.740606485943,
    0.884457138544,0.919460242003,1.),.UNSPECIFIED.);
#1357 = CARTESIAN_POINT('',(0.783493649054,-6.661338147751E-16,-1.15));
#1358 = CARTESIAN_POINT('',(0.783493649054,1.521640261313E-02,
    -1.148763555813));
#1359 = CARTESIAN_POINT('',(0.783148873154,3.043295326001E-02,
    -1.147527094288));
#1360 = CARTESIAN_POINT('',(0.782459312856,4.564021643492E-02,
    -1.146290612699));
#1361 = CARTESIAN_POINT('',(0.781425280729,6.082878595295E-02,
    -1.145054111006));
#1362 = CARTESIAN_POINT('',(0.780047410411,7.598928495005E-02,
    -1.143817591847));
#1363 = CARTESIAN_POINT('',(0.778326656613,9.111236588303E-02,
    -1.142581060544));
#1364 = CARTESIAN_POINT('',(0.770840371753,0.145838858091,
    -1.138092489286));
#1365 = CARTESIAN_POINT('',(0.76305358984,0.1851660984,-1.134840386904)
  );
#1366 = CARTESIAN_POINT('',(0.752927167126,0.224000684971,
    -1.131588401662));
#1367 = CARTESIAN_POINT('',(0.740499441516,0.262175810154,
    -1.128336628027));
#1368 = CARTESIAN_POINT('',(0.725823423827,0.299528835785,
    -1.125085093382));
#1369 = CARTESIAN_POINT('',(0.708966350537,0.335902523843,
    -1.121833780173));
#1370 = CARTESIAN_POINT('',(0.67668398956,0.395919636303,-1.116297377289
    ));
#1371 = CARTESIAN_POINT('',(0.662320971216,0.420134999285,-1.11401218705
    ));
#1372 = CARTESIAN_POINT('',(0.64694842782,0.443739902376,-1.111727048279
    ));
#1373 = CARTESIAN_POINT('',(0.630597636589,0.466684041597,
    -1.109441931228));
#1374 = CARTESIAN_POINT('',(0.61330290566,0.488919262664,-1.107156805461
    ));
#1375 = CARTESIAN_POINT('',(0.595101574086,0.510399560987,
    -1.104871639854));
#1376 = CARTESIAN_POINT('',(0.568883570785,0.538836766049,
    -1.101729426014));
#1377 = CARTESIAN_POINT('',(0.561611296964,0.54648013945,-1.100872439506
    ));
#1378 = CARTESIAN_POINT('',(0.554219309205,0.554008903047,
    -1.100015441652));
#1379 = CARTESIAN_POINT('',(0.546709778144,0.561420810312,
    -1.099158431186));
#1380 = CARTESIAN_POINT('',(0.539084926225,0.568713667025,-1.09830140699
    ));
#1381 = CARTESIAN_POINT('',(0.531347027701,0.575885331272,
    -1.097444368094));
#1382 = CARTESIAN_POINT('',(0.506941076108,0.597802877856,
    -1.094779284169));
#1383 = CARTESIAN_POINT('',(0.489890952043,0.612123430521,
    -1.092971185158));
#1384 = CARTESIAN_POINT('',(0.472369948238,0.625875698813,
    -1.091163009264));
#1385 = CARTESIAN_POINT('',(0.454400839234,0.639041185965,
    -1.089354752596));
#1386 = CARTESIAN_POINT('',(0.436007262308,0.651602571078,
    -1.087546414757));
#1387 = CARTESIAN_POINT('',(0.417213717469,0.663543709115,
    -1.085737998844));
#1388 = CARTESIAN_POINT('',(0.296192169354,0.734925671242,
    -1.074319789755));
#1389 = CARTESIAN_POINT('',(0.183698516028,0.777103955607,
    -1.064702216461));
#1390 = CARTESIAN_POINT('',(6.444484094196E-02,0.799040830903,
    -1.055088142759));
#1391 = CARTESIAN_POINT('',(-5.714947902169E-02,0.799595591518,
    -1.045478820661));
#1392 = CARTESIAN_POINT('',(-0.176597886029,0.778748151198,
    -1.035871110967));
#1393 = CARTESIAN_POINT('',(-0.289471569707,0.737598704499,
    -1.026259787577));
#1394 = CARTESIAN_POINT('',(-0.410139321732,0.667902074238,
    -1.01494033009));
#1395 = CARTESIAN_POINT('',(-0.428077761138,0.656775516147,
    -1.013226482813));
#1396 = CARTESIAN_POINT('',(-0.445663006905,0.645087489671,
    -1.011512622142));
#1397 = CARTESIAN_POINT('',(-0.462874022267,0.632851503625,
    -1.009798740474));
#1398 = CARTESIAN_POINT('',(-0.479690452569,0.620082027362,
    -1.008084831177));
#1399 = CARTESIAN_POINT('',(-0.496092625262,0.606794490778,
    -1.006370888593));
#1400 = CARTESIAN_POINT('',(-0.584165428456,0.530743404385,
    -0.996917836774));
#1401 = CARTESIAN_POINT('',(-0.647455844844,0.458236697701,
    -0.989176043794));
#1402 = CARTESIAN_POINT('',(-0.700148245669,0.377011248653,
    -0.981434477926));
#1403 = CARTESIAN_POINT('',(-0.740845748963,0.288950081789,
    -0.973692896658));
#1404 = CARTESIAN_POINT('',(-0.768563798623,0.196185076259,
    -0.965950241968));
#1405 = CARTESIAN_POINT('',(-0.78277478428,0.100999257516,
    -0.958206767582));
#1406 = CARTESIAN_POINT('',(-0.783690046097,-2.393963901505E-02,
    -0.948054181298));
#1407 = CARTESIAN_POINT('',(-0.782595775447,-5.362858026428E-02,
    -0.945642508793));
#1408 = CARTESIAN_POINT('',(-0.7801893449,-8.325731483693E-02,
    -0.943230902917));
#1409 = CARTESIAN_POINT('',(-0.776474854395,-0.112756373054,
    -0.940819362083));
#1410 = CARTESIAN_POINT('',(-0.771460973554,-0.142056858215,
    -0.938407880323));
#1411 = CARTESIAN_POINT('',(-0.765160941685,-0.171090446601,
    -0.935996447291));
#1412 = CARTESIAN_POINT('',(-0.75400604552,-0.21338932211,-0.93244232772
    ));
#1413 = CARTESIAN_POINT('',(-0.750134688568,-0.226914162024,
    -0.931299614458));
#1414 = CARTESIAN_POINT('',(-0.745980386882,-0.240356738024,
    -0.930156906919));
#1415 = CARTESIAN_POINT('',(-0.741545251127,-0.253709953952,
    -0.929014203466));
#1416 = CARTESIAN_POINT('',(-0.736831612676,-0.26696678668,
    -0.927871502381));
#1417 = CARTESIAN_POINT('',(-0.73184202361,-0.280120286112,
    -0.926728801869));
#1418 = CARTESIAN_POINT('',(-0.679335827374,-0.41025211784,
    -0.915328159003));
#1419 = CARTESIAN_POINT('',(-0.610041054025,-0.518552696368,
    -0.905061971514));
#1420 = CARTESIAN_POINT('',(-0.520702274732,-0.612900720212,
    -0.894801292168));
#1421 = CARTESIAN_POINT('',(-0.414854341988,-0.688965164169,
    -0.884539958463));
#1422 = CARTESIAN_POINT('',(-0.296944801334,-0.743552355108,
    -0.874275240801));
#1423 = CARTESIAN_POINT('',(-0.172202366899,-0.774693682033,
    -0.864006270323));
#1424 = CARTESIAN_POINT('',(5.481675897403E-02,-0.788092337194,
    -0.84552902737));
#1425 = CARTESIAN_POINT('',(0.156725601294,-0.778844340192,
    -0.837309154574));
#1426 = CARTESIAN_POINT('',(0.256758037619,-0.754204577623,
    -0.829092830889));
#1427 = CARTESIAN_POINT('',(0.352133286375,-0.714669180954,
    -0.820878108973));
#1428 = CARTESIAN_POINT('',(0.440262255295,-0.661309988122,
    -0.812659946667));
#1429 = CARTESIAN_POINT('',(0.518827021704,-0.595745695877,
    -0.804437285892));
#1430 = CARTESIAN_POINT('',(0.602313138042,-0.501684181028,
    -0.794215889175));
#1431 = CARTESIAN_POINT('',(0.617977354685,-0.482676721879,
    -0.792215418857));
#1432 = CARTESIAN_POINT('',(0.632940442495,-0.46310022459,
    -0.790214909386));
#1433 = CARTESIAN_POINT('',(0.647177733988,-0.442985777395,
    -0.788214383927));
#1434 = CARTESIAN_POINT('',(0.660666342286,-0.422365722795,
    -0.786213866327));
#1435 = CARTESIAN_POINT('',(0.673385161119,-0.401273657553,
    -0.784213381113));
#1436 = CARTESIAN_POINT('',(0.712764300845,-0.330207152044,
    -0.777610105747));
#1437 = CARTESIAN_POINT('',(0.736036945619,-0.278353373375,
    -0.773007356783));
#1438 = CARTESIAN_POINT('',(0.754897093699,-0.224608453618,
    -0.76840538626));
#1439 = CARTESIAN_POINT('',(0.769164666565,-0.169424131067,
    -0.763804148178));
#1440 = CARTESIAN_POINT('',(0.77871750293,-0.113271484904,
    -0.759203181177));
#1441 = CARTESIAN_POINT('',(0.783493649054,-5.663389471214E-02,
    -0.754601918843));
#1442 = CARTESIAN_POINT('',(0.783493649054,3.508304757815E-14,-0.75));
#1443 = ORIENTED_EDGE('',*,*,#636,.F.);
#1444 = B_SPLINE_SURFACE_WITH_KNOTS('',1,10,(
    (#1445,#1446,#1447,#1448,#1449,#1450,#1451,#1452,#1453,#1454,#1455)
    ,(#1456,#1457,#1458,#1459,#1460,#1461,#1462,#1463,#1464,#1465,#1466
    )),.UNSPECIFIED.,.F.,.F.,.F.,(2,2),(11,11),(0.,0.423205080757),(0.,
    6.295904828089),.PIECEWISE_BEZIER_KNOTS.);
#1445 = CARTESIAN_POINT('',(1.,2.416624731798E-17,-1.275));
#1446 = CARTESIAN_POINT('',(1.,0.628269000304,-1.235));
#1447 = CARTESIAN_POINT('',(0.56147983376,1.256965430322,-1.195));
#1448 = CARTESIAN_POINT('',(-0.316801657376,1.538099215721,
    -1.154999999999));
#1449 = CARTESIAN_POINT('',(-1.319185390797,1.143964827646,
    -1.115000000001));
#1450 = CARTESIAN_POINT('',(-1.850975966341,-4.849454171563E-13,
    -1.074999999999));
#1451 = CARTESIAN_POINT('',(-1.319185390796,-1.143964827645,
    -1.035000000001));
#1452 = CARTESIAN_POINT('',(-0.316801657376,-1.538099215721,
    -0.994999999999));
#1453 = CARTESIAN_POINT('',(0.56147983376,-1.256965430322,-0.955));
#1454 = CARTESIAN_POINT('',(1.,-0.628269000304,-0.915));
#1455 = CARTESIAN_POINT('',(1.,5.597940668843E-14,-0.875));
#1456 = CARTESIAN_POINT('',(0.633493649054,-1.471251485083E-16,
    -1.063397459622));
#1457 = CARTESIAN_POINT('',(0.633493649054,0.398035798793,
    -1.023397459621));
#1458 = CARTESIAN_POINT('',(0.355672008051,0.796391713315,
    -0.983397459622));
#1459 = CARTESIAN_POINT('',(-0.200619684773,0.973927813736,
    -0.943397459621));
#1460 = CARTESIAN_POINT('',(-0.835861240656,0.72520816784,
    -0.903397459623));
#1461 = CARTESIAN_POINT('',(-1.172355927983,-1.856292897173E-13,
    -0.86339745962));
#1462 = CARTESIAN_POINT('',(-0.835861240655,-0.725208167839,
    -0.823397459623));
#1463 = CARTESIAN_POINT('',(-0.200619684773,-0.973927813736,
    -0.783397459621));
#1464 = CARTESIAN_POINT('',(0.355672008051,-0.796391713315,
    -0.743397459622));
#1465 = CARTESIAN_POINT('',(0.633493649054,-0.398035798793,
    -0.703397459621));
#1466 = CARTESIAN_POINT('',(0.633493649054,3.183543925367E-15,
    -0.663397459622));
#1467 = ADVANCED_FACE('',(#1468),#1568,.T.);
#1468 = FACE_BOUND('',#1469,.T.);
#1469 = EDGE_LOOP('',(#1470,#1561,#1566,#1567));
#1470 = ORIENTED_EDGE('',*,*,#1471,.F.);
#1471 = EDGE_CURVE('',#1472,#766,#1474,.T.);
#1472 = VERTEX_POINT('',#1473);
#1473 = CARTESIAN_POINT('',(0.783493649054,1.229969913273E-14,-1.05));
#1474 = B_SPLINE_CURVE_WITH_KNOTS('',7,(#1475,#1476,#1477,#1478,#1479,
    #1480,#1481,#1482,#1483,#1484,#1485,#1486,#1487,#1488,#1489,#1490,
    #1491,#1492,#1493,#1494,#1495,#1496,#1497,#1498,#1499,#1500,#1501,
    #1502,#1503,#1504,#1505,#1506,#1507,#1508,#1509,#1510,#1511,#1512,
    #1513,#1514,#1515,#1516,#1517,#1518,#1519,#1520,#1521,#1522,#1523,
    #1524,#1525,#1526,#1527,#1528,#1529,#1530,#1531,#1532,#1533,#1534,
    #1535,#1536,#1537,#1538,#1539,#1540,#1541,#1542,#1543,#1544,#1545,
    #1546,#1547,#1548,#1549,#1550,#1551,#1552,#1553,#1554,#1555,#1556,
    #1557,#1558,#1559,#1560),.UNSPECIFIED.,.F.,.F.,(8,6,6,6,6,6,6,6,6,6,
    6,6,6,6,8),(0.,2.163965218819E-02,8.055120952967E-02,0.170203213712,
    0.213208332339,0.238211076387,0.25921329877,0.442834985717,
    0.458836573894,0.500840234194,0.636791103721,0.705799381405,
    0.890458525287,0.921461462356,1.),.UNSPECIFIED.);
#1475 = CARTESIAN_POINT('',(0.783493649054,-1.110223024625E-15,-1.05));
#1476 = CARTESIAN_POINT('',(0.783493649054,1.521639608271E-02,
    -1.048763556344));
#1477 = CARTESIAN_POINT('',(0.783148873465,3.043294289679E-02,
    -1.047527165985));
#1478 = CARTESIAN_POINT('',(0.782459313533,4.564020473316E-02,
    -1.046290820835));
#1479 = CARTESIAN_POINT('',(0.781425281643,6.082877506633E-02,
    -1.045054511993));
#1480 = CARTESIAN_POINT('',(0.780047411327,7.598927655444E-02,
    -1.043818229754));
#1481 = CARTESIAN_POINT('',(0.778326657256,9.111236103923E-02,
    -1.0425819636));
#1482 = CARTESIAN_POINT('',(0.770649742997,0.147232399243,
    -1.037980117431));
#1483 = CARTESIAN_POINT('',(0.762503315983,0.187930123314,
    -1.034614548342));
#1484 = CARTESIAN_POINT('',(0.75185077307,0.228093545171,-1.031248821049
    ));
#1485 = CARTESIAN_POINT('',(0.738735239901,0.267537733686,
    -1.027882809305));
#1486 = CARTESIAN_POINT('',(0.723216666633,0.306082625223,
    -1.024516460078));
#1487 = CARTESIAN_POINT('',(0.705371285676,0.343554485664,
    -1.021149819135));
#1488 = CARTESIAN_POINT('',(0.65473286129,0.43492682324,-1.012659494749)
  );
#1489 = CARTESIAN_POINT('',(0.618997027543,0.487200336821,
    -1.007535295084));
#1490 = CARTESIAN_POINT('',(0.578408692467,0.536020193505,
    -1.002411346324));
#1491 = CARTESIAN_POINT('',(0.533373558243,0.580850280851,
    -0.997288003174));
#1492 = CARTESIAN_POINT('',(0.484368291899,0.621215849703,
    -0.992165314902));
#1493 = CARTESIAN_POINT('',(0.431930912267,0.656713270227,
    -0.987043253911));
#1494 = CARTESIAN_POINT('',(0.350134072282,0.701557504104,
    -0.979465306226));
#1495 = CARTESIAN_POINT('',(0.322962101238,0.714901246984,
    -0.977008789871));
#1496 = CARTESIAN_POINT('',(0.295200306721,0.727015417455,
    -0.974552367189));
#1497 = CARTESIAN_POINT('',(0.266915507108,0.737869057993,
    -0.972096008222));
#1498 = CARTESIAN_POINT('',(0.238176296222,0.747435852677,
    -0.969639681101));
#1499 = CARTESIAN_POINT('',(0.209053043333,0.755694127195,
    -0.967183352046));
#1500 = CARTESIAN_POINT('',(0.162504592478,0.766657463569,
    -0.963298878453));
#1501 = CARTESIAN_POINT('',(0.145285769594,0.770240052466,
    -0.961870758746));
#1502 = CARTESIAN_POINT('',(0.127975535538,0.773371295691,
    -0.960442619876));
#1503 = CARTESIAN_POINT('',(0.110588087151,0.776048434427,
    -0.959014456202));
#1504 = CARTESIAN_POINT('',(9.313770707636E-02,0.778269270882,
    -0.957586262807));
#1505 = CARTESIAN_POINT('',(7.563876376534E-02,0.780032168283,
    -0.9561580355));
#1506 = CARTESIAN_POINT('',(4.3378005483E-02,0.78243130795,
    -0.953530033207));
#1507 = CARTESIAN_POINT('',(2.862621390593E-02,0.783202688383,
    -0.952330269121));
#1508 = CARTESIAN_POINT('',(1.385889754443E-02,0.783649556803,
    -0.951130476579));
#1509 = CARTESIAN_POINT('',(-9.153805716192E-04,0.783771560304,
    -0.949930654079));
#1510 = CARTESIAN_POINT('',(-1.568805518445E-02,0.78356862845,
    -0.948730800598));
#1511 = CARTESIAN_POINT('',(-3.045055880843E-02,0.783040973275,
    -0.947530915595));
#1512 = CARTESIAN_POINT('',(-0.174098519114,0.774741097679,
    -0.935840170738));
#1513 = CARTESIAN_POINT('',(-0.301682381934,0.742503146865,
    -0.925337892219));
#1514 = CARTESIAN_POINT('',(-0.422016910007,0.685737751377,
    -0.914840558407));
#1515 = CARTESIAN_POINT('',(-0.529511392504,0.606591586883,
    -0.904347079885));
#1516 = CARTESIAN_POINT('',(-0.619447261056,0.5085361726,-0.89385426906)
  );
#1517 = CARTESIAN_POINT('',(-0.68811278088,0.396276113617,
    -0.883354998991));
#1518 = CARTESIAN_POINT('',(-0.737452843031,0.264862623299,
    -0.871950653911));
#1519 = CARTESIAN_POINT('',(-0.741231391648,0.254262400892,
    -0.871036493515));
#1520 = CARTESIAN_POINT('',(-0.744832109386,0.243599473237,
    -0.870122331881));
#1521 = CARTESIAN_POINT('',(-0.748253754096,0.232877421545,
    -0.869208168104));
#1522 = CARTESIAN_POINT('',(-0.751495174379,0.222099855875,
    -0.868294001314));
#1523 = CARTESIAN_POINT('',(-0.754555309582,0.211270415135,
    -0.867379830683));
#1524 = CARTESIAN_POINT('',(-0.764987533886,0.171839286723,-0.8640659744
    ));
#1525 = CARTESIAN_POINT('',(-0.771286096003,0.142953406067,
    -0.861666259945));
#1526 = CARTESIAN_POINT('',(-0.776311272977,0.113801874566,
    -0.85926649752));
#1527 = CARTESIAN_POINT('',(-0.780049942336,8.445200980995E-02,
    -0.856866676858));
#1528 = CARTESIAN_POINT('',(-0.782493462314,5.497169752354E-02,
    -0.854466791958));
#1529 = CARTESIAN_POINT('',(-0.783637671844,2.542939156878E-02,
    -0.852066841082));
#1530 = CARTESIAN_POINT('',(-0.782981918758,-9.970104719591E-02,
    -0.841898836266));
#1531 = CARTESIAN_POINT('',(-0.768872711794,-0.195250351107,
    -0.834128181595));
#1532 = CARTESIAN_POINT('',(-0.741156365812,-0.288381798998,
    -0.826358361494));
#1533 = CARTESIAN_POINT('',(-0.700363209674,-0.376787306316,
    -0.818589628141));
#1534 = CARTESIAN_POINT('',(-0.647487064014,-0.458311581862,
    -0.810820900817));
#1535 = CARTESIAN_POINT('',(-0.583939887853,-0.531051592091,
    -0.803051931127));
#1536 = CARTESIAN_POINT('',(-0.474770140229,-0.625148297877,
    -0.791343612793));
#1537 = CARTESIAN_POINT('',(-0.435723559208,-0.654174536547,
    -0.787401639219));
#1538 = CARTESIAN_POINT('',(-0.394618460478,-0.680345753508,
    -0.78345986414));
#1539 = CARTESIAN_POINT('',(-0.351706697346,-0.703488762883,
    -0.779518172223));
#1540 = CARTESIAN_POINT('',(-0.307257342642,-0.723458495217,
    -0.775576383295));
#1541 = CARTESIAN_POINT('',(-0.261553445707,-0.740139726636,
    -0.771634367928));
#1542 = CARTESIAN_POINT('',(-9.001890742293E-02,-0.789062558387,
    -0.757143223016));
#1543 = CARTESIAN_POINT('',(4.184693553041E-02,-0.800564142756,
    -0.746583054417));
#1544 = CARTESIAN_POINT('',(0.17492352087,-0.786217715836,
    -0.736027701124));
#1545 = CARTESIAN_POINT('',(0.303121422677,-0.746228235509,
    -0.725471176305));
#1546 = CARTESIAN_POINT('',(0.420755188848,-0.682363523861,
    -0.714916530376));
#1547 = CARTESIAN_POINT('',(0.52269335209,-0.597925270403,
    -0.704358040741));
#1548 = CARTESIAN_POINT('',(0.619012425725,-0.480792245428,
    -0.692038651626));
#1549 = CARTESIAN_POINT('',(0.632312347031,-0.463504048932,
    -0.690267676199));
#1550 = CARTESIAN_POINT('',(0.645048081001,-0.445787731768,
    -0.688496707937));
#1551 = CARTESIAN_POINT('',(0.657203176408,-0.427665419946,
    -0.686725731712));
#1552 = CARTESIAN_POINT('',(0.6687622969,-0.409159983715,-0.684954733282
    ));
#1553 = CARTESIAN_POINT('',(0.679711220996,-0.390295037565,
    -0.683183699294));
#1554 = CARTESIAN_POINT('',(0.716194337405,-0.322456078563,
    -0.67692600394));
#1555 = CARTESIAN_POINT('',(0.738352653087,-0.271664678281,-0.6724390073
    ));
#1556 = CARTESIAN_POINT('',(0.756298272801,-0.219117772291,
    -0.667951490506));
#1557 = CARTESIAN_POINT('',(0.769868212391,-0.165235658871,
    -0.663463560548));
#1558 = CARTESIAN_POINT('',(0.778951998814,-0.110455709414,
    -0.658975472108));
#1559 = CARTESIAN_POINT('',(0.783493649054,-5.52261761717E-02,
    -0.654487531398));
#1560 = CARTESIAN_POINT('',(0.783493649054,2.475797344914E-14,-0.65));
#1561 = ORIENTED_EDGE('',*,*,#1562,.T.);
#1562 = EDGE_CURVE('',#1472,#1284,#1563,.T.);
#1563 = B_SPLINE_CURVE_WITH_KNOTS('',1,(#1564,#1565),.UNSPECIFIED.,.F.,
  .F.,(2,2),(0.,0.423205080757),.PIECEWISE_BEZIER_KNOTS.);
#1564 = CARTESIAN_POINT('',(0.633493649054,3.183543925367E-15,
    -1.136602540378));
#1565 = CARTESIAN_POINT('',(1.,5.597940668843E-14,-0.925));
#1566 = ORIENTED_EDGE('',*,*,#1283,.T.);
#1567 = ORIENTED_EDGE('',*,*,#856,.F.);
#1568 = B_SPLINE_SURFACE_WITH_KNOTS('',1,10,(
    (#1569,#1570,#1571,#1572,#1573,#1574,#1575,#1576,#1577,#1578,#1579)
    ,(#1580,#1581,#1582,#1583,#1584,#1585,#1586,#1587,#1588,#1589,#1590
    )),.UNSPECIFIED.,.F.,.F.,.F.,(2,2),(11,11),(0.,0.423205080757),(0.,
    6.295904828089),.PIECEWISE_BEZIER_KNOTS.);
#1569 = CARTESIAN_POINT('',(0.633493649054,-1.471251485083E-16,
    -1.136602540378));
#1570 = CARTESIAN_POINT('',(0.633493649054,0.398035798793,
    -1.096602540378));
#1571 = CARTESIAN_POINT('',(0.355672008051,0.796391713315,
    -1.056602540379));
#1572 = CARTESIAN_POINT('',(-0.200619684773,0.973927813736,
    -1.016602540377));
#1573 = CARTESIAN_POINT('',(-0.835861240656,0.72520816784,-0.97660254038
    ));
#1574 = CARTESIAN_POINT('',(-1.172355927983,-1.856292897173E-13,
    -0.936602540377));
#1575 = CARTESIAN_POINT('',(-0.835861240655,-0.725208167839,
    -0.89660254038));
#1576 = CARTESIAN_POINT('',(-0.200619684773,-0.973927813736,
    -0.856602540378));
#1577 = CARTESIAN_POINT('',(0.355672008051,-0.796391713315,
    -0.816602540379));
#1578 = CARTESIAN_POINT('',(0.633493649054,-0.398035798793,
    -0.776602540378));
#1579 = CARTESIAN_POINT('',(0.633493649054,3.183543925367E-15,
    -0.736602540378));
#1580 = CARTESIAN_POINT('',(1.,2.416624731798E-17,-0.925));
#1581 = CARTESIAN_POINT('',(1.,0.628269000304,-0.885));
#1582 = CARTESIAN_POINT('',(0.56147983376,1.256965430322,-0.845));
#1583 = CARTESIAN_POINT('',(-0.316801657376,1.538099215721,
    -0.804999999999));
#1584 = CARTESIAN_POINT('',(-1.319185390797,1.143964827646,
    -0.765000000001));
#1585 = CARTESIAN_POINT('',(-1.850975966341,-4.849454171563E-13,
    -0.724999999999));
#1586 = CARTESIAN_POINT('',(-1.319185390796,-1.143964827645,
    -0.685000000001));
#1587 = CARTESIAN_POINT('',(-0.316801657376,-1.538099215721,-0.645));
#1588 = CARTESIAN_POINT('',(0.56147983376,-1.256965430322,-0.605));
#1589 = CARTESIAN_POINT('',(1.,-0.628269000304,-0.565));
#1590 = CARTESIAN_POINT('',(1.,5.597940668843E-14,-0.525));
#1591 = ADVANCED_FACE('',(#1592),#1693,.T.);
#1592 = FACE_BOUND('',#1593,.T.);
#1593 = EDGE_LOOP('',(#1594,#1595,#1596,#1597,#1688));
#1594 = ORIENTED_EDGE('',*,*,#1112,.F.);
#1595 = ORIENTED_EDGE('',*,*,#1030,.T.);
#1596 = ORIENTED_EDGE('',*,*,#990,.T.);
#1597 = ORIENTED_EDGE('',*,*,#1598,.T.);
#1598 = EDGE_CURVE('',#981,#1599,#1601,.T.);
#1599 = VERTEX_POINT('',#1600);
#1600 = CARTESIAN_POINT('',(0.783493649054,1.229969913273E-14,-3.55));
#1601 = B_SPLINE_CURVE_WITH_KNOTS('',7,(#1602,#1603,#1604,#1605,#1606,
    #1607,#1608,#1609,#1610,#1611,#1612,#1613,#1614,#1615,#1616,#1617,
    #1618,#1619,#1620,#1621,#1622,#1623,#1624,#1625,#1626,#1627,#1628,
    #1629,#1630,#1631,#1632,#1633,#1634,#1635,#1636,#1637,#1638,#1639,
    #1640,#1641,#1642,#1643,#1644,#1645,#1646,#1647,#1648,#1649,#1650,
    #1651,#1652,#1653,#1654,#1655,#1656,#1657,#1658,#1659,#1660,#1661,
    #1662,#1663,#1664,#1665,#1666,#1667,#1668,#1669,#1670,#1671,#1672,
    #1673,#1674,#1675,#1676,#1677,#1678,#1679,#1680,#1681,#1682,#1683,
    #1684,#1685,#1686,#1687),.UNSPECIFIED.,.F.,.F.,(8,6,6,6,6,6,6,6,6,6,
    6,6,6,6,8),(0.,2.163943796684E-02,7.855024278593E-02,0.118553722815,
    0.133555248554,0.165202248953,0.33336425292,0.363367868673,
    0.498842053878,0.54105033872,0.561052120297,0.740606469135,
    0.884457112273,0.91946021573,1.),.UNSPECIFIED.);
#1602 = CARTESIAN_POINT('',(0.783493649054,-6.661338147751E-16,-3.95));
#1603 = CARTESIAN_POINT('',(0.783493649054,1.521640262446E-02,
    -3.948763555812));
#1604 = CARTESIAN_POINT('',(0.783148873154,3.043295328268E-02,
    -3.947527094286));
#1605 = CARTESIAN_POINT('',(0.782459312855,4.564021646889E-02,
    -3.946290612697));
#1606 = CARTESIAN_POINT('',(0.781425280726,6.082878599819E-02,
    -3.945054111002));
#1607 = CARTESIAN_POINT('',(0.780047410406,7.598928500651E-02,
    -3.943817591842));
#1608 = CARTESIAN_POINT('',(0.778326656605,9.111236595061E-02,
    -3.942581060539));
#1609 = CARTESIAN_POINT('',(0.770840371741,0.145838858154,-3.93809248928
    ));
#1610 = CARTESIAN_POINT('',(0.763053589828,0.185166098446,-3.9348403869)
  );
#1611 = CARTESIAN_POINT('',(0.752927167115,0.224000685001,
    -3.931588401659));
#1612 = CARTESIAN_POINT('',(0.74049944151,0.262175810168,-3.928336628025
    ));
#1613 = CARTESIAN_POINT('',(0.725823423825,0.299528835784,
    -3.925085093382));
#1614 = CARTESIAN_POINT('',(0.708966350543,0.335902523828,
    -3.921833780174));
#1615 = CARTESIAN_POINT('',(0.676683989576,0.395919636275,
    -3.916297377292));
#1616 = CARTESIAN_POINT('',(0.662320971233,0.420134999258,
    -3.914012187052));
#1617 = CARTESIAN_POINT('',(0.646948427838,0.44373990235,-3.911727048281
    ));
#1618 = CARTESIAN_POINT('',(0.630597636608,0.466684041571,
    -3.909441931231));
#1619 = CARTESIAN_POINT('',(0.61330290568,0.488919262638,-3.907156805464
    ));
#1620 = CARTESIAN_POINT('',(0.595101574107,0.510399560963,
    -3.904871639857));
#1621 = CARTESIAN_POINT('',(0.568883570807,0.538836766026,
    -3.901729426017));
#1622 = CARTESIAN_POINT('',(0.561611296987,0.546480139427,
    -3.900872439508));
#1623 = CARTESIAN_POINT('',(0.554219309228,0.554008903025,
    -3.900015441655));
#1624 = CARTESIAN_POINT('',(0.546709778167,0.56142081029,-3.899158431189
    ));
#1625 = CARTESIAN_POINT('',(0.539084926249,0.568713667003,
    -3.898301406992));
#1626 = CARTESIAN_POINT('',(0.531347027724,0.57588533125,-3.897444368097
    ));
#1627 = CARTESIAN_POINT('',(0.506941076071,0.597802877891,
    -3.894779284165));
#1628 = CARTESIAN_POINT('',(0.48989095194,0.612123430609,-3.892971185147
    ));
#1629 = CARTESIAN_POINT('',(0.472369948066,0.625875698949,
    -3.891163009246));
#1630 = CARTESIAN_POINT('',(0.454400838991,0.639041186144,
    -3.889354752572));
#1631 = CARTESIAN_POINT('',(0.43600726199,0.651602571296,-3.887546414726
    ));
#1632 = CARTESIAN_POINT('',(0.417213717073,0.663543709366,
    -3.885737998805));
#1633 = CARTESIAN_POINT('',(0.296192168859,0.734925671437,
    -3.874319789712));
#1634 = CARTESIAN_POINT('',(0.183698515532,0.777103955717,
    -3.864702216421));
#1635 = CARTESIAN_POINT('',(6.444484046114E-02,0.799040830933,
    -3.855088142721));
#1636 = CARTESIAN_POINT('',(-5.714947947279E-02,0.799595591478,
    -3.845478820625));
#1637 = CARTESIAN_POINT('',(-0.17659788644,0.778748151098,
    -3.835871110933));
#1638 = CARTESIAN_POINT('',(-0.289471570071,0.737598704352,
    -3.826259787546));
#1639 = CARTESIAN_POINT('',(-0.41013932204,0.667902074049,
    -3.814940330061));
#1640 = CARTESIAN_POINT('',(-0.428077761441,0.656775515949,
    -3.813226482784));
#1641 = CARTESIAN_POINT('',(-0.445663007202,0.645087489466,
    -3.811512622113));
#1642 = CARTESIAN_POINT('',(-0.462874022559,0.632851503412,
    -3.809798740445));
#1643 = CARTESIAN_POINT('',(-0.479690452855,0.620082027141,
    -3.808084831148));
#1644 = CARTESIAN_POINT('',(-0.496092625541,0.606794490549,
    -3.806370888564));
#1645 = CARTESIAN_POINT('',(-0.584165428302,0.53074340446,
    -3.796917836787));
#1646 = CARTESIAN_POINT('',(-0.647455844356,0.458236698204,
    -3.78917604385));
#1647 = CARTESIAN_POINT('',(-0.700148244969,0.377011249677,
    -3.781434478025));
#1648 = CARTESIAN_POINT('',(-0.740845748197,0.288950083394,-3.7736928968
    ));
#1649 = CARTESIAN_POINT('',(-0.768563797948,0.196185078468,
    -3.765950242152));
#1650 = CARTESIAN_POINT('',(-0.782774783855,0.10099926031,
    -3.758206767809));
#1651 = CARTESIAN_POINT('',(-0.783690046187,-2.393963405041E-02,
    -3.748054181701));
#1652 = CARTESIAN_POINT('',(-0.782595775795,-5.362857366306E-02,
    -3.74564250933));
#1653 = CARTESIAN_POINT('',(-0.780189345652,-8.325730661526E-02,
    -3.743230903587));
#1654 = CARTESIAN_POINT('',(-0.776474855694,-0.112756363239,
    -3.740819362886));
#1655 = CARTESIAN_POINT('',(-0.771460975542,-0.142056846846,
    -3.73840788126));
#1656 = CARTESIAN_POINT('',(-0.7651609445,-0.171090433728,
    -3.735996448361));
#1657 = CARTESIAN_POINT('',(-0.754006049553,-0.213389307862,
    -3.732442328922));
#1658 = CARTESIAN_POINT('',(-0.750134692856,-0.226914147849,
    -3.731299615661));
#1659 = CARTESIAN_POINT('',(-0.745980391424,-0.240356723928,
    -3.730156908122));
#1660 = CARTESIAN_POINT('',(-0.741545255921,-0.25370993994,
    -3.729014204668));
#1661 = CARTESIAN_POINT('',(-0.736831617721,-0.266966772757,
    -3.727871503584));
#1662 = CARTESIAN_POINT('',(-0.731842028903,-0.280120272283,
    -3.726728803072));
#1663 = CARTESIAN_POINT('',(-0.679335838755,-0.41025209601,
    -3.715328160994));
#1664 = CARTESIAN_POINT('',(-0.610041074476,-0.518552668183,
    -3.705061974296));
#1665 = CARTESIAN_POINT('',(-0.520702306927,-0.612900688606,
    -3.694801295738));
#1666 = CARTESIAN_POINT('',(-0.414854387563,-0.688965132941,
    -3.684539962822));
#1667 = CARTESIAN_POINT('',(-0.296944860695,-0.743552328525,
    -3.674275245948));
#1668 = CARTESIAN_POINT('',(-0.172202439055,-0.774693664413,
    -3.664006276261));
#1669 = CARTESIAN_POINT('',(5.481666908441E-02,-0.788092342593,
    -3.645529034634));
#1670 = CARTESIAN_POINT('',(0.156725505618,-0.778844357963,
    -3.637309162378));
#1671 = CARTESIAN_POINT('',(0.256757938201,-0.75420460961,
    -3.629092839233));
#1672 = CARTESIAN_POINT('',(0.352133185792,-0.714669228552,
    -3.620878117857));
#1673 = CARTESIAN_POINT('',(0.440262156456,-0.661310052179,
    -3.612659956093));
#1674 = CARTESIAN_POINT('',(0.518826927773,-0.595745776552,
    -3.604437295862));
#1675 = CARTESIAN_POINT('',(0.602313055224,-0.501684280458,
    -3.594215899687));
#1676 = CARTESIAN_POINT('',(0.617977275005,-0.482676823894,
    -3.592215429369));
#1677 = CARTESIAN_POINT('',(0.632940366047,-0.463100329075,
    -3.590214919899));
#1678 = CARTESIAN_POINT('',(0.64717766086,-0.44298588423,-3.58821439444)
  );
#1679 = CARTESIAN_POINT('',(0.660666272563,-0.422365831856,
    -3.586213876839));
#1680 = CARTESIAN_POINT('',(0.673385094878,-0.401273768714,
    -3.584213391625));
#1681 = CARTESIAN_POINT('',(0.71276425529,-0.330207253545,
    -3.577610114756));
#1682 = CARTESIAN_POINT('',(0.736036914854,-0.278353461044,
    -3.57300736429));
#1683 = CARTESIAN_POINT('',(0.75489707508,-0.224608525633,
    -3.568405392265));
#1684 = CARTESIAN_POINT('',(0.769164657215,-0.169424186027,
    -3.563804152681));
#1685 = CARTESIAN_POINT('',(0.778717499814,-0.113271521859,
    -3.55920318418));
#1686 = CARTESIAN_POINT('',(0.783493649054,-5.663391318722E-02,
    -3.554601920344));
#1687 = CARTESIAN_POINT('',(0.783493649054,3.508304757815E-14,-3.55));
#1688 = ORIENTED_EDGE('',*,*,#1689,.F.);
#1689 = EDGE_CURVE('',#1113,#1599,#1690,.T.);
#1690 = B_SPLINE_CURVE_WITH_KNOTS('',1,(#1691,#1692),.UNSPECIFIED.,.F.,
  .F.,(2,2),(0.,0.423205080757),.PIECEWISE_BEZIER_KNOTS.);
#1691 = CARTESIAN_POINT('',(1.,5.597940668843E-14,-3.675));
#1692 = CARTESIAN_POINT('',(0.633493649054,3.183543925367E-15,
    -3.463397459622));
#1693 = B_SPLINE_SURFACE_WITH_KNOTS('',1,10,(
    (#1694,#1695,#1696,#1697,#1698,#1699,#1700,#1701,#1702,#1703,#1704)
    ,(#1705,#1706,#1707,#1708,#1709,#1710,#1711,#1712,#1713,#1714,#1715
    )),.UNSPECIFIED.,.F.,.F.,.F.,(2,2),(11,11),(0.,0.423205080757),(0.,
    6.295904828089),.PIECEWISE_BEZIER_KNOTS.);
#1694 = CARTESIAN_POINT('',(1.,2.416624731798E-17,-4.075));
#1695 = CARTESIAN_POINT('',(1.,0.628269000304,-4.035));
#1696 = CARTESIAN_POINT('',(0.56147983376,1.256965430322,-3.995));
#1697 = CARTESIAN_POINT('',(-0.316801657376,1.538099215721,
    -3.954999999999));
#1698 = CARTESIAN_POINT('',(-1.319185390797,1.143964827646,
    -3.915000000001));
#1699 = CARTESIAN_POINT('',(-1.850975966341,-4.849454171563E-13,
    -3.874999999999));
#1700 = CARTESIAN_POINT('',(-1.319185390796,-1.143964827645,
    -3.835000000001));
#1701 = CARTESIAN_POINT('',(-0.316801657376,-1.538099215721,
    -3.794999999999));
#1702 = CARTESIAN_POINT('',(0.56147983376,-1.256965430322,-3.755));
#1703 = CARTESIAN_POINT('',(1.,-0.628269000304,-3.715));
#1704 = CARTESIAN_POINT('',(1.,5.597940668843E-14,-3.675));
#1705 = CARTESIAN_POINT('',(0.633493649054,-1.471251485083E-16,
    -3.863397459622));
#1706 = CARTESIAN_POINT('',(0.633493649054,0.398035798793,
    -3.823397459621));
#1707 = CARTESIAN_POINT('',(0.355672008051,0.796391713315,
    -3.783397459622));
#1708 = CARTESIAN_POINT('',(-0.200619684773,0.973927813736,
    -3.743397459621));
#1709 = CARTESIAN_POINT('',(-0.835861240656,0.72520816784,
    -3.703397459623));
#1710 = CARTESIAN_POINT('',(-1.172355927983,-1.856292897173E-13,
    -3.66339745962));
#1711 = CARTESIAN_POINT('',(-0.835861240655,-0.725208167839,
    -3.623397459623));
#1712 = CARTESIAN_POINT('',(-0.200619684773,-0.973927813736,
    -3.583397459621));
#1713 = CARTESIAN_POINT('',(0.355672008051,-0.796391713315,
    -3.543397459622));
#1714 = CARTESIAN_POINT('',(0.633493649054,-0.398035798793,
    -3.503397459621));
#1715 = CARTESIAN_POINT('',(0.633493649054,3.183543925367E-15,
    -3.463397459622));
#1716 = ADVANCED_FACE('',(#1717),#1757,.T.);
#1717 = FACE_BOUND('',#1718,.T.);
#1718 = EDGE_LOOP('',(#1719,#1735,#1736,#1752));
#1719 = ORIENTED_EDGE('',*,*,#1720,.F.);
#1720 = EDGE_CURVE('',#1095,#1721,#1723,.T.);
#1721 = VERTEX_POINT('',#1722);
#1722 = CARTESIAN_POINT('',(1.,2.800178646787E-14,-3.325));
#1723 = B_SPLINE_CURVE_WITH_KNOTS('',10,(#1724,#1725,#1726,#1727,#1728,
    #1729,#1730,#1731,#1732,#1733,#1734),.UNSPECIFIED.,.F.,.F.,(11,11),(
    0.,6.295904828089),.PIECEWISE_BEZIER_KNOTS.);
#1724 = CARTESIAN_POINT('',(1.,2.416624731798E-17,-3.725));
#1725 = CARTESIAN_POINT('',(1.,0.628269000304,-3.685));
#1726 = CARTESIAN_POINT('',(0.56147983376,1.256965430322,-3.645));
#1727 = CARTESIAN_POINT('',(-0.316801657376,1.538099215721,
    -3.604999999999));
#1728 = CARTESIAN_POINT('',(-1.319185390797,1.143964827646,
    -3.565000000001));
#1729 = CARTESIAN_POINT('',(-1.850975966341,-4.849454171563E-13,
    -3.524999999999));
#1730 = CARTESIAN_POINT('',(-1.319185390796,-1.143964827645,
    -3.485000000001));
#1731 = CARTESIAN_POINT('',(-0.316801657376,-1.538099215721,-3.445));
#1732 = CARTESIAN_POINT('',(0.56147983376,-1.256965430322,-3.405));
#1733 = CARTESIAN_POINT('',(1.,-0.628269000304,-3.365));
#1734 = CARTESIAN_POINT('',(1.,5.597940668843E-14,-3.325));
#1735 = ORIENTED_EDGE('',*,*,#1128,.T.);
#1736 = ORIENTED_EDGE('',*,*,#1737,.T.);
#1737 = EDGE_CURVE('',#1113,#1738,#1740,.T.);
#1738 = VERTEX_POINT('',#1739);
#1739 = CARTESIAN_POINT('',(1.,2.800178646787E-14,-3.275));
#1740 = B_SPLINE_CURVE_WITH_KNOTS('',10,(#1741,#1742,#1743,#1744,#1745,
    #1746,#1747,#1748,#1749,#1750,#1751),.UNSPECIFIED.,.F.,.F.,(11,11),(
    0.,6.295904828089),.PIECEWISE_BEZIER_KNOTS.);
#1741 = CARTESIAN_POINT('',(1.,2.416624731798E-17,-3.675));
#1742 = CARTESIAN_POINT('',(1.,0.628269000304,-3.635));
#1743 = CARTESIAN_POINT('',(0.56147983376,1.256965430322,-3.595));
#1744 = CARTESIAN_POINT('',(-0.316801657376,1.538099215721,
    -3.554999999999));
#1745 = CARTESIAN_POINT('',(-1.319185390797,1.143964827646,
    -3.515000000001));
#1746 = CARTESIAN_POINT('',(-1.850975966341,-4.849454171563E-13,
    -3.474999999999));
#1747 = CARTESIAN_POINT('',(-1.319185390796,-1.143964827645,
    -3.435000000001));
#1748 = CARTESIAN_POINT('',(-0.316801657376,-1.538099215721,
    -3.394999999999));
#1749 = CARTESIAN_POINT('',(0.56147983376,-1.256965430322,-3.355));
#1750 = CARTESIAN_POINT('',(1.,-0.628269000304,-3.315));
#1751 = CARTESIAN_POINT('',(1.,5.597940668843E-14,-3.275));
#1752 = ORIENTED_EDGE('',*,*,#1753,.F.);
#1753 = EDGE_CURVE('',#1721,#1738,#1754,.T.);
#1754 = B_SPLINE_CURVE_WITH_KNOTS('',1,(#1755,#1756),.UNSPECIFIED.,.F.,
  .F.,(2,2),(0.,5.E-02),.PIECEWISE_BEZIER_KNOTS.);
#1755 = CARTESIAN_POINT('',(1.,5.597940668843E-14,-3.325));
#1756 = CARTESIAN_POINT('',(1.,5.597940668843E-14,-3.275));
#1757 = B_SPLINE_SURFACE_WITH_KNOTS('',1,10,(
    (#1758,#1759,#1760,#1761,#1762,#1763,#1764,#1765,#1766,#1767,#1768)
    ,(#1769,#1770,#1771,#1772,#1773,#1774,#1775,#1776,#1777,#1778,#1779
    )),.UNSPECIFIED.,.F.,.F.,.F.,(2,2),(11,11),(0.,5.E-02),(0.,
    6.295904828089),.PIECEWISE_BEZIER_KNOTS.);
#1758 = CARTESIAN_POINT('',(1.,2.416624731798E-17,-3.725));
#1759 = CARTESIAN_POINT('',(1.,0.628269000304,-3.685));
#1760 = CARTESIAN_POINT('',(0.56147983376,1.256965430322,-3.645));
#1761 = CARTESIAN_POINT('',(-0.316801657376,1.538099215721,
    -3.604999999999));
#1762 = CARTESIAN_POINT('',(-1.319185390797,1.143964827646,
    -3.565000000001));
#1763 = CARTESIAN_POINT('',(-1.850975966341,-4.849454171563E-13,
    -3.524999999999));
#1764 = CARTESIAN_POINT('',(-1.319185390796,-1.143964827645,
    -3.485000000001));
#1765 = CARTESIAN_POINT('',(-0.316801657376,-1.538099215721,-3.445));
#1766 = CARTESIAN_POINT('',(0.56147983376,-1.256965430322,-3.405));
#1767 = CARTESIAN_POINT('',(1.,-0.628269000304,-3.365));
#1768 = CARTESIAN_POINT('',(1.,5.597940668843E-14,-3.325));
#1769 = CARTESIAN_POINT('',(1.,2.416624731798E-17,-3.675));
#1770 = CARTESIAN_POINT('',(1.,0.628269000304,-3.635));
#1771 = CARTESIAN_POINT('',(0.56147983376,1.256965430322,-3.595));
#1772 = CARTESIAN_POINT('',(-0.316801657376,1.538099215721,
    -3.554999999999));
#1773 = CARTESIAN_POINT('',(-1.319185390797,1.143964827646,
    -3.515000000001));
#1774 = CARTESIAN_POINT('',(-1.850975966341,-4.849454171563E-13,
    -3.474999999999));
#1775 = CARTESIAN_POINT('',(-1.319185390796,-1.143964827645,
    -3.435000000001));
#1776 = CARTESIAN_POINT('',(-0.316801657376,-1.538099215721,
    -3.394999999999));
#1777 = CARTESIAN_POINT('',(0.56147983376,-1.256965430322,-3.355));
#1778 = CARTESIAN_POINT('',(1.,-0.628269000304,-3.315));
#1779 = CARTESIAN_POINT('',(1.,5.597940668843E-14,-3.275));
#1780 = ADVANCED_FACE('',(#1781),#1881,.T.);
#1781 = FACE_BOUND('',#1782,.T.);
#1782 = EDGE_LOOP('',(#1783,#1874,#1875,#1876));
#1783 = ORIENTED_EDGE('',*,*,#1784,.F.);
#1784 = EDGE_CURVE('',#1160,#1785,#1787,.T.);
#1785 = VERTEX_POINT('',#1786);
#1786 = CARTESIAN_POINT('',(0.783493649054,1.229969913273E-14,-3.45));
#1787 = B_SPLINE_CURVE_WITH_KNOTS('',7,(#1788,#1789,#1790,#1791,#1792,
    #1793,#1794,#1795,#1796,#1797,#1798,#1799,#1800,#1801,#1802,#1803,
    #1804,#1805,#1806,#1807,#1808,#1809,#1810,#1811,#1812,#1813,#1814,
    #1815,#1816,#1817,#1818,#1819,#1820,#1821,#1822,#1823,#1824,#1825,
    #1826,#1827,#1828,#1829,#1830,#1831,#1832,#1833,#1834,#1835,#1836,
    #1837,#1838,#1839,#1840,#1841,#1842,#1843,#1844,#1845,#1846,#1847,
    #1848,#1849,#1850,#1851,#1852,#1853,#1854,#1855,#1856,#1857,#1858,
    #1859,#1860,#1861,#1862,#1863,#1864,#1865,#1866,#1867,#1868,#1869,
    #1870,#1871,#1872,#1873),.UNSPECIFIED.,.F.,.F.,(8,6,6,6,6,6,6,6,6,6,
    6,6,6,6,8),(0.,2.163965220468E-02,8.055120953285E-02,0.170203213697,
    0.213208332327,0.238211076376,0.259213298761,0.442834986739,
    0.458836574917,0.500840235219,0.636791116336,0.705799394023,
    0.890458570363,0.921461507432,1.),.UNSPECIFIED.);
#1788 = CARTESIAN_POINT('',(0.783493649054,-1.110223024625E-15,-3.85));
#1789 = CARTESIAN_POINT('',(0.783493649054,1.521639609347E-02,
    -3.848763556343));
#1790 = CARTESIAN_POINT('',(0.783148873465,3.043294291832E-02,
    -3.847527165983));
#1791 = CARTESIAN_POINT('',(0.782459313531,4.564020476543E-02,
    -3.846290820832));
#1792 = CARTESIAN_POINT('',(0.78142528164,6.082877510931E-02,
    -3.84505451199));
#1793 = CARTESIAN_POINT('',(0.780047411322,7.598927660806E-02,
    -3.84381822975));
#1794 = CARTESIAN_POINT('',(0.778326657249,9.111236110341E-02,
    -3.842581963595));
#1795 = CARTESIAN_POINT('',(0.770649742985,0.147232399305,
    -3.837980117426));
#1796 = CARTESIAN_POINT('',(0.76250331597,0.187930123364,-3.834614548338
    ));
#1797 = CARTESIAN_POINT('',(0.751850773057,0.228093545209,
    -3.831248821046));
#1798 = CARTESIAN_POINT('',(0.73873523989,0.267537733713,-3.827882809302
    ));
#1799 = CARTESIAN_POINT('',(0.723216666626,0.306082625238,
    -3.824516460077));
#1800 = CARTESIAN_POINT('',(0.705371285673,0.343554485669,
    -3.821149819134));
#1801 = CARTESIAN_POINT('',(0.654732861301,0.434926823221,
    -3.812659494751));
#1802 = CARTESIAN_POINT('',(0.618997027565,0.48720033679,-3.807535295087
    ));
#1803 = CARTESIAN_POINT('',(0.578408692502,0.536020193464,
    -3.802411346328));
#1804 = CARTESIAN_POINT('',(0.533373558292,0.580850280802,
    -3.797288003179));
#1805 = CARTESIAN_POINT('',(0.484368291965,0.621215849649,
    -3.792165314909));
#1806 = CARTESIAN_POINT('',(0.431930912351,0.65671327017,-3.78704325392)
  );
#1807 = CARTESIAN_POINT('',(0.350134072387,0.701557504052,
    -3.779465306236));
#1808 = CARTESIAN_POINT('',(0.322962101345,0.714901246936,-3.77700878988
    ));
#1809 = CARTESIAN_POINT('',(0.29520030683,0.727015417411,-3.774552367199
    ));
#1810 = CARTESIAN_POINT('',(0.266915507218,0.737869057953,
    -3.772096008231));
#1811 = CARTESIAN_POINT('',(0.238176296334,0.747435852642,-3.76963968111
    ));
#1812 = CARTESIAN_POINT('',(0.209053043446,0.755694127163,
    -3.767183352055));
#1813 = CARTESIAN_POINT('',(0.162504592593,0.766657463545,
    -3.763298878463));
#1814 = CARTESIAN_POINT('',(0.145285769709,0.770240052445,
    -3.761870758755));
#1815 = CARTESIAN_POINT('',(0.127975535654,0.773371295671,
    -3.760442619886));
#1816 = CARTESIAN_POINT('',(0.110588087267,0.776048434411,
    -3.759014456211));
#1817 = CARTESIAN_POINT('',(9.313770719263E-02,0.778269270868,
    -3.757586262816));
#1818 = CARTESIAN_POINT('',(7.563876388187E-02,0.780032168272,
    -3.75615803551));
#1819 = CARTESIAN_POINT('',(4.337800559989E-02,0.782431307943,
    -3.753530033216));
#1820 = CARTESIAN_POINT('',(2.862621402294E-02,0.783202688379,
    -3.75233026913));
#1821 = CARTESIAN_POINT('',(1.38588976615E-02,0.783649556801,
    -3.751130476588));
#1822 = CARTESIAN_POINT('',(-9.153804545252E-04,0.783771560304,
    -3.749930654088));
#1823 = CARTESIAN_POINT('',(-1.568805506739E-02,0.783568628453,
    -3.748730800608));
#1824 = CARTESIAN_POINT('',(-3.045055869144E-02,0.78304097328,
    -3.747530915604));
#1825 = CARTESIAN_POINT('',(-0.174098519716,0.774741097663,
    -3.73584017069));
#1826 = CARTESIAN_POINT('',(-0.301682383245,0.742503146552,
    -3.725337892111));
#1827 = CARTESIAN_POINT('',(-0.422016911917,0.68573775049,
    -3.714840558241));
#1828 = CARTESIAN_POINT('',(-0.529511394808,0.606591585199,
    -3.704347079661));
#1829 = CARTESIAN_POINT('',(-0.619447263484,0.508536169962,
    -3.693854268777));
#1830 = CARTESIAN_POINT('',(-0.688112783116,0.39627610997,-3.68335499865
    ));
#1831 = CARTESIAN_POINT('',(-0.737452844694,0.264862618669,
    -3.671950653511));
#1832 = CARTESIAN_POINT('',(-0.741231393244,0.254262396239,
    -3.671036493115));
#1833 = CARTESIAN_POINT('',(-0.744832110915,0.243599468561,
    -3.670122331482));
#1834 = CARTESIAN_POINT('',(-0.748253755559,0.232877416848,
    -3.669208167704));
#1835 = CARTESIAN_POINT('',(-0.751495175774,0.222099851157,
    -3.668294000915));
#1836 = CARTESIAN_POINT('',(-0.754555310908,0.211270410398,
    -3.667379830283));
#1837 = CARTESIAN_POINT('',(-0.764987534965,0.17183928192,-3.664065974)
  );
#1838 = CARTESIAN_POINT('',(-0.771286096901,0.142953401224,
    -3.661666259546));
#1839 = CARTESIAN_POINT('',(-0.776311273691,0.113801869692,
    -3.659266497121));
#1840 = CARTESIAN_POINT('',(-0.780049942867,8.445200491267E-02,
    -3.656866676459));
#1841 = CARTESIAN_POINT('',(-0.782493462659,5.497169261093E-02,
    -3.654466791558));
#1842 = CARTESIAN_POINT('',(-0.783637672004,2.5429386649E-02,
    -3.652066840682));
#1843 = CARTESIAN_POINT('',(-0.782981918089,-9.970106025553E-02,
    -3.641898835205));
#1844 = CARTESIAN_POINT('',(-0.768872708164,-0.195250372221,
    -3.634128179871));
#1845 = CARTESIAN_POINT('',(-0.741156356915,-0.288381827464,
    -3.626358359107));
#1846 = CARTESIAN_POINT('',(-0.700363193401,-0.37678734085,
    -3.618589625093));
#1847 = CARTESIAN_POINT('',(-0.647487038606,-0.458311620662,
    -3.610820897107));
#1848 = CARTESIAN_POINT('',(-0.583939852031,-0.531051632947,
    -3.603051926756));
#1849 = CARTESIAN_POINT('',(-0.474770090797,-0.625148335418,
    -3.59134360776));
#1850 = CARTESIAN_POINT('',(-0.435723507481,-0.654174571001,
    -3.587401634186));
#1851 = CARTESIAN_POINT('',(-0.394618406682,-0.680345784711,
    -3.583459859107));
#1852 = CARTESIAN_POINT('',(-0.35170664172,-0.703488790693,
    -3.579518167191));
#1853 = CARTESIAN_POINT('',(-0.307257285438,-0.723458519512,
    -3.575576378263));
#1854 = CARTESIAN_POINT('',(-0.261553387184,-0.740139747317,
    -3.571634362896));
#1855 = CARTESIAN_POINT('',(-9.001882309008E-02,-0.789062571762,
    -3.557143216128));
#1856 = CARTESIAN_POINT('',(4.184704523438E-02,-0.800564143508,
    -3.546583045665));
#1857 = CARTESIAN_POINT('',(0.174923653309,-0.786217694428,
    -3.536027690514));
#1858 = CARTESIAN_POINT('',(0.303121571905,-0.746228183382,
    -3.525471163839));
#1859 = CARTESIAN_POINT('',(0.420755346241,-0.682363434418,
    -3.51491651606));
#1860 = CARTESIAN_POINT('',(0.522693506939,-0.597925139993,
    -3.504358024568));
#1861 = CARTESIAN_POINT('',(0.619012561892,-0.480792070115,-3.4920386336
    ));
#1862 = CARTESIAN_POINT('',(0.632312478301,-0.463503869852,
    -3.490267658173));
#1863 = CARTESIAN_POINT('',(0.645048207254,-0.445787549082,
    -3.488496689912));
#1864 = CARTESIAN_POINT('',(0.657203297528,-0.427665233818,
    -3.486725713686));
#1865 = CARTESIAN_POINT('',(0.668762412779,-0.409159794313,
    -3.484954715256));
#1866 = CARTESIAN_POINT('',(0.679711331532,-0.390294845064,
    -3.483183681268));
#1867 = CARTESIAN_POINT('',(0.716194413715,-0.322455903646,
    -3.476925988487));
#1868 = CARTESIAN_POINT('',(0.738352704589,-0.271664527477,
    -3.472438994422));
#1869 = CARTESIAN_POINT('',(0.756298303957,-0.21911764858,
    -3.467951480202));
#1870 = CARTESIAN_POINT('',(0.769868228033,-0.165235564541,
    -3.463463552819));
#1871 = CARTESIAN_POINT('',(0.778952004027,-0.110455646012,
    -3.458975466956));
#1872 = CARTESIAN_POINT('',(0.783493649054,-5.522614447519E-02,
    -3.454487528823));
#1873 = CARTESIAN_POINT('',(0.783493649054,2.475797344914E-14,-3.45));
#1874 = ORIENTED_EDGE('',*,*,#1252,.T.);
#1875 = ORIENTED_EDGE('',*,*,#1720,.T.);
#1876 = ORIENTED_EDGE('',*,*,#1877,.F.);
#1877 = EDGE_CURVE('',#1785,#1721,#1878,.T.);
#1878 = B_SPLINE_CURVE_WITH_KNOTS('',1,(#1879,#1880),.UNSPECIFIED.,.F.,
  .F.,(2,2),(0.,0.423205080757),.PIECEWISE_BEZIER_KNOTS.);
#1879 = CARTESIAN_POINT('',(0.633493649054,3.183543925367E-15,
    -3.536602540378));
#1880 = CARTESIAN_POINT('',(1.,5.597940668843E-14,-3.325));
#1881 = B_SPLINE_SURFACE_WITH_KNOTS('',1,10,(
    (#1882,#1883,#1884,#1885,#1886,#1887,#1888,#1889,#1890,#1891,#1892)
    ,(#1893,#1894,#1895,#1896,#1897,#1898,#1899,#1900,#1901,#1902,#1903
    )),.UNSPECIFIED.,.F.,.F.,.F.,(2,2),(11,11),(0.,0.423205080757),(0.,
    6.295904828089),.PIECEWISE_BEZIER_KNOTS.);
#1882 = CARTESIAN_POINT('',(0.633493649054,-1.471251485083E-16,
    -3.936602540378));
#1883 = CARTESIAN_POINT('',(0.633493649054,0.398035798793,
    -3.896602540378));
#1884 = CARTESIAN_POINT('',(0.355672008051,0.796391713315,
    -3.856602540379));
#1885 = CARTESIAN_POINT('',(-0.200619684773,0.973927813736,
    -3.816602540377));
#1886 = CARTESIAN_POINT('',(-0.835861240656,0.72520816784,-3.77660254038
    ));
#1887 = CARTESIAN_POINT('',(-1.172355927983,-1.856292897173E-13,
    -3.736602540377));
#1888 = CARTESIAN_POINT('',(-0.835861240655,-0.725208167839,
    -3.69660254038));
#1889 = CARTESIAN_POINT('',(-0.200619684773,-0.973927813736,
    -3.656602540378));
#1890 = CARTESIAN_POINT('',(0.355672008051,-0.796391713315,
    -3.616602540379));
#1891 = CARTESIAN_POINT('',(0.633493649054,-0.398035798793,
    -3.576602540378));
#1892 = CARTESIAN_POINT('',(0.633493649054,3.183543925367E-15,
    -3.536602540378));
#1893 = CARTESIAN_POINT('',(1.,2.416624731798E-17,-3.725));
#1894 = CARTESIAN_POINT('',(1.,0.628269000304,-3.685));
#1895 = CARTESIAN_POINT('',(0.56147983376,1.256965430322,-3.645));
#1896 = CARTESIAN_POINT('',(-0.316801657376,1.538099215721,
    -3.604999999999));
#1897 = CARTESIAN_POINT('',(-1.319185390797,1.143964827646,
    -3.565000000001));
#1898 = CARTESIAN_POINT('',(-1.850975966341,-4.849454171563E-13,
    -3.524999999999));
#1899 = CARTESIAN_POINT('',(-1.319185390796,-1.143964827645,
    -3.485000000001));
#1900 = CARTESIAN_POINT('',(-0.316801657376,-1.538099215721,-3.445));
#1901 = CARTESIAN_POINT('',(0.56147983376,-1.256965430322,-3.405));
#1902 = CARTESIAN_POINT('',(1.,-0.628269000304,-3.365));
#1903 = CARTESIAN_POINT('',(1.,5.597940668843E-14,-3.325));
#1904 = ADVANCED_FACE('',(#1905),#1930,.T.);
#1905 = FACE_BOUND('',#1906,.T.);
#1906 = EDGE_LOOP('',(#1907,#1923,#1928,#1929));
#1907 = ORIENTED_EDGE('',*,*,#1908,.F.);
#1908 = EDGE_CURVE('',#1909,#1284,#1911,.T.);
#1909 = VERTEX_POINT('',#1910);
#1910 = CARTESIAN_POINT('',(1.,2.800178646787E-14,-1.325));
#1911 = B_SPLINE_CURVE_WITH_KNOTS('',10,(#1912,#1913,#1914,#1915,#1916,
    #1917,#1918,#1919,#1920,#1921,#1922),.UNSPECIFIED.,.F.,.F.,(11,11),(
    0.,6.295904828089),.PIECEWISE_BEZIER_KNOTS.);
#1912 = CARTESIAN_POINT('',(1.,2.416624731798E-17,-1.325));
#1913 = CARTESIAN_POINT('',(1.,0.628269000304,-1.285));
#1914 = CARTESIAN_POINT('',(0.56147983376,1.256965430322,-1.245));
#1915 = CARTESIAN_POINT('',(-0.316801657376,1.538099215721,
    -1.204999999999));
#1916 = CARTESIAN_POINT('',(-1.319185390797,1.143964827646,
    -1.165000000001));
#1917 = CARTESIAN_POINT('',(-1.850975966341,-4.849454171563E-13,
    -1.124999999999));
#1918 = CARTESIAN_POINT('',(-1.319185390796,-1.143964827645,
    -1.085000000001));
#1919 = CARTESIAN_POINT('',(-0.316801657376,-1.538099215721,-1.045));
#1920 = CARTESIAN_POINT('',(0.56147983376,-1.256965430322,-1.005));
#1921 = CARTESIAN_POINT('',(1.,-0.628269000304,-0.965));
#1922 = CARTESIAN_POINT('',(1.,5.597940668843E-14,-0.925));
#1923 = ORIENTED_EDGE('',*,*,#1924,.T.);
#1924 = EDGE_CURVE('',#1909,#1333,#1925,.T.);
#1925 = B_SPLINE_CURVE_WITH_KNOTS('',1,(#1926,#1927),.UNSPECIFIED.,.F.,
  .F.,(2,2),(0.,5.E-02),.PIECEWISE_BEZIER_KNOTS.);
#1926 = CARTESIAN_POINT('',(1.,5.597940668843E-14,-1.325));
#1927 = CARTESIAN_POINT('',(1.,5.597940668843E-14,-1.275));
#1928 = ORIENTED_EDGE('',*,*,#1332,.T.);
#1929 = ORIENTED_EDGE('',*,*,#1299,.F.);
#1930 = B_SPLINE_SURFACE_WITH_KNOTS('',1,10,(
    (#1931,#1932,#1933,#1934,#1935,#1936,#1937,#1938,#1939,#1940,#1941)
    ,(#1942,#1943,#1944,#1945,#1946,#1947,#1948,#1949,#1950,#1951,#1952
    )),.UNSPECIFIED.,.F.,.F.,.F.,(2,2),(11,11),(0.,5.E-02),(0.,
    6.295904828089),.PIECEWISE_BEZIER_KNOTS.);
#1931 = CARTESIAN_POINT('',(1.,2.416624731798E-17,-1.325));
#1932 = CARTESIAN_POINT('',(1.,0.628269000304,-1.285));
#1933 = CARTESIAN_POINT('',(0.56147983376,1.256965430322,-1.245));
#1934 = CARTESIAN_POINT('',(-0.316801657376,1.538099215721,
    -1.204999999999));
#1935 = CARTESIAN_POINT('',(-1.319185390797,1.143964827646,
    -1.165000000001));
#1936 = CARTESIAN_POINT('',(-1.850975966341,-4.849454171563E-13,
    -1.124999999999));
#1937 = CARTESIAN_POINT('',(-1.319185390796,-1.143964827645,
    -1.085000000001));
#1938 = CARTESIAN_POINT('',(-0.316801657376,-1.538099215721,-1.045));
#1939 = CARTESIAN_POINT('',(0.56147983376,-1.256965430322,-1.005));
#1940 = CARTESIAN_POINT('',(1.,-0.628269000304,-0.965));
#1941 = CARTESIAN_POINT('',(1.,5.597940668843E-14,-0.925));
#1942 = CARTESIAN_POINT('',(1.,2.416624731798E-17,-1.275));
#1943 = CARTESIAN_POINT('',(1.,0.628269000304,-1.235));
#1944 = CARTESIAN_POINT('',(0.56147983376,1.256965430322,-1.195));
#1945 = CARTESIAN_POINT('',(-0.316801657376,1.538099215721,
    -1.154999999999));
#1946 = CARTESIAN_POINT('',(-1.319185390797,1.143964827646,
    -1.115000000001));
#1947 = CARTESIAN_POINT('',(-1.850975966341,-4.849454171563E-13,
    -1.074999999999));
#1948 = CARTESIAN_POINT('',(-1.319185390796,-1.143964827645,
    -1.035000000001));
#1949 = CARTESIAN_POINT('',(-0.316801657376,-1.538099215721,
    -0.994999999999));
#1950 = CARTESIAN_POINT('',(0.56147983376,-1.256965430322,-0.955));
#1951 = CARTESIAN_POINT('',(1.,-0.628269000304,-0.915));
#1952 = CARTESIAN_POINT('',(1.,5.597940668843E-14,-0.875));
#1953 = ADVANCED_FACE('',(#1954),#2069,.T.);
#1954 = FACE_BOUND('',#1955,.T.);
#1955 = EDGE_LOOP('',(#1956,#1972,#1979,#2068));
#1956 = ORIENTED_EDGE('',*,*,#1957,.F.);
#1957 = EDGE_CURVE('',#1958,#1333,#1960,.T.);
#1958 = VERTEX_POINT('',#1959);
#1959 = CARTESIAN_POINT('',(1.,2.800178646787E-14,-1.675));
#1960 = B_SPLINE_CURVE_WITH_KNOTS('',10,(#1961,#1962,#1963,#1964,#1965,
    #1966,#1967,#1968,#1969,#1970,#1971),.UNSPECIFIED.,.F.,.F.,(11,11),(
    0.,6.295904828089),.PIECEWISE_BEZIER_KNOTS.);
#1961 = CARTESIAN_POINT('',(1.,2.416624731798E-17,-1.675));
#1962 = CARTESIAN_POINT('',(1.,0.628269000304,-1.635));
#1963 = CARTESIAN_POINT('',(0.56147983376,1.256965430322,-1.595));
#1964 = CARTESIAN_POINT('',(-0.316801657376,1.538099215721,
    -1.554999999999));
#1965 = CARTESIAN_POINT('',(-1.319185390797,1.143964827646,
    -1.515000000001));
#1966 = CARTESIAN_POINT('',(-1.850975966341,-4.849454171563E-13,
    -1.474999999999));
#1967 = CARTESIAN_POINT('',(-1.319185390796,-1.143964827645,
    -1.435000000001));
#1968 = CARTESIAN_POINT('',(-0.316801657376,-1.538099215721,
    -1.394999999999));
#1969 = CARTESIAN_POINT('',(0.56147983376,-1.256965430322,-1.355));
#1970 = CARTESIAN_POINT('',(1.,-0.628269000304,-1.315));
#1971 = CARTESIAN_POINT('',(1.,5.597940668843E-14,-1.275));
#1972 = ORIENTED_EDGE('',*,*,#1973,.T.);
#1973 = EDGE_CURVE('',#1958,#1974,#1976,.T.);
#1974 = VERTEX_POINT('',#1975);
#1975 = CARTESIAN_POINT('',(0.783493649054,1.229969913273E-14,-1.55));
#1976 = B_SPLINE_CURVE_WITH_KNOTS('',1,(#1977,#1978),.UNSPECIFIED.,.F.,
  .F.,(2,2),(0.,0.423205080757),.PIECEWISE_BEZIER_KNOTS.);
#1977 = CARTESIAN_POINT('',(1.,5.597940668843E-14,-1.675));
#1978 = CARTESIAN_POINT('',(0.633493649054,3.183543925367E-15,
    -1.463397459622));
#1979 = ORIENTED_EDGE('',*,*,#1980,.T.);
#1980 = EDGE_CURVE('',#1974,#1349,#1981,.T.);
#1981 = B_SPLINE_CURVE_WITH_KNOTS('',7,(#1982,#1983,#1984,#1985,#1986,
    #1987,#1988,#1989,#1990,#1991,#1992,#1993,#1994,#1995,#1996,#1997,
    #1998,#1999,#2000,#2001,#2002,#2003,#2004,#2005,#2006,#2007,#2008,
    #2009,#2010,#2011,#2012,#2013,#2014,#2015,#2016,#2017,#2018,#2019,
    #2020,#2021,#2022,#2023,#2024,#2025,#2026,#2027,#2028,#2029,#2030,
    #2031,#2032,#2033,#2034,#2035,#2036,#2037,#2038,#2039,#2040,#2041,
    #2042,#2043,#2044,#2045,#2046,#2047,#2048,#2049,#2050,#2051,#2052,
    #2053,#2054,#2055,#2056,#2057,#2058,#2059,#2060,#2061,#2062,#2063,
    #2064,#2065,#2066,#2067),.UNSPECIFIED.,.F.,.F.,(8,6,6,6,6,6,6,6,6,6,
    6,6,6,6,8),(0.,2.163943796252E-02,7.855024282587E-02,0.118553722847,
    0.133555248583,0.165202248925,0.333364253351,0.363367869098,
    0.498842044921,0.541050296124,0.561052077696,0.740606233612,
    0.884456743727,0.919459847173,1.),.UNSPECIFIED.);
#1982 = CARTESIAN_POINT('',(0.783493649054,-6.661338147751E-16,-1.55));
#1983 = CARTESIAN_POINT('',(0.783493649054,1.521640262445E-02,
    -1.548763555812));
#1984 = CARTESIAN_POINT('',(0.783148873154,3.043295328266E-02,
    -1.547527094286));
#1985 = CARTESIAN_POINT('',(0.782459312855,4.564021646887E-02,
    -1.546290612697));
#1986 = CARTESIAN_POINT('',(0.781425280726,6.082878599816E-02,
    -1.545054111002));
#1987 = CARTESIAN_POINT('',(0.780047410406,7.598928500647E-02,
    -1.543817591842));
#1988 = CARTESIAN_POINT('',(0.778326656605,9.111236595056E-02,
    -1.542581060539));
#1989 = CARTESIAN_POINT('',(0.770840371735,0.145838858192,
    -1.538092489277));
#1990 = CARTESIAN_POINT('',(0.763053589813,0.185166098523,
    -1.534840386894));
#1991 = CARTESIAN_POINT('',(0.752927167086,0.224000685115,-1.53158840165
    ));
#1992 = CARTESIAN_POINT('',(0.740499441461,0.262175810318,
    -1.528336628013));
#1993 = CARTESIAN_POINT('',(0.725823423754,0.299528835967,
    -1.525085093366));
#1994 = CARTESIAN_POINT('',(0.708966350444,0.335902524041,
    -1.521833780155));
#1995 = CARTESIAN_POINT('',(0.676683989438,0.395919636511,
    -1.516297377269));
#1996 = CARTESIAN_POINT('',(0.662320971087,0.420134999489,-1.51401218703
    ));
#1997 = CARTESIAN_POINT('',(0.646948427683,0.443739902576,
    -1.511727048259));
#1998 = CARTESIAN_POINT('',(0.630597636445,0.466684041792,
    -1.509441931208));
#1999 = CARTESIAN_POINT('',(0.613302905509,0.488919262853,
    -1.507156805442));
#2000 = CARTESIAN_POINT('',(0.595101573929,0.510399561171,
    -1.504871639835));
#2001 = CARTESIAN_POINT('',(0.568883570619,0.538836766224,
    -1.501729425995));
#2002 = CARTESIAN_POINT('',(0.561611296796,0.546480139624,
    -1.500872439486));
#2003 = CARTESIAN_POINT('',(0.554219309034,0.554008903218,
    -1.500015441633));
#2004 = CARTESIAN_POINT('',(0.546709777971,0.561420810481,
    -1.499158431167));
#2005 = CARTESIAN_POINT('',(0.53908492605,0.568713667191,-1.49830140697)
  );
#2006 = CARTESIAN_POINT('',(0.531347027523,0.575885331436,
    -1.497444368075));
#2007 = CARTESIAN_POINT('',(0.506941075888,0.597802878044,
    -1.494779284146));
#2008 = CARTESIAN_POINT('',(0.48989095178,0.612123430734,-1.492971185131
    ));
#2009 = CARTESIAN_POINT('',(0.472369947931,0.625875699048,
    -1.491163009233));
#2010 = CARTESIAN_POINT('',(0.454400838882,0.639041186219,
    -1.489354752561));
#2011 = CARTESIAN_POINT('',(0.436007261909,0.651602571348,
    -1.487546414718));
#2012 = CARTESIAN_POINT('',(0.417213717022,0.663543709398,
    -1.485737998801));
#2013 = CARTESIAN_POINT('',(0.296192168538,0.734925671622,
    -1.474319789682));
#2014 = CARTESIAN_POINT('',(0.183698514849,0.777103955969,
    -1.464702216362));
#2015 = CARTESIAN_POINT('',(6.444483938745E-02,0.799040831128,
    -1.455088142635));
#2016 = CARTESIAN_POINT('',(-5.714948092209E-02,0.799595591482,
    -1.44547882051));
#2017 = CARTESIAN_POINT('',(-0.176597888213,0.778748150787,
    -1.43587111079));
#2018 = CARTESIAN_POINT('',(-0.289471572077,0.73759870362,
    -1.426259787375));
#2019 = CARTESIAN_POINT('',(-0.410139324128,0.667902072767,
    -1.414940329862));
#2020 = CARTESIAN_POINT('',(-0.428077763494,0.656775514611,
    -1.413226482585));
#2021 = CARTESIAN_POINT('',(-0.445663009219,0.645087488073,
    -1.411512621914));
#2022 = CARTESIAN_POINT('',(-0.462874024537,0.632851501965,
    -1.409798740246));
#2023 = CARTESIAN_POINT('',(-0.479690454793,0.620082025641,
    -1.408084830949));
#2024 = CARTESIAN_POINT('',(-0.496092627438,0.606794488998,
    -1.406370888365));
#2025 = CARTESIAN_POINT('',(-0.584165424982,0.530743406934,
    -1.396917837122));
#2026 = CARTESIAN_POINT('',(-0.647455837043,0.458236706198,
    -1.38917604472));
#2027 = CARTESIAN_POINT('',(-0.700148235227,0.377011264323,
    -1.381434479431));
#2028 = CARTESIAN_POINT('',(-0.740845737855,0.288950105411,
    -1.37369289874));
#2029 = CARTESIAN_POINT('',(-0.768563788989,0.196185108103,
    -1.365950244627));
#2030 = CARTESIAN_POINT('',(-0.782774778281,0.100999297309,
    -1.358206770819));
#2031 = CARTESIAN_POINT('',(-0.783690047347,-2.393956677451E-02,
    -1.348054187167));
#2032 = CARTESIAN_POINT('',(-0.782595780524,-5.362848278431E-02,
    -1.345642516717));
#2033 = CARTESIAN_POINT('',(-0.780189356039,-8.325719235869E-02,
    -1.343230912896));
#2034 = CARTESIAN_POINT('',(-0.77647487381,-0.112756225995,
    -1.340819374116));
#2035 = CARTESIAN_POINT('',(-0.771461003425,-0.14205668717,
    -1.338407894411));
#2036 = CARTESIAN_POINT('',(-0.765160984143,-0.171090252333,
    -1.335996463433));
#2037 = CARTESIAN_POINT('',(-0.754006106518,-0.213389106577,
    -1.332442345916));
#2038 = CARTESIAN_POINT('',(-0.750134753432,-0.226913947597,
    -1.331299632654));
#2039 = CARTESIAN_POINT('',(-0.745980455589,-0.240356524784,
    -1.330156925115));
#2040 = CARTESIAN_POINT('',(-0.741545323651,-0.253709741979,
    -1.329014221661));
#2041 = CARTESIAN_POINT('',(-0.736831688989,-0.266966576054,
    -1.327871520577));
#2042 = CARTESIAN_POINT('',(-0.731842103683,-0.280120076912,
    -1.326728820065));
#2043 = CARTESIAN_POINT('',(-0.679335999027,-0.410251788871,
    -1.315328189007));
#2044 = CARTESIAN_POINT('',(-0.610041361902,-0.518552272359,
    -1.305062013373));
#2045 = CARTESIAN_POINT('',(-0.52070275885,-0.612900245147,
    -1.294801345845));
#2046 = CARTESIAN_POINT('',(-0.414855026818,-0.688964695076,
    -1.284540023961));
#2047 = CARTESIAN_POINT('',(-0.29694569292,-0.74355195593,
    -1.274275318119));
#2048 = CARTESIAN_POINT('',(-0.172203450304,-0.774693417527,
    -1.264006359482));
#2049 = CARTESIAN_POINT('',(5.481540930169E-02,-0.788092418217,
    -1.245529136436));
#2050 = CARTESIAN_POINT('',(0.156724164372,-0.778844607021,
    -1.237309271771));
#2051 = CARTESIAN_POINT('',(0.256756544362,-0.754205057998,
    -1.229092956212));
#2052 = CARTESIAN_POINT('',(0.352131775218,-0.714669896003,
    -1.220878242434));
#2053 = CARTESIAN_POINT('',(0.440260770242,-0.6613109505,-1.212660088301
    ));
#2054 = CARTESIAN_POINT('',(0.518825610174,-0.595746908156,
    -1.204437435711));
#2055 = CARTESIAN_POINT('',(0.602311893409,-0.50168567531,
    -1.194216047154));
#2056 = CARTESIAN_POINT('',(0.617976157212,-0.482678255016,
    -1.192215576839));
#2057 = CARTESIAN_POINT('',(0.632939293593,-0.463101794843,
    -1.190215067369));
#2058 = CARTESIAN_POINT('',(0.647176634992,-0.442987382964,
    -1.18821454191));
#2059 = CARTESIAN_POINT('',(0.660665294449,-0.422367361823,
    -1.186214024308));
#2060 = CARTESIAN_POINT('',(0.673384165611,-0.40127532813,
    -1.184213539092));
#2061 = CARTESIAN_POINT('',(0.712763616225,-0.330208677441,
    -1.177610241146));
#2062 = CARTESIAN_POINT('',(0.736036483266,-0.278354690911,
    -1.173007469599));
#2063 = CARTESIAN_POINT('',(0.75489681388,-0.224609535898,
    -1.168405476501));
#2064 = CARTESIAN_POINT('',(0.76916452605,-0.169424957029,
    -1.163804215854));
#2065 = CARTESIAN_POINT('',(0.778717456097,-0.113272040289,
    -1.159203226296));
#2066 = CARTESIAN_POINT('',(0.783493649054,-5.663417236524E-02,
    -1.154601941404));
#2067 = CARTESIAN_POINT('',(0.783493649054,3.508304757815E-14,-1.15));
#2068 = ORIENTED_EDGE('',*,*,#1348,.F.);
#2069 = B_SPLINE_SURFACE_WITH_KNOTS('',1,10,(
    (#2070,#2071,#2072,#2073,#2074,#2075,#2076,#2077,#2078,#2079,#2080)
    ,(#2081,#2082,#2083,#2084,#2085,#2086,#2087,#2088,#2089,#2090,#2091
    )),.UNSPECIFIED.,.F.,.F.,.F.,(2,2),(11,11),(0.,0.423205080757),(0.,
    6.295904828089),.PIECEWISE_BEZIER_KNOTS.);
#2070 = CARTESIAN_POINT('',(1.,2.416624731798E-17,-1.675));
#2071 = CARTESIAN_POINT('',(1.,0.628269000304,-1.635));
#2072 = CARTESIAN_POINT('',(0.56147983376,1.256965430322,-1.595));
#2073 = CARTESIAN_POINT('',(-0.316801657376,1.538099215721,
    -1.554999999999));
#2074 = CARTESIAN_POINT('',(-1.319185390797,1.143964827646,
    -1.515000000001));
#2075 = CARTESIAN_POINT('',(-1.850975966341,-4.849454171563E-13,
    -1.474999999999));
#2076 = CARTESIAN_POINT('',(-1.319185390796,-1.143964827645,
    -1.435000000001));
#2077 = CARTESIAN_POINT('',(-0.316801657376,-1.538099215721,
    -1.394999999999));
#2078 = CARTESIAN_POINT('',(0.56147983376,-1.256965430322,-1.355));
#2079 = CARTESIAN_POINT('',(1.,-0.628269000304,-1.315));
#2080 = CARTESIAN_POINT('',(1.,5.597940668843E-14,-1.275));
#2081 = CARTESIAN_POINT('',(0.633493649054,-1.471251485083E-16,
    -1.463397459622));
#2082 = CARTESIAN_POINT('',(0.633493649054,0.398035798793,
    -1.423397459621));
#2083 = CARTESIAN_POINT('',(0.355672008051,0.796391713315,
    -1.383397459622));
#2084 = CARTESIAN_POINT('',(-0.200619684773,0.973927813736,
    -1.343397459621));
#2085 = CARTESIAN_POINT('',(-0.835861240656,0.72520816784,
    -1.303397459623));
#2086 = CARTESIAN_POINT('',(-1.172355927983,-1.856292897173E-13,
    -1.26339745962));
#2087 = CARTESIAN_POINT('',(-0.835861240655,-0.725208167839,
    -1.223397459623));
#2088 = CARTESIAN_POINT('',(-0.200619684773,-0.973927813736,
    -1.183397459621));
#2089 = CARTESIAN_POINT('',(0.355672008051,-0.796391713315,
    -1.143397459622));
#2090 = CARTESIAN_POINT('',(0.633493649054,-0.398035798793,
    -1.103397459621));
#2091 = CARTESIAN_POINT('',(0.633493649054,3.183543925367E-15,
    -1.063397459622));
#2092 = ADVANCED_FACE('',(#2093),#2193,.T.);
#2093 = FACE_BOUND('',#2094,.T.);
#2094 = EDGE_LOOP('',(#2095,#2186,#2191,#2192));
#2095 = ORIENTED_EDGE('',*,*,#2096,.F.);
#2096 = EDGE_CURVE('',#2097,#1472,#2099,.T.);
#2097 = VERTEX_POINT('',#2098);
#2098 = CARTESIAN_POINT('',(0.783493649054,1.229969913273E-14,-1.45));
#2099 = B_SPLINE_CURVE_WITH_KNOTS('',7,(#2100,#2101,#2102,#2103,#2104,
    #2105,#2106,#2107,#2108,#2109,#2110,#2111,#2112,#2113,#2114,#2115,
    #2116,#2117,#2118,#2119,#2120,#2121,#2122,#2123,#2124,#2125,#2126,
    #2127,#2128,#2129,#2130,#2131,#2132,#2133,#2134,#2135,#2136,#2137,
    #2138,#2139,#2140,#2141,#2142,#2143,#2144,#2145,#2146,#2147,#2148,
    #2149,#2150,#2151,#2152,#2153,#2154,#2155,#2156,#2157,#2158,#2159,
    #2160,#2161,#2162,#2163,#2164,#2165,#2166,#2167,#2168,#2169,#2170,
    #2171,#2172,#2173,#2174,#2175,#2176,#2177,#2178,#2179,#2180,#2181,
    #2182,#2183,#2184,#2185),.UNSPECIFIED.,.F.,.F.,(8,6,6,6,6,6,6,6,6,6,
    6,6,6,6,8),(0.,2.163965224733E-02,8.05512095854E-02,0.170203213612,
    0.213208332326,0.238211076425,0.25921329885,0.442835027114,
    0.458836615322,0.500840275706,0.636791576137,0.705799853945,
    0.890460206925,0.921463144012,1.),.UNSPECIFIED.);
#2100 = CARTESIAN_POINT('',(0.783493649054,-1.110223024625E-15,-1.45));
#2101 = CARTESIAN_POINT('',(0.783493649054,1.521639609348E-02,
    -1.448763556343));
#2102 = CARTESIAN_POINT('',(0.783148873465,3.043294291833E-02,
    -1.447527165983));
#2103 = CARTESIAN_POINT('',(0.782459313531,4.564020476545E-02,
    -1.446290820832));
#2104 = CARTESIAN_POINT('',(0.78142528164,6.082877510934E-02,
    -1.44505451199));
#2105 = CARTESIAN_POINT('',(0.780047411322,7.59892766081E-02,
    -1.44381822975));
#2106 = CARTESIAN_POINT('',(0.778326657249,9.111236110346E-02,
    -1.442581963595));
#2107 = CARTESIAN_POINT('',(0.770649742995,0.147232399232,
    -1.437980117432));
#2108 = CARTESIAN_POINT('',(0.762503315999,0.187930123218,-1.43461454835
    ));
#2109 = CARTESIAN_POINT('',(0.751850773115,0.228093544992,
    -1.431248821064));
#2110 = CARTESIAN_POINT('',(0.738735239985,0.267537733428,
    -1.427882809326));
#2111 = CARTESIAN_POINT('',(0.723216666765,0.306082624891,
    -1.424516460107));
#2112 = CARTESIAN_POINT('',(0.705371285866,0.343554485264,
    -1.421149819171));
#2113 = CARTESIAN_POINT('',(0.654732861699,0.43492682259,-1.412659494811
    ));
#2114 = CARTESIAN_POINT('',(0.618997028141,0.48720033601,-1.407535295165
    ));
#2115 = CARTESIAN_POINT('',(0.578408693287,0.536020192564,
    -1.402411346424));
#2116 = CARTESIAN_POINT('',(0.533373559312,0.580850279816,
    -1.397288003294));
#2117 = CARTESIAN_POINT('',(0.48436829324,0.621215848617,-1.392165315042
    ));
#2118 = CARTESIAN_POINT('',(0.431930913893,0.656713269134,-1.38704325407
    ));
#2119 = CARTESIAN_POINT('',(0.350134074242,0.701557503126,
    -1.379465306404));
#2120 = CARTESIAN_POINT('',(0.322962103236,0.714901246081,
    -1.377008790049));
#2121 = CARTESIAN_POINT('',(0.295200308753,0.72701541663,-1.374552367367
    ));
#2122 = CARTESIAN_POINT('',(0.26691550917,0.737869057247,-1.3720960084)
  );
#2123 = CARTESIAN_POINT('',(0.23817629831,0.747435852012,-1.369639681278
    ));
#2124 = CARTESIAN_POINT('',(0.209053045444,0.75569412661,-1.367183352224
    ));
#2125 = CARTESIAN_POINT('',(0.16250459462,0.766657463115,-1.363298878631
    ));
#2126 = CARTESIAN_POINT('',(0.145285771746,0.77024005206,-1.361870758923
    ));
#2127 = CARTESIAN_POINT('',(0.127975537699,0.773371295333,
    -1.360442620054));
#2128 = CARTESIAN_POINT('',(0.110588089319,0.776048434118,-1.35901445638
    ));
#2129 = CARTESIAN_POINT('',(9.313770925078E-02,0.778269270622,
    -1.357586262984));
#2130 = CARTESIAN_POINT('',(7.563876594468E-02,0.780032168072,
    -1.356158035678));
#2131 = CARTESIAN_POINT('',(4.337800766904E-02,0.782431307829,
    -1.353530033385));
#2132 = CARTESIAN_POINT('',(2.862621609412E-02,0.783202688303,
    -1.352330269299));
#2133 = CARTESIAN_POINT('',(1.385889973387E-02,0.783649556764,
    -1.351130476757));
#2134 = CARTESIAN_POINT('',(-9.153783818384E-04,0.783771560307,
    -1.349930654256));
#2135 = CARTESIAN_POINT('',(-1.568805299524E-02,0.783568628494,
    -1.348730800776));
#2136 = CARTESIAN_POINT('',(-3.045055662069E-02,0.78304097336,
    -1.347530915772));
#2137 = CARTESIAN_POINT('',(-0.174098545693,0.774741096504,
    -1.335840168577));
#2138 = CARTESIAN_POINT('',(-0.301682436833,0.742503133327,
    -1.325337887707));
#2139 = CARTESIAN_POINT('',(-0.42201698871,0.685737714522,
    -1.314840551553));
#2140 = CARTESIAN_POINT('',(-0.529511486788,0.606591517672,
    -1.304347070693));
#2141 = CARTESIAN_POINT('',(-0.619447359965,0.508536064921,
    -1.29385425753));
#2142 = CARTESIAN_POINT('',(-0.688112871718,0.396275965264,
    -1.283354985113));
#2143 = CARTESIAN_POINT('',(-0.737452910509,0.264862435423,
    -1.271950637694));
#2144 = CARTESIAN_POINT('',(-0.741231456424,0.254262212053,
    -1.271036477298));
#2145 = CARTESIAN_POINT('',(-0.744832171446,0.243599283481,
    -1.270122315664));
#2146 = CARTESIAN_POINT('',(-0.748253813425,0.232877230918,
    -1.269208151887));
#2147 = CARTESIAN_POINT('',(-0.751495230962,0.222099664423,
    -1.268293985097));
#2148 = CARTESIAN_POINT('',(-0.754555363405,0.211270222904,
    -1.267379814466));
#2149 = CARTESIAN_POINT('',(-0.764987577664,0.171839091834,
    -1.264065958183));
#2150 = CARTESIAN_POINT('',(-0.771286132422,0.142953209574,
    -1.261666243728));
#2151 = CARTESIAN_POINT('',(-0.776311301969,0.113801676794,
    -1.259266481303));
#2152 = CARTESIAN_POINT('',(-0.780049963851,8.445181108583E-02,
    -1.25686666064));
#2153 = CARTESIAN_POINT('',(-0.782493476318,5.497149817736E-02,
    -1.254466775739));
#2154 = CARTESIAN_POINT('',(-0.783637678323,2.542919193149E-02,
    -1.252066824863));
#2155 = CARTESIAN_POINT('',(-0.782981891772,-9.970154946682E-02,
    -1.24189879544));
#2156 = CARTESIAN_POINT('',(-0.768872572663,-0.195251152542,
    -1.234128116127));
#2157 = CARTESIAN_POINT('',(-0.741156028849,-0.28838287321,
    -1.226358271404));
#2158 = CARTESIAN_POINT('',(-0.700362596593,-0.37678860525,
    -1.218589513452));
#2159 = CARTESIAN_POINT('',(-0.647486109574,-0.458313038289,
    -1.21082076153));
#2160 = CARTESIAN_POINT('',(-0.583938544613,-0.531053123617,
    -1.203051767227));
#2161 = CARTESIAN_POINT('',(-0.474768288967,-0.625149703817,
    -1.191343424318));
#2162 = CARTESIAN_POINT('',(-0.435721621997,-0.654175826853,
    -1.187401450751));
#2163 = CARTESIAN_POINT('',(-0.394616445776,-0.680346922083,
    -1.183459675675));
#2164 = CARTESIAN_POINT('',(-0.351704614122,-0.703489804378,
    -1.179517983759));
#2165 = CARTESIAN_POINT('',(-0.307255200295,-0.72345940508,
    -1.175576194828));
#2166 = CARTESIAN_POINT('',(-0.261551253975,-0.740140501154,
    -1.171634179454));
#2167 = CARTESIAN_POINT('',(-9.001575347438E-02,-0.789063058063,
    -1.157142965452));
#2168 = CARTESIAN_POINT('',(4.185103484461E-02,-0.800564170088,
    -1.146582727408));
#2169 = CARTESIAN_POINT('',(0.174928466735,-0.786216915581,
    -1.136027304898));
#2170 = CARTESIAN_POINT('',(0.303126993529,-0.746226288865,
    -1.125470710905));
#2171 = CARTESIAN_POINT('',(0.420761062699,-0.682360185347,
    -1.114915996073));
#2172 = CARTESIAN_POINT('',(0.522699129884,-0.597920404123,
    -1.104357437248));
#2173 = CARTESIAN_POINT('',(0.61901750573,-0.480785704929,-1.09203797913
    ));
#2174 = CARTESIAN_POINT('',(0.632317244354,-0.463497367926,
    -1.090267003707));
#2175 = CARTESIAN_POINT('',(0.645052791121,-0.445780916216,
    -1.088496035446));
#2176 = CARTESIAN_POINT('',(0.657207695038,-0.427658475983,
    -1.086725059217));
#2177 = CARTESIAN_POINT('',(0.668766619993,-0.409152917636,
    -1.084954060779));
#2178 = CARTESIAN_POINT('',(0.679715344757,-0.390287855817,
    -1.08318302678));
#2179 = CARTESIAN_POINT('',(0.716197184284,-0.322449552863,
    -1.076925427443));
#2180 = CARTESIAN_POINT('',(0.738354574469,-0.2716590522,-1.072438526835
    ));
#2181 = CARTESIAN_POINT('',(0.756299435133,-0.21911315698,
    -1.067951106094));
#2182 = CARTESIAN_POINT('',(0.769868795946,-0.16523213968,
    -1.063463272222));
#2183 = CARTESIAN_POINT('',(0.778952193314,-0.110453344079,
    -1.058975279897));
#2184 = CARTESIAN_POINT('',(0.783493649054,-5.522499365844E-02,
    -1.054487435311));
#2185 = CARTESIAN_POINT('',(0.783493649054,2.475797344914E-14,-1.05));
#2186 = ORIENTED_EDGE('',*,*,#2187,.T.);
#2187 = EDGE_CURVE('',#2097,#1909,#2188,.T.);
#2188 = B_SPLINE_CURVE_WITH_KNOTS('',1,(#2189,#2190),.UNSPECIFIED.,.F.,
  .F.,(2,2),(0.,0.423205080757),.PIECEWISE_BEZIER_KNOTS.);
#2189 = CARTESIAN_POINT('',(0.633493649054,3.183543925367E-15,
    -1.536602540378));
#2190 = CARTESIAN_POINT('',(1.,5.597940668843E-14,-1.325));
#2191 = ORIENTED_EDGE('',*,*,#1908,.T.);
#2192 = ORIENTED_EDGE('',*,*,#1562,.F.);
#2193 = B_SPLINE_SURFACE_WITH_KNOTS('',1,10,(
    (#2194,#2195,#2196,#2197,#2198,#2199,#2200,#2201,#2202,#2203,#2204)
    ,(#2205,#2206,#2207,#2208,#2209,#2210,#2211,#2212,#2213,#2214,#2215
    )),.UNSPECIFIED.,.F.,.F.,.F.,(2,2),(11,11),(0.,0.423205080757),(0.,
    6.295904828089),.PIECEWISE_BEZIER_KNOTS.);
#2194 = CARTESIAN_POINT('',(0.633493649054,-1.471251485083E-16,
    -1.536602540378));
#2195 = CARTESIAN_POINT('',(0.633493649054,0.398035798793,
    -1.496602540378));
#2196 = CARTESIAN_POINT('',(0.355672008051,0.796391713315,
    -1.456602540379));
#2197 = CARTESIAN_POINT('',(-0.200619684773,0.973927813736,
    -1.416602540377));
#2198 = CARTESIAN_POINT('',(-0.835861240656,0.72520816784,-1.37660254038
    ));
#2199 = CARTESIAN_POINT('',(-1.172355927983,-1.856292897173E-13,
    -1.336602540377));
#2200 = CARTESIAN_POINT('',(-0.835861240655,-0.725208167839,
    -1.29660254038));
#2201 = CARTESIAN_POINT('',(-0.200619684773,-0.973927813736,
    -1.256602540378));
#2202 = CARTESIAN_POINT('',(0.355672008051,-0.796391713315,
    -1.216602540379));
#2203 = CARTESIAN_POINT('',(0.633493649054,-0.398035798793,
    -1.176602540378));
#2204 = CARTESIAN_POINT('',(0.633493649054,3.183543925367E-15,
    -1.136602540378));
#2205 = CARTESIAN_POINT('',(1.,2.416624731798E-17,-1.325));
#2206 = CARTESIAN_POINT('',(1.,0.628269000304,-1.285));
#2207 = CARTESIAN_POINT('',(0.56147983376,1.256965430322,-1.245));
#2208 = CARTESIAN_POINT('',(-0.316801657376,1.538099215721,
    -1.204999999999));
#2209 = CARTESIAN_POINT('',(-1.319185390797,1.143964827646,
    -1.165000000001));
#2210 = CARTESIAN_POINT('',(-1.850975966341,-4.849454171563E-13,
    -1.124999999999));
#2211 = CARTESIAN_POINT('',(-1.319185390796,-1.143964827645,
    -1.085000000001));
#2212 = CARTESIAN_POINT('',(-0.316801657376,-1.538099215721,-1.045));
#2213 = CARTESIAN_POINT('',(0.56147983376,-1.256965430322,-1.005));
#2214 = CARTESIAN_POINT('',(1.,-0.628269000304,-0.965));
#2215 = CARTESIAN_POINT('',(1.,5.597940668843E-14,-0.925));
#2216 = ADVANCED_FACE('',(#2217),#2317,.T.);
#2217 = FACE_BOUND('',#2218,.T.);
#2218 = EDGE_LOOP('',(#2219,#2220,#2221,#2312));
#2219 = ORIENTED_EDGE('',*,*,#1737,.F.);
#2220 = ORIENTED_EDGE('',*,*,#1689,.T.);
#2221 = ORIENTED_EDGE('',*,*,#2222,.T.);
#2222 = EDGE_CURVE('',#1599,#2223,#2225,.T.);
#2223 = VERTEX_POINT('',#2224);
#2224 = CARTESIAN_POINT('',(0.783493649054,1.229969913273E-14,-3.15));
#2225 = B_SPLINE_CURVE_WITH_KNOTS('',7,(#2226,#2227,#2228,#2229,#2230,
    #2231,#2232,#2233,#2234,#2235,#2236,#2237,#2238,#2239,#2240,#2241,
    #2242,#2243,#2244,#2245,#2246,#2247,#2248,#2249,#2250,#2251,#2252,
    #2253,#2254,#2255,#2256,#2257,#2258,#2259,#2260,#2261,#2262,#2263,
    #2264,#2265,#2266,#2267,#2268,#2269,#2270,#2271,#2272,#2273,#2274,
    #2275,#2276,#2277,#2278,#2279,#2280,#2281,#2282,#2283,#2284,#2285,
    #2286,#2287,#2288,#2289,#2290,#2291,#2292,#2293,#2294,#2295,#2296,
    #2297,#2298,#2299,#2300,#2301,#2302,#2303,#2304,#2305,#2306,#2307,
    #2308,#2309,#2310,#2311),.UNSPECIFIED.,.F.,.F.,(8,6,6,6,6,6,6,6,6,6,
    6,6,6,6,8),(0.,2.163943796675E-02,7.855024278561E-02,0.118553722814,
    0.133555248553,0.165202248952,0.333364252919,0.363367868671,
    0.498842053876,0.541050338718,0.561052120295,0.740606469133,
    0.884457112273,0.91946021573,1.),.UNSPECIFIED.);
#2226 = CARTESIAN_POINT('',(0.783493649054,-6.661338147751E-16,-3.55));
#2227 = CARTESIAN_POINT('',(0.783493649054,1.521640262446E-02,
    -3.548763555812));
#2228 = CARTESIAN_POINT('',(0.783148873154,3.043295328268E-02,
    -3.547527094286));
#2229 = CARTESIAN_POINT('',(0.782459312855,4.564021646889E-02,
    -3.546290612697));
#2230 = CARTESIAN_POINT('',(0.781425280726,6.082878599819E-02,
    -3.545054111002));
#2231 = CARTESIAN_POINT('',(0.780047410406,7.598928500651E-02,
    -3.543817591842));
#2232 = CARTESIAN_POINT('',(0.778326656605,9.111236595061E-02,
    -3.542581060539));
#2233 = CARTESIAN_POINT('',(0.770840371741,0.145838858154,-3.53809248928
    ));
#2234 = CARTESIAN_POINT('',(0.763053589828,0.185166098446,-3.5348403869)
  );
#2235 = CARTESIAN_POINT('',(0.752927167115,0.224000685001,
    -3.531588401659));
#2236 = CARTESIAN_POINT('',(0.74049944151,0.262175810168,-3.528336628025
    ));
#2237 = CARTESIAN_POINT('',(0.725823423825,0.299528835784,
    -3.525085093382));
#2238 = CARTESIAN_POINT('',(0.708966350543,0.335902523828,
    -3.521833780174));
#2239 = CARTESIAN_POINT('',(0.676683989576,0.395919636275,
    -3.516297377292));
#2240 = CARTESIAN_POINT('',(0.662320971233,0.420134999258,
    -3.514012187052));
#2241 = CARTESIAN_POINT('',(0.646948427838,0.44373990235,-3.511727048281
    ));
#2242 = CARTESIAN_POINT('',(0.630597636608,0.466684041571,
    -3.509441931231));
#2243 = CARTESIAN_POINT('',(0.61330290568,0.488919262638,-3.507156805464
    ));
#2244 = CARTESIAN_POINT('',(0.595101574107,0.510399560963,
    -3.504871639857));
#2245 = CARTESIAN_POINT('',(0.568883570807,0.538836766026,
    -3.501729426017));
#2246 = CARTESIAN_POINT('',(0.561611296987,0.546480139427,
    -3.500872439508));
#2247 = CARTESIAN_POINT('',(0.554219309228,0.554008903025,
    -3.500015441655));
#2248 = CARTESIAN_POINT('',(0.546709778167,0.56142081029,-3.499158431189
    ));
#2249 = CARTESIAN_POINT('',(0.539084926249,0.568713667003,
    -3.498301406992));
#2250 = CARTESIAN_POINT('',(0.531347027724,0.57588533125,-3.497444368097
    ));
#2251 = CARTESIAN_POINT('',(0.506941076071,0.597802877891,
    -3.494779284165));
#2252 = CARTESIAN_POINT('',(0.48989095194,0.612123430609,-3.492971185147
    ));
#2253 = CARTESIAN_POINT('',(0.472369948066,0.625875698949,
    -3.491163009246));
#2254 = CARTESIAN_POINT('',(0.454400838991,0.639041186144,
    -3.489354752572));
#2255 = CARTESIAN_POINT('',(0.43600726199,0.651602571296,-3.487546414726
    ));
#2256 = CARTESIAN_POINT('',(0.417213717073,0.663543709366,
    -3.485737998805));
#2257 = CARTESIAN_POINT('',(0.296192168859,0.734925671437,
    -3.474319789712));
#2258 = CARTESIAN_POINT('',(0.183698515532,0.777103955716,
    -3.464702216421));
#2259 = CARTESIAN_POINT('',(6.444484046085E-02,0.799040830933,
    -3.455088142721));
#2260 = CARTESIAN_POINT('',(-5.714947947247E-02,0.799595591478,
    -3.445478820625));
#2261 = CARTESIAN_POINT('',(-0.17659788644,0.778748151098,
    -3.435871110933));
#2262 = CARTESIAN_POINT('',(-0.28947157007,0.737598704352,
    -3.426259787546));
#2263 = CARTESIAN_POINT('',(-0.41013932204,0.667902074049,
    -3.414940330061));
#2264 = CARTESIAN_POINT('',(-0.428077761441,0.656775515949,
    -3.413226482784));
#2265 = CARTESIAN_POINT('',(-0.445663007202,0.645087489466,
    -3.411512622113));
#2266 = CARTESIAN_POINT('',(-0.462874022559,0.632851503412,
    -3.409798740445));
#2267 = CARTESIAN_POINT('',(-0.479690452855,0.620082027141,
    -3.408084831148));
#2268 = CARTESIAN_POINT('',(-0.496092625541,0.606794490549,
    -3.406370888564));
#2269 = CARTESIAN_POINT('',(-0.584165428302,0.53074340446,
    -3.396917836787));
#2270 = CARTESIAN_POINT('',(-0.647455844355,0.458236698205,
    -3.38917604385));
#2271 = CARTESIAN_POINT('',(-0.700148244969,0.377011249677,
    -3.381434478025));
#2272 = CARTESIAN_POINT('',(-0.740845748197,0.288950083394,-3.3736928968
    ));
#2273 = CARTESIAN_POINT('',(-0.768563797948,0.196185078468,
    -3.365950242152));
#2274 = CARTESIAN_POINT('',(-0.782774783855,0.10099926031,
    -3.358206767809));
#2275 = CARTESIAN_POINT('',(-0.783690046187,-2.393963405041E-02,
    -3.348054181701));
#2276 = CARTESIAN_POINT('',(-0.782595775795,-5.362857366307E-02,
    -3.34564250933));
#2277 = CARTESIAN_POINT('',(-0.780189345652,-8.325730661526E-02,
    -3.343230903587));
#2278 = CARTESIAN_POINT('',(-0.776474855694,-0.112756363239,
    -3.340819362886));
#2279 = CARTESIAN_POINT('',(-0.771460975542,-0.142056846846,
    -3.33840788126));
#2280 = CARTESIAN_POINT('',(-0.7651609445,-0.171090433728,
    -3.335996448361));
#2281 = CARTESIAN_POINT('',(-0.754006049553,-0.213389307862,
    -3.332442328922));
#2282 = CARTESIAN_POINT('',(-0.750134692856,-0.226914147849,
    -3.331299615661));
#2283 = CARTESIAN_POINT('',(-0.745980391424,-0.240356723928,
    -3.330156908122));
#2284 = CARTESIAN_POINT('',(-0.741545255921,-0.25370993994,
    -3.329014204668));
#2285 = CARTESIAN_POINT('',(-0.736831617721,-0.266966772757,
    -3.327871503584));
#2286 = CARTESIAN_POINT('',(-0.731842028903,-0.280120272283,
    -3.326728803072));
#2287 = CARTESIAN_POINT('',(-0.679335838755,-0.41025209601,
    -3.315328160994));
#2288 = CARTESIAN_POINT('',(-0.610041074477,-0.518552668182,
    -3.305061974296));
#2289 = CARTESIAN_POINT('',(-0.520702306926,-0.612900688607,
    -3.294801295738));
#2290 = CARTESIAN_POINT('',(-0.414854387564,-0.68896513294,
    -3.284539962822));
#2291 = CARTESIAN_POINT('',(-0.296944860695,-0.743552328525,
    -3.274275245948));
#2292 = CARTESIAN_POINT('',(-0.172202439055,-0.774693664413,
    -3.264006276261));
#2293 = CARTESIAN_POINT('',(5.48166690854E-02,-0.788092342593,
    -3.245529034634));
#2294 = CARTESIAN_POINT('',(0.156725505615,-0.778844357964,
    -3.237309162378));
#2295 = CARTESIAN_POINT('',(0.256757938206,-0.754204609608,
    -3.229092839233));
#2296 = CARTESIAN_POINT('',(0.352133185788,-0.714669228554,
    -3.220878117857));
#2297 = CARTESIAN_POINT('',(0.440262156458,-0.661310052177,
    -3.212659956093));
#2298 = CARTESIAN_POINT('',(0.518826927772,-0.595745776552,
    -3.204437295862));
#2299 = CARTESIAN_POINT('',(0.602313055224,-0.501684280458,
    -3.194215899687));
#2300 = CARTESIAN_POINT('',(0.617977275005,-0.482676823894,
    -3.192215429369));
#2301 = CARTESIAN_POINT('',(0.632940366047,-0.463100329075,
    -3.190214919899));
#2302 = CARTESIAN_POINT('',(0.64717766086,-0.44298588423,-3.18821439444)
  );
#2303 = CARTESIAN_POINT('',(0.660666272563,-0.422365831856,
    -3.186213876839));
#2304 = CARTESIAN_POINT('',(0.673385094878,-0.401273768714,
    -3.184213391625));
#2305 = CARTESIAN_POINT('',(0.71276425529,-0.330207253545,
    -3.177610114756));
#2306 = CARTESIAN_POINT('',(0.736036914854,-0.278353461044,
    -3.17300736429));
#2307 = CARTESIAN_POINT('',(0.75489707508,-0.224608525633,
    -3.168405392265));
#2308 = CARTESIAN_POINT('',(0.769164657215,-0.169424186027,
    -3.163804152681));
#2309 = CARTESIAN_POINT('',(0.778717499814,-0.113271521859,
    -3.15920318418));
#2310 = CARTESIAN_POINT('',(0.783493649054,-5.663391318728E-02,
    -3.154601920344));
#2311 = CARTESIAN_POINT('',(0.783493649054,3.508304757815E-14,-3.15));
#2312 = ORIENTED_EDGE('',*,*,#2313,.F.);
#2313 = EDGE_CURVE('',#1738,#2223,#2314,.T.);
#2314 = B_SPLINE_CURVE_WITH_KNOTS('',1,(#2315,#2316),.UNSPECIFIED.,.F.,
  .F.,(2,2),(0.,0.423205080757),.PIECEWISE_BEZIER_KNOTS.);
#2315 = CARTESIAN_POINT('',(1.,5.597940668843E-14,-3.275));
#2316 = CARTESIAN_POINT('',(0.633493649054,3.183543925367E-15,
    -3.063397459622));
#2317 = B_SPLINE_SURFACE_WITH_KNOTS('',1,10,(
    (#2318,#2319,#2320,#2321,#2322,#2323,#2324,#2325,#2326,#2327,#2328)
    ,(#2329,#2330,#2331,#2332,#2333,#2334,#2335,#2336,#2337,#2338,#2339
    )),.UNSPECIFIED.,.F.,.F.,.F.,(2,2),(11,11),(0.,0.423205080757),(0.,
    6.295904828089),.PIECEWISE_BEZIER_KNOTS.);
#2318 = CARTESIAN_POINT('',(1.,2.416624731798E-17,-3.675));
#2319 = CARTESIAN_POINT('',(1.,0.628269000304,-3.635));
#2320 = CARTESIAN_POINT('',(0.56147983376,1.256965430322,-3.595));
#2321 = CARTESIAN_POINT('',(-0.316801657376,1.538099215721,
    -3.554999999999));
#2322 = CARTESIAN_POINT('',(-1.319185390797,1.143964827646,
    -3.515000000001));
#2323 = CARTESIAN_POINT('',(-1.850975966341,-4.849454171563E-13,
    -3.474999999999));
#2324 = CARTESIAN_POINT('',(-1.319185390796,-1.143964827645,
    -3.435000000001));
#2325 = CARTESIAN_POINT('',(-0.316801657376,-1.538099215721,
    -3.394999999999));
#2326 = CARTESIAN_POINT('',(0.56147983376,-1.256965430322,-3.355));
#2327 = CARTESIAN_POINT('',(1.,-0.628269000304,-3.315));
#2328 = CARTESIAN_POINT('',(1.,5.597940668843E-14,-3.275));
#2329 = CARTESIAN_POINT('',(0.633493649054,-1.471251485083E-16,
    -3.463397459622));
#2330 = CARTESIAN_POINT('',(0.633493649054,0.398035798793,
    -3.423397459621));
#2331 = CARTESIAN_POINT('',(0.355672008051,0.796391713315,
    -3.383397459622));
#2332 = CARTESIAN_POINT('',(-0.200619684773,0.973927813736,
    -3.343397459621));
#2333 = CARTESIAN_POINT('',(-0.835861240656,0.72520816784,
    -3.303397459623));
#2334 = CARTESIAN_POINT('',(-1.172355927983,-1.856292897173E-13,
    -3.26339745962));
#2335 = CARTESIAN_POINT('',(-0.835861240655,-0.725208167839,
    -3.223397459623));
#2336 = CARTESIAN_POINT('',(-0.200619684773,-0.973927813736,
    -3.183397459621));
#2337 = CARTESIAN_POINT('',(0.355672008051,-0.796391713315,
    -3.143397459622));
#2338 = CARTESIAN_POINT('',(0.633493649054,-0.398035798793,
    -3.103397459621));
#2339 = CARTESIAN_POINT('',(0.633493649054,3.183543925367E-15,
    -3.063397459622));
#2340 = ADVANCED_FACE('',(#2341),#2381,.T.);
#2341 = FACE_BOUND('',#2342,.T.);
#2342 = EDGE_LOOP('',(#2343,#2359,#2360,#2376));
#2343 = ORIENTED_EDGE('',*,*,#2344,.F.);
#2344 = EDGE_CURVE('',#1721,#2345,#2347,.T.);
#2345 = VERTEX_POINT('',#2346);
#2346 = CARTESIAN_POINT('',(1.,2.800178646787E-14,-2.925));
#2347 = B_SPLINE_CURVE_WITH_KNOTS('',10,(#2348,#2349,#2350,#2351,#2352,
    #2353,#2354,#2355,#2356,#2357,#2358),.UNSPECIFIED.,.F.,.F.,(11,11),(
    0.,6.295904828089),.PIECEWISE_BEZIER_KNOTS.);
#2348 = CARTESIAN_POINT('',(1.,2.416624731798E-17,-3.325));
#2349 = CARTESIAN_POINT('',(1.,0.628269000304,-3.285));
#2350 = CARTESIAN_POINT('',(0.56147983376,1.256965430322,-3.245));
#2351 = CARTESIAN_POINT('',(-0.316801657376,1.538099215721,
    -3.204999999999));
#2352 = CARTESIAN_POINT('',(-1.319185390797,1.143964827646,
    -3.165000000001));
#2353 = CARTESIAN_POINT('',(-1.850975966341,-4.849454171563E-13,
    -3.124999999999));
#2354 = CARTESIAN_POINT('',(-1.319185390796,-1.143964827645,
    -3.085000000001));
#2355 = CARTESIAN_POINT('',(-0.316801657376,-1.538099215721,-3.045));
#2356 = CARTESIAN_POINT('',(0.56147983376,-1.256965430322,-3.005));
#2357 = CARTESIAN_POINT('',(1.,-0.628269000304,-2.965));
#2358 = CARTESIAN_POINT('',(1.,5.597940668843E-14,-2.925));
#2359 = ORIENTED_EDGE('',*,*,#1753,.T.);
#2360 = ORIENTED_EDGE('',*,*,#2361,.T.);
#2361 = EDGE_CURVE('',#1738,#2362,#2364,.T.);
#2362 = VERTEX_POINT('',#2363);
#2363 = CARTESIAN_POINT('',(1.,2.800178646787E-14,-2.875));
#2364 = B_SPLINE_CURVE_WITH_KNOTS('',10,(#2365,#2366,#2367,#2368,#2369,
    #2370,#2371,#2372,#2373,#2374,#2375),.UNSPECIFIED.,.F.,.F.,(11,11),(
    0.,6.295904828089),.PIECEWISE_BEZIER_KNOTS.);
#2365 = CARTESIAN_POINT('',(1.,2.416624731798E-17,-3.275));
#2366 = CARTESIAN_POINT('',(1.,0.628269000304,-3.235));
#2367 = CARTESIAN_POINT('',(0.56147983376,1.256965430322,-3.195));
#2368 = CARTESIAN_POINT('',(-0.316801657376,1.538099215721,
    -3.154999999999));
#2369 = CARTESIAN_POINT('',(-1.319185390797,1.143964827646,
    -3.115000000001));
#2370 = CARTESIAN_POINT('',(-1.850975966341,-4.849454171563E-13,
    -3.074999999999));
#2371 = CARTESIAN_POINT('',(-1.319185390796,-1.143964827645,
    -3.035000000001));
#2372 = CARTESIAN_POINT('',(-0.316801657376,-1.538099215721,
    -2.994999999999));
#2373 = CARTESIAN_POINT('',(0.56147983376,-1.256965430322,-2.955));
#2374 = CARTESIAN_POINT('',(1.,-0.628269000304,-2.915));
#2375 = CARTESIAN_POINT('',(1.,5.597940668843E-14,-2.875));
#2376 = ORIENTED_EDGE('',*,*,#2377,.F.);
#2377 = EDGE_CURVE('',#2345,#2362,#2378,.T.);
#2378 = B_SPLINE_CURVE_WITH_KNOTS('',1,(#2379,#2380),.UNSPECIFIED.,.F.,
  .F.,(2,2),(0.,5.E-02),.PIECEWISE_BEZIER_KNOTS.);
#2379 = CARTESIAN_POINT('',(1.,5.597940668843E-14,-2.925));
#2380 = CARTESIAN_POINT('',(1.,5.597940668843E-14,-2.875));
#2381 = B_SPLINE_SURFACE_WITH_KNOTS('',1,10,(
    (#2382,#2383,#2384,#2385,#2386,#2387,#2388,#2389,#2390,#2391,#2392)
    ,(#2393,#2394,#2395,#2396,#2397,#2398,#2399,#2400,#2401,#2402,#2403
    )),.UNSPECIFIED.,.F.,.F.,.F.,(2,2),(11,11),(0.,5.E-02),(0.,
    6.295904828089),.PIECEWISE_BEZIER_KNOTS.);
#2382 = CARTESIAN_POINT('',(1.,2.416624731798E-17,-3.325));
#2383 = CARTESIAN_POINT('',(1.,0.628269000304,-3.285));
#2384 = CARTESIAN_POINT('',(0.56147983376,1.256965430322,-3.245));
#2385 = CARTESIAN_POINT('',(-0.316801657376,1.538099215721,
    -3.204999999999));
#2386 = CARTESIAN_POINT('',(-1.319185390797,1.143964827646,
    -3.165000000001));
#2387 = CARTESIAN_POINT('',(-1.850975966341,-4.849454171563E-13,
    -3.124999999999));
#2388 = CARTESIAN_POINT('',(-1.319185390796,-1.143964827645,
    -3.085000000001));
#2389 = CARTESIAN_POINT('',(-0.316801657376,-1.538099215721,-3.045));
#2390 = CARTESIAN_POINT('',(0.56147983376,-1.256965430322,-3.005));
#2391 = CARTESIAN_POINT('',(1.,-0.628269000304,-2.965));
#2392 = CARTESIAN_POINT('',(1.,5.597940668843E-14,-2.925));
#2393 = CARTESIAN_POINT('',(1.,2.416624731798E-17,-3.275));
#2394 = CARTESIAN_POINT('',(1.,0.628269000304,-3.235));
#2395 = CARTESIAN_POINT('',(0.56147983376,1.256965430322,-3.195));
#2396 = CARTESIAN_POINT('',(-0.316801657376,1.538099215721,
    -3.154999999999));
#2397 = CARTESIAN_POINT('',(-1.319185390797,1.143964827646,
    -3.115000000001));
#2398 = CARTESIAN_POINT('',(-1.850975966341,-4.849454171563E-13,
    -3.074999999999));
#2399 = CARTESIAN_POINT('',(-1.319185390796,-1.143964827645,
    -3.035000000001));
#2400 = CARTESIAN_POINT('',(-0.316801657376,-1.538099215721,
    -2.994999999999));
#2401 = CARTESIAN_POINT('',(0.56147983376,-1.256965430322,-2.955));
#2402 = CARTESIAN_POINT('',(1.,-0.628269000304,-2.915));
#2403 = CARTESIAN_POINT('',(1.,5.597940668843E-14,-2.875));
#2404 = ADVANCED_FACE('',(#2405),#2505,.T.);
#2405 = FACE_BOUND('',#2406,.T.);
#2406 = EDGE_LOOP('',(#2407,#2498,#2499,#2500));
#2407 = ORIENTED_EDGE('',*,*,#2408,.F.);
#2408 = EDGE_CURVE('',#1785,#2409,#2411,.T.);
#2409 = VERTEX_POINT('',#2410);
#2410 = CARTESIAN_POINT('',(0.783493649054,1.229969913273E-14,-3.05));
#2411 = B_SPLINE_CURVE_WITH_KNOTS('',7,(#2412,#2413,#2414,#2415,#2416,
    #2417,#2418,#2419,#2420,#2421,#2422,#2423,#2424,#2425,#2426,#2427,
    #2428,#2429,#2430,#2431,#2432,#2433,#2434,#2435,#2436,#2437,#2438,
    #2439,#2440,#2441,#2442,#2443,#2444,#2445,#2446,#2447,#2448,#2449,
    #2450,#2451,#2452,#2453,#2454,#2455,#2456,#2457,#2458,#2459,#2460,
    #2461,#2462,#2463,#2464,#2465,#2466,#2467,#2468,#2469,#2470,#2471,
    #2472,#2473,#2474,#2475,#2476,#2477,#2478,#2479,#2480,#2481,#2482,
    #2483,#2484,#2485,#2486,#2487,#2488,#2489,#2490,#2491,#2492,#2493,
    #2494,#2495,#2496,#2497),.UNSPECIFIED.,.F.,.F.,(8,6,6,6,6,6,6,6,6,6,
    6,6,6,6,8),(0.,2.163965220467E-02,8.055120953282E-02,0.170203213697,
    0.213208332327,0.238211076376,0.259213298761,0.442834986739,
    0.458836574917,0.500840235219,0.636791116336,0.705799394023,
    0.890458570363,0.921461507432,1.),.UNSPECIFIED.);
#2412 = CARTESIAN_POINT('',(0.783493649054,-1.110223024625E-15,-3.45));
#2413 = CARTESIAN_POINT('',(0.783493649054,1.521639609347E-02,
    -3.448763556343));
#2414 = CARTESIAN_POINT('',(0.783148873465,3.043294291832E-02,
    -3.447527165983));
#2415 = CARTESIAN_POINT('',(0.782459313531,4.564020476543E-02,
    -3.446290820832));
#2416 = CARTESIAN_POINT('',(0.78142528164,6.082877510931E-02,
    -3.44505451199));
#2417 = CARTESIAN_POINT('',(0.780047411322,7.598927660806E-02,
    -3.44381822975));
#2418 = CARTESIAN_POINT('',(0.778326657249,9.111236110341E-02,
    -3.442581963595));
#2419 = CARTESIAN_POINT('',(0.770649742985,0.147232399305,
    -3.437980117426));
#2420 = CARTESIAN_POINT('',(0.76250331597,0.187930123364,-3.434614548338
    ));
#2421 = CARTESIAN_POINT('',(0.751850773057,0.228093545209,
    -3.431248821046));
#2422 = CARTESIAN_POINT('',(0.73873523989,0.267537733713,-3.427882809302
    ));
#2423 = CARTESIAN_POINT('',(0.723216666626,0.306082625238,
    -3.424516460077));
#2424 = CARTESIAN_POINT('',(0.705371285673,0.343554485669,
    -3.421149819134));
#2425 = CARTESIAN_POINT('',(0.654732861301,0.434926823221,
    -3.412659494751));
#2426 = CARTESIAN_POINT('',(0.618997027565,0.48720033679,-3.407535295087
    ));
#2427 = CARTESIAN_POINT('',(0.578408692502,0.536020193464,
    -3.402411346328));
#2428 = CARTESIAN_POINT('',(0.533373558292,0.580850280802,
    -3.397288003179));
#2429 = CARTESIAN_POINT('',(0.484368291965,0.621215849649,
    -3.392165314909));
#2430 = CARTESIAN_POINT('',(0.431930912351,0.65671327017,-3.38704325392)
  );
#2431 = CARTESIAN_POINT('',(0.350134072387,0.701557504052,
    -3.379465306236));
#2432 = CARTESIAN_POINT('',(0.322962101345,0.714901246936,-3.37700878988
    ));
#2433 = CARTESIAN_POINT('',(0.29520030683,0.727015417411,-3.374552367199
    ));
#2434 = CARTESIAN_POINT('',(0.266915507218,0.737869057953,
    -3.372096008231));
#2435 = CARTESIAN_POINT('',(0.238176296334,0.747435852642,-3.36963968111
    ));
#2436 = CARTESIAN_POINT('',(0.209053043446,0.755694127163,
    -3.367183352055));
#2437 = CARTESIAN_POINT('',(0.162504592593,0.766657463545,
    -3.363298878463));
#2438 = CARTESIAN_POINT('',(0.145285769709,0.770240052445,
    -3.361870758755));
#2439 = CARTESIAN_POINT('',(0.127975535654,0.773371295671,
    -3.360442619886));
#2440 = CARTESIAN_POINT('',(0.110588087267,0.776048434411,
    -3.359014456211));
#2441 = CARTESIAN_POINT('',(9.313770719263E-02,0.778269270868,
    -3.357586262816));
#2442 = CARTESIAN_POINT('',(7.563876388188E-02,0.780032168272,
    -3.35615803551));
#2443 = CARTESIAN_POINT('',(4.337800559989E-02,0.782431307943,
    -3.353530033216));
#2444 = CARTESIAN_POINT('',(2.862621402294E-02,0.783202688379,
    -3.35233026913));
#2445 = CARTESIAN_POINT('',(1.38588976615E-02,0.783649556801,
    -3.351130476588));
#2446 = CARTESIAN_POINT('',(-9.153804545255E-04,0.783771560304,
    -3.349930654088));
#2447 = CARTESIAN_POINT('',(-1.568805506739E-02,0.783568628453,
    -3.348730800608));
#2448 = CARTESIAN_POINT('',(-3.045055869144E-02,0.78304097328,
    -3.347530915604));
#2449 = CARTESIAN_POINT('',(-0.174098519716,0.774741097663,
    -3.33584017069));
#2450 = CARTESIAN_POINT('',(-0.301682383245,0.742503146552,
    -3.325337892111));
#2451 = CARTESIAN_POINT('',(-0.422016911917,0.68573775049,
    -3.314840558241));
#2452 = CARTESIAN_POINT('',(-0.529511394808,0.606591585198,
    -3.304347079661));
#2453 = CARTESIAN_POINT('',(-0.619447263484,0.508536169962,
    -3.293854268777));
#2454 = CARTESIAN_POINT('',(-0.688112783116,0.39627610997,-3.28335499865
    ));
#2455 = CARTESIAN_POINT('',(-0.737452844694,0.264862618669,
    -3.271950653511));
#2456 = CARTESIAN_POINT('',(-0.741231393244,0.254262396239,
    -3.271036493115));
#2457 = CARTESIAN_POINT('',(-0.744832110915,0.243599468561,
    -3.270122331482));
#2458 = CARTESIAN_POINT('',(-0.748253755559,0.232877416848,
    -3.269208167704));
#2459 = CARTESIAN_POINT('',(-0.751495175774,0.222099851157,
    -3.268294000915));
#2460 = CARTESIAN_POINT('',(-0.754555310908,0.211270410398,
    -3.267379830283));
#2461 = CARTESIAN_POINT('',(-0.764987534965,0.17183928192,-3.264065974)
  );
#2462 = CARTESIAN_POINT('',(-0.771286096901,0.142953401224,
    -3.261666259546));
#2463 = CARTESIAN_POINT('',(-0.776311273691,0.113801869692,
    -3.259266497121));
#2464 = CARTESIAN_POINT('',(-0.780049942867,8.445200491267E-02,
    -3.256866676459));
#2465 = CARTESIAN_POINT('',(-0.782493462659,5.497169261093E-02,
    -3.254466791558));
#2466 = CARTESIAN_POINT('',(-0.783637672004,2.5429386649E-02,
    -3.252066840682));
#2467 = CARTESIAN_POINT('',(-0.782981918089,-9.970106025564E-02,
    -3.241898835205));
#2468 = CARTESIAN_POINT('',(-0.768872708164,-0.195250372221,
    -3.234128179871));
#2469 = CARTESIAN_POINT('',(-0.741156356915,-0.288381827465,
    -3.226358359107));
#2470 = CARTESIAN_POINT('',(-0.700363193401,-0.37678734085,
    -3.218589625093));
#2471 = CARTESIAN_POINT('',(-0.647487038606,-0.458311620662,
    -3.210820897107));
#2472 = CARTESIAN_POINT('',(-0.583939852031,-0.531051632947,
    -3.203051926756));
#2473 = CARTESIAN_POINT('',(-0.474770090797,-0.625148335418,
    -3.19134360776));
#2474 = CARTESIAN_POINT('',(-0.435723507481,-0.654174571001,
    -3.187401634186));
#2475 = CARTESIAN_POINT('',(-0.394618406682,-0.680345784711,
    -3.183459859107));
#2476 = CARTESIAN_POINT('',(-0.35170664172,-0.703488790693,
    -3.179518167191));
#2477 = CARTESIAN_POINT('',(-0.307257285438,-0.723458519512,
    -3.175576378263));
#2478 = CARTESIAN_POINT('',(-0.261553387184,-0.740139747317,
    -3.171634362896));
#2479 = CARTESIAN_POINT('',(-9.001882309044E-02,-0.789062571762,
    -3.157143216128));
#2480 = CARTESIAN_POINT('',(4.184704523554E-02,-0.800564143508,
    -3.146583045665));
#2481 = CARTESIAN_POINT('',(0.174923653307,-0.786217694428,
    -3.136027690514));
#2482 = CARTESIAN_POINT('',(0.303121571906,-0.746228183382,
    -3.125471163839));
#2483 = CARTESIAN_POINT('',(0.42075534624,-0.682363434419,-3.11491651606
    ));
#2484 = CARTESIAN_POINT('',(0.522693506939,-0.597925139993,
    -3.104358024568));
#2485 = CARTESIAN_POINT('',(0.619012561892,-0.480792070115,-3.0920386336
    ));
#2486 = CARTESIAN_POINT('',(0.632312478301,-0.463503869852,
    -3.090267658173));
#2487 = CARTESIAN_POINT('',(0.645048207254,-0.445787549082,
    -3.088496689912));
#2488 = CARTESIAN_POINT('',(0.657203297528,-0.427665233818,
    -3.086725713686));
#2489 = CARTESIAN_POINT('',(0.668762412779,-0.409159794313,
    -3.084954715256));
#2490 = CARTESIAN_POINT('',(0.679711331532,-0.390294845064,
    -3.083183681268));
#2491 = CARTESIAN_POINT('',(0.716194413715,-0.322455903646,
    -3.076925988487));
#2492 = CARTESIAN_POINT('',(0.738352704589,-0.271664527477,
    -3.072438994421));
#2493 = CARTESIAN_POINT('',(0.756298303957,-0.21911764858,
    -3.067951480202));
#2494 = CARTESIAN_POINT('',(0.769868228033,-0.165235564541,
    -3.063463552819));
#2495 = CARTESIAN_POINT('',(0.778952004027,-0.110455646012,
    -3.058975466956));
#2496 = CARTESIAN_POINT('',(0.783493649054,-5.522614447512E-02,
    -3.054487528823));
#2497 = CARTESIAN_POINT('',(0.783493649054,2.475797344914E-14,-3.05));
#2498 = ORIENTED_EDGE('',*,*,#1877,.T.);
#2499 = ORIENTED_EDGE('',*,*,#2344,.T.);
#2500 = ORIENTED_EDGE('',*,*,#2501,.F.);
#2501 = EDGE_CURVE('',#2409,#2345,#2502,.T.);
#2502 = B_SPLINE_CURVE_WITH_KNOTS('',1,(#2503,#2504),.UNSPECIFIED.,.F.,
  .F.,(2,2),(0.,0.423205080757),.PIECEWISE_BEZIER_KNOTS.);
#2503 = CARTESIAN_POINT('',(0.633493649054,3.183543925367E-15,
    -3.136602540378));
#2504 = CARTESIAN_POINT('',(1.,5.597940668843E-14,-2.925));
#2505 = B_SPLINE_SURFACE_WITH_KNOTS('',1,10,(
    (#2506,#2507,#2508,#2509,#2510,#2511,#2512,#2513,#2514,#2515,#2516)
    ,(#2517,#2518,#2519,#2520,#2521,#2522,#2523,#2524,#2525,#2526,#2527
    )),.UNSPECIFIED.,.F.,.F.,.F.,(2,2),(11,11),(0.,0.423205080757),(0.,
    6.295904828089),.PIECEWISE_BEZIER_KNOTS.);
#2506 = CARTESIAN_POINT('',(0.633493649054,-1.471251485083E-16,
    -3.536602540378));
#2507 = CARTESIAN_POINT('',(0.633493649054,0.398035798793,
    -3.496602540378));
#2508 = CARTESIAN_POINT('',(0.355672008051,0.796391713315,
    -3.456602540379));
#2509 = CARTESIAN_POINT('',(-0.200619684773,0.973927813736,
    -3.416602540377));
#2510 = CARTESIAN_POINT('',(-0.835861240656,0.72520816784,-3.37660254038
    ));
#2511 = CARTESIAN_POINT('',(-1.172355927983,-1.856292897173E-13,
    -3.336602540377));
#2512 = CARTESIAN_POINT('',(-0.835861240655,-0.725208167839,
    -3.29660254038));
#2513 = CARTESIAN_POINT('',(-0.200619684773,-0.973927813736,
    -3.256602540378));
#2514 = CARTESIAN_POINT('',(0.355672008051,-0.796391713315,
    -3.216602540379));
#2515 = CARTESIAN_POINT('',(0.633493649054,-0.398035798793,
    -3.176602540378));
#2516 = CARTESIAN_POINT('',(0.633493649054,3.183543925367E-15,
    -3.136602540378));
#2517 = CARTESIAN_POINT('',(1.,2.416624731798E-17,-3.325));
#2518 = CARTESIAN_POINT('',(1.,0.628269000304,-3.285));
#2519 = CARTESIAN_POINT('',(0.56147983376,1.256965430322,-3.245));
#2520 = CARTESIAN_POINT('',(-0.316801657376,1.538099215721,
    -3.204999999999));
#2521 = CARTESIAN_POINT('',(-1.319185390797,1.143964827646,
    -3.165000000001));
#2522 = CARTESIAN_POINT('',(-1.850975966341,-4.849454171563E-13,
    -3.124999999999));
#2523 = CARTESIAN_POINT('',(-1.319185390796,-1.143964827645,
    -3.085000000001));
#2524 = CARTESIAN_POINT('',(-0.316801657376,-1.538099215721,-3.045));
#2525 = CARTESIAN_POINT('',(0.56147983376,-1.256965430322,-3.005));
#2526 = CARTESIAN_POINT('',(1.,-0.628269000304,-2.965));
#2527 = CARTESIAN_POINT('',(1.,5.597940668843E-14,-2.925));
#2528 = ADVANCED_FACE('',(#2529),#2554,.T.);
#2529 = FACE_BOUND('',#2530,.T.);
#2530 = EDGE_LOOP('',(#2531,#2547,#2552,#2553));
#2531 = ORIENTED_EDGE('',*,*,#2532,.F.);
#2532 = EDGE_CURVE('',#2533,#1909,#2535,.T.);
#2533 = VERTEX_POINT('',#2534);
#2534 = CARTESIAN_POINT('',(1.,2.800178646787E-14,-1.725));
#2535 = B_SPLINE_CURVE_WITH_KNOTS('',10,(#2536,#2537,#2538,#2539,#2540,
    #2541,#2542,#2543,#2544,#2545,#2546),.UNSPECIFIED.,.F.,.F.,(11,11),(
    0.,6.295904828089),.PIECEWISE_BEZIER_KNOTS.);
#2536 = CARTESIAN_POINT('',(1.,2.416624731798E-17,-1.725));
#2537 = CARTESIAN_POINT('',(1.,0.628269000304,-1.685));
#2538 = CARTESIAN_POINT('',(0.56147983376,1.256965430322,-1.645));
#2539 = CARTESIAN_POINT('',(-0.316801657376,1.538099215721,
    -1.604999999999));
#2540 = CARTESIAN_POINT('',(-1.319185390797,1.143964827646,
    -1.565000000001));
#2541 = CARTESIAN_POINT('',(-1.850975966341,-4.849454171563E-13,
    -1.524999999999));
#2542 = CARTESIAN_POINT('',(-1.319185390796,-1.143964827645,
    -1.485000000001));
#2543 = CARTESIAN_POINT('',(-0.316801657376,-1.538099215721,-1.445));
#2544 = CARTESIAN_POINT('',(0.56147983376,-1.256965430322,-1.405));
#2545 = CARTESIAN_POINT('',(1.,-0.628269000304,-1.365));
#2546 = CARTESIAN_POINT('',(1.,5.597940668843E-14,-1.325));
#2547 = ORIENTED_EDGE('',*,*,#2548,.T.);
#2548 = EDGE_CURVE('',#2533,#1958,#2549,.T.);
#2549 = B_SPLINE_CURVE_WITH_KNOTS('',1,(#2550,#2551),.UNSPECIFIED.,.F.,
  .F.,(2,2),(0.,5.E-02),.PIECEWISE_BEZIER_KNOTS.);
#2550 = CARTESIAN_POINT('',(1.,5.597940668843E-14,-1.725));
#2551 = CARTESIAN_POINT('',(1.,5.597940668843E-14,-1.675));
#2552 = ORIENTED_EDGE('',*,*,#1957,.T.);
#2553 = ORIENTED_EDGE('',*,*,#1924,.F.);
#2554 = B_SPLINE_SURFACE_WITH_KNOTS('',1,10,(
    (#2555,#2556,#2557,#2558,#2559,#2560,#2561,#2562,#2563,#2564,#2565)
    ,(#2566,#2567,#2568,#2569,#2570,#2571,#2572,#2573,#2574,#2575,#2576
    )),.UNSPECIFIED.,.F.,.F.,.F.,(2,2),(11,11),(0.,5.E-02),(0.,
    6.295904828089),.PIECEWISE_BEZIER_KNOTS.);
#2555 = CARTESIAN_POINT('',(1.,2.416624731798E-17,-1.725));
#2556 = CARTESIAN_POINT('',(1.,0.628269000304,-1.685));
#2557 = CARTESIAN_POINT('',(0.56147983376,1.256965430322,-1.645));
#2558 = CARTESIAN_POINT('',(-0.316801657376,1.538099215721,
    -1.604999999999));
#2559 = CARTESIAN_POINT('',(-1.319185390797,1.143964827646,
    -1.565000000001));
#2560 = CARTESIAN_POINT('',(-1.850975966341,-4.849454171563E-13,
    -1.524999999999));
#2561 = CARTESIAN_POINT('',(-1.319185390796,-1.143964827645,
    -1.485000000001));
#2562 = CARTESIAN_POINT('',(-0.316801657376,-1.538099215721,-1.445));
#2563 = CARTESIAN_POINT('',(0.56147983376,-1.256965430322,-1.405));
#2564 = CARTESIAN_POINT('',(1.,-0.628269000304,-1.365));
#2565 = CARTESIAN_POINT('',(1.,5.597940668843E-14,-1.325));
#2566 = CARTESIAN_POINT('',(1.,2.416624731798E-17,-1.675));
#2567 = CARTESIAN_POINT('',(1.,0.628269000304,-1.635));
#2568 = CARTESIAN_POINT('',(0.56147983376,1.256965430322,-1.595));
#2569 = CARTESIAN_POINT('',(-0.316801657376,1.538099215721,
    -1.554999999999));
#2570 = CARTESIAN_POINT('',(-1.319185390797,1.143964827646,
    -1.515000000001));
#2571 = CARTESIAN_POINT('',(-1.850975966341,-4.849454171563E-13,
    -1.474999999999));
#2572 = CARTESIAN_POINT('',(-1.319185390796,-1.143964827645,
    -1.435000000001));
#2573 = CARTESIAN_POINT('',(-0.316801657376,-1.538099215721,
    -1.394999999999));
#2574 = CARTESIAN_POINT('',(0.56147983376,-1.256965430322,-1.355));
#2575 = CARTESIAN_POINT('',(1.,-0.628269000304,-1.315));
#2576 = CARTESIAN_POINT('',(1.,5.597940668843E-14,-1.275));
#2577 = ADVANCED_FACE('',(#2578),#2693,.T.);
#2578 = FACE_BOUND('',#2579,.T.);
#2579 = EDGE_LOOP('',(#2580,#2596,#2603,#2692));
#2580 = ORIENTED_EDGE('',*,*,#2581,.F.);
#2581 = EDGE_CURVE('',#2582,#1958,#2584,.T.);
#2582 = VERTEX_POINT('',#2583);
#2583 = CARTESIAN_POINT('',(1.,2.800178646787E-14,-2.075));
#2584 = B_SPLINE_CURVE_WITH_KNOTS('',10,(#2585,#2586,#2587,#2588,#2589,
    #2590,#2591,#2592,#2593,#2594,#2595),.UNSPECIFIED.,.F.,.F.,(11,11),(
    0.,6.295904828089),.PIECEWISE_BEZIER_KNOTS.);
#2585 = CARTESIAN_POINT('',(1.,2.416624731798E-17,-2.075));
#2586 = CARTESIAN_POINT('',(1.,0.628269000304,-2.035));
#2587 = CARTESIAN_POINT('',(0.56147983376,1.256965430322,-1.995));
#2588 = CARTESIAN_POINT('',(-0.316801657376,1.538099215721,
    -1.954999999999));
#2589 = CARTESIAN_POINT('',(-1.319185390797,1.143964827646,
    -1.915000000001));
#2590 = CARTESIAN_POINT('',(-1.850975966341,-4.849454171563E-13,
    -1.874999999999));
#2591 = CARTESIAN_POINT('',(-1.319185390796,-1.143964827645,
    -1.835000000001));
#2592 = CARTESIAN_POINT('',(-0.316801657376,-1.538099215721,
    -1.794999999999));
#2593 = CARTESIAN_POINT('',(0.56147983376,-1.256965430322,-1.755));
#2594 = CARTESIAN_POINT('',(1.,-0.628269000304,-1.715));
#2595 = CARTESIAN_POINT('',(1.,5.597940668843E-14,-1.675));
#2596 = ORIENTED_EDGE('',*,*,#2597,.T.);
#2597 = EDGE_CURVE('',#2582,#2598,#2600,.T.);
#2598 = VERTEX_POINT('',#2599);
#2599 = CARTESIAN_POINT('',(0.783493649054,1.229969913273E-14,-1.95));
#2600 = B_SPLINE_CURVE_WITH_KNOTS('',1,(#2601,#2602),.UNSPECIFIED.,.F.,
  .F.,(2,2),(0.,0.423205080757),.PIECEWISE_BEZIER_KNOTS.);
#2601 = CARTESIAN_POINT('',(1.,5.597940668843E-14,-2.075));
#2602 = CARTESIAN_POINT('',(0.633493649054,3.183543925367E-15,
    -1.863397459622));
#2603 = ORIENTED_EDGE('',*,*,#2604,.T.);
#2604 = EDGE_CURVE('',#2598,#1974,#2605,.T.);
#2605 = B_SPLINE_CURVE_WITH_KNOTS('',7,(#2606,#2607,#2608,#2609,#2610,
    #2611,#2612,#2613,#2614,#2615,#2616,#2617,#2618,#2619,#2620,#2621,
    #2622,#2623,#2624,#2625,#2626,#2627,#2628,#2629,#2630,#2631,#2632,
    #2633,#2634,#2635,#2636,#2637,#2638,#2639,#2640,#2641,#2642,#2643,
    #2644,#2645,#2646,#2647,#2648,#2649,#2650,#2651,#2652,#2653,#2654,
    #2655,#2656,#2657,#2658,#2659,#2660,#2661,#2662,#2663,#2664,#2665,
    #2666,#2667,#2668,#2669,#2670,#2671,#2672,#2673,#2674,#2675,#2676,
    #2677,#2678,#2679,#2680,#2681,#2682,#2683,#2684,#2685,#2686,#2687,
    #2688,#2689,#2690,#2691),.UNSPECIFIED.,.F.,.F.,(8,6,6,6,6,6,6,6,6,6,
    6,6,6,6,8),(0.,2.163943796498E-02,7.855024281249E-02,0.118553722838,
    0.133555248576,0.165202248959,0.333364253104,0.363367868855,
    0.498842050007,0.541050320141,0.561052101716,0.740606366473,
    0.884456951608,0.919460055061,1.),.UNSPECIFIED.);
#2606 = CARTESIAN_POINT('',(0.783493649054,-6.661338147751E-16,-1.95));
#2607 = CARTESIAN_POINT('',(0.783493649054,1.521640262447E-02,
    -1.948763555812));
#2608 = CARTESIAN_POINT('',(0.783148873154,3.043295328269E-02,
    -1.947527094286));
#2609 = CARTESIAN_POINT('',(0.782459312855,4.564021646892E-02,
    -1.946290612697));
#2610 = CARTESIAN_POINT('',(0.781425280726,6.082878599822E-02,
    -1.945054111002));
#2611 = CARTESIAN_POINT('',(0.780047410406,7.598928500654E-02,
    -1.943817591842));
#2612 = CARTESIAN_POINT('',(0.778326656605,9.111236595066E-02,
    -1.942581060539));
#2613 = CARTESIAN_POINT('',(0.770840371737,0.145838858177,
    -1.938092489278));
#2614 = CARTESIAN_POINT('',(0.763053589819,0.185166098492,
    -1.934840386897));
#2615 = CARTESIAN_POINT('',(0.752927167097,0.22400068507,-1.931588401653
    ));
#2616 = CARTESIAN_POINT('',(0.74049944148,0.262175810258,-1.928336628018
    ));
#2617 = CARTESIAN_POINT('',(0.725823423782,0.299528835894,
    -1.925085093372));
#2618 = CARTESIAN_POINT('',(0.708966350484,0.335902523956,
    -1.921833780163));
#2619 = CARTESIAN_POINT('',(0.676683989493,0.395919636417,
    -1.916297377278));
#2620 = CARTESIAN_POINT('',(0.662320971145,0.420134999397,
    -1.914012187039));
#2621 = CARTESIAN_POINT('',(0.646948427745,0.443739902485,
    -1.911727048268));
#2622 = CARTESIAN_POINT('',(0.63059763651,0.466684041703,-1.909441931217
    ));
#2623 = CARTESIAN_POINT('',(0.613302905577,0.488919262767,-1.90715680545
    ));
#2624 = CARTESIAN_POINT('',(0.595101574,0.510399561088,-1.904871639844)
  );
#2625 = CARTESIAN_POINT('',(0.568883570694,0.538836766145,
    -1.901729426004));
#2626 = CARTESIAN_POINT('',(0.561611296872,0.546480139545,
    -1.900872439495));
#2627 = CARTESIAN_POINT('',(0.554219309112,0.554008903141,
    -1.900015441642));
#2628 = CARTESIAN_POINT('',(0.54670977805,0.561420810405,-1.899158431176
    ));
#2629 = CARTESIAN_POINT('',(0.53908492613,0.568713667116,-1.898301406979
    ));
#2630 = CARTESIAN_POINT('',(0.531347027603,0.575885331362,
    -1.897444368083));
#2631 = CARTESIAN_POINT('',(0.506941075952,0.597802877991,
    -1.894779284153));
#2632 = CARTESIAN_POINT('',(0.489890951825,0.6121234307,-1.892971185136)
  );
#2633 = CARTESIAN_POINT('',(0.472369947956,0.625875699031,
    -1.891163009235));
#2634 = CARTESIAN_POINT('',(0.454400838885,0.639041186219,
    -1.889354752561));
#2635 = CARTESIAN_POINT('',(0.43600726189,0.651602571362,-1.887546414716
    ));
#2636 = CARTESIAN_POINT('',(0.417213716979,0.663543709425,
    -1.885737998796));
#2637 = CARTESIAN_POINT('',(0.296192168646,0.734925671544,
    -1.874319789693));
#2638 = CARTESIAN_POINT('',(0.183698515173,0.777103955837,-1.86470221639
    ));
#2639 = CARTESIAN_POINT('',(6.444483994645E-02,0.799040831017,
    -1.85508814268));
#2640 = CARTESIAN_POINT('',(-5.714948013392E-02,0.799595591472,
    -1.845478820572));
#2641 = CARTESIAN_POINT('',(-0.176597887226,0.778748150955,
    -1.83587111087));
#2642 = CARTESIAN_POINT('',(-0.289471570942,0.737598704031,
    -1.826259787471));
#2643 = CARTESIAN_POINT('',(-0.410139322935,0.667902073499,
    -1.814940329975));
#2644 = CARTESIAN_POINT('',(-0.428077762322,0.656775515376,
    -1.813226482699));
#2645 = CARTESIAN_POINT('',(-0.445663008067,0.645087488868,
    -1.811512622028));
#2646 = CARTESIAN_POINT('',(-0.462874023407,0.632851502791,
    -1.809798740359));
#2647 = CARTESIAN_POINT('',(-0.479690453686,0.620082026498,
    -1.808084831062));
#2648 = CARTESIAN_POINT('',(-0.496092626355,0.606794489884,
    -1.806370888479));
#2649 = CARTESIAN_POINT('',(-0.584165426863,0.530743405534,
    -1.796917836933));
#2650 = CARTESIAN_POINT('',(-0.647455841192,0.458236701664,
    -1.789176044226));
#2651 = CARTESIAN_POINT('',(-0.700148240757,0.377011256011,
    -1.781434478633));
#2652 = CARTESIAN_POINT('',(-0.740845743727,0.288950092912,
    -1.773692897638));
#2653 = CARTESIAN_POINT('',(-0.768563794076,0.196185091277,
    -1.765950243222));
#2654 = CARTESIAN_POINT('',(-0.782774781446,0.100999276301,
    -1.75820676911));
#2655 = CARTESIAN_POINT('',(-0.783690046687,-2.393960485705E-02,
    -1.748054184073));
#2656 = CARTESIAN_POINT('',(-0.782595777848,-5.362853414983E-02,
    -1.745642512542));
#2657 = CARTESIAN_POINT('',(-0.78018935017,-8.325725688017E-02,
    -1.743230907639));
#2658 = CARTESIAN_POINT('',(-0.776474863583,-0.112756303453,
    -1.740819367778));
#2659 = CARTESIAN_POINT('',(-0.771460987692,-0.14205677725,
    -1.738407886992));
#2660 = CARTESIAN_POINT('',(-0.765160961784,-0.171090354635,
    -1.735996454933));
#2661 = CARTESIAN_POINT('',(-0.754006074399,-0.213389220069,
    -1.732442336334));
#2662 = CARTESIAN_POINT('',(-0.750134719277,-0.226914060507,
    -1.731299623073));
#2663 = CARTESIAN_POINT('',(-0.74598041941,-0.240356637069,
    -1.730156915534));
#2664 = CARTESIAN_POINT('',(-0.741545285462,-0.253709853597,
    -1.72901421208));
#2665 = CARTESIAN_POINT('',(-0.736831648805,-0.266966686963,
    -1.727871510996));
#2666 = CARTESIAN_POINT('',(-0.731842061519,-0.280120187069,
    -1.726728810483));
#2667 = CARTESIAN_POINT('',(-0.679335908642,-0.41025196209,
    -1.715328173209));
#2668 = CARTESIAN_POINT('',(-0.61004119979,-0.518552495618,
    -1.705061991332));
#2669 = CARTESIAN_POINT('',(-0.520702503941,-0.612900495289,
    -1.694801317582));
#2670 = CARTESIAN_POINT('',(-0.414854666229,-0.688964942072,
    -1.684539989474));
#2671 = CARTESIAN_POINT('',(-0.296945223466,-0.743552166112,
    -1.674275277408));
#2672 = CARTESIAN_POINT('',(-0.172202879852,-0.774693556799,
    -1.664006312536));
#2673 = CARTESIAN_POINT('',(5.481611994933E-02,-0.788092375556,
    -1.645529079009));
#2674 = CARTESIAN_POINT('',(0.156724920956,-0.778844466527,
    -1.637309210063));
#2675 = CARTESIAN_POINT('',(0.256757330606,-0.754204805066,
    -1.629092890226));
#2676 = CARTESIAN_POINT('',(0.352132570885,-0.714669519508,
    -1.620878172163));
#2677 = CARTESIAN_POINT('',(0.440261552162,-0.661310443783,
    -1.612660013727));
#2678 = CARTESIAN_POINT('',(0.518826353382,-0.59574626986,
    -1.604437356827));
#2679 = CARTESIAN_POINT('',(0.60231254874,-0.501684888534,
    -1.594215963975));
#2680 = CARTESIAN_POINT('',(0.617976787712,-0.482677447781,
    -1.592215493657));
#2681 = CARTESIAN_POINT('',(0.632939898519,-0.463100968066,
    -1.590214984187));
#2682 = CARTESIAN_POINT('',(0.647177213641,-0.442986537592,
    -1.588214458728));
#2683 = CARTESIAN_POINT('',(0.660665846162,-0.422366498834,
    -1.586213941127));
#2684 = CARTESIAN_POINT('',(0.673384689771,-0.40127444853,
    -1.584213455912));
#2685 = CARTESIAN_POINT('',(0.712763976695,-0.330207874282,
    -1.577610169855));
#2686 = CARTESIAN_POINT('',(0.736036726707,-0.278353997195,
    -1.573007410198));
#2687 = CARTESIAN_POINT('',(0.754896961212,-0.22460896605,
    -1.568405428987));
#2688 = CARTESIAN_POINT('',(0.769164600035,-0.16942452214,
    -1.563804180221));
#2689 = CARTESIAN_POINT('',(0.778717480756,-0.113271747865,
    -1.55920320254));
#2690 = CARTESIAN_POINT('',(0.783493649054,-5.663402617396E-02,
    -1.554601929525));
#2691 = CARTESIAN_POINT('',(0.783493649054,3.508304757815E-14,-1.55));
#2692 = ORIENTED_EDGE('',*,*,#1973,.F.);
#2693 = B_SPLINE_SURFACE_WITH_KNOTS('',1,10,(
    (#2694,#2695,#2696,#2697,#2698,#2699,#2700,#2701,#2702,#2703,#2704)
    ,(#2705,#2706,#2707,#2708,#2709,#2710,#2711,#2712,#2713,#2714,#2715
    )),.UNSPECIFIED.,.F.,.F.,.F.,(2,2),(11,11),(0.,0.423205080757),(0.,
    6.295904828089),.PIECEWISE_BEZIER_KNOTS.);
#2694 = CARTESIAN_POINT('',(1.,2.416624731798E-17,-2.075));
#2695 = CARTESIAN_POINT('',(1.,0.628269000304,-2.035));
#2696 = CARTESIAN_POINT('',(0.56147983376,1.256965430322,-1.995));
#2697 = CARTESIAN_POINT('',(-0.316801657376,1.538099215721,
    -1.954999999999));
#2698 = CARTESIAN_POINT('',(-1.319185390797,1.143964827646,
    -1.915000000001));
#2699 = CARTESIAN_POINT('',(-1.850975966341,-4.849454171563E-13,
    -1.874999999999));
#2700 = CARTESIAN_POINT('',(-1.319185390796,-1.143964827645,
    -1.835000000001));
#2701 = CARTESIAN_POINT('',(-0.316801657376,-1.538099215721,
    -1.794999999999));
#2702 = CARTESIAN_POINT('',(0.56147983376,-1.256965430322,-1.755));
#2703 = CARTESIAN_POINT('',(1.,-0.628269000304,-1.715));
#2704 = CARTESIAN_POINT('',(1.,5.597940668843E-14,-1.675));
#2705 = CARTESIAN_POINT('',(0.633493649054,-1.471251485083E-16,
    -1.863397459622));
#2706 = CARTESIAN_POINT('',(0.633493649054,0.398035798793,
    -1.823397459621));
#2707 = CARTESIAN_POINT('',(0.355672008051,0.796391713315,
    -1.783397459622));
#2708 = CARTESIAN_POINT('',(-0.200619684773,0.973927813736,
    -1.743397459621));
#2709 = CARTESIAN_POINT('',(-0.835861240656,0.72520816784,
    -1.703397459623));
#2710 = CARTESIAN_POINT('',(-1.172355927983,-1.856292897173E-13,
    -1.66339745962));
#2711 = CARTESIAN_POINT('',(-0.835861240655,-0.725208167839,
    -1.623397459623));
#2712 = CARTESIAN_POINT('',(-0.200619684773,-0.973927813736,
    -1.583397459621));
#2713 = CARTESIAN_POINT('',(0.355672008051,-0.796391713315,
    -1.543397459622));
#2714 = CARTESIAN_POINT('',(0.633493649054,-0.398035798793,
    -1.503397459621));
#2715 = CARTESIAN_POINT('',(0.633493649054,3.183543925367E-15,
    -1.463397459622));
#2716 = ADVANCED_FACE('',(#2717),#2817,.T.);
#2717 = FACE_BOUND('',#2718,.T.);
#2718 = EDGE_LOOP('',(#2719,#2810,#2815,#2816));
#2719 = ORIENTED_EDGE('',*,*,#2720,.F.);
#2720 = EDGE_CURVE('',#2721,#2097,#2723,.T.);
#2721 = VERTEX_POINT('',#2722);
#2722 = CARTESIAN_POINT('',(0.783493649054,1.229969913273E-14,-1.85));
#2723 = B_SPLINE_CURVE_WITH_KNOTS('',7,(#2724,#2725,#2726,#2727,#2728,
    #2729,#2730,#2731,#2732,#2733,#2734,#2735,#2736,#2737,#2738,#2739,
    #2740,#2741,#2742,#2743,#2744,#2745,#2746,#2747,#2748,#2749,#2750,
    #2751,#2752,#2753,#2754,#2755,#2756,#2757,#2758,#2759,#2760,#2761,
    #2762,#2763,#2764,#2765,#2766,#2767,#2768,#2769,#2770,#2771,#2772,
    #2773,#2774,#2775,#2776,#2777,#2778,#2779,#2780,#2781,#2782,#2783,
    #2784,#2785,#2786,#2787,#2788,#2789,#2790,#2791,#2792,#2793,#2794,
    #2795,#2796,#2797,#2798,#2799,#2800,#2801,#2802,#2803,#2804,#2805,
    #2806,#2807,#2808,#2809),.UNSPECIFIED.,.F.,.F.,(8,6,6,6,6,6,6,6,6,6,
    6,6,6,6,8),(0.,2.163965220998E-02,8.055120960239E-02,0.170203213689,
    0.21320833233,0.238211076385,0.259213298774,0.442834991824,
    0.458836580005,0.500840240318,0.636791173707,0.705799451409,
    0.890458774457,0.921461711529,1.),.UNSPECIFIED.);
#2724 = CARTESIAN_POINT('',(0.783493649054,-1.110223024625E-15,-1.85));
#2725 = CARTESIAN_POINT('',(0.783493649054,1.521639609346E-02,
    -1.848763556343));
#2726 = CARTESIAN_POINT('',(0.783148873465,3.04329429183E-02,
    -1.847527165983));
#2727 = CARTESIAN_POINT('',(0.782459313531,4.564020476541E-02,
    -1.846290820832));
#2728 = CARTESIAN_POINT('',(0.78142528164,6.082877510928E-02,
    -1.84505451199));
#2729 = CARTESIAN_POINT('',(0.780047411322,7.598927660802E-02,
    -1.84381822975));
#2730 = CARTESIAN_POINT('',(0.778326657249,9.111236110336E-02,
    -1.842581963595));
#2731 = CARTESIAN_POINT('',(0.77064974298,0.14723239934,-1.837980117423)
  );
#2732 = CARTESIAN_POINT('',(0.762503315956,0.187930123433,
    -1.834614548332));
#2733 = CARTESIAN_POINT('',(0.75185077303,0.228093545311,-1.831248821037
    ));
#2734 = CARTESIAN_POINT('',(0.738735239846,0.267537733846,
    -1.827882809291));
#2735 = CARTESIAN_POINT('',(0.72321666656,0.306082625401,-1.824516460063
    ));
#2736 = CARTESIAN_POINT('',(0.705371285583,0.343554485859,
    -1.821149819117));
#2737 = CARTESIAN_POINT('',(0.654732861199,0.434926823364,
    -1.812659494736));
#2738 = CARTESIAN_POINT('',(0.618997027492,0.487200336868,
    -1.807535295078));
#2739 = CARTESIAN_POINT('',(0.57840869247,0.536020193482,-1.802411346325
    ));
#2740 = CARTESIAN_POINT('',(0.533373558311,0.580850280769,
    -1.797288003182));
#2741 = CARTESIAN_POINT('',(0.484368292044,0.621215849576,
    -1.792165314918));
#2742 = CARTESIAN_POINT('',(0.431930912495,0.656713270069,
    -1.787043253934));
#2743 = CARTESIAN_POINT('',(0.350134072607,0.701557503942,
    -1.779465306256));
#2744 = CARTESIAN_POINT('',(0.322962101569,0.714901246834,-1.7770087899)
  );
#2745 = CARTESIAN_POINT('',(0.295200307058,0.727015417319,
    -1.774552367219));
#2746 = CARTESIAN_POINT('',(0.26691550745,0.737869057869,-1.772096008251
    ));
#2747 = CARTESIAN_POINT('',(0.238176296568,0.747435852567,-1.76963968113
    ));
#2748 = CARTESIAN_POINT('',(0.209053043682,0.755694127098,
    -1.767183352075));
#2749 = CARTESIAN_POINT('',(0.162504592833,0.766657463494,
    -1.763298878483));
#2750 = CARTESIAN_POINT('',(0.14528576995,0.770240052399,-1.761870758775
    ));
#2751 = CARTESIAN_POINT('',(0.127975535896,0.773371295631,
    -1.760442619906));
#2752 = CARTESIAN_POINT('',(0.11058808751,0.776048434376,-1.759014456231
    ));
#2753 = CARTESIAN_POINT('',(9.313770743646E-02,0.778269270839,
    -1.757586262836));
#2754 = CARTESIAN_POINT('',(7.563876412626E-02,0.780032168248,
    -1.756158035529));
#2755 = CARTESIAN_POINT('',(4.337800584503E-02,0.78243130793,
    -1.753530033236));
#2756 = CARTESIAN_POINT('',(2.862621426831E-02,0.78320268837,
    -1.75233026915));
#2757 = CARTESIAN_POINT('',(1.385889790702E-02,0.783649556797,
    -1.751130476608));
#2758 = CARTESIAN_POINT('',(-9.15380208971E-04,0.783771560305,
    -1.749930654108));
#2759 = CARTESIAN_POINT('',(-1.56880548219E-02,0.783568628458,
    -1.748730800627));
#2760 = CARTESIAN_POINT('',(-3.045055844612E-02,0.783040973289,
    -1.747530915624));
#2761 = CARTESIAN_POINT('',(-0.174098523001,0.774741097514,
    -1.735840170422));
#2762 = CARTESIAN_POINT('',(-0.301682390006,0.742503144881,
    -1.725337891555));
#2763 = CARTESIAN_POINT('',(-0.422016921598,0.685737745954,
    -1.714840557398));
#2764 = CARTESIAN_POINT('',(-0.529511406399,0.606591576687,
    -1.704347078531));
#2765 = CARTESIAN_POINT('',(-0.61944727564,0.508536156726,-1.69385426736
    ));
#2766 = CARTESIAN_POINT('',(-0.688112794278,0.396276091739,
    -1.683354996944));
#2767 = CARTESIAN_POINT('',(-0.737452852985,0.264862595586,
    -1.671950651519));
#2768 = CARTESIAN_POINT('',(-0.741231401203,0.254262373037,
    -1.671036491123));
#2769 = CARTESIAN_POINT('',(-0.74483211854,0.243599445247,
    -1.670122329489));
#2770 = CARTESIAN_POINT('',(-0.748253762848,0.232877393426,
    -1.669208165712));
#2771 = CARTESIAN_POINT('',(-0.751495182726,0.222099827635,
    -1.668293998922));
#2772 = CARTESIAN_POINT('',(-0.754555317521,0.21127038678,
    -1.667379828291));
#2773 = CARTESIAN_POINT('',(-0.764987540344,0.171839257975,
    -1.664065972008));
#2774 = CARTESIAN_POINT('',(-0.771286101375,0.142953377083,
    -1.661666257553));
#2775 = CARTESIAN_POINT('',(-0.776311277253,0.113801845393,
    -1.659266495128));
#2776 = CARTESIAN_POINT('',(-0.78004994551,8.445198049661E-02,
    -1.656866674466));
#2777 = CARTESIAN_POINT('',(-0.78249346438,5.497166811844E-02,
    -1.654466789565));
#2778 = CARTESIAN_POINT('',(-0.7836376728,2.542936212074E-02,
    -1.652066838689));
#2779 = CARTESIAN_POINT('',(-0.782981914776,-9.970112149545E-02,
    -1.641898830227));
#2780 = CARTESIAN_POINT('',(-0.768872691209,-0.195250469747,
    -1.634128171904));
#2781 = CARTESIAN_POINT('',(-0.741156315924,-0.288381958069,
    -1.626358348154));
#2782 = CARTESIAN_POINT('',(-0.70036311888,-0.376787498699,
    -1.618589611155));
#2783 = CARTESIAN_POINT('',(-0.647486922644,-0.458311797594,
    -1.610820880185));
#2784 = CARTESIAN_POINT('',(-0.583939688875,-0.531051818965,
    -1.603051906848));
#2785 = CARTESIAN_POINT('',(-0.474769865977,-0.625148506158,
    -1.591343584871));
#2786 = CARTESIAN_POINT('',(-0.435723272223,-0.654174727698,
    -1.587401611298));
#2787 = CARTESIAN_POINT('',(-0.394618162013,-0.680345926625,
    -1.58345983622));
#2788 = CARTESIAN_POINT('',(-0.35170638873,-0.703488917175,
    -1.579518144303));
#2789 = CARTESIAN_POINT('',(-0.307257025267,-0.723458630007,
    -1.575576355375));
#2790 = CARTESIAN_POINT('',(-0.261553121016,-0.740139841376,
    -1.571634340007));
#2791 = CARTESIAN_POINT('',(-9.001844015459E-02,-0.78906263242,
    -1.557143184857));
#2792 = CARTESIAN_POINT('',(4.184754288177E-02,-0.800564146812,
    -1.546583005967));
#2793 = CARTESIAN_POINT('',(0.17492425367,-0.786217597274,
    -1.536027642418));
#2794 = CARTESIAN_POINT('',(0.303122248088,-0.74622794709,
    -1.525471107349));
#2795 = CARTESIAN_POINT('',(0.42075605917,-0.682363029204,
    -1.514916451209));
#2796 = CARTESIAN_POINT('',(0.522694208187,-0.597924549373,
    -1.504357951322));
#2797 = CARTESIAN_POINT('',(0.619013178438,-0.480791276321,
    -1.492038551982));
#2798 = CARTESIAN_POINT('',(0.632313072676,-0.463503059005,
    -1.490267576555));
#2799 = CARTESIAN_POINT('',(0.645048778908,-0.445786721905,
    -1.488496608294));
#2800 = CARTESIAN_POINT('',(0.657203845942,-0.427664391056,
    -1.486725632068));
#2801 = CARTESIAN_POINT('',(0.668762937461,-0.409158936731,
    -1.484954633637));
#2802 = CARTESIAN_POINT('',(0.679711832022,-0.390293973443,
    -1.483183599647));
#2803 = CARTESIAN_POINT('',(0.716194759233,-0.322455111646,
    -1.47692591852));
#2804 = CARTESIAN_POINT('',(0.738352937782,-0.271663844661,
    -1.472438936109));
#2805 = CARTESIAN_POINT('',(0.756298445026,-0.219117088437,
    -1.467951433547));
#2806 = CARTESIAN_POINT('',(0.769868298858,-0.165235137429,
    -1.463463517826));
#2807 = CARTESIAN_POINT('',(0.778952027633,-0.11045535894,
    -1.458975443628));
#2808 = CARTESIAN_POINT('',(0.783493649054,-5.522600095767E-02,
    -1.454487517161));
#2809 = CARTESIAN_POINT('',(0.783493649054,2.475797344914E-14,-1.45));
#2810 = ORIENTED_EDGE('',*,*,#2811,.T.);
#2811 = EDGE_CURVE('',#2721,#2533,#2812,.T.);
#2812 = B_SPLINE_CURVE_WITH_KNOTS('',1,(#2813,#2814),.UNSPECIFIED.,.F.,
  .F.,(2,2),(0.,0.423205080757),.PIECEWISE_BEZIER_KNOTS.);
#2813 = CARTESIAN_POINT('',(0.633493649054,3.183543925367E-15,
    -1.936602540378));
#2814 = CARTESIAN_POINT('',(1.,5.597940668843E-14,-1.725));
#2815 = ORIENTED_EDGE('',*,*,#2532,.T.);
#2816 = ORIENTED_EDGE('',*,*,#2187,.F.);
#2817 = B_SPLINE_SURFACE_WITH_KNOTS('',1,10,(
    (#2818,#2819,#2820,#2821,#2822,#2823,#2824,#2825,#2826,#2827,#2828)
    ,(#2829,#2830,#2831,#2832,#2833,#2834,#2835,#2836,#2837,#2838,#2839
    )),.UNSPECIFIED.,.F.,.F.,.F.,(2,2),(11,11),(0.,0.423205080757),(0.,
    6.295904828089),.PIECEWISE_BEZIER_KNOTS.);
#2818 = CARTESIAN_POINT('',(0.633493649054,-1.471251485083E-16,
    -1.936602540378));
#2819 = CARTESIAN_POINT('',(0.633493649054,0.398035798793,
    -1.896602540378));
#2820 = CARTESIAN_POINT('',(0.355672008051,0.796391713315,
    -1.856602540379));
#2821 = CARTESIAN_POINT('',(-0.200619684773,0.973927813736,
    -1.816602540377));
#2822 = CARTESIAN_POINT('',(-0.835861240656,0.72520816784,-1.77660254038
    ));
#2823 = CARTESIAN_POINT('',(-1.172355927983,-1.856292897173E-13,
    -1.736602540377));
#2824 = CARTESIAN_POINT('',(-0.835861240655,-0.725208167839,
    -1.69660254038));
#2825 = CARTESIAN_POINT('',(-0.200619684773,-0.973927813736,
    -1.656602540378));
#2826 = CARTESIAN_POINT('',(0.355672008051,-0.796391713315,
    -1.616602540379));
#2827 = CARTESIAN_POINT('',(0.633493649054,-0.398035798793,
    -1.576602540378));
#2828 = CARTESIAN_POINT('',(0.633493649054,3.183543925367E-15,
    -1.536602540378));
#2829 = CARTESIAN_POINT('',(1.,2.416624731798E-17,-1.725));
#2830 = CARTESIAN_POINT('',(1.,0.628269000304,-1.685));
#2831 = CARTESIAN_POINT('',(0.56147983376,1.256965430322,-1.645));
#2832 = CARTESIAN_POINT('',(-0.316801657376,1.538099215721,
    -1.604999999999));
#2833 = CARTESIAN_POINT('',(-1.319185390797,1.143964827646,
    -1.565000000001));
#2834 = CARTESIAN_POINT('',(-1.850975966341,-4.849454171563E-13,
    -1.524999999999));
#2835 = CARTESIAN_POINT('',(-1.319185390796,-1.143964827645,
    -1.485000000001));
#2836 = CARTESIAN_POINT('',(-0.316801657376,-1.538099215721,-1.445));
#2837 = CARTESIAN_POINT('',(0.56147983376,-1.256965430322,-1.405));
#2838 = CARTESIAN_POINT('',(1.,-0.628269000304,-1.365));
#2839 = CARTESIAN_POINT('',(1.,5.597940668843E-14,-1.325));
#2840 = ADVANCED_FACE('',(#2841),#2941,.T.);
#2841 = FACE_BOUND('',#2842,.T.);
#2842 = EDGE_LOOP('',(#2843,#2844,#2845,#2936));
#2843 = ORIENTED_EDGE('',*,*,#2361,.F.);
#2844 = ORIENTED_EDGE('',*,*,#2313,.T.);
#2845 = ORIENTED_EDGE('',*,*,#2846,.T.);
#2846 = EDGE_CURVE('',#2223,#2847,#2849,.T.);
#2847 = VERTEX_POINT('',#2848);
#2848 = CARTESIAN_POINT('',(0.783493649054,1.229969913273E-14,-2.75));
#2849 = B_SPLINE_CURVE_WITH_KNOTS('',7,(#2850,#2851,#2852,#2853,#2854,
    #2855,#2856,#2857,#2858,#2859,#2860,#2861,#2862,#2863,#2864,#2865,
    #2866,#2867,#2868,#2869,#2870,#2871,#2872,#2873,#2874,#2875,#2876,
    #2877,#2878,#2879,#2880,#2881,#2882,#2883,#2884,#2885,#2886,#2887,
    #2888,#2889,#2890,#2891,#2892,#2893,#2894,#2895,#2896,#2897,#2898,
    #2899,#2900,#2901,#2902,#2903,#2904,#2905,#2906,#2907,#2908,#2909,
    #2910,#2911,#2912,#2913,#2914,#2915,#2916,#2917,#2918,#2919,#2920,
    #2921,#2922,#2923,#2924,#2925,#2926,#2927,#2928,#2929,#2930,#2931,
    #2932,#2933,#2934,#2935),.UNSPECIFIED.,.F.,.F.,(8,6,6,6,6,6,6,6,6,6,
    6,6,6,6,8),(0.,2.163943796681E-02,7.855024278583E-02,0.118553722815,
    0.133555248554,0.165202248952,0.33336425292,0.363367868672,
    0.498842053878,0.54105033872,0.561052120297,0.740606469134,
    0.884457112273,0.91946021573,1.),.UNSPECIFIED.);
#2850 = CARTESIAN_POINT('',(0.783493649054,-6.661338147751E-16,-3.15));
#2851 = CARTESIAN_POINT('',(0.783493649054,1.521640262446E-02,
    -3.148763555812));
#2852 = CARTESIAN_POINT('',(0.783148873154,3.043295328268E-02,
    -3.147527094286));
#2853 = CARTESIAN_POINT('',(0.782459312855,4.564021646889E-02,
    -3.146290612697));
#2854 = CARTESIAN_POINT('',(0.781425280726,6.082878599819E-02,
    -3.145054111002));
#2855 = CARTESIAN_POINT('',(0.780047410406,7.598928500651E-02,
    -3.143817591842));
#2856 = CARTESIAN_POINT('',(0.778326656605,9.111236595061E-02,
    -3.142581060539));
#2857 = CARTESIAN_POINT('',(0.770840371741,0.145838858154,-3.13809248928
    ));
#2858 = CARTESIAN_POINT('',(0.763053589828,0.185166098446,-3.1348403869)
  );
#2859 = CARTESIAN_POINT('',(0.752927167115,0.224000685001,
    -3.131588401659));
#2860 = CARTESIAN_POINT('',(0.74049944151,0.262175810168,-3.128336628025
    ));
#2861 = CARTESIAN_POINT('',(0.725823423825,0.299528835784,
    -3.125085093382));
#2862 = CARTESIAN_POINT('',(0.708966350543,0.335902523828,
    -3.121833780174));
#2863 = CARTESIAN_POINT('',(0.676683989576,0.395919636275,
    -3.116297377292));
#2864 = CARTESIAN_POINT('',(0.662320971233,0.420134999258,
    -3.114012187052));
#2865 = CARTESIAN_POINT('',(0.646948427838,0.44373990235,-3.111727048281
    ));
#2866 = CARTESIAN_POINT('',(0.630597636608,0.466684041571,
    -3.109441931231));
#2867 = CARTESIAN_POINT('',(0.61330290568,0.488919262638,-3.107156805464
    ));
#2868 = CARTESIAN_POINT('',(0.595101574107,0.510399560963,
    -3.104871639857));
#2869 = CARTESIAN_POINT('',(0.568883570807,0.538836766026,
    -3.101729426017));
#2870 = CARTESIAN_POINT('',(0.561611296987,0.546480139427,
    -3.100872439508));
#2871 = CARTESIAN_POINT('',(0.554219309228,0.554008903025,
    -3.100015441655));
#2872 = CARTESIAN_POINT('',(0.546709778167,0.56142081029,-3.099158431189
    ));
#2873 = CARTESIAN_POINT('',(0.539084926249,0.568713667003,
    -3.098301406992));
#2874 = CARTESIAN_POINT('',(0.531347027724,0.57588533125,-3.097444368097
    ));
#2875 = CARTESIAN_POINT('',(0.506941076071,0.597802877891,
    -3.094779284165));
#2876 = CARTESIAN_POINT('',(0.48989095194,0.612123430609,-3.092971185147
    ));
#2877 = CARTESIAN_POINT('',(0.472369948066,0.625875698949,
    -3.091163009246));
#2878 = CARTESIAN_POINT('',(0.454400838991,0.639041186144,
    -3.089354752572));
#2879 = CARTESIAN_POINT('',(0.43600726199,0.651602571296,-3.087546414726
    ));
#2880 = CARTESIAN_POINT('',(0.417213717073,0.663543709366,
    -3.085737998805));
#2881 = CARTESIAN_POINT('',(0.296192168859,0.734925671437,
    -3.074319789712));
#2882 = CARTESIAN_POINT('',(0.183698515533,0.777103955716,
    -3.064702216421));
#2883 = CARTESIAN_POINT('',(6.44448404603E-02,0.799040830933,
    -3.055088142721));
#2884 = CARTESIAN_POINT('',(-5.714947947197E-02,0.799595591478,
    -3.045478820625));
#2885 = CARTESIAN_POINT('',(-0.17659788644,0.778748151097,
    -3.035871110933));
#2886 = CARTESIAN_POINT('',(-0.28947157007,0.737598704352,
    -3.026259787546));
#2887 = CARTESIAN_POINT('',(-0.41013932204,0.667902074049,
    -3.014940330061));
#2888 = CARTESIAN_POINT('',(-0.428077761441,0.656775515949,
    -3.013226482784));
#2889 = CARTESIAN_POINT('',(-0.445663007202,0.645087489466,
    -3.011512622113));
#2890 = CARTESIAN_POINT('',(-0.462874022559,0.632851503412,
    -3.009798740445));
#2891 = CARTESIAN_POINT('',(-0.479690452855,0.620082027141,
    -3.008084831148));
#2892 = CARTESIAN_POINT('',(-0.496092625541,0.606794490549,
    -3.006370888564));
#2893 = CARTESIAN_POINT('',(-0.584165428302,0.53074340446,
    -2.996917836787));
#2894 = CARTESIAN_POINT('',(-0.647455844355,0.458236698205,
    -2.98917604385));
#2895 = CARTESIAN_POINT('',(-0.700148244969,0.377011249677,
    -2.981434478025));
#2896 = CARTESIAN_POINT('',(-0.740845748197,0.288950083394,-2.9736928968
    ));
#2897 = CARTESIAN_POINT('',(-0.768563797948,0.196185078468,
    -2.965950242152));
#2898 = CARTESIAN_POINT('',(-0.782774783855,0.10099926031,
    -2.958206767809));
#2899 = CARTESIAN_POINT('',(-0.783690046187,-2.393963405041E-02,
    -2.948054181701));
#2900 = CARTESIAN_POINT('',(-0.782595775795,-5.362857366306E-02,
    -2.94564250933));
#2901 = CARTESIAN_POINT('',(-0.780189345652,-8.325730661526E-02,
    -2.943230903587));
#2902 = CARTESIAN_POINT('',(-0.776474855694,-0.112756363239,
    -2.940819362886));
#2903 = CARTESIAN_POINT('',(-0.771460975542,-0.142056846846,
    -2.93840788126));
#2904 = CARTESIAN_POINT('',(-0.7651609445,-0.171090433728,
    -2.935996448361));
#2905 = CARTESIAN_POINT('',(-0.754006049553,-0.213389307862,
    -2.932442328922));
#2906 = CARTESIAN_POINT('',(-0.750134692856,-0.226914147849,
    -2.931299615661));
#2907 = CARTESIAN_POINT('',(-0.745980391424,-0.240356723928,
    -2.930156908122));
#2908 = CARTESIAN_POINT('',(-0.741545255921,-0.25370993994,
    -2.929014204668));
#2909 = CARTESIAN_POINT('',(-0.736831617721,-0.266966772757,
    -2.927871503584));
#2910 = CARTESIAN_POINT('',(-0.731842028903,-0.280120272283,
    -2.926728803072));
#2911 = CARTESIAN_POINT('',(-0.679335838755,-0.41025209601,
    -2.915328160994));
#2912 = CARTESIAN_POINT('',(-0.610041074476,-0.518552668183,
    -2.905061974296));
#2913 = CARTESIAN_POINT('',(-0.520702306927,-0.612900688606,
    -2.894801295738));
#2914 = CARTESIAN_POINT('',(-0.414854387563,-0.688965132941,
    -2.884539962822));
#2915 = CARTESIAN_POINT('',(-0.296944860695,-0.743552328525,
    -2.874275245948));
#2916 = CARTESIAN_POINT('',(-0.172202439055,-0.774693664413,
    -2.864006276261));
#2917 = CARTESIAN_POINT('',(5.481666908441E-02,-0.788092342593,
    -2.845529034634));
#2918 = CARTESIAN_POINT('',(0.156725505618,-0.778844357963,
    -2.837309162378));
#2919 = CARTESIAN_POINT('',(0.256757938201,-0.75420460961,
    -2.829092839233));
#2920 = CARTESIAN_POINT('',(0.352133185792,-0.714669228552,
    -2.820878117857));
#2921 = CARTESIAN_POINT('',(0.440262156456,-0.661310052179,
    -2.812659956093));
#2922 = CARTESIAN_POINT('',(0.518826927773,-0.595745776552,
    -2.804437295862));
#2923 = CARTESIAN_POINT('',(0.602313055224,-0.501684280458,
    -2.794215899687));
#2924 = CARTESIAN_POINT('',(0.617977275005,-0.482676823894,
    -2.792215429369));
#2925 = CARTESIAN_POINT('',(0.632940366047,-0.463100329075,
    -2.790214919899));
#2926 = CARTESIAN_POINT('',(0.64717766086,-0.44298588423,-2.78821439444)
  );
#2927 = CARTESIAN_POINT('',(0.660666272563,-0.422365831856,
    -2.786213876839));
#2928 = CARTESIAN_POINT('',(0.673385094878,-0.401273768714,
    -2.784213391625));
#2929 = CARTESIAN_POINT('',(0.71276425529,-0.330207253545,
    -2.777610114756));
#2930 = CARTESIAN_POINT('',(0.736036914854,-0.278353461044,
    -2.77300736429));
#2931 = CARTESIAN_POINT('',(0.75489707508,-0.224608525633,
    -2.768405392265));
#2932 = CARTESIAN_POINT('',(0.769164657215,-0.169424186027,
    -2.763804152681));
#2933 = CARTESIAN_POINT('',(0.778717499814,-0.113271521859,
    -2.75920318418));
#2934 = CARTESIAN_POINT('',(0.783493649054,-5.663391318722E-02,
    -2.754601920344));
#2935 = CARTESIAN_POINT('',(0.783493649054,3.508304757815E-14,-2.75));
#2936 = ORIENTED_EDGE('',*,*,#2937,.F.);
#2937 = EDGE_CURVE('',#2362,#2847,#2938,.T.);
#2938 = B_SPLINE_CURVE_WITH_KNOTS('',1,(#2939,#2940),.UNSPECIFIED.,.F.,
  .F.,(2,2),(0.,0.423205080757),.PIECEWISE_BEZIER_KNOTS.);
#2939 = CARTESIAN_POINT('',(1.,5.597940668843E-14,-2.875));
#2940 = CARTESIAN_POINT('',(0.633493649054,3.183543925367E-15,
    -2.663397459622));
#2941 = B_SPLINE_SURFACE_WITH_KNOTS('',1,10,(
    (#2942,#2943,#2944,#2945,#2946,#2947,#2948,#2949,#2950,#2951,#2952)
    ,(#2953,#2954,#2955,#2956,#2957,#2958,#2959,#2960,#2961,#2962,#2963
    )),.UNSPECIFIED.,.F.,.F.,.F.,(2,2),(11,11),(0.,0.423205080757),(0.,
    6.295904828089),.PIECEWISE_BEZIER_KNOTS.);
#2942 = CARTESIAN_POINT('',(1.,2.416624731798E-17,-3.275));
#2943 = CARTESIAN_POINT('',(1.,0.628269000304,-3.235));
#2944 = CARTESIAN_POINT('',(0.56147983376,1.256965430322,-3.195));
#2945 = CARTESIAN_POINT('',(-0.316801657376,1.538099215721,
    -3.154999999999));
#2946 = CARTESIAN_POINT('',(-1.319185390797,1.143964827646,
    -3.115000000001));
#2947 = CARTESIAN_POINT('',(-1.850975966341,-4.849454171563E-13,
    -3.074999999999));
#2948 = CARTESIAN_POINT('',(-1.319185390796,-1.143964827645,
    -3.035000000001));
#2949 = CARTESIAN_POINT('',(-0.316801657376,-1.538099215721,
    -2.994999999999));
#2950 = CARTESIAN_POINT('',(0.56147983376,-1.256965430322,-2.955));
#2951 = CARTESIAN_POINT('',(1.,-0.628269000304,-2.915));
#2952 = CARTESIAN_POINT('',(1.,5.597940668843E-14,-2.875));
#2953 = CARTESIAN_POINT('',(0.633493649054,-1.471251485083E-16,
    -3.063397459622));
#2954 = CARTESIAN_POINT('',(0.633493649054,0.398035798793,
    -3.023397459621));
#2955 = CARTESIAN_POINT('',(0.355672008051,0.796391713315,
    -2.983397459622));
#2956 = CARTESIAN_POINT('',(-0.200619684773,0.973927813736,
    -2.943397459621));
#2957 = CARTESIAN_POINT('',(-0.835861240656,0.72520816784,
    -2.903397459623));
#2958 = CARTESIAN_POINT('',(-1.172355927983,-1.856292897173E-13,
    -2.86339745962));
#2959 = CARTESIAN_POINT('',(-0.835861240655,-0.725208167839,
    -2.823397459623));
#2960 = CARTESIAN_POINT('',(-0.200619684773,-0.973927813736,
    -2.783397459621));
#2961 = CARTESIAN_POINT('',(0.355672008051,-0.796391713315,
    -2.743397459622));
#2962 = CARTESIAN_POINT('',(0.633493649054,-0.398035798793,
    -2.703397459621));
#2963 = CARTESIAN_POINT('',(0.633493649054,3.183543925367E-15,
    -2.663397459622));
#2964 = ADVANCED_FACE('',(#2965),#3005,.T.);
#2965 = FACE_BOUND('',#2966,.T.);
#2966 = EDGE_LOOP('',(#2967,#2983,#2984,#3000));
#2967 = ORIENTED_EDGE('',*,*,#2968,.F.);
#2968 = EDGE_CURVE('',#2345,#2969,#2971,.T.);
#2969 = VERTEX_POINT('',#2970);
#2970 = CARTESIAN_POINT('',(1.,2.800178646787E-14,-2.525));
#2971 = B_SPLINE_CURVE_WITH_KNOTS('',10,(#2972,#2973,#2974,#2975,#2976,
    #2977,#2978,#2979,#2980,#2981,#2982),.UNSPECIFIED.,.F.,.F.,(11,11),(
    0.,6.295904828089),.PIECEWISE_BEZIER_KNOTS.);
#2972 = CARTESIAN_POINT('',(1.,2.416624731798E-17,-2.925));
#2973 = CARTESIAN_POINT('',(1.,0.628269000304,-2.885));
#2974 = CARTESIAN_POINT('',(0.56147983376,1.256965430322,-2.845));
#2975 = CARTESIAN_POINT('',(-0.316801657376,1.538099215721,
    -2.804999999999));
#2976 = CARTESIAN_POINT('',(-1.319185390797,1.143964827646,
    -2.765000000001));
#2977 = CARTESIAN_POINT('',(-1.850975966341,-4.849454171563E-13,
    -2.724999999999));
#2978 = CARTESIAN_POINT('',(-1.319185390796,-1.143964827645,
    -2.685000000001));
#2979 = CARTESIAN_POINT('',(-0.316801657376,-1.538099215721,-2.645));
#2980 = CARTESIAN_POINT('',(0.56147983376,-1.256965430322,-2.605));
#2981 = CARTESIAN_POINT('',(1.,-0.628269000304,-2.565));
#2982 = CARTESIAN_POINT('',(1.,5.597940668843E-14,-2.525));
#2983 = ORIENTED_EDGE('',*,*,#2377,.T.);
#2984 = ORIENTED_EDGE('',*,*,#2985,.T.);
#2985 = EDGE_CURVE('',#2362,#2986,#2988,.T.);
#2986 = VERTEX_POINT('',#2987);
#2987 = CARTESIAN_POINT('',(1.,2.800178646787E-14,-2.475));
#2988 = B_SPLINE_CURVE_WITH_KNOTS('',10,(#2989,#2990,#2991,#2992,#2993,
    #2994,#2995,#2996,#2997,#2998,#2999),.UNSPECIFIED.,.F.,.F.,(11,11),(
    0.,6.295904828089),.PIECEWISE_BEZIER_KNOTS.);
#2989 = CARTESIAN_POINT('',(1.,2.416624731798E-17,-2.875));
#2990 = CARTESIAN_POINT('',(1.,0.628269000304,-2.835));
#2991 = CARTESIAN_POINT('',(0.56147983376,1.256965430322,-2.795));
#2992 = CARTESIAN_POINT('',(-0.316801657376,1.538099215721,
    -2.754999999999));
#2993 = CARTESIAN_POINT('',(-1.319185390797,1.143964827646,
    -2.715000000001));
#2994 = CARTESIAN_POINT('',(-1.850975966341,-4.849454171563E-13,
    -2.674999999999));
#2995 = CARTESIAN_POINT('',(-1.319185390796,-1.143964827645,
    -2.635000000001));
#2996 = CARTESIAN_POINT('',(-0.316801657376,-1.538099215721,
    -2.594999999999));
#2997 = CARTESIAN_POINT('',(0.56147983376,-1.256965430322,-2.555));
#2998 = CARTESIAN_POINT('',(1.,-0.628269000304,-2.515));
#2999 = CARTESIAN_POINT('',(1.,5.597940668843E-14,-2.475));
#3000 = ORIENTED_EDGE('',*,*,#3001,.F.);
#3001 = EDGE_CURVE('',#2969,#2986,#3002,.T.);
#3002 = B_SPLINE_CURVE_WITH_KNOTS('',1,(#3003,#3004),.UNSPECIFIED.,.F.,
  .F.,(2,2),(0.,5.E-02),.PIECEWISE_BEZIER_KNOTS.);
#3003 = CARTESIAN_POINT('',(1.,5.597940668843E-14,-2.525));
#3004 = CARTESIAN_POINT('',(1.,5.597940668843E-14,-2.475));
#3005 = B_SPLINE_SURFACE_WITH_KNOTS('',1,10,(
    (#3006,#3007,#3008,#3009,#3010,#3011,#3012,#3013,#3014,#3015,#3016)
    ,(#3017,#3018,#3019,#3020,#3021,#3022,#3023,#3024,#3025,#3026,#3027
    )),.UNSPECIFIED.,.F.,.F.,.F.,(2,2),(11,11),(0.,5.E-02),(0.,
    6.295904828089),.PIECEWISE_BEZIER_KNOTS.);
#3006 = CARTESIAN_POINT('',(1.,2.416624731798E-17,-2.925));
#3007 = CARTESIAN_POINT('',(1.,0.628269000304,-2.885));
#3008 = CARTESIAN_POINT('',(0.56147983376,1.256965430322,-2.845));
#3009 = CARTESIAN_POINT('',(-0.316801657376,1.538099215721,
    -2.804999999999));
#3010 = CARTESIAN_POINT('',(-1.319185390797,1.143964827646,
    -2.765000000001));
#3011 = CARTESIAN_POINT('',(-1.850975966341,-4.849454171563E-13,
    -2.724999999999));
#3012 = CARTESIAN_POINT('',(-1.319185390796,-1.143964827645,
    -2.685000000001));
#3013 = CARTESIAN_POINT('',(-0.316801657376,-1.538099215721,-2.645));
#3014 = CARTESIAN_POINT('',(0.56147983376,-1.256965430322,-2.605));
#3015 = CARTESIAN_POINT('',(1.,-0.628269000304,-2.565));
#3016 = CARTESIAN_POINT('',(1.,5.597940668843E-14,-2.525));
#3017 = CARTESIAN_POINT('',(1.,2.416624731798E-17,-2.875));
#3018 = CARTESIAN_POINT('',(1.,0.628269000304,-2.835));
#3019 = CARTESIAN_POINT('',(0.56147983376,1.256965430322,-2.795));
#3020 = CARTESIAN_POINT('',(-0.316801657376,1.538099215721,
    -2.754999999999));
#3021 = CARTESIAN_POINT('',(-1.319185390797,1.143964827646,
    -2.715000000001));
#3022 = CARTESIAN_POINT('',(-1.850975966341,-4.849454171563E-13,
    -2.674999999999));
#3023 = CARTESIAN_POINT('',(-1.319185390796,-1.143964827645,
    -2.635000000001));
#3024 = CARTESIAN_POINT('',(-0.316801657376,-1.538099215721,
    -2.594999999999));
#3025 = CARTESIAN_POINT('',(0.56147983376,-1.256965430322,-2.555));
#3026 = CARTESIAN_POINT('',(1.,-0.628269000304,-2.515));
#3027 = CARTESIAN_POINT('',(1.,5.597940668843E-14,-2.475));
#3028 = ADVANCED_FACE('',(#3029),#3129,.T.);
#3029 = FACE_BOUND('',#3030,.T.);
#3030 = EDGE_LOOP('',(#3031,#3122,#3123,#3124));
#3031 = ORIENTED_EDGE('',*,*,#3032,.F.);
#3032 = EDGE_CURVE('',#2409,#3033,#3035,.T.);
#3033 = VERTEX_POINT('',#3034);
#3034 = CARTESIAN_POINT('',(0.783493649054,1.229969913273E-14,-2.65));
#3035 = B_SPLINE_CURVE_WITH_KNOTS('',7,(#3036,#3037,#3038,#3039,#3040,
    #3041,#3042,#3043,#3044,#3045,#3046,#3047,#3048,#3049,#3050,#3051,
    #3052,#3053,#3054,#3055,#3056,#3057,#3058,#3059,#3060,#3061,#3062,
    #3063,#3064,#3065,#3066,#3067,#3068,#3069,#3070,#3071,#3072,#3073,
    #3074,#3075,#3076,#3077,#3078,#3079,#3080,#3081,#3082,#3083,#3084,
    #3085,#3086,#3087,#3088,#3089,#3090,#3091,#3092,#3093,#3094,#3095,
    #3096,#3097,#3098,#3099,#3100,#3101,#3102,#3103,#3104,#3105,#3106,
    #3107,#3108,#3109,#3110,#3111,#3112,#3113,#3114,#3115,#3116,#3117,
    #3118,#3119,#3120,#3121),.UNSPECIFIED.,.F.,.F.,(8,6,6,6,6,6,6,6,6,6,
    6,6,6,6,8),(0.,2.163965220464E-02,8.055120953268E-02,0.170203213697,
    0.213208332327,0.238211076376,0.25921329876,0.442834986739,
    0.458836574916,0.500840235218,0.636791116335,0.705799394022,
    0.890458570363,0.921461507432,1.),.UNSPECIFIED.);
#3036 = CARTESIAN_POINT('',(0.783493649054,-1.110223024625E-15,-3.05));
#3037 = CARTESIAN_POINT('',(0.783493649054,1.521639609347E-02,
    -3.048763556343));
#3038 = CARTESIAN_POINT('',(0.783148873465,3.043294291832E-02,
    -3.047527165983));
#3039 = CARTESIAN_POINT('',(0.782459313531,4.564020476543E-02,
    -3.046290820832));
#3040 = CARTESIAN_POINT('',(0.78142528164,6.082877510931E-02,
    -3.04505451199));
#3041 = CARTESIAN_POINT('',(0.780047411322,7.598927660806E-02,
    -3.04381822975));
#3042 = CARTESIAN_POINT('',(0.778326657249,9.111236110341E-02,
    -3.042581963595));
#3043 = CARTESIAN_POINT('',(0.770649742985,0.147232399305,
    -3.037980117426));
#3044 = CARTESIAN_POINT('',(0.76250331597,0.187930123364,-3.034614548338
    ));
#3045 = CARTESIAN_POINT('',(0.751850773057,0.228093545209,
    -3.031248821046));
#3046 = CARTESIAN_POINT('',(0.73873523989,0.267537733713,-3.027882809302
    ));
#3047 = CARTESIAN_POINT('',(0.723216666626,0.306082625238,
    -3.024516460077));
#3048 = CARTESIAN_POINT('',(0.705371285673,0.343554485669,
    -3.021149819134));
#3049 = CARTESIAN_POINT('',(0.654732861301,0.434926823221,
    -3.012659494751));
#3050 = CARTESIAN_POINT('',(0.618997027565,0.48720033679,-3.007535295087
    ));
#3051 = CARTESIAN_POINT('',(0.578408692502,0.536020193464,
    -3.002411346328));
#3052 = CARTESIAN_POINT('',(0.533373558292,0.580850280802,
    -2.997288003179));
#3053 = CARTESIAN_POINT('',(0.484368291965,0.621215849649,
    -2.992165314909));
#3054 = CARTESIAN_POINT('',(0.431930912351,0.65671327017,-2.98704325392)
  );
#3055 = CARTESIAN_POINT('',(0.350134072387,0.701557504052,
    -2.979465306236));
#3056 = CARTESIAN_POINT('',(0.322962101345,0.714901246936,-2.97700878988
    ));
#3057 = CARTESIAN_POINT('',(0.29520030683,0.727015417411,-2.974552367199
    ));
#3058 = CARTESIAN_POINT('',(0.266915507218,0.737869057953,
    -2.972096008231));
#3059 = CARTESIAN_POINT('',(0.238176296334,0.747435852642,-2.96963968111
    ));
#3060 = CARTESIAN_POINT('',(0.209053043446,0.755694127163,
    -2.967183352055));
#3061 = CARTESIAN_POINT('',(0.162504592593,0.766657463545,
    -2.963298878463));
#3062 = CARTESIAN_POINT('',(0.145285769709,0.770240052445,
    -2.961870758755));
#3063 = CARTESIAN_POINT('',(0.127975535654,0.773371295671,
    -2.960442619886));
#3064 = CARTESIAN_POINT('',(0.110588087267,0.776048434411,
    -2.959014456211));
#3065 = CARTESIAN_POINT('',(9.313770719263E-02,0.778269270868,
    -2.957586262816));
#3066 = CARTESIAN_POINT('',(7.563876388188E-02,0.780032168272,
    -2.95615803551));
#3067 = CARTESIAN_POINT('',(4.337800559989E-02,0.782431307943,
    -2.953530033216));
#3068 = CARTESIAN_POINT('',(2.862621402294E-02,0.783202688379,
    -2.95233026913));
#3069 = CARTESIAN_POINT('',(1.38588976615E-02,0.783649556801,
    -2.951130476588));
#3070 = CARTESIAN_POINT('',(-9.153804545255E-04,0.783771560304,
    -2.949930654088));
#3071 = CARTESIAN_POINT('',(-1.568805506739E-02,0.783568628453,
    -2.948730800608));
#3072 = CARTESIAN_POINT('',(-3.045055869144E-02,0.78304097328,
    -2.947530915604));
#3073 = CARTESIAN_POINT('',(-0.174098519716,0.774741097663,
    -2.93584017069));
#3074 = CARTESIAN_POINT('',(-0.301682383245,0.742503146552,
    -2.925337892111));
#3075 = CARTESIAN_POINT('',(-0.422016911917,0.68573775049,
    -2.914840558241));
#3076 = CARTESIAN_POINT('',(-0.529511394808,0.606591585198,
    -2.904347079661));
#3077 = CARTESIAN_POINT('',(-0.619447263484,0.508536169962,
    -2.893854268777));
#3078 = CARTESIAN_POINT('',(-0.688112783116,0.39627610997,-2.88335499865
    ));
#3079 = CARTESIAN_POINT('',(-0.737452844694,0.264862618669,
    -2.871950653511));
#3080 = CARTESIAN_POINT('',(-0.741231393244,0.254262396239,
    -2.871036493115));
#3081 = CARTESIAN_POINT('',(-0.744832110915,0.243599468561,
    -2.870122331482));
#3082 = CARTESIAN_POINT('',(-0.748253755559,0.232877416848,
    -2.869208167704));
#3083 = CARTESIAN_POINT('',(-0.751495175774,0.222099851157,
    -2.868294000915));
#3084 = CARTESIAN_POINT('',(-0.754555310908,0.211270410398,
    -2.867379830283));
#3085 = CARTESIAN_POINT('',(-0.764987534965,0.17183928192,-2.864065974)
  );
#3086 = CARTESIAN_POINT('',(-0.771286096901,0.142953401224,
    -2.861666259546));
#3087 = CARTESIAN_POINT('',(-0.776311273691,0.113801869692,
    -2.859266497121));
#3088 = CARTESIAN_POINT('',(-0.780049942867,8.445200491267E-02,
    -2.856866676459));
#3089 = CARTESIAN_POINT('',(-0.782493462659,5.497169261093E-02,
    -2.854466791558));
#3090 = CARTESIAN_POINT('',(-0.783637672004,2.5429386649E-02,
    -2.852066840682));
#3091 = CARTESIAN_POINT('',(-0.782981918089,-9.970106025564E-02,
    -2.841898835205));
#3092 = CARTESIAN_POINT('',(-0.768872708164,-0.195250372221,
    -2.834128179871));
#3093 = CARTESIAN_POINT('',(-0.741156356915,-0.288381827465,
    -2.826358359107));
#3094 = CARTESIAN_POINT('',(-0.700363193401,-0.37678734085,
    -2.818589625093));
#3095 = CARTESIAN_POINT('',(-0.647487038606,-0.458311620662,
    -2.810820897107));
#3096 = CARTESIAN_POINT('',(-0.583939852031,-0.531051632947,
    -2.803051926756));
#3097 = CARTESIAN_POINT('',(-0.474770090797,-0.625148335418,
    -2.79134360776));
#3098 = CARTESIAN_POINT('',(-0.435723507481,-0.654174571001,
    -2.787401634186));
#3099 = CARTESIAN_POINT('',(-0.394618406682,-0.680345784711,
    -2.783459859107));
#3100 = CARTESIAN_POINT('',(-0.35170664172,-0.703488790693,
    -2.779518167191));
#3101 = CARTESIAN_POINT('',(-0.307257285438,-0.723458519512,
    -2.775576378263));
#3102 = CARTESIAN_POINT('',(-0.261553387184,-0.740139747317,
    -2.771634362896));
#3103 = CARTESIAN_POINT('',(-9.001882308949E-02,-0.789062571763,
    -2.757143216128));
#3104 = CARTESIAN_POINT('',(4.184704523263E-02,-0.800564143507,
    -2.746583045666));
#3105 = CARTESIAN_POINT('',(0.174923653311,-0.786217694428,
    -2.736027690514));
#3106 = CARTESIAN_POINT('',(0.303121571903,-0.746228183383,
    -2.725471163839));
#3107 = CARTESIAN_POINT('',(0.420755346242,-0.682363434418,
    -2.71491651606));
#3108 = CARTESIAN_POINT('',(0.522693506939,-0.597925139993,
    -2.704358024568));
#3109 = CARTESIAN_POINT('',(0.619012561892,-0.480792070115,-2.6920386336
    ));
#3110 = CARTESIAN_POINT('',(0.632312478301,-0.463503869852,
    -2.690267658173));
#3111 = CARTESIAN_POINT('',(0.645048207254,-0.445787549082,
    -2.688496689912));
#3112 = CARTESIAN_POINT('',(0.657203297528,-0.427665233818,
    -2.686725713686));
#3113 = CARTESIAN_POINT('',(0.668762412779,-0.409159794313,
    -2.684954715256));
#3114 = CARTESIAN_POINT('',(0.679711331532,-0.390294845064,
    -2.683183681268));
#3115 = CARTESIAN_POINT('',(0.716194413714,-0.322455903646,
    -2.676925988487));
#3116 = CARTESIAN_POINT('',(0.738352704589,-0.271664527477,
    -2.672438994421));
#3117 = CARTESIAN_POINT('',(0.756298303957,-0.21911764858,
    -2.667951480202));
#3118 = CARTESIAN_POINT('',(0.769868228033,-0.165235564541,
    -2.663463552819));
#3119 = CARTESIAN_POINT('',(0.778952004027,-0.110455646012,
    -2.658975466956));
#3120 = CARTESIAN_POINT('',(0.783493649054,-5.522614447507E-02,
    -2.654487528823));
#3121 = CARTESIAN_POINT('',(0.783493649054,2.475797344914E-14,-2.65));
#3122 = ORIENTED_EDGE('',*,*,#2501,.T.);
#3123 = ORIENTED_EDGE('',*,*,#2968,.T.);
#3124 = ORIENTED_EDGE('',*,*,#3125,.F.);
#3125 = EDGE_CURVE('',#3033,#2969,#3126,.T.);
#3126 = B_SPLINE_CURVE_WITH_KNOTS('',1,(#3127,#3128),.UNSPECIFIED.,.F.,
  .F.,(2,2),(0.,0.423205080757),.PIECEWISE_BEZIER_KNOTS.);
#3127 = CARTESIAN_POINT('',(0.633493649054,3.183543925367E-15,
    -2.736602540378));
#3128 = CARTESIAN_POINT('',(1.,5.597940668843E-14,-2.525));
#3129 = B_SPLINE_SURFACE_WITH_KNOTS('',1,10,(
    (#3130,#3131,#3132,#3133,#3134,#3135,#3136,#3137,#3138,#3139,#3140)
    ,(#3141,#3142,#3143,#3144,#3145,#3146,#3147,#3148,#3149,#3150,#3151
    )),.UNSPECIFIED.,.F.,.F.,.F.,(2,2),(11,11),(0.,0.423205080757),(0.,
    6.295904828089),.PIECEWISE_BEZIER_KNOTS.);
#3130 = CARTESIAN_POINT('',(0.633493649054,-1.471251485083E-16,
    -3.136602540378));
#3131 = CARTESIAN_POINT('',(0.633493649054,0.398035798793,
    -3.096602540378));
#3132 = CARTESIAN_POINT('',(0.355672008051,0.796391713315,
    -3.056602540379));
#3133 = CARTESIAN_POINT('',(-0.200619684773,0.973927813736,
    -3.016602540377));
#3134 = CARTESIAN_POINT('',(-0.835861240656,0.72520816784,-2.97660254038
    ));
#3135 = CARTESIAN_POINT('',(-1.172355927983,-1.856292897173E-13,
    -2.936602540377));
#3136 = CARTESIAN_POINT('',(-0.835861240655,-0.725208167839,
    -2.89660254038));
#3137 = CARTESIAN_POINT('',(-0.200619684773,-0.973927813736,
    -2.856602540378));
#3138 = CARTESIAN_POINT('',(0.355672008051,-0.796391713315,
    -2.816602540379));
#3139 = CARTESIAN_POINT('',(0.633493649054,-0.398035798793,
    -2.776602540378));
#3140 = CARTESIAN_POINT('',(0.633493649054,3.183543925367E-15,
    -2.736602540378));
#3141 = CARTESIAN_POINT('',(1.,2.416624731798E-17,-2.925));
#3142 = CARTESIAN_POINT('',(1.,0.628269000304,-2.885));
#3143 = CARTESIAN_POINT('',(0.56147983376,1.256965430322,-2.845));
#3144 = CARTESIAN_POINT('',(-0.316801657376,1.538099215721,
    -2.804999999999));
#3145 = CARTESIAN_POINT('',(-1.319185390797,1.143964827646,
    -2.765000000001));
#3146 = CARTESIAN_POINT('',(-1.850975966341,-4.849454171563E-13,
    -2.724999999999));
#3147 = CARTESIAN_POINT('',(-1.319185390796,-1.143964827645,
    -2.685000000001));
#3148 = CARTESIAN_POINT('',(-0.316801657376,-1.538099215721,-2.645));
#3149 = CARTESIAN_POINT('',(0.56147983376,-1.256965430322,-2.605));
#3150 = CARTESIAN_POINT('',(1.,-0.628269000304,-2.565));
#3151 = CARTESIAN_POINT('',(1.,5.597940668843E-14,-2.525));
#3152 = ADVANCED_FACE('',(#3153),#3178,.T.);
#3153 = FACE_BOUND('',#3154,.T.);
#3154 = EDGE_LOOP('',(#3155,#3171,#3176,#3177));
#3155 = ORIENTED_EDGE('',*,*,#3156,.F.);
#3156 = EDGE_CURVE('',#3157,#2533,#3159,.T.);
#3157 = VERTEX_POINT('',#3158);
#3158 = CARTESIAN_POINT('',(1.,2.800178646787E-14,-2.125));
#3159 = B_SPLINE_CURVE_WITH_KNOTS('',10,(#3160,#3161,#3162,#3163,#3164,
    #3165,#3166,#3167,#3168,#3169,#3170),.UNSPECIFIED.,.F.,.F.,(11,11),(
    0.,6.295904828089),.PIECEWISE_BEZIER_KNOTS.);
#3160 = CARTESIAN_POINT('',(1.,2.416624731798E-17,-2.125));
#3161 = CARTESIAN_POINT('',(1.,0.628269000304,-2.085));
#3162 = CARTESIAN_POINT('',(0.56147983376,1.256965430322,-2.045));
#3163 = CARTESIAN_POINT('',(-0.316801657376,1.538099215721,
    -2.004999999999));
#3164 = CARTESIAN_POINT('',(-1.319185390797,1.143964827646,
    -1.965000000001));
#3165 = CARTESIAN_POINT('',(-1.850975966341,-4.849454171563E-13,
    -1.924999999999));
#3166 = CARTESIAN_POINT('',(-1.319185390796,-1.143964827645,
    -1.885000000001));
#3167 = CARTESIAN_POINT('',(-0.316801657376,-1.538099215721,-1.845));
#3168 = CARTESIAN_POINT('',(0.56147983376,-1.256965430322,-1.805));
#3169 = CARTESIAN_POINT('',(1.,-0.628269000304,-1.765));
#3170 = CARTESIAN_POINT('',(1.,5.597940668843E-14,-1.725));
#3171 = ORIENTED_EDGE('',*,*,#3172,.T.);
#3172 = EDGE_CURVE('',#3157,#2582,#3173,.T.);
#3173 = B_SPLINE_CURVE_WITH_KNOTS('',1,(#3174,#3175),.UNSPECIFIED.,.F.,
  .F.,(2,2),(0.,5.E-02),.PIECEWISE_BEZIER_KNOTS.);
#3174 = CARTESIAN_POINT('',(1.,5.597940668843E-14,-2.125));
#3175 = CARTESIAN_POINT('',(1.,5.597940668843E-14,-2.075));
#3176 = ORIENTED_EDGE('',*,*,#2581,.T.);
#3177 = ORIENTED_EDGE('',*,*,#2548,.F.);
#3178 = B_SPLINE_SURFACE_WITH_KNOTS('',1,10,(
    (#3179,#3180,#3181,#3182,#3183,#3184,#3185,#3186,#3187,#3188,#3189)
    ,(#3190,#3191,#3192,#3193,#3194,#3195,#3196,#3197,#3198,#3199,#3200
    )),.UNSPECIFIED.,.F.,.F.,.F.,(2,2),(11,11),(0.,5.E-02),(0.,
    6.295904828089),.PIECEWISE_BEZIER_KNOTS.);
#3179 = CARTESIAN_POINT('',(1.,2.416624731798E-17,-2.125));
#3180 = CARTESIAN_POINT('',(1.,0.628269000304,-2.085));
#3181 = CARTESIAN_POINT('',(0.56147983376,1.256965430322,-2.045));
#3182 = CARTESIAN_POINT('',(-0.316801657376,1.538099215721,
    -2.004999999999));
#3183 = CARTESIAN_POINT('',(-1.319185390797,1.143964827646,
    -1.965000000001));
#3184 = CARTESIAN_POINT('',(-1.850975966341,-4.849454171563E-13,
    -1.924999999999));
#3185 = CARTESIAN_POINT('',(-1.319185390796,-1.143964827645,
    -1.885000000001));
#3186 = CARTESIAN_POINT('',(-0.316801657376,-1.538099215721,-1.845));
#3187 = CARTESIAN_POINT('',(0.56147983376,-1.256965430322,-1.805));
#3188 = CARTESIAN_POINT('',(1.,-0.628269000304,-1.765));
#3189 = CARTESIAN_POINT('',(1.,5.597940668843E-14,-1.725));
#3190 = CARTESIAN_POINT('',(1.,2.416624731798E-17,-2.075));
#3191 = CARTESIAN_POINT('',(1.,0.628269000304,-2.035));
#3192 = CARTESIAN_POINT('',(0.56147983376,1.256965430322,-1.995));
#3193 = CARTESIAN_POINT('',(-0.316801657376,1.538099215721,
    -1.954999999999));
#3194 = CARTESIAN_POINT('',(-1.319185390797,1.143964827646,
    -1.915000000001));
#3195 = CARTESIAN_POINT('',(-1.850975966341,-4.849454171563E-13,
    -1.874999999999));
#3196 = CARTESIAN_POINT('',(-1.319185390796,-1.143964827645,
    -1.835000000001));
#3197 = CARTESIAN_POINT('',(-0.316801657376,-1.538099215721,
    -1.794999999999));
#3198 = CARTESIAN_POINT('',(0.56147983376,-1.256965430322,-1.755));
#3199 = CARTESIAN_POINT('',(1.,-0.628269000304,-1.715));
#3200 = CARTESIAN_POINT('',(1.,5.597940668843E-14,-1.675));
#3201 = ADVANCED_FACE('',(#3202),#3315,.T.);
#3202 = FACE_BOUND('',#3203,.T.);
#3203 = EDGE_LOOP('',(#3204,#3218,#3225,#3314));
#3204 = ORIENTED_EDGE('',*,*,#3205,.F.);
#3205 = EDGE_CURVE('',#2986,#2582,#3206,.T.);
#3206 = B_SPLINE_CURVE_WITH_KNOTS('',10,(#3207,#3208,#3209,#3210,#3211,
    #3212,#3213,#3214,#3215,#3216,#3217),.UNSPECIFIED.,.F.,.F.,(11,11),(
    0.,6.295904828089),.PIECEWISE_BEZIER_KNOTS.);
#3207 = CARTESIAN_POINT('',(1.,2.416624731798E-17,-2.475));
#3208 = CARTESIAN_POINT('',(1.,0.628269000304,-2.435));
#3209 = CARTESIAN_POINT('',(0.56147983376,1.256965430322,-2.395));
#3210 = CARTESIAN_POINT('',(-0.316801657376,1.538099215721,
    -2.354999999999));
#3211 = CARTESIAN_POINT('',(-1.319185390797,1.143964827646,
    -2.315000000001));
#3212 = CARTESIAN_POINT('',(-1.850975966341,-4.849454171563E-13,
    -2.274999999999));
#3213 = CARTESIAN_POINT('',(-1.319185390796,-1.143964827645,
    -2.235000000001));
#3214 = CARTESIAN_POINT('',(-0.316801657376,-1.538099215721,
    -2.194999999999));
#3215 = CARTESIAN_POINT('',(0.56147983376,-1.256965430322,-2.155));
#3216 = CARTESIAN_POINT('',(1.,-0.628269000304,-2.115));
#3217 = CARTESIAN_POINT('',(1.,5.597940668843E-14,-2.075));
#3218 = ORIENTED_EDGE('',*,*,#3219,.T.);
#3219 = EDGE_CURVE('',#2986,#3220,#3222,.T.);
#3220 = VERTEX_POINT('',#3221);
#3221 = CARTESIAN_POINT('',(0.783493649054,1.229969913273E-14,-2.35));
#3222 = B_SPLINE_CURVE_WITH_KNOTS('',1,(#3223,#3224),.UNSPECIFIED.,.F.,
  .F.,(2,2),(0.,0.423205080757),.PIECEWISE_BEZIER_KNOTS.);
#3223 = CARTESIAN_POINT('',(1.,5.597940668843E-14,-2.475));
#3224 = CARTESIAN_POINT('',(0.633493649054,3.183543925367E-15,
    -2.263397459622));
#3225 = ORIENTED_EDGE('',*,*,#3226,.T.);
#3226 = EDGE_CURVE('',#3220,#2598,#3227,.T.);
#3227 = B_SPLINE_CURVE_WITH_KNOTS('',7,(#3228,#3229,#3230,#3231,#3232,
    #3233,#3234,#3235,#3236,#3237,#3238,#3239,#3240,#3241,#3242,#3243,
    #3244,#3245,#3246,#3247,#3248,#3249,#3250,#3251,#3252,#3253,#3254,
    #3255,#3256,#3257,#3258,#3259,#3260,#3261,#3262,#3263,#3264,#3265,
    #3266,#3267,#3268,#3269,#3270,#3271,#3272,#3273,#3274,#3275,#3276,
    #3277,#3278,#3279,#3280,#3281,#3282,#3283,#3284,#3285,#3286,#3287,
    #3288,#3289,#3290,#3291,#3292,#3293,#3294,#3295,#3296,#3297,#3298,
    #3299,#3300,#3301,#3302,#3303,#3304,#3305,#3306,#3307,#3308,#3309,
    #3310,#3311,#3312,#3313),.UNSPECIFIED.,.F.,.F.,(8,6,6,6,6,6,6,6,6,6,
    6,6,6,6,8),(0.,2.163943796681E-02,7.85502427858E-02,0.118553722815,
    0.133555248554,0.165202248952,0.33336425292,0.363367868672,
    0.498842053877,0.541050338719,0.561052120296,0.740606469134,
    0.884457112273,0.91946021573,1.),.UNSPECIFIED.);
#3228 = CARTESIAN_POINT('',(0.783493649054,-6.661338147751E-16,-2.35));
#3229 = CARTESIAN_POINT('',(0.783493649054,1.521640262446E-02,
    -2.348763555812));
#3230 = CARTESIAN_POINT('',(0.783148873154,3.043295328268E-02,
    -2.347527094286));
#3231 = CARTESIAN_POINT('',(0.782459312855,4.564021646889E-02,
    -2.346290612697));
#3232 = CARTESIAN_POINT('',(0.781425280726,6.082878599819E-02,
    -2.345054111002));
#3233 = CARTESIAN_POINT('',(0.780047410406,7.598928500651E-02,
    -2.343817591842));
#3234 = CARTESIAN_POINT('',(0.778326656605,9.111236595061E-02,
    -2.342581060539));
#3235 = CARTESIAN_POINT('',(0.770840371741,0.145838858154,-2.33809248928
    ));
#3236 = CARTESIAN_POINT('',(0.763053589828,0.185166098446,-2.3348403869)
  );
#3237 = CARTESIAN_POINT('',(0.752927167115,0.224000685001,
    -2.331588401659));
#3238 = CARTESIAN_POINT('',(0.74049944151,0.262175810168,-2.328336628025
    ));
#3239 = CARTESIAN_POINT('',(0.725823423825,0.299528835784,
    -2.325085093382));
#3240 = CARTESIAN_POINT('',(0.708966350543,0.335902523828,
    -2.321833780174));
#3241 = CARTESIAN_POINT('',(0.676683989576,0.395919636275,
    -2.316297377292));
#3242 = CARTESIAN_POINT('',(0.662320971233,0.420134999258,
    -2.314012187052));
#3243 = CARTESIAN_POINT('',(0.646948427838,0.44373990235,-2.311727048281
    ));
#3244 = CARTESIAN_POINT('',(0.630597636608,0.466684041571,
    -2.309441931231));
#3245 = CARTESIAN_POINT('',(0.61330290568,0.488919262638,-2.307156805464
    ));
#3246 = CARTESIAN_POINT('',(0.595101574107,0.510399560963,
    -2.304871639857));
#3247 = CARTESIAN_POINT('',(0.568883570807,0.538836766026,
    -2.301729426017));
#3248 = CARTESIAN_POINT('',(0.561611296987,0.546480139427,
    -2.300872439508));
#3249 = CARTESIAN_POINT('',(0.554219309228,0.554008903025,
    -2.300015441655));
#3250 = CARTESIAN_POINT('',(0.546709778167,0.56142081029,-2.299158431189
    ));
#3251 = CARTESIAN_POINT('',(0.539084926249,0.568713667003,
    -2.298301406992));
#3252 = CARTESIAN_POINT('',(0.531347027724,0.57588533125,-2.297444368097
    ));
#3253 = CARTESIAN_POINT('',(0.506941076071,0.597802877891,
    -2.294779284165));
#3254 = CARTESIAN_POINT('',(0.48989095194,0.612123430609,-2.292971185147
    ));
#3255 = CARTESIAN_POINT('',(0.472369948066,0.625875698949,
    -2.291163009246));
#3256 = CARTESIAN_POINT('',(0.454400838991,0.639041186144,
    -2.289354752572));
#3257 = CARTESIAN_POINT('',(0.43600726199,0.651602571296,-2.287546414726
    ));
#3258 = CARTESIAN_POINT('',(0.417213717073,0.663543709366,
    -2.285737998805));
#3259 = CARTESIAN_POINT('',(0.296192168859,0.734925671437,
    -2.274319789712));
#3260 = CARTESIAN_POINT('',(0.183698515532,0.777103955716,
    -2.264702216421));
#3261 = CARTESIAN_POINT('',(6.444484046085E-02,0.799040830933,
    -2.255088142721));
#3262 = CARTESIAN_POINT('',(-5.714947947247E-02,0.799595591478,
    -2.245478820625));
#3263 = CARTESIAN_POINT('',(-0.17659788644,0.778748151098,
    -2.235871110933));
#3264 = CARTESIAN_POINT('',(-0.28947157007,0.737598704352,
    -2.226259787546));
#3265 = CARTESIAN_POINT('',(-0.41013932204,0.667902074049,
    -2.214940330061));
#3266 = CARTESIAN_POINT('',(-0.428077761441,0.656775515949,
    -2.213226482784));
#3267 = CARTESIAN_POINT('',(-0.445663007202,0.645087489466,
    -2.211512622113));
#3268 = CARTESIAN_POINT('',(-0.462874022559,0.632851503412,
    -2.209798740445));
#3269 = CARTESIAN_POINT('',(-0.479690452855,0.620082027141,
    -2.208084831148));
#3270 = CARTESIAN_POINT('',(-0.496092625541,0.606794490549,
    -2.206370888564));
#3271 = CARTESIAN_POINT('',(-0.584165428302,0.53074340446,
    -2.196917836787));
#3272 = CARTESIAN_POINT('',(-0.647455844355,0.458236698205,
    -2.18917604385));
#3273 = CARTESIAN_POINT('',(-0.700148244969,0.377011249677,
    -2.181434478025));
#3274 = CARTESIAN_POINT('',(-0.740845748197,0.288950083394,-2.1736928968
    ));
#3275 = CARTESIAN_POINT('',(-0.768563797948,0.196185078468,
    -2.165950242152));
#3276 = CARTESIAN_POINT('',(-0.782774783855,0.10099926031,
    -2.158206767809));
#3277 = CARTESIAN_POINT('',(-0.783690046187,-2.393963405041E-02,
    -2.148054181701));
#3278 = CARTESIAN_POINT('',(-0.782595775795,-5.362857366307E-02,
    -2.14564250933));
#3279 = CARTESIAN_POINT('',(-0.780189345652,-8.325730661526E-02,
    -2.143230903587));
#3280 = CARTESIAN_POINT('',(-0.776474855694,-0.112756363239,
    -2.140819362886));
#3281 = CARTESIAN_POINT('',(-0.771460975542,-0.142056846846,
    -2.13840788126));
#3282 = CARTESIAN_POINT('',(-0.7651609445,-0.171090433728,
    -2.135996448361));
#3283 = CARTESIAN_POINT('',(-0.754006049553,-0.213389307862,
    -2.132442328922));
#3284 = CARTESIAN_POINT('',(-0.750134692856,-0.226914147849,
    -2.131299615661));
#3285 = CARTESIAN_POINT('',(-0.745980391424,-0.240356723928,
    -2.130156908122));
#3286 = CARTESIAN_POINT('',(-0.741545255921,-0.25370993994,
    -2.129014204668));
#3287 = CARTESIAN_POINT('',(-0.736831617721,-0.266966772757,
    -2.127871503584));
#3288 = CARTESIAN_POINT('',(-0.731842028903,-0.280120272283,
    -2.126728803072));
#3289 = CARTESIAN_POINT('',(-0.679335838755,-0.41025209601,
    -2.115328160994));
#3290 = CARTESIAN_POINT('',(-0.610041074476,-0.518552668183,
    -2.105061974296));
#3291 = CARTESIAN_POINT('',(-0.520702306928,-0.612900688605,
    -2.094801295738));
#3292 = CARTESIAN_POINT('',(-0.414854387562,-0.688965132942,
    -2.084539962822));
#3293 = CARTESIAN_POINT('',(-0.296944860696,-0.743552328525,
    -2.074275245948));
#3294 = CARTESIAN_POINT('',(-0.172202439055,-0.774693664413,
    -2.064006276261));
#3295 = CARTESIAN_POINT('',(5.481666908491E-02,-0.788092342593,
    -2.045529034634));
#3296 = CARTESIAN_POINT('',(0.156725505616,-0.778844357963,
    -2.037309162378));
#3297 = CARTESIAN_POINT('',(0.256757938204,-0.754204609609,
    -2.029092839233));
#3298 = CARTESIAN_POINT('',(0.35213318579,-0.714669228554,
    -2.020878117857));
#3299 = CARTESIAN_POINT('',(0.440262156457,-0.661310052178,
    -2.012659956093));
#3300 = CARTESIAN_POINT('',(0.518826927772,-0.595745776552,
    -2.004437295862));
#3301 = CARTESIAN_POINT('',(0.602313055224,-0.501684280458,
    -1.994215899687));
#3302 = CARTESIAN_POINT('',(0.617977275005,-0.482676823894,
    -1.992215429369));
#3303 = CARTESIAN_POINT('',(0.632940366047,-0.463100329075,
    -1.990214919899));
#3304 = CARTESIAN_POINT('',(0.64717766086,-0.44298588423,-1.98821439444)
  );
#3305 = CARTESIAN_POINT('',(0.660666272563,-0.422365831856,
    -1.986213876839));
#3306 = CARTESIAN_POINT('',(0.673385094878,-0.401273768714,
    -1.984213391625));
#3307 = CARTESIAN_POINT('',(0.71276425529,-0.330207253545,
    -1.977610114756));
#3308 = CARTESIAN_POINT('',(0.736036914854,-0.278353461044,
    -1.97300736429));
#3309 = CARTESIAN_POINT('',(0.75489707508,-0.224608525633,
    -1.968405392265));
#3310 = CARTESIAN_POINT('',(0.769164657215,-0.169424186027,
    -1.963804152681));
#3311 = CARTESIAN_POINT('',(0.778717499814,-0.113271521859,
    -1.95920318418));
#3312 = CARTESIAN_POINT('',(0.783493649054,-5.663391318727E-02,
    -1.954601920344));
#3313 = CARTESIAN_POINT('',(0.783493649054,3.508304757815E-14,-1.95));
#3314 = ORIENTED_EDGE('',*,*,#2597,.F.);
#3315 = B_SPLINE_SURFACE_WITH_KNOTS('',1,10,(
    (#3316,#3317,#3318,#3319,#3320,#3321,#3322,#3323,#3324,#3325,#3326)
    ,(#3327,#3328,#3329,#3330,#3331,#3332,#3333,#3334,#3335,#3336,#3337
    )),.UNSPECIFIED.,.F.,.F.,.F.,(2,2),(11,11),(0.,0.423205080757),(0.,
    6.295904828089),.PIECEWISE_BEZIER_KNOTS.);
#3316 = CARTESIAN_POINT('',(1.,2.416624731798E-17,-2.475));
#3317 = CARTESIAN_POINT('',(1.,0.628269000304,-2.435));
#3318 = CARTESIAN_POINT('',(0.56147983376,1.256965430322,-2.395));
#3319 = CARTESIAN_POINT('',(-0.316801657376,1.538099215721,
    -2.354999999999));
#3320 = CARTESIAN_POINT('',(-1.319185390797,1.143964827646,
    -2.315000000001));
#3321 = CARTESIAN_POINT('',(-1.850975966341,-4.849454171563E-13,
    -2.274999999999));
#3322 = CARTESIAN_POINT('',(-1.319185390796,-1.143964827645,
    -2.235000000001));
#3323 = CARTESIAN_POINT('',(-0.316801657376,-1.538099215721,
    -2.194999999999));
#3324 = CARTESIAN_POINT('',(0.56147983376,-1.256965430322,-2.155));
#3325 = CARTESIAN_POINT('',(1.,-0.628269000304,-2.115));
#3326 = CARTESIAN_POINT('',(1.,5.597940668843E-14,-2.075));
#3327 = CARTESIAN_POINT('',(0.633493649054,-1.471251485083E-16,
    -2.263397459622));
#3328 = CARTESIAN_POINT('',(0.633493649054,0.398035798793,
    -2.223397459621));
#3329 = CARTESIAN_POINT('',(0.355672008051,0.796391713315,
    -2.183397459622));
#3330 = CARTESIAN_POINT('',(-0.200619684773,0.973927813736,
    -2.143397459621));
#3331 = CARTESIAN_POINT('',(-0.835861240656,0.72520816784,
    -2.103397459623));
#3332 = CARTESIAN_POINT('',(-1.172355927983,-1.856292897173E-13,
    -2.06339745962));
#3333 = CARTESIAN_POINT('',(-0.835861240655,-0.725208167839,
    -2.023397459623));
#3334 = CARTESIAN_POINT('',(-0.200619684773,-0.973927813736,
    -1.983397459621));
#3335 = CARTESIAN_POINT('',(0.355672008051,-0.796391713315,
    -1.943397459622));
#3336 = CARTESIAN_POINT('',(0.633493649054,-0.398035798793,
    -1.903397459621));
#3337 = CARTESIAN_POINT('',(0.633493649054,3.183543925367E-15,
    -1.863397459622));
#3338 = ADVANCED_FACE('',(#3339),#3439,.T.);
#3339 = FACE_BOUND('',#3340,.T.);
#3340 = EDGE_LOOP('',(#3341,#3432,#3437,#3438));
#3341 = ORIENTED_EDGE('',*,*,#3342,.F.);
#3342 = EDGE_CURVE('',#3343,#2721,#3345,.T.);
#3343 = VERTEX_POINT('',#3344);
#3344 = CARTESIAN_POINT('',(0.783493649054,1.229969913273E-14,-2.25));
#3345 = B_SPLINE_CURVE_WITH_KNOTS('',7,(#3346,#3347,#3348,#3349,#3350,
    #3351,#3352,#3353,#3354,#3355,#3356,#3357,#3358,#3359,#3360,#3361,
    #3362,#3363,#3364,#3365,#3366,#3367,#3368,#3369,#3370,#3371,#3372,
    #3373,#3374,#3375,#3376,#3377,#3378,#3379,#3380,#3381,#3382,#3383,
    #3384,#3385,#3386,#3387,#3388,#3389,#3390,#3391,#3392,#3393,#3394,
    #3395,#3396,#3397,#3398,#3399,#3400,#3401,#3402,#3403,#3404,#3405,
    #3406,#3407,#3408,#3409,#3410,#3411,#3412,#3413,#3414,#3415,#3416,
    #3417,#3418,#3419,#3420,#3421,#3422,#3423,#3424,#3425,#3426,#3427,
    #3428,#3429,#3430,#3431),.UNSPECIFIED.,.F.,.F.,(8,6,6,6,6,6,6,6,6,6,
    6,6,6,6,8),(0.,2.163965220469E-02,8.055120953288E-02,0.170203213698,
    0.213208332327,0.238211076376,0.259213298761,0.44283498674,
    0.458836574917,0.50084023522,0.636791116337,0.705799394024,
    0.890458570362,0.921461507432,1.),.UNSPECIFIED.);
#3346 = CARTESIAN_POINT('',(0.783493649054,-1.110223024625E-15,-2.25));
#3347 = CARTESIAN_POINT('',(0.783493649054,1.521639609347E-02,
    -2.248763556343));
#3348 = CARTESIAN_POINT('',(0.783148873465,3.043294291832E-02,
    -2.247527165983));
#3349 = CARTESIAN_POINT('',(0.782459313531,4.564020476543E-02,
    -2.246290820832));
#3350 = CARTESIAN_POINT('',(0.78142528164,6.082877510931E-02,
    -2.24505451199));
#3351 = CARTESIAN_POINT('',(0.780047411322,7.598927660806E-02,
    -2.24381822975));
#3352 = CARTESIAN_POINT('',(0.778326657249,9.111236110341E-02,
    -2.242581963595));
#3353 = CARTESIAN_POINT('',(0.770649742985,0.147232399305,
    -2.237980117426));
#3354 = CARTESIAN_POINT('',(0.76250331597,0.187930123364,-2.234614548338
    ));
#3355 = CARTESIAN_POINT('',(0.751850773057,0.228093545209,
    -2.231248821046));
#3356 = CARTESIAN_POINT('',(0.73873523989,0.267537733713,-2.227882809302
    ));
#3357 = CARTESIAN_POINT('',(0.723216666626,0.306082625238,
    -2.224516460077));
#3358 = CARTESIAN_POINT('',(0.705371285673,0.343554485669,
    -2.221149819134));
#3359 = CARTESIAN_POINT('',(0.654732861301,0.434926823221,
    -2.212659494751));
#3360 = CARTESIAN_POINT('',(0.618997027565,0.48720033679,-2.207535295087
    ));
#3361 = CARTESIAN_POINT('',(0.578408692502,0.536020193464,
    -2.202411346328));
#3362 = CARTESIAN_POINT('',(0.533373558292,0.580850280802,
    -2.197288003179));
#3363 = CARTESIAN_POINT('',(0.484368291965,0.621215849649,
    -2.192165314909));
#3364 = CARTESIAN_POINT('',(0.431930912351,0.65671327017,-2.18704325392)
  );
#3365 = CARTESIAN_POINT('',(0.350134072387,0.701557504052,
    -2.179465306236));
#3366 = CARTESIAN_POINT('',(0.322962101345,0.714901246936,-2.17700878988
    ));
#3367 = CARTESIAN_POINT('',(0.29520030683,0.727015417411,-2.174552367199
    ));
#3368 = CARTESIAN_POINT('',(0.266915507218,0.737869057953,
    -2.172096008231));
#3369 = CARTESIAN_POINT('',(0.238176296334,0.747435852642,-2.16963968111
    ));
#3370 = CARTESIAN_POINT('',(0.209053043446,0.755694127163,
    -2.167183352055));
#3371 = CARTESIAN_POINT('',(0.162504592593,0.766657463545,
    -2.163298878463));
#3372 = CARTESIAN_POINT('',(0.145285769709,0.770240052445,
    -2.161870758755));
#3373 = CARTESIAN_POINT('',(0.127975535654,0.773371295671,
    -2.160442619886));
#3374 = CARTESIAN_POINT('',(0.110588087267,0.776048434411,
    -2.159014456211));
#3375 = CARTESIAN_POINT('',(9.313770719263E-02,0.778269270868,
    -2.157586262816));
#3376 = CARTESIAN_POINT('',(7.563876388188E-02,0.780032168272,
    -2.15615803551));
#3377 = CARTESIAN_POINT('',(4.337800559989E-02,0.782431307943,
    -2.153530033216));
#3378 = CARTESIAN_POINT('',(2.862621402294E-02,0.783202688379,
    -2.15233026913));
#3379 = CARTESIAN_POINT('',(1.38588976615E-02,0.783649556801,
    -2.151130476588));
#3380 = CARTESIAN_POINT('',(-9.15380454525E-04,0.783771560304,
    -2.149930654088));
#3381 = CARTESIAN_POINT('',(-1.568805506739E-02,0.783568628453,
    -2.148730800608));
#3382 = CARTESIAN_POINT('',(-3.045055869144E-02,0.78304097328,
    -2.147530915604));
#3383 = CARTESIAN_POINT('',(-0.174098519716,0.774741097663,
    -2.13584017069));
#3384 = CARTESIAN_POINT('',(-0.301682383245,0.742503146552,
    -2.125337892111));
#3385 = CARTESIAN_POINT('',(-0.422016911917,0.68573775049,
    -2.114840558241));
#3386 = CARTESIAN_POINT('',(-0.529511394808,0.606591585199,
    -2.104347079661));
#3387 = CARTESIAN_POINT('',(-0.619447263484,0.508536169962,
    -2.093854268777));
#3388 = CARTESIAN_POINT('',(-0.688112783116,0.39627610997,-2.08335499865
    ));
#3389 = CARTESIAN_POINT('',(-0.737452844694,0.264862618669,
    -2.071950653511));
#3390 = CARTESIAN_POINT('',(-0.741231393244,0.254262396239,
    -2.071036493115));
#3391 = CARTESIAN_POINT('',(-0.744832110915,0.243599468561,
    -2.070122331482));
#3392 = CARTESIAN_POINT('',(-0.748253755559,0.232877416848,
    -2.069208167704));
#3393 = CARTESIAN_POINT('',(-0.751495175774,0.222099851157,
    -2.068294000915));
#3394 = CARTESIAN_POINT('',(-0.754555310908,0.211270410398,
    -2.067379830283));
#3395 = CARTESIAN_POINT('',(-0.764987534965,0.17183928192,-2.064065974)
  );
#3396 = CARTESIAN_POINT('',(-0.771286096901,0.142953401224,
    -2.061666259546));
#3397 = CARTESIAN_POINT('',(-0.776311273691,0.113801869692,
    -2.059266497121));
#3398 = CARTESIAN_POINT('',(-0.780049942867,8.445200491267E-02,
    -2.056866676459));
#3399 = CARTESIAN_POINT('',(-0.782493462659,5.497169261093E-02,
    -2.054466791558));
#3400 = CARTESIAN_POINT('',(-0.783637672004,2.542938664899E-02,
    -2.052066840682));
#3401 = CARTESIAN_POINT('',(-0.782981918089,-9.970106025563E-02,
    -2.041898835205));
#3402 = CARTESIAN_POINT('',(-0.768872708164,-0.195250372221,
    -2.034128179871));
#3403 = CARTESIAN_POINT('',(-0.741156356915,-0.288381827465,
    -2.026358359107));
#3404 = CARTESIAN_POINT('',(-0.700363193401,-0.37678734085,
    -2.018589625093));
#3405 = CARTESIAN_POINT('',(-0.647487038606,-0.458311620661,
    -2.010820897107));
#3406 = CARTESIAN_POINT('',(-0.583939852031,-0.531051632947,
    -2.003051926756));
#3407 = CARTESIAN_POINT('',(-0.474770090797,-0.625148335418,
    -1.99134360776));
#3408 = CARTESIAN_POINT('',(-0.435723507481,-0.654174571001,
    -1.987401634186));
#3409 = CARTESIAN_POINT('',(-0.394618406682,-0.680345784711,
    -1.983459859107));
#3410 = CARTESIAN_POINT('',(-0.35170664172,-0.703488790693,
    -1.979518167191));
#3411 = CARTESIAN_POINT('',(-0.307257285438,-0.723458519512,
    -1.975576378263));
#3412 = CARTESIAN_POINT('',(-0.261553387184,-0.740139747317,
    -1.971634362896));
#3413 = CARTESIAN_POINT('',(-9.001882309178E-02,-0.789062571762,
    -1.957143216129));
#3414 = CARTESIAN_POINT('',(4.184704523764E-02,-0.800564143508,
    -1.946583045665));
#3415 = CARTESIAN_POINT('',(0.174923653301,-0.786217694428,
    -1.936027690515));
#3416 = CARTESIAN_POINT('',(0.303121571909,-0.746228183381,
    -1.925471163838));
#3417 = CARTESIAN_POINT('',(0.420755346236,-0.682363434421,
    -1.91491651606));
#3418 = CARTESIAN_POINT('',(0.522693506937,-0.597925139994,
    -1.904358024568));
#3419 = CARTESIAN_POINT('',(0.61901256189,-0.480792070117,-1.8920386336)
  );
#3420 = CARTESIAN_POINT('',(0.6323124783,-0.463503869855,-1.890267658173
    ));
#3421 = CARTESIAN_POINT('',(0.645048207252,-0.445787549084,
    -1.888496689912));
#3422 = CARTESIAN_POINT('',(0.657203297526,-0.42766523382,
    -1.886725713687));
#3423 = CARTESIAN_POINT('',(0.668762412777,-0.409159794316,
    -1.884954715256));
#3424 = CARTESIAN_POINT('',(0.679711331531,-0.390294845066,
    -1.883183681268));
#3425 = CARTESIAN_POINT('',(0.716194413713,-0.322455903648,
    -1.876925988487));
#3426 = CARTESIAN_POINT('',(0.738352704589,-0.271664527479,
    -1.872438994422));
#3427 = CARTESIAN_POINT('',(0.756298303956,-0.219117648582,
    -1.867951480202));
#3428 = CARTESIAN_POINT('',(0.769868228033,-0.165235564542,
    -1.863463552819));
#3429 = CARTESIAN_POINT('',(0.778952004027,-0.110455646013,
    -1.858975466956));
#3430 = CARTESIAN_POINT('',(0.783493649054,-5.522614447553E-02,
    -1.854487528823));
#3431 = CARTESIAN_POINT('',(0.783493649054,2.475797344914E-14,-1.85));
#3432 = ORIENTED_EDGE('',*,*,#3433,.T.);
#3433 = EDGE_CURVE('',#3343,#3157,#3434,.T.);
#3434 = B_SPLINE_CURVE_WITH_KNOTS('',1,(#3435,#3436),.UNSPECIFIED.,.F.,
  .F.,(2,2),(0.,0.423205080757),.PIECEWISE_BEZIER_KNOTS.);
#3435 = CARTESIAN_POINT('',(0.633493649054,3.183543925367E-15,
    -2.336602540378));
#3436 = CARTESIAN_POINT('',(1.,5.597940668843E-14,-2.125));
#3437 = ORIENTED_EDGE('',*,*,#3156,.T.);
#3438 = ORIENTED_EDGE('',*,*,#2811,.F.);
#3439 = B_SPLINE_SURFACE_WITH_KNOTS('',1,10,(
    (#3440,#3441,#3442,#3443,#3444,#3445,#3446,#3447,#3448,#3449,#3450)
    ,(#3451,#3452,#3453,#3454,#3455,#3456,#3457,#3458,#3459,#3460,#3461
    )),.UNSPECIFIED.,.F.,.F.,.F.,(2,2),(11,11),(0.,0.423205080757),(0.,
    6.295904828089),.PIECEWISE_BEZIER_KNOTS.);
#3440 = CARTESIAN_POINT('',(0.633493649054,-1.471251485083E-16,
    -2.336602540378));
#3441 = CARTESIAN_POINT('',(0.633493649054,0.398035798793,
    -2.296602540378));
#3442 = CARTESIAN_POINT('',(0.355672008051,0.796391713315,
    -2.256602540379));
#3443 = CARTESIAN_POINT('',(-0.200619684773,0.973927813736,
    -2.216602540377));
#3444 = CARTESIAN_POINT('',(-0.835861240656,0.72520816784,-2.17660254038
    ));
#3445 = CARTESIAN_POINT('',(-1.172355927983,-1.856292897173E-13,
    -2.136602540377));
#3446 = CARTESIAN_POINT('',(-0.835861240655,-0.725208167839,
    -2.09660254038));
#3447 = CARTESIAN_POINT('',(-0.200619684773,-0.973927813736,
    -2.056602540378));
#3448 = CARTESIAN_POINT('',(0.355672008051,-0.796391713315,
    -2.016602540379));
#3449 = CARTESIAN_POINT('',(0.633493649054,-0.398035798793,
    -1.976602540378));
#3450 = CARTESIAN_POINT('',(0.633493649054,3.183543925367E-15,
    -1.936602540378));
#3451 = CARTESIAN_POINT('',(1.,2.416624731798E-17,-2.125));
#3452 = CARTESIAN_POINT('',(1.,0.628269000304,-2.085));
#3453 = CARTESIAN_POINT('',(0.56147983376,1.256965430322,-2.045));
#3454 = CARTESIAN_POINT('',(-0.316801657376,1.538099215721,
    -2.004999999999));
#3455 = CARTESIAN_POINT('',(-1.319185390797,1.143964827646,
    -1.965000000001));
#3456 = CARTESIAN_POINT('',(-1.850975966341,-4.849454171563E-13,
    -1.924999999999));
#3457 = CARTESIAN_POINT('',(-1.319185390796,-1.143964827645,
    -1.885000000001));
#3458 = CARTESIAN_POINT('',(-0.316801657376,-1.538099215721,-1.845));
#3459 = CARTESIAN_POINT('',(0.56147983376,-1.256965430322,-1.805));
#3460 = CARTESIAN_POINT('',(1.,-0.628269000304,-1.765));
#3461 = CARTESIAN_POINT('',(1.,5.597940668843E-14,-1.725));
#3462 = ADVANCED_FACE('',(#3463),#3557,.T.);
#3463 = FACE_BOUND('',#3464,.T.);
#3464 = EDGE_LOOP('',(#3465,#3466,#3467,#3556));
#3465 = ORIENTED_EDGE('',*,*,#2985,.F.);
#3466 = ORIENTED_EDGE('',*,*,#2937,.T.);
#3467 = ORIENTED_EDGE('',*,*,#3468,.T.);
#3468 = EDGE_CURVE('',#2847,#3220,#3469,.T.);
#3469 = B_SPLINE_CURVE_WITH_KNOTS('',7,(#3470,#3471,#3472,#3473,#3474,
    #3475,#3476,#3477,#3478,#3479,#3480,#3481,#3482,#3483,#3484,#3485,
    #3486,#3487,#3488,#3489,#3490,#3491,#3492,#3493,#3494,#3495,#3496,
    #3497,#3498,#3499,#3500,#3501,#3502,#3503,#3504,#3505,#3506,#3507,
    #3508,#3509,#3510,#3511,#3512,#3513,#3514,#3515,#3516,#3517,#3518,
    #3519,#3520,#3521,#3522,#3523,#3524,#3525,#3526,#3527,#3528,#3529,
    #3530,#3531,#3532,#3533,#3534,#3535,#3536,#3537,#3538,#3539,#3540,
    #3541,#3542,#3543,#3544,#3545,#3546,#3547,#3548,#3549,#3550,#3551,
    #3552,#3553,#3554,#3555),.UNSPECIFIED.,.F.,.F.,(8,6,6,6,6,6,6,6,6,6,
    6,6,6,6,8),(0.,2.163943796684E-02,7.855024278593E-02,0.118553722815,
    0.133555248554,0.165202248953,0.33336425292,0.363367868673,
    0.498842053878,0.54105033872,0.561052120297,0.740606469135,
    0.884457112273,0.919460215731,1.),.UNSPECIFIED.);
#3470 = CARTESIAN_POINT('',(0.783493649054,-6.661338147751E-16,-2.75));
#3471 = CARTESIAN_POINT('',(0.783493649054,1.521640262446E-02,
    -2.748763555812));
#3472 = CARTESIAN_POINT('',(0.783148873154,3.043295328268E-02,
    -2.747527094286));
#3473 = CARTESIAN_POINT('',(0.782459312855,4.564021646889E-02,
    -2.746290612697));
#3474 = CARTESIAN_POINT('',(0.781425280726,6.082878599819E-02,
    -2.745054111002));
#3475 = CARTESIAN_POINT('',(0.780047410406,7.598928500651E-02,
    -2.743817591842));
#3476 = CARTESIAN_POINT('',(0.778326656605,9.111236595061E-02,
    -2.742581060539));
#3477 = CARTESIAN_POINT('',(0.770840371741,0.145838858154,-2.73809248928
    ));
#3478 = CARTESIAN_POINT('',(0.763053589828,0.185166098446,-2.7348403869)
  );
#3479 = CARTESIAN_POINT('',(0.752927167115,0.224000685001,
    -2.731588401659));
#3480 = CARTESIAN_POINT('',(0.74049944151,0.262175810168,-2.728336628025
    ));
#3481 = CARTESIAN_POINT('',(0.725823423825,0.299528835784,
    -2.725085093382));
#3482 = CARTESIAN_POINT('',(0.708966350543,0.335902523828,
    -2.721833780174));
#3483 = CARTESIAN_POINT('',(0.676683989576,0.395919636275,
    -2.716297377292));
#3484 = CARTESIAN_POINT('',(0.662320971233,0.420134999258,
    -2.714012187052));
#3485 = CARTESIAN_POINT('',(0.646948427838,0.44373990235,-2.711727048281
    ));
#3486 = CARTESIAN_POINT('',(0.630597636608,0.466684041571,
    -2.709441931231));
#3487 = CARTESIAN_POINT('',(0.61330290568,0.488919262638,-2.707156805464
    ));
#3488 = CARTESIAN_POINT('',(0.595101574107,0.510399560963,
    -2.704871639857));
#3489 = CARTESIAN_POINT('',(0.568883570807,0.538836766026,
    -2.701729426017));
#3490 = CARTESIAN_POINT('',(0.561611296987,0.546480139427,
    -2.700872439508));
#3491 = CARTESIAN_POINT('',(0.554219309228,0.554008903025,
    -2.700015441655));
#3492 = CARTESIAN_POINT('',(0.546709778167,0.56142081029,-2.699158431189
    ));
#3493 = CARTESIAN_POINT('',(0.539084926249,0.568713667003,
    -2.698301406992));
#3494 = CARTESIAN_POINT('',(0.531347027724,0.57588533125,-2.697444368097
    ));
#3495 = CARTESIAN_POINT('',(0.506941076071,0.597802877891,
    -2.694779284165));
#3496 = CARTESIAN_POINT('',(0.48989095194,0.612123430609,-2.692971185147
    ));
#3497 = CARTESIAN_POINT('',(0.472369948066,0.625875698949,
    -2.691163009246));
#3498 = CARTESIAN_POINT('',(0.454400838991,0.639041186144,
    -2.689354752572));
#3499 = CARTESIAN_POINT('',(0.43600726199,0.651602571296,-2.687546414726
    ));
#3500 = CARTESIAN_POINT('',(0.417213717073,0.663543709366,
    -2.685737998805));
#3501 = CARTESIAN_POINT('',(0.296192168859,0.734925671437,
    -2.674319789712));
#3502 = CARTESIAN_POINT('',(0.183698515532,0.777103955716,
    -2.664702216421));
#3503 = CARTESIAN_POINT('',(6.444484046098E-02,0.799040830933,
    -2.655088142721));
#3504 = CARTESIAN_POINT('',(-5.714947947258E-02,0.799595591478,
    -2.645478820625));
#3505 = CARTESIAN_POINT('',(-0.17659788644,0.778748151098,
    -2.635871110933));
#3506 = CARTESIAN_POINT('',(-0.289471570071,0.737598704352,
    -2.626259787546));
#3507 = CARTESIAN_POINT('',(-0.41013932204,0.667902074049,
    -2.614940330061));
#3508 = CARTESIAN_POINT('',(-0.428077761441,0.656775515949,
    -2.613226482784));
#3509 = CARTESIAN_POINT('',(-0.445663007202,0.645087489466,
    -2.611512622113));
#3510 = CARTESIAN_POINT('',(-0.462874022559,0.632851503412,
    -2.609798740445));
#3511 = CARTESIAN_POINT('',(-0.479690452855,0.620082027141,
    -2.608084831148));
#3512 = CARTESIAN_POINT('',(-0.496092625541,0.606794490549,
    -2.606370888564));
#3513 = CARTESIAN_POINT('',(-0.584165428302,0.53074340446,
    -2.596917836787));
#3514 = CARTESIAN_POINT('',(-0.647455844356,0.458236698204,
    -2.58917604385));
#3515 = CARTESIAN_POINT('',(-0.700148244969,0.377011249677,
    -2.581434478025));
#3516 = CARTESIAN_POINT('',(-0.740845748197,0.288950083394,-2.5736928968
    ));
#3517 = CARTESIAN_POINT('',(-0.768563797948,0.196185078468,
    -2.565950242152));
#3518 = CARTESIAN_POINT('',(-0.782774783855,0.10099926031,
    -2.558206767809));
#3519 = CARTESIAN_POINT('',(-0.783690046187,-2.393963405041E-02,
    -2.548054181701));
#3520 = CARTESIAN_POINT('',(-0.782595775795,-5.362857366306E-02,
    -2.54564250933));
#3521 = CARTESIAN_POINT('',(-0.780189345652,-8.325730661526E-02,
    -2.543230903587));
#3522 = CARTESIAN_POINT('',(-0.776474855694,-0.112756363239,
    -2.540819362886));
#3523 = CARTESIAN_POINT('',(-0.771460975542,-0.142056846846,
    -2.53840788126));
#3524 = CARTESIAN_POINT('',(-0.7651609445,-0.171090433728,
    -2.535996448361));
#3525 = CARTESIAN_POINT('',(-0.754006049553,-0.213389307862,
    -2.532442328922));
#3526 = CARTESIAN_POINT('',(-0.750134692856,-0.226914147849,
    -2.531299615661));
#3527 = CARTESIAN_POINT('',(-0.745980391424,-0.240356723928,
    -2.530156908122));
#3528 = CARTESIAN_POINT('',(-0.741545255921,-0.25370993994,
    -2.529014204668));
#3529 = CARTESIAN_POINT('',(-0.736831617721,-0.266966772757,
    -2.527871503584));
#3530 = CARTESIAN_POINT('',(-0.731842028903,-0.280120272283,
    -2.526728803072));
#3531 = CARTESIAN_POINT('',(-0.679335838755,-0.41025209601,
    -2.515328160994));
#3532 = CARTESIAN_POINT('',(-0.610041074477,-0.518552668182,
    -2.505061974296));
#3533 = CARTESIAN_POINT('',(-0.520702306926,-0.612900688607,
    -2.494801295738));
#3534 = CARTESIAN_POINT('',(-0.414854387565,-0.68896513294,
    -2.484539962822));
#3535 = CARTESIAN_POINT('',(-0.296944860694,-0.743552328525,
    -2.474275245948));
#3536 = CARTESIAN_POINT('',(-0.172202439055,-0.774693664413,
    -2.464006276261));
#3537 = CARTESIAN_POINT('',(5.481666908441E-02,-0.788092342593,
    -2.445529034634));
#3538 = CARTESIAN_POINT('',(0.156725505618,-0.778844357963,
    -2.437309162378));
#3539 = CARTESIAN_POINT('',(0.256757938201,-0.75420460961,
    -2.429092839233));
#3540 = CARTESIAN_POINT('',(0.352133185792,-0.714669228552,
    -2.420878117857));
#3541 = CARTESIAN_POINT('',(0.440262156456,-0.661310052179,
    -2.412659956093));
#3542 = CARTESIAN_POINT('',(0.518826927773,-0.595745776552,
    -2.404437295862));
#3543 = CARTESIAN_POINT('',(0.602313055224,-0.501684280458,
    -2.394215899687));
#3544 = CARTESIAN_POINT('',(0.617977275005,-0.482676823894,
    -2.392215429369));
#3545 = CARTESIAN_POINT('',(0.632940366047,-0.463100329075,
    -2.390214919899));
#3546 = CARTESIAN_POINT('',(0.64717766086,-0.44298588423,-2.38821439444)
  );
#3547 = CARTESIAN_POINT('',(0.660666272563,-0.422365831856,
    -2.386213876839));
#3548 = CARTESIAN_POINT('',(0.673385094878,-0.401273768714,
    -2.384213391625));
#3549 = CARTESIAN_POINT('',(0.71276425529,-0.330207253545,
    -2.377610114756));
#3550 = CARTESIAN_POINT('',(0.736036914854,-0.278353461044,
    -2.37300736429));
#3551 = CARTESIAN_POINT('',(0.75489707508,-0.224608525633,
    -2.368405392265));
#3552 = CARTESIAN_POINT('',(0.769164657215,-0.169424186027,
    -2.363804152681));
#3553 = CARTESIAN_POINT('',(0.778717499814,-0.113271521859,
    -2.35920318418));
#3554 = CARTESIAN_POINT('',(0.783493649054,-5.663391318722E-02,
    -2.354601920344));
#3555 = CARTESIAN_POINT('',(0.783493649054,3.508304757815E-14,-2.35));
#3556 = ORIENTED_EDGE('',*,*,#3219,.F.);
#3557 = B_SPLINE_SURFACE_WITH_KNOTS('',1,10,(
    (#3558,#3559,#3560,#3561,#3562,#3563,#3564,#3565,#3566,#3567,#3568)
    ,(#3569,#3570,#3571,#3572,#3573,#3574,#3575,#3576,#3577,#3578,#3579
    )),.UNSPECIFIED.,.F.,.F.,.F.,(2,2),(11,11),(0.,0.423205080757),(0.,
    6.295904828089),.PIECEWISE_BEZIER_KNOTS.);
#3558 = CARTESIAN_POINT('',(1.,2.416624731798E-17,-2.875));
#3559 = CARTESIAN_POINT('',(1.,0.628269000304,-2.835));
#3560 = CARTESIAN_POINT('',(0.56147983376,1.256965430322,-2.795));
#3561 = CARTESIAN_POINT('',(-0.316801657376,1.538099215721,
    -2.754999999999));
#3562 = CARTESIAN_POINT('',(-1.319185390797,1.143964827646,
    -2.715000000001));
#3563 = CARTESIAN_POINT('',(-1.850975966341,-4.849454171563E-13,
    -2.674999999999));
#3564 = CARTESIAN_POINT('',(-1.319185390796,-1.143964827645,
    -2.635000000001));
#3565 = CARTESIAN_POINT('',(-0.316801657376,-1.538099215721,
    -2.594999999999));
#3566 = CARTESIAN_POINT('',(0.56147983376,-1.256965430322,-2.555));
#3567 = CARTESIAN_POINT('',(1.,-0.628269000304,-2.515));
#3568 = CARTESIAN_POINT('',(1.,5.597940668843E-14,-2.475));
#3569 = CARTESIAN_POINT('',(0.633493649054,-1.471251485083E-16,
    -2.663397459622));
#3570 = CARTESIAN_POINT('',(0.633493649054,0.398035798793,
    -2.623397459621));
#3571 = CARTESIAN_POINT('',(0.355672008051,0.796391713315,
    -2.583397459622));
#3572 = CARTESIAN_POINT('',(-0.200619684773,0.973927813736,
    -2.543397459621));
#3573 = CARTESIAN_POINT('',(-0.835861240656,0.72520816784,
    -2.503397459623));
#3574 = CARTESIAN_POINT('',(-1.172355927983,-1.856292897173E-13,
    -2.46339745962));
#3575 = CARTESIAN_POINT('',(-0.835861240655,-0.725208167839,
    -2.423397459623));
#3576 = CARTESIAN_POINT('',(-0.200619684773,-0.973927813736,
    -2.383397459621));
#3577 = CARTESIAN_POINT('',(0.355672008051,-0.796391713315,
    -2.343397459622));
#3578 = CARTESIAN_POINT('',(0.633493649054,-0.398035798793,
    -2.303397459621));
#3579 = CARTESIAN_POINT('',(0.633493649054,3.183543925367E-15,
    -2.263397459622));
#3580 = ADVANCED_FACE('',(#3581),#3600,.T.);
#3581 = FACE_BOUND('',#3582,.T.);
#3582 = EDGE_LOOP('',(#3583,#3597,#3598,#3599));
#3583 = ORIENTED_EDGE('',*,*,#3584,.F.);
#3584 = EDGE_CURVE('',#2969,#3157,#3585,.T.);
#3585 = B_SPLINE_CURVE_WITH_KNOTS('',10,(#3586,#3587,#3588,#3589,#3590,
    #3591,#3592,#3593,#3594,#3595,#3596),.UNSPECIFIED.,.F.,.F.,(11,11),(
    0.,6.295904828089),.PIECEWISE_BEZIER_KNOTS.);
#3586 = CARTESIAN_POINT('',(1.,2.416624731798E-17,-2.525));
#3587 = CARTESIAN_POINT('',(1.,0.628269000304,-2.485));
#3588 = CARTESIAN_POINT('',(0.56147983376,1.256965430322,-2.445));
#3589 = CARTESIAN_POINT('',(-0.316801657376,1.538099215721,
    -2.404999999999));
#3590 = CARTESIAN_POINT('',(-1.319185390797,1.143964827646,
    -2.365000000001));
#3591 = CARTESIAN_POINT('',(-1.850975966341,-4.849454171563E-13,
    -2.324999999999));
#3592 = CARTESIAN_POINT('',(-1.319185390796,-1.143964827645,
    -2.285000000001));
#3593 = CARTESIAN_POINT('',(-0.316801657376,-1.538099215721,-2.245));
#3594 = CARTESIAN_POINT('',(0.56147983376,-1.256965430322,-2.205));
#3595 = CARTESIAN_POINT('',(1.,-0.628269000304,-2.165));
#3596 = CARTESIAN_POINT('',(1.,5.597940668843E-14,-2.125));
#3597 = ORIENTED_EDGE('',*,*,#3001,.T.);
#3598 = ORIENTED_EDGE('',*,*,#3205,.T.);
#3599 = ORIENTED_EDGE('',*,*,#3172,.F.);
#3600 = B_SPLINE_SURFACE_WITH_KNOTS('',1,10,(
    (#3601,#3602,#3603,#3604,#3605,#3606,#3607,#3608,#3609,#3610,#3611)
    ,(#3612,#3613,#3614,#3615,#3616,#3617,#3618,#3619,#3620,#3621,#3622
    )),.UNSPECIFIED.,.F.,.F.,.F.,(2,2),(11,11),(0.,5.E-02),(0.,
    6.295904828089),.PIECEWISE_BEZIER_KNOTS.);
#3601 = CARTESIAN_POINT('',(1.,2.416624731798E-17,-2.525));
#3602 = CARTESIAN_POINT('',(1.,0.628269000304,-2.485));
#3603 = CARTESIAN_POINT('',(0.56147983376,1.256965430322,-2.445));
#3604 = CARTESIAN_POINT('',(-0.316801657376,1.538099215721,
    -2.404999999999));
#3605 = CARTESIAN_POINT('',(-1.319185390797,1.143964827646,
    -2.365000000001));
#3606 = CARTESIAN_POINT('',(-1.850975966341,-4.849454171563E-13,
    -2.324999999999));
#3607 = CARTESIAN_POINT('',(-1.319185390796,-1.143964827645,
    -2.285000000001));
#3608 = CARTESIAN_POINT('',(-0.316801657376,-1.538099215721,-2.245));
#3609 = CARTESIAN_POINT('',(0.56147983376,-1.256965430322,-2.205));
#3610 = CARTESIAN_POINT('',(1.,-0.628269000304,-2.165));
#3611 = CARTESIAN_POINT('',(1.,5.597940668843E-14,-2.125));
#3612 = CARTESIAN_POINT('',(1.,2.416624731798E-17,-2.475));
#3613 = CARTESIAN_POINT('',(1.,0.628269000304,-2.435));
#3614 = CARTESIAN_POINT('',(0.56147983376,1.256965430322,-2.395));
#3615 = CARTESIAN_POINT('',(-0.316801657376,1.538099215721,
    -2.354999999999));
#3616 = CARTESIAN_POINT('',(-1.319185390797,1.143964827646,
    -2.315000000001));
#3617 = CARTESIAN_POINT('',(-1.850975966341,-4.849454171563E-13,
    -2.274999999999));
#3618 = CARTESIAN_POINT('',(-1.319185390796,-1.143964827645,
    -2.235000000001));
#3619 = CARTESIAN_POINT('',(-0.316801657376,-1.538099215721,
    -2.194999999999));
#3620 = CARTESIAN_POINT('',(0.56147983376,-1.256965430322,-2.155));
#3621 = CARTESIAN_POINT('',(1.,-0.628269000304,-2.115));
#3622 = CARTESIAN_POINT('',(1.,5.597940668843E-14,-2.075));
#3623 = ADVANCED_FACE('',(#3624),#3718,.T.);
#3624 = FACE_BOUND('',#3625,.T.);
#3625 = EDGE_LOOP('',(#3626,#3715,#3716,#3717));
#3626 = ORIENTED_EDGE('',*,*,#3627,.F.);
#3627 = EDGE_CURVE('',#3033,#3343,#3628,.T.);
#3628 = B_SPLINE_CURVE_WITH_KNOTS('',7,(#3629,#3630,#3631,#3632,#3633,
    #3634,#3635,#3636,#3637,#3638,#3639,#3640,#3641,#3642,#3643,#3644,
    #3645,#3646,#3647,#3648,#3649,#3650,#3651,#3652,#3653,#3654,#3655,
    #3656,#3657,#3658,#3659,#3660,#3661,#3662,#3663,#3664,#3665,#3666,
    #3667,#3668,#3669,#3670,#3671,#3672,#3673,#3674,#3675,#3676,#3677,
    #3678,#3679,#3680,#3681,#3682,#3683,#3684,#3685,#3686,#3687,#3688,
    #3689,#3690,#3691,#3692,#3693,#3694,#3695,#3696,#3697,#3698,#3699,
    #3700,#3701,#3702,#3703,#3704,#3705,#3706,#3707,#3708,#3709,#3710,
    #3711,#3712,#3713,#3714),.UNSPECIFIED.,.F.,.F.,(8,6,6,6,6,6,6,6,6,6,
    6,6,6,6,8),(0.,2.163965220466E-02,8.055120953276E-02,0.170203213697,
    0.213208332327,0.238211076376,0.25921329876,0.442834986739,
    0.458836574916,0.500840235219,0.636791116336,0.705799394023,
    0.890458570362,0.921461507432,1.),.UNSPECIFIED.);
#3629 = CARTESIAN_POINT('',(0.783493649054,-1.110223024625E-15,-2.65));
#3630 = CARTESIAN_POINT('',(0.783493649054,1.521639609347E-02,
    -2.648763556343));
#3631 = CARTESIAN_POINT('',(0.783148873465,3.043294291832E-02,
    -2.647527165983));
#3632 = CARTESIAN_POINT('',(0.782459313531,4.564020476543E-02,
    -2.646290820832));
#3633 = CARTESIAN_POINT('',(0.78142528164,6.082877510931E-02,
    -2.64505451199));
#3634 = CARTESIAN_POINT('',(0.780047411322,7.598927660806E-02,
    -2.64381822975));
#3635 = CARTESIAN_POINT('',(0.778326657249,9.111236110341E-02,
    -2.642581963595));
#3636 = CARTESIAN_POINT('',(0.770649742985,0.147232399305,
    -2.637980117426));
#3637 = CARTESIAN_POINT('',(0.76250331597,0.187930123364,-2.634614548338
    ));
#3638 = CARTESIAN_POINT('',(0.751850773057,0.228093545209,
    -2.631248821046));
#3639 = CARTESIAN_POINT('',(0.73873523989,0.267537733713,-2.627882809302
    ));
#3640 = CARTESIAN_POINT('',(0.723216666626,0.306082625238,
    -2.624516460077));
#3641 = CARTESIAN_POINT('',(0.705371285673,0.343554485669,
    -2.621149819134));
#3642 = CARTESIAN_POINT('',(0.654732861301,0.434926823221,
    -2.612659494751));
#3643 = CARTESIAN_POINT('',(0.618997027565,0.48720033679,-2.607535295087
    ));
#3644 = CARTESIAN_POINT('',(0.578408692502,0.536020193464,
    -2.602411346328));
#3645 = CARTESIAN_POINT('',(0.533373558292,0.580850280802,
    -2.597288003179));
#3646 = CARTESIAN_POINT('',(0.484368291965,0.621215849649,
    -2.592165314909));
#3647 = CARTESIAN_POINT('',(0.431930912351,0.65671327017,-2.58704325392)
  );
#3648 = CARTESIAN_POINT('',(0.350134072387,0.701557504052,
    -2.579465306236));
#3649 = CARTESIAN_POINT('',(0.322962101345,0.714901246936,-2.57700878988
    ));
#3650 = CARTESIAN_POINT('',(0.29520030683,0.727015417411,-2.574552367199
    ));
#3651 = CARTESIAN_POINT('',(0.266915507218,0.737869057953,
    -2.572096008231));
#3652 = CARTESIAN_POINT('',(0.238176296334,0.747435852642,-2.56963968111
    ));
#3653 = CARTESIAN_POINT('',(0.209053043446,0.755694127163,
    -2.567183352055));
#3654 = CARTESIAN_POINT('',(0.162504592593,0.766657463545,
    -2.563298878463));
#3655 = CARTESIAN_POINT('',(0.145285769709,0.770240052445,
    -2.561870758755));
#3656 = CARTESIAN_POINT('',(0.127975535654,0.773371295671,
    -2.560442619886));
#3657 = CARTESIAN_POINT('',(0.110588087267,0.776048434411,
    -2.559014456211));
#3658 = CARTESIAN_POINT('',(9.313770719263E-02,0.778269270868,
    -2.557586262816));
#3659 = CARTESIAN_POINT('',(7.563876388187E-02,0.780032168272,
    -2.55615803551));
#3660 = CARTESIAN_POINT('',(4.337800559989E-02,0.782431307943,
    -2.553530033216));
#3661 = CARTESIAN_POINT('',(2.862621402294E-02,0.783202688379,
    -2.55233026913));
#3662 = CARTESIAN_POINT('',(1.38588976615E-02,0.783649556801,
    -2.551130476588));
#3663 = CARTESIAN_POINT('',(-9.153804545252E-04,0.783771560304,
    -2.549930654088));
#3664 = CARTESIAN_POINT('',(-1.568805506739E-02,0.783568628453,
    -2.548730800608));
#3665 = CARTESIAN_POINT('',(-3.045055869144E-02,0.78304097328,
    -2.547530915604));
#3666 = CARTESIAN_POINT('',(-0.174098519716,0.774741097663,
    -2.53584017069));
#3667 = CARTESIAN_POINT('',(-0.301682383245,0.742503146552,
    -2.525337892111));
#3668 = CARTESIAN_POINT('',(-0.422016911917,0.685737750489,
    -2.514840558241));
#3669 = CARTESIAN_POINT('',(-0.529511394808,0.606591585199,
    -2.504347079661));
#3670 = CARTESIAN_POINT('',(-0.619447263484,0.508536169962,
    -2.493854268777));
#3671 = CARTESIAN_POINT('',(-0.688112783116,0.39627610997,-2.48335499865
    ));
#3672 = CARTESIAN_POINT('',(-0.737452844694,0.264862618669,
    -2.471950653511));
#3673 = CARTESIAN_POINT('',(-0.741231393244,0.254262396239,
    -2.471036493115));
#3674 = CARTESIAN_POINT('',(-0.744832110915,0.243599468561,
    -2.470122331482));
#3675 = CARTESIAN_POINT('',(-0.748253755559,0.232877416848,
    -2.469208167704));
#3676 = CARTESIAN_POINT('',(-0.751495175774,0.222099851157,
    -2.468294000915));
#3677 = CARTESIAN_POINT('',(-0.754555310908,0.211270410398,
    -2.467379830283));
#3678 = CARTESIAN_POINT('',(-0.764987534965,0.17183928192,-2.464065974)
  );
#3679 = CARTESIAN_POINT('',(-0.771286096901,0.142953401224,
    -2.461666259546));
#3680 = CARTESIAN_POINT('',(-0.776311273691,0.113801869692,
    -2.459266497121));
#3681 = CARTESIAN_POINT('',(-0.780049942867,8.445200491267E-02,
    -2.456866676459));
#3682 = CARTESIAN_POINT('',(-0.782493462659,5.497169261093E-02,
    -2.454466791558));
#3683 = CARTESIAN_POINT('',(-0.783637672004,2.5429386649E-02,
    -2.452066840682));
#3684 = CARTESIAN_POINT('',(-0.782981918089,-9.970106025569E-02,
    -2.441898835205));
#3685 = CARTESIAN_POINT('',(-0.768872708164,-0.195250372221,
    -2.434128179871));
#3686 = CARTESIAN_POINT('',(-0.741156356915,-0.288381827465,
    -2.426358359107));
#3687 = CARTESIAN_POINT('',(-0.700363193401,-0.37678734085,
    -2.418589625093));
#3688 = CARTESIAN_POINT('',(-0.647487038607,-0.458311620661,
    -2.410820897107));
#3689 = CARTESIAN_POINT('',(-0.583939852031,-0.531051632947,
    -2.403051926756));
#3690 = CARTESIAN_POINT('',(-0.474770090797,-0.625148335418,
    -2.39134360776));
#3691 = CARTESIAN_POINT('',(-0.435723507481,-0.654174571001,
    -2.387401634186));
#3692 = CARTESIAN_POINT('',(-0.394618406682,-0.680345784711,
    -2.383459859107));
#3693 = CARTESIAN_POINT('',(-0.35170664172,-0.703488790693,
    -2.379518167191));
#3694 = CARTESIAN_POINT('',(-0.307257285438,-0.723458519512,
    -2.375576378263));
#3695 = CARTESIAN_POINT('',(-0.261553387184,-0.740139747317,
    -2.371634362896));
#3696 = CARTESIAN_POINT('',(-9.001882309036E-02,-0.789062571762,
    -2.357143216128));
#3697 = CARTESIAN_POINT('',(4.184704523543E-02,-0.800564143508,
    -2.346583045665));
#3698 = CARTESIAN_POINT('',(0.174923653307,-0.786217694428,
    -2.336027690515));
#3699 = CARTESIAN_POINT('',(0.303121571907,-0.746228183381,
    -2.325471163838));
#3700 = CARTESIAN_POINT('',(0.42075534624,-0.682363434419,-2.31491651606
    ));
#3701 = CARTESIAN_POINT('',(0.522693506939,-0.597925139993,
    -2.304358024568));
#3702 = CARTESIAN_POINT('',(0.619012561892,-0.480792070115,-2.2920386336
    ));
#3703 = CARTESIAN_POINT('',(0.632312478301,-0.463503869852,
    -2.290267658173));
#3704 = CARTESIAN_POINT('',(0.645048207254,-0.445787549082,
    -2.288496689912));
#3705 = CARTESIAN_POINT('',(0.657203297528,-0.427665233818,
    -2.286725713686));
#3706 = CARTESIAN_POINT('',(0.668762412779,-0.409159794313,
    -2.284954715256));
#3707 = CARTESIAN_POINT('',(0.679711331532,-0.390294845064,
    -2.283183681268));
#3708 = CARTESIAN_POINT('',(0.716194413715,-0.322455903646,
    -2.276925988487));
#3709 = CARTESIAN_POINT('',(0.738352704589,-0.271664527477,
    -2.272438994422));
#3710 = CARTESIAN_POINT('',(0.756298303957,-0.21911764858,
    -2.267951480202));
#3711 = CARTESIAN_POINT('',(0.769868228033,-0.165235564541,
    -2.263463552819));
#3712 = CARTESIAN_POINT('',(0.778952004027,-0.110455646012,
    -2.258975466956));
#3713 = CARTESIAN_POINT('',(0.783493649054,-5.522614447519E-02,
    -2.254487528823));
#3714 = CARTESIAN_POINT('',(0.783493649054,2.475797344914E-14,-2.25));
#3715 = ORIENTED_EDGE('',*,*,#3125,.T.);
#3716 = ORIENTED_EDGE('',*,*,#3584,.T.);
#3717 = ORIENTED_EDGE('',*,*,#3433,.F.);
#3718 = B_SPLINE_SURFACE_WITH_KNOTS('',1,10,(
    (#3719,#3720,#3721,#3722,#3723,#3724,#3725,#3726,#3727,#3728,#3729)
    ,(#3730,#3731,#3732,#3733,#3734,#3735,#3736,#3737,#3738,#3739,#3740
    )),.UNSPECIFIED.,.F.,.F.,.F.,(2,2),(11,11),(0.,0.423205080757),(0.,
    6.295904828089),.PIECEWISE_BEZIER_KNOTS.);
#3719 = CARTESIAN_POINT('',(0.633493649054,-1.471251485083E-16,
    -2.736602540378));
#3720 = CARTESIAN_POINT('',(0.633493649054,0.398035798793,
    -2.696602540378));
#3721 = CARTESIAN_POINT('',(0.355672008051,0.796391713315,
    -2.656602540379));
#3722 = CARTESIAN_POINT('',(-0.200619684773,0.973927813736,
    -2.616602540377));
#3723 = CARTESIAN_POINT('',(-0.835861240656,0.72520816784,-2.57660254038
    ));
#3724 = CARTESIAN_POINT('',(-1.172355927983,-1.856292897173E-13,
    -2.536602540377));
#3725 = CARTESIAN_POINT('',(-0.835861240655,-0.725208167839,
    -2.49660254038));
#3726 = CARTESIAN_POINT('',(-0.200619684773,-0.973927813736,
    -2.456602540378));
#3727 = CARTESIAN_POINT('',(0.355672008051,-0.796391713315,
    -2.416602540379));
#3728 = CARTESIAN_POINT('',(0.633493649054,-0.398035798793,
    -2.376602540378));
#3729 = CARTESIAN_POINT('',(0.633493649054,3.183543925367E-15,
    -2.336602540378));
#3730 = CARTESIAN_POINT('',(1.,2.416624731798E-17,-2.525));
#3731 = CARTESIAN_POINT('',(1.,0.628269000304,-2.485));
#3732 = CARTESIAN_POINT('',(0.56147983376,1.256965430322,-2.445));
#3733 = CARTESIAN_POINT('',(-0.316801657376,1.538099215721,
    -2.404999999999));
#3734 = CARTESIAN_POINT('',(-1.319185390797,1.143964827646,
    -2.365000000001));
#3735 = CARTESIAN_POINT('',(-1.850975966341,-4.849454171563E-13,
    -2.324999999999));
#3736 = CARTESIAN_POINT('',(-1.319185390796,-1.143964827645,
    -2.285000000001));
#3737 = CARTESIAN_POINT('',(-0.316801657376,-1.538099215721,-2.245));
#3738 = CARTESIAN_POINT('',(0.56147983376,-1.256965430322,-2.205));
#3739 = CARTESIAN_POINT('',(1.,-0.628269000304,-2.165));
#3740 = CARTESIAN_POINT('',(1.,5.597940668843E-14,-2.125));
#3741 = ADVANCED_FACE('',(#3742),#3766,.F.);
#3742 = FACE_BOUND('',#3743,.F.);
#3743 = EDGE_LOOP('',(#3744,#3745,#3746,#3747,#3748,#3749,#3750,#3751,
    #3752,#3753,#3754,#3755,#3756,#3757,#3758,#3759,#3760,#3761,#3762,
    #3763,#3764,#3765));
#3744 = ORIENTED_EDGE('',*,*,#519,.T.);
#3745 = ORIENTED_EDGE('',*,*,#980,.T.);
#3746 = ORIENTED_EDGE('',*,*,#1598,.T.);
#3747 = ORIENTED_EDGE('',*,*,#2222,.T.);
#3748 = ORIENTED_EDGE('',*,*,#2846,.T.);
#3749 = ORIENTED_EDGE('',*,*,#3468,.T.);
#3750 = ORIENTED_EDGE('',*,*,#3226,.T.);
#3751 = ORIENTED_EDGE('',*,*,#2604,.T.);
#3752 = ORIENTED_EDGE('',*,*,#1980,.T.);
#3753 = ORIENTED_EDGE('',*,*,#1355,.T.);
#3754 = ORIENTED_EDGE('',*,*,#643,.T.);
#3755 = ORIENTED_EDGE('',*,*,#494,.F.);
#3756 = ORIENTED_EDGE('',*,*,#765,.F.);
#3757 = ORIENTED_EDGE('',*,*,#1471,.F.);
#3758 = ORIENTED_EDGE('',*,*,#2096,.F.);
#3759 = ORIENTED_EDGE('',*,*,#2720,.F.);
#3760 = ORIENTED_EDGE('',*,*,#3342,.F.);
#3761 = ORIENTED_EDGE('',*,*,#3627,.F.);
#3762 = ORIENTED_EDGE('',*,*,#3032,.F.);
#3763 = ORIENTED_EDGE('',*,*,#2408,.F.);
#3764 = ORIENTED_EDGE('',*,*,#1784,.F.);
#3765 = ORIENTED_EDGE('',*,*,#1159,.F.);
#3766 = CYLINDRICAL_SURFACE('',#3767,0.783493649054);
#3767 = AXIS2_PLACEMENT_3D('',#3768,#3769,#3770);
#3768 = CARTESIAN_POINT('',(0.,0.,-4.5));
#3769 = DIRECTION('',(0.,0.,1.));
#3770 = DIRECTION('',(1.,0.,0.));
#3771 = ( GEOMETRIC_REPRESENTATION_CONTEXT(3) 
GLOBAL_UNCERTAINTY_ASSIGNED_CONTEXT((#3775)) 
GLOBAL_UNIT_ASSIGNED_CONTEXT((#3772,#3773,#3774)) REPRESENTATION_CONTEXT
('Context #1','3D Context with UNIT and UNCERTAINTY') );
#3772 = ( LENGTH_UNIT() NAMED_UNIT(*) SI_UNIT(.MILLI.,.METRE.) );
#3773 = ( NAMED_UNIT(*) PLANE_ANGLE_UNIT() SI_UNIT($,.RADIAN.) );
#3774 = ( NAMED_UNIT(*) SI_UNIT($,.STERADIAN.) SOLID_ANGLE_UNIT() );
#3775 = UNCERTAINTY_MEASURE_WITH_UNIT(LENGTH_MEASURE(1.E-05),#3772,
  'distance_accuracy_value','confusion accuracy');
#3776 = PRODUCT_RELATED_PRODUCT_CATEGORY('part',$,(#7));
ENDSEC;
END-ISO-10303-21;
