ISO-10303-21;
HEADER;
FILE_DESCRIPTION(('FreeCAD Model'),'2;1');
FILE_NAME('Open CASCADE Shape Model','2026-10-06T12:34:22',('FreeCAD'),(
    'FreeCAD'),'Open CASCADE STEP processor 7.8','FreeCAD','Unknown');
FILE_SCHEMA(('AUTOMOTIVE_DESIGN { 1 0 10303 214 1 1 1 1 }'));
ENDSEC;
DATA;
#1 = APPLICATION_PROTOCOL_DEFINITION('international standard',
  'automotive_design',2000,#2);
#2 = APPLICATION_CONTEXT(
  'core data for automotive mechanical design processes');
#3 = SHAPE_DEFINITION_REPRESENTATION(#4,#10);
#4 = PRODUCT_DEFINITION_SHAPE('','',#5);
#5 = PRODUCT_DEFINITION('design','',#6,#9);
#6 = PRODUCT_DEFINITION_FORMATION('','',#7);
#7 = PRODUCT('Open CASCADE STEP translator 7.8 2',
  'Open CASCADE STEP translator 7.8 2','',(#8));
#8 = PRODUCT_CONTEXT('',#2,'mechanical');
#9 = PRODUCT_DEFINITION_CONTEXT('part definition',#2,'design');
#10 = ADVANCED_BREP_SHAPE_REPRESENTATION('',(#11,#15),#3322);
#11 = AXIS2_PLACEMENT_3D('',#12,#13,#14);
#12 = CARTESIAN_POINT('',(0.,0.,0.));
#13 = DIRECTION('',(0.,0.,1.));
#14 = DIRECTION('',(1.,0.,-0.));
#15 = MANIFOLD_SOLID_BREP('',#16);
#16 = CLOSED_SHELL('',(#17,#57,#88,#160,#195,#260,#277,#294,#322,#339,
    #356,#373,#385,#529,#679,#827,#966,#1013,#1042,#1188,#1328,#1375,
    #1404,#1453,#1593,#1717,#1856,#1905,#2030,#2079,#2219,#2343,#2482,
    #2531,#2656,#2705,#2845,#2969,#3100,#3147,#3266,#3296));
#17 = ADVANCED_FACE('',(#18),#52,.F.);
#18 = FACE_BOUND('',#19,.F.);
#19 = EDGE_LOOP('',(#20,#30,#38,#46));
#20 = ORIENTED_EDGE('',*,*,#21,.F.);
#21 = EDGE_CURVE('',#22,#24,#26,.T.);
#22 = VERTEX_POINT('',#23);
#23 = CARTESIAN_POINT('',(-5.,-3.,-1.5));
#24 = VERTEX_POINT('',#25);
#25 = CARTESIAN_POINT('',(5.,-3.,-1.5));
#26 = LINE('',#27,#28);
#27 = CARTESIAN_POINT('',(-5.,-3.,-1.5));
#28 = VECTOR('',#29,1.);
#29 = DIRECTION('',(1.,0.,0.));
#30 = ORIENTED_EDGE('',*,*,#31,.T.);
#31 = EDGE_CURVE('',#22,#32,#34,.T.);
#32 = VERTEX_POINT('',#33);
#33 = CARTESIAN_POINT('',(-5.,-3.,0.));
#34 = LINE('',#35,#36);
#35 = CARTESIAN_POINT('',(-5.,-3.,-1.5));
#36 = VECTOR('',#37,1.);
#37 = DIRECTION('',(0.,0.,1.));
#38 = ORIENTED_EDGE('',*,*,#39,.T.);
#39 = EDGE_CURVE('',#32,#40,#42,.T.);
#40 = VERTEX_POINT('',#41);
#41 = CARTESIAN_POINT('',(5.,-3.,0.));
#42 = LINE('',#43,#44);
#43 = CARTESIAN_POINT('',(-5.,-3.,0.));
#44 = VECTOR('',#45,1.);
#45 = DIRECTION('',(1.,0.,0.));
#46 = ORIENTED_EDGE('',*,*,#47,.F.);
#47 = EDGE_CURVE('',#24,#40,#48,.T.);
#48 = LINE('',#49,#50);
#49 = CARTESIAN_POINT('',(5.,-3.,-1.5));
#50 = VECTOR('',#51,1.);
#51 = DIRECTION('',(0.,0.,1.));
#52 = PLANE('',#53);
#53 = AXIS2_PLACEMENT_3D('',#54,#55,#56);
#54 = CARTESIAN_POINT('',(-5.,-3.,-1.5));
#55 = DIRECTION('',(0.,1.,0.));
#56 = DIRECTION('',(0.,0.,1.));
#57 = ADVANCED_FACE('',(#58),#83,.T.);
#58 = FACE_BOUND('',#59,.T.);
#59 = EDGE_LOOP('',(#60,#68,#76,#82));
#60 = ORIENTED_EDGE('',*,*,#61,.F.);
#61 = EDGE_CURVE('',#62,#22,#64,.T.);
#62 = VERTEX_POINT('',#63);
#63 = CARTESIAN_POINT('',(-5.,-4.5,-1.5));
#64 = LINE('',#65,#66);
#65 = CARTESIAN_POINT('',(-5.,-4.5,-1.5));
#66 = VECTOR('',#67,1.);
#67 = DIRECTION('',(0.,1.,0.));
#68 = ORIENTED_EDGE('',*,*,#69,.T.);
#69 = EDGE_CURVE('',#62,#70,#72,.T.);
#70 = VERTEX_POINT('',#71);
#71 = CARTESIAN_POINT('',(5.,-4.5,-1.5));
#72 = LINE('',#73,#74);
#73 = CARTESIAN_POINT('',(-5.,-4.5,-1.5));
#74 = VECTOR('',#75,1.);
#75 = DIRECTION('',(1.,0.,0.));
#76 = ORIENTED_EDGE('',*,*,#77,.T.);
#77 = EDGE_CURVE('',#70,#24,#78,.T.);
#78 = LINE('',#79,#80);
#79 = CARTESIAN_POINT('',(5.,-4.5,-1.5));
#80 = VECTOR('',#81,1.);
#81 = DIRECTION('',(0.,1.,0.));
#82 = ORIENTED_EDGE('',*,*,#21,.F.);
#83 = PLANE('',#84);
#84 = AXIS2_PLACEMENT_3D('',#85,#86,#87);
#85 = CARTESIAN_POINT('',(-5.,-4.5,-1.5));
#86 = DIRECTION('',(0.,0.,1.));
#87 = DIRECTION('',(1.,0.,0.));
#88 = ADVANCED_FACE('',(#89),#155,.T.);
#89 = FACE_BOUND('',#90,.T.);
#90 = EDGE_LOOP('',(#91,#92,#93,#101,#109,#117,#125,#133,#141,#149));
#91 = ORIENTED_EDGE('',*,*,#47,.F.);
#92 = ORIENTED_EDGE('',*,*,#77,.F.);
#93 = ORIENTED_EDGE('',*,*,#94,.F.);
#94 = EDGE_CURVE('',#95,#70,#97,.T.);
#95 = VERTEX_POINT('',#96);
#96 = CARTESIAN_POINT('',(5.,-4.5,-3.3));
#97 = LINE('',#98,#99);
#98 = CARTESIAN_POINT('',(5.,-4.5,-4.5));
#99 = VECTOR('',#100,1.);
#100 = DIRECTION('',(0.,0.,1.));
#101 = ORIENTED_EDGE('',*,*,#102,.T.);
#102 = EDGE_CURVE('',#95,#103,#105,.T.);
#103 = VERTEX_POINT('',#104);
#104 = CARTESIAN_POINT('',(5.,-3.3,-4.5));
#105 = LINE('',#106,#107);
#106 = CARTESIAN_POINT('',(5.,-3.9,-3.9));
#107 = VECTOR('',#108,1.);
#108 = DIRECTION('',(0.,0.707106781187,-0.707106781187));
#109 = ORIENTED_EDGE('',*,*,#110,.T.);
#110 = EDGE_CURVE('',#103,#111,#113,.T.);
#111 = VERTEX_POINT('',#112);
#112 = CARTESIAN_POINT('',(5.,3.3,-4.5));
#113 = LINE('',#114,#115);
#114 = CARTESIAN_POINT('',(5.,-4.5,-4.5));
#115 = VECTOR('',#116,1.);
#116 = DIRECTION('',(0.,1.,0.));
#117 = ORIENTED_EDGE('',*,*,#118,.F.);
#118 = EDGE_CURVE('',#119,#111,#121,.T.);
#119 = VERTEX_POINT('',#120);
#120 = CARTESIAN_POINT('',(5.,4.5,-3.3));
#121 = LINE('',#122,#123);
#122 = CARTESIAN_POINT('',(5.,1.65,-6.15));
#123 = VECTOR('',#124,1.);
#124 = DIRECTION('',(0.,-0.707106781187,-0.707106781187));
#125 = ORIENTED_EDGE('',*,*,#126,.T.);
#126 = EDGE_CURVE('',#119,#127,#129,.T.);
#127 = VERTEX_POINT('',#128);
#128 = CARTESIAN_POINT('',(5.,4.5,-1.5));
#129 = LINE('',#130,#131);
#130 = CARTESIAN_POINT('',(5.,4.5,-4.5));
#131 = VECTOR('',#132,1.);
#132 = DIRECTION('',(0.,0.,1.));
#133 = ORIENTED_EDGE('',*,*,#134,.F.);
#134 = EDGE_CURVE('',#135,#127,#137,.T.);
#135 = VERTEX_POINT('',#136);
#136 = CARTESIAN_POINT('',(5.,3.,-1.5));
#137 = LINE('',#138,#139);
#138 = CARTESIAN_POINT('',(5.,-4.5,-1.5));
#139 = VECTOR('',#140,1.);
#140 = DIRECTION('',(0.,1.,0.));
#141 = ORIENTED_EDGE('',*,*,#142,.T.);
#142 = EDGE_CURVE('',#135,#143,#145,.T.);
#143 = VERTEX_POINT('',#144);
#144 = CARTESIAN_POINT('',(5.,3.,0.));
#145 = LINE('',#146,#147);
#146 = CARTESIAN_POINT('',(5.,3.,-1.5));
#147 = VECTOR('',#148,1.);
#148 = DIRECTION('',(0.,0.,1.));
#149 = ORIENTED_EDGE('',*,*,#150,.F.);
#150 = EDGE_CURVE('',#40,#143,#151,.T.);
#151 = LINE('',#152,#153);
#152 = CARTESIAN_POINT('',(5.,-3.,0.));
#153 = VECTOR('',#154,1.);
#154 = DIRECTION('',(0.,1.,0.));
#155 = PLANE('',#156);
#156 = AXIS2_PLACEMENT_3D('',#157,#158,#159);
#157 = CARTESIAN_POINT('',(5.,2.776196027037E-16,-2.278924062343));
#158 = DIRECTION('',(1.,0.,0.));
#159 = DIRECTION('',(0.,0.,1.));
#160 = ADVANCED_FACE('',(#161,#179),#190,.T.);
#161 = FACE_BOUND('',#162,.T.);
#162 = EDGE_LOOP('',(#163,#171,#172,#173));
#163 = ORIENTED_EDGE('',*,*,#164,.F.);
#164 = EDGE_CURVE('',#32,#165,#167,.T.);
#165 = VERTEX_POINT('',#166);
#166 = CARTESIAN_POINT('',(-5.,3.,0.));
#167 = LINE('',#168,#169);
#168 = CARTESIAN_POINT('',(-5.,-3.,0.));
#169 = VECTOR('',#170,1.);
#170 = DIRECTION('',(0.,1.,0.));
#171 = ORIENTED_EDGE('',*,*,#39,.T.);
#172 = ORIENTED_EDGE('',*,*,#150,.T.);
#173 = ORIENTED_EDGE('',*,*,#174,.F.);
#174 = EDGE_CURVE('',#165,#143,#175,.T.);
#175 = LINE('',#176,#177);
#176 = CARTESIAN_POINT('',(-5.,3.,0.));
#177 = VECTOR('',#178,1.);
#178 = DIRECTION('',(1.,0.,0.));
#179 = FACE_BOUND('',#180,.T.);
#180 = EDGE_LOOP('',(#181));
#181 = ORIENTED_EDGE('',*,*,#182,.T.);
#182 = EDGE_CURVE('',#183,#183,#185,.T.);
#183 = VERTEX_POINT('',#184);
#184 = CARTESIAN_POINT('',(-1.9,-4.65365783676E-16,0.));
#185 = CIRCLE('',#186,1.9);
#186 = AXIS2_PLACEMENT_3D('',#187,#188,#189);
#187 = CARTESIAN_POINT('',(0.,0.,0.));
#188 = DIRECTION('',(0.,0.,-1.));
#189 = DIRECTION('',(-1.,0.,0.));
#190 = PLANE('',#191);
#191 = AXIS2_PLACEMENT_3D('',#192,#193,#194);
#192 = CARTESIAN_POINT('',(-5.,-3.,0.));
#193 = DIRECTION('',(0.,0.,1.));
#194 = DIRECTION('',(1.,0.,0.));
#195 = ADVANCED_FACE('',(#196),#255,.T.);
#196 = FACE_BOUND('',#197,.T.);
#197 = EDGE_LOOP('',(#198,#199,#200,#208,#216,#224,#232,#240,#248,#254)
  );
#198 = ORIENTED_EDGE('',*,*,#31,.T.);
#199 = ORIENTED_EDGE('',*,*,#164,.T.);
#200 = ORIENTED_EDGE('',*,*,#201,.F.);
#201 = EDGE_CURVE('',#202,#165,#204,.T.);
#202 = VERTEX_POINT('',#203);
#203 = CARTESIAN_POINT('',(-5.,3.,-1.5));
#204 = LINE('',#205,#206);
#205 = CARTESIAN_POINT('',(-5.,3.,-1.5));
#206 = VECTOR('',#207,1.);
#207 = DIRECTION('',(0.,0.,1.));
#208 = ORIENTED_EDGE('',*,*,#209,.T.);
#209 = EDGE_CURVE('',#202,#210,#212,.T.);
#210 = VERTEX_POINT('',#211);
#211 = CARTESIAN_POINT('',(-5.,4.5,-1.5));
#212 = LINE('',#213,#214);
#213 = CARTESIAN_POINT('',(-5.,-4.5,-1.5));
#214 = VECTOR('',#215,1.);
#215 = DIRECTION('',(0.,1.,0.));
#216 = ORIENTED_EDGE('',*,*,#217,.F.);
#217 = EDGE_CURVE('',#218,#210,#220,.T.);
#218 = VERTEX_POINT('',#219);
#219 = CARTESIAN_POINT('',(-5.,4.5,-3.3));
#220 = LINE('',#221,#222);
#221 = CARTESIAN_POINT('',(-5.,4.5,-4.5));
#222 = VECTOR('',#223,1.);
#223 = DIRECTION('',(0.,0.,1.));
#224 = ORIENTED_EDGE('',*,*,#225,.T.);
#225 = EDGE_CURVE('',#218,#226,#228,.T.);
#226 = VERTEX_POINT('',#227);
#227 = CARTESIAN_POINT('',(-5.,3.3,-4.5));
#228 = LINE('',#229,#230);
#229 = CARTESIAN_POINT('',(-5.,1.65,-6.15));
#230 = VECTOR('',#231,1.);
#231 = DIRECTION('',(0.,-0.707106781187,-0.707106781187));
#232 = ORIENTED_EDGE('',*,*,#233,.F.);
#233 = EDGE_CURVE('',#234,#226,#236,.T.);
#234 = VERTEX_POINT('',#235);
#235 = CARTESIAN_POINT('',(-5.,-3.3,-4.5));
#236 = LINE('',#237,#238);
#237 = CARTESIAN_POINT('',(-5.,-4.5,-4.5));
#238 = VECTOR('',#239,1.);
#239 = DIRECTION('',(0.,1.,0.));
#240 = ORIENTED_EDGE('',*,*,#241,.F.);
#241 = EDGE_CURVE('',#242,#234,#244,.T.);
#242 = VERTEX_POINT('',#243);
#243 = CARTESIAN_POINT('',(-5.,-4.5,-3.3));
#244 = LINE('',#245,#246);
#245 = CARTESIAN_POINT('',(-5.,-3.9,-3.9));
#246 = VECTOR('',#247,1.);
#247 = DIRECTION('',(0.,0.707106781187,-0.707106781187));
#248 = ORIENTED_EDGE('',*,*,#249,.T.);
#249 = EDGE_CURVE('',#242,#62,#250,.T.);
#250 = LINE('',#251,#252);
#251 = CARTESIAN_POINT('',(-5.,-4.5,-4.5));
#252 = VECTOR('',#253,1.);
#253 = DIRECTION('',(0.,0.,1.));
#254 = ORIENTED_EDGE('',*,*,#61,.T.);
#255 = PLANE('',#256);
#256 = AXIS2_PLACEMENT_3D('',#257,#258,#259);
#257 = CARTESIAN_POINT('',(-5.,2.082147020278E-16,-2.278924062343));
#258 = DIRECTION('',(-1.,-0.,-0.));
#259 = DIRECTION('',(0.,0.,-1.));
#260 = ADVANCED_FACE('',(#261),#272,.F.);
#261 = FACE_BOUND('',#262,.F.);
#262 = EDGE_LOOP('',(#263,#264,#270,#271));
#263 = ORIENTED_EDGE('',*,*,#94,.F.);
#264 = ORIENTED_EDGE('',*,*,#265,.F.);
#265 = EDGE_CURVE('',#242,#95,#266,.T.);
#266 = LINE('',#267,#268);
#267 = CARTESIAN_POINT('',(-5.,-4.5,-3.3));
#268 = VECTOR('',#269,1.);
#269 = DIRECTION('',(1.,0.,0.));
#270 = ORIENTED_EDGE('',*,*,#249,.T.);
#271 = ORIENTED_EDGE('',*,*,#69,.T.);
#272 = PLANE('',#273);
#273 = AXIS2_PLACEMENT_3D('',#274,#275,#276);
#274 = CARTESIAN_POINT('',(-5.,-4.5,-4.5));
#275 = DIRECTION('',(0.,1.,0.));
#276 = DIRECTION('',(0.,0.,1.));
#277 = ADVANCED_FACE('',(#278),#289,.T.);
#278 = FACE_BOUND('',#279,.F.);
#279 = EDGE_LOOP('',(#280,#281,#282,#283));
#280 = ORIENTED_EDGE('',*,*,#241,.F.);
#281 = ORIENTED_EDGE('',*,*,#265,.T.);
#282 = ORIENTED_EDGE('',*,*,#102,.T.);
#283 = ORIENTED_EDGE('',*,*,#284,.F.);
#284 = EDGE_CURVE('',#234,#103,#285,.T.);
#285 = LINE('',#286,#287);
#286 = CARTESIAN_POINT('',(-5.,-3.3,-4.5));
#287 = VECTOR('',#288,1.);
#288 = DIRECTION('',(1.,0.,0.));
#289 = PLANE('',#290);
#290 = AXIS2_PLACEMENT_3D('',#291,#292,#293);
#291 = CARTESIAN_POINT('',(-5.,-3.9,-3.9));
#292 = DIRECTION('',(0.,-0.707106781187,-0.707106781187));
#293 = DIRECTION('',(-1.,-0.,-0.));
#294 = ADVANCED_FACE('',(#295,#306),#317,.F.);
#295 = FACE_BOUND('',#296,.F.);
#296 = EDGE_LOOP('',(#297,#298,#299,#300));
#297 = ORIENTED_EDGE('',*,*,#233,.F.);
#298 = ORIENTED_EDGE('',*,*,#284,.T.);
#299 = ORIENTED_EDGE('',*,*,#110,.T.);
#300 = ORIENTED_EDGE('',*,*,#301,.F.);
#301 = EDGE_CURVE('',#226,#111,#302,.T.);
#302 = LINE('',#303,#304);
#303 = CARTESIAN_POINT('',(-5.,3.3,-4.5));
#304 = VECTOR('',#305,1.);
#305 = DIRECTION('',(1.,0.,0.));
#306 = FACE_BOUND('',#307,.F.);
#307 = EDGE_LOOP('',(#308));
#308 = ORIENTED_EDGE('',*,*,#309,.F.);
#309 = EDGE_CURVE('',#310,#310,#312,.T.);
#310 = VERTEX_POINT('',#311);
#311 = CARTESIAN_POINT('',(1.9,-4.65365783676E-16,-4.5));
#312 = CIRCLE('',#313,1.9);
#313 = AXIS2_PLACEMENT_3D('',#314,#315,#316);
#314 = CARTESIAN_POINT('',(0.,0.,-4.5));
#315 = DIRECTION('',(0.,0.,1.));
#316 = DIRECTION('',(1.,0.,0.));
#317 = PLANE('',#318);
#318 = AXIS2_PLACEMENT_3D('',#319,#320,#321);
#319 = CARTESIAN_POINT('',(-5.,-4.5,-4.5));
#320 = DIRECTION('',(0.,0.,1.));
#321 = DIRECTION('',(1.,0.,0.));
#322 = ADVANCED_FACE('',(#323),#334,.F.);
#323 = FACE_BOUND('',#324,.T.);
#324 = EDGE_LOOP('',(#325,#326,#332,#333));
#325 = ORIENTED_EDGE('',*,*,#225,.F.);
#326 = ORIENTED_EDGE('',*,*,#327,.T.);
#327 = EDGE_CURVE('',#218,#119,#328,.T.);
#328 = LINE('',#329,#330);
#329 = CARTESIAN_POINT('',(-5.,4.5,-3.3));
#330 = VECTOR('',#331,1.);
#331 = DIRECTION('',(1.,0.,0.));
#332 = ORIENTED_EDGE('',*,*,#118,.T.);
#333 = ORIENTED_EDGE('',*,*,#301,.F.);
#334 = PLANE('',#335);
#335 = AXIS2_PLACEMENT_3D('',#336,#337,#338);
#336 = CARTESIAN_POINT('',(-5.,3.9,-3.9));
#337 = DIRECTION('',(0.,-0.707106781187,0.707106781187));
#338 = DIRECTION('',(-1.,-0.,-0.));
#339 = ADVANCED_FACE('',(#340),#351,.T.);
#340 = FACE_BOUND('',#341,.T.);
#341 = EDGE_LOOP('',(#342,#343,#344,#345));
#342 = ORIENTED_EDGE('',*,*,#126,.F.);
#343 = ORIENTED_EDGE('',*,*,#327,.F.);
#344 = ORIENTED_EDGE('',*,*,#217,.T.);
#345 = ORIENTED_EDGE('',*,*,#346,.T.);
#346 = EDGE_CURVE('',#210,#127,#347,.T.);
#347 = LINE('',#348,#349);
#348 = CARTESIAN_POINT('',(-5.,4.5,-1.5));
#349 = VECTOR('',#350,1.);
#350 = DIRECTION('',(1.,0.,0.));
#351 = PLANE('',#352);
#352 = AXIS2_PLACEMENT_3D('',#353,#354,#355);
#353 = CARTESIAN_POINT('',(-5.,4.5,-4.5));
#354 = DIRECTION('',(0.,1.,0.));
#355 = DIRECTION('',(0.,0.,1.));
#356 = ADVANCED_FACE('',(#357),#368,.T.);
#357 = FACE_BOUND('',#358,.T.);
#358 = EDGE_LOOP('',(#359,#360,#366,#367));
#359 = ORIENTED_EDGE('',*,*,#209,.F.);
#360 = ORIENTED_EDGE('',*,*,#361,.T.);
#361 = EDGE_CURVE('',#202,#135,#362,.T.);
#362 = LINE('',#363,#364);
#363 = CARTESIAN_POINT('',(-5.,3.,-1.5));
#364 = VECTOR('',#365,1.);
#365 = DIRECTION('',(1.,0.,0.));
#366 = ORIENTED_EDGE('',*,*,#134,.T.);
#367 = ORIENTED_EDGE('',*,*,#346,.F.);
#368 = PLANE('',#369);
#369 = AXIS2_PLACEMENT_3D('',#370,#371,#372);
#370 = CARTESIAN_POINT('',(-5.,-4.5,-1.5));
#371 = DIRECTION('',(0.,0.,1.));
#372 = DIRECTION('',(1.,0.,0.));
#373 = ADVANCED_FACE('',(#374),#380,.T.);
#374 = FACE_BOUND('',#375,.T.);
#375 = EDGE_LOOP('',(#376,#377,#378,#379));
#376 = ORIENTED_EDGE('',*,*,#361,.F.);
#377 = ORIENTED_EDGE('',*,*,#201,.T.);
#378 = ORIENTED_EDGE('',*,*,#174,.T.);
#379 = ORIENTED_EDGE('',*,*,#142,.F.);
#380 = PLANE('',#381);
#381 = AXIS2_PLACEMENT_3D('',#382,#383,#384);
#382 = CARTESIAN_POINT('',(-5.,3.,-1.5));
#383 = DIRECTION('',(0.,1.,0.));
#384 = DIRECTION('',(0.,0.,1.));
#385 = ADVANCED_FACE('',(#386),#524,.F.);
#386 = FACE_BOUND('',#387,.F.);
#387 = EDGE_LOOP('',(#388,#407,#413,#414,#415,#462,#475,#490,#517));
#388 = ORIENTED_EDGE('',*,*,#389,.T.);
#389 = EDGE_CURVE('',#390,#392,#394,.T.);
#390 = VERTEX_POINT('',#391);
#391 = CARTESIAN_POINT('',(-0.258409952332,1.201901688995,-0.67063293786
    ));
#392 = VERTEX_POINT('',#393);
#393 = CARTESIAN_POINT('',(-1.297920336788,-3.178987971992E-16,
    -0.602079663212));
#394 = B_SPLINE_CURVE_WITH_KNOTS('',6,(#395,#396,#397,#398,#399,#400,
    #401,#402,#403,#404,#405,#406),.UNSPECIFIED.,.F.,.F.,(7,5,7),(0.,
    0.4467381076,1.),.UNSPECIFIED.);
#395 = CARTESIAN_POINT('',(-0.258334582217,1.201914685656,
    -0.670636071798));
#396 = CARTESIAN_POINT('',(-0.382502089307,1.180509588016,
    -0.665471075719));
#397 = CARTESIAN_POINT('',(-0.504410884542,1.143754198513,-0.66031770578
    ));
#398 = CARTESIAN_POINT('',(-0.621648959543,1.091985896803,
    -0.655177119685));
#399 = CARTESIAN_POINT('',(-0.73195673434,1.026048672869,-0.650047227851
    ));
#400 = CARTESIAN_POINT('',(-0.833275227535,0.94718627689,-0.644926487886
    ));
#401 = CARTESIAN_POINT('',(-1.036026587771,0.745453925902,
    -0.633488026561));
#402 = CARTESIAN_POINT('',(-1.131786802743,0.616513554498,
    -0.627172702656));
#403 = CARTESIAN_POINT('',(-1.207742137536,0.473407552998,-0.62087496962
    ));
#404 = CARTESIAN_POINT('',(-1.261527785686,0.320038478893,
    -0.614593386418));
#405 = CARTESIAN_POINT('',(-1.291673270416,0.16070713287,-0.608326729583
    ));
#406 = CARTESIAN_POINT('',(-1.297920336788,-1.253047981267E-16,
    -0.602079663212));
#407 = ORIENTED_EDGE('',*,*,#408,.F.);
#408 = EDGE_CURVE('',#183,#392,#409,.T.);
#409 = LINE('',#410,#411);
#410 = CARTESIAN_POINT('',(-1.9,-4.65365783676E-16,0.));
#411 = VECTOR('',#412,1.);
#412 = DIRECTION('',(0.707106781187,1.731912112471E-16,-0.707106781187)
  );
#413 = ORIENTED_EDGE('',*,*,#182,.T.);
#414 = ORIENTED_EDGE('',*,*,#408,.T.);
#415 = ORIENTED_EDGE('',*,*,#416,.T.);
#416 = EDGE_CURVE('',#392,#417,#419,.T.);
#417 = VERTEX_POINT('',#418);
#418 = CARTESIAN_POINT('',(1.45641424651,-1.080591803577E-14,
    -0.44358575349));
#419 = B_SPLINE_CURVE_WITH_KNOTS('',6,(#420,#421,#422,#423,#424,#425,
    #426,#427,#428,#429,#430,#431,#432,#433,#434,#435,#436,#437,#438,
    #439,#440,#441,#442,#443,#444,#445,#446,#447,#448,#449,#450,#451,
    #452,#453,#454,#455,#456,#457,#458,#459,#460,#461),.UNSPECIFIED.,.F.
  ,.F.,(7,5,5,5,5,5,5,5,7),(0.,0.189633524741,0.316044234865,
    0.491129500366,0.533836520412,0.561212219589,0.733280886074,
    0.837463344362,1.),.UNSPECIFIED.);
#420 = CARTESIAN_POINT('',(-1.297920336788,-2.22044604925E-16,
    -0.602079663212));
#421 = CARTESIAN_POINT('',(-1.303071809471,-0.132522748383,
    -0.59692819053));
#422 = CARTESIAN_POINT('',(-1.291974881433,-0.26604182492,
    -0.591787742201));
#423 = CARTESIAN_POINT('',(-1.264460584492,-0.398014032753,
    -0.586660099675));
#424 = CARTESIAN_POINT('',(-1.220910989342,-0.52594956176,
    -0.581543744332));
#425 = CARTESIAN_POINT('',(-1.162154744749,-0.647477901883,
    -0.576436967938));
#426 = CARTESIAN_POINT('',(-1.041100558768,-0.835754727794,
    -0.567944296968));
#427 = CARTESIAN_POINT('',(-0.986507372155,-0.907268830513,
    -0.564551832413));
#428 = CARTESIAN_POINT('',(-0.926126301993,-0.974359477667,
    -0.56116388463));
#429 = CARTESIAN_POINT('',(-0.860422703585,-1.036456515402,
    -0.55778031215));
#430 = CARTESIAN_POINT('',(-0.789932946783,-1.093058148424,
    -0.554401070806));
#431 = CARTESIAN_POINT('',(-0.611825532737,-1.213933279781,
    -0.546352674398));
#432 = CARTESIAN_POINT('',(-0.500347185197,-1.272779903203,
    -0.541687144006));
#433 = CARTESIAN_POINT('',(-0.382424210825,-1.319133543001,
    -0.537031498257));
#434 = CARTESIAN_POINT('',(-0.259832501109,-1.352193407499,
    -0.532385805943));
#435 = CARTESIAN_POINT('',(-0.13445141361,-1.371470890861,-0.52774992008
    ));
#436 = CARTESIAN_POINT('',(2.255767119823E-02,-1.378162779133,
    -0.521996680378));
#437 = CARTESIAN_POINT('',(5.339654638553E-02,-1.378648149612,
    -0.52086913607));
#438 = CARTESIAN_POINT('',(8.425842717182E-02,-1.37830493698,
    -0.519742201192));
#439 = CARTESIAN_POINT('',(0.115115476658,-1.377132654707,
    -0.518615871989));
#440 = CARTESIAN_POINT('',(0.145939884917,-1.375132066937,
    -0.517490143436));
#441 = CARTESIAN_POINT('',(0.196423942483,-1.37049312634,-0.515643785068
    ));
#442 = CARTESIAN_POINT('',(0.216119198956,-1.368341543453,
    -0.514922804907));
#443 = CARTESIAN_POINT('',(0.235782329092,-1.365850969896,
    -0.514202066918));
#444 = CARTESIAN_POINT('',(0.255406051327,-1.36302214413,-0.513481569019
    ));
#445 = CARTESIAN_POINT('',(0.274983111854,-1.359856013009,
    -0.512761308891));
#446 = CARTESIAN_POINT('',(0.417218266595,-1.334340308207,
    -0.507515601325));
#447 = CARTESIAN_POINT('',(0.537813694561,-1.299044374389,
    -0.502998761435));
#448 = CARTESIAN_POINT('',(0.654470693427,-1.25075287629,-0.498491143809
    ));
#449 = CARTESIAN_POINT('',(0.765474008906,-1.19008556398,-0.493991164239
    ));
#450 = CARTESIAN_POINT('',(0.869237974806,-1.117931657887,
    -0.489497683871));
#451 = CARTESIAN_POINT('',(1.021959685071,-0.985538643841,
    -0.482295809155));
#452 = CARTESIAN_POINT('',(1.076393255924,-0.931825942066,
    -0.479582366879));
#453 = CARTESIAN_POINT('',(1.127356677154,-0.874587422583,
    -0.476871619039));
#454 = CARTESIAN_POINT('',(1.174572894914,-0.814110952043,
    -0.474163659718));
#455 = CARTESIAN_POINT('',(1.217797774737,-0.750711816908,
    -0.471458637654));
#456 = CARTESIAN_POINT('',(1.317704862157,-0.581790355298,
    -0.464541657021));
#457 = CARTESIAN_POINT('',(1.368370040676,-0.472554099323,-0.46033387572
    ));
#458 = CARTESIAN_POINT('',(1.408014434119,-0.358321090189,
    -0.456134763457));
#459 = CARTESIAN_POINT('',(1.436081305687,-0.240496812534,
    -0.451944710764));
#460 = CARTESIAN_POINT('',(1.45223813888,-0.120550891509,-0.44776186112)
  );
#461 = CARTESIAN_POINT('',(1.45641424651,-6.017408793468E-14,
    -0.44358575349));
#462 = ORIENTED_EDGE('',*,*,#463,.T.);
#463 = EDGE_CURVE('',#417,#464,#466,.T.);
#464 = VERTEX_POINT('',#465);
#465 = CARTESIAN_POINT('',(0.974518313282,1.140281188629,-0.400024289508
    ));
#466 = B_SPLINE_CURVE_WITH_KNOTS('',7,(#467,#468,#469,#470,#471,#472,
    #473,#474),.UNSPECIFIED.,.F.,.F.,(8,8),(0.,1.),
  .PIECEWISE_BEZIER_KNOTS.);
#467 = CARTESIAN_POINT('',(1.45641424651,1.534045063633E-15,
    -0.44358575349));
#468 = CARTESIAN_POINT('',(1.462685585959,0.181033543316,-0.437314414041
    ));
#469 = CARTESIAN_POINT('',(1.442692121747,0.363528744507,-0.431054545246
    ));
#470 = CARTESIAN_POINT('',(1.396139604554,0.542700789698,-0.424814137912
    ));
#471 = CARTESIAN_POINT('',(1.32390737375,0.713976380671,-0.418596684882)
  );
#472 = CARTESIAN_POINT('',(1.227711011039,0.873130447554,-0.412392869014
    ));
#473 = CARTESIAN_POINT('',(1.110089251328,1.016294380627,-0.406200031465
    ));
#474 = CARTESIAN_POINT('',(0.974518313282,1.140281188629,-0.400024289508
    ));
#475 = ORIENTED_EDGE('',*,*,#476,.T.);
#476 = EDGE_CURVE('',#464,#477,#479,.T.);
#477 = VERTEX_POINT('',#478);
#478 = CARTESIAN_POINT('',(-0.1181933444,1.495363232165,-0.399973045985)
  );
#479 = B_SPLINE_CURVE_WITH_KNOTS('',5,(#480,#481,#482,#483,#484,#485,
    #486,#487,#488,#489),.UNSPECIFIED.,.F.,.F.,(6,4,6),(0.,
    0.486008214401,1.),.UNSPECIFIED.);
#480 = CARTESIAN_POINT('',(0.974518313282,1.140281188629,-0.400024289508
    ));
#481 = CARTESIAN_POINT('',(0.887394457757,1.214740495137,-0.400023786969
    ));
#482 = CARTESIAN_POINT('',(0.7931576052,1.280883402267,-0.400020547459)
  );
#483 = CARTESIAN_POINT('',(0.692875602261,1.337797919083,-0.400014382821
    ));
#484 = CARTESIAN_POINT('',(0.587769102135,1.384789533361,-0.400006775403
    ));
#485 = CARTESIAN_POINT('',(0.36431561563,1.460134149021,-0.39999113749)
  );
#486 = CARTESIAN_POINT('',(0.245545789827,1.487261116317,-0.399983089703
    ));
#487 = CARTESIAN_POINT('',(0.124435582225,1.502255977689,-0.399976794684
    ));
#488 = CARTESIAN_POINT('',(2.636156832467E-03,1.504913097324,
    -0.399973529724));
#489 = CARTESIAN_POINT('',(-0.1181933444,1.495363232165,-0.399973045985)
  );
#490 = ORIENTED_EDGE('',*,*,#491,.T.);
#491 = EDGE_CURVE('',#477,#492,#494,.T.);
#492 = VERTEX_POINT('',#493);
#493 = CARTESIAN_POINT('',(1.20185434908,0.258630063131,-0.670632932783)
  );
#494 = B_SPLINE_CURVE_WITH_KNOTS('',5,(#495,#496,#497,#498,#499,#500,
    #501,#502,#503,#504,#505,#506,#507,#508,#509,#510,#511,#512,#513,
    #514,#515,#516),.UNSPECIFIED.,.F.,.F.,(6,4,4,4,4,6),(0.,
    0.156943018047,0.464583456029,0.724419437947,0.831605432774,1.),
  .UNSPECIFIED.);
#495 = CARTESIAN_POINT('',(-0.1181933444,1.495363232165,-0.399973045985)
  );
#496 = CARTESIAN_POINT('',(-5.3049092102E-02,1.492365324745,
    -0.408094618431));
#497 = CARTESIAN_POINT('',(1.172089138519E-02,1.485811089694,
    -0.416243017835));
#498 = CARTESIAN_POINT('',(7.585174012147E-02,1.47572613726,
    -0.424418427136));
#499 = CARTESIAN_POINT('',(0.139082638122,1.462166005525,-0.432621164073
    ));
#500 = CARTESIAN_POINT('',(0.32283491973,1.411990994736,-0.456985179344)
  );
#501 = CARTESIAN_POINT('',(0.440077698839,1.365738373813,-0.473226555141
    ));
#502 = CARTESIAN_POINT('',(0.550940444468,1.307107860594,-0.489576073783
    ));
#503 = CARTESIAN_POINT('',(0.653634600824,1.237179310415,-0.506043115094
    ));
#504 = CARTESIAN_POINT('',(0.82521012337,1.090090750231,-0.536637197728)
  );
#505 = CARTESIAN_POINT('',(0.896872742946,1.015737528639,-0.550731373036
    ));
#506 = CARTESIAN_POINT('',(0.960729061666,0.935274684019,-0.564912213268
    ));
#507 = CARTESIAN_POINT('',(1.016052092768,0.849772936563,-0.57918251083)
  );
#508 = CARTESIAN_POINT('',(1.08143640342,0.723587892147,-0.599462969505)
  );
#509 = CARTESIAN_POINT('',(1.098994479279,0.68608388186,-0.605400684113)
  );
#510 = CARTESIAN_POINT('',(1.114980718892,0.648011599771,-0.611353309287
    ));
#511 = CARTESIAN_POINT('',(1.129367368961,0.609458125066,-0.617320787207
    ));
#512 = CARTESIAN_POINT('',(1.162190608502,0.509328942301,-0.632701488538
    ));
#513 = CARTESIAN_POINT('',(1.178248739171,0.447177680812,-0.642136485612
    ));
#514 = CARTESIAN_POINT('',(1.190228082264,0.384409277044,-0.651607689525
    ));
#515 = CARTESIAN_POINT('',(1.198095488687,0.321380624767,-0.661115160293
    ));
#516 = CARTESIAN_POINT('',(1.201864811157,0.258455716322,-0.670659371209
    ));
#517 = ORIENTED_EDGE('',*,*,#518,.T.);
#518 = EDGE_CURVE('',#492,#390,#519,.T.);
#519 = CIRCLE('',#520,1.229367061317);
#520 = AXIS2_PLACEMENT_3D('',#521,#522,#523);
#521 = CARTESIAN_POINT('',(0.,0.,-0.670632938683));
#522 = DIRECTION('',(-0.,0.,1.));
#523 = DIRECTION('',(0.,-1.,0.));
#524 = CONICAL_SURFACE('',#525,1.9,0.785398163397);
#525 = AXIS2_PLACEMENT_3D('',#526,#527,#528);
#526 = CARTESIAN_POINT('',(0.,0.,0.));
#527 = DIRECTION('',(0.,0.,1.));
#528 = DIRECTION('',(-1.,0.,0.));
#529 = ADVANCED_FACE('',(#530),#674,.F.);
#530 = FACE_BOUND('',#531,.F.);
#531 = EDGE_LOOP('',(#532,#596,#602,#603,#604,#617,#640,#667));
#532 = ORIENTED_EDGE('',*,*,#533,.F.);
#533 = EDGE_CURVE('',#534,#536,#538,.T.);
#534 = VERTEX_POINT('',#535);
#535 = CARTESIAN_POINT('',(1.45641424651,-5.581318322405E-15,
    -4.05641424651));
#536 = VERTEX_POINT('',#537);
#537 = CARTESIAN_POINT('',(-0.25840989046,-1.201901699986,-3.82936705988
    ));
#538 = B_SPLINE_CURVE_WITH_KNOTS('',6,(#539,#540,#541,#542,#543,#544,
    #545,#546,#547,#548,#549,#550,#551,#552,#553,#554,#555,#556,#557,
    #558,#559,#560,#561,#562,#563,#564,#565,#566,#567,#568,#569,#570,
    #571,#572,#573,#574,#575,#576,#577,#578,#579,#580,#581,#582,#583,
    #584,#585,#586,#587,#588,#589,#590,#591,#592,#593,#594,#595),
  .UNSPECIFIED.,.F.,.F.,(7,5,5,5,5,5,5,5,5,5,5,7),(0.,0.114854468805,
    0.188447621192,0.306366556432,0.347439263629,0.381185121636,
    0.428072078502,0.49990107803,0.617438918205,0.777062867996,
    0.896609693377,1.),.UNSPECIFIED.);
#539 = CARTESIAN_POINT('',(1.45641424651,-8.881784197001E-16,
    -4.05641424651));
#540 = CARTESIAN_POINT('',(1.452236622257,0.120594670291,-4.05223662229)
  );
#541 = CARTESIAN_POINT('',(1.436069568826,0.240583941455,-4.048052250865
    ));
#542 = CARTESIAN_POINT('',(1.407983847312,0.358449468734,-4.043860671024
    ));
#543 = CARTESIAN_POINT('',(1.368312437691,0.472720045682,-4.03966002418)
  );
#544 = CARTESIAN_POINT('',(1.317612848029,0.581988706576,-4.035450702212
    ));
#545 = CARTESIAN_POINT('',(1.217652832261,0.750929398815,-4.028532143565
    ));
#546 = CARTESIAN_POINT('',(1.174416098128,0.814320994946,-4.025827088537
    ));
#547 = CARTESIAN_POINT('',(1.127188489945,0.87478914169,-4.023119096651)
  );
#548 = CARTESIAN_POINT('',(1.076214207573,0.932018587793,-4.02040831657)
  );
#549 = CARTESIAN_POINT('',(1.021770366573,0.985721509035,-4.017694842226
    ));
#550 = CARTESIAN_POINT('',(0.871863110672,1.115625829799,-4.010626785661
    ));
#551 = CARTESIAN_POINT('',(0.771433711614,1.185905383105,-4.006267643636
    ));
#552 = CARTESIAN_POINT('',(0.664153138448,1.245406093212,-4.001902334741
    ));
#553 = CARTESIAN_POINT('',(0.551463849699,1.293308109681,-3.997529872033
    ));
#554 = CARTESIAN_POINT('',(0.434925459143,1.329030460169,-3.993148854205
    ));
#555 = CARTESIAN_POINT('',(0.274839762579,1.360384372577,-3.987230696044
    ));
#556 = CARTESIAN_POINT('',(0.233217114967,1.366971712911,-3.98570079065)
  );
#557 = CARTESIAN_POINT('',(0.191396380654,1.372034458197,-3.984169806564
    ));
#558 = CARTESIAN_POINT('',(0.14944721,1.375564669792,-3.982637723203));
#559 = CARTESIAN_POINT('',(0.107439679737,1.377558671469,-3.981104525244
    ));
#560 = CARTESIAN_POINT('',(3.094034971178E-02,1.378393658556,
    -3.978309583661));
#561 = CARTESIAN_POINT('',(-3.555498171474E-03,1.377733654669,
    -3.977048204905));
#562 = CARTESIAN_POINT('',(-3.800418933075E-02,1.376037376355,
    -3.975786061129));
#563 = CARTESIAN_POINT('',(-7.236679465331E-02,1.373307121217,
    -3.974523149848));
#564 = CARTESIAN_POINT('',(-0.10660451726,1.369547145855,-3.973259471308
    ));
#565 = CARTESIAN_POINT('',(-0.18802181783,1.358117433327,-3.970238194341
    ));
#566 = CARTESIAN_POINT('',(-0.235049481559,1.349495314893,
    -3.968479882164));
#567 = CARTESIAN_POINT('',(-0.281657744207,1.338914050412,
    -3.966720101839));
#568 = CARTESIAN_POINT('',(-0.32774447511,1.326397514609,-3.964958869777
    ));
#569 = CARTESIAN_POINT('',(-0.37320935242,1.311976717088,-3.963196208912
    ));
#570 = CARTESIAN_POINT('',(-0.486500718178,1.270738880565,
    -3.958729676898));
#571 = CARTESIAN_POINT('',(-0.553358228878,1.241407871778,
    -3.956023881267));
#572 = CARTESIAN_POINT('',(-0.618172006355,1.207834207161,
    -3.953314934806));
#573 = CARTESIAN_POINT('',(-0.680604626017,1.170192483685,
    -3.950602909715));
#574 = CARTESIAN_POINT('',(-0.740338820584,1.128692869144,
    -3.947887864778));
#575 = CARTESIAN_POINT('',(-0.889930564472,1.009757970509,
    -3.940722427385));
#576 = CARTESIAN_POINT('',(-0.974778895309,0.926251515139,
    -3.936266678958));
#577 = CARTESIAN_POINT('',(-1.050322241869,0.834137158142,-3.9318038579)
  );
#578 = CARTESIAN_POINT('',(-1.115484177288,0.734708849583,
    -3.927333493422));
#579 = CARTESIAN_POINT('',(-1.169411713609,0.62942308288,-3.922854675689
    ));
#580 = CARTESIAN_POINT('',(-1.268737614654,0.371125515126,
    -3.912274621277));
#581 = CARTESIAN_POINT('',(-1.304194064662,0.214454562288,-3.90616393365
    ));
#582 = CARTESIAN_POINT('',(-1.316415743978,5.393733230678E-02,
    -3.900039176862));
#583 = CARTESIAN_POINT('',(-1.305039513174,-0.106158634757,
    -3.893897064203));
#584 = CARTESIAN_POINT('',(-1.270606192255,-0.261568364354,
    -3.887735858198));
#585 = CARTESIAN_POINT('',(-1.172994306027,-0.518116304284,
    -3.876935896867));
#586 = CARTESIAN_POINT('',(-1.119189058213,-0.623122204538,
    -3.872301717565));
#587 = CARTESIAN_POINT('',(-1.054060911461,-0.721594463444,
    -3.867659516076));
#588 = CARTESIAN_POINT('',(-0.978600059119,-0.812022436723,
    -3.863009182242));
#589 = CARTESIAN_POINT('',(-0.89404217853,-0.893081923337,
    -3.858350152386));
#590 = CARTESIAN_POINT('',(-0.722153541987,-1.024783095858,
    -3.849646849657));
#591 = CARTESIAN_POINT('',(-0.63673001713,-1.078063720123,
    -3.845603999461));
#592 = CARTESIAN_POINT('',(-0.546551749097,-1.122856609491,
    -3.841554891083));
#593 = CARTESIAN_POINT('',(-0.452669101944,-1.158634237338,
    -3.837498820893));
#594 = CARTESIAN_POINT('',(-0.356205298744,-1.185043088419,
    -3.83343505544));
#595 = CARTESIAN_POINT('',(-0.258331866793,-1.201915153762,
    -3.829363815249));
#596 = ORIENTED_EDGE('',*,*,#597,.F.);
#597 = EDGE_CURVE('',#310,#534,#598,.T.);
#598 = LINE('',#599,#600);
#599 = CARTESIAN_POINT('',(1.9,-4.65365783676E-16,-4.5));
#600 = VECTOR('',#601,1.);
#601 = DIRECTION('',(-0.707106781187,1.731912112471E-16,0.707106781187)
  );
#602 = ORIENTED_EDGE('',*,*,#309,.T.);
#603 = ORIENTED_EDGE('',*,*,#597,.T.);
#604 = ORIENTED_EDGE('',*,*,#605,.F.);
#605 = EDGE_CURVE('',#606,#534,#608,.T.);
#606 = VERTEX_POINT('',#607);
#607 = CARTESIAN_POINT('',(0.974518313283,-1.140281188629,
    -4.099975710492));
#608 = B_SPLINE_CURVE_WITH_KNOTS('',7,(#609,#610,#611,#612,#613,#614,
    #615,#616),.UNSPECIFIED.,.F.,.F.,(8,8),(0.,1.),
  .PIECEWISE_BEZIER_KNOTS.);
#609 = CARTESIAN_POINT('',(0.974518313282,-1.140281188629,
    -4.099975710492));
#610 = CARTESIAN_POINT('',(1.110089250755,-1.016294381151,
    -4.093799968561));
#611 = CARTESIAN_POINT('',(1.227711010778,-0.873130448081,
    -4.087607131004));
#612 = CARTESIAN_POINT('',(1.323907373795,-0.713976380874,
    -4.081403315126));
#613 = CARTESIAN_POINT('',(1.396139604453,-0.542700789691,
    -4.075185862088));
#614 = CARTESIAN_POINT('',(1.442692121591,-0.363528744925,-4.06894545477
    ));
#615 = CARTESIAN_POINT('',(1.462685585977,-0.181033543914,
    -4.062685585979));
#616 = CARTESIAN_POINT('',(1.45641424651,-2.22044604925E-16,
    -4.05641424651));
#617 = ORIENTED_EDGE('',*,*,#618,.F.);
#618 = EDGE_CURVE('',#619,#606,#621,.T.);
#619 = VERTEX_POINT('',#620);
#620 = CARTESIAN_POINT('',(-0.1181933444,-1.495363232165,-4.100026954015
    ));
#621 = B_SPLINE_CURVE_WITH_KNOTS('',5,(#622,#623,#624,#625,#626,#627,
    #628,#629,#630,#631,#632,#633,#634,#635,#636,#637,#638,#639),
  .UNSPECIFIED.,.F.,.F.,(6,4,4,4,6),(0.,3.997253468059E-02,
    0.515991345772,0.9400364602,1.),.UNSPECIFIED.);
#622 = CARTESIAN_POINT('',(-0.1181933444,-1.495363232165,-4.100026954015
    ));
#623 = CARTESIAN_POINT('',(-0.108796546153,-1.496105916321,
    -4.100026916395));
#624 = CARTESIAN_POINT('',(-9.939391290644E-02,-1.496774772304,
    -4.100026861877));
#625 = CARTESIAN_POINT('',(-8.998621810072E-02,-1.497369738905,
    -4.100026790381));
#626 = CARTESIAN_POINT('',(-8.05742359486E-02,-1.497890767122,
    -4.100026701874));
#627 = CARTESIAN_POINT('',(4.096706041965E-02,-1.503661617005,
    -4.100025339866));
#628 = CARTESIAN_POINT('',(0.153594501611,-1.49849446549,-4.100021679944
    ));
#629 = CARTESIAN_POINT('',(0.26540466375,-1.482774090898,-4.100015578592
    ));
#630 = CARTESIAN_POINT('',(0.375090594637,-1.456685264809,
    -4.100008112257));
#631 = CARTESIAN_POINT('',(0.576106830013,-1.388554016913,
    -4.099994037284));
#632 = CARTESIAN_POINT('',(0.668138210745,-1.348563027797,
    -4.099987416092));
#633 = CARTESIAN_POINT('',(0.756614767679,-1.300979621806,
    -4.099981759588));
#634 = CARTESIAN_POINT('',(0.840716987306,-1.246245673676,
    -4.099978061094));
#635 = CARTESIAN_POINT('',(0.93087952333,-1.176261828635,-4.09997620986)
  );
#636 = CARTESIAN_POINT('',(0.941947559548,-1.16745998169,-4.099976022085
    ));
#637 = CARTESIAN_POINT('',(0.952911382517,-1.158528149484,
    -4.099975876275));
#638 = CARTESIAN_POINT('',(0.963768963684,-1.149467984963,
    -4.099975772495));
#639 = CARTESIAN_POINT('',(0.974518313283,-1.140281188629,
    -4.099975710492));
#640 = ORIENTED_EDGE('',*,*,#641,.F.);
#641 = EDGE_CURVE('',#642,#619,#644,.T.);
#642 = VERTEX_POINT('',#643);
#643 = CARTESIAN_POINT('',(1.20185435925,-0.258629983843,-3.829367060479
    ));
#644 = B_SPLINE_CURVE_WITH_KNOTS('',5,(#645,#646,#647,#648,#649,#650,
    #651,#652,#653,#654,#655,#656,#657,#658,#659,#660,#661,#662,#663,
    #664,#665,#666),.UNSPECIFIED.,.F.,.F.,(6,4,4,4,4,6),(0.,
    0.168395271248,0.275581231831,0.535415850554,0.843056070533,1.),
  .UNSPECIFIED.);
#645 = CARTESIAN_POINT('',(1.201864766399,-0.258456463502,
    -3.829340742121));
#646 = CARTESIAN_POINT('',(1.19809539075,-0.32138161084,-3.838884988773)
  );
#647 = CARTESIAN_POINT('',(1.190227900054,-0.384410500227,
    -3.848392495004));
#648 = CARTESIAN_POINT('',(1.178248441672,-0.44717913518,-3.857863734109
    ));
#649 = CARTESIAN_POINT('',(1.162190165472,-0.509330617946,-3.8672987661)
  );
#650 = CARTESIAN_POINT('',(1.129366698143,-0.609459965095,
    -3.882679497192));
#651 = CARTESIAN_POINT('',(1.114979997509,-0.648013394607,
    -3.888646970255));
#652 = CARTESIAN_POINT('',(1.098993710355,-0.686085629702,
    -3.894599590594));
#653 = CARTESIAN_POINT('',(1.081435590052,-0.723589591434,
    -3.900537300385));
#654 = CARTESIAN_POINT('',(1.016051366054,-0.849774024935,
    -3.920817671898));
#655 = CARTESIAN_POINT('',(0.960728570432,-0.935275241302,
    -3.935087888068));
#656 = CARTESIAN_POINT('',(0.896872587951,-1.015737606173,
    -3.949268647941));
#657 = CARTESIAN_POINT('',(0.825210393299,-1.090090417875,
    -3.963362743857));
#658 = CARTESIAN_POINT('',(0.653635535207,-1.237178628909,
    -3.993956730468));
#659 = CARTESIAN_POINT('',(0.550941559894,-1.307107184522,
    -4.010423754426));
#660 = CARTESIAN_POINT('',(0.440079003266,-1.365737735944,
    -4.026773255949));
#661 = CARTESIAN_POINT('',(0.322836414166,-1.411990429558,
    -4.043014614827));
#662 = CARTESIAN_POINT('',(0.139084005804,-1.462165712218,
    -4.067378658501));
#663 = CARTESIAN_POINT('',(7.585278048952E-02,-1.475725973656,
    -4.075581440238));
#664 = CARTESIAN_POINT('',(1.172159187944E-02,-1.48581101881,
    -4.08375689404));
#665 = CARTESIAN_POINT('',(-5.304873983488E-02,-1.492365308533,
    -4.091905337652));
#666 = CARTESIAN_POINT('',(-0.1181933444,-1.495363232165,-4.100026954015
    ));
#667 = ORIENTED_EDGE('',*,*,#668,.F.);
#668 = EDGE_CURVE('',#536,#642,#669,.T.);
#669 = CIRCLE('',#670,1.229367061317);
#670 = AXIS2_PLACEMENT_3D('',#671,#672,#673);
#671 = CARTESIAN_POINT('',(0.,0.,-3.829367061317));
#672 = DIRECTION('',(-0.,0.,1.));
#673 = DIRECTION('',(0.,-1.,0.));
#674 = CONICAL_SURFACE('',#675,1.9,0.785398163397);
#675 = AXIS2_PLACEMENT_3D('',#676,#677,#678);
#676 = CARTESIAN_POINT('',(0.,0.,-4.5));
#677 = DIRECTION('',(-0.,-0.,-1.));
#678 = DIRECTION('',(1.,0.,0.));
#679 = ADVANCED_FACE('',(#680),#804,.T.);
#680 = FACE_BOUND('',#681,.T.);
#681 = EDGE_LOOP('',(#682,#700,#707,#797,#798,#799));
#682 = ORIENTED_EDGE('',*,*,#683,.F.);
#683 = EDGE_CURVE('',#684,#686,#688,.T.);
#684 = VERTEX_POINT('',#685);
#685 = CARTESIAN_POINT('',(1.5,-5.118798324882E-15,-0.96875));
#686 = VERTEX_POINT('',#687);
#687 = CARTESIAN_POINT('',(1.5,-5.118798324882E-15,-0.46875));
#688 = B_SPLINE_CURVE_WITH_KNOTS('',10,(#689,#690,#691,#692,#693,#694,
    #695,#696,#697,#698,#699),.UNSPECIFIED.,.F.,.F.,(11,11),(0.,
    6.303048278758),.PIECEWISE_BEZIER_KNOTS.);
#689 = CARTESIAN_POINT('',(1.5,6.543614031686E-16,-0.96875));
#690 = CARTESIAN_POINT('',(1.5,0.942420950886,-0.91875));
#691 = CARTESIAN_POINT('',(0.842207570563,1.885386309583,-0.868750000001
    ));
#692 = CARTESIAN_POINT('',(-0.475205458198,2.307203621035,
    -0.818749999998));
#693 = CARTESIAN_POINT('',(-1.978795827693,1.715959187776,
    -0.768750000003));
#694 = CARTESIAN_POINT('',(-2.776408017538,-6.887823644774E-13,
    -0.718749999997));
#695 = CARTESIAN_POINT('',(-1.978795827694,-1.715959187775,
    -0.668750000002));
#696 = CARTESIAN_POINT('',(-0.475205458198,-2.307203621036,
    -0.618749999999));
#697 = CARTESIAN_POINT('',(0.842207570563,-1.885386309583,
    -0.568750000001));
#698 = CARTESIAN_POINT('',(1.5,-0.942420950886,-0.51875));
#699 = CARTESIAN_POINT('',(1.5,-1.089195805293E-14,-0.46875));
#700 = ORIENTED_EDGE('',*,*,#701,.T.);
#701 = EDGE_CURVE('',#684,#702,#704,.T.);
#702 = VERTEX_POINT('',#703);
#703 = CARTESIAN_POINT('',(1.229367061317,-5.32941295833E-15,-0.8125));
#704 = B_SPLINE_CURVE_WITH_KNOTS('',1,(#705,#706),.UNSPECIFIED.,.F.,.F.,
  (2,2),(0.,0.485705080757),.PIECEWISE_BEZIER_KNOTS.);
#705 = CARTESIAN_POINT('',(1.5,-1.089195805293E-14,-0.96875));
#706 = CARTESIAN_POINT('',(1.079367061317,-1.006161184191E-14,
    -0.725897459622));
#707 = ORIENTED_EDGE('',*,*,#708,.T.);
#708 = EDGE_CURVE('',#702,#390,#709,.T.);
#709 = B_SPLINE_CURVE_WITH_KNOTS('',6,(#710,#711,#712,#713,#714,#715,
    #716,#717,#718,#719,#720,#721,#722,#723,#724,#725,#726,#727,#728,
    #729,#730,#731,#732,#733,#734,#735,#736,#737,#738,#739,#740,#741,
    #742,#743,#744,#745,#746,#747,#748,#749,#750,#751,#752,#753,#754,
    #755,#756,#757,#758,#759,#760,#761,#762,#763,#764,#765,#766,#767,
    #768,#769,#770,#771,#772,#773,#774,#775,#776,#777,#778,#779,#780,
    #781,#782,#783,#784,#785,#786,#787,#788,#789,#790,#791,#792,#793,
    #794,#795,#796),.UNSPECIFIED.,.F.,.F.,(7,5,5,5,5,5,5,5,5,5,5,5,5,5,5
    ,5,5,7),(0.,5.243922926013E-02,0.130438880526,0.249600914791,
    0.265296206195,0.306117406607,0.362119641042,0.429968873396,
    0.499967729259,0.598547560983,0.630220819467,0.685223386924,
    0.737891557716,0.791662707658,0.842664807185,0.942576958891,
    0.971576696362,1.),.UNSPECIFIED.);
#710 = CARTESIAN_POINT('',(1.229367061317,1.7763568394E-15,-0.8125));
#711 = CARTESIAN_POINT('',(1.229367061317,6.750770730958E-02,
    -0.80813008168));
#712 = CARTESIAN_POINT('',(1.224918574108,0.135016645116,-0.803759680971
    ));
#713 = CARTESIAN_POINT('',(1.216021589085,0.202157872579,-0.799389328913
    ));
#714 = CARTESIAN_POINT('',(1.202716574171,0.26856591004,-0.795019379511)
  );
#715 = CARTESIAN_POINT('',(1.185083669294,0.333882162685,-0.790650006155
    ));
#716 = CARTESIAN_POINT('',(1.130753760119,0.492769654548,-0.779782904376
    ));
#717 = CARTESIAN_POINT('',(1.08895085206,0.584602072666,-0.773285398573)
  );
#718 = CARTESIAN_POINT('',(1.038227503051,0.672103265937,-0.766789221895
    ));
#719 = CARTESIAN_POINT('',(0.979158787279,0.754203103265,-0.760292715331
    ));
#720 = CARTESIAN_POINT('',(0.912485242999,0.829938071857,-0.753794284257
    ));
#721 = CARTESIAN_POINT('',(0.726981471811,1.003182347747,-0.737365027993
    ));
#722 = CARTESIAN_POINT('',(0.599147809778,1.091136070799,-0.72742846941)
  );
#723 = CARTESIAN_POINT('',(0.458809945548,1.159299636315,-0.717491001453
    ));
#724 = CARTESIAN_POINT('',(0.309835719197,1.205635057319,-0.707552782039
    ));
#725 = CARTESIAN_POINT('',(0.156437588534,1.228984644431,-0.69761387623)
  );
#726 = CARTESIAN_POINT('',(-1.717063920509E-02,1.229413192112,
    -0.686373487642));
#727 = CARTESIAN_POINT('',(-3.737691715687E-02,1.229064565686,
    -0.68506534237));
#728 = CARTESIAN_POINT('',(-5.757435175884E-02,1.228317412342,
    -0.68375725895));
#729 = CARTESIAN_POINT('',(-7.775312658988E-02,1.227172030395,
    -0.682449237831));
#730 = CARTESIAN_POINT('',(-9.790343750874E-02,1.225629040695,
    -0.681141278879));
#731 = CARTESIAN_POINT('',(-0.17032406168,1.21864462477,-0.676431727675)
  );
#732 = CARTESIAN_POINT('',(-0.222374366398,1.210916558872,
    -0.673030484104));
#733 = CARTESIAN_POINT('',(-0.273993230954,1.200521967217,
    -0.669629628529));
#734 = CARTESIAN_POINT('',(-0.325010753479,1.187492030761,
    -0.666229116042));
#735 = CARTESIAN_POINT('',(-0.375260306083,1.171872333137,
    -0.662828878966));
#736 = CARTESIAN_POINT('',(-0.492237765408,1.128823764034,
    -0.654764326201));
#737 = CARTESIAN_POINT('',(-0.558146052697,1.099162726002,
    -0.650100094885));
#738 = CARTESIAN_POINT('',(-0.621882195396,1.064894732941,
    -0.645436073687));
#739 = CARTESIAN_POINT('',(-0.683046674713,1.026222715801,
    -0.640771931915));
#740 = CARTESIAN_POINT('',(-0.741266344239,0.983394847092,
    -0.636107377543));
#741 = CARTESIAN_POINT('',(-0.86275265446,0.880131151698,-0.625790718316
    ));
#742 = CARTESIAN_POINT('',(-0.92448503001,0.817883936556,-0.62013814571)
  );
#743 = CARTESIAN_POINT('',(-0.980786495422,0.750478663699,-0.61448495664
    ));
#744 = CARTESIAN_POINT('',(-1.031128343291,0.678513665185,
    -0.608830944596));
#745 = CARTESIAN_POINT('',(-1.075071516748,0.60265576164,-0.603176068373
    ));
#746 = CARTESIAN_POINT('',(-1.15065761689,0.442098260903,-0.591686828671
    ));
#747 = CARTESIAN_POINT('',(-1.181869519723,0.357188680169,
    -0.585852018206));
#748 = CARTESIAN_POINT('',(-1.205536820612,0.269695636344,
    -0.580017392181));
#749 = CARTESIAN_POINT('',(-1.221406469614,0.180458535149,-0.57418302864
    ));
#750 = CARTESIAN_POINT('',(-1.229349997033,9.034455492543E-02,
    -0.568348910263));
#751 = CARTESIAN_POINT('',(-1.229391040108,-0.126672872241,
    -0.554300376302));
#752 = CARTESIAN_POINT('',(-1.213694699428,-0.253601314093,
    -0.546084984913));
#753 = CARTESIAN_POINT('',(-1.182268932519,-0.37807362835,
    -0.537872246798));
#754 = CARTESIAN_POINT('',(-1.135640200799,-0.49768550293,
    -0.529659953765));
#755 = CARTESIAN_POINT('',(-1.074774040112,-0.610172091867,
    -0.521445366833));
#756 = CARTESIAN_POINT('',(-0.97745106874,-0.746723107582,
    -0.510591463527));
#757 = CARTESIAN_POINT('',(-0.952463615791,-0.778986051828,
    -0.507952018223));
#758 = CARTESIAN_POINT('',(-0.92620152574,-0.810241198662,
    -0.505312422918));
#759 = CARTESIAN_POINT('',(-0.89871590796,-0.840426045102,
    -0.502672669426));
#760 = CARTESIAN_POINT('',(-0.870061904289,-0.869481620452,
    -0.500032757616));
#761 = CARTESIAN_POINT('',(-0.788613029462,-0.945751964363,
    -0.492808064523));
#762 = CARTESIAN_POINT('',(-0.733581302141,-0.990579730228,
    -0.488222909426));
#763 = CARTESIAN_POINT('',(-0.675513917681,-1.031545167279,
    -0.483637416129));
#764 = CARTESIAN_POINT('',(-0.614752097767,-1.068395757257,
    -0.479051640573));
#765 = CARTESIAN_POINT('',(-0.5516637261,-1.10091976426,-0.47446569847)
  );
#766 = CARTESIAN_POINT('',(-0.424374417193,-1.155788471199,
    -0.46548883807));
#767 = CARTESIAN_POINT('',(-0.360332677752,-1.178507337519,
    -0.461097784176));
#768 = CARTESIAN_POINT('',(-0.294856625616,-1.196957912144,
    -0.456707099957));
#769 = CARTESIAN_POINT('',(-0.228302485648,-1.211031410891,
    -0.452316911394));
#770 = CARTESIAN_POINT('',(-0.16103624085,-1.220658790236,
    -0.447927297005));
#771 = CARTESIAN_POINT('',(-2.440756277749E-02,-1.231072454759,
    -0.43905763275));
#772 = CARTESIAN_POINT('',(4.49710967765E-02,-1.231669501494,
    -0.434577493799));
#773 = CARTESIAN_POINT('',(0.114310303644,-1.227572677342,
    -0.430098193993));
#774 = CARTESIAN_POINT('',(0.183213950349,-1.218796498634,
    -0.425619598668));
#775 = CARTESIAN_POINT('',(0.251290019746,-1.205399745827,
    -0.421141470757));
#776 = CARTESIAN_POINT('',(0.381576477802,-1.170492968453,
    -0.412416507189));
#777 = CARTESIAN_POINT('',(0.443909916132,-1.149435884551,
    -0.408169535601));
#778 = CARTESIAN_POINT('',(0.50482808141,-1.124401455061,-0.403922676124
    ));
#779 = CARTESIAN_POINT('',(0.564015441801,-1.09551154577,-0.399675613266
    ));
#780 = CARTESIAN_POINT('',(0.621171180474,-1.062920909553,
    -0.395428048741));
#781 = CARTESIAN_POINT('',(0.783444992357,-0.956086667398,-0.38285795149
    ));
#782 = CARTESIAN_POINT('',(0.882015262033,-0.871857262226,
    -0.374532317017));
#783 = CARTESIAN_POINT('',(0.969559689552,-0.775540676237,
    -0.366204858203));
#784 = CARTESIAN_POINT('',(1.044293935082,-0.668980126722,
    -0.357874009784));
#785 = CARTESIAN_POINT('',(1.104814695594,-0.554320455818,
    -0.349542071588));
#786 = CARTESIAN_POINT('',(1.163398068129,-0.399051401655,
    -0.338795745768));
#787 = CARTESIAN_POINT('',(1.175304043483,-0.363642094261,
    -0.336378418726));
#788 = CARTESIAN_POINT('',(1.185915278114,-0.327810613069,
    -0.333961270462));
#789 = CARTESIAN_POINT('',(1.195213463072,-0.291616115345,
    -0.331544311908));
#790 = CARTESIAN_POINT('',(1.203183908798,-0.255118769861,
    -0.329127529133));
#791 = CARTESIAN_POINT('',(1.216315363039,-0.18237101294,-0.324342273724
    ));
#792 = CARTESIAN_POINT('',(1.221529098329,-0.146129961998,-0.32197379457
    ));
#793 = CARTESIAN_POINT('',(1.225446342047,-0.109714206777,
    -0.319605401368));
#794 = CARTESIAN_POINT('',(1.228060153714,-7.318170048604E-02,
    -0.317237030118));
#795 = CARTESIAN_POINT('',(1.229367061317,-3.659074682809E-02,
    -0.314868597324));
#796 = CARTESIAN_POINT('',(1.229367061317,-5.573319583618E-14,-0.3125));
#797 = ORIENTED_EDGE('',*,*,#389,.T.);
#798 = ORIENTED_EDGE('',*,*,#416,.T.);
#799 = ORIENTED_EDGE('',*,*,#800,.F.);
#800 = EDGE_CURVE('',#686,#417,#801,.T.);
#801 = B_SPLINE_CURVE_WITH_KNOTS('',1,(#802,#803),.UNSPECIFIED.,.F.,.F.,
  (2,2),(0.,0.485705080757),.PIECEWISE_BEZIER_KNOTS.);
#802 = CARTESIAN_POINT('',(1.5,-1.089195805293E-14,-0.46875));
#803 = CARTESIAN_POINT('',(1.079367061317,-1.006161184191E-14,
    -0.225897459622));
#804 = B_SPLINE_SURFACE_WITH_KNOTS('',1,10,(
    (#805,#806,#807,#808,#809,#810,#811,#812,#813,#814,#815)
    ,(#816,#817,#818,#819,#820,#821,#822,#823,#824,#825,#826
  )),.UNSPECIFIED.,.F.,.F.,.F.,(2,2),(11,11),(0.,0.485705080757),(0.,
    6.303048278758),.PIECEWISE_BEZIER_KNOTS.);
#805 = CARTESIAN_POINT('',(1.5,6.543614031686E-16,-0.96875));
#806 = CARTESIAN_POINT('',(1.5,0.942420950886,-0.91875));
#807 = CARTESIAN_POINT('',(0.842207570563,1.885386309583,-0.868750000001
    ));
#808 = CARTESIAN_POINT('',(-0.475205458198,2.307203621035,
    -0.818749999998));
#809 = CARTESIAN_POINT('',(-1.978795827693,1.715959187776,
    -0.768750000003));
#810 = CARTESIAN_POINT('',(-2.776408017538,-6.887823644774E-13,
    -0.718749999997));
#811 = CARTESIAN_POINT('',(-1.978795827694,-1.715959187775,
    -0.668750000002));
#812 = CARTESIAN_POINT('',(-0.475205458198,-2.307203621036,
    -0.618749999999));
#813 = CARTESIAN_POINT('',(0.842207570563,-1.885386309583,
    -0.568750000001));
#814 = CARTESIAN_POINT('',(1.5,-0.942420950886,-0.51875));
#815 = CARTESIAN_POINT('',(1.5,-1.089195805293E-14,-0.46875));
#816 = CARTESIAN_POINT('',(1.079367061317,5.965291944961E-16,
    -0.725897459622));
#817 = CARTESIAN_POINT('',(1.079367061317,0.678186326072,-0.675897459621
    ));
#818 = CARTESIAN_POINT('',(0.606005523017,1.35635557525,-0.625897459622)
  );
#819 = CARTESIAN_POINT('',(-0.341822337003,1.660956728036,-0.57589745962
    ));
#820 = CARTESIAN_POINT('',(-1.424167538763,1.234054792996,
    -0.525897459624));
#821 = CARTESIAN_POINT('',(-1.997498119666,3.566036355096E-13,
    -0.475897459619));
#822 = CARTESIAN_POINT('',(-1.424167538763,-1.234054792997,
    -0.425897459623));
#823 = CARTESIAN_POINT('',(-0.341822337002,-1.660956728035,
    -0.37589745962));
#824 = CARTESIAN_POINT('',(0.606005523017,-1.35635557525,-0.325897459622
    ));
#825 = CARTESIAN_POINT('',(1.079367061317,-0.678186326072,
    -0.275897459621));
#826 = CARTESIAN_POINT('',(1.079367061317,-1.006161184191E-14,
    -0.225897459622));
#827 = ADVANCED_FACE('',(#828),#943,.T.);
#828 = FACE_BOUND('',#829,.T.);
#829 = EDGE_LOOP('',(#830,#921,#928,#942));
#830 = ORIENTED_EDGE('',*,*,#831,.F.);
#831 = EDGE_CURVE('',#832,#492,#834,.T.);
#832 = VERTEX_POINT('',#833);
#833 = CARTESIAN_POINT('',(1.229367061317,-5.32941295833E-15,-0.6875));
#834 = B_SPLINE_CURVE_WITH_KNOTS('',7,(#835,#836,#837,#838,#839,#840,
    #841,#842,#843,#844,#845,#846,#847,#848,#849,#850,#851,#852,#853,
    #854,#855,#856,#857,#858,#859,#860,#861,#862,#863,#864,#865,#866,
    #867,#868,#869,#870,#871,#872,#873,#874,#875,#876,#877,#878,#879,
    #880,#881,#882,#883,#884,#885,#886,#887,#888,#889,#890,#891,#892,
    #893,#894,#895,#896,#897,#898,#899,#900,#901,#902,#903,#904,#905,
    #906,#907,#908,#909,#910,#911,#912,#913,#914,#915,#916,#917,#918,
    #919,#920),.UNSPECIFIED.,.F.,.F.,(8,6,6,6,6,6,6,6,6,6,6,6,6,6,8),(0.
    ,5.744493794677E-02,0.130452660179,0.263620359031,0.447920230214,
    0.464921888386,0.501651705518,0.598515085699,0.638200648953,
    0.737884081973,0.851680409482,0.902454529445,0.947458778324,
    0.972461071239,1.),.UNSPECIFIED.);
#835 = CARTESIAN_POINT('',(1.229367061317,6.661338147751E-16,-0.6875));
#836 = CARTESIAN_POINT('',(1.229367061317,6.338080067005E-02,
    -0.683397225176));
#837 = CARTESIAN_POINT('',(1.225554743898,0.126762914748,-0.679294879193
    ));
#838 = CARTESIAN_POINT('',(1.217930108117,0.189868984584,-0.675192564559
    ));
#839 = CARTESIAN_POINT('',(1.206518138586,0.252423941402,-0.671089910201
    ));
#840 = CARTESIAN_POINT('',(1.191368417595,0.314156563254,-0.666986667439
    ));
#841 = CARTESIAN_POINT('',(1.172554737237,0.374801032992,-0.662882805955
    ));
#842 = CARTESIAN_POINT('',(1.121731566508,0.509460623478,-0.653562518914
    ));
#843 = CARTESIAN_POINT('',(1.087526229063,0.5826512347,-0.64834555877));
#844 = CARTESIAN_POINT('',(1.047760012558,0.653137277713,-0.643128402811
    ));
#845 = CARTESIAN_POINT('',(1.002692853342,0.720414198192,-0.637911524229
    ));
#846 = CARTESIAN_POINT('',(0.952640128516,0.784010870775,-0.632695273016
    ));
#847 = CARTESIAN_POINT('',(0.897969473706,0.843494530185,-0.62747995305)
  );
#848 = CARTESIAN_POINT('',(0.731714003633,0.998762575496,-0.612755349698
    ));
#849 = CARTESIAN_POINT('',(0.610299793987,1.084119930835,-0.60324431726)
  );
#850 = CARTESIAN_POINT('',(0.477423104681,1.152105761085,-0.593740585403
    ));
#851 = CARTESIAN_POINT('',(0.336109661873,1.200961814212,-0.584239608897
    ));
#852 = CARTESIAN_POINT('',(0.189619602443,1.229562691557,-0.574734560472
    ));
#853 = CARTESIAN_POINT('',(4.141559866283E-02,1.237423126708,
    -0.565222650789));
#854 = CARTESIAN_POINT('',(-0.30757706082,1.207513334158,-0.542548945703
    ));
#855 = CARTESIAN_POINT('',(-0.507145404136,1.151025351012,
    -0.529359651944));
#856 = CARTESIAN_POINT('',(-0.69400988336,1.056024367849,-0.516183549675
    ));
#857 = CARTESIAN_POINT('',(-0.859486668868,0.926348639199,
    -0.503015518839));
#858 = CARTESIAN_POINT('',(-0.996407817642,0.767612364769,
    -0.489851231187));
#859 = CARTESIAN_POINT('',(-1.098968372509,0.587333505008,
    -0.476670941578));
#860 = CARTESIAN_POINT('',(-1.170286954276,0.376992966004,
    -0.462296923278));
#861 = CARTESIAN_POINT('',(-1.175994171978,0.359120670704,
    -0.461082909628));
#862 = CARTESIAN_POINT('',(-1.181382843509,0.341147924776,
    -0.459868890325));
#863 = CARTESIAN_POINT('',(-1.186450860495,0.323081543276,
    -0.458654863133));
#864 = CARTESIAN_POINT('',(-1.191196297945,0.304928392491,
    -0.457440825956));
#865 = CARTESIAN_POINT('',(-1.195617414247,0.286695389939,
    -0.456226776838));
#866 = CARTESIAN_POINT('',(-1.208559864904,0.228842077732,
    -0.452389892895));
#867 = CARTESIAN_POINT('',(-1.215886171224,0.188954284719,
    -0.449767005766));
#868 = CARTESIAN_POINT('',(-1.221675821878,0.148796696544,-0.44714403429
    ));
#869 = CARTESIAN_POINT('',(-1.225917191654,0.10844031659,-0.444520965812
    ));
#870 = CARTESIAN_POINT('',(-1.228602778391,6.795658040843E-02,
    -0.441897793309));
#871 = CARTESIAN_POINT('',(-1.229729202977,2.741735572137E-02,
    -0.439274515391));
#872 = CARTESIAN_POINT('',(-1.228157961564,-0.119970221411,
    -0.429732796209));
#873 = CARTESIAN_POINT('',(-1.216180195075,-0.226732926375,
    -0.422812909253));
#874 = CARTESIAN_POINT('',(-1.193373802371,-0.332050545315,
    -0.41589297371));
#875 = CARTESIAN_POINT('',(-1.159961769434,-0.434612069599,
    -0.408973155123));
#876 = CARTESIAN_POINT('',(-1.116355117714,-0.533154908642,
    -0.402053246308));
#877 = CARTESIAN_POINT('',(-1.063145632231,-0.626487682442,
    -0.395133554889));
#878 = CARTESIAN_POINT('',(-0.975702581916,-0.74917631266,-0.38538143531
    ));
#879 = CARTESIAN_POINT('',(-0.9488068508,-0.783777875426,-0.382547321037
    ));
#880 = CARTESIAN_POINT('',(-0.920482215394,-0.81724933775,
    -0.379713392444));
#881 = CARTESIAN_POINT('',(-0.890785874118,-0.849520173595,
    -0.376879656797));
#882 = CARTESIAN_POINT('',(-0.85977919088,-0.88052368857,-0.374046111743
    ));
#883 = CARTESIAN_POINT('',(-0.827527695068,-0.910197019932,
    -0.37121274531));
#884 = CARTESIAN_POINT('',(-0.710139073319,-1.009526061145,
    -0.361262992336));
#885 = CARTESIAN_POINT('',(-0.618750063693,-1.071816998656,
    -0.354146458587));
#886 = CARTESIAN_POINT('',(-0.521049611327,-1.12440312877,-0.34703126721
    ));
#887 = CARTESIAN_POINT('',(-0.418282690367,-1.166539469554,
    -0.339916377696));
#888 = CARTESIAN_POINT('',(-0.311789273014,-1.197676916706,
    -0.332799987442));
#889 = CARTESIAN_POINT('',(-0.202978551071,-1.217472614114,
    -0.325681169584));
#890 = CARTESIAN_POINT('',(3.188126260381E-02,-1.235350589195,
    -0.31043392872));
#891 = CARTESIAN_POINT('',(0.158238883542,-1.22996557705,-0.302302165232
    ));
#892 = CARTESIAN_POINT('',(0.283575348488,-1.209488016642,
    -0.294169277604));
#893 = CARTESIAN_POINT('',(0.405741832544,-1.174159430667,
    -0.286035651218));
#894 = CARTESIAN_POINT('',(0.522664180482,-1.124579131364,
    -0.277901355247));
#895 = CARTESIAN_POINT('',(0.632394951514,-1.061689576474,
    -0.269767750697));
#896 = CARTESIAN_POINT('',(0.778148305804,-0.95339762901,-0.258011180172
    ));
#897 = CARTESIAN_POINT('',(0.821340994084,-0.917595778171,-0.25438442748
    ));
#898 = CARTESIAN_POINT('',(0.862604529849,-0.879516755615,
    -0.250758219926));
#899 = CARTESIAN_POINT('',(0.901795528894,-0.839286054838,-0.24713253158
    ));
#900 = CARTESIAN_POINT('',(0.938781150308,-0.7970400841,-0.243507262902)
  );
#901 = CARTESIAN_POINT('',(0.973439756885,-0.75292547881,-0.239882293345
    ));
#902 = CARTESIAN_POINT('',(1.034221770102,-0.666479046499,-0.23304468511
    ));
#903 = CARTESIAN_POINT('',(1.060867928922,-0.624513756161,-0.22983195854
    ));
#904 = CARTESIAN_POINT('',(1.08552370017,-0.581311200402,-0.22661928873)
  );
#905 = CARTESIAN_POINT('',(1.108120730805,-0.53698494135,-0.223406559128
    ));
#906 = CARTESIAN_POINT('',(1.128598888059,-0.491652992324,
    -0.220193648019));
#907 = CARTESIAN_POINT('',(1.146906480951,-0.445437364389,
    -0.216980474385));
#908 = CARTESIAN_POINT('',(1.171941569194,-0.372367154855,
    -0.211981809361));
#909 = CARTESIAN_POINT('',(1.180199492595,-0.346036603753,-0.21019648986
    ));
#910 = CARTESIAN_POINT('',(1.187766886128,-0.319493464762,
    -0.208411080511));
#911 = CARTESIAN_POINT('',(1.194637244942,-0.292759466838,
    -0.206625581891));
#912 = CARTESIAN_POINT('',(1.200804925197,-0.265856562749,
    -0.204839999911));
#913 = CARTESIAN_POINT('',(1.206265144063,-0.238806929068,
    -0.203054345814));
#914 = CARTESIAN_POINT('',(1.216244613861,-0.181702038209,
    -0.199301755347));
#915 = CARTESIAN_POINT('',(1.220612209852,-0.151620190686,
    -0.197334803573));
#916 = CARTESIAN_POINT('',(1.224111528028,-0.121417377461,
    -0.195367807988));
#917 = CARTESIAN_POINT('',(1.226738638211,-9.112367968351E-02,
    -0.19340079772));
#918 = CARTESIAN_POINT('',(1.228490919709,-6.076930580129E-02,
    -0.191433803892));
#919 = CARTESIAN_POINT('',(1.229367061317,-3.038459155936E-02,
    -0.189466859616));
#920 = CARTESIAN_POINT('',(1.229367061317,0.,-0.1875));
#921 = ORIENTED_EDGE('',*,*,#922,.T.);
#922 = EDGE_CURVE('',#832,#923,#925,.T.);
#923 = VERTEX_POINT('',#924);
#924 = CARTESIAN_POINT('',(1.5,-5.118798324882E-15,-0.53125));
#925 = B_SPLINE_CURVE_WITH_KNOTS('',1,(#926,#927),.UNSPECIFIED.,.F.,.F.,
  (2,2),(0.,0.485705080757),.PIECEWISE_BEZIER_KNOTS.);
#926 = CARTESIAN_POINT('',(1.079367061317,-1.006161184191E-14,
    -0.774102540378));
#927 = CARTESIAN_POINT('',(1.5,-1.089195805293E-14,-0.53125));
#928 = ORIENTED_EDGE('',*,*,#929,.T.);
#929 = EDGE_CURVE('',#923,#477,#930,.T.);
#930 = B_SPLINE_CURVE_WITH_KNOTS('',10,(#931,#932,#933,#934,#935,#936,
    #937,#938,#939,#940,#941),.UNSPECIFIED.,.F.,.F.,(11,11),(0.,
    6.303048278758),.PIECEWISE_BEZIER_KNOTS.);
#931 = CARTESIAN_POINT('',(1.5,6.543614031686E-16,-0.53125));
#932 = CARTESIAN_POINT('',(1.5,0.942420950886,-0.48125));
#933 = CARTESIAN_POINT('',(0.842207570563,1.885386309583,-0.431250000001
    ));
#934 = CARTESIAN_POINT('',(-0.475205458198,2.307203621035,
    -0.381249999998));
#935 = CARTESIAN_POINT('',(-1.978795827693,1.715959187776,
    -0.331250000002));
#936 = CARTESIAN_POINT('',(-2.776408017538,-6.887823644774E-13,
    -0.281249999998));
#937 = CARTESIAN_POINT('',(-1.978795827694,-1.715959187775,
    -0.231250000002));
#938 = CARTESIAN_POINT('',(-0.475205458198,-2.307203621036,
    -0.181249999999));
#939 = CARTESIAN_POINT('',(0.842207570563,-1.885386309583,
    -0.131250000001));
#940 = CARTESIAN_POINT('',(1.5,-0.942420950886,-8.124999999986E-02));
#941 = CARTESIAN_POINT('',(1.5,-1.089195805293E-14,-3.125E-02));
#942 = ORIENTED_EDGE('',*,*,#491,.T.);
#943 = B_SPLINE_SURFACE_WITH_KNOTS('',1,10,(
    (#944,#945,#946,#947,#948,#949,#950,#951,#952,#953,#954)
    ,(#955,#956,#957,#958,#959,#960,#961,#962,#963,#964,#965
  )),.UNSPECIFIED.,.F.,.F.,.F.,(2,2),(11,11),(0.,0.485705080757),(0.,
    6.303048278758),.PIECEWISE_BEZIER_KNOTS.);
#944 = CARTESIAN_POINT('',(1.079367061317,5.965291944961E-16,
    -0.774102540378));
#945 = CARTESIAN_POINT('',(1.079367061317,0.678186326072,-0.724102540378
    ));
#946 = CARTESIAN_POINT('',(0.606005523017,1.35635557525,-0.674102540379)
  );
#947 = CARTESIAN_POINT('',(-0.341822337003,1.660956728036,
    -0.624102540377));
#948 = CARTESIAN_POINT('',(-1.424167538763,1.234054792996,
    -0.574102540381));
#949 = CARTESIAN_POINT('',(-1.997498119666,3.566036355096E-13,
    -0.524102540376));
#950 = CARTESIAN_POINT('',(-1.424167538763,-1.234054792997,
    -0.47410254038));
#951 = CARTESIAN_POINT('',(-0.341822337002,-1.660956728035,
    -0.424102540377));
#952 = CARTESIAN_POINT('',(0.606005523017,-1.35635557525,-0.374102540379
    ));
#953 = CARTESIAN_POINT('',(1.079367061317,-0.678186326072,
    -0.324102540378));
#954 = CARTESIAN_POINT('',(1.079367061317,-1.006161184191E-14,
    -0.274102540378));
#955 = CARTESIAN_POINT('',(1.5,6.543614031686E-16,-0.53125));
#956 = CARTESIAN_POINT('',(1.5,0.942420950886,-0.48125));
#957 = CARTESIAN_POINT('',(0.842207570563,1.885386309583,-0.431250000001
    ));
#958 = CARTESIAN_POINT('',(-0.475205458198,2.307203621035,
    -0.381249999998));
#959 = CARTESIAN_POINT('',(-1.978795827693,1.715959187776,
    -0.331250000002));
#960 = CARTESIAN_POINT('',(-2.776408017538,-6.887823644774E-13,
    -0.281249999998));
#961 = CARTESIAN_POINT('',(-1.978795827694,-1.715959187775,
    -0.231250000002));
#962 = CARTESIAN_POINT('',(-0.475205458198,-2.307203621036,
    -0.181249999999));
#963 = CARTESIAN_POINT('',(0.842207570563,-1.885386309583,
    -0.131250000001));
#964 = CARTESIAN_POINT('',(1.5,-0.942420950886,-8.124999999986E-02));
#965 = CARTESIAN_POINT('',(1.5,-1.089195805293E-14,-3.125E-02));
#966 = ADVANCED_FACE('',(#967),#990,.T.);
#967 = FACE_BOUND('',#968,.T.);
#968 = EDGE_LOOP('',(#969,#970,#975,#989));
#969 = ORIENTED_EDGE('',*,*,#929,.F.);
#970 = ORIENTED_EDGE('',*,*,#971,.T.);
#971 = EDGE_CURVE('',#923,#686,#972,.T.);
#972 = B_SPLINE_CURVE_WITH_KNOTS('',1,(#973,#974),.UNSPECIFIED.,.F.,.F.,
  (2,2),(0.,6.25E-02),.PIECEWISE_BEZIER_KNOTS.);
#973 = CARTESIAN_POINT('',(1.5,-1.089195805293E-14,-0.53125));
#974 = CARTESIAN_POINT('',(1.5,-1.089195805293E-14,-0.46875));
#975 = ORIENTED_EDGE('',*,*,#976,.T.);
#976 = EDGE_CURVE('',#686,#464,#977,.T.);
#977 = B_SPLINE_CURVE_WITH_KNOTS('',10,(#978,#979,#980,#981,#982,#983,
    #984,#985,#986,#987,#988),.UNSPECIFIED.,.F.,.F.,(11,11),(0.,
    6.303048278758),.PIECEWISE_BEZIER_KNOTS.);
#978 = CARTESIAN_POINT('',(1.5,6.543614031686E-16,-0.46875));
#979 = CARTESIAN_POINT('',(1.5,0.942420950886,-0.41875));
#980 = CARTESIAN_POINT('',(0.842207570563,1.885386309583,-0.368750000001
    ));
#981 = CARTESIAN_POINT('',(-0.475205458198,2.307203621035,
    -0.318749999998));
#982 = CARTESIAN_POINT('',(-1.978795827693,1.715959187776,
    -0.268750000003));
#983 = CARTESIAN_POINT('',(-2.776408017538,-6.887823644774E-13,
    -0.218749999997));
#984 = CARTESIAN_POINT('',(-1.978795827694,-1.715959187775,
    -0.168750000002));
#985 = CARTESIAN_POINT('',(-0.475205458198,-2.307203621036,
    -0.118749999999));
#986 = CARTESIAN_POINT('',(0.842207570563,-1.885386309583,
    -6.875000000058E-02));
#987 = CARTESIAN_POINT('',(1.5,-0.942420950886,-1.874999999985E-02));
#988 = CARTESIAN_POINT('',(1.5,-1.089195805293E-14,3.125E-02));
#989 = ORIENTED_EDGE('',*,*,#476,.T.);
#990 = B_SPLINE_SURFACE_WITH_KNOTS('',1,10,(
    (#991,#992,#993,#994,#995,#996,#997,#998,#999,#1000,#1001)
    ,(#1002,#1003,#1004,#1005,#1006,#1007,#1008,#1009,#1010,#1011,#1012
    )),.UNSPECIFIED.,.F.,.F.,.F.,(2,2),(11,11),(0.,6.25E-02),(0.,
    6.303048278758),.PIECEWISE_BEZIER_KNOTS.);
#991 = CARTESIAN_POINT('',(1.5,6.543614031686E-16,-0.53125));
#992 = CARTESIAN_POINT('',(1.5,0.942420950886,-0.48125));
#993 = CARTESIAN_POINT('',(0.842207570563,1.885386309583,-0.431250000001
    ));
#994 = CARTESIAN_POINT('',(-0.475205458198,2.307203621035,
    -0.381249999998));
#995 = CARTESIAN_POINT('',(-1.978795827693,1.715959187776,
    -0.331250000002));
#996 = CARTESIAN_POINT('',(-2.776408017538,-6.887823644774E-13,
    -0.281249999998));
#997 = CARTESIAN_POINT('',(-1.978795827694,-1.715959187775,
    -0.231250000002));
#998 = CARTESIAN_POINT('',(-0.475205458198,-2.307203621036,
    -0.181249999999));
#999 = CARTESIAN_POINT('',(0.842207570563,-1.885386309583,
    -0.131250000001));
#1000 = CARTESIAN_POINT('',(1.5,-0.942420950886,-8.124999999986E-02));
#1001 = CARTESIAN_POINT('',(1.5,-1.089195805293E-14,-3.125E-02));
#1002 = CARTESIAN_POINT('',(1.5,6.543614031686E-16,-0.46875));
#1003 = CARTESIAN_POINT('',(1.5,0.942420950886,-0.41875));
#1004 = CARTESIAN_POINT('',(0.842207570563,1.885386309583,
    -0.368750000001));
#1005 = CARTESIAN_POINT('',(-0.475205458198,2.307203621035,
    -0.318749999998));
#1006 = CARTESIAN_POINT('',(-1.978795827693,1.715959187776,
    -0.268750000003));
#1007 = CARTESIAN_POINT('',(-2.776408017538,-6.887823644774E-13,
    -0.218749999997));
#1008 = CARTESIAN_POINT('',(-1.978795827694,-1.715959187775,
    -0.168750000002));
#1009 = CARTESIAN_POINT('',(-0.475205458198,-2.307203621036,
    -0.118749999999));
#1010 = CARTESIAN_POINT('',(0.842207570563,-1.885386309583,
    -6.875000000058E-02));
#1011 = CARTESIAN_POINT('',(1.5,-0.942420950886,-1.874999999985E-02));
#1012 = CARTESIAN_POINT('',(1.5,-1.089195805293E-14,3.125E-02));
#1013 = ADVANCED_FACE('',(#1014),#1019,.T.);
#1014 = FACE_BOUND('',#1015,.T.);
#1015 = EDGE_LOOP('',(#1016,#1017,#1018));
#1016 = ORIENTED_EDGE('',*,*,#976,.F.);
#1017 = ORIENTED_EDGE('',*,*,#800,.T.);
#1018 = ORIENTED_EDGE('',*,*,#463,.T.);
#1019 = B_SPLINE_SURFACE_WITH_KNOTS('',1,10,(
    (#1020,#1021,#1022,#1023,#1024,#1025,#1026,#1027,#1028,#1029,#1030)
    ,(#1031,#1032,#1033,#1034,#1035,#1036,#1037,#1038,#1039,#1040,#1041
    )),.UNSPECIFIED.,.F.,.F.,.F.,(2,2),(11,11),(0.,0.485705080757),(0.,
    6.303048278758),.PIECEWISE_BEZIER_KNOTS.);
#1020 = CARTESIAN_POINT('',(1.5,6.543614031686E-16,-0.46875));
#1021 = CARTESIAN_POINT('',(1.5,0.942420950886,-0.41875));
#1022 = CARTESIAN_POINT('',(0.842207570563,1.885386309583,
    -0.368750000001));
#1023 = CARTESIAN_POINT('',(-0.475205458198,2.307203621035,
    -0.318749999998));
#1024 = CARTESIAN_POINT('',(-1.978795827693,1.715959187776,
    -0.268750000003));
#1025 = CARTESIAN_POINT('',(-2.776408017538,-6.887823644774E-13,
    -0.218749999997));
#1026 = CARTESIAN_POINT('',(-1.978795827694,-1.715959187775,
    -0.168750000002));
#1027 = CARTESIAN_POINT('',(-0.475205458198,-2.307203621036,
    -0.118749999999));
#1028 = CARTESIAN_POINT('',(0.842207570563,-1.885386309583,
    -6.875000000058E-02));
#1029 = CARTESIAN_POINT('',(1.5,-0.942420950886,-1.874999999985E-02));
#1030 = CARTESIAN_POINT('',(1.5,-1.089195805293E-14,3.125E-02));
#1031 = CARTESIAN_POINT('',(1.079367061317,5.965291944961E-16,
    -0.225897459622));
#1032 = CARTESIAN_POINT('',(1.079367061317,0.678186326072,
    -0.175897459621));
#1033 = CARTESIAN_POINT('',(0.606005523017,1.35635557525,-0.125897459622
    ));
#1034 = CARTESIAN_POINT('',(-0.341822337003,1.660956728036,
    -7.58974596202E-02));
#1035 = CARTESIAN_POINT('',(-1.424167538763,1.234054792996,
    -2.589745962361E-02));
#1036 = CARTESIAN_POINT('',(-1.997498119666,3.566036355096E-13,
    2.410254038066E-02));
#1037 = CARTESIAN_POINT('',(-1.424167538763,-1.234054792997,
    7.410254037668E-02));
#1038 = CARTESIAN_POINT('',(-0.341822337002,-1.660956728035,
    0.12410254038));
#1039 = CARTESIAN_POINT('',(0.606005523017,-1.35635557525,0.174102540378
    ));
#1040 = CARTESIAN_POINT('',(1.079367061317,-0.678186326072,
    0.224102540379));
#1041 = CARTESIAN_POINT('',(1.079367061317,-1.006161184191E-14,
    0.274102540378));
#1042 = ADVANCED_FACE('',(#1043),#1165,.T.);
#1043 = FACE_BOUND('',#1044,.T.);
#1044 = EDGE_LOOP('',(#1045,#1136,#1137,#1144,#1160));
#1045 = ORIENTED_EDGE('',*,*,#1046,.F.);
#1046 = EDGE_CURVE('',#536,#1047,#1049,.T.);
#1047 = VERTEX_POINT('',#1048);
#1048 = CARTESIAN_POINT('',(1.229367061317,-5.32941295833E-15,-3.6875));
#1049 = B_SPLINE_CURVE_WITH_KNOTS('',7,(#1050,#1051,#1052,#1053,#1054,
    #1055,#1056,#1057,#1058,#1059,#1060,#1061,#1062,#1063,#1064,#1065,
    #1066,#1067,#1068,#1069,#1070,#1071,#1072,#1073,#1074,#1075,#1076,
    #1077,#1078,#1079,#1080,#1081,#1082,#1083,#1084,#1085,#1086,#1087,
    #1088,#1089,#1090,#1091,#1092,#1093,#1094,#1095,#1096,#1097,#1098,
    #1099,#1100,#1101,#1102,#1103,#1104,#1105,#1106,#1107,#1108,#1109,
    #1110,#1111,#1112,#1113,#1114,#1115,#1116,#1117,#1118,#1119,#1120,
    #1121,#1122,#1123,#1124,#1125,#1126,#1127,#1128,#1129,#1130,#1131,
    #1132,#1133,#1134,#1135),.UNSPECIFIED.,.F.,.F.,(8,6,6,6,6,6,6,6,6,6,
    6,6,6,6,8),(0.,5.744493792306E-02,0.130452660157,0.263620358715,
    0.447920228662,0.464921886834,0.501651702782,0.598515081559,
    0.638200300294,0.737883417409,0.851678935991,0.902473071739,
    0.947477319915,0.972479613058,1.),.UNSPECIFIED.);
#1050 = CARTESIAN_POINT('',(1.229367061317,6.661338147751E-16,-4.1875));
#1051 = CARTESIAN_POINT('',(1.229367061317,6.33808006426E-02,
    -4.183397225178));
#1052 = CARTESIAN_POINT('',(1.225554743902,0.126762914693,
    -4.179294879196));
#1053 = CARTESIAN_POINT('',(1.217930108127,0.189868984502,
    -4.175192564564));
#1054 = CARTESIAN_POINT('',(1.206518138606,0.252423941293,
    -4.171089910208));
#1055 = CARTESIAN_POINT('',(1.191368417628,0.314156563121,
    -4.166986667448));
#1056 = CARTESIAN_POINT('',(1.172554737286,0.374801032834,
    -4.162882805966));
#1057 = CARTESIAN_POINT('',(1.121731566588,0.509460623303,
    -4.153562518926));
#1058 = CARTESIAN_POINT('',(1.087526229154,0.58265123453,-4.148345558782
    ));
#1059 = CARTESIAN_POINT('',(1.04776001266,0.653137277549,-4.143128402823
    ));
#1060 = CARTESIAN_POINT('',(1.002692853455,0.720414198035,
    -4.137911524241));
#1061 = CARTESIAN_POINT('',(0.952640128639,0.784010870626,
    -4.132695273028));
#1062 = CARTESIAN_POINT('',(0.897969473838,0.843494530044,
    -4.127479953063));
#1063 = CARTESIAN_POINT('',(0.731714004028,0.998762575159,
    -4.112755349731));
#1064 = CARTESIAN_POINT('',(0.610299794695,1.08411993036,-4.103244317315
    ));
#1065 = CARTESIAN_POINT('',(0.477423105746,1.152105760557,
    -4.093740585478));
#1066 = CARTESIAN_POINT('',(0.336109663317,1.200961813726,
    -4.084239608994));
#1067 = CARTESIAN_POINT('',(0.189619604262,1.22956269121,-4.07473456059)
  );
#1068 = CARTESIAN_POINT('',(4.141560083118E-02,1.237423126597,
    -4.065222650929));
#1069 = CARTESIAN_POINT('',(-0.307577057024,1.207513334895,
    -4.042548945952));
#1070 = CARTESIAN_POINT('',(-0.507145399124,1.151025352794,
    -4.029359652282));
#1071 = CARTESIAN_POINT('',(-0.694009877449,1.056024371171,
    -4.016183550102));
#1072 = CARTESIAN_POINT('',(-0.859486662539,0.926348644428,
    -4.003015519354));
#1073 = CARTESIAN_POINT('',(-0.996407811483,0.767612372126,
    -3.989851231791));
#1074 = CARTESIAN_POINT('',(-1.098968367178,0.587333514509,
    -3.976670942271));
#1075 = CARTESIAN_POINT('',(-1.170286950573,0.376992977501,
    -3.96229692406));
#1076 = CARTESIAN_POINT('',(-1.17599416845,0.359120682257,
    -3.961082910409));
#1077 = CARTESIAN_POINT('',(-1.181382840158,0.341147936383,
    -3.959868891107));
#1078 = CARTESIAN_POINT('',(-1.186450857321,0.323081554932,
    -3.958654863915));
#1079 = CARTESIAN_POINT('',(-1.191196294949,0.304928404193,
    -3.957440826738));
#1080 = CARTESIAN_POINT('',(-1.195617411431,0.286695401685,
    -3.956226777619));
#1081 = CARTESIAN_POINT('',(-1.20855986237,0.228842090881,
    -3.952389893761));
#1082 = CARTESIAN_POINT('',(-1.215886168895,0.188954299238,
    -3.949767006717));
#1083 = CARTESIAN_POINT('',(-1.221675819856,0.148796712433,
    -3.947144035326));
#1084 = CARTESIAN_POINT('',(-1.225917190041,0.108440333842,
    -3.944520966933));
#1085 = CARTESIAN_POINT('',(-1.22860277729,6.795659900853E-02,
    -3.941897794514));
#1086 = CARTESIAN_POINT('',(-1.22972920249,2.741737564931E-02,
    -3.939274516681));
#1087 = CARTESIAN_POINT('',(-1.228157963652,-0.119970198651,
    -3.929732797683));
#1088 = CARTESIAN_POINT('',(-1.216180199338,-0.226732902273,
    -3.922812910828));
#1089 = CARTESIAN_POINT('',(-1.193373809099,-0.33205052012,
    -3.915892975386));
#1090 = CARTESIAN_POINT('',(-1.15996177888,-0.434612043613,-3.9089731569
    ));
#1091 = CARTESIAN_POINT('',(-1.116355130086,-0.533154882211,
    -3.902053248185));
#1092 = CARTESIAN_POINT('',(-1.063145647684,-0.626487655953,
    -3.895133556866));
#1093 = CARTESIAN_POINT('',(-0.975702822096,-0.749175977641,
    -3.885381461992));
#1094 = CARTESIAN_POINT('',(-0.94880733824,-0.783777249885,
    -3.882547372321));
#1095 = CARTESIAN_POINT('',(-0.920482974412,-0.817248441993,
    -3.879713468327));
#1096 = CARTESIAN_POINT('',(-0.890786927503,-0.849519029733,
    -3.876879757276));
#1097 = CARTESIAN_POINT('',(-0.859780559746,-0.880522320381,
    -3.874046236814));
#1098 = CARTESIAN_POINT('',(-0.827529398722,-0.910195452724,
    -3.87121289497));
#1099 = CARTESIAN_POINT('',(-0.710141550825,-1.009524280394,
    -3.861263189116));
#1100 = CARTESIAN_POINT('',(-0.618752990914,-1.071815248345,
    -3.854146677915));
#1101 = CARTESIAN_POINT('',(-0.521053003466,-1.124401487313,
    -3.847031509083));
#1102 = CARTESIAN_POINT('',(-0.418286548686,-1.166538019064,
    -3.839916642128));
#1103 = CARTESIAN_POINT('',(-0.311793584226,-1.197675740275,
    -3.83280027447));
#1104 = CARTESIAN_POINT('',(-0.202983287185,-1.217471793007,
    -3.825681479247));
#1105 = CARTESIAN_POINT('',(3.187521436525E-02,-1.235350654559,
    -3.810434318874));
#1106 = CARTESIAN_POINT('',(0.158231950659,-1.229966314289,
    -3.802302613343));
#1107 = CARTESIAN_POINT('',(0.283567624195,-1.209489637572,
    -3.794169783647));
#1108 = CARTESIAN_POINT('',(0.40573345485,-1.174162129824,
    -3.786036215126));
#1109 = CARTESIAN_POINT('',(0.522655327924,-1.124583076484,
    -3.777901976952));
#1110 = CARTESIAN_POINT('',(0.63238583712,-1.061694899854,
    -3.769768430128));
#1111 = CARTESIAN_POINT('',(0.778157204994,-0.953391663518,
    -3.758010487235));
#1112 = CARTESIAN_POINT('',(0.821366552286,-0.917575155771,
    -3.754382304864));
#1113 = CARTESIAN_POINT('',(0.8626451863,-0.879479707616,-3.750754668111
    ));
#1114 = CARTESIAN_POINT('',(0.901849555646,-0.839230964566,
    -3.747127550994));
#1115 = CARTESIAN_POINT('',(0.93884666941,-0.796965503637,
    -3.743500853791));
#1116 = CARTESIAN_POINT('',(0.973514758792,-0.752830144292,
    -3.739874455757));
#1117 = CARTESIAN_POINT('',(1.034299400757,-0.666358566135,
    -3.733035419368));
#1118 = CARTESIAN_POINT('',(1.060940670311,-0.624390173007,
    -3.729822692987));
#1119 = CARTESIAN_POINT('',(1.085591408282,-0.581184746359,
    -3.726610023142));
#1120 = CARTESIAN_POINT('',(1.108183274874,-0.536855856238,
    -3.723397293284));
#1121 = CARTESIAN_POINT('',(1.128656151077,-0.491521522919,
    -3.720184381727));
#1122 = CARTESIAN_POINT('',(1.146958360114,-0.44530376345,
    -3.716971207507));
#1123 = CARTESIAN_POINT('',(1.171984936504,-0.372230638509,
    -3.711972541447));
#1124 = CARTESIAN_POINT('',(1.180239792839,-0.345899125314,
    -3.71018722153));
#1125 = CARTESIAN_POINT('',(1.187804094539,-0.319355104625,
    -3.708401811763));
#1126 = CARTESIAN_POINT('',(1.194671339281,-0.29262030616,
    -3.706616312739));
#1127 = CARTESIAN_POINT('',(1.200835885776,-0.265716683348,
    -3.704830730384));
#1128 = CARTESIAN_POINT('',(1.206292953774,-0.238666413332,
    -3.703045075956));
#1129 = CARTESIAN_POINT('',(1.216262252225,-0.181580512396,
    -3.699293809232));
#1130 = CARTESIAN_POINT('',(1.220623986388,-0.151518512108,
    -3.697328181656));
#1131 = CARTESIAN_POINT('',(1.224118600995,-0.121335789996,
    -3.695362510415));
#1132 = CARTESIAN_POINT('',(1.226742176453,-9.106236677832E-02,
    -3.693396824585));
#1133 = CARTESIAN_POINT('',(1.228492099121,-6.0728389994E-02,
    -3.691431155221));
#1134 = CARTESIAN_POINT('',(1.229367061317,-3.036413400603E-02,
    -3.689465535355));
#1135 = CARTESIAN_POINT('',(1.229367061317,0.,-3.6875));
#1136 = ORIENTED_EDGE('',*,*,#533,.F.);
#1137 = ORIENTED_EDGE('',*,*,#1138,.T.);
#1138 = EDGE_CURVE('',#534,#1139,#1141,.T.);
#1139 = VERTEX_POINT('',#1140);
#1140 = CARTESIAN_POINT('',(1.5,-5.118798324882E-15,-4.03125));
#1141 = B_SPLINE_CURVE_WITH_KNOTS('',1,(#1142,#1143),.UNSPECIFIED.,.F.,
  .F.,(2,2),(0.,0.485705080757),.PIECEWISE_BEZIER_KNOTS.);
#1142 = CARTESIAN_POINT('',(1.079367061317,-1.006161184191E-14,
    -4.274102540378));
#1143 = CARTESIAN_POINT('',(1.5,-1.089195805293E-14,-4.03125));
#1144 = ORIENTED_EDGE('',*,*,#1145,.T.);
#1145 = EDGE_CURVE('',#1139,#1146,#1148,.T.);
#1146 = VERTEX_POINT('',#1147);
#1147 = CARTESIAN_POINT('',(1.5,-5.118798324882E-15,-3.53125));
#1148 = B_SPLINE_CURVE_WITH_KNOTS('',10,(#1149,#1150,#1151,#1152,#1153,
    #1154,#1155,#1156,#1157,#1158,#1159),.UNSPECIFIED.,.F.,.F.,(11,11),(
    0.,6.303048278758),.PIECEWISE_BEZIER_KNOTS.);
#1149 = CARTESIAN_POINT('',(1.5,6.543614031686E-16,-4.03125));
#1150 = CARTESIAN_POINT('',(1.5,0.942420950886,-3.98125));
#1151 = CARTESIAN_POINT('',(0.842207570563,1.885386309583,
    -3.931250000001));
#1152 = CARTESIAN_POINT('',(-0.475205458198,2.307203621035,
    -3.881249999998));
#1153 = CARTESIAN_POINT('',(-1.978795827693,1.715959187776,
    -3.831250000002));
#1154 = CARTESIAN_POINT('',(-2.776408017538,-6.887823644774E-13,
    -3.781249999998));
#1155 = CARTESIAN_POINT('',(-1.978795827694,-1.715959187775,
    -3.731250000002));
#1156 = CARTESIAN_POINT('',(-0.475205458198,-2.307203621036,
    -3.681249999999));
#1157 = CARTESIAN_POINT('',(0.842207570563,-1.885386309583,
    -3.631250000001));
#1158 = CARTESIAN_POINT('',(1.5,-0.942420950886,-3.58125));
#1159 = CARTESIAN_POINT('',(1.5,-1.089195805293E-14,-3.53125));
#1160 = ORIENTED_EDGE('',*,*,#1161,.F.);
#1161 = EDGE_CURVE('',#1047,#1146,#1162,.T.);
#1162 = B_SPLINE_CURVE_WITH_KNOTS('',1,(#1163,#1164),.UNSPECIFIED.,.F.,
  .F.,(2,2),(0.,0.485705080757),.PIECEWISE_BEZIER_KNOTS.);
#1163 = CARTESIAN_POINT('',(1.079367061317,-1.006161184191E-14,
    -3.774102540378));
#1164 = CARTESIAN_POINT('',(1.5,-1.089195805293E-14,-3.53125));
#1165 = B_SPLINE_SURFACE_WITH_KNOTS('',1,10,(
    (#1166,#1167,#1168,#1169,#1170,#1171,#1172,#1173,#1174,#1175,#1176)
    ,(#1177,#1178,#1179,#1180,#1181,#1182,#1183,#1184,#1185,#1186,#1187
    )),.UNSPECIFIED.,.F.,.F.,.F.,(2,2),(11,11),(0.,0.485705080757),(0.,
    6.303048278758),.PIECEWISE_BEZIER_KNOTS.);
#1166 = CARTESIAN_POINT('',(1.079367061317,5.965291944961E-16,
    -4.274102540378));
#1167 = CARTESIAN_POINT('',(1.079367061317,0.678186326072,
    -4.224102540378));
#1168 = CARTESIAN_POINT('',(0.606005523017,1.35635557525,-4.174102540379
    ));
#1169 = CARTESIAN_POINT('',(-0.341822337003,1.660956728036,
    -4.124102540377));
#1170 = CARTESIAN_POINT('',(-1.424167538763,1.234054792996,
    -4.074102540381));
#1171 = CARTESIAN_POINT('',(-1.997498119666,3.566036355096E-13,
    -4.024102540376));
#1172 = CARTESIAN_POINT('',(-1.424167538763,-1.234054792997,
    -3.97410254038));
#1173 = CARTESIAN_POINT('',(-0.341822337002,-1.660956728035,
    -3.924102540377));
#1174 = CARTESIAN_POINT('',(0.606005523017,-1.35635557525,
    -3.874102540379));
#1175 = CARTESIAN_POINT('',(1.079367061317,-0.678186326072,
    -3.824102540378));
#1176 = CARTESIAN_POINT('',(1.079367061317,-1.006161184191E-14,
    -3.774102540378));
#1177 = CARTESIAN_POINT('',(1.5,6.543614031686E-16,-4.03125));
#1178 = CARTESIAN_POINT('',(1.5,0.942420950886,-3.98125));
#1179 = CARTESIAN_POINT('',(0.842207570563,1.885386309583,
    -3.931250000001));
#1180 = CARTESIAN_POINT('',(-0.475205458198,2.307203621035,
    -3.881249999998));
#1181 = CARTESIAN_POINT('',(-1.978795827693,1.715959187776,
    -3.831250000002));
#1182 = CARTESIAN_POINT('',(-2.776408017538,-6.887823644774E-13,
    -3.781249999998));
#1183 = CARTESIAN_POINT('',(-1.978795827694,-1.715959187775,
    -3.731250000002));
#1184 = CARTESIAN_POINT('',(-0.475205458198,-2.307203621036,
    -3.681249999999));
#1185 = CARTESIAN_POINT('',(0.842207570563,-1.885386309583,
    -3.631250000001));
#1186 = CARTESIAN_POINT('',(1.5,-0.942420950886,-3.58125));
#1187 = CARTESIAN_POINT('',(1.5,-1.089195805293E-14,-3.53125));
#1188 = ADVANCED_FACE('',(#1189),#1305,.T.);
#1189 = FACE_BOUND('',#1190,.T.);
#1190 = EDGE_LOOP('',(#1191,#1207,#1208,#1300));
#1191 = ORIENTED_EDGE('',*,*,#1192,.F.);
#1192 = EDGE_CURVE('',#619,#1193,#1195,.T.);
#1193 = VERTEX_POINT('',#1194);
#1194 = CARTESIAN_POINT('',(1.5,-5.118798324882E-15,-3.96875));
#1195 = B_SPLINE_CURVE_WITH_KNOTS('',10,(#1196,#1197,#1198,#1199,#1200,
    #1201,#1202,#1203,#1204,#1205,#1206),.UNSPECIFIED.,.F.,.F.,(11,11),(
    0.,6.303048278758),.PIECEWISE_BEZIER_KNOTS.);
#1196 = CARTESIAN_POINT('',(1.5,6.543614031686E-16,-4.46875));
#1197 = CARTESIAN_POINT('',(1.5,0.942420950886,-4.41875));
#1198 = CARTESIAN_POINT('',(0.842207570563,1.885386309583,
    -4.368750000001));
#1199 = CARTESIAN_POINT('',(-0.475205458198,2.307203621035,
    -4.318749999998));
#1200 = CARTESIAN_POINT('',(-1.978795827693,1.715959187776,
    -4.268750000003));
#1201 = CARTESIAN_POINT('',(-2.776408017538,-6.887823644774E-13,
    -4.218749999997));
#1202 = CARTESIAN_POINT('',(-1.978795827694,-1.715959187775,
    -4.168750000002));
#1203 = CARTESIAN_POINT('',(-0.475205458198,-2.307203621036,
    -4.118749999999));
#1204 = CARTESIAN_POINT('',(0.842207570563,-1.885386309583,
    -4.068750000001));
#1205 = CARTESIAN_POINT('',(1.5,-0.942420950886,-4.01875));
#1206 = CARTESIAN_POINT('',(1.5,-1.089195805293E-14,-3.96875));
#1207 = ORIENTED_EDGE('',*,*,#641,.F.);
#1208 = ORIENTED_EDGE('',*,*,#1209,.T.);
#1209 = EDGE_CURVE('',#642,#1210,#1212,.T.);
#1210 = VERTEX_POINT('',#1211);
#1211 = CARTESIAN_POINT('',(1.229367061317,-5.32941295833E-15,-3.8125));
#1212 = B_SPLINE_CURVE_WITH_KNOTS('',6,(#1213,#1214,#1215,#1216,#1217,
    #1218,#1219,#1220,#1221,#1222,#1223,#1224,#1225,#1226,#1227,#1228,
    #1229,#1230,#1231,#1232,#1233,#1234,#1235,#1236,#1237,#1238,#1239,
    #1240,#1241,#1242,#1243,#1244,#1245,#1246,#1247,#1248,#1249,#1250,
    #1251,#1252,#1253,#1254,#1255,#1256,#1257,#1258,#1259,#1260,#1261,
    #1262,#1263,#1264,#1265,#1266,#1267,#1268,#1269,#1270,#1271,#1272,
    #1273,#1274,#1275,#1276,#1277,#1278,#1279,#1280,#1281,#1282,#1283,
    #1284,#1285,#1286,#1287,#1288,#1289,#1290,#1291,#1292,#1293,#1294,
    #1295,#1296,#1297,#1298,#1299),.UNSPECIFIED.,.F.,.F.,(7,5,5,5,5,5,5,
    5,5,5,5,5,5,5,5,5,5,7),(0.,5.243922902725E-02,0.13043888028,
    0.249600913735,0.265296204256,0.306117403629,0.362119638053,
    0.429968868806,0.499967724657,0.598547548654,0.630219803261,
    0.685222370728,0.737889603469,0.791658358016,0.842660457373,
    0.942570599981,0.97157033734,1.),.UNSPECIFIED.);
#1213 = CARTESIAN_POINT('',(1.229367061317,1.7763568394E-15,-4.3125));
#1214 = CARTESIAN_POINT('',(1.229367061317,6.75077070219E-02,
    -4.308130081699));
#1215 = CARTESIAN_POINT('',(1.224918574146,0.13501664454,-4.303759681009
    ));
#1216 = CARTESIAN_POINT('',(1.216021589199,0.202157871721,
    -4.299389328969));
#1217 = CARTESIAN_POINT('',(1.202716574398,0.268565908908,
    -4.295019379586));
#1218 = CARTESIAN_POINT('',(1.185083669669,0.333882161293,
    -4.290650006248));
#1219 = CARTESIAN_POINT('',(1.130753760811,0.49276965296,-4.279782904488
    ));
#1220 = CARTESIAN_POINT('',(1.088950852881,0.584602071137,
    -4.273285398685));
#1221 = CARTESIAN_POINT('',(1.038227503995,0.67210326448,-4.266789222007
    ));
#1222 = CARTESIAN_POINT('',(0.979158788338,0.75420310189,-4.260292715443
    ));
#1223 = CARTESIAN_POINT('',(0.912485244165,0.829938070576,
    -4.253794284369));
#1224 = CARTESIAN_POINT('',(0.72698147396,1.003182346034,-4.23736502817)
  );
#1225 = CARTESIAN_POINT('',(0.599147813,1.091136068794,-4.227428469653)
  );
#1226 = CARTESIAN_POINT('',(0.458809949961,1.159299634318,
    -4.217491001762));
#1227 = CARTESIAN_POINT('',(0.30983572483,1.205635055658,-4.207552782414
    ));
#1228 = CARTESIAN_POINT('',(0.156437595331,1.228984643439,
    -4.197613876671));
#1229 = CARTESIAN_POINT('',(-1.717063025741E-02,1.229413192218,
    -4.186373488221));
#1230 = CARTESIAN_POINT('',(-3.737690707754E-02,1.229064565962,
    -4.185065343023));
#1231 = CARTESIAN_POINT('',(-5.757434055193E-02,1.228317412833,
    -4.183757259676));
#1232 = CARTESIAN_POINT('',(-7.775311426113E-02,1.227172031146,
    -4.18244923863));
#1233 = CARTESIAN_POINT('',(-9.790342406552E-02,1.225629041751,
    -4.181141279752));
#1234 = CARTESIAN_POINT('',(-0.17032404587,1.218644626922,
    -4.176431728707));
#1235 = CARTESIAN_POINT('',(-0.222374349371,1.210916561906,
    -4.173030485222));
#1236 = CARTESIAN_POINT('',(-0.273993212768,1.200521971262,
    -4.169629629733));
#1237 = CARTESIAN_POINT('',(-0.325010734204,1.187492035942,
    -4.166229117332));
#1238 = CARTESIAN_POINT('',(-0.375260285802,1.171872339572,
    -4.162828880341));
#1239 = CARTESIAN_POINT('',(-0.492237744672,1.128823773077,
    -4.154764327662));
#1240 = CARTESIAN_POINT('',(-0.558146032506,1.099162736255,
    -4.150100096346));
#1241 = CARTESIAN_POINT('',(-0.621882175834,1.064894744365,
    -4.145436075148));
#1242 = CARTESIAN_POINT('',(-0.683046655861,1.026222728348,
    -4.140771933376));
#1243 = CARTESIAN_POINT('',(-0.741266326174,0.983394860709,
    -4.136107379004));
#1244 = CARTESIAN_POINT('',(-0.862752636733,0.880131168872,
    -4.12579071991));
#1245 = CARTESIAN_POINT('',(-0.924485012094,0.817883956455,
    -4.120138147436));
#1246 = CARTESIAN_POINT('',(-0.98078647768,0.750478686453,
    -4.114484958499));
#1247 = CARTESIAN_POINT('',(-1.031128326111,0.678513690869,
    -4.108830946588));
#1248 = CARTESIAN_POINT('',(-1.075071500532,0.602655790272,
    -4.103176070497));
#1249 = CARTESIAN_POINT('',(-1.150657604355,0.442098293529,
    -4.091686830928));
#1250 = CARTESIAN_POINT('',(-1.181869509595,0.357188713679,
    -4.085852020463));
#1251 = CARTESIAN_POINT('',(-1.205536812966,0.269695670524,
    -4.080017394438));
#1252 = CARTESIAN_POINT('',(-1.221406464498,0.180458569779,
    -4.074183030896));
#1253 = CARTESIAN_POINT('',(-1.229349994472,9.034458978064E-02,
    -4.06834891252));
#1254 = CARTESIAN_POINT('',(-1.229391043698,-0.12667282746,
    -4.054300379201));
#1255 = CARTESIAN_POINT('',(-1.213694709073,-0.253601259824,
    -4.046084988454));
#1256 = CARTESIAN_POINT('',(-1.182268950614,-0.37807356562,
    -4.037872250981));
#1257 = CARTESIAN_POINT('',(-1.135640229499,-0.49768543331,
    -4.02965995859));
#1258 = CARTESIAN_POINT('',(-1.074774081214,-0.610172017405,
    -4.021445372301));
#1259 = CARTESIAN_POINT('',(-0.977451876165,-0.746721980103,
    -4.010591553291));
#1260 = CARTESIAN_POINT('',(-0.952465259558,-0.778983933548,
    -4.007952191647));
#1261 = CARTESIAN_POINT('',(-0.92620408507,-0.81023815566,
    -4.005312680013));
#1262 = CARTESIAN_POINT('',(-0.89871945708,-0.840422149288,
    -4.002673010202));
#1263 = CARTESIAN_POINT('',(-0.87006651193,-0.869476949105,
    -4.000033182084));
#1264 = CARTESIAN_POINT('',(-0.78861906734,-0.945746929662,
    -3.992808572731));
#1265 = CARTESIAN_POINT('',(-0.733587626185,-0.990575046882,
    -3.988223417671));
#1266 = CARTESIAN_POINT('',(-0.675520503226,-1.031540854668,
    -3.983637924404));
#1267 = CARTESIAN_POINT('',(-0.614758918535,-1.068391832581,
    -3.979052148865));
#1268 = CARTESIAN_POINT('',(-0.551670754465,-1.100916242367,
    -3.974466206764));
#1269 = CARTESIAN_POINT('',(-0.424382904743,-1.155785283923,
    -3.965489424547));
#1270 = CARTESIAN_POINT('',(-0.360342482622,-1.178504227828,
    -3.961098448836));
#1271 = CARTESIAN_POINT('',(-0.294867765531,-1.196955043871,
    -3.956707842764));
#1272 = CARTESIAN_POINT('',(-0.228314958347,-1.211028950713,
    -3.952317732312));
#1273 = CARTESIAN_POINT('',(-0.161050023765,-1.22065690476,
    -3.947928195999));
#1274 = CARTESIAN_POINT('',(-2.442575244873E-02,-1.231071920601,
    -3.939058809265));
#1275 = CARTESIAN_POINT('',(4.49497931278E-02,-1.231670000272,
    -3.934578869735));
#1276 = CARTESIAN_POINT('',(0.114285964835,-1.22757462811,
    -3.930099769266));
#1277 = CARTESIAN_POINT('',(0.183186707993,-1.218800311652,
    -3.925621373237));
#1278 = CARTESIAN_POINT('',(0.251260056677,-1.205405814758,
    -3.921143444644));
#1279 = CARTESIAN_POINT('',(0.381544489608,-1.17050339599,-3.91241868033
    ));
#1280 = CARTESIAN_POINT('',(0.443878503121,-1.149448015676,
    -3.908171708712));
#1281 = CARTESIAN_POINT('',(0.504797352299,-1.124415251131,
    -3.903924849288));
#1282 = CARTESIAN_POINT('',(0.56398550199,-1.095526959506,-3.89967778657
    ));
#1283 = CARTESIAN_POINT('',(0.621142131145,-1.062937885443,
    -3.89543022226));
#1284 = CARTESIAN_POINT('',(0.783416702273,-0.956109500467,
    -3.882860293114));
#1285 = CARTESIAN_POINT('',(0.881987469075,-0.871884754902,
    -3.874534826898));
#1286 = CARTESIAN_POINT('',(0.96953321201,-0.775572984759,
    -3.866207536387));
#1287 = CARTESIAN_POINT('',(1.044269640315,-0.669017237892,
    -3.857876856054));
#1288 = CARTESIAN_POINT('',(1.104793460574,-0.554362177216,
    -3.849545085299));
#1289 = CARTESIAN_POINT('',(1.163382123544,-0.399097883607,
    -3.838798926251));
#1290 = CARTESIAN_POINT('',(1.175289513586,-0.363689052054,
    -3.836381599029));
#1291 = CARTESIAN_POINT('',(1.185902179775,-0.327857995002,
    -3.833964450569));
#1292 = CARTESIAN_POINT('',(1.195201810802,-0.291663868985,
    -3.831547491819));
#1293 = CARTESIAN_POINT('',(1.203173714709,-0.255166842176,
    -3.829130708866));
#1294 = CARTESIAN_POINT('',(1.216309529999,-0.182411554197,
    -3.824344923249));
#1295 = CARTESIAN_POINT('',(1.221525592284,-0.146162551345,
    -3.821975914106));
#1296 = CARTESIAN_POINT('',(1.225444587469,-0.109738727189,
    -3.819606991002));
#1297 = CARTESIAN_POINT('',(1.228059568853,-7.319807372107E-02,
    -3.817238089909));
#1298 = CARTESIAN_POINT('',(1.229367061317,-3.659893356994E-02,
    -3.81486912727));
#1299 = CARTESIAN_POINT('',(1.229367061317,-5.573319583618E-14,-3.8125)
  );
#1300 = ORIENTED_EDGE('',*,*,#1301,.F.);
#1301 = EDGE_CURVE('',#1193,#1210,#1302,.T.);
#1302 = B_SPLINE_CURVE_WITH_KNOTS('',1,(#1303,#1304),.UNSPECIFIED.,.F.,
  .F.,(2,2),(0.,0.485705080757),.PIECEWISE_BEZIER_KNOTS.);
#1303 = CARTESIAN_POINT('',(1.5,-1.089195805293E-14,-3.96875));
#1304 = CARTESIAN_POINT('',(1.079367061317,-1.006161184191E-14,
    -3.725897459622));
#1305 = B_SPLINE_SURFACE_WITH_KNOTS('',1,10,(
    (#1306,#1307,#1308,#1309,#1310,#1311,#1312,#1313,#1314,#1315,#1316)
    ,(#1317,#1318,#1319,#1320,#1321,#1322,#1323,#1324,#1325,#1326,#1327
    )),.UNSPECIFIED.,.F.,.F.,.F.,(2,2),(11,11),(0.,0.485705080757),(0.,
    6.303048278758),.PIECEWISE_BEZIER_KNOTS.);
#1306 = CARTESIAN_POINT('',(1.5,6.543614031686E-16,-4.46875));
#1307 = CARTESIAN_POINT('',(1.5,0.942420950886,-4.41875));
#1308 = CARTESIAN_POINT('',(0.842207570563,1.885386309583,
    -4.368750000001));
#1309 = CARTESIAN_POINT('',(-0.475205458198,2.307203621035,
    -4.318749999998));
#1310 = CARTESIAN_POINT('',(-1.978795827693,1.715959187776,
    -4.268750000003));
#1311 = CARTESIAN_POINT('',(-2.776408017538,-6.887823644774E-13,
    -4.218749999997));
#1312 = CARTESIAN_POINT('',(-1.978795827694,-1.715959187775,
    -4.168750000002));
#1313 = CARTESIAN_POINT('',(-0.475205458198,-2.307203621036,
    -4.118749999999));
#1314 = CARTESIAN_POINT('',(0.842207570563,-1.885386309583,
    -4.068750000001));
#1315 = CARTESIAN_POINT('',(1.5,-0.942420950886,-4.01875));
#1316 = CARTESIAN_POINT('',(1.5,-1.089195805293E-14,-3.96875));
#1317 = CARTESIAN_POINT('',(1.079367061317,5.965291944961E-16,
    -4.225897459622));
#1318 = CARTESIAN_POINT('',(1.079367061317,0.678186326072,
    -4.175897459621));
#1319 = CARTESIAN_POINT('',(0.606005523017,1.35635557525,-4.125897459622
    ));
#1320 = CARTESIAN_POINT('',(-0.341822337003,1.660956728036,
    -4.07589745962));
#1321 = CARTESIAN_POINT('',(-1.424167538763,1.234054792996,
    -4.025897459624));
#1322 = CARTESIAN_POINT('',(-1.997498119666,3.566036355096E-13,
    -3.975897459619));
#1323 = CARTESIAN_POINT('',(-1.424167538763,-1.234054792997,
    -3.925897459623));
#1324 = CARTESIAN_POINT('',(-0.341822337002,-1.660956728035,
    -3.87589745962));
#1325 = CARTESIAN_POINT('',(0.606005523017,-1.35635557525,
    -3.825897459622));
#1326 = CARTESIAN_POINT('',(1.079367061317,-0.678186326072,
    -3.775897459621));
#1327 = CARTESIAN_POINT('',(1.079367061317,-1.006161184191E-14,
    -3.725897459622));
#1328 = ADVANCED_FACE('',(#1329),#1352,.T.);
#1329 = FACE_BOUND('',#1330,.T.);
#1330 = EDGE_LOOP('',(#1331,#1345,#1346,#1347));
#1331 = ORIENTED_EDGE('',*,*,#1332,.F.);
#1332 = EDGE_CURVE('',#606,#1139,#1333,.T.);
#1333 = B_SPLINE_CURVE_WITH_KNOTS('',10,(#1334,#1335,#1336,#1337,#1338,
    #1339,#1340,#1341,#1342,#1343,#1344),.UNSPECIFIED.,.F.,.F.,(11,11),(
    0.,6.303048278758),.PIECEWISE_BEZIER_KNOTS.);
#1334 = CARTESIAN_POINT('',(1.5,6.543614031686E-16,-4.53125));
#1335 = CARTESIAN_POINT('',(1.5,0.942420950886,-4.48125));
#1336 = CARTESIAN_POINT('',(0.842207570563,1.885386309583,
    -4.431250000001));
#1337 = CARTESIAN_POINT('',(-0.475205458198,2.307203621035,
    -4.381249999998));
#1338 = CARTESIAN_POINT('',(-1.978795827693,1.715959187776,
    -4.331250000002));
#1339 = CARTESIAN_POINT('',(-2.776408017538,-6.887823644774E-13,
    -4.281249999998));
#1340 = CARTESIAN_POINT('',(-1.978795827694,-1.715959187775,
    -4.231250000002));
#1341 = CARTESIAN_POINT('',(-0.475205458198,-2.307203621036,
    -4.181249999999));
#1342 = CARTESIAN_POINT('',(0.842207570563,-1.885386309583,
    -4.131250000001));
#1343 = CARTESIAN_POINT('',(1.5,-0.942420950886,-4.08125));
#1344 = CARTESIAN_POINT('',(1.5,-1.089195805293E-14,-4.03125));
#1345 = ORIENTED_EDGE('',*,*,#618,.F.);
#1346 = ORIENTED_EDGE('',*,*,#1192,.T.);
#1347 = ORIENTED_EDGE('',*,*,#1348,.F.);
#1348 = EDGE_CURVE('',#1139,#1193,#1349,.T.);
#1349 = B_SPLINE_CURVE_WITH_KNOTS('',1,(#1350,#1351),.UNSPECIFIED.,.F.,
  .F.,(2,2),(0.,6.25E-02),.PIECEWISE_BEZIER_KNOTS.);
#1350 = CARTESIAN_POINT('',(1.5,-1.089195805293E-14,-4.03125));
#1351 = CARTESIAN_POINT('',(1.5,-1.089195805293E-14,-3.96875));
#1352 = B_SPLINE_SURFACE_WITH_KNOTS('',1,10,(
    (#1353,#1354,#1355,#1356,#1357,#1358,#1359,#1360,#1361,#1362,#1363)
    ,(#1364,#1365,#1366,#1367,#1368,#1369,#1370,#1371,#1372,#1373,#1374
    )),.UNSPECIFIED.,.F.,.F.,.F.,(2,2),(11,11),(0.,6.25E-02),(0.,
    6.303048278758),.PIECEWISE_BEZIER_KNOTS.);
#1353 = CARTESIAN_POINT('',(1.5,6.543614031686E-16,-4.53125));
#1354 = CARTESIAN_POINT('',(1.5,0.942420950886,-4.48125));
#1355 = CARTESIAN_POINT('',(0.842207570563,1.885386309583,
    -4.431250000001));
#1356 = CARTESIAN_POINT('',(-0.475205458198,2.307203621035,
    -4.381249999998));
#1357 = CARTESIAN_POINT('',(-1.978795827693,1.715959187776,
    -4.331250000002));
#1358 = CARTESIAN_POINT('',(-2.776408017538,-6.887823644774E-13,
    -4.281249999998));
#1359 = CARTESIAN_POINT('',(-1.978795827694,-1.715959187775,
    -4.231250000002));
#1360 = CARTESIAN_POINT('',(-0.475205458198,-2.307203621036,
    -4.181249999999));
#1361 = CARTESIAN_POINT('',(0.842207570563,-1.885386309583,
    -4.131250000001));
#1362 = CARTESIAN_POINT('',(1.5,-0.942420950886,-4.08125));
#1363 = CARTESIAN_POINT('',(1.5,-1.089195805293E-14,-4.03125));
#1364 = CARTESIAN_POINT('',(1.5,6.543614031686E-16,-4.46875));
#1365 = CARTESIAN_POINT('',(1.5,0.942420950886,-4.41875));
#1366 = CARTESIAN_POINT('',(0.842207570563,1.885386309583,
    -4.368750000001));
#1367 = CARTESIAN_POINT('',(-0.475205458198,2.307203621035,
    -4.318749999998));
#1368 = CARTESIAN_POINT('',(-1.978795827693,1.715959187776,
    -4.268750000003));
#1369 = CARTESIAN_POINT('',(-2.776408017538,-6.887823644774E-13,
    -4.218749999997));
#1370 = CARTESIAN_POINT('',(-1.978795827694,-1.715959187775,
    -4.168750000002));
#1371 = CARTESIAN_POINT('',(-0.475205458198,-2.307203621036,
    -4.118749999999));
#1372 = CARTESIAN_POINT('',(0.842207570563,-1.885386309583,
    -4.068750000001));
#1373 = CARTESIAN_POINT('',(1.5,-0.942420950886,-4.01875));
#1374 = CARTESIAN_POINT('',(1.5,-1.089195805293E-14,-3.96875));
#1375 = ADVANCED_FACE('',(#1376),#1381,.T.);
#1376 = FACE_BOUND('',#1377,.T.);
#1377 = EDGE_LOOP('',(#1378,#1379,#1380));
#1378 = ORIENTED_EDGE('',*,*,#1138,.F.);
#1379 = ORIENTED_EDGE('',*,*,#605,.F.);
#1380 = ORIENTED_EDGE('',*,*,#1332,.T.);
#1381 = B_SPLINE_SURFACE_WITH_KNOTS('',1,10,(
    (#1382,#1383,#1384,#1385,#1386,#1387,#1388,#1389,#1390,#1391,#1392)
    ,(#1393,#1394,#1395,#1396,#1397,#1398,#1399,#1400,#1401,#1402,#1403
    )),.UNSPECIFIED.,.F.,.F.,.F.,(2,2),(11,11),(0.,0.485705080757),(0.,
    6.303048278758),.PIECEWISE_BEZIER_KNOTS.);
#1382 = CARTESIAN_POINT('',(1.079367061317,5.965291944961E-16,
    -4.774102540378));
#1383 = CARTESIAN_POINT('',(1.079367061317,0.678186326072,
    -4.724102540378));
#1384 = CARTESIAN_POINT('',(0.606005523017,1.35635557525,-4.674102540379
    ));
#1385 = CARTESIAN_POINT('',(-0.341822337003,1.660956728036,
    -4.624102540377));
#1386 = CARTESIAN_POINT('',(-1.424167538763,1.234054792996,
    -4.574102540381));
#1387 = CARTESIAN_POINT('',(-1.997498119666,3.566036355096E-13,
    -4.524102540376));
#1388 = CARTESIAN_POINT('',(-1.424167538763,-1.234054792997,
    -4.47410254038));
#1389 = CARTESIAN_POINT('',(-0.341822337002,-1.660956728035,
    -4.424102540377));
#1390 = CARTESIAN_POINT('',(0.606005523017,-1.35635557525,
    -4.374102540379));
#1391 = CARTESIAN_POINT('',(1.079367061317,-0.678186326072,
    -4.324102540378));
#1392 = CARTESIAN_POINT('',(1.079367061317,-1.006161184191E-14,
    -4.274102540378));
#1393 = CARTESIAN_POINT('',(1.5,6.543614031686E-16,-4.53125));
#1394 = CARTESIAN_POINT('',(1.5,0.942420950886,-4.48125));
#1395 = CARTESIAN_POINT('',(0.842207570563,1.885386309583,
    -4.431250000001));
#1396 = CARTESIAN_POINT('',(-0.475205458198,2.307203621035,
    -4.381249999998));
#1397 = CARTESIAN_POINT('',(-1.978795827693,1.715959187776,
    -4.331250000002));
#1398 = CARTESIAN_POINT('',(-2.776408017538,-6.887823644774E-13,
    -4.281249999998));
#1399 = CARTESIAN_POINT('',(-1.978795827694,-1.715959187775,
    -4.231250000002));
#1400 = CARTESIAN_POINT('',(-0.475205458198,-2.307203621036,
    -4.181249999999));
#1401 = CARTESIAN_POINT('',(0.842207570563,-1.885386309583,
    -4.131250000001));
#1402 = CARTESIAN_POINT('',(1.5,-0.942420950886,-4.08125));
#1403 = CARTESIAN_POINT('',(1.5,-1.089195805293E-14,-4.03125));
#1404 = ADVANCED_FACE('',(#1405),#1430,.T.);
#1405 = FACE_BOUND('',#1406,.T.);
#1406 = EDGE_LOOP('',(#1407,#1423,#1428,#1429));
#1407 = ORIENTED_EDGE('',*,*,#1408,.F.);
#1408 = EDGE_CURVE('',#1409,#923,#1411,.T.);
#1409 = VERTEX_POINT('',#1410);
#1410 = CARTESIAN_POINT('',(1.5,-5.118798324882E-15,-1.03125));
#1411 = B_SPLINE_CURVE_WITH_KNOTS('',10,(#1412,#1413,#1414,#1415,#1416,
    #1417,#1418,#1419,#1420,#1421,#1422),.UNSPECIFIED.,.F.,.F.,(11,11),(
    0.,6.303048278758),.PIECEWISE_BEZIER_KNOTS.);
#1412 = CARTESIAN_POINT('',(1.5,6.543614031686E-16,-1.03125));
#1413 = CARTESIAN_POINT('',(1.5,0.942420950886,-0.98125));
#1414 = CARTESIAN_POINT('',(0.842207570563,1.885386309583,
    -0.931250000001));
#1415 = CARTESIAN_POINT('',(-0.475205458198,2.307203621035,
    -0.881249999998));
#1416 = CARTESIAN_POINT('',(-1.978795827693,1.715959187776,
    -0.831250000002));
#1417 = CARTESIAN_POINT('',(-2.776408017538,-6.887823644774E-13,
    -0.781249999998));
#1418 = CARTESIAN_POINT('',(-1.978795827694,-1.715959187775,
    -0.731250000002));
#1419 = CARTESIAN_POINT('',(-0.475205458198,-2.307203621036,
    -0.681249999999));
#1420 = CARTESIAN_POINT('',(0.842207570563,-1.885386309583,
    -0.631250000001));
#1421 = CARTESIAN_POINT('',(1.5,-0.942420950886,-0.58125));
#1422 = CARTESIAN_POINT('',(1.5,-1.089195805293E-14,-0.53125));
#1423 = ORIENTED_EDGE('',*,*,#1424,.T.);
#1424 = EDGE_CURVE('',#1409,#684,#1425,.T.);
#1425 = B_SPLINE_CURVE_WITH_KNOTS('',1,(#1426,#1427),.UNSPECIFIED.,.F.,
  .F.,(2,2),(0.,6.25E-02),.PIECEWISE_BEZIER_KNOTS.);
#1426 = CARTESIAN_POINT('',(1.5,-1.089195805293E-14,-1.03125));
#1427 = CARTESIAN_POINT('',(1.5,-1.089195805293E-14,-0.96875));
#1428 = ORIENTED_EDGE('',*,*,#683,.T.);
#1429 = ORIENTED_EDGE('',*,*,#971,.F.);
#1430 = B_SPLINE_SURFACE_WITH_KNOTS('',1,10,(
    (#1431,#1432,#1433,#1434,#1435,#1436,#1437,#1438,#1439,#1440,#1441)
    ,(#1442,#1443,#1444,#1445,#1446,#1447,#1448,#1449,#1450,#1451,#1452
    )),.UNSPECIFIED.,.F.,.F.,.F.,(2,2),(11,11),(0.,6.25E-02),(0.,
    6.303048278758),.PIECEWISE_BEZIER_KNOTS.);
#1431 = CARTESIAN_POINT('',(1.5,6.543614031686E-16,-1.03125));
#1432 = CARTESIAN_POINT('',(1.5,0.942420950886,-0.98125));
#1433 = CARTESIAN_POINT('',(0.842207570563,1.885386309583,
    -0.931250000001));
#1434 = CARTESIAN_POINT('',(-0.475205458198,2.307203621035,
    -0.881249999998));
#1435 = CARTESIAN_POINT('',(-1.978795827693,1.715959187776,
    -0.831250000002));
#1436 = CARTESIAN_POINT('',(-2.776408017538,-6.887823644774E-13,
    -0.781249999998));
#1437 = CARTESIAN_POINT('',(-1.978795827694,-1.715959187775,
    -0.731250000002));
#1438 = CARTESIAN_POINT('',(-0.475205458198,-2.307203621036,
    -0.681249999999));
#1439 = CARTESIAN_POINT('',(0.842207570563,-1.885386309583,
    -0.631250000001));
#1440 = CARTESIAN_POINT('',(1.5,-0.942420950886,-0.58125));
#1441 = CARTESIAN_POINT('',(1.5,-1.089195805293E-14,-0.53125));
#1442 = CARTESIAN_POINT('',(1.5,6.543614031686E-16,-0.96875));
#1443 = CARTESIAN_POINT('',(1.5,0.942420950886,-0.91875));
#1444 = CARTESIAN_POINT('',(0.842207570563,1.885386309583,
    -0.868750000001));
#1445 = CARTESIAN_POINT('',(-0.475205458198,2.307203621035,
    -0.818749999998));
#1446 = CARTESIAN_POINT('',(-1.978795827693,1.715959187776,
    -0.768750000003));
#1447 = CARTESIAN_POINT('',(-2.776408017538,-6.887823644774E-13,
    -0.718749999997));
#1448 = CARTESIAN_POINT('',(-1.978795827694,-1.715959187775,
    -0.668750000002));
#1449 = CARTESIAN_POINT('',(-0.475205458198,-2.307203621036,
    -0.618749999999));
#1450 = CARTESIAN_POINT('',(0.842207570563,-1.885386309583,
    -0.568750000001));
#1451 = CARTESIAN_POINT('',(1.5,-0.942420950886,-0.51875));
#1452 = CARTESIAN_POINT('',(1.5,-1.089195805293E-14,-0.46875));
#1453 = ADVANCED_FACE('',(#1454),#1570,.T.);
#1454 = FACE_BOUND('',#1455,.T.);
#1455 = EDGE_LOOP('',(#1456,#1472,#1479,#1569));
#1456 = ORIENTED_EDGE('',*,*,#1457,.F.);
#1457 = EDGE_CURVE('',#1458,#684,#1460,.T.);
#1458 = VERTEX_POINT('',#1459);
#1459 = CARTESIAN_POINT('',(1.5,-5.118798324882E-15,-1.46875));
#1460 = B_SPLINE_CURVE_WITH_KNOTS('',10,(#1461,#1462,#1463,#1464,#1465,
    #1466,#1467,#1468,#1469,#1470,#1471),.UNSPECIFIED.,.F.,.F.,(11,11),(
    0.,6.303048278758),.PIECEWISE_BEZIER_KNOTS.);
#1461 = CARTESIAN_POINT('',(1.5,6.543614031686E-16,-1.46875));
#1462 = CARTESIAN_POINT('',(1.5,0.942420950886,-1.41875));
#1463 = CARTESIAN_POINT('',(0.842207570563,1.885386309583,
    -1.368750000001));
#1464 = CARTESIAN_POINT('',(-0.475205458198,2.307203621035,
    -1.318749999998));
#1465 = CARTESIAN_POINT('',(-1.978795827693,1.715959187776,
    -1.268750000003));
#1466 = CARTESIAN_POINT('',(-2.776408017538,-6.887823644774E-13,
    -1.218749999997));
#1467 = CARTESIAN_POINT('',(-1.978795827694,-1.715959187775,
    -1.168750000002));
#1468 = CARTESIAN_POINT('',(-0.475205458198,-2.307203621036,
    -1.118749999999));
#1469 = CARTESIAN_POINT('',(0.842207570563,-1.885386309583,
    -1.068750000001));
#1470 = CARTESIAN_POINT('',(1.5,-0.942420950886,-1.01875));
#1471 = CARTESIAN_POINT('',(1.5,-1.089195805293E-14,-0.96875));
#1472 = ORIENTED_EDGE('',*,*,#1473,.T.);
#1473 = EDGE_CURVE('',#1458,#1474,#1476,.T.);
#1474 = VERTEX_POINT('',#1475);
#1475 = CARTESIAN_POINT('',(1.229367061317,-5.32941295833E-15,-1.3125));
#1476 = B_SPLINE_CURVE_WITH_KNOTS('',1,(#1477,#1478),.UNSPECIFIED.,.F.,
  .F.,(2,2),(0.,0.485705080757),.PIECEWISE_BEZIER_KNOTS.);
#1477 = CARTESIAN_POINT('',(1.5,-1.089195805293E-14,-1.46875));
#1478 = CARTESIAN_POINT('',(1.079367061317,-1.006161184191E-14,
    -1.225897459622));
#1479 = ORIENTED_EDGE('',*,*,#1480,.T.);
#1480 = EDGE_CURVE('',#1474,#702,#1481,.T.);
#1481 = B_SPLINE_CURVE_WITH_KNOTS('',6,(#1482,#1483,#1484,#1485,#1486,
    #1487,#1488,#1489,#1490,#1491,#1492,#1493,#1494,#1495,#1496,#1497,
    #1498,#1499,#1500,#1501,#1502,#1503,#1504,#1505,#1506,#1507,#1508,
    #1509,#1510,#1511,#1512,#1513,#1514,#1515,#1516,#1517,#1518,#1519,
    #1520,#1521,#1522,#1523,#1524,#1525,#1526,#1527,#1528,#1529,#1530,
    #1531,#1532,#1533,#1534,#1535,#1536,#1537,#1538,#1539,#1540,#1541,
    #1542,#1543,#1544,#1545,#1546,#1547,#1548,#1549,#1550,#1551,#1552,
    #1553,#1554,#1555,#1556,#1557,#1558,#1559,#1560,#1561,#1562,#1563,
    #1564,#1565,#1566,#1567,#1568),.UNSPECIFIED.,.F.,.F.,(7,5,5,5,5,5,5,
    5,5,5,5,5,5,5,5,5,5,7),(0.,5.24392291915E-02,0.130438880455,
    0.249600914568,0.265296205806,0.306117406014,0.362119640446,
    0.429968872497,0.499967728358,0.5985475587,0.630220630017,
    0.685223197475,0.737891193578,0.791661897366,0.842663996861,
    0.942575775318,0.971575512768,1.),.UNSPECIFIED.);
#1482 = CARTESIAN_POINT('',(1.229367061317,1.7763568394E-15,-1.3125));
#1483 = CARTESIAN_POINT('',(1.229367061317,6.750770722345E-02,
    -1.308130081686));
#1484 = CARTESIAN_POINT('',(1.224918574119,0.135016644943,
    -1.303759680983));
#1485 = CARTESIAN_POINT('',(1.216021589119,0.202157872322,-1.29938932893
    ));
#1486 = CARTESIAN_POINT('',(1.202716574239,0.268565909701,
    -1.295019379534));
#1487 = CARTESIAN_POINT('',(1.185083669406,0.333882162268,
    -1.290650006182));
#1488 = CARTESIAN_POINT('',(1.130753760326,0.492769654072,-1.27978290441
    ));
#1489 = CARTESIAN_POINT('',(1.088950852306,0.584602072208,
    -1.273285398607));
#1490 = CARTESIAN_POINT('',(1.038227503334,0.672103265501,
    -1.266789221929));
#1491 = CARTESIAN_POINT('',(0.979158787596,0.754203102853,
    -1.260292715365));
#1492 = CARTESIAN_POINT('',(0.912485243348,0.829938071473,
    -1.253794284291));
#1493 = CARTESIAN_POINT('',(0.726981472371,1.003182347311,
    -1.237365028039));
#1494 = CARTESIAN_POINT('',(0.599147810554,1.091136070328,
    -1.227428469468));
#1495 = CARTESIAN_POINT('',(0.458809946558,1.159299635869,
    -1.217491001524));
#1496 = CARTESIAN_POINT('',(0.309835720443,1.205635056958,
    -1.207552782122));
#1497 = CARTESIAN_POINT('',(0.156437590002,1.22898464422,-1.197613876325
    ));
#1498 = CARTESIAN_POINT('',(-1.71706373322E-02,1.229413192134,
    -1.186373487763));
#1499 = CARTESIAN_POINT('',(-3.737691507115E-02,1.229064565744,
    -1.185065342505));
#1500 = CARTESIAN_POINT('',(-5.757434946112E-02,1.228317412443,
    -1.183757259098));
#1501 = CARTESIAN_POINT('',(-7.77531240813E-02,1.227172030548,
    -1.182449237994));
#1502 = CARTESIAN_POINT('',(-9.790343479075E-02,1.225629040909,
    -1.181141279056));
#1503 = CARTESIAN_POINT('',(-0.170324058506,1.218644625202,
    -1.176431727882));
#1504 = CARTESIAN_POINT('',(-0.222374362985,1.210916559481,
    -1.173030484328));
#1505 = CARTESIAN_POINT('',(-0.273993227314,1.200521968027,
    -1.16962962877));
#1506 = CARTESIAN_POINT('',(-0.325010749624,1.187492031797,-1.1662291163
    ));
#1507 = CARTESIAN_POINT('',(-0.375260302031,1.171872334423,
    -1.16282887924));
#1508 = CARTESIAN_POINT('',(-0.492237761269,1.128823765839,
    -1.154764326493));
#1509 = CARTESIAN_POINT('',(-0.558146048667,1.099162728049,
    -1.150100095176));
#1510 = CARTESIAN_POINT('',(-0.621882191491,1.064894735222,
    -1.145436073979));
#1511 = CARTESIAN_POINT('',(-0.68304667095,1.026222718306,
    -1.140771932207));
#1512 = CARTESIAN_POINT('',(-0.741266340632,0.983394849811,
    -1.136107377834));
#1513 = CARTESIAN_POINT('',(-0.862752650936,0.880131155114,
    -1.125790718633));
#1514 = CARTESIAN_POINT('',(-0.924485026462,0.8178839405,-1.120138146052
    ));
#1515 = CARTESIAN_POINT('',(-0.980786491919,0.750478668195,
    -1.114484957007));
#1516 = CARTESIAN_POINT('',(-1.031128339907,0.678513670247,
    -1.108830944989));
#1517 = CARTESIAN_POINT('',(-1.075071513561,0.602655767269,
    -1.10317606879));
#1518 = CARTESIAN_POINT('',(-1.150657614431,0.442098267304,
    -1.091686829114));
#1519 = CARTESIAN_POINT('',(-1.181869517736,0.357188686743,
    -1.085852018649));
#1520 = CARTESIAN_POINT('',(-1.205536819112,0.269695643049,
    -1.080017392624));
#1521 = CARTESIAN_POINT('',(-1.22140646861,0.180458541943,
    -1.074183029082));
#1522 = CARTESIAN_POINT('',(-1.229349996531,9.03445617634E-02,
    -1.068348910706));
#1523 = CARTESIAN_POINT('',(-1.229391040813,-0.126672863628,
    -1.05430037686));
#1524 = CARTESIAN_POINT('',(-1.213694701277,-0.253601303792,
    -1.046084985586));
#1525 = CARTESIAN_POINT('',(-1.182268935941,-0.378073616553,
    -1.037872247585));
#1526 = CARTESIAN_POINT('',(-1.135640206175,-0.497685489923,
    -1.029659954667));
#1527 = CARTESIAN_POINT('',(-1.074774047761,-0.610172078025,
    -1.02144536785));
#1528 = CARTESIAN_POINT('',(-0.977451219209,-0.746722897463,
    -1.010591480256));
#1529 = CARTESIAN_POINT('',(-0.952463922188,-0.778985656978,
    -1.00795205055));
#1530 = CARTESIAN_POINT('',(-0.926202002836,-0.810240631401,
    -1.005312470845));
#1531 = CARTESIAN_POINT('',(-0.898716569594,-0.840425318837,
    -1.002672732954));
#1532 = CARTESIAN_POINT('',(-0.870062763276,-0.869480749591,
    -1.000032836748));
#1533 = CARTESIAN_POINT('',(-0.788614155102,-0.94575102575,
    -0.992808159268));
#1534 = CARTESIAN_POINT('',(-0.733582481131,-0.990578857118,
    -0.988223004177));
#1535 = CARTESIAN_POINT('',(-0.675515145422,-1.031544363285,
    -0.983637510886));
#1536 = CARTESIAN_POINT('',(-0.614753369361,-1.068395025585,
    -0.979051735334));
#1537 = CARTESIAN_POINT('',(-0.551665036395,-1.100919107679,
    -0.974465793231));
#1538 = CARTESIAN_POINT('',(-0.424375999298,-1.1557878771,
    -0.965488947391));
#1539 = CARTESIAN_POINT('',(-0.360334505205,-1.178506757952,
    -0.961097908056));
#1540 = CARTESIAN_POINT('',(-0.294858701713,-1.196957377622,
    -0.95670723839));
#1541 = CARTESIAN_POINT('',(-0.228304809962,-1.211030952455,
    -0.952317064374));
#1542 = CARTESIAN_POINT('',(-0.161038809172,-1.220658438914,
    -0.947927464525));
#1543 = CARTESIAN_POINT('',(-2.441095185409E-02,-1.231072355266,
    -0.939057851957));
#1544 = CARTESIAN_POINT('',(4.496712770541E-02,-1.231669594463,
    -0.934577750149));
#1545 = CARTESIAN_POINT('',(0.114305769264,-1.227573040826,
    -0.930098487471));
#1546 = CARTESIAN_POINT('',(0.183208875179,-1.218797209046,
    -0.925619929265));
#1547 = CARTESIAN_POINT('',(0.251284437847,-1.205400876489,
    -0.921141838479));
#1548 = CARTESIAN_POINT('',(0.381570518756,-1.170494911061,
    -0.912416912023));
#1549 = CARTESIAN_POINT('',(0.44390406424,-1.149438144518,
    -0.908169940429));
#1550 = CARTESIAN_POINT('',(0.504822356925,-1.124404025189,
    -0.903923080962));
#1551 = CARTESIAN_POINT('',(0.564009864357,-1.095514417251,
    -0.89967601813));
#1552 = CARTESIAN_POINT('',(0.621165768922,-1.062924072045,
    -0.895428453645));
#1553 = CARTESIAN_POINT('',(0.783439723362,-0.956090920298,
    -0.882858387625));
#1554 = CARTESIAN_POINT('',(0.882010086584,-0.871862382162,
    -0.87453278441));
#1555 = CARTESIAN_POINT('',(0.96955475984,-0.775546692079,
    -0.866205356864));
#1556 = CARTESIAN_POINT('',(1.044289412389,-0.668987035836,
    -0.857874539673));
#1557 = CARTESIAN_POINT('',(1.104810742957,-0.554328222255,
    -0.849542632583));
#1558 = CARTESIAN_POINT('',(1.163395100532,-0.399060053307,
    -0.838796337746));
#1559 = CARTESIAN_POINT('',(1.175301339201,-0.363650834476,
    -0.83637901067));
#1560 = CARTESIAN_POINT('',(1.185912840287,-0.327819432224,
    -0.833961862369));
#1561 = CARTESIAN_POINT('',(1.1952112944,-0.291625003681,-0.831544903779
    ));
#1562 = CARTESIAN_POINT('',(1.203182011536,-0.255127717507,
    -0.829128120971));
#1563 = CARTESIAN_POINT('',(1.216314277444,-0.182378558825,
    -0.824342766875));
#1564 = CARTESIAN_POINT('',(1.221528445814,-0.146136027801,
    -0.821974189075));
#1565 = CARTESIAN_POINT('',(1.2254460155,-0.109718770719,-0.819605697244
    ));
#1566 = CARTESIAN_POINT('',(1.228060044864,-7.318474800655E-02,
    -0.817237227375));
#1567 = CARTESIAN_POINT('',(1.229367061317,-3.65922706105E-02,
    -0.814868695962));
#1568 = CARTESIAN_POINT('',(1.229367061317,-5.573319583618E-14,-0.8125)
  );
#1569 = ORIENTED_EDGE('',*,*,#701,.F.);
#1570 = B_SPLINE_SURFACE_WITH_KNOTS('',1,10,(
    (#1571,#1572,#1573,#1574,#1575,#1576,#1577,#1578,#1579,#1580,#1581)
    ,(#1582,#1583,#1584,#1585,#1586,#1587,#1588,#1589,#1590,#1591,#1592
    )),.UNSPECIFIED.,.F.,.F.,.F.,(2,2),(11,11),(0.,0.485705080757),(0.,
    6.303048278758),.PIECEWISE_BEZIER_KNOTS.);
#1571 = CARTESIAN_POINT('',(1.5,6.543614031686E-16,-1.46875));
#1572 = CARTESIAN_POINT('',(1.5,0.942420950886,-1.41875));
#1573 = CARTESIAN_POINT('',(0.842207570563,1.885386309583,
    -1.368750000001));
#1574 = CARTESIAN_POINT('',(-0.475205458198,2.307203621035,
    -1.318749999998));
#1575 = CARTESIAN_POINT('',(-1.978795827693,1.715959187776,
    -1.268750000003));
#1576 = CARTESIAN_POINT('',(-2.776408017538,-6.887823644774E-13,
    -1.218749999997));
#1577 = CARTESIAN_POINT('',(-1.978795827694,-1.715959187775,
    -1.168750000002));
#1578 = CARTESIAN_POINT('',(-0.475205458198,-2.307203621036,
    -1.118749999999));
#1579 = CARTESIAN_POINT('',(0.842207570563,-1.885386309583,
    -1.068750000001));
#1580 = CARTESIAN_POINT('',(1.5,-0.942420950886,-1.01875));
#1581 = CARTESIAN_POINT('',(1.5,-1.089195805293E-14,-0.96875));
#1582 = CARTESIAN_POINT('',(1.079367061317,5.965291944961E-16,
    -1.225897459622));
#1583 = CARTESIAN_POINT('',(1.079367061317,0.678186326072,
    -1.175897459621));
#1584 = CARTESIAN_POINT('',(0.606005523017,1.35635557525,-1.125897459622
    ));
#1585 = CARTESIAN_POINT('',(-0.341822337003,1.660956728036,
    -1.07589745962));
#1586 = CARTESIAN_POINT('',(-1.424167538763,1.234054792996,
    -1.025897459624));
#1587 = CARTESIAN_POINT('',(-1.997498119666,3.566036355096E-13,
    -0.975897459619));
#1588 = CARTESIAN_POINT('',(-1.424167538763,-1.234054792997,
    -0.925897459623));
#1589 = CARTESIAN_POINT('',(-0.341822337002,-1.660956728035,
    -0.87589745962));
#1590 = CARTESIAN_POINT('',(0.606005523017,-1.35635557525,
    -0.825897459622));
#1591 = CARTESIAN_POINT('',(1.079367061317,-0.678186326072,
    -0.775897459621));
#1592 = CARTESIAN_POINT('',(1.079367061317,-1.006161184191E-14,
    -0.725897459622));
#1593 = ADVANCED_FACE('',(#1594),#1694,.T.);
#1594 = FACE_BOUND('',#1595,.T.);
#1595 = EDGE_LOOP('',(#1596,#1687,#1692,#1693));
#1596 = ORIENTED_EDGE('',*,*,#1597,.F.);
#1597 = EDGE_CURVE('',#1598,#832,#1600,.T.);
#1598 = VERTEX_POINT('',#1599);
#1599 = CARTESIAN_POINT('',(1.229367061317,-5.32941295833E-15,-1.1875));
#1600 = B_SPLINE_CURVE_WITH_KNOTS('',7,(#1601,#1602,#1603,#1604,#1605,
    #1606,#1607,#1608,#1609,#1610,#1611,#1612,#1613,#1614,#1615,#1616,
    #1617,#1618,#1619,#1620,#1621,#1622,#1623,#1624,#1625,#1626,#1627,
    #1628,#1629,#1630,#1631,#1632,#1633,#1634,#1635,#1636,#1637,#1638,
    #1639,#1640,#1641,#1642,#1643,#1644,#1645,#1646,#1647,#1648,#1649,
    #1650,#1651,#1652,#1653,#1654,#1655,#1656,#1657,#1658,#1659,#1660,
    #1661,#1662,#1663,#1664,#1665,#1666,#1667,#1668,#1669,#1670,#1671,
    #1672,#1673,#1674,#1675,#1676,#1677,#1678,#1679,#1680,#1681,#1682,
    #1683,#1684,#1685,#1686),.UNSPECIFIED.,.F.,.F.,(8,6,6,6,6,6,6,6,6,6,
    6,6,6,6,8),(0.,5.744493792229E-02,0.130452660155,0.263620358866,
    0.447920229374,0.464921887546,0.501651704136,0.598515083622,
    0.63820047542,0.737883751279,0.851679676277,0.902463733709,
    0.947467982239,0.972470275267,1.),.UNSPECIFIED.);
#1601 = CARTESIAN_POINT('',(1.229367061317,6.661338147751E-16,-1.1875));
#1602 = CARTESIAN_POINT('',(1.229367061317,6.33808006426E-02,
    -1.183397225178));
#1603 = CARTESIAN_POINT('',(1.225554743902,0.126762914693,
    -1.179294879196));
#1604 = CARTESIAN_POINT('',(1.217930108127,0.189868984502,
    -1.175192564564));
#1605 = CARTESIAN_POINT('',(1.206518138606,0.252423941293,
    -1.171089910208));
#1606 = CARTESIAN_POINT('',(1.191368417628,0.314156563121,
    -1.166986667448));
#1607 = CARTESIAN_POINT('',(1.172554737286,0.374801032834,
    -1.162882805966));
#1608 = CARTESIAN_POINT('',(1.121731566588,0.509460623303,
    -1.153562518926));
#1609 = CARTESIAN_POINT('',(1.087526229154,0.58265123453,-1.148345558782
    ));
#1610 = CARTESIAN_POINT('',(1.04776001266,0.653137277549,-1.143128402823
    ));
#1611 = CARTESIAN_POINT('',(1.002692853455,0.720414198035,
    -1.137911524241));
#1612 = CARTESIAN_POINT('',(0.952640128639,0.784010870626,
    -1.132695273028));
#1613 = CARTESIAN_POINT('',(0.897969473838,0.843494530044,
    -1.127479953063));
#1614 = CARTESIAN_POINT('',(0.731714003903,0.998762575276,-1.11275534972
    ));
#1615 = CARTESIAN_POINT('',(0.610299794414,1.084119930558,
    -1.103244317293));
#1616 = CARTESIAN_POINT('',(0.477423105284,1.152105760795,
    -1.093740585445));
#1617 = CARTESIAN_POINT('',(0.336109662661,1.200961813952,-1.08423960895
    ));
#1618 = CARTESIAN_POINT('',(0.189619603413,1.229562691375,
    -1.074734560535));
#1619 = CARTESIAN_POINT('',(4.141559980003E-02,1.237423126652,
    -1.065222650862));
#1620 = CARTESIAN_POINT('',(-0.307577058815,1.207513334543,
    -1.042548945835));
#1621 = CARTESIAN_POINT('',(-0.507145401463,1.151025351957,
    -1.029359652124));
#1622 = CARTESIAN_POINT('',(-0.694009880193,1.056024369623,
    -1.016183549904));
#1623 = CARTESIAN_POINT('',(-0.859486665464,0.926348642007,
    -1.003015519116));
#1624 = CARTESIAN_POINT('',(-0.996407814323,0.767612368728,
    -0.989851231513));
#1625 = CARTESIAN_POINT('',(-1.098968369632,0.587333510134,
    -0.976670941952));
#1626 = CARTESIAN_POINT('',(-1.170286952276,0.376992972215,-0.9622969237
    ));
#1627 = CARTESIAN_POINT('',(-1.175994170072,0.359120676945,
    -0.96108291005));
#1628 = CARTESIAN_POINT('',(-1.181382841699,0.341147931046,
    -0.959868890747));
#1629 = CARTESIAN_POINT('',(-1.186450858781,0.323081549573,
    -0.958654863556));
#1630 = CARTESIAN_POINT('',(-1.191196296326,0.304928398812,
    -0.957440826378));
#1631 = CARTESIAN_POINT('',(-1.195617412726,0.286695396284,
    -0.95622677726));
#1632 = CARTESIAN_POINT('',(-1.208559863559,0.228842084729,
    -0.952389893356));
#1633 = CARTESIAN_POINT('',(-1.215886170005,0.188954292349,
    -0.949767006265));
#1634 = CARTESIAN_POINT('',(-1.221675820832,0.148796704806,
    -0.947144034828));
#1635 = CARTESIAN_POINT('',(-1.225917190828,0.108440325478,
    -0.944520966389));
#1636 = CARTESIAN_POINT('',(-1.228602777832,6.795658991589E-02,
    -0.941897793925));
#1637 = CARTESIAN_POINT('',(-1.229729202732,2.741736583719E-02,
    -0.939274516046));
#1638 = CARTESIAN_POINT('',(-1.228157962617,-0.119970209942,
    -0.929732796952));
#1639 = CARTESIAN_POINT('',(-1.216180197223,-0.226732914243,
    -0.922812910046));
#1640 = CARTESIAN_POINT('',(-1.193373805757,-0.332050532644,
    -0.915892974552));
#1641 = CARTESIAN_POINT('',(-1.159961774182,-0.434612056542,
    -0.908973156016));
#1642 = CARTESIAN_POINT('',(-1.116355123928,-0.533154895372,
    -0.902053247251));
#1643 = CARTESIAN_POINT('',(-1.063145639986,-0.62648766915,
    -0.895133555881));
#1644 = CARTESIAN_POINT('',(-0.97570270152,-0.749176145835,
    -0.885381448597));
#1645 = CARTESIAN_POINT('',(-0.948807093461,-0.78377756402,
    -0.882547346567));
#1646 = CARTESIAN_POINT('',(-0.920482593214,-0.81724889187,
    -0.879713430217));
#1647 = CARTESIAN_POINT('',(-0.890786398438,-0.849519604244,
    -0.87687970681));
#1648 = CARTESIAN_POINT('',(-0.859779872207,-0.880523007582,
    -0.874046173995));
#1649 = CARTESIAN_POINT('',(-0.827528543011,-0.910196239902,
    -0.871212819798));
#1650 = CARTESIAN_POINT('',(-0.710140306346,-1.009525174894,
    -0.861263090271));
#1651 = CARTESIAN_POINT('',(-0.618751520481,-1.071816127592,
    -0.85414656774));
#1652 = CARTESIAN_POINT('',(-0.521051299433,-1.124402311907,
    -0.847031387579));
#1653 = CARTESIAN_POINT('',(-0.418284610415,-1.166538747746,
    -0.839916509287));
#1654 = CARTESIAN_POINT('',(-0.311791418388,-1.197676331291,
    -0.832800130275));
#1655 = CARTESIAN_POINT('',(-0.20298090784,-1.217472205523,
    -0.825681323677));
#1656 = CARTESIAN_POINT('',(3.187825297033E-02,-1.235350621726,
    -0.810434122862));
#1657 = CARTESIAN_POINT('',(0.158235433723,-1.229965943909,
    -0.802302388213));
#1658 = CARTESIAN_POINT('',(0.283571504876,-1.209488823227,
    -0.794169529412));
#1659 = CARTESIAN_POINT('',(0.405737663813,-1.174160773775,
    -0.786035931819));
#1660 = CARTESIAN_POINT('',(0.522659775472,-1.124581094458,
    -0.777901664606));
#1661 = CARTESIAN_POINT('',(0.632390416225,-1.061692225382,
    -0.76976808878));
#1662 = CARTESIAN_POINT('',(0.778152714226,-0.953394675253,
    -0.758010836963));
#1663 = CARTESIAN_POINT('',(0.821353673802,-0.91758554803,
    -0.754383374462));
#1664 = CARTESIAN_POINT('',(0.862624706079,-0.879498371032,
    -0.750756457337));
#1665 = CARTESIAN_POINT('',(0.901822343864,-0.83925871321,
    -0.747130059632));
#1666 = CARTESIAN_POINT('',(0.938813671782,-0.797003066588,
    -0.743504081717));
#1667 = CARTESIAN_POINT('',(0.973476987304,-0.752878157934,
    -0.739878402948));
#1668 = CARTESIAN_POINT('',(1.034260307167,-0.666419242025,
    -0.733040085661));
#1669 = CARTESIAN_POINT('',(1.060904039035,-0.624452411412,
    -0.729827359184));
#1670 = CARTESIAN_POINT('',(1.085557311842,-0.581248430491,
    -0.726614689357));
#1671 = CARTESIAN_POINT('',(1.10815177912,-0.536920865321,
    -0.723401959629));
#1672 = CARTESIAN_POINT('',(1.128627314932,-0.491587732671,
    -0.720189048297));
#1673 = CARTESIAN_POINT('',(1.146932235347,-0.445371046579,
    -0.716975874372));
#1674 = CARTESIAN_POINT('',(1.171963098409,-0.372299389734,
    -0.711977208834));
#1675 = CARTESIAN_POINT('',(1.180219499354,-0.345968361011,
    -0.710191889127));
#1676 = CARTESIAN_POINT('',(1.187785358136,-0.319424784307,
    -0.70840647957));
#1677 = CARTESIAN_POINT('',(1.194654171158,-0.292690388955,
    -0.70662098075));
#1678 = CARTESIAN_POINT('',(1.200820295847,-0.265787128051,
    -0.704835398583));
#1679 = CARTESIAN_POINT('',(1.206278950653,-0.238737178452,
    -0.703049744322));
#1680 = CARTESIAN_POINT('',(1.216253370897,-0.181641713857,
    -0.699297810952));
#1681 = CARTESIAN_POINT('',(1.22061805663,-0.151569718262,-0.6973315165)
  );
#1682 = CARTESIAN_POINT('',(1.224115039594,-0.121376878062,
    -0.69536517831));
#1683 = CARTESIAN_POINT('',(1.226740394868,-9.109324439738E-02,
    -0.693398825484));
#1684 = CARTESIAN_POINT('',(1.22849150526,-6.074899547328E-02,
    -0.69143248911));
#1685 = CARTESIAN_POINT('',(1.229367061317,-3.037443656167E-02,
    -0.689466202262));
#1686 = CARTESIAN_POINT('',(1.229367061317,0.,-0.6875));
#1687 = ORIENTED_EDGE('',*,*,#1688,.T.);
#1688 = EDGE_CURVE('',#1598,#1409,#1689,.T.);
#1689 = B_SPLINE_CURVE_WITH_KNOTS('',1,(#1690,#1691),.UNSPECIFIED.,.F.,
  .F.,(2,2),(0.,0.485705080757),.PIECEWISE_BEZIER_KNOTS.);
#1690 = CARTESIAN_POINT('',(1.079367061317,-1.006161184191E-14,
    -1.274102540378));
#1691 = CARTESIAN_POINT('',(1.5,-1.089195805293E-14,-1.03125));
#1692 = ORIENTED_EDGE('',*,*,#1408,.T.);
#1693 = ORIENTED_EDGE('',*,*,#922,.F.);
#1694 = B_SPLINE_SURFACE_WITH_KNOTS('',1,10,(
    (#1695,#1696,#1697,#1698,#1699,#1700,#1701,#1702,#1703,#1704,#1705)
    ,(#1706,#1707,#1708,#1709,#1710,#1711,#1712,#1713,#1714,#1715,#1716
    )),.UNSPECIFIED.,.F.,.F.,.F.,(2,2),(11,11),(0.,0.485705080757),(0.,
    6.303048278758),.PIECEWISE_BEZIER_KNOTS.);
#1695 = CARTESIAN_POINT('',(1.079367061317,5.965291944961E-16,
    -1.274102540378));
#1696 = CARTESIAN_POINT('',(1.079367061317,0.678186326072,
    -1.224102540378));
#1697 = CARTESIAN_POINT('',(0.606005523017,1.35635557525,-1.174102540379
    ));
#1698 = CARTESIAN_POINT('',(-0.341822337003,1.660956728036,
    -1.124102540377));
#1699 = CARTESIAN_POINT('',(-1.424167538763,1.234054792996,
    -1.074102540381));
#1700 = CARTESIAN_POINT('',(-1.997498119666,3.566036355096E-13,
    -1.024102540376));
#1701 = CARTESIAN_POINT('',(-1.424167538763,-1.234054792997,
    -0.97410254038));
#1702 = CARTESIAN_POINT('',(-0.341822337002,-1.660956728035,
    -0.924102540377));
#1703 = CARTESIAN_POINT('',(0.606005523017,-1.35635557525,
    -0.874102540379));
#1704 = CARTESIAN_POINT('',(1.079367061317,-0.678186326072,
    -0.824102540378));
#1705 = CARTESIAN_POINT('',(1.079367061317,-1.006161184191E-14,
    -0.774102540378));
#1706 = CARTESIAN_POINT('',(1.5,6.543614031686E-16,-1.03125));
#1707 = CARTESIAN_POINT('',(1.5,0.942420950886,-0.98125));
#1708 = CARTESIAN_POINT('',(0.842207570563,1.885386309583,
    -0.931250000001));
#1709 = CARTESIAN_POINT('',(-0.475205458198,2.307203621035,
    -0.881249999998));
#1710 = CARTESIAN_POINT('',(-1.978795827693,1.715959187776,
    -0.831250000002));
#1711 = CARTESIAN_POINT('',(-2.776408017538,-6.887823644774E-13,
    -0.781249999998));
#1712 = CARTESIAN_POINT('',(-1.978795827694,-1.715959187775,
    -0.731250000002));
#1713 = CARTESIAN_POINT('',(-0.475205458198,-2.307203621036,
    -0.681249999999));
#1714 = CARTESIAN_POINT('',(0.842207570563,-1.885386309583,
    -0.631250000001));
#1715 = CARTESIAN_POINT('',(1.5,-0.942420950886,-0.58125));
#1716 = CARTESIAN_POINT('',(1.5,-1.089195805293E-14,-0.53125));
#1717 = ADVANCED_FACE('',(#1718),#1833,.T.);
#1718 = FACE_BOUND('',#1719,.T.);
#1719 = EDGE_LOOP('',(#1720,#1811,#1812,#1828));
#1720 = ORIENTED_EDGE('',*,*,#1721,.F.);
#1721 = EDGE_CURVE('',#1047,#1722,#1724,.T.);
#1722 = VERTEX_POINT('',#1723);
#1723 = CARTESIAN_POINT('',(1.229367061317,-5.32941295833E-15,-3.1875));
#1724 = B_SPLINE_CURVE_WITH_KNOTS('',7,(#1725,#1726,#1727,#1728,#1729,
    #1730,#1731,#1732,#1733,#1734,#1735,#1736,#1737,#1738,#1739,#1740,
    #1741,#1742,#1743,#1744,#1745,#1746,#1747,#1748,#1749,#1750,#1751,
    #1752,#1753,#1754,#1755,#1756,#1757,#1758,#1759,#1760,#1761,#1762,
    #1763,#1764,#1765,#1766,#1767,#1768,#1769,#1770,#1771,#1772,#1773,
    #1774,#1775,#1776,#1777,#1778,#1779,#1780,#1781,#1782,#1783,#1784,
    #1785,#1786,#1787,#1788,#1789,#1790,#1791,#1792,#1793,#1794,#1795,
    #1796,#1797,#1798,#1799,#1800,#1801,#1802,#1803,#1804,#1805,#1806,
    #1807,#1808,#1809,#1810),.UNSPECIFIED.,.F.,.F.,(8,6,6,6,6,6,6,6,6,6,
    6,6,6,6,8),(0.,5.744493792306E-02,0.130452660157,0.263620358715,
    0.447920228662,0.464921886835,0.501651702782,0.598515081559,
    0.638200300295,0.73788341741,0.851678935991,0.90247307174,
    0.947477319915,0.972479613058,1.),.UNSPECIFIED.);
#1725 = CARTESIAN_POINT('',(1.229367061317,6.661338147751E-16,-3.6875));
#1726 = CARTESIAN_POINT('',(1.229367061317,6.33808006426E-02,
    -3.683397225178));
#1727 = CARTESIAN_POINT('',(1.225554743902,0.126762914693,
    -3.679294879196));
#1728 = CARTESIAN_POINT('',(1.217930108127,0.189868984502,
    -3.675192564564));
#1729 = CARTESIAN_POINT('',(1.206518138606,0.252423941293,
    -3.671089910208));
#1730 = CARTESIAN_POINT('',(1.191368417628,0.314156563121,
    -3.666986667448));
#1731 = CARTESIAN_POINT('',(1.172554737286,0.374801032834,
    -3.662882805966));
#1732 = CARTESIAN_POINT('',(1.121731566588,0.509460623303,
    -3.653562518926));
#1733 = CARTESIAN_POINT('',(1.087526229154,0.58265123453,-3.648345558782
    ));
#1734 = CARTESIAN_POINT('',(1.04776001266,0.653137277549,-3.643128402823
    ));
#1735 = CARTESIAN_POINT('',(1.002692853455,0.720414198035,
    -3.637911524241));
#1736 = CARTESIAN_POINT('',(0.952640128639,0.784010870626,
    -3.632695273028));
#1737 = CARTESIAN_POINT('',(0.897969473838,0.843494530044,
    -3.627479953063));
#1738 = CARTESIAN_POINT('',(0.731714004028,0.998762575159,
    -3.612755349731));
#1739 = CARTESIAN_POINT('',(0.610299794695,1.08411993036,-3.603244317315
    ));
#1740 = CARTESIAN_POINT('',(0.477423105746,1.152105760557,
    -3.593740585478));
#1741 = CARTESIAN_POINT('',(0.336109663317,1.200961813726,
    -3.584239608994));
#1742 = CARTESIAN_POINT('',(0.189619604262,1.22956269121,-3.57473456059)
  );
#1743 = CARTESIAN_POINT('',(4.141560083109E-02,1.237423126597,
    -3.565222650929));
#1744 = CARTESIAN_POINT('',(-0.307577057024,1.207513334895,
    -3.542548945952));
#1745 = CARTESIAN_POINT('',(-0.507145399123,1.151025352795,
    -3.529359652283));
#1746 = CARTESIAN_POINT('',(-0.694009877451,1.05602437117,
    -3.516183550102));
#1747 = CARTESIAN_POINT('',(-0.859486662538,0.926348644431,
    -3.503015519354));
#1748 = CARTESIAN_POINT('',(-0.996407811484,0.767612372125,
    -3.489851231791));
#1749 = CARTESIAN_POINT('',(-1.098968367178,0.587333514509,
    -3.476670942271));
#1750 = CARTESIAN_POINT('',(-1.170286950573,0.376992977501,
    -3.46229692406));
#1751 = CARTESIAN_POINT('',(-1.17599416845,0.359120682257,
    -3.461082910409));
#1752 = CARTESIAN_POINT('',(-1.181382840158,0.341147936383,
    -3.459868891107));
#1753 = CARTESIAN_POINT('',(-1.186450857321,0.323081554932,
    -3.458654863915));
#1754 = CARTESIAN_POINT('',(-1.191196294949,0.304928404193,
    -3.457440826738));
#1755 = CARTESIAN_POINT('',(-1.195617411431,0.286695401685,
    -3.456226777619));
#1756 = CARTESIAN_POINT('',(-1.20855986237,0.228842090881,
    -3.452389893761));
#1757 = CARTESIAN_POINT('',(-1.215886168895,0.188954299238,
    -3.449767006717));
#1758 = CARTESIAN_POINT('',(-1.221675819856,0.148796712433,
    -3.447144035326));
#1759 = CARTESIAN_POINT('',(-1.225917190041,0.108440333842,
    -3.444520966933));
#1760 = CARTESIAN_POINT('',(-1.22860277729,6.795659900853E-02,
    -3.441897794514));
#1761 = CARTESIAN_POINT('',(-1.22972920249,2.741737564931E-02,
    -3.43927451668));
#1762 = CARTESIAN_POINT('',(-1.228157963652,-0.119970198651,
    -3.429732797683));
#1763 = CARTESIAN_POINT('',(-1.216180199338,-0.226732902273,
    -3.422812910828));
#1764 = CARTESIAN_POINT('',(-1.193373809099,-0.33205052012,
    -3.415892975386));
#1765 = CARTESIAN_POINT('',(-1.15996177888,-0.434612043613,-3.4089731569
    ));
#1766 = CARTESIAN_POINT('',(-1.116355130086,-0.533154882212,
    -3.402053248185));
#1767 = CARTESIAN_POINT('',(-1.063145647684,-0.626487655953,
    -3.395133556866));
#1768 = CARTESIAN_POINT('',(-0.975702822096,-0.749175977641,
    -3.385381461992));
#1769 = CARTESIAN_POINT('',(-0.94880733824,-0.783777249885,
    -3.382547372321));
#1770 = CARTESIAN_POINT('',(-0.920482974412,-0.817248441993,
    -3.379713468327));
#1771 = CARTESIAN_POINT('',(-0.890786927503,-0.849519029733,
    -3.376879757276));
#1772 = CARTESIAN_POINT('',(-0.859780559746,-0.880522320381,
    -3.374046236814));
#1773 = CARTESIAN_POINT('',(-0.827529398722,-0.910195452724,
    -3.37121289497));
#1774 = CARTESIAN_POINT('',(-0.710141550825,-1.009524280394,
    -3.361263189116));
#1775 = CARTESIAN_POINT('',(-0.618752990914,-1.071815248345,
    -3.354146677915));
#1776 = CARTESIAN_POINT('',(-0.521053003466,-1.124401487313,
    -3.347031509083));
#1777 = CARTESIAN_POINT('',(-0.418286548686,-1.166538019064,
    -3.339916642128));
#1778 = CARTESIAN_POINT('',(-0.311793584226,-1.197675740275,
    -3.33280027447));
#1779 = CARTESIAN_POINT('',(-0.202983287185,-1.217471793007,
    -3.325681479247));
#1780 = CARTESIAN_POINT('',(3.187521436524E-02,-1.235350654559,
    -3.310434318874));
#1781 = CARTESIAN_POINT('',(0.158231950659,-1.229966314289,
    -3.302302613343));
#1782 = CARTESIAN_POINT('',(0.283567624195,-1.209489637572,
    -3.294169783647));
#1783 = CARTESIAN_POINT('',(0.40573345485,-1.174162129824,
    -3.286036215126));
#1784 = CARTESIAN_POINT('',(0.522655327924,-1.124583076484,
    -3.277901976952));
#1785 = CARTESIAN_POINT('',(0.63238583712,-1.061694899854,
    -3.269768430128));
#1786 = CARTESIAN_POINT('',(0.778157204993,-0.953391663518,
    -3.258010487235));
#1787 = CARTESIAN_POINT('',(0.821366552286,-0.917575155771,
    -3.254382304864));
#1788 = CARTESIAN_POINT('',(0.8626451863,-0.879479707616,-3.250754668111
    ));
#1789 = CARTESIAN_POINT('',(0.901849555646,-0.839230964566,
    -3.247127550994));
#1790 = CARTESIAN_POINT('',(0.93884666941,-0.796965503637,
    -3.243500853791));
#1791 = CARTESIAN_POINT('',(0.973514758792,-0.752830144292,
    -3.239874455757));
#1792 = CARTESIAN_POINT('',(1.034299400757,-0.666358566135,
    -3.233035419368));
#1793 = CARTESIAN_POINT('',(1.060940670312,-0.624390173007,
    -3.229822692987));
#1794 = CARTESIAN_POINT('',(1.085591408282,-0.581184746359,
    -3.226610023142));
#1795 = CARTESIAN_POINT('',(1.108183274874,-0.536855856238,
    -3.223397293284));
#1796 = CARTESIAN_POINT('',(1.128656151077,-0.491521522919,
    -3.220184381727));
#1797 = CARTESIAN_POINT('',(1.146958360114,-0.44530376345,
    -3.216971207507));
#1798 = CARTESIAN_POINT('',(1.171984936504,-0.372230638509,
    -3.211972541447));
#1799 = CARTESIAN_POINT('',(1.180239792839,-0.345899125314,
    -3.21018722153));
#1800 = CARTESIAN_POINT('',(1.187804094539,-0.319355104625,
    -3.208401811763));
#1801 = CARTESIAN_POINT('',(1.194671339281,-0.29262030616,
    -3.206616312739));
#1802 = CARTESIAN_POINT('',(1.200835885776,-0.265716683348,
    -3.204830730384));
#1803 = CARTESIAN_POINT('',(1.206292953774,-0.238666413332,
    -3.203045075956));
#1804 = CARTESIAN_POINT('',(1.216262252225,-0.181580512396,
    -3.199293809232));
#1805 = CARTESIAN_POINT('',(1.220623986388,-0.151518512108,
    -3.197328181656));
#1806 = CARTESIAN_POINT('',(1.224118600995,-0.121335789996,
    -3.195362510415));
#1807 = CARTESIAN_POINT('',(1.226742176453,-9.106236677833E-02,
    -3.193396824585));
#1808 = CARTESIAN_POINT('',(1.228492099121,-6.0728389994E-02,
    -3.191431155221));
#1809 = CARTESIAN_POINT('',(1.229367061317,-3.036413400602E-02,
    -3.189465535355));
#1810 = CARTESIAN_POINT('',(1.229367061317,0.,-3.1875));
#1811 = ORIENTED_EDGE('',*,*,#1161,.T.);
#1812 = ORIENTED_EDGE('',*,*,#1813,.T.);
#1813 = EDGE_CURVE('',#1146,#1814,#1816,.T.);
#1814 = VERTEX_POINT('',#1815);
#1815 = CARTESIAN_POINT('',(1.5,-5.118798324882E-15,-3.03125));
#1816 = B_SPLINE_CURVE_WITH_KNOTS('',10,(#1817,#1818,#1819,#1820,#1821,
    #1822,#1823,#1824,#1825,#1826,#1827),.UNSPECIFIED.,.F.,.F.,(11,11),(
    0.,6.303048278758),.PIECEWISE_BEZIER_KNOTS.);
#1817 = CARTESIAN_POINT('',(1.5,6.543614031686E-16,-3.53125));
#1818 = CARTESIAN_POINT('',(1.5,0.942420950886,-3.48125));
#1819 = CARTESIAN_POINT('',(0.842207570563,1.885386309583,
    -3.431250000001));
#1820 = CARTESIAN_POINT('',(-0.475205458198,2.307203621035,
    -3.381249999998));
#1821 = CARTESIAN_POINT('',(-1.978795827693,1.715959187776,
    -3.331250000002));
#1822 = CARTESIAN_POINT('',(-2.776408017538,-6.887823644774E-13,
    -3.281249999998));
#1823 = CARTESIAN_POINT('',(-1.978795827694,-1.715959187775,
    -3.231250000002));
#1824 = CARTESIAN_POINT('',(-0.475205458198,-2.307203621036,
    -3.181249999999));
#1825 = CARTESIAN_POINT('',(0.842207570563,-1.885386309583,
    -3.131250000001));
#1826 = CARTESIAN_POINT('',(1.5,-0.942420950886,-3.08125));
#1827 = CARTESIAN_POINT('',(1.5,-1.089195805293E-14,-3.03125));
#1828 = ORIENTED_EDGE('',*,*,#1829,.F.);
#1829 = EDGE_CURVE('',#1722,#1814,#1830,.T.);
#1830 = B_SPLINE_CURVE_WITH_KNOTS('',1,(#1831,#1832),.UNSPECIFIED.,.F.,
  .F.,(2,2),(0.,0.485705080757),.PIECEWISE_BEZIER_KNOTS.);
#1831 = CARTESIAN_POINT('',(1.079367061317,-1.006161184191E-14,
    -3.274102540378));
#1832 = CARTESIAN_POINT('',(1.5,-1.089195805293E-14,-3.03125));
#1833 = B_SPLINE_SURFACE_WITH_KNOTS('',1,10,(
    (#1834,#1835,#1836,#1837,#1838,#1839,#1840,#1841,#1842,#1843,#1844)
    ,(#1845,#1846,#1847,#1848,#1849,#1850,#1851,#1852,#1853,#1854,#1855
    )),.UNSPECIFIED.,.F.,.F.,.F.,(2,2),(11,11),(0.,0.485705080757),(0.,
    6.303048278758),.PIECEWISE_BEZIER_KNOTS.);
#1834 = CARTESIAN_POINT('',(1.079367061317,5.965291944961E-16,
    -3.774102540378));
#1835 = CARTESIAN_POINT('',(1.079367061317,0.678186326072,
    -3.724102540378));
#1836 = CARTESIAN_POINT('',(0.606005523017,1.35635557525,-3.674102540379
    ));
#1837 = CARTESIAN_POINT('',(-0.341822337003,1.660956728036,
    -3.624102540377));
#1838 = CARTESIAN_POINT('',(-1.424167538763,1.234054792996,
    -3.574102540381));
#1839 = CARTESIAN_POINT('',(-1.997498119666,3.566036355096E-13,
    -3.524102540376));
#1840 = CARTESIAN_POINT('',(-1.424167538763,-1.234054792997,
    -3.47410254038));
#1841 = CARTESIAN_POINT('',(-0.341822337002,-1.660956728035,
    -3.424102540377));
#1842 = CARTESIAN_POINT('',(0.606005523017,-1.35635557525,
    -3.374102540379));
#1843 = CARTESIAN_POINT('',(1.079367061317,-0.678186326072,
    -3.324102540378));
#1844 = CARTESIAN_POINT('',(1.079367061317,-1.006161184191E-14,
    -3.274102540378));
#1845 = CARTESIAN_POINT('',(1.5,6.543614031686E-16,-3.53125));
#1846 = CARTESIAN_POINT('',(1.5,0.942420950886,-3.48125));
#1847 = CARTESIAN_POINT('',(0.842207570563,1.885386309583,
    -3.431250000001));
#1848 = CARTESIAN_POINT('',(-0.475205458198,2.307203621035,
    -3.381249999998));
#1849 = CARTESIAN_POINT('',(-1.978795827693,1.715959187776,
    -3.331250000002));
#1850 = CARTESIAN_POINT('',(-2.776408017538,-6.887823644774E-13,
    -3.281249999998));
#1851 = CARTESIAN_POINT('',(-1.978795827694,-1.715959187775,
    -3.231250000002));
#1852 = CARTESIAN_POINT('',(-0.475205458198,-2.307203621036,
    -3.181249999999));
#1853 = CARTESIAN_POINT('',(0.842207570563,-1.885386309583,
    -3.131250000001));
#1854 = CARTESIAN_POINT('',(1.5,-0.942420950886,-3.08125));
#1855 = CARTESIAN_POINT('',(1.5,-1.089195805293E-14,-3.03125));
#1856 = ADVANCED_FACE('',(#1857),#1882,.T.);
#1857 = FACE_BOUND('',#1858,.T.);
#1858 = EDGE_LOOP('',(#1859,#1860,#1861,#1877));
#1859 = ORIENTED_EDGE('',*,*,#1145,.F.);
#1860 = ORIENTED_EDGE('',*,*,#1348,.T.);
#1861 = ORIENTED_EDGE('',*,*,#1862,.T.);
#1862 = EDGE_CURVE('',#1193,#1863,#1865,.T.);
#1863 = VERTEX_POINT('',#1864);
#1864 = CARTESIAN_POINT('',(1.5,-5.118798324882E-15,-3.46875));
#1865 = B_SPLINE_CURVE_WITH_KNOTS('',10,(#1866,#1867,#1868,#1869,#1870,
    #1871,#1872,#1873,#1874,#1875,#1876),.UNSPECIFIED.,.F.,.F.,(11,11),(
    0.,6.303048278758),.PIECEWISE_BEZIER_KNOTS.);
#1866 = CARTESIAN_POINT('',(1.5,6.543614031686E-16,-3.96875));
#1867 = CARTESIAN_POINT('',(1.5,0.942420950886,-3.91875));
#1868 = CARTESIAN_POINT('',(0.842207570563,1.885386309583,
    -3.868750000001));
#1869 = CARTESIAN_POINT('',(-0.475205458198,2.307203621035,
    -3.818749999998));
#1870 = CARTESIAN_POINT('',(-1.978795827693,1.715959187776,
    -3.768750000003));
#1871 = CARTESIAN_POINT('',(-2.776408017538,-6.887823644774E-13,
    -3.718749999997));
#1872 = CARTESIAN_POINT('',(-1.978795827694,-1.715959187775,
    -3.668750000002));
#1873 = CARTESIAN_POINT('',(-0.475205458198,-2.307203621036,
    -3.618749999999));
#1874 = CARTESIAN_POINT('',(0.842207570563,-1.885386309583,
    -3.568750000001));
#1875 = CARTESIAN_POINT('',(1.5,-0.942420950886,-3.51875));
#1876 = CARTESIAN_POINT('',(1.5,-1.089195805293E-14,-3.46875));
#1877 = ORIENTED_EDGE('',*,*,#1878,.F.);
#1878 = EDGE_CURVE('',#1146,#1863,#1879,.T.);
#1879 = B_SPLINE_CURVE_WITH_KNOTS('',1,(#1880,#1881),.UNSPECIFIED.,.F.,
  .F.,(2,2),(0.,6.25E-02),.PIECEWISE_BEZIER_KNOTS.);
#1880 = CARTESIAN_POINT('',(1.5,-1.089195805293E-14,-3.53125));
#1881 = CARTESIAN_POINT('',(1.5,-1.089195805293E-14,-3.46875));
#1882 = B_SPLINE_SURFACE_WITH_KNOTS('',1,10,(
    (#1883,#1884,#1885,#1886,#1887,#1888,#1889,#1890,#1891,#1892,#1893)
    ,(#1894,#1895,#1896,#1897,#1898,#1899,#1900,#1901,#1902,#1903,#1904
    )),.UNSPECIFIED.,.F.,.F.,.F.,(2,2),(11,11),(0.,6.25E-02),(0.,
    6.303048278758),.PIECEWISE_BEZIER_KNOTS.);
#1883 = CARTESIAN_POINT('',(1.5,6.543614031686E-16,-4.03125));
#1884 = CARTESIAN_POINT('',(1.5,0.942420950886,-3.98125));
#1885 = CARTESIAN_POINT('',(0.842207570563,1.885386309583,
    -3.931250000001));
#1886 = CARTESIAN_POINT('',(-0.475205458198,2.307203621035,
    -3.881249999998));
#1887 = CARTESIAN_POINT('',(-1.978795827693,1.715959187776,
    -3.831250000002));
#1888 = CARTESIAN_POINT('',(-2.776408017538,-6.887823644774E-13,
    -3.781249999998));
#1889 = CARTESIAN_POINT('',(-1.978795827694,-1.715959187775,
    -3.731250000002));
#1890 = CARTESIAN_POINT('',(-0.475205458198,-2.307203621036,
    -3.681249999999));
#1891 = CARTESIAN_POINT('',(0.842207570563,-1.885386309583,
    -3.631250000001));
#1892 = CARTESIAN_POINT('',(1.5,-0.942420950886,-3.58125));
#1893 = CARTESIAN_POINT('',(1.5,-1.089195805293E-14,-3.53125));
#1894 = CARTESIAN_POINT('',(1.5,6.543614031686E-16,-3.96875));
#1895 = CARTESIAN_POINT('',(1.5,0.942420950886,-3.91875));
#1896 = CARTESIAN_POINT('',(0.842207570563,1.885386309583,
    -3.868750000001));
#1897 = CARTESIAN_POINT('',(-0.475205458198,2.307203621035,
    -3.818749999998));
#1898 = CARTESIAN_POINT('',(-1.978795827693,1.715959187776,
    -3.768750000003));
#1899 = CARTESIAN_POINT('',(-2.776408017538,-6.887823644774E-13,
    -3.718749999997));
#1900 = CARTESIAN_POINT('',(-1.978795827694,-1.715959187775,
    -3.668750000002));
#1901 = CARTESIAN_POINT('',(-0.475205458198,-2.307203621036,
    -3.618749999999));
#1902 = CARTESIAN_POINT('',(0.842207570563,-1.885386309583,
    -3.568750000001));
#1903 = CARTESIAN_POINT('',(1.5,-0.942420950886,-3.51875));
#1904 = CARTESIAN_POINT('',(1.5,-1.089195805293E-14,-3.46875));
#1905 = ADVANCED_FACE('',(#1906),#2007,.T.);
#1906 = FACE_BOUND('',#1907,.T.);
#1907 = EDGE_LOOP('',(#1908,#1909,#1910,#2002));
#1908 = ORIENTED_EDGE('',*,*,#1862,.F.);
#1909 = ORIENTED_EDGE('',*,*,#1301,.T.);
#1910 = ORIENTED_EDGE('',*,*,#1911,.T.);
#1911 = EDGE_CURVE('',#1210,#1912,#1914,.T.);
#1912 = VERTEX_POINT('',#1913);
#1913 = CARTESIAN_POINT('',(1.229367061317,-5.32941295833E-15,-3.3125));
#1914 = B_SPLINE_CURVE_WITH_KNOTS('',6,(#1915,#1916,#1917,#1918,#1919,
    #1920,#1921,#1922,#1923,#1924,#1925,#1926,#1927,#1928,#1929,#1930,
    #1931,#1932,#1933,#1934,#1935,#1936,#1937,#1938,#1939,#1940,#1941,
    #1942,#1943,#1944,#1945,#1946,#1947,#1948,#1949,#1950,#1951,#1952,
    #1953,#1954,#1955,#1956,#1957,#1958,#1959,#1960,#1961,#1962,#1963,
    #1964,#1965,#1966,#1967,#1968,#1969,#1970,#1971,#1972,#1973,#1974,
    #1975,#1976,#1977,#1978,#1979,#1980,#1981,#1982,#1983,#1984,#1985,
    #1986,#1987,#1988,#1989,#1990,#1991,#1992,#1993,#1994,#1995,#1996,
    #1997,#1998,#1999,#2000,#2001),.UNSPECIFIED.,.F.,.F.,(7,5,5,5,5,5,5,
    5,5,5,5,5,5,5,5,5,5,7),(0.,5.243922902727E-02,0.13043888028,
    0.249600913735,0.265296204256,0.306117403629,0.362119638053,
    0.429968868806,0.499967724657,0.598547548654,0.630219803262,
    0.685222370728,0.737889603469,0.791658358016,0.842660457373,
    0.942570599981,0.971570337341,1.),.UNSPECIFIED.);
#1915 = CARTESIAN_POINT('',(1.229367061317,1.7763568394E-15,-3.8125));
#1916 = CARTESIAN_POINT('',(1.229367061317,6.750770702191E-02,
    -3.808130081699));
#1917 = CARTESIAN_POINT('',(1.224918574146,0.13501664454,-3.803759681009
    ));
#1918 = CARTESIAN_POINT('',(1.216021589199,0.202157871721,
    -3.799389328969));
#1919 = CARTESIAN_POINT('',(1.202716574398,0.268565908908,
    -3.795019379586));
#1920 = CARTESIAN_POINT('',(1.185083669669,0.333882161293,
    -3.790650006248));
#1921 = CARTESIAN_POINT('',(1.130753760811,0.49276965296,-3.779782904488
    ));
#1922 = CARTESIAN_POINT('',(1.088950852881,0.584602071137,
    -3.773285398685));
#1923 = CARTESIAN_POINT('',(1.038227503995,0.67210326448,-3.766789222007
    ));
#1924 = CARTESIAN_POINT('',(0.979158788338,0.75420310189,-3.760292715443
    ));
#1925 = CARTESIAN_POINT('',(0.912485244165,0.829938070576,
    -3.753794284369));
#1926 = CARTESIAN_POINT('',(0.72698147396,1.003182346034,-3.73736502817)
  );
#1927 = CARTESIAN_POINT('',(0.599147813,1.091136068794,-3.727428469653)
  );
#1928 = CARTESIAN_POINT('',(0.458809949961,1.159299634319,
    -3.717491001762));
#1929 = CARTESIAN_POINT('',(0.30983572483,1.205635055658,-3.707552782414
    ));
#1930 = CARTESIAN_POINT('',(0.156437595331,1.228984643439,
    -3.697613876671));
#1931 = CARTESIAN_POINT('',(-1.717063025741E-02,1.229413192218,
    -3.686373488221));
#1932 = CARTESIAN_POINT('',(-3.737690707754E-02,1.229064565962,
    -3.685065343023));
#1933 = CARTESIAN_POINT('',(-5.757434055194E-02,1.228317412833,
    -3.683757259676));
#1934 = CARTESIAN_POINT('',(-7.775311426113E-02,1.227172031146,
    -3.68244923863));
#1935 = CARTESIAN_POINT('',(-9.790342406552E-02,1.225629041751,
    -3.681141279752));
#1936 = CARTESIAN_POINT('',(-0.17032404587,1.218644626922,
    -3.676431728707));
#1937 = CARTESIAN_POINT('',(-0.222374349371,1.210916561906,
    -3.673030485222));
#1938 = CARTESIAN_POINT('',(-0.273993212768,1.200521971262,
    -3.669629629733));
#1939 = CARTESIAN_POINT('',(-0.325010734204,1.187492035942,
    -3.666229117332));
#1940 = CARTESIAN_POINT('',(-0.375260285802,1.171872339572,
    -3.662828880341));
#1941 = CARTESIAN_POINT('',(-0.492237744672,1.128823773077,
    -3.654764327662));
#1942 = CARTESIAN_POINT('',(-0.558146032506,1.099162736255,
    -3.650100096346));
#1943 = CARTESIAN_POINT('',(-0.621882175834,1.064894744365,
    -3.645436075148));
#1944 = CARTESIAN_POINT('',(-0.683046655861,1.026222728348,
    -3.640771933376));
#1945 = CARTESIAN_POINT('',(-0.741266326174,0.983394860709,
    -3.636107379004));
#1946 = CARTESIAN_POINT('',(-0.862752636733,0.880131168872,
    -3.62579071991));
#1947 = CARTESIAN_POINT('',(-0.924485012094,0.817883956455,
    -3.620138147436));
#1948 = CARTESIAN_POINT('',(-0.98078647768,0.750478686453,
    -3.614484958499));
#1949 = CARTESIAN_POINT('',(-1.031128326111,0.678513690869,
    -3.608830946588));
#1950 = CARTESIAN_POINT('',(-1.075071500532,0.602655790272,
    -3.603176070497));
#1951 = CARTESIAN_POINT('',(-1.150657604355,0.442098293529,
    -3.591686830928));
#1952 = CARTESIAN_POINT('',(-1.181869509595,0.357188713679,
    -3.585852020463));
#1953 = CARTESIAN_POINT('',(-1.205536812966,0.269695670524,
    -3.580017394438));
#1954 = CARTESIAN_POINT('',(-1.221406464498,0.180458569779,
    -3.574183030896));
#1955 = CARTESIAN_POINT('',(-1.229349994472,9.034458978064E-02,
    -3.56834891252));
#1956 = CARTESIAN_POINT('',(-1.229391043698,-0.12667282746,
    -3.554300379201));
#1957 = CARTESIAN_POINT('',(-1.213694709073,-0.253601259824,
    -3.546084988454));
#1958 = CARTESIAN_POINT('',(-1.182268950614,-0.37807356562,
    -3.537872250981));
#1959 = CARTESIAN_POINT('',(-1.135640229499,-0.49768543331,
    -3.52965995859));
#1960 = CARTESIAN_POINT('',(-1.074774081214,-0.610172017405,
    -3.521445372301));
#1961 = CARTESIAN_POINT('',(-0.977451876165,-0.746721980103,
    -3.510591553291));
#1962 = CARTESIAN_POINT('',(-0.952465259558,-0.778983933548,
    -3.507952191647));
#1963 = CARTESIAN_POINT('',(-0.92620408507,-0.81023815566,
    -3.505312680013));
#1964 = CARTESIAN_POINT('',(-0.89871945708,-0.840422149288,
    -3.502673010202));
#1965 = CARTESIAN_POINT('',(-0.87006651193,-0.869476949105,
    -3.500033182084));
#1966 = CARTESIAN_POINT('',(-0.78861906734,-0.945746929662,
    -3.492808572731));
#1967 = CARTESIAN_POINT('',(-0.733587626185,-0.990575046882,
    -3.488223417671));
#1968 = CARTESIAN_POINT('',(-0.675520503226,-1.031540854668,
    -3.483637924404));
#1969 = CARTESIAN_POINT('',(-0.614758918535,-1.068391832581,
    -3.479052148865));
#1970 = CARTESIAN_POINT('',(-0.551670754465,-1.100916242367,
    -3.474466206764));
#1971 = CARTESIAN_POINT('',(-0.424382904743,-1.155785283923,
    -3.465489424547));
#1972 = CARTESIAN_POINT('',(-0.360342482622,-1.178504227828,
    -3.461098448836));
#1973 = CARTESIAN_POINT('',(-0.294867765531,-1.196955043871,
    -3.456707842764));
#1974 = CARTESIAN_POINT('',(-0.228314958347,-1.211028950713,
    -3.452317732312));
#1975 = CARTESIAN_POINT('',(-0.161050023765,-1.22065690476,
    -3.447928195999));
#1976 = CARTESIAN_POINT('',(-2.442575244876E-02,-1.231071920601,
    -3.439058809265));
#1977 = CARTESIAN_POINT('',(4.494979312783E-02,-1.231670000272,
    -3.434578869735));
#1978 = CARTESIAN_POINT('',(0.114285964835,-1.22757462811,
    -3.430099769266));
#1979 = CARTESIAN_POINT('',(0.183186707993,-1.218800311652,
    -3.425621373237));
#1980 = CARTESIAN_POINT('',(0.251260056677,-1.205405814758,
    -3.421143444644));
#1981 = CARTESIAN_POINT('',(0.381544489608,-1.17050339599,-3.41241868033
    ));
#1982 = CARTESIAN_POINT('',(0.443878503121,-1.149448015676,
    -3.408171708712));
#1983 = CARTESIAN_POINT('',(0.504797352299,-1.124415251131,
    -3.403924849288));
#1984 = CARTESIAN_POINT('',(0.56398550199,-1.095526959506,-3.39967778657
    ));
#1985 = CARTESIAN_POINT('',(0.621142131145,-1.062937885443,
    -3.39543022226));
#1986 = CARTESIAN_POINT('',(0.783416702273,-0.956109500467,
    -3.382860293114));
#1987 = CARTESIAN_POINT('',(0.881987469075,-0.871884754902,
    -3.374534826898));
#1988 = CARTESIAN_POINT('',(0.96953321201,-0.77557298476,-3.366207536387
    ));
#1989 = CARTESIAN_POINT('',(1.044269640315,-0.669017237892,
    -3.357876856054));
#1990 = CARTESIAN_POINT('',(1.104793460574,-0.554362177217,
    -3.349545085299));
#1991 = CARTESIAN_POINT('',(1.163382123544,-0.399097883607,
    -3.338798926251));
#1992 = CARTESIAN_POINT('',(1.175289513586,-0.363689052054,
    -3.336381599029));
#1993 = CARTESIAN_POINT('',(1.185902179775,-0.327857995002,
    -3.333964450569));
#1994 = CARTESIAN_POINT('',(1.195201810802,-0.291663868985,
    -3.331547491819));
#1995 = CARTESIAN_POINT('',(1.203173714709,-0.255166842176,
    -3.329130708866));
#1996 = CARTESIAN_POINT('',(1.216309529999,-0.182411554197,
    -3.324344923249));
#1997 = CARTESIAN_POINT('',(1.221525592284,-0.146162551345,
    -3.321975914106));
#1998 = CARTESIAN_POINT('',(1.225444587469,-0.109738727189,
    -3.319606991002));
#1999 = CARTESIAN_POINT('',(1.228059568853,-7.319807372107E-02,
    -3.317238089909));
#2000 = CARTESIAN_POINT('',(1.229367061317,-3.659893356994E-02,
    -3.31486912727));
#2001 = CARTESIAN_POINT('',(1.229367061317,-5.573319583618E-14,-3.3125)
  );
#2002 = ORIENTED_EDGE('',*,*,#2003,.F.);
#2003 = EDGE_CURVE('',#1863,#1912,#2004,.T.);
#2004 = B_SPLINE_CURVE_WITH_KNOTS('',1,(#2005,#2006),.UNSPECIFIED.,.F.,
  .F.,(2,2),(0.,0.485705080757),.PIECEWISE_BEZIER_KNOTS.);
#2005 = CARTESIAN_POINT('',(1.5,-1.089195805293E-14,-3.46875));
#2006 = CARTESIAN_POINT('',(1.079367061317,-1.006161184191E-14,
    -3.225897459622));
#2007 = B_SPLINE_SURFACE_WITH_KNOTS('',1,10,(
    (#2008,#2009,#2010,#2011,#2012,#2013,#2014,#2015,#2016,#2017,#2018)
    ,(#2019,#2020,#2021,#2022,#2023,#2024,#2025,#2026,#2027,#2028,#2029
    )),.UNSPECIFIED.,.F.,.F.,.F.,(2,2),(11,11),(0.,0.485705080757),(0.,
    6.303048278758),.PIECEWISE_BEZIER_KNOTS.);
#2008 = CARTESIAN_POINT('',(1.5,6.543614031686E-16,-3.96875));
#2009 = CARTESIAN_POINT('',(1.5,0.942420950886,-3.91875));
#2010 = CARTESIAN_POINT('',(0.842207570563,1.885386309583,
    -3.868750000001));
#2011 = CARTESIAN_POINT('',(-0.475205458198,2.307203621035,
    -3.818749999998));
#2012 = CARTESIAN_POINT('',(-1.978795827693,1.715959187776,
    -3.768750000003));
#2013 = CARTESIAN_POINT('',(-2.776408017538,-6.887823644774E-13,
    -3.718749999997));
#2014 = CARTESIAN_POINT('',(-1.978795827694,-1.715959187775,
    -3.668750000002));
#2015 = CARTESIAN_POINT('',(-0.475205458198,-2.307203621036,
    -3.618749999999));
#2016 = CARTESIAN_POINT('',(0.842207570563,-1.885386309583,
    -3.568750000001));
#2017 = CARTESIAN_POINT('',(1.5,-0.942420950886,-3.51875));
#2018 = CARTESIAN_POINT('',(1.5,-1.089195805293E-14,-3.46875));
#2019 = CARTESIAN_POINT('',(1.079367061317,5.965291944961E-16,
    -3.725897459622));
#2020 = CARTESIAN_POINT('',(1.079367061317,0.678186326072,
    -3.675897459621));
#2021 = CARTESIAN_POINT('',(0.606005523017,1.35635557525,-3.625897459622
    ));
#2022 = CARTESIAN_POINT('',(-0.341822337003,1.660956728036,
    -3.57589745962));
#2023 = CARTESIAN_POINT('',(-1.424167538763,1.234054792996,
    -3.525897459624));
#2024 = CARTESIAN_POINT('',(-1.997498119666,3.566036355096E-13,
    -3.475897459619));
#2025 = CARTESIAN_POINT('',(-1.424167538763,-1.234054792997,
    -3.425897459623));
#2026 = CARTESIAN_POINT('',(-0.341822337002,-1.660956728035,
    -3.37589745962));
#2027 = CARTESIAN_POINT('',(0.606005523017,-1.35635557525,
    -3.325897459622));
#2028 = CARTESIAN_POINT('',(1.079367061317,-0.678186326072,
    -3.275897459621));
#2029 = CARTESIAN_POINT('',(1.079367061317,-1.006161184191E-14,
    -3.225897459622));
#2030 = ADVANCED_FACE('',(#2031),#2056,.T.);
#2031 = FACE_BOUND('',#2032,.T.);
#2032 = EDGE_LOOP('',(#2033,#2049,#2054,#2055));
#2033 = ORIENTED_EDGE('',*,*,#2034,.F.);
#2034 = EDGE_CURVE('',#2035,#1409,#2037,.T.);
#2035 = VERTEX_POINT('',#2036);
#2036 = CARTESIAN_POINT('',(1.5,-5.118798324882E-15,-1.53125));
#2037 = B_SPLINE_CURVE_WITH_KNOTS('',10,(#2038,#2039,#2040,#2041,#2042,
    #2043,#2044,#2045,#2046,#2047,#2048),.UNSPECIFIED.,.F.,.F.,(11,11),(
    0.,6.303048278758),.PIECEWISE_BEZIER_KNOTS.);
#2038 = CARTESIAN_POINT('',(1.5,6.543614031686E-16,-1.53125));
#2039 = CARTESIAN_POINT('',(1.5,0.942420950886,-1.48125));
#2040 = CARTESIAN_POINT('',(0.842207570563,1.885386309583,
    -1.431250000001));
#2041 = CARTESIAN_POINT('',(-0.475205458198,2.307203621035,
    -1.381249999998));
#2042 = CARTESIAN_POINT('',(-1.978795827693,1.715959187776,
    -1.331250000002));
#2043 = CARTESIAN_POINT('',(-2.776408017538,-6.887823644774E-13,
    -1.281249999998));
#2044 = CARTESIAN_POINT('',(-1.978795827694,-1.715959187775,
    -1.231250000002));
#2045 = CARTESIAN_POINT('',(-0.475205458198,-2.307203621036,
    -1.181249999999));
#2046 = CARTESIAN_POINT('',(0.842207570563,-1.885386309583,
    -1.131250000001));
#2047 = CARTESIAN_POINT('',(1.5,-0.942420950886,-1.08125));
#2048 = CARTESIAN_POINT('',(1.5,-1.089195805293E-14,-1.03125));
#2049 = ORIENTED_EDGE('',*,*,#2050,.T.);
#2050 = EDGE_CURVE('',#2035,#1458,#2051,.T.);
#2051 = B_SPLINE_CURVE_WITH_KNOTS('',1,(#2052,#2053),.UNSPECIFIED.,.F.,
  .F.,(2,2),(0.,6.25E-02),.PIECEWISE_BEZIER_KNOTS.);
#2052 = CARTESIAN_POINT('',(1.5,-1.089195805293E-14,-1.53125));
#2053 = CARTESIAN_POINT('',(1.5,-1.089195805293E-14,-1.46875));
#2054 = ORIENTED_EDGE('',*,*,#1457,.T.);
#2055 = ORIENTED_EDGE('',*,*,#1424,.F.);
#2056 = B_SPLINE_SURFACE_WITH_KNOTS('',1,10,(
    (#2057,#2058,#2059,#2060,#2061,#2062,#2063,#2064,#2065,#2066,#2067)
    ,(#2068,#2069,#2070,#2071,#2072,#2073,#2074,#2075,#2076,#2077,#2078
    )),.UNSPECIFIED.,.F.,.F.,.F.,(2,2),(11,11),(0.,6.25E-02),(0.,
    6.303048278758),.PIECEWISE_BEZIER_KNOTS.);
#2057 = CARTESIAN_POINT('',(1.5,6.543614031686E-16,-1.53125));
#2058 = CARTESIAN_POINT('',(1.5,0.942420950886,-1.48125));
#2059 = CARTESIAN_POINT('',(0.842207570563,1.885386309583,
    -1.431250000001));
#2060 = CARTESIAN_POINT('',(-0.475205458198,2.307203621035,
    -1.381249999998));
#2061 = CARTESIAN_POINT('',(-1.978795827693,1.715959187776,
    -1.331250000002));
#2062 = CARTESIAN_POINT('',(-2.776408017538,-6.887823644774E-13,
    -1.281249999998));
#2063 = CARTESIAN_POINT('',(-1.978795827694,-1.715959187775,
    -1.231250000002));
#2064 = CARTESIAN_POINT('',(-0.475205458198,-2.307203621036,
    -1.181249999999));
#2065 = CARTESIAN_POINT('',(0.842207570563,-1.885386309583,
    -1.131250000001));
#2066 = CARTESIAN_POINT('',(1.5,-0.942420950886,-1.08125));
#2067 = CARTESIAN_POINT('',(1.5,-1.089195805293E-14,-1.03125));
#2068 = CARTESIAN_POINT('',(1.5,6.543614031686E-16,-1.46875));
#2069 = CARTESIAN_POINT('',(1.5,0.942420950886,-1.41875));
#2070 = CARTESIAN_POINT('',(0.842207570563,1.885386309583,
    -1.368750000001));
#2071 = CARTESIAN_POINT('',(-0.475205458198,2.307203621035,
    -1.318749999998));
#2072 = CARTESIAN_POINT('',(-1.978795827693,1.715959187776,
    -1.268750000003));
#2073 = CARTESIAN_POINT('',(-2.776408017538,-6.887823644774E-13,
    -1.218749999997));
#2074 = CARTESIAN_POINT('',(-1.978795827694,-1.715959187775,
    -1.168750000002));
#2075 = CARTESIAN_POINT('',(-0.475205458198,-2.307203621036,
    -1.118749999999));
#2076 = CARTESIAN_POINT('',(0.842207570563,-1.885386309583,
    -1.068750000001));
#2077 = CARTESIAN_POINT('',(1.5,-0.942420950886,-1.01875));
#2078 = CARTESIAN_POINT('',(1.5,-1.089195805293E-14,-0.96875));
#2079 = ADVANCED_FACE('',(#2080),#2196,.T.);
#2080 = FACE_BOUND('',#2081,.T.);
#2081 = EDGE_LOOP('',(#2082,#2098,#2105,#2195));
#2082 = ORIENTED_EDGE('',*,*,#2083,.F.);
#2083 = EDGE_CURVE('',#2084,#1458,#2086,.T.);
#2084 = VERTEX_POINT('',#2085);
#2085 = CARTESIAN_POINT('',(1.5,-5.118798324882E-15,-1.96875));
#2086 = B_SPLINE_CURVE_WITH_KNOTS('',10,(#2087,#2088,#2089,#2090,#2091,
    #2092,#2093,#2094,#2095,#2096,#2097),.UNSPECIFIED.,.F.,.F.,(11,11),(
    0.,6.303048278758),.PIECEWISE_BEZIER_KNOTS.);
#2087 = CARTESIAN_POINT('',(1.5,6.543614031686E-16,-1.96875));
#2088 = CARTESIAN_POINT('',(1.5,0.942420950886,-1.91875));
#2089 = CARTESIAN_POINT('',(0.842207570563,1.885386309583,
    -1.868750000001));
#2090 = CARTESIAN_POINT('',(-0.475205458198,2.307203621035,
    -1.818749999998));
#2091 = CARTESIAN_POINT('',(-1.978795827693,1.715959187776,
    -1.768750000003));
#2092 = CARTESIAN_POINT('',(-2.776408017538,-6.887823644774E-13,
    -1.718749999997));
#2093 = CARTESIAN_POINT('',(-1.978795827694,-1.715959187775,
    -1.668750000002));
#2094 = CARTESIAN_POINT('',(-0.475205458198,-2.307203621036,
    -1.618749999999));
#2095 = CARTESIAN_POINT('',(0.842207570563,-1.885386309583,
    -1.568750000001));
#2096 = CARTESIAN_POINT('',(1.5,-0.942420950886,-1.51875));
#2097 = CARTESIAN_POINT('',(1.5,-1.089195805293E-14,-1.46875));
#2098 = ORIENTED_EDGE('',*,*,#2099,.T.);
#2099 = EDGE_CURVE('',#2084,#2100,#2102,.T.);
#2100 = VERTEX_POINT('',#2101);
#2101 = CARTESIAN_POINT('',(1.229367061317,-5.32941295833E-15,-1.8125));
#2102 = B_SPLINE_CURVE_WITH_KNOTS('',1,(#2103,#2104),.UNSPECIFIED.,.F.,
  .F.,(2,2),(0.,0.485705080757),.PIECEWISE_BEZIER_KNOTS.);
#2103 = CARTESIAN_POINT('',(1.5,-1.089195805293E-14,-1.96875));
#2104 = CARTESIAN_POINT('',(1.079367061317,-1.006161184191E-14,
    -1.725897459622));
#2105 = ORIENTED_EDGE('',*,*,#2106,.T.);
#2106 = EDGE_CURVE('',#2100,#1474,#2107,.T.);
#2107 = B_SPLINE_CURVE_WITH_KNOTS('',6,(#2108,#2109,#2110,#2111,#2112,
    #2113,#2114,#2115,#2116,#2117,#2118,#2119,#2120,#2121,#2122,#2123,
    #2124,#2125,#2126,#2127,#2128,#2129,#2130,#2131,#2132,#2133,#2134,
    #2135,#2136,#2137,#2138,#2139,#2140,#2141,#2142,#2143,#2144,#2145,
    #2146,#2147,#2148,#2149,#2150,#2151,#2152,#2153,#2154,#2155,#2156,
    #2157,#2158,#2159,#2160,#2161,#2162,#2163,#2164,#2165,#2166,#2167,
    #2168,#2169,#2170,#2171,#2172,#2173,#2174,#2175,#2176,#2177,#2178,
    #2179,#2180,#2181,#2182,#2183,#2184,#2185,#2186,#2187,#2188,#2189,
    #2190,#2191,#2192,#2193,#2194),.UNSPECIFIED.,.F.,.F.,(7,5,5,5,5,5,5,
    5,5,5,5,5,5,5,5,5,5,7),(0.,5.243922919145E-02,0.130438880455,
    0.249600914568,0.265296205806,0.306117406013,0.362119640446,
    0.429968872496,0.499967728357,0.598547558699,0.630220630016,
    0.685223197475,0.737891193578,0.791661897365,0.84266399686,
    0.942575775354,0.971575512804,1.),.UNSPECIFIED.);
#2108 = CARTESIAN_POINT('',(1.229367061317,1.7763568394E-15,-1.8125));
#2109 = CARTESIAN_POINT('',(1.229367061317,6.750770722344E-02,
    -1.808130081686));
#2110 = CARTESIAN_POINT('',(1.224918574119,0.135016644943,
    -1.803759680983));
#2111 = CARTESIAN_POINT('',(1.216021589119,0.202157872322,-1.79938932893
    ));
#2112 = CARTESIAN_POINT('',(1.202716574239,0.268565909701,
    -1.795019379534));
#2113 = CARTESIAN_POINT('',(1.185083669406,0.333882162268,
    -1.790650006182));
#2114 = CARTESIAN_POINT('',(1.130753760326,0.492769654072,-1.77978290441
    ));
#2115 = CARTESIAN_POINT('',(1.088950852306,0.584602072208,
    -1.773285398607));
#2116 = CARTESIAN_POINT('',(1.038227503334,0.672103265501,
    -1.766789221929));
#2117 = CARTESIAN_POINT('',(0.979158787596,0.754203102853,
    -1.760292715365));
#2118 = CARTESIAN_POINT('',(0.912485243348,0.829938071473,
    -1.753794284291));
#2119 = CARTESIAN_POINT('',(0.726981472372,1.003182347311,
    -1.737365028039));
#2120 = CARTESIAN_POINT('',(0.599147810554,1.091136070329,
    -1.727428469468));
#2121 = CARTESIAN_POINT('',(0.458809946558,1.159299635868,
    -1.717491001524));
#2122 = CARTESIAN_POINT('',(0.309835720443,1.205635056959,
    -1.707552782122));
#2123 = CARTESIAN_POINT('',(0.156437590002,1.22898464422,-1.697613876325
    ));
#2124 = CARTESIAN_POINT('',(-1.71706373322E-02,1.229413192134,
    -1.686373487763));
#2125 = CARTESIAN_POINT('',(-3.737691507115E-02,1.229064565744,
    -1.685065342505));
#2126 = CARTESIAN_POINT('',(-5.757434946112E-02,1.228317412443,
    -1.683757259098));
#2127 = CARTESIAN_POINT('',(-7.77531240813E-02,1.227172030548,
    -1.682449237994));
#2128 = CARTESIAN_POINT('',(-9.790343479075E-02,1.225629040909,
    -1.681141279056));
#2129 = CARTESIAN_POINT('',(-0.170324058506,1.218644625202,
    -1.676431727882));
#2130 = CARTESIAN_POINT('',(-0.222374362985,1.210916559481,
    -1.673030484328));
#2131 = CARTESIAN_POINT('',(-0.273993227314,1.200521968027,
    -1.66962962877));
#2132 = CARTESIAN_POINT('',(-0.325010749624,1.187492031797,-1.6662291163
    ));
#2133 = CARTESIAN_POINT('',(-0.375260302031,1.171872334423,
    -1.66282887924));
#2134 = CARTESIAN_POINT('',(-0.492237761269,1.128823765839,
    -1.654764326493));
#2135 = CARTESIAN_POINT('',(-0.558146048667,1.099162728049,
    -1.650100095176));
#2136 = CARTESIAN_POINT('',(-0.621882191491,1.064894735222,
    -1.645436073979));
#2137 = CARTESIAN_POINT('',(-0.68304667095,1.026222718306,
    -1.640771932207));
#2138 = CARTESIAN_POINT('',(-0.741266340632,0.983394849811,
    -1.636107377834));
#2139 = CARTESIAN_POINT('',(-0.862752650936,0.880131155114,
    -1.625790718633));
#2140 = CARTESIAN_POINT('',(-0.924485026462,0.8178839405,-1.620138146052
    ));
#2141 = CARTESIAN_POINT('',(-0.980786491919,0.750478668195,
    -1.614484957007));
#2142 = CARTESIAN_POINT('',(-1.031128339907,0.678513670247,
    -1.608830944989));
#2143 = CARTESIAN_POINT('',(-1.075071513561,0.602655767269,
    -1.60317606879));
#2144 = CARTESIAN_POINT('',(-1.150657614431,0.442098267304,
    -1.591686829114));
#2145 = CARTESIAN_POINT('',(-1.181869517736,0.357188686743,
    -1.585852018649));
#2146 = CARTESIAN_POINT('',(-1.205536819112,0.269695643049,
    -1.580017392624));
#2147 = CARTESIAN_POINT('',(-1.22140646861,0.180458541943,
    -1.574183029082));
#2148 = CARTESIAN_POINT('',(-1.229349996531,9.034456176339E-02,
    -1.568348910706));
#2149 = CARTESIAN_POINT('',(-1.229391040813,-0.126672863629,
    -1.55430037686));
#2150 = CARTESIAN_POINT('',(-1.213694701277,-0.253601303792,
    -1.546084985586));
#2151 = CARTESIAN_POINT('',(-1.182268935941,-0.378073616553,
    -1.537872247585));
#2152 = CARTESIAN_POINT('',(-1.135640206175,-0.497685489923,
    -1.529659954667));
#2153 = CARTESIAN_POINT('',(-1.074774047761,-0.610172078025,
    -1.52144536785));
#2154 = CARTESIAN_POINT('',(-0.977451219209,-0.746722897463,
    -1.510591480256));
#2155 = CARTESIAN_POINT('',(-0.952463922188,-0.778985656978,
    -1.50795205055));
#2156 = CARTESIAN_POINT('',(-0.926202002836,-0.810240631401,
    -1.505312470845));
#2157 = CARTESIAN_POINT('',(-0.898716569594,-0.840425318837,
    -1.502672732954));
#2158 = CARTESIAN_POINT('',(-0.870062763276,-0.869480749591,
    -1.500032836748));
#2159 = CARTESIAN_POINT('',(-0.788614155102,-0.94575102575,
    -1.492808159268));
#2160 = CARTESIAN_POINT('',(-0.733582481131,-0.990578857118,
    -1.488223004177));
#2161 = CARTESIAN_POINT('',(-0.675515145422,-1.031544363285,
    -1.483637510886));
#2162 = CARTESIAN_POINT('',(-0.614753369361,-1.068395025585,
    -1.479051735334));
#2163 = CARTESIAN_POINT('',(-0.551665036395,-1.100919107679,
    -1.474465793231));
#2164 = CARTESIAN_POINT('',(-0.424375999298,-1.1557878771,
    -1.465488947391));
#2165 = CARTESIAN_POINT('',(-0.360334505205,-1.178506757952,
    -1.461097908056));
#2166 = CARTESIAN_POINT('',(-0.294858701713,-1.196957377622,
    -1.45670723839));
#2167 = CARTESIAN_POINT('',(-0.228304809962,-1.211030952455,
    -1.452317064374));
#2168 = CARTESIAN_POINT('',(-0.161038809172,-1.220658438914,
    -1.447927464525));
#2169 = CARTESIAN_POINT('',(-2.441095185425E-02,-1.231072355266,
    -1.439057851957));
#2170 = CARTESIAN_POINT('',(4.496712770521E-02,-1.231669594463,
    -1.434577750149));
#2171 = CARTESIAN_POINT('',(0.114305769264,-1.227573040826,
    -1.430098487471));
#2172 = CARTESIAN_POINT('',(0.183208875179,-1.218797209046,
    -1.425619929265));
#2173 = CARTESIAN_POINT('',(0.251284437847,-1.205400876489,
    -1.421141838479));
#2174 = CARTESIAN_POINT('',(0.381570518755,-1.170494911061,
    -1.412416912023));
#2175 = CARTESIAN_POINT('',(0.443904064239,-1.149438144518,
    -1.408169940429));
#2176 = CARTESIAN_POINT('',(0.504822356925,-1.124404025189,
    -1.403923080962));
#2177 = CARTESIAN_POINT('',(0.564009864357,-1.095514417251,
    -1.39967601813));
#2178 = CARTESIAN_POINT('',(0.621165768921,-1.062924072045,
    -1.395428453645));
#2179 = CARTESIAN_POINT('',(0.7834397234,-0.956090920273,-1.382858387622
    ));
#2180 = CARTESIAN_POINT('',(0.882010086653,-0.871862382103,
    -1.374532784404));
#2181 = CARTESIAN_POINT('',(0.969554759934,-0.775546691975,
    -1.366205356855));
#2182 = CARTESIAN_POINT('',(1.044289412495,-0.668987035685,
    -1.357874539661));
#2183 = CARTESIAN_POINT('',(1.104810743065,-0.55432822205,
    -1.349542632568));
#2184 = CARTESIAN_POINT('',(1.163395100622,-0.399060053046,
    -1.338796337728));
#2185 = CARTESIAN_POINT('',(1.175301339282,-0.363650834213,
    -1.336379010653));
#2186 = CARTESIAN_POINT('',(1.18591284036,-0.327819431958,
    -1.333961862351));
#2187 = CARTESIAN_POINT('',(1.195211294465,-0.291625003414,
    -1.331544903761));
#2188 = CARTESIAN_POINT('',(1.203182011593,-0.255127717237,
    -1.329128120953));
#2189 = CARTESIAN_POINT('',(1.216314277477,-0.182378558598,
    -1.324342766861));
#2190 = CARTESIAN_POINT('',(1.221528445834,-0.146136027618,
    -1.321974189063));
#2191 = CARTESIAN_POINT('',(1.22544601551,-0.109718770582,
    -1.319605697235));
#2192 = CARTESIAN_POINT('',(1.228060044868,-7.31847479148E-02,
    -1.317237227369));
#2193 = CARTESIAN_POINT('',(1.229367061317,-3.659227056463E-02,
    -1.314868695959));
#2194 = CARTESIAN_POINT('',(1.229367061317,-5.573319583618E-14,-1.3125)
  );
#2195 = ORIENTED_EDGE('',*,*,#1473,.F.);
#2196 = B_SPLINE_SURFACE_WITH_KNOTS('',1,10,(
    (#2197,#2198,#2199,#2200,#2201,#2202,#2203,#2204,#2205,#2206,#2207)
    ,(#2208,#2209,#2210,#2211,#2212,#2213,#2214,#2215,#2216,#2217,#2218
    )),.UNSPECIFIED.,.F.,.F.,.F.,(2,2),(11,11),(0.,0.485705080757),(0.,
    6.303048278758),.PIECEWISE_BEZIER_KNOTS.);
#2197 = CARTESIAN_POINT('',(1.5,6.543614031686E-16,-1.96875));
#2198 = CARTESIAN_POINT('',(1.5,0.942420950886,-1.91875));
#2199 = CARTESIAN_POINT('',(0.842207570563,1.885386309583,
    -1.868750000001));
#2200 = CARTESIAN_POINT('',(-0.475205458198,2.307203621035,
    -1.818749999998));
#2201 = CARTESIAN_POINT('',(-1.978795827693,1.715959187776,
    -1.768750000003));
#2202 = CARTESIAN_POINT('',(-2.776408017538,-6.887823644774E-13,
    -1.718749999997));
#2203 = CARTESIAN_POINT('',(-1.978795827694,-1.715959187775,
    -1.668750000002));
#2204 = CARTESIAN_POINT('',(-0.475205458198,-2.307203621036,
    -1.618749999999));
#2205 = CARTESIAN_POINT('',(0.842207570563,-1.885386309583,
    -1.568750000001));
#2206 = CARTESIAN_POINT('',(1.5,-0.942420950886,-1.51875));
#2207 = CARTESIAN_POINT('',(1.5,-1.089195805293E-14,-1.46875));
#2208 = CARTESIAN_POINT('',(1.079367061317,5.965291944961E-16,
    -1.725897459622));
#2209 = CARTESIAN_POINT('',(1.079367061317,0.678186326072,
    -1.675897459621));
#2210 = CARTESIAN_POINT('',(0.606005523017,1.35635557525,-1.625897459622
    ));
#2211 = CARTESIAN_POINT('',(-0.341822337003,1.660956728036,
    -1.57589745962));
#2212 = CARTESIAN_POINT('',(-1.424167538763,1.234054792996,
    -1.525897459624));
#2213 = CARTESIAN_POINT('',(-1.997498119666,3.566036355096E-13,
    -1.475897459619));
#2214 = CARTESIAN_POINT('',(-1.424167538763,-1.234054792997,
    -1.425897459623));
#2215 = CARTESIAN_POINT('',(-0.341822337002,-1.660956728035,
    -1.37589745962));
#2216 = CARTESIAN_POINT('',(0.606005523017,-1.35635557525,
    -1.325897459622));
#2217 = CARTESIAN_POINT('',(1.079367061317,-0.678186326072,
    -1.275897459621));
#2218 = CARTESIAN_POINT('',(1.079367061317,-1.006161184191E-14,
    -1.225897459622));
#2219 = ADVANCED_FACE('',(#2220),#2320,.T.);
#2220 = FACE_BOUND('',#2221,.T.);
#2221 = EDGE_LOOP('',(#2222,#2313,#2318,#2319));
#2222 = ORIENTED_EDGE('',*,*,#2223,.F.);
#2223 = EDGE_CURVE('',#2224,#1598,#2226,.T.);
#2224 = VERTEX_POINT('',#2225);
#2225 = CARTESIAN_POINT('',(1.229367061317,-5.32941295833E-15,-1.6875));
#2226 = B_SPLINE_CURVE_WITH_KNOTS('',7,(#2227,#2228,#2229,#2230,#2231,
    #2232,#2233,#2234,#2235,#2236,#2237,#2238,#2239,#2240,#2241,#2242,
    #2243,#2244,#2245,#2246,#2247,#2248,#2249,#2250,#2251,#2252,#2253,
    #2254,#2255,#2256,#2257,#2258,#2259,#2260,#2261,#2262,#2263,#2264,
    #2265,#2266,#2267,#2268,#2269,#2270,#2271,#2272,#2273,#2274,#2275,
    #2276,#2277,#2278,#2279,#2280,#2281,#2282,#2283,#2284,#2285,#2286,
    #2287,#2288,#2289,#2290,#2291,#2292,#2293,#2294,#2295,#2296,#2297,
    #2298,#2299,#2300,#2301,#2302,#2303,#2304,#2305,#2306,#2307,#2308,
    #2309,#2310,#2311,#2312),.UNSPECIFIED.,.F.,.F.,(8,6,6,6,6,6,6,6,6,6,
    6,6,6,6,8),(0.,5.744498312405E-02,0.130452762222,0.263620566485,
    0.447920588651,0.464922260066,0.501652113387,0.598515577924,
    0.638203310057,0.737888776292,0.851690201869,0.872302289398,
    0.947309710945,0.972312029278,1.),.UNSPECIFIED.);
#2227 = CARTESIAN_POINT('',(1.229367061317,6.661338147751E-16,-1.6875));
#2228 = CARTESIAN_POINT('',(1.229367061317,6.33808011486E-02,
    -1.683397225145));
#2229 = CARTESIAN_POINT('',(1.225554743841,0.126762915705,
    -1.679294879131));
#2230 = CARTESIAN_POINT('',(1.217930107944,0.189868986014,
    -1.675192564466));
#2231 = CARTESIAN_POINT('',(1.206518138241,0.252423943291,
    -1.671089910077));
#2232 = CARTESIAN_POINT('',(1.191368417023,0.314156565585,
    -1.666986667284));
#2233 = CARTESIAN_POINT('',(1.172554736384,0.374801035739,
    -1.662882805769));
#2234 = CARTESIAN_POINT('',(1.12173156512,0.509460626535,-1.653562518697
    ));
#2235 = CARTESIAN_POINT('',(1.087526227475,0.582651237663,
    -1.648345558553));
#2236 = CARTESIAN_POINT('',(1.047760010778,0.653137280568,
    -1.643128402594));
#2237 = CARTESIAN_POINT('',(1.002692851379,0.720414200924,
    -1.637911524012));
#2238 = CARTESIAN_POINT('',(0.95264012638,0.784010873371,-1.632695272799
    ));
#2239 = CARTESIAN_POINT('',(0.897969471408,0.843494532632,
    -1.627479952834));
#2240 = CARTESIAN_POINT('',(0.73171399955,0.998762578762,-1.612755349361
    ));
#2241 = CARTESIAN_POINT('',(0.610299787951,1.084119934664,
    -1.603244316802));
#2242 = CARTESIAN_POINT('',(0.477423096483,1.152105764974,
    -1.593740584824));
#2243 = CARTESIAN_POINT('',(0.336109651429,1.200961817608,
    -1.584239608198));
#2244 = CARTESIAN_POINT('',(0.189619589802,1.229562693887,
    -1.574734559652));
#2245 = CARTESIAN_POINT('',(4.141558401211E-02,1.23742312742,
    -1.565222649849));
#2246 = CARTESIAN_POINT('',(-0.307577085099,1.207513329355,
    -1.54254894411));
#2247 = CARTESIAN_POINT('',(-0.507145435625,1.151025339687,
    -1.529359649816));
#2248 = CARTESIAN_POINT('',(-0.694009920117,1.056024347065,
    -1.516183547014));
#2249 = CARTESIAN_POINT('',(-0.859486707969,0.926348606763,
    -1.503015515648));
#2250 = CARTESIAN_POINT('',(-0.996407855524,0.76761231942,
    -1.489851227468));
#2251 = CARTESIAN_POINT('',(-1.098968405199,0.587333446681,
    -1.476670937324));
#2252 = CARTESIAN_POINT('',(-1.170286976949,0.376992895621,
    -1.462296918493));
#2253 = CARTESIAN_POINT('',(-1.175994193576,0.359120599978,
    -1.461082904843));
#2254 = CARTESIAN_POINT('',(-1.181382864026,0.341147853727,
    -1.45986888554));
#2255 = CARTESIAN_POINT('',(-1.186450879926,0.323081471922,
    -1.458654858348));
#2256 = CARTESIAN_POINT('',(-1.191196316283,0.304928320851,
    -1.457440821171));
#2257 = CARTESIAN_POINT('',(-1.195617431489,0.286695318034,
    -1.456226772053));
#2258 = CARTESIAN_POINT('',(-1.208559880492,0.228841996886,
    -1.452389887568));
#2259 = CARTESIAN_POINT('',(-1.215886185612,0.18895419513,
    -1.449766999898));
#2260 = CARTESIAN_POINT('',(-1.221675834411,0.148796598207,
    -1.44714402788));
#2261 = CARTESIAN_POINT('',(-1.225917201677,0.108440209546,
    -1.444520958861));
#2262 = CARTESIAN_POINT('',(-1.228602785249,6.795646474177E-02,
    -1.441897785817));
#2263 = CARTESIAN_POINT('',(-1.229729206021,2.741723156266E-02,
    -1.439274507356));
#2264 = CARTESIAN_POINT('',(-1.228157948531,-0.119970363594,
    -1.429732786995));
#2265 = CARTESIAN_POINT('',(-1.216180168438,-0.226733077082,
    -1.422812899402));
#2266 = CARTESIAN_POINT('',(-1.193373760293,-0.332050702989,
    -1.415892963221));
#2267 = CARTESIAN_POINT('',(-1.159961710301,-0.434612232348,
    -1.408973143998));
#2268 = CARTESIAN_POINT('',(-1.116355040199,-0.533155074276,
    -1.402053234547));
#2269 = CARTESIAN_POINT('',(-1.063145535346,-0.626487848532,
    -1.395133542493));
#2270 = CARTESIAN_POINT('',(-0.975701090126,-0.74917839339,
    -1.385381269589));
#2271 = CARTESIAN_POINT('',(-0.948803824528,-0.783781758984,
    -1.382547002644));
#2272 = CARTESIAN_POINT('',(-0.920477503733,-0.817254898117,
    -1.3797129214));
#2273 = CARTESIAN_POINT('',(-0.89077933566,-0.849527273548,
    -1.376879033124));
#2274 = CARTESIAN_POINT('',(-0.859770694582,-0.880532180541,
    -1.37404533546));
#2275 = CARTESIAN_POINT('',(-0.827517121128,-0.910206746858,
    -1.371211816433));
#2276 = CARTESIAN_POINT('',(-0.710123700989,-1.009537109529,
    -1.361261771393));
#2277 = CARTESIAN_POINT('',(-0.618731905265,-1.07182785534,
    -1.354145098065));
#2278 = CARTESIAN_POINT('',(-0.521028573026,-1.124413308113,
    -1.347029767129));
#2279 = CARTESIAN_POINT('',(-0.418258764772,-1.166548463061,
    -1.339914737966));
#2280 = CARTESIAN_POINT('',(-0.31176254277,-1.197684209877,
    -1.332798207834));
#2281 = CARTESIAN_POINT('',(-0.202949189857,-1.217477703802,
    -1.325679249857));
#2282 = CARTESIAN_POINT('',(3.191874894296E-02,-1.235350182951,
    -1.310431510591));
#2283 = CARTESIAN_POINT('',(0.158281847982,-1.229961006681,
    -1.302299388191));
#2284 = CARTESIAN_POINT('',(0.283623213212,-1.209477970437,
    -1.294166141809));
#2285 = CARTESIAN_POINT('',(0.405793742469,-1.174142704002,
    -1.286032157086));
#2286 = CARTESIAN_POINT('',(0.522719029553,-1.124554685644,
    -1.277897503195));
#2287 = CARTESIAN_POINT('',(0.632451420099,-1.06165659264,
    -1.269763541169));
#2288 = CARTESIAN_POINT('',(0.751490836801,-0.973201989454,
    -1.260161328169));
#2289 = CARTESIAN_POINT('',(0.769452586608,-0.959243639739,
    -1.258688923763));
#2290 = CARTESIAN_POINT('',(0.787111367826,-0.944898902986,
    -1.257216600764));
#2291 = CARTESIAN_POINT('',(0.804457223516,-0.930175691189,
    -1.255744360354));
#2292 = CARTESIAN_POINT('',(0.821480462651,-0.91508223118,
    -1.254272202392));
#2293 = CARTESIAN_POINT('',(0.838171660113,-0.899627064629,
    -1.252800125414));
#2294 = CARTESIAN_POINT('',(0.914019322045,-0.826293648842,
    -1.24597152059));
#2295 = CARTESIAN_POINT('',(0.969001128826,-0.764092936682,
    -1.240615706982));
#2296 = CARTESIAN_POINT('',(1.019022315651,-0.697647236763,
    -1.235260983637));
#2297 = CARTESIAN_POINT('',(1.063693758485,-0.627434065942,
    -1.229906827462));
#2298 = CARTESIAN_POINT('',(1.102685494977,-0.553972389856,
    -1.224552432808));
#2299 = CARTESIAN_POINT('',(1.135730248795,-0.477816880038,
    -1.21919724984));
#2300 = CARTESIAN_POINT('',(1.171592466583,-0.373464096967,-1.2120562917
    ));
#2301 = CARTESIAN_POINT('',(1.179875034665,-0.34714129076,
    -1.210270975539));
#2302 = CARTESIAN_POINT('',(1.187467272256,-0.320605250668,
    -1.208485569549));
#2303 = CARTESIAN_POINT('',(1.194362654201,-0.293877699527,
    -1.206700074184));
#2304 = CARTESIAN_POINT('',(1.200555516147,-0.266980584755,
    -1.204914495227));
#2305 = CARTESIAN_POINT('',(1.206041054544,-0.239936078345,
    -1.203128843793));
#2306 = CARTESIAN_POINT('',(1.216102432583,-0.182678632573,
    -1.199365615065));
#2307 = CARTESIAN_POINT('',(1.220517279306,-0.152437309993,
    -1.197388021215));
#2308 = CARTESIAN_POINT('',(1.224054512555,-0.122073050326,
    -1.195410382399));
#2309 = CARTESIAN_POINT('',(1.226710116237,-9.16164243469E-02,
    -1.193432728242));
#2310 = CARTESIAN_POINT('',(1.228481412417,-6.10981324124E-02,
    -1.191455090372));
#2311 = CARTESIAN_POINT('',(1.229367061317,-3.054900445803E-02,
    -1.189477502415));
#2312 = CARTESIAN_POINT('',(1.229367061317,0.,-1.1875));
#2313 = ORIENTED_EDGE('',*,*,#2314,.T.);
#2314 = EDGE_CURVE('',#2224,#2035,#2315,.T.);
#2315 = B_SPLINE_CURVE_WITH_KNOTS('',1,(#2316,#2317),.UNSPECIFIED.,.F.,
  .F.,(2,2),(0.,0.485705080757),.PIECEWISE_BEZIER_KNOTS.);
#2316 = CARTESIAN_POINT('',(1.079367061317,-1.006161184191E-14,
    -1.774102540378));
#2317 = CARTESIAN_POINT('',(1.5,-1.089195805293E-14,-1.53125));
#2318 = ORIENTED_EDGE('',*,*,#2034,.T.);
#2319 = ORIENTED_EDGE('',*,*,#1688,.F.);
#2320 = B_SPLINE_SURFACE_WITH_KNOTS('',1,10,(
    (#2321,#2322,#2323,#2324,#2325,#2326,#2327,#2328,#2329,#2330,#2331)
    ,(#2332,#2333,#2334,#2335,#2336,#2337,#2338,#2339,#2340,#2341,#2342
    )),.UNSPECIFIED.,.F.,.F.,.F.,(2,2),(11,11),(0.,0.485705080757),(0.,
    6.303048278758),.PIECEWISE_BEZIER_KNOTS.);
#2321 = CARTESIAN_POINT('',(1.079367061317,5.965291944961E-16,
    -1.774102540378));
#2322 = CARTESIAN_POINT('',(1.079367061317,0.678186326072,
    -1.724102540378));
#2323 = CARTESIAN_POINT('',(0.606005523017,1.35635557525,-1.674102540379
    ));
#2324 = CARTESIAN_POINT('',(-0.341822337003,1.660956728036,
    -1.624102540377));
#2325 = CARTESIAN_POINT('',(-1.424167538763,1.234054792996,
    -1.574102540381));
#2326 = CARTESIAN_POINT('',(-1.997498119666,3.566036355096E-13,
    -1.524102540376));
#2327 = CARTESIAN_POINT('',(-1.424167538763,-1.234054792997,
    -1.47410254038));
#2328 = CARTESIAN_POINT('',(-0.341822337002,-1.660956728035,
    -1.424102540377));
#2329 = CARTESIAN_POINT('',(0.606005523017,-1.35635557525,
    -1.374102540379));
#2330 = CARTESIAN_POINT('',(1.079367061317,-0.678186326072,
    -1.324102540378));
#2331 = CARTESIAN_POINT('',(1.079367061317,-1.006161184191E-14,
    -1.274102540378));
#2332 = CARTESIAN_POINT('',(1.5,6.543614031686E-16,-1.53125));
#2333 = CARTESIAN_POINT('',(1.5,0.942420950886,-1.48125));
#2334 = CARTESIAN_POINT('',(0.842207570563,1.885386309583,
    -1.431250000001));
#2335 = CARTESIAN_POINT('',(-0.475205458198,2.307203621035,
    -1.381249999998));
#2336 = CARTESIAN_POINT('',(-1.978795827693,1.715959187776,
    -1.331250000002));
#2337 = CARTESIAN_POINT('',(-2.776408017538,-6.887823644774E-13,
    -1.281249999998));
#2338 = CARTESIAN_POINT('',(-1.978795827694,-1.715959187775,
    -1.231250000002));
#2339 = CARTESIAN_POINT('',(-0.475205458198,-2.307203621036,
    -1.181249999999));
#2340 = CARTESIAN_POINT('',(0.842207570563,-1.885386309583,
    -1.131250000001));
#2341 = CARTESIAN_POINT('',(1.5,-0.942420950886,-1.08125));
#2342 = CARTESIAN_POINT('',(1.5,-1.089195805293E-14,-1.03125));
#2343 = ADVANCED_FACE('',(#2344),#2459,.T.);
#2344 = FACE_BOUND('',#2345,.T.);
#2345 = EDGE_LOOP('',(#2346,#2437,#2438,#2454));
#2346 = ORIENTED_EDGE('',*,*,#2347,.F.);
#2347 = EDGE_CURVE('',#1722,#2348,#2350,.T.);
#2348 = VERTEX_POINT('',#2349);
#2349 = CARTESIAN_POINT('',(1.229367061317,-5.32941295833E-15,-2.6875));
#2350 = B_SPLINE_CURVE_WITH_KNOTS('',7,(#2351,#2352,#2353,#2354,#2355,
    #2356,#2357,#2358,#2359,#2360,#2361,#2362,#2363,#2364,#2365,#2366,
    #2367,#2368,#2369,#2370,#2371,#2372,#2373,#2374,#2375,#2376,#2377,
    #2378,#2379,#2380,#2381,#2382,#2383,#2384,#2385,#2386,#2387,#2388,
    #2389,#2390,#2391,#2392,#2393,#2394,#2395,#2396,#2397,#2398,#2399,
    #2400,#2401,#2402,#2403,#2404,#2405,#2406,#2407,#2408,#2409,#2410,
    #2411,#2412,#2413,#2414,#2415,#2416,#2417,#2418,#2419,#2420,#2421,
    #2422,#2423,#2424,#2425,#2426,#2427,#2428,#2429,#2430,#2431,#2432,
    #2433,#2434,#2435,#2436),.UNSPECIFIED.,.F.,.F.,(8,6,6,6,6,6,6,6,6,6,
    6,6,6,6,8),(0.,5.744493792308E-02,0.130452660157,0.263620358715,
    0.447920228662,0.464921886835,0.501651702782,0.598515081559,
    0.638200300295,0.73788341741,0.851678935991,0.90247307174,
    0.947477319915,0.972479613058,1.),.UNSPECIFIED.);
#2351 = CARTESIAN_POINT('',(1.229367061317,6.661338147751E-16,-3.1875));
#2352 = CARTESIAN_POINT('',(1.229367061317,6.33808006426E-02,
    -3.183397225178));
#2353 = CARTESIAN_POINT('',(1.225554743902,0.126762914693,
    -3.179294879196));
#2354 = CARTESIAN_POINT('',(1.217930108127,0.189868984502,
    -3.175192564564));
#2355 = CARTESIAN_POINT('',(1.206518138606,0.252423941293,
    -3.171089910208));
#2356 = CARTESIAN_POINT('',(1.191368417628,0.314156563121,
    -3.166986667448));
#2357 = CARTESIAN_POINT('',(1.172554737286,0.374801032834,
    -3.162882805966));
#2358 = CARTESIAN_POINT('',(1.121731566588,0.509460623303,
    -3.153562518926));
#2359 = CARTESIAN_POINT('',(1.087526229154,0.58265123453,-3.148345558782
    ));
#2360 = CARTESIAN_POINT('',(1.04776001266,0.653137277549,-3.143128402823
    ));
#2361 = CARTESIAN_POINT('',(1.002692853455,0.720414198035,
    -3.137911524241));
#2362 = CARTESIAN_POINT('',(0.952640128639,0.784010870626,
    -3.132695273028));
#2363 = CARTESIAN_POINT('',(0.897969473838,0.843494530044,
    -3.127479953063));
#2364 = CARTESIAN_POINT('',(0.731714004028,0.998762575159,
    -3.112755349731));
#2365 = CARTESIAN_POINT('',(0.610299794696,1.08411993036,-3.103244317315
    ));
#2366 = CARTESIAN_POINT('',(0.477423105746,1.152105760557,
    -3.093740585478));
#2367 = CARTESIAN_POINT('',(0.336109663317,1.200961813726,
    -3.084239608994));
#2368 = CARTESIAN_POINT('',(0.189619604262,1.229562691209,-3.07473456059
    ));
#2369 = CARTESIAN_POINT('',(4.141560083111E-02,1.237423126597,
    -3.065222650929));
#2370 = CARTESIAN_POINT('',(-0.307577057024,1.207513334895,
    -3.042548945952));
#2371 = CARTESIAN_POINT('',(-0.507145399124,1.151025352795,
    -3.029359652282));
#2372 = CARTESIAN_POINT('',(-0.69400987745,1.056024371171,
    -3.016183550102));
#2373 = CARTESIAN_POINT('',(-0.859486662539,0.926348644429,
    -3.003015519354));
#2374 = CARTESIAN_POINT('',(-0.996407811483,0.767612372126,
    -2.989851231791));
#2375 = CARTESIAN_POINT('',(-1.098968367178,0.587333514509,
    -2.976670942271));
#2376 = CARTESIAN_POINT('',(-1.170286950573,0.376992977501,
    -2.96229692406));
#2377 = CARTESIAN_POINT('',(-1.17599416845,0.359120682257,
    -2.961082910409));
#2378 = CARTESIAN_POINT('',(-1.181382840158,0.341147936383,
    -2.959868891107));
#2379 = CARTESIAN_POINT('',(-1.186450857321,0.323081554932,
    -2.958654863915));
#2380 = CARTESIAN_POINT('',(-1.191196294949,0.304928404193,
    -2.957440826738));
#2381 = CARTESIAN_POINT('',(-1.195617411431,0.286695401685,
    -2.956226777619));
#2382 = CARTESIAN_POINT('',(-1.20855986237,0.228842090881,
    -2.952389893761));
#2383 = CARTESIAN_POINT('',(-1.215886168895,0.188954299238,
    -2.949767006717));
#2384 = CARTESIAN_POINT('',(-1.221675819856,0.148796712433,
    -2.947144035326));
#2385 = CARTESIAN_POINT('',(-1.225917190041,0.108440333842,
    -2.944520966933));
#2386 = CARTESIAN_POINT('',(-1.22860277729,6.795659900853E-02,
    -2.941897794514));
#2387 = CARTESIAN_POINT('',(-1.22972920249,2.741737564931E-02,
    -2.93927451668));
#2388 = CARTESIAN_POINT('',(-1.228157963652,-0.119970198651,
    -2.929732797683));
#2389 = CARTESIAN_POINT('',(-1.216180199338,-0.226732902273,
    -2.922812910828));
#2390 = CARTESIAN_POINT('',(-1.193373809099,-0.33205052012,
    -2.915892975386));
#2391 = CARTESIAN_POINT('',(-1.15996177888,-0.434612043613,-2.9089731569
    ));
#2392 = CARTESIAN_POINT('',(-1.116355130086,-0.533154882212,
    -2.902053248185));
#2393 = CARTESIAN_POINT('',(-1.063145647684,-0.626487655953,
    -2.895133556866));
#2394 = CARTESIAN_POINT('',(-0.975702822096,-0.749175977641,
    -2.885381461992));
#2395 = CARTESIAN_POINT('',(-0.94880733824,-0.783777249885,
    -2.882547372321));
#2396 = CARTESIAN_POINT('',(-0.920482974412,-0.817248441993,
    -2.879713468327));
#2397 = CARTESIAN_POINT('',(-0.890786927503,-0.849519029733,
    -2.876879757276));
#2398 = CARTESIAN_POINT('',(-0.859780559746,-0.880522320381,
    -2.874046236814));
#2399 = CARTESIAN_POINT('',(-0.827529398722,-0.910195452724,
    -2.87121289497));
#2400 = CARTESIAN_POINT('',(-0.710141550825,-1.009524280394,
    -2.861263189116));
#2401 = CARTESIAN_POINT('',(-0.618752990913,-1.071815248345,
    -2.854146677915));
#2402 = CARTESIAN_POINT('',(-0.521053003466,-1.124401487313,
    -2.847031509083));
#2403 = CARTESIAN_POINT('',(-0.418286548686,-1.166538019064,
    -2.839916642128));
#2404 = CARTESIAN_POINT('',(-0.311793584225,-1.197675740275,
    -2.83280027447));
#2405 = CARTESIAN_POINT('',(-0.202983287185,-1.217471793007,
    -2.825681479247));
#2406 = CARTESIAN_POINT('',(3.187521436524E-02,-1.235350654559,
    -2.810434318874));
#2407 = CARTESIAN_POINT('',(0.158231950659,-1.229966314289,
    -2.802302613343));
#2408 = CARTESIAN_POINT('',(0.283567624195,-1.209489637572,
    -2.794169783647));
#2409 = CARTESIAN_POINT('',(0.40573345485,-1.174162129824,
    -2.786036215126));
#2410 = CARTESIAN_POINT('',(0.522655327924,-1.124583076484,
    -2.777901976952));
#2411 = CARTESIAN_POINT('',(0.63238583712,-1.061694899854,
    -2.769768430128));
#2412 = CARTESIAN_POINT('',(0.778157204994,-0.953391663518,
    -2.758010487235));
#2413 = CARTESIAN_POINT('',(0.821366552286,-0.917575155771,
    -2.754382304864));
#2414 = CARTESIAN_POINT('',(0.8626451863,-0.879479707616,-2.750754668111
    ));
#2415 = CARTESIAN_POINT('',(0.901849555646,-0.839230964566,
    -2.747127550994));
#2416 = CARTESIAN_POINT('',(0.93884666941,-0.796965503637,
    -2.743500853791));
#2417 = CARTESIAN_POINT('',(0.973514758792,-0.752830144292,
    -2.739874455757));
#2418 = CARTESIAN_POINT('',(1.034299400757,-0.666358566135,
    -2.733035419368));
#2419 = CARTESIAN_POINT('',(1.060940670312,-0.624390173007,
    -2.729822692987));
#2420 = CARTESIAN_POINT('',(1.085591408283,-0.581184746359,
    -2.726610023142));
#2421 = CARTESIAN_POINT('',(1.108183274874,-0.536855856238,
    -2.723397293284));
#2422 = CARTESIAN_POINT('',(1.128656151076,-0.491521522919,
    -2.720184381727));
#2423 = CARTESIAN_POINT('',(1.146958360114,-0.44530376345,
    -2.716971207507));
#2424 = CARTESIAN_POINT('',(1.171984936504,-0.372230638509,
    -2.711972541447));
#2425 = CARTESIAN_POINT('',(1.180239792839,-0.345899125314,
    -2.71018722153));
#2426 = CARTESIAN_POINT('',(1.187804094539,-0.319355104625,
    -2.708401811763));
#2427 = CARTESIAN_POINT('',(1.194671339281,-0.29262030616,
    -2.706616312739));
#2428 = CARTESIAN_POINT('',(1.200835885776,-0.265716683348,
    -2.704830730384));
#2429 = CARTESIAN_POINT('',(1.206292953774,-0.238666413332,
    -2.703045075956));
#2430 = CARTESIAN_POINT('',(1.216262252225,-0.181580512396,
    -2.699293809232));
#2431 = CARTESIAN_POINT('',(1.220623986388,-0.151518512108,
    -2.697328181656));
#2432 = CARTESIAN_POINT('',(1.224118600995,-0.121335789996,
    -2.695362510415));
#2433 = CARTESIAN_POINT('',(1.226742176453,-9.106236677833E-02,
    -2.693396824585));
#2434 = CARTESIAN_POINT('',(1.228492099121,-6.0728389994E-02,
    -2.691431155221));
#2435 = CARTESIAN_POINT('',(1.229367061317,-3.036413400602E-02,
    -2.689465535355));
#2436 = CARTESIAN_POINT('',(1.229367061317,0.,-2.6875));
#2437 = ORIENTED_EDGE('',*,*,#1829,.T.);
#2438 = ORIENTED_EDGE('',*,*,#2439,.T.);
#2439 = EDGE_CURVE('',#1814,#2440,#2442,.T.);
#2440 = VERTEX_POINT('',#2441);
#2441 = CARTESIAN_POINT('',(1.5,-5.118798324882E-15,-2.53125));
#2442 = B_SPLINE_CURVE_WITH_KNOTS('',10,(#2443,#2444,#2445,#2446,#2447,
    #2448,#2449,#2450,#2451,#2452,#2453),.UNSPECIFIED.,.F.,.F.,(11,11),(
    0.,6.303048278758),.PIECEWISE_BEZIER_KNOTS.);
#2443 = CARTESIAN_POINT('',(1.5,6.543614031686E-16,-3.03125));
#2444 = CARTESIAN_POINT('',(1.5,0.942420950886,-2.98125));
#2445 = CARTESIAN_POINT('',(0.842207570563,1.885386309583,
    -2.931250000001));
#2446 = CARTESIAN_POINT('',(-0.475205458198,2.307203621035,
    -2.881249999998));
#2447 = CARTESIAN_POINT('',(-1.978795827693,1.715959187776,
    -2.831250000002));
#2448 = CARTESIAN_POINT('',(-2.776408017538,-6.887823644774E-13,
    -2.781249999998));
#2449 = CARTESIAN_POINT('',(-1.978795827694,-1.715959187775,
    -2.731250000002));
#2450 = CARTESIAN_POINT('',(-0.475205458198,-2.307203621036,
    -2.681249999999));
#2451 = CARTESIAN_POINT('',(0.842207570563,-1.885386309583,
    -2.631250000001));
#2452 = CARTESIAN_POINT('',(1.5,-0.942420950886,-2.58125));
#2453 = CARTESIAN_POINT('',(1.5,-1.089195805293E-14,-2.53125));
#2454 = ORIENTED_EDGE('',*,*,#2455,.F.);
#2455 = EDGE_CURVE('',#2348,#2440,#2456,.T.);
#2456 = B_SPLINE_CURVE_WITH_KNOTS('',1,(#2457,#2458),.UNSPECIFIED.,.F.,
  .F.,(2,2),(0.,0.485705080757),.PIECEWISE_BEZIER_KNOTS.);
#2457 = CARTESIAN_POINT('',(1.079367061317,-1.006161184191E-14,
    -2.774102540378));
#2458 = CARTESIAN_POINT('',(1.5,-1.089195805293E-14,-2.53125));
#2459 = B_SPLINE_SURFACE_WITH_KNOTS('',1,10,(
    (#2460,#2461,#2462,#2463,#2464,#2465,#2466,#2467,#2468,#2469,#2470)
    ,(#2471,#2472,#2473,#2474,#2475,#2476,#2477,#2478,#2479,#2480,#2481
    )),.UNSPECIFIED.,.F.,.F.,.F.,(2,2),(11,11),(0.,0.485705080757),(0.,
    6.303048278758),.PIECEWISE_BEZIER_KNOTS.);
#2460 = CARTESIAN_POINT('',(1.079367061317,5.965291944961E-16,
    -3.274102540378));
#2461 = CARTESIAN_POINT('',(1.079367061317,0.678186326072,
    -3.224102540378));
#2462 = CARTESIAN_POINT('',(0.606005523017,1.35635557525,-3.174102540379
    ));
#2463 = CARTESIAN_POINT('',(-0.341822337003,1.660956728036,
    -3.124102540377));
#2464 = CARTESIAN_POINT('',(-1.424167538763,1.234054792996,
    -3.074102540381));
#2465 = CARTESIAN_POINT('',(-1.997498119666,3.566036355096E-13,
    -3.024102540376));
#2466 = CARTESIAN_POINT('',(-1.424167538763,-1.234054792997,
    -2.97410254038));
#2467 = CARTESIAN_POINT('',(-0.341822337002,-1.660956728035,
    -2.924102540377));
#2468 = CARTESIAN_POINT('',(0.606005523017,-1.35635557525,
    -2.874102540379));
#2469 = CARTESIAN_POINT('',(1.079367061317,-0.678186326072,
    -2.824102540378));
#2470 = CARTESIAN_POINT('',(1.079367061317,-1.006161184191E-14,
    -2.774102540378));
#2471 = CARTESIAN_POINT('',(1.5,6.543614031686E-16,-3.03125));
#2472 = CARTESIAN_POINT('',(1.5,0.942420950886,-2.98125));
#2473 = CARTESIAN_POINT('',(0.842207570563,1.885386309583,
    -2.931250000001));
#2474 = CARTESIAN_POINT('',(-0.475205458198,2.307203621035,
    -2.881249999998));
#2475 = CARTESIAN_POINT('',(-1.978795827693,1.715959187776,
    -2.831250000002));
#2476 = CARTESIAN_POINT('',(-2.776408017538,-6.887823644774E-13,
    -2.781249999998));
#2477 = CARTESIAN_POINT('',(-1.978795827694,-1.715959187775,
    -2.731250000002));
#2478 = CARTESIAN_POINT('',(-0.475205458198,-2.307203621036,
    -2.681249999999));
#2479 = CARTESIAN_POINT('',(0.842207570563,-1.885386309583,
    -2.631250000001));
#2480 = CARTESIAN_POINT('',(1.5,-0.942420950886,-2.58125));
#2481 = CARTESIAN_POINT('',(1.5,-1.089195805293E-14,-2.53125));
#2482 = ADVANCED_FACE('',(#2483),#2508,.T.);
#2483 = FACE_BOUND('',#2484,.T.);
#2484 = EDGE_LOOP('',(#2485,#2486,#2487,#2503));
#2485 = ORIENTED_EDGE('',*,*,#1813,.F.);
#2486 = ORIENTED_EDGE('',*,*,#1878,.T.);
#2487 = ORIENTED_EDGE('',*,*,#2488,.T.);
#2488 = EDGE_CURVE('',#1863,#2489,#2491,.T.);
#2489 = VERTEX_POINT('',#2490);
#2490 = CARTESIAN_POINT('',(1.5,-5.118798324882E-15,-2.96875));
#2491 = B_SPLINE_CURVE_WITH_KNOTS('',10,(#2492,#2493,#2494,#2495,#2496,
    #2497,#2498,#2499,#2500,#2501,#2502),.UNSPECIFIED.,.F.,.F.,(11,11),(
    0.,6.303048278758),.PIECEWISE_BEZIER_KNOTS.);
#2492 = CARTESIAN_POINT('',(1.5,6.543614031686E-16,-3.46875));
#2493 = CARTESIAN_POINT('',(1.5,0.942420950886,-3.41875));
#2494 = CARTESIAN_POINT('',(0.842207570563,1.885386309583,
    -3.368750000001));
#2495 = CARTESIAN_POINT('',(-0.475205458198,2.307203621035,
    -3.318749999998));
#2496 = CARTESIAN_POINT('',(-1.978795827693,1.715959187776,
    -3.268750000003));
#2497 = CARTESIAN_POINT('',(-2.776408017538,-6.887823644774E-13,
    -3.218749999997));
#2498 = CARTESIAN_POINT('',(-1.978795827694,-1.715959187775,
    -3.168750000002));
#2499 = CARTESIAN_POINT('',(-0.475205458198,-2.307203621036,
    -3.118749999999));
#2500 = CARTESIAN_POINT('',(0.842207570563,-1.885386309583,
    -3.068750000001));
#2501 = CARTESIAN_POINT('',(1.5,-0.942420950886,-3.01875));
#2502 = CARTESIAN_POINT('',(1.5,-1.089195805293E-14,-2.96875));
#2503 = ORIENTED_EDGE('',*,*,#2504,.F.);
#2504 = EDGE_CURVE('',#1814,#2489,#2505,.T.);
#2505 = B_SPLINE_CURVE_WITH_KNOTS('',1,(#2506,#2507),.UNSPECIFIED.,.F.,
  .F.,(2,2),(0.,6.25E-02),.PIECEWISE_BEZIER_KNOTS.);
#2506 = CARTESIAN_POINT('',(1.5,-1.089195805293E-14,-3.03125));
#2507 = CARTESIAN_POINT('',(1.5,-1.089195805293E-14,-2.96875));
#2508 = B_SPLINE_SURFACE_WITH_KNOTS('',1,10,(
    (#2509,#2510,#2511,#2512,#2513,#2514,#2515,#2516,#2517,#2518,#2519)
    ,(#2520,#2521,#2522,#2523,#2524,#2525,#2526,#2527,#2528,#2529,#2530
    )),.UNSPECIFIED.,.F.,.F.,.F.,(2,2),(11,11),(0.,6.25E-02),(0.,
    6.303048278758),.PIECEWISE_BEZIER_KNOTS.);
#2509 = CARTESIAN_POINT('',(1.5,6.543614031686E-16,-3.53125));
#2510 = CARTESIAN_POINT('',(1.5,0.942420950886,-3.48125));
#2511 = CARTESIAN_POINT('',(0.842207570563,1.885386309583,
    -3.431250000001));
#2512 = CARTESIAN_POINT('',(-0.475205458198,2.307203621035,
    -3.381249999998));
#2513 = CARTESIAN_POINT('',(-1.978795827693,1.715959187776,
    -3.331250000002));
#2514 = CARTESIAN_POINT('',(-2.776408017538,-6.887823644774E-13,
    -3.281249999998));
#2515 = CARTESIAN_POINT('',(-1.978795827694,-1.715959187775,
    -3.231250000002));
#2516 = CARTESIAN_POINT('',(-0.475205458198,-2.307203621036,
    -3.181249999999));
#2517 = CARTESIAN_POINT('',(0.842207570563,-1.885386309583,
    -3.131250000001));
#2518 = CARTESIAN_POINT('',(1.5,-0.942420950886,-3.08125));
#2519 = CARTESIAN_POINT('',(1.5,-1.089195805293E-14,-3.03125));
#2520 = CARTESIAN_POINT('',(1.5,6.543614031686E-16,-3.46875));
#2521 = CARTESIAN_POINT('',(1.5,0.942420950886,-3.41875));
#2522 = CARTESIAN_POINT('',(0.842207570563,1.885386309583,
    -3.368750000001));
#2523 = CARTESIAN_POINT('',(-0.475205458198,2.307203621035,
    -3.318749999998));
#2524 = CARTESIAN_POINT('',(-1.978795827693,1.715959187776,
    -3.268750000003));
#2525 = CARTESIAN_POINT('',(-2.776408017538,-6.887823644774E-13,
    -3.218749999997));
#2526 = CARTESIAN_POINT('',(-1.978795827694,-1.715959187775,
    -3.168750000002));
#2527 = CARTESIAN_POINT('',(-0.475205458198,-2.307203621036,
    -3.118749999999));
#2528 = CARTESIAN_POINT('',(0.842207570563,-1.885386309583,
    -3.068750000001));
#2529 = CARTESIAN_POINT('',(1.5,-0.942420950886,-3.01875));
#2530 = CARTESIAN_POINT('',(1.5,-1.089195805293E-14,-2.96875));
#2531 = ADVANCED_FACE('',(#2532),#2633,.T.);
#2532 = FACE_BOUND('',#2533,.T.);
#2533 = EDGE_LOOP('',(#2534,#2535,#2536,#2628));
#2534 = ORIENTED_EDGE('',*,*,#2488,.F.);
#2535 = ORIENTED_EDGE('',*,*,#2003,.T.);
#2536 = ORIENTED_EDGE('',*,*,#2537,.T.);
#2537 = EDGE_CURVE('',#1912,#2538,#2540,.T.);
#2538 = VERTEX_POINT('',#2539);
#2539 = CARTESIAN_POINT('',(1.229367061317,-5.32941295833E-15,-2.8125));
#2540 = B_SPLINE_CURVE_WITH_KNOTS('',6,(#2541,#2542,#2543,#2544,#2545,
    #2546,#2547,#2548,#2549,#2550,#2551,#2552,#2553,#2554,#2555,#2556,
    #2557,#2558,#2559,#2560,#2561,#2562,#2563,#2564,#2565,#2566,#2567,
    #2568,#2569,#2570,#2571,#2572,#2573,#2574,#2575,#2576,#2577,#2578,
    #2579,#2580,#2581,#2582,#2583,#2584,#2585,#2586,#2587,#2588,#2589,
    #2590,#2591,#2592,#2593,#2594,#2595,#2596,#2597,#2598,#2599,#2600,
    #2601,#2602,#2603,#2604,#2605,#2606,#2607,#2608,#2609,#2610,#2611,
    #2612,#2613,#2614,#2615,#2616,#2617,#2618,#2619,#2620,#2621,#2622,
    #2623,#2624,#2625,#2626,#2627),.UNSPECIFIED.,.F.,.F.,(7,5,5,5,5,5,5,
    5,5,5,5,5,5,5,5,5,5,7),(0.,5.243922902727E-02,0.13043888028,
    0.249600913735,0.265296204256,0.306117403629,0.362119638053,
    0.429968868806,0.499967724657,0.598547548654,0.630219803262,
    0.685222370728,0.737889603469,0.791658358016,0.842660457373,
    0.942570599981,0.971570337341,1.),.UNSPECIFIED.);
#2541 = CARTESIAN_POINT('',(1.229367061317,1.7763568394E-15,-3.3125));
#2542 = CARTESIAN_POINT('',(1.229367061317,6.750770702191E-02,
    -3.308130081699));
#2543 = CARTESIAN_POINT('',(1.224918574146,0.13501664454,-3.303759681009
    ));
#2544 = CARTESIAN_POINT('',(1.216021589199,0.202157871721,
    -3.299389328969));
#2545 = CARTESIAN_POINT('',(1.202716574398,0.268565908908,
    -3.295019379586));
#2546 = CARTESIAN_POINT('',(1.185083669669,0.333882161293,
    -3.290650006248));
#2547 = CARTESIAN_POINT('',(1.130753760811,0.49276965296,-3.279782904488
    ));
#2548 = CARTESIAN_POINT('',(1.088950852881,0.584602071137,
    -3.273285398685));
#2549 = CARTESIAN_POINT('',(1.038227503995,0.67210326448,-3.266789222007
    ));
#2550 = CARTESIAN_POINT('',(0.979158788338,0.75420310189,-3.260292715443
    ));
#2551 = CARTESIAN_POINT('',(0.912485244165,0.829938070576,
    -3.253794284369));
#2552 = CARTESIAN_POINT('',(0.72698147396,1.003182346034,-3.23736502817)
  );
#2553 = CARTESIAN_POINT('',(0.599147813,1.091136068794,-3.227428469653)
  );
#2554 = CARTESIAN_POINT('',(0.458809949961,1.159299634319,
    -3.217491001762));
#2555 = CARTESIAN_POINT('',(0.30983572483,1.205635055658,-3.207552782414
    ));
#2556 = CARTESIAN_POINT('',(0.156437595331,1.228984643439,
    -3.197613876671));
#2557 = CARTESIAN_POINT('',(-1.717063025741E-02,1.229413192218,
    -3.186373488221));
#2558 = CARTESIAN_POINT('',(-3.737690707754E-02,1.229064565962,
    -3.185065343023));
#2559 = CARTESIAN_POINT('',(-5.757434055194E-02,1.228317412833,
    -3.183757259676));
#2560 = CARTESIAN_POINT('',(-7.775311426113E-02,1.227172031146,
    -3.18244923863));
#2561 = CARTESIAN_POINT('',(-9.790342406552E-02,1.225629041751,
    -3.181141279752));
#2562 = CARTESIAN_POINT('',(-0.17032404587,1.218644626922,
    -3.176431728707));
#2563 = CARTESIAN_POINT('',(-0.222374349371,1.210916561906,
    -3.173030485222));
#2564 = CARTESIAN_POINT('',(-0.273993212768,1.200521971262,
    -3.169629629733));
#2565 = CARTESIAN_POINT('',(-0.325010734204,1.187492035942,
    -3.166229117332));
#2566 = CARTESIAN_POINT('',(-0.375260285802,1.171872339572,
    -3.162828880341));
#2567 = CARTESIAN_POINT('',(-0.492237744672,1.128823773077,
    -3.154764327662));
#2568 = CARTESIAN_POINT('',(-0.558146032506,1.099162736255,
    -3.150100096346));
#2569 = CARTESIAN_POINT('',(-0.621882175834,1.064894744365,
    -3.145436075148));
#2570 = CARTESIAN_POINT('',(-0.683046655861,1.026222728348,
    -3.140771933376));
#2571 = CARTESIAN_POINT('',(-0.741266326174,0.983394860709,
    -3.136107379004));
#2572 = CARTESIAN_POINT('',(-0.862752636733,0.880131168872,
    -3.12579071991));
#2573 = CARTESIAN_POINT('',(-0.924485012094,0.817883956455,
    -3.120138147436));
#2574 = CARTESIAN_POINT('',(-0.98078647768,0.750478686453,
    -3.114484958499));
#2575 = CARTESIAN_POINT('',(-1.031128326111,0.678513690869,
    -3.108830946588));
#2576 = CARTESIAN_POINT('',(-1.075071500532,0.602655790272,
    -3.103176070497));
#2577 = CARTESIAN_POINT('',(-1.150657604355,0.442098293529,
    -3.091686830928));
#2578 = CARTESIAN_POINT('',(-1.181869509595,0.357188713679,
    -3.085852020463));
#2579 = CARTESIAN_POINT('',(-1.205536812966,0.269695670524,
    -3.080017394438));
#2580 = CARTESIAN_POINT('',(-1.221406464498,0.180458569779,
    -3.074183030896));
#2581 = CARTESIAN_POINT('',(-1.229349994472,9.034458978064E-02,
    -3.06834891252));
#2582 = CARTESIAN_POINT('',(-1.229391043698,-0.12667282746,
    -3.054300379201));
#2583 = CARTESIAN_POINT('',(-1.213694709073,-0.253601259824,
    -3.046084988454));
#2584 = CARTESIAN_POINT('',(-1.182268950614,-0.37807356562,
    -3.037872250981));
#2585 = CARTESIAN_POINT('',(-1.135640229499,-0.49768543331,
    -3.02965995859));
#2586 = CARTESIAN_POINT('',(-1.074774081214,-0.610172017405,
    -3.021445372301));
#2587 = CARTESIAN_POINT('',(-0.977451876165,-0.746721980103,
    -3.010591553291));
#2588 = CARTESIAN_POINT('',(-0.952465259558,-0.778983933548,
    -3.007952191647));
#2589 = CARTESIAN_POINT('',(-0.92620408507,-0.81023815566,
    -3.005312680013));
#2590 = CARTESIAN_POINT('',(-0.89871945708,-0.840422149288,
    -3.002673010202));
#2591 = CARTESIAN_POINT('',(-0.87006651193,-0.869476949105,
    -3.000033182084));
#2592 = CARTESIAN_POINT('',(-0.78861906734,-0.945746929662,
    -2.992808572731));
#2593 = CARTESIAN_POINT('',(-0.733587626185,-0.990575046882,
    -2.988223417671));
#2594 = CARTESIAN_POINT('',(-0.675520503226,-1.031540854668,
    -2.983637924404));
#2595 = CARTESIAN_POINT('',(-0.614758918535,-1.068391832581,
    -2.979052148865));
#2596 = CARTESIAN_POINT('',(-0.551670754465,-1.100916242367,
    -2.974466206764));
#2597 = CARTESIAN_POINT('',(-0.424382904743,-1.155785283923,
    -2.965489424547));
#2598 = CARTESIAN_POINT('',(-0.360342482622,-1.178504227828,
    -2.961098448836));
#2599 = CARTESIAN_POINT('',(-0.294867765531,-1.196955043871,
    -2.956707842764));
#2600 = CARTESIAN_POINT('',(-0.228314958347,-1.211028950713,
    -2.952317732312));
#2601 = CARTESIAN_POINT('',(-0.161050023765,-1.22065690476,
    -2.947928195999));
#2602 = CARTESIAN_POINT('',(-2.442575244876E-02,-1.231071920601,
    -2.939058809265));
#2603 = CARTESIAN_POINT('',(4.494979312783E-02,-1.231670000272,
    -2.934578869735));
#2604 = CARTESIAN_POINT('',(0.114285964835,-1.22757462811,
    -2.930099769266));
#2605 = CARTESIAN_POINT('',(0.183186707993,-1.218800311652,
    -2.925621373237));
#2606 = CARTESIAN_POINT('',(0.251260056677,-1.205405814758,
    -2.921143444644));
#2607 = CARTESIAN_POINT('',(0.381544489608,-1.17050339599,-2.91241868033
    ));
#2608 = CARTESIAN_POINT('',(0.443878503121,-1.149448015676,
    -2.908171708712));
#2609 = CARTESIAN_POINT('',(0.504797352299,-1.124415251131,
    -2.903924849288));
#2610 = CARTESIAN_POINT('',(0.56398550199,-1.095526959506,-2.89967778657
    ));
#2611 = CARTESIAN_POINT('',(0.621142131145,-1.062937885443,
    -2.89543022226));
#2612 = CARTESIAN_POINT('',(0.783416702273,-0.956109500467,
    -2.882860293114));
#2613 = CARTESIAN_POINT('',(0.881987469075,-0.871884754902,
    -2.874534826898));
#2614 = CARTESIAN_POINT('',(0.96953321201,-0.77557298476,-2.866207536387
    ));
#2615 = CARTESIAN_POINT('',(1.044269640315,-0.669017237892,
    -2.857876856054));
#2616 = CARTESIAN_POINT('',(1.104793460574,-0.554362177217,
    -2.849545085299));
#2617 = CARTESIAN_POINT('',(1.163382123544,-0.399097883607,
    -2.838798926251));
#2618 = CARTESIAN_POINT('',(1.175289513586,-0.363689052054,
    -2.836381599029));
#2619 = CARTESIAN_POINT('',(1.185902179775,-0.327857995002,
    -2.833964450569));
#2620 = CARTESIAN_POINT('',(1.195201810802,-0.291663868985,
    -2.831547491819));
#2621 = CARTESIAN_POINT('',(1.203173714709,-0.255166842176,
    -2.829130708866));
#2622 = CARTESIAN_POINT('',(1.216309529999,-0.182411554197,
    -2.824344923249));
#2623 = CARTESIAN_POINT('',(1.221525592284,-0.146162551345,
    -2.821975914106));
#2624 = CARTESIAN_POINT('',(1.225444587469,-0.109738727189,
    -2.819606991002));
#2625 = CARTESIAN_POINT('',(1.228059568853,-7.319807372107E-02,
    -2.817238089909));
#2626 = CARTESIAN_POINT('',(1.229367061317,-3.659893356994E-02,
    -2.81486912727));
#2627 = CARTESIAN_POINT('',(1.229367061317,-5.573319583618E-14,-2.8125)
  );
#2628 = ORIENTED_EDGE('',*,*,#2629,.F.);
#2629 = EDGE_CURVE('',#2489,#2538,#2630,.T.);
#2630 = B_SPLINE_CURVE_WITH_KNOTS('',1,(#2631,#2632),.UNSPECIFIED.,.F.,
  .F.,(2,2),(0.,0.485705080757),.PIECEWISE_BEZIER_KNOTS.);
#2631 = CARTESIAN_POINT('',(1.5,-1.089195805293E-14,-2.96875));
#2632 = CARTESIAN_POINT('',(1.079367061317,-1.006161184191E-14,
    -2.725897459622));
#2633 = B_SPLINE_SURFACE_WITH_KNOTS('',1,10,(
    (#2634,#2635,#2636,#2637,#2638,#2639,#2640,#2641,#2642,#2643,#2644)
    ,(#2645,#2646,#2647,#2648,#2649,#2650,#2651,#2652,#2653,#2654,#2655
    )),.UNSPECIFIED.,.F.,.F.,.F.,(2,2),(11,11),(0.,0.485705080757),(0.,
    6.303048278758),.PIECEWISE_BEZIER_KNOTS.);
#2634 = CARTESIAN_POINT('',(1.5,6.543614031686E-16,-3.46875));
#2635 = CARTESIAN_POINT('',(1.5,0.942420950886,-3.41875));
#2636 = CARTESIAN_POINT('',(0.842207570563,1.885386309583,
    -3.368750000001));
#2637 = CARTESIAN_POINT('',(-0.475205458198,2.307203621035,
    -3.318749999998));
#2638 = CARTESIAN_POINT('',(-1.978795827693,1.715959187776,
    -3.268750000003));
#2639 = CARTESIAN_POINT('',(-2.776408017538,-6.887823644774E-13,
    -3.218749999997));
#2640 = CARTESIAN_POINT('',(-1.978795827694,-1.715959187775,
    -3.168750000002));
#2641 = CARTESIAN_POINT('',(-0.475205458198,-2.307203621036,
    -3.118749999999));
#2642 = CARTESIAN_POINT('',(0.842207570563,-1.885386309583,
    -3.068750000001));
#2643 = CARTESIAN_POINT('',(1.5,-0.942420950886,-3.01875));
#2644 = CARTESIAN_POINT('',(1.5,-1.089195805293E-14,-2.96875));
#2645 = CARTESIAN_POINT('',(1.079367061317,5.965291944961E-16,
    -3.225897459622));
#2646 = CARTESIAN_POINT('',(1.079367061317,0.678186326072,
    -3.175897459621));
#2647 = CARTESIAN_POINT('',(0.606005523017,1.35635557525,-3.125897459622
    ));
#2648 = CARTESIAN_POINT('',(-0.341822337003,1.660956728036,
    -3.07589745962));
#2649 = CARTESIAN_POINT('',(-1.424167538763,1.234054792996,
    -3.025897459624));
#2650 = CARTESIAN_POINT('',(-1.997498119666,3.566036355096E-13,
    -2.975897459619));
#2651 = CARTESIAN_POINT('',(-1.424167538763,-1.234054792997,
    -2.925897459623));
#2652 = CARTESIAN_POINT('',(-0.341822337002,-1.660956728035,
    -2.87589745962));
#2653 = CARTESIAN_POINT('',(0.606005523017,-1.35635557525,
    -2.825897459622));
#2654 = CARTESIAN_POINT('',(1.079367061317,-0.678186326072,
    -2.775897459621));
#2655 = CARTESIAN_POINT('',(1.079367061317,-1.006161184191E-14,
    -2.725897459622));
#2656 = ADVANCED_FACE('',(#2657),#2682,.T.);
#2657 = FACE_BOUND('',#2658,.T.);
#2658 = EDGE_LOOP('',(#2659,#2675,#2680,#2681));
#2659 = ORIENTED_EDGE('',*,*,#2660,.F.);
#2660 = EDGE_CURVE('',#2661,#2035,#2663,.T.);
#2661 = VERTEX_POINT('',#2662);
#2662 = CARTESIAN_POINT('',(1.5,-5.118798324882E-15,-2.03125));
#2663 = B_SPLINE_CURVE_WITH_KNOTS('',10,(#2664,#2665,#2666,#2667,#2668,
    #2669,#2670,#2671,#2672,#2673,#2674),.UNSPECIFIED.,.F.,.F.,(11,11),(
    0.,6.303048278758),.PIECEWISE_BEZIER_KNOTS.);
#2664 = CARTESIAN_POINT('',(1.5,6.543614031686E-16,-2.03125));
#2665 = CARTESIAN_POINT('',(1.5,0.942420950886,-1.98125));
#2666 = CARTESIAN_POINT('',(0.842207570563,1.885386309583,
    -1.931250000001));
#2667 = CARTESIAN_POINT('',(-0.475205458198,2.307203621035,
    -1.881249999998));
#2668 = CARTESIAN_POINT('',(-1.978795827693,1.715959187776,
    -1.831250000002));
#2669 = CARTESIAN_POINT('',(-2.776408017538,-6.887823644774E-13,
    -1.781249999998));
#2670 = CARTESIAN_POINT('',(-1.978795827694,-1.715959187775,
    -1.731250000002));
#2671 = CARTESIAN_POINT('',(-0.475205458198,-2.307203621036,
    -1.681249999999));
#2672 = CARTESIAN_POINT('',(0.842207570563,-1.885386309583,
    -1.631250000001));
#2673 = CARTESIAN_POINT('',(1.5,-0.942420950886,-1.58125));
#2674 = CARTESIAN_POINT('',(1.5,-1.089195805293E-14,-1.53125));
#2675 = ORIENTED_EDGE('',*,*,#2676,.T.);
#2676 = EDGE_CURVE('',#2661,#2084,#2677,.T.);
#2677 = B_SPLINE_CURVE_WITH_KNOTS('',1,(#2678,#2679),.UNSPECIFIED.,.F.,
  .F.,(2,2),(0.,6.25E-02),.PIECEWISE_BEZIER_KNOTS.);
#2678 = CARTESIAN_POINT('',(1.5,-1.089195805293E-14,-2.03125));
#2679 = CARTESIAN_POINT('',(1.5,-1.089195805293E-14,-1.96875));
#2680 = ORIENTED_EDGE('',*,*,#2083,.T.);
#2681 = ORIENTED_EDGE('',*,*,#2050,.F.);
#2682 = B_SPLINE_SURFACE_WITH_KNOTS('',1,10,(
    (#2683,#2684,#2685,#2686,#2687,#2688,#2689,#2690,#2691,#2692,#2693)
    ,(#2694,#2695,#2696,#2697,#2698,#2699,#2700,#2701,#2702,#2703,#2704
    )),.UNSPECIFIED.,.F.,.F.,.F.,(2,2),(11,11),(0.,6.25E-02),(0.,
    6.303048278758),.PIECEWISE_BEZIER_KNOTS.);
#2683 = CARTESIAN_POINT('',(1.5,6.543614031686E-16,-2.03125));
#2684 = CARTESIAN_POINT('',(1.5,0.942420950886,-1.98125));
#2685 = CARTESIAN_POINT('',(0.842207570563,1.885386309583,
    -1.931250000001));
#2686 = CARTESIAN_POINT('',(-0.475205458198,2.307203621035,
    -1.881249999998));
#2687 = CARTESIAN_POINT('',(-1.978795827693,1.715959187776,
    -1.831250000002));
#2688 = CARTESIAN_POINT('',(-2.776408017538,-6.887823644774E-13,
    -1.781249999998));
#2689 = CARTESIAN_POINT('',(-1.978795827694,-1.715959187775,
    -1.731250000002));
#2690 = CARTESIAN_POINT('',(-0.475205458198,-2.307203621036,
    -1.681249999999));
#2691 = CARTESIAN_POINT('',(0.842207570563,-1.885386309583,
    -1.631250000001));
#2692 = CARTESIAN_POINT('',(1.5,-0.942420950886,-1.58125));
#2693 = CARTESIAN_POINT('',(1.5,-1.089195805293E-14,-1.53125));
#2694 = CARTESIAN_POINT('',(1.5,6.543614031686E-16,-1.96875));
#2695 = CARTESIAN_POINT('',(1.5,0.942420950886,-1.91875));
#2696 = CARTESIAN_POINT('',(0.842207570563,1.885386309583,
    -1.868750000001));
#2697 = CARTESIAN_POINT('',(-0.475205458198,2.307203621035,
    -1.818749999998));
#2698 = CARTESIAN_POINT('',(-1.978795827693,1.715959187776,
    -1.768750000003));
#2699 = CARTESIAN_POINT('',(-2.776408017538,-6.887823644774E-13,
    -1.718749999997));
#2700 = CARTESIAN_POINT('',(-1.978795827694,-1.715959187775,
    -1.668750000002));
#2701 = CARTESIAN_POINT('',(-0.475205458198,-2.307203621036,
    -1.618749999999));
#2702 = CARTESIAN_POINT('',(0.842207570563,-1.885386309583,
    -1.568750000001));
#2703 = CARTESIAN_POINT('',(1.5,-0.942420950886,-1.51875));
#2704 = CARTESIAN_POINT('',(1.5,-1.089195805293E-14,-1.46875));
#2705 = ADVANCED_FACE('',(#2706),#2822,.T.);
#2706 = FACE_BOUND('',#2707,.T.);
#2707 = EDGE_LOOP('',(#2708,#2724,#2731,#2821));
#2708 = ORIENTED_EDGE('',*,*,#2709,.F.);
#2709 = EDGE_CURVE('',#2710,#2084,#2712,.T.);
#2710 = VERTEX_POINT('',#2711);
#2711 = CARTESIAN_POINT('',(1.5,-5.118798324882E-15,-2.46875));
#2712 = B_SPLINE_CURVE_WITH_KNOTS('',10,(#2713,#2714,#2715,#2716,#2717,
    #2718,#2719,#2720,#2721,#2722,#2723),.UNSPECIFIED.,.F.,.F.,(11,11),(
    0.,6.303048278758),.PIECEWISE_BEZIER_KNOTS.);
#2713 = CARTESIAN_POINT('',(1.5,6.543614031686E-16,-2.46875));
#2714 = CARTESIAN_POINT('',(1.5,0.942420950886,-2.41875));
#2715 = CARTESIAN_POINT('',(0.842207570563,1.885386309583,
    -2.368750000001));
#2716 = CARTESIAN_POINT('',(-0.475205458198,2.307203621035,
    -2.318749999998));
#2717 = CARTESIAN_POINT('',(-1.978795827693,1.715959187776,
    -2.268750000003));
#2718 = CARTESIAN_POINT('',(-2.776408017538,-6.887823644774E-13,
    -2.218749999997));
#2719 = CARTESIAN_POINT('',(-1.978795827694,-1.715959187775,
    -2.168750000002));
#2720 = CARTESIAN_POINT('',(-0.475205458198,-2.307203621036,
    -2.118749999999));
#2721 = CARTESIAN_POINT('',(0.842207570563,-1.885386309583,
    -2.068750000001));
#2722 = CARTESIAN_POINT('',(1.5,-0.942420950886,-2.01875));
#2723 = CARTESIAN_POINT('',(1.5,-1.089195805293E-14,-1.96875));
#2724 = ORIENTED_EDGE('',*,*,#2725,.T.);
#2725 = EDGE_CURVE('',#2710,#2726,#2728,.T.);
#2726 = VERTEX_POINT('',#2727);
#2727 = CARTESIAN_POINT('',(1.229367061317,-5.32941295833E-15,-2.3125));
#2728 = B_SPLINE_CURVE_WITH_KNOTS('',1,(#2729,#2730),.UNSPECIFIED.,.F.,
  .F.,(2,2),(0.,0.485705080757),.PIECEWISE_BEZIER_KNOTS.);
#2729 = CARTESIAN_POINT('',(1.5,-1.089195805293E-14,-2.46875));
#2730 = CARTESIAN_POINT('',(1.079367061317,-1.006161184191E-14,
    -2.225897459622));
#2731 = ORIENTED_EDGE('',*,*,#2732,.T.);
#2732 = EDGE_CURVE('',#2726,#2100,#2733,.T.);
#2733 = B_SPLINE_CURVE_WITH_KNOTS('',6,(#2734,#2735,#2736,#2737,#2738,
    #2739,#2740,#2741,#2742,#2743,#2744,#2745,#2746,#2747,#2748,#2749,
    #2750,#2751,#2752,#2753,#2754,#2755,#2756,#2757,#2758,#2759,#2760,
    #2761,#2762,#2763,#2764,#2765,#2766,#2767,#2768,#2769,#2770,#2771,
    #2772,#2773,#2774,#2775,#2776,#2777,#2778,#2779,#2780,#2781,#2782,
    #2783,#2784,#2785,#2786,#2787,#2788,#2789,#2790,#2791,#2792,#2793,
    #2794,#2795,#2796,#2797,#2798,#2799,#2800,#2801,#2802,#2803,#2804,
    #2805,#2806,#2807,#2808,#2809,#2810,#2811,#2812,#2813,#2814,#2815,
    #2816,#2817,#2818,#2819,#2820),.UNSPECIFIED.,.F.,.F.,(7,5,5,5,5,5,5,
    5,5,5,5,5,5,5,5,5,5,7),(0.,5.24392290273E-02,0.13043888028,
    0.249600913735,0.265296204256,0.306117403629,0.362119638053,
    0.429968868806,0.499967724657,0.598547548654,0.630219803262,
    0.685222370728,0.737889603469,0.791658358016,0.842660457373,
    0.942570599965,0.971570337325,1.),.UNSPECIFIED.);
#2734 = CARTESIAN_POINT('',(1.229367061317,1.7763568394E-15,-2.3125));
#2735 = CARTESIAN_POINT('',(1.229367061317,6.750770702191E-02,
    -2.308130081699));
#2736 = CARTESIAN_POINT('',(1.224918574146,0.13501664454,-2.303759681009
    ));
#2737 = CARTESIAN_POINT('',(1.216021589199,0.202157871721,
    -2.299389328969));
#2738 = CARTESIAN_POINT('',(1.202716574398,0.268565908908,
    -2.295019379586));
#2739 = CARTESIAN_POINT('',(1.185083669669,0.333882161293,
    -2.290650006248));
#2740 = CARTESIAN_POINT('',(1.130753760811,0.49276965296,-2.279782904488
    ));
#2741 = CARTESIAN_POINT('',(1.088950852881,0.584602071137,
    -2.273285398685));
#2742 = CARTESIAN_POINT('',(1.038227503995,0.67210326448,-2.266789222007
    ));
#2743 = CARTESIAN_POINT('',(0.979158788338,0.75420310189,-2.260292715443
    ));
#2744 = CARTESIAN_POINT('',(0.912485244165,0.829938070576,
    -2.253794284369));
#2745 = CARTESIAN_POINT('',(0.72698147396,1.003182346034,-2.23736502817)
  );
#2746 = CARTESIAN_POINT('',(0.599147813,1.091136068794,-2.227428469653)
  );
#2747 = CARTESIAN_POINT('',(0.458809949961,1.159299634318,
    -2.217491001762));
#2748 = CARTESIAN_POINT('',(0.30983572483,1.205635055658,-2.207552782414
    ));
#2749 = CARTESIAN_POINT('',(0.156437595331,1.228984643439,
    -2.197613876671));
#2750 = CARTESIAN_POINT('',(-1.717063025741E-02,1.229413192218,
    -2.186373488221));
#2751 = CARTESIAN_POINT('',(-3.737690707754E-02,1.229064565962,
    -2.185065343023));
#2752 = CARTESIAN_POINT('',(-5.757434055194E-02,1.228317412833,
    -2.183757259676));
#2753 = CARTESIAN_POINT('',(-7.775311426113E-02,1.227172031146,
    -2.18244923863));
#2754 = CARTESIAN_POINT('',(-9.790342406552E-02,1.225629041751,
    -2.181141279752));
#2755 = CARTESIAN_POINT('',(-0.17032404587,1.218644626922,
    -2.176431728707));
#2756 = CARTESIAN_POINT('',(-0.222374349371,1.210916561906,
    -2.173030485222));
#2757 = CARTESIAN_POINT('',(-0.273993212768,1.200521971262,
    -2.169629629733));
#2758 = CARTESIAN_POINT('',(-0.325010734204,1.187492035942,
    -2.166229117332));
#2759 = CARTESIAN_POINT('',(-0.375260285802,1.171872339572,
    -2.162828880341));
#2760 = CARTESIAN_POINT('',(-0.492237744672,1.128823773077,
    -2.154764327662));
#2761 = CARTESIAN_POINT('',(-0.558146032506,1.099162736255,
    -2.150100096346));
#2762 = CARTESIAN_POINT('',(-0.621882175834,1.064894744365,
    -2.145436075148));
#2763 = CARTESIAN_POINT('',(-0.683046655861,1.026222728348,
    -2.140771933376));
#2764 = CARTESIAN_POINT('',(-0.741266326174,0.983394860709,
    -2.136107379004));
#2765 = CARTESIAN_POINT('',(-0.862752636733,0.880131168872,
    -2.12579071991));
#2766 = CARTESIAN_POINT('',(-0.924485012094,0.817883956455,
    -2.120138147436));
#2767 = CARTESIAN_POINT('',(-0.98078647768,0.750478686453,
    -2.114484958499));
#2768 = CARTESIAN_POINT('',(-1.031128326111,0.678513690869,
    -2.108830946588));
#2769 = CARTESIAN_POINT('',(-1.075071500532,0.602655790272,
    -2.103176070497));
#2770 = CARTESIAN_POINT('',(-1.150657604355,0.442098293529,
    -2.091686830928));
#2771 = CARTESIAN_POINT('',(-1.181869509595,0.357188713679,
    -2.085852020463));
#2772 = CARTESIAN_POINT('',(-1.205536812966,0.269695670524,
    -2.080017394438));
#2773 = CARTESIAN_POINT('',(-1.221406464498,0.180458569779,
    -2.074183030896));
#2774 = CARTESIAN_POINT('',(-1.229349994472,9.034458978065E-02,
    -2.06834891252));
#2775 = CARTESIAN_POINT('',(-1.229391043698,-0.12667282746,
    -2.054300379201));
#2776 = CARTESIAN_POINT('',(-1.213694709073,-0.253601259825,
    -2.046084988454));
#2777 = CARTESIAN_POINT('',(-1.182268950614,-0.37807356562,
    -2.037872250981));
#2778 = CARTESIAN_POINT('',(-1.135640229499,-0.49768543331,
    -2.02965995859));
#2779 = CARTESIAN_POINT('',(-1.074774081214,-0.610172017405,
    -2.021445372301));
#2780 = CARTESIAN_POINT('',(-0.977451876165,-0.746721980103,
    -2.010591553291));
#2781 = CARTESIAN_POINT('',(-0.952465259558,-0.778983933548,
    -2.007952191647));
#2782 = CARTESIAN_POINT('',(-0.92620408507,-0.81023815566,
    -2.005312680013));
#2783 = CARTESIAN_POINT('',(-0.89871945708,-0.840422149288,
    -2.002673010202));
#2784 = CARTESIAN_POINT('',(-0.87006651193,-0.869476949105,
    -2.000033182084));
#2785 = CARTESIAN_POINT('',(-0.78861906734,-0.945746929662,
    -1.992808572731));
#2786 = CARTESIAN_POINT('',(-0.733587626185,-0.990575046882,
    -1.988223417671));
#2787 = CARTESIAN_POINT('',(-0.675520503226,-1.031540854668,
    -1.983637924404));
#2788 = CARTESIAN_POINT('',(-0.614758918535,-1.068391832581,
    -1.979052148865));
#2789 = CARTESIAN_POINT('',(-0.551670754465,-1.100916242367,
    -1.974466206764));
#2790 = CARTESIAN_POINT('',(-0.424382904743,-1.155785283923,
    -1.965489424547));
#2791 = CARTESIAN_POINT('',(-0.360342482622,-1.178504227828,
    -1.961098448836));
#2792 = CARTESIAN_POINT('',(-0.294867765531,-1.196955043871,
    -1.956707842764));
#2793 = CARTESIAN_POINT('',(-0.228314958347,-1.211028950713,
    -1.952317732312));
#2794 = CARTESIAN_POINT('',(-0.161050023765,-1.22065690476,
    -1.947928195999));
#2795 = CARTESIAN_POINT('',(-2.442575244884E-02,-1.231071920601,
    -1.939058809265));
#2796 = CARTESIAN_POINT('',(4.494979312775E-02,-1.231670000272,
    -1.934578869735));
#2797 = CARTESIAN_POINT('',(0.114285964835,-1.22757462811,
    -1.930099769266));
#2798 = CARTESIAN_POINT('',(0.183186707993,-1.218800311652,
    -1.925621373237));
#2799 = CARTESIAN_POINT('',(0.251260056677,-1.205405814758,
    -1.921143444644));
#2800 = CARTESIAN_POINT('',(0.381544489608,-1.17050339599,
    -1.912418680331));
#2801 = CARTESIAN_POINT('',(0.443878503121,-1.149448015676,
    -1.908171708712));
#2802 = CARTESIAN_POINT('',(0.504797352299,-1.124415251131,
    -1.903924849288));
#2803 = CARTESIAN_POINT('',(0.56398550199,-1.095526959506,-1.89967778657
    ));
#2804 = CARTESIAN_POINT('',(0.621142131145,-1.062937885443,
    -1.89543022226));
#2805 = CARTESIAN_POINT('',(0.783416702255,-0.956109500479,
    -1.882860293115));
#2806 = CARTESIAN_POINT('',(0.881987469044,-0.871884754929,-1.8745348269
    ));
#2807 = CARTESIAN_POINT('',(0.969533211968,-0.775572984806,
    -1.866207536391));
#2808 = CARTESIAN_POINT('',(1.044269640267,-0.66901723796,
    -1.857876856059));
#2809 = CARTESIAN_POINT('',(1.104793460526,-0.554362177308,
    -1.849545085305));
#2810 = CARTESIAN_POINT('',(1.163382123504,-0.399097883724,
    -1.838798926259));
#2811 = CARTESIAN_POINT('',(1.175289513549,-0.363689052172,
    -1.836381599037));
#2812 = CARTESIAN_POINT('',(1.185902179742,-0.327857995121,
    -1.833964450577));
#2813 = CARTESIAN_POINT('',(1.195201810773,-0.291663869105,
    -1.831547491827));
#2814 = CARTESIAN_POINT('',(1.203173714683,-0.255166842296,
    -1.829130708874));
#2815 = CARTESIAN_POINT('',(1.216309529985,-0.182411554298,
    -1.824344923256));
#2816 = CARTESIAN_POINT('',(1.221525592275,-0.146162551426,
    -1.821975914111));
#2817 = CARTESIAN_POINT('',(1.225444587464,-0.10973872725,
    -1.819606991006));
#2818 = CARTESIAN_POINT('',(1.228059568852,-7.319807376209E-02,
    -1.817238089912));
#2819 = CARTESIAN_POINT('',(1.229367061317,-3.659893359045E-02,
    -1.814869127271));
#2820 = CARTESIAN_POINT('',(1.229367061317,-5.573319583618E-14,-1.8125)
  );
#2821 = ORIENTED_EDGE('',*,*,#2099,.F.);
#2822 = B_SPLINE_SURFACE_WITH_KNOTS('',1,10,(
    (#2823,#2824,#2825,#2826,#2827,#2828,#2829,#2830,#2831,#2832,#2833)
    ,(#2834,#2835,#2836,#2837,#2838,#2839,#2840,#2841,#2842,#2843,#2844
    )),.UNSPECIFIED.,.F.,.F.,.F.,(2,2),(11,11),(0.,0.485705080757),(0.,
    6.303048278758),.PIECEWISE_BEZIER_KNOTS.);
#2823 = CARTESIAN_POINT('',(1.5,6.543614031686E-16,-2.46875));
#2824 = CARTESIAN_POINT('',(1.5,0.942420950886,-2.41875));
#2825 = CARTESIAN_POINT('',(0.842207570563,1.885386309583,
    -2.368750000001));
#2826 = CARTESIAN_POINT('',(-0.475205458198,2.307203621035,
    -2.318749999998));
#2827 = CARTESIAN_POINT('',(-1.978795827693,1.715959187776,
    -2.268750000003));
#2828 = CARTESIAN_POINT('',(-2.776408017538,-6.887823644774E-13,
    -2.218749999997));
#2829 = CARTESIAN_POINT('',(-1.978795827694,-1.715959187775,
    -2.168750000002));
#2830 = CARTESIAN_POINT('',(-0.475205458198,-2.307203621036,
    -2.118749999999));
#2831 = CARTESIAN_POINT('',(0.842207570563,-1.885386309583,
    -2.068750000001));
#2832 = CARTESIAN_POINT('',(1.5,-0.942420950886,-2.01875));
#2833 = CARTESIAN_POINT('',(1.5,-1.089195805293E-14,-1.96875));
#2834 = CARTESIAN_POINT('',(1.079367061317,5.965291944961E-16,
    -2.225897459622));
#2835 = CARTESIAN_POINT('',(1.079367061317,0.678186326072,
    -2.175897459621));
#2836 = CARTESIAN_POINT('',(0.606005523017,1.35635557525,-2.125897459622
    ));
#2837 = CARTESIAN_POINT('',(-0.341822337003,1.660956728036,
    -2.07589745962));
#2838 = CARTESIAN_POINT('',(-1.424167538763,1.234054792996,
    -2.025897459624));
#2839 = CARTESIAN_POINT('',(-1.997498119666,3.566036355096E-13,
    -1.975897459619));
#2840 = CARTESIAN_POINT('',(-1.424167538763,-1.234054792997,
    -1.925897459623));
#2841 = CARTESIAN_POINT('',(-0.341822337002,-1.660956728035,
    -1.87589745962));
#2842 = CARTESIAN_POINT('',(0.606005523017,-1.35635557525,
    -1.825897459622));
#2843 = CARTESIAN_POINT('',(1.079367061317,-0.678186326072,
    -1.775897459621));
#2844 = CARTESIAN_POINT('',(1.079367061317,-1.006161184191E-14,
    -1.725897459622));
#2845 = ADVANCED_FACE('',(#2846),#2946,.T.);
#2846 = FACE_BOUND('',#2847,.T.);
#2847 = EDGE_LOOP('',(#2848,#2939,#2944,#2945));
#2848 = ORIENTED_EDGE('',*,*,#2849,.F.);
#2849 = EDGE_CURVE('',#2850,#2224,#2852,.T.);
#2850 = VERTEX_POINT('',#2851);
#2851 = CARTESIAN_POINT('',(1.229367061317,-5.32941295833E-15,-2.1875));
#2852 = B_SPLINE_CURVE_WITH_KNOTS('',7,(#2853,#2854,#2855,#2856,#2857,
    #2858,#2859,#2860,#2861,#2862,#2863,#2864,#2865,#2866,#2867,#2868,
    #2869,#2870,#2871,#2872,#2873,#2874,#2875,#2876,#2877,#2878,#2879,
    #2880,#2881,#2882,#2883,#2884,#2885,#2886,#2887,#2888,#2889,#2890,
    #2891,#2892,#2893,#2894,#2895,#2896,#2897,#2898,#2899,#2900,#2901,
    #2902,#2903,#2904,#2905,#2906,#2907,#2908,#2909,#2910,#2911,#2912,
    #2913,#2914,#2915,#2916,#2917,#2918,#2919,#2920,#2921,#2922,#2923,
    #2924,#2925,#2926,#2927,#2928,#2929,#2930,#2931,#2932,#2933,#2934,
    #2935,#2936,#2937,#2938),.UNSPECIFIED.,.F.,.F.,(8,6,6,6,6,6,6,6,6,6,
    6,6,6,6,8),(0.,5.744493792308E-02,0.130452660157,0.263620358716,
    0.447920228662,0.464921886835,0.501651702723,0.598515081443,
    0.638200295546,0.737883408376,0.851678915916,0.902473325586,
    0.947477573752,0.972479866898,1.),.UNSPECIFIED.);
#2853 = CARTESIAN_POINT('',(1.229367061317,6.661338147751E-16,-2.1875));
#2854 = CARTESIAN_POINT('',(1.229367061317,6.33808006426E-02,
    -2.183397225178));
#2855 = CARTESIAN_POINT('',(1.225554743902,0.126762914693,
    -2.179294879196));
#2856 = CARTESIAN_POINT('',(1.217930108127,0.189868984502,
    -2.175192564564));
#2857 = CARTESIAN_POINT('',(1.206518138606,0.252423941293,
    -2.171089910208));
#2858 = CARTESIAN_POINT('',(1.191368417628,0.314156563121,
    -2.166986667448));
#2859 = CARTESIAN_POINT('',(1.172554737286,0.374801032834,
    -2.162882805966));
#2860 = CARTESIAN_POINT('',(1.121731566588,0.509460623303,
    -2.153562518926));
#2861 = CARTESIAN_POINT('',(1.087526229154,0.58265123453,-2.148345558782
    ));
#2862 = CARTESIAN_POINT('',(1.04776001266,0.653137277549,-2.143128402823
    ));
#2863 = CARTESIAN_POINT('',(1.002692853455,0.720414198035,
    -2.137911524241));
#2864 = CARTESIAN_POINT('',(0.952640128639,0.784010870626,
    -2.132695273028));
#2865 = CARTESIAN_POINT('',(0.897969473838,0.843494530044,
    -2.127479953063));
#2866 = CARTESIAN_POINT('',(0.731714004028,0.998762575159,
    -2.112755349731));
#2867 = CARTESIAN_POINT('',(0.610299794696,1.08411993036,-2.103244317315
    ));
#2868 = CARTESIAN_POINT('',(0.477423105746,1.152105760557,
    -2.093740585478));
#2869 = CARTESIAN_POINT('',(0.336109663317,1.200961813726,
    -2.084239608994));
#2870 = CARTESIAN_POINT('',(0.189619604262,1.229562691209,-2.07473456059
    ));
#2871 = CARTESIAN_POINT('',(4.141560083119E-02,1.237423126597,
    -2.065222650929));
#2872 = CARTESIAN_POINT('',(-0.307577057024,1.207513334895,
    -2.042548945952));
#2873 = CARTESIAN_POINT('',(-0.507145399123,1.151025352795,
    -2.029359652282));
#2874 = CARTESIAN_POINT('',(-0.69400987745,1.05602437117,-2.016183550102
    ));
#2875 = CARTESIAN_POINT('',(-0.859486662538,0.92634864443,
    -2.003015519354));
#2876 = CARTESIAN_POINT('',(-0.996407811484,0.767612372125,
    -1.989851231791));
#2877 = CARTESIAN_POINT('',(-1.098968367178,0.587333514509,
    -1.976670942271));
#2878 = CARTESIAN_POINT('',(-1.170286950573,0.376992977501,
    -1.96229692406));
#2879 = CARTESIAN_POINT('',(-1.17599416845,0.359120682258,
    -1.961082910409));
#2880 = CARTESIAN_POINT('',(-1.181382840158,0.341147936383,
    -1.959868891107));
#2881 = CARTESIAN_POINT('',(-1.186450857321,0.323081554932,
    -1.958654863915));
#2882 = CARTESIAN_POINT('',(-1.191196294949,0.304928404193,
    -1.957440826738));
#2883 = CARTESIAN_POINT('',(-1.195617411431,0.286695401685,
    -1.956226777619));
#2884 = CARTESIAN_POINT('',(-1.208559862356,0.228842090945,
    -1.952389893765));
#2885 = CARTESIAN_POINT('',(-1.215886168871,0.188954299367,
    -1.949767006725));
#2886 = CARTESIAN_POINT('',(-1.221675819828,0.148796712628,
    -1.947144035338));
#2887 = CARTESIAN_POINT('',(-1.225917190014,0.108440334103,
    -1.94452096695));
#2888 = CARTESIAN_POINT('',(-1.228602777269,6.7956599336E-02,
    -1.941897794536));
#2889 = CARTESIAN_POINT('',(-1.229729202479,2.741737604279E-02,
    -1.939274516706));
#2890 = CARTESIAN_POINT('',(-1.228157963698,-0.11997019813,
    -1.929732797717));
#2891 = CARTESIAN_POINT('',(-1.216180199437,-0.226732901694,
    -1.922812910866));
#2892 = CARTESIAN_POINT('',(-1.193373809263,-0.332050519489,
    -1.915892975427));
#2893 = CARTESIAN_POINT('',(-1.15996177912,-0.434612042939,
    -1.908973156946));
#2894 = CARTESIAN_POINT('',(-1.116355130413,-0.533154881506,
    -1.902053248235));
#2895 = CARTESIAN_POINT('',(-1.063145648105,-0.626487655228,
    -1.89513355692));
#2896 = CARTESIAN_POINT('',(-0.97570282561,-0.749175972766,
    -1.885381462381));
#2897 = CARTESIAN_POINT('',(-0.948807345092,-0.783777241113,
    -1.882547373041));
#2898 = CARTESIAN_POINT('',(-0.920482984929,-0.817248429598,
    -1.879713469378));
#2899 = CARTESIAN_POINT('',(-0.89078694199,-0.849519014013,
    -1.876879758657));
#2900 = CARTESIAN_POINT('',(-0.859780578488,-0.880522301656,
    -1.874046238526));
#2901 = CARTESIAN_POINT('',(-0.827529421977,-0.910195431335,
    -1.871212897012));
#2902 = CARTESIAN_POINT('',(-0.710141584555,-1.009524256152,
    -1.861263191795));
#2903 = CARTESIAN_POINT('',(-0.618753030751,-1.071815224527,
    -1.8541466809));
#2904 = CARTESIAN_POINT('',(-0.521053049617,-1.124401464984,
    -1.847031512374));
#2905 = CARTESIAN_POINT('',(-0.418286601165,-1.166537999338,
    -1.839916645724));
#2906 = CARTESIAN_POINT('',(-0.311793642851,-1.197675724279,
    -1.832800278373));
#2907 = CARTESIAN_POINT('',(-0.202983351576,-1.217471781844,
    -1.825681483457));
#2908 = CARTESIAN_POINT('',(3.187513209877E-02,-1.235350655444,
    -1.81043432418));
#2909 = CARTESIAN_POINT('',(0.158231856317,-1.229966324315,
    -1.802302619441));
#2910 = CARTESIAN_POINT('',(0.283567519047,-1.20948965963,
    -1.794169790536));
#2911 = CARTESIAN_POINT('',(0.405733340776,-1.17416216657,
    -1.786036222805));
#2912 = CARTESIAN_POINT('',(0.522655207358,-1.124583130209,
    -1.777901985419));
#2913 = CARTESIAN_POINT('',(0.632385712966,-1.061694972364,
    -1.769768439383));
#2914 = CARTESIAN_POINT('',(0.778157327326,-0.953391581437,
    -1.758010477706));
#2915 = CARTESIAN_POINT('',(0.821366902578,-0.917574873079,
    -1.754382275771));
#2916 = CARTESIAN_POINT('',(0.862645743186,-0.879479200105,
    -1.750754619458));
#2917 = CARTESIAN_POINT('',(0.901850295474,-0.839230210109,
    -1.747127482788));
#2918 = CARTESIAN_POINT('',(0.938847566471,-0.796964482417,
    -1.743500766036));
#2919 = CARTESIAN_POINT('',(0.973515785577,-0.752828839013,
    -1.739874348452));
#2920 = CARTESIAN_POINT('',(1.034300463432,-0.666356916683,
    -1.733035292519));
#2921 = CARTESIAN_POINT('',(1.060941666049,-0.624388481081,
    -1.72982256614));
#2922 = CARTESIAN_POINT('',(1.085592335112,-0.581183015134,
    -1.726609896295));
#2923 = CARTESIAN_POINT('',(1.108184131005,-0.536854088998,
    -1.723397166434));
#2924 = CARTESIAN_POINT('',(1.128656934907,-0.491519723042,
    -1.72018425487));
#2925 = CARTESIAN_POINT('',(1.146959070237,-0.445301934396,
    -1.716971080643));
#2926 = CARTESIAN_POINT('',(1.171985530097,-0.372228769549,
    -1.711972414568));
#2927 = CARTESIAN_POINT('',(1.180240344443,-0.345897243186,
    -1.710187094646));
#2928 = CARTESIAN_POINT('',(1.187804603815,-0.319353210429,
    -1.708401684873));
#2929 = CARTESIAN_POINT('',(1.194671805924,-0.292618401007,
    -1.706616185843));
#2930 = CARTESIAN_POINT('',(1.200836309517,-0.265714768358,
    -1.704830603483));
#2931 = CARTESIAN_POINT('',(1.206293334379,-0.238664489634,
    -1.70304494905));
#2932 = CARTESIAN_POINT('',(1.216262493615,-0.181578848683,
    -1.699293700449));
#2933 = CARTESIAN_POINT('',(1.220624147555,-0.151517120111,
    -1.697328091001));
#2934 = CARTESIAN_POINT('',(1.224118697792,-0.121334673052,
    -1.695362437891));
#2935 = CARTESIAN_POINT('',(1.226742224875,-9.106152739732E-02,
    -1.693396770193));
#2936 = CARTESIAN_POINT('',(1.228492115262,-6.072782985249E-02,
    -1.69143111896));
#2937 = CARTESIAN_POINT('',(1.229367061317,-3.036385394044E-02,
    -1.689465517226));
#2938 = CARTESIAN_POINT('',(1.229367061317,0.,-1.6875));
#2939 = ORIENTED_EDGE('',*,*,#2940,.T.);
#2940 = EDGE_CURVE('',#2850,#2661,#2941,.T.);
#2941 = B_SPLINE_CURVE_WITH_KNOTS('',1,(#2942,#2943),.UNSPECIFIED.,.F.,
  .F.,(2,2),(0.,0.485705080757),.PIECEWISE_BEZIER_KNOTS.);
#2942 = CARTESIAN_POINT('',(1.079367061317,-1.006161184191E-14,
    -2.274102540378));
#2943 = CARTESIAN_POINT('',(1.5,-1.089195805293E-14,-2.03125));
#2944 = ORIENTED_EDGE('',*,*,#2660,.T.);
#2945 = ORIENTED_EDGE('',*,*,#2314,.F.);
#2946 = B_SPLINE_SURFACE_WITH_KNOTS('',1,10,(
    (#2947,#2948,#2949,#2950,#2951,#2952,#2953,#2954,#2955,#2956,#2957)
    ,(#2958,#2959,#2960,#2961,#2962,#2963,#2964,#2965,#2966,#2967,#2968
    )),.UNSPECIFIED.,.F.,.F.,.F.,(2,2),(11,11),(0.,0.485705080757),(0.,
    6.303048278758),.PIECEWISE_BEZIER_KNOTS.);
#2947 = CARTESIAN_POINT('',(1.079367061317,5.965291944961E-16,
    -2.274102540378));
#2948 = CARTESIAN_POINT('',(1.079367061317,0.678186326072,
    -2.224102540378));
#2949 = CARTESIAN_POINT('',(0.606005523017,1.35635557525,-2.174102540379
    ));
#2950 = CARTESIAN_POINT('',(-0.341822337003,1.660956728036,
    -2.124102540377));
#2951 = CARTESIAN_POINT('',(-1.424167538763,1.234054792996,
    -2.074102540381));
#2952 = CARTESIAN_POINT('',(-1.997498119666,3.566036355096E-13,
    -2.024102540376));
#2953 = CARTESIAN_POINT('',(-1.424167538763,-1.234054792997,
    -1.97410254038));
#2954 = CARTESIAN_POINT('',(-0.341822337002,-1.660956728035,
    -1.924102540377));
#2955 = CARTESIAN_POINT('',(0.606005523017,-1.35635557525,
    -1.874102540379));
#2956 = CARTESIAN_POINT('',(1.079367061317,-0.678186326072,
    -1.824102540378));
#2957 = CARTESIAN_POINT('',(1.079367061317,-1.006161184191E-14,
    -1.774102540378));
#2958 = CARTESIAN_POINT('',(1.5,6.543614031686E-16,-2.03125));
#2959 = CARTESIAN_POINT('',(1.5,0.942420950886,-1.98125));
#2960 = CARTESIAN_POINT('',(0.842207570563,1.885386309583,
    -1.931250000001));
#2961 = CARTESIAN_POINT('',(-0.475205458198,2.307203621035,
    -1.881249999998));
#2962 = CARTESIAN_POINT('',(-1.978795827693,1.715959187776,
    -1.831250000002));
#2963 = CARTESIAN_POINT('',(-2.776408017538,-6.887823644774E-13,
    -1.781249999998));
#2964 = CARTESIAN_POINT('',(-1.978795827694,-1.715959187775,
    -1.731250000002));
#2965 = CARTESIAN_POINT('',(-0.475205458198,-2.307203621036,
    -1.681249999999));
#2966 = CARTESIAN_POINT('',(0.842207570563,-1.885386309583,
    -1.631250000001));
#2967 = CARTESIAN_POINT('',(1.5,-0.942420950886,-1.58125));
#2968 = CARTESIAN_POINT('',(1.5,-1.089195805293E-14,-1.53125));
#2969 = ADVANCED_FACE('',(#2970),#3077,.T.);
#2970 = FACE_BOUND('',#2971,.T.);
#2971 = EDGE_LOOP('',(#2972,#3061,#3062,#3076));
#2972 = ORIENTED_EDGE('',*,*,#2973,.F.);
#2973 = EDGE_CURVE('',#2348,#2850,#2974,.T.);
#2974 = B_SPLINE_CURVE_WITH_KNOTS('',7,(#2975,#2976,#2977,#2978,#2979,
    #2980,#2981,#2982,#2983,#2984,#2985,#2986,#2987,#2988,#2989,#2990,
    #2991,#2992,#2993,#2994,#2995,#2996,#2997,#2998,#2999,#3000,#3001,
    #3002,#3003,#3004,#3005,#3006,#3007,#3008,#3009,#3010,#3011,#3012,
    #3013,#3014,#3015,#3016,#3017,#3018,#3019,#3020,#3021,#3022,#3023,
    #3024,#3025,#3026,#3027,#3028,#3029,#3030,#3031,#3032,#3033,#3034,
    #3035,#3036,#3037,#3038,#3039,#3040,#3041,#3042,#3043,#3044,#3045,
    #3046,#3047,#3048,#3049,#3050,#3051,#3052,#3053,#3054,#3055,#3056,
    #3057,#3058,#3059,#3060),.UNSPECIFIED.,.F.,.F.,(8,6,6,6,6,6,6,6,6,6,
    6,6,6,6,8),(0.,5.744493792307E-02,0.130452660157,0.263620358715,
    0.447920228662,0.464921886835,0.501651702782,0.598515081559,
    0.638200300294,0.73788341741,0.851678935991,0.90247307174,
    0.947477319915,0.972479613058,1.),.UNSPECIFIED.);
#2975 = CARTESIAN_POINT('',(1.229367061317,6.661338147751E-16,-2.6875));
#2976 = CARTESIAN_POINT('',(1.229367061317,6.33808006426E-02,
    -2.683397225178));
#2977 = CARTESIAN_POINT('',(1.225554743902,0.126762914693,
    -2.679294879196));
#2978 = CARTESIAN_POINT('',(1.217930108127,0.189868984502,
    -2.675192564564));
#2979 = CARTESIAN_POINT('',(1.206518138606,0.252423941293,
    -2.671089910208));
#2980 = CARTESIAN_POINT('',(1.191368417628,0.314156563121,
    -2.666986667448));
#2981 = CARTESIAN_POINT('',(1.172554737286,0.374801032834,
    -2.662882805966));
#2982 = CARTESIAN_POINT('',(1.121731566588,0.509460623303,
    -2.653562518926));
#2983 = CARTESIAN_POINT('',(1.087526229154,0.58265123453,-2.648345558782
    ));
#2984 = CARTESIAN_POINT('',(1.04776001266,0.653137277549,-2.643128402823
    ));
#2985 = CARTESIAN_POINT('',(1.002692853455,0.720414198035,
    -2.637911524241));
#2986 = CARTESIAN_POINT('',(0.952640128639,0.784010870626,
    -2.632695273028));
#2987 = CARTESIAN_POINT('',(0.897969473838,0.843494530044,
    -2.627479953063));
#2988 = CARTESIAN_POINT('',(0.731714004028,0.998762575159,
    -2.612755349731));
#2989 = CARTESIAN_POINT('',(0.610299794696,1.084119930361,
    -2.603244317315));
#2990 = CARTESIAN_POINT('',(0.477423105746,1.152105760557,
    -2.593740585478));
#2991 = CARTESIAN_POINT('',(0.336109663317,1.200961813726,
    -2.584239608994));
#2992 = CARTESIAN_POINT('',(0.189619604262,1.229562691209,-2.57473456059
    ));
#2993 = CARTESIAN_POINT('',(4.141560083125E-02,1.237423126597,
    -2.565222650929));
#2994 = CARTESIAN_POINT('',(-0.307577057024,1.207513334895,
    -2.542548945952));
#2995 = CARTESIAN_POINT('',(-0.507145399123,1.151025352795,
    -2.529359652283));
#2996 = CARTESIAN_POINT('',(-0.694009877451,1.05602437117,
    -2.516183550102));
#2997 = CARTESIAN_POINT('',(-0.859486662538,0.926348644431,
    -2.503015519354));
#2998 = CARTESIAN_POINT('',(-0.996407811484,0.767612372125,
    -2.489851231791));
#2999 = CARTESIAN_POINT('',(-1.098968367178,0.587333514509,
    -2.476670942271));
#3000 = CARTESIAN_POINT('',(-1.170286950573,0.376992977501,
    -2.46229692406));
#3001 = CARTESIAN_POINT('',(-1.17599416845,0.359120682257,
    -2.461082910409));
#3002 = CARTESIAN_POINT('',(-1.181382840158,0.341147936383,
    -2.459868891107));
#3003 = CARTESIAN_POINT('',(-1.186450857321,0.323081554932,
    -2.458654863915));
#3004 = CARTESIAN_POINT('',(-1.191196294949,0.304928404193,
    -2.457440826738));
#3005 = CARTESIAN_POINT('',(-1.195617411431,0.286695401685,
    -2.456226777619));
#3006 = CARTESIAN_POINT('',(-1.20855986237,0.228842090881,
    -2.452389893761));
#3007 = CARTESIAN_POINT('',(-1.215886168895,0.188954299238,
    -2.449767006717));
#3008 = CARTESIAN_POINT('',(-1.221675819856,0.148796712433,
    -2.447144035326));
#3009 = CARTESIAN_POINT('',(-1.225917190041,0.108440333842,
    -2.444520966933));
#3010 = CARTESIAN_POINT('',(-1.22860277729,6.795659900853E-02,
    -2.441897794514));
#3011 = CARTESIAN_POINT('',(-1.22972920249,2.741737564931E-02,
    -2.43927451668));
#3012 = CARTESIAN_POINT('',(-1.228157963652,-0.119970198651,
    -2.429732797683));
#3013 = CARTESIAN_POINT('',(-1.216180199338,-0.226732902273,
    -2.422812910828));
#3014 = CARTESIAN_POINT('',(-1.193373809099,-0.33205052012,
    -2.415892975386));
#3015 = CARTESIAN_POINT('',(-1.15996177888,-0.434612043613,-2.4089731569
    ));
#3016 = CARTESIAN_POINT('',(-1.116355130086,-0.533154882211,
    -2.402053248185));
#3017 = CARTESIAN_POINT('',(-1.063145647684,-0.626487655953,
    -2.395133556866));
#3018 = CARTESIAN_POINT('',(-0.975702822096,-0.749175977641,
    -2.385381461992));
#3019 = CARTESIAN_POINT('',(-0.94880733824,-0.783777249885,
    -2.382547372321));
#3020 = CARTESIAN_POINT('',(-0.920482974412,-0.817248441993,
    -2.379713468327));
#3021 = CARTESIAN_POINT('',(-0.890786927503,-0.849519029733,
    -2.376879757276));
#3022 = CARTESIAN_POINT('',(-0.859780559746,-0.880522320381,
    -2.374046236814));
#3023 = CARTESIAN_POINT('',(-0.827529398722,-0.910195452724,
    -2.37121289497));
#3024 = CARTESIAN_POINT('',(-0.710141550825,-1.009524280394,
    -2.361263189116));
#3025 = CARTESIAN_POINT('',(-0.618752990914,-1.071815248345,
    -2.354146677915));
#3026 = CARTESIAN_POINT('',(-0.521053003466,-1.124401487313,
    -2.347031509083));
#3027 = CARTESIAN_POINT('',(-0.418286548686,-1.166538019064,
    -2.339916642128));
#3028 = CARTESIAN_POINT('',(-0.311793584226,-1.197675740275,
    -2.33280027447));
#3029 = CARTESIAN_POINT('',(-0.202983287185,-1.217471793007,
    -2.325681479247));
#3030 = CARTESIAN_POINT('',(3.187521436524E-02,-1.235350654559,
    -2.310434318874));
#3031 = CARTESIAN_POINT('',(0.158231950659,-1.229966314289,
    -2.302302613343));
#3032 = CARTESIAN_POINT('',(0.283567624195,-1.209489637572,
    -2.294169783647));
#3033 = CARTESIAN_POINT('',(0.40573345485,-1.174162129824,
    -2.286036215126));
#3034 = CARTESIAN_POINT('',(0.522655327924,-1.124583076484,
    -2.277901976952));
#3035 = CARTESIAN_POINT('',(0.63238583712,-1.061694899854,
    -2.269768430128));
#3036 = CARTESIAN_POINT('',(0.778157204994,-0.953391663518,
    -2.258010487235));
#3037 = CARTESIAN_POINT('',(0.821366552286,-0.917575155771,
    -2.254382304864));
#3038 = CARTESIAN_POINT('',(0.8626451863,-0.879479707616,-2.250754668111
    ));
#3039 = CARTESIAN_POINT('',(0.901849555646,-0.839230964566,
    -2.247127550994));
#3040 = CARTESIAN_POINT('',(0.93884666941,-0.796965503637,
    -2.243500853791));
#3041 = CARTESIAN_POINT('',(0.973514758792,-0.752830144292,
    -2.239874455757));
#3042 = CARTESIAN_POINT('',(1.034299400757,-0.666358566135,
    -2.233035419368));
#3043 = CARTESIAN_POINT('',(1.060940670312,-0.624390173007,
    -2.229822692987));
#3044 = CARTESIAN_POINT('',(1.085591408283,-0.581184746359,
    -2.226610023142));
#3045 = CARTESIAN_POINT('',(1.108183274874,-0.536855856238,
    -2.223397293284));
#3046 = CARTESIAN_POINT('',(1.128656151076,-0.491521522919,
    -2.220184381727));
#3047 = CARTESIAN_POINT('',(1.146958360114,-0.44530376345,
    -2.216971207507));
#3048 = CARTESIAN_POINT('',(1.171984936504,-0.372230638509,
    -2.211972541447));
#3049 = CARTESIAN_POINT('',(1.180239792839,-0.345899125314,
    -2.21018722153));
#3050 = CARTESIAN_POINT('',(1.187804094539,-0.319355104625,
    -2.208401811763));
#3051 = CARTESIAN_POINT('',(1.194671339281,-0.29262030616,
    -2.206616312739));
#3052 = CARTESIAN_POINT('',(1.200835885776,-0.265716683348,
    -2.204830730384));
#3053 = CARTESIAN_POINT('',(1.206292953774,-0.238666413332,
    -2.203045075956));
#3054 = CARTESIAN_POINT('',(1.216262252225,-0.181580512396,
    -2.199293809232));
#3055 = CARTESIAN_POINT('',(1.220623986388,-0.151518512108,
    -2.197328181656));
#3056 = CARTESIAN_POINT('',(1.224118600995,-0.121335789996,
    -2.195362510415));
#3057 = CARTESIAN_POINT('',(1.226742176453,-9.106236677832E-02,
    -2.193396824585));
#3058 = CARTESIAN_POINT('',(1.228492099121,-6.0728389994E-02,
    -2.191431155221));
#3059 = CARTESIAN_POINT('',(1.229367061317,-3.036413400602E-02,
    -2.189465535355));
#3060 = CARTESIAN_POINT('',(1.229367061317,0.,-2.1875));
#3061 = ORIENTED_EDGE('',*,*,#2455,.T.);
#3062 = ORIENTED_EDGE('',*,*,#3063,.T.);
#3063 = EDGE_CURVE('',#2440,#2661,#3064,.T.);
#3064 = B_SPLINE_CURVE_WITH_KNOTS('',10,(#3065,#3066,#3067,#3068,#3069,
    #3070,#3071,#3072,#3073,#3074,#3075),.UNSPECIFIED.,.F.,.F.,(11,11),(
    0.,6.303048278758),.PIECEWISE_BEZIER_KNOTS.);
#3065 = CARTESIAN_POINT('',(1.5,6.543614031686E-16,-2.53125));
#3066 = CARTESIAN_POINT('',(1.5,0.942420950886,-2.48125));
#3067 = CARTESIAN_POINT('',(0.842207570563,1.885386309583,
    -2.431250000001));
#3068 = CARTESIAN_POINT('',(-0.475205458198,2.307203621035,
    -2.381249999998));
#3069 = CARTESIAN_POINT('',(-1.978795827693,1.715959187776,
    -2.331250000002));
#3070 = CARTESIAN_POINT('',(-2.776408017538,-6.887823644774E-13,
    -2.281249999998));
#3071 = CARTESIAN_POINT('',(-1.978795827694,-1.715959187775,
    -2.231250000002));
#3072 = CARTESIAN_POINT('',(-0.475205458198,-2.307203621036,
    -2.181249999999));
#3073 = CARTESIAN_POINT('',(0.842207570563,-1.885386309583,
    -2.131250000001));
#3074 = CARTESIAN_POINT('',(1.5,-0.942420950886,-2.08125));
#3075 = CARTESIAN_POINT('',(1.5,-1.089195805293E-14,-2.03125));
#3076 = ORIENTED_EDGE('',*,*,#2940,.F.);
#3077 = B_SPLINE_SURFACE_WITH_KNOTS('',1,10,(
    (#3078,#3079,#3080,#3081,#3082,#3083,#3084,#3085,#3086,#3087,#3088)
    ,(#3089,#3090,#3091,#3092,#3093,#3094,#3095,#3096,#3097,#3098,#3099
    )),.UNSPECIFIED.,.F.,.F.,.F.,(2,2),(11,11),(0.,0.485705080757),(0.,
    6.303048278758),.PIECEWISE_BEZIER_KNOTS.);
#3078 = CARTESIAN_POINT('',(1.079367061317,5.965291944961E-16,
    -2.774102540378));
#3079 = CARTESIAN_POINT('',(1.079367061317,0.678186326072,
    -2.724102540378));
#3080 = CARTESIAN_POINT('',(0.606005523017,1.35635557525,-2.674102540379
    ));
#3081 = CARTESIAN_POINT('',(-0.341822337003,1.660956728036,
    -2.624102540377));
#3082 = CARTESIAN_POINT('',(-1.424167538763,1.234054792996,
    -2.574102540381));
#3083 = CARTESIAN_POINT('',(-1.997498119666,3.566036355096E-13,
    -2.524102540376));
#3084 = CARTESIAN_POINT('',(-1.424167538763,-1.234054792997,
    -2.47410254038));
#3085 = CARTESIAN_POINT('',(-0.341822337002,-1.660956728035,
    -2.424102540377));
#3086 = CARTESIAN_POINT('',(0.606005523017,-1.35635557525,
    -2.374102540379));
#3087 = CARTESIAN_POINT('',(1.079367061317,-0.678186326072,
    -2.324102540378));
#3088 = CARTESIAN_POINT('',(1.079367061317,-1.006161184191E-14,
    -2.274102540378));
#3089 = CARTESIAN_POINT('',(1.5,6.543614031686E-16,-2.53125));
#3090 = CARTESIAN_POINT('',(1.5,0.942420950886,-2.48125));
#3091 = CARTESIAN_POINT('',(0.842207570563,1.885386309583,
    -2.431250000001));
#3092 = CARTESIAN_POINT('',(-0.475205458198,2.307203621035,
    -2.381249999998));
#3093 = CARTESIAN_POINT('',(-1.978795827693,1.715959187776,
    -2.331250000002));
#3094 = CARTESIAN_POINT('',(-2.776408017538,-6.887823644774E-13,
    -2.281249999998));
#3095 = CARTESIAN_POINT('',(-1.978795827694,-1.715959187775,
    -2.231250000002));
#3096 = CARTESIAN_POINT('',(-0.475205458198,-2.307203621036,
    -2.181249999999));
#3097 = CARTESIAN_POINT('',(0.842207570563,-1.885386309583,
    -2.131250000001));
#3098 = CARTESIAN_POINT('',(1.5,-0.942420950886,-2.08125));
#3099 = CARTESIAN_POINT('',(1.5,-1.089195805293E-14,-2.03125));
#3100 = ADVANCED_FACE('',(#3101),#3124,.T.);
#3101 = FACE_BOUND('',#3102,.T.);
#3102 = EDGE_LOOP('',(#3103,#3104,#3105,#3119));
#3103 = ORIENTED_EDGE('',*,*,#2439,.F.);
#3104 = ORIENTED_EDGE('',*,*,#2504,.T.);
#3105 = ORIENTED_EDGE('',*,*,#3106,.T.);
#3106 = EDGE_CURVE('',#2489,#2710,#3107,.T.);
#3107 = B_SPLINE_CURVE_WITH_KNOTS('',10,(#3108,#3109,#3110,#3111,#3112,
    #3113,#3114,#3115,#3116,#3117,#3118),.UNSPECIFIED.,.F.,.F.,(11,11),(
    0.,6.303048278758),.PIECEWISE_BEZIER_KNOTS.);
#3108 = CARTESIAN_POINT('',(1.5,6.543614031686E-16,-2.96875));
#3109 = CARTESIAN_POINT('',(1.5,0.942420950886,-2.91875));
#3110 = CARTESIAN_POINT('',(0.842207570563,1.885386309583,
    -2.868750000001));
#3111 = CARTESIAN_POINT('',(-0.475205458198,2.307203621035,
    -2.818749999998));
#3112 = CARTESIAN_POINT('',(-1.978795827693,1.715959187776,
    -2.768750000003));
#3113 = CARTESIAN_POINT('',(-2.776408017538,-6.887823644774E-13,
    -2.718749999997));
#3114 = CARTESIAN_POINT('',(-1.978795827694,-1.715959187775,
    -2.668750000002));
#3115 = CARTESIAN_POINT('',(-0.475205458198,-2.307203621036,
    -2.618749999999));
#3116 = CARTESIAN_POINT('',(0.842207570563,-1.885386309583,
    -2.568750000001));
#3117 = CARTESIAN_POINT('',(1.5,-0.942420950886,-2.51875));
#3118 = CARTESIAN_POINT('',(1.5,-1.089195805293E-14,-2.46875));
#3119 = ORIENTED_EDGE('',*,*,#3120,.F.);
#3120 = EDGE_CURVE('',#2440,#2710,#3121,.T.);
#3121 = B_SPLINE_CURVE_WITH_KNOTS('',1,(#3122,#3123),.UNSPECIFIED.,.F.,
  .F.,(2,2),(0.,6.25E-02),.PIECEWISE_BEZIER_KNOTS.);
#3122 = CARTESIAN_POINT('',(1.5,-1.089195805293E-14,-2.53125));
#3123 = CARTESIAN_POINT('',(1.5,-1.089195805293E-14,-2.46875));
#3124 = B_SPLINE_SURFACE_WITH_KNOTS('',1,10,(
    (#3125,#3126,#3127,#3128,#3129,#3130,#3131,#3132,#3133,#3134,#3135)
    ,(#3136,#3137,#3138,#3139,#3140,#3141,#3142,#3143,#3144,#3145,#3146
    )),.UNSPECIFIED.,.F.,.F.,.F.,(2,2),(11,11),(0.,6.25E-02),(0.,
    6.303048278758),.PIECEWISE_BEZIER_KNOTS.);
#3125 = CARTESIAN_POINT('',(1.5,6.543614031686E-16,-3.03125));
#3126 = CARTESIAN_POINT('',(1.5,0.942420950886,-2.98125));
#3127 = CARTESIAN_POINT('',(0.842207570563,1.885386309583,
    -2.931250000001));
#3128 = CARTESIAN_POINT('',(-0.475205458198,2.307203621035,
    -2.881249999998));
#3129 = CARTESIAN_POINT('',(-1.978795827693,1.715959187776,
    -2.831250000002));
#3130 = CARTESIAN_POINT('',(-2.776408017538,-6.887823644774E-13,
    -2.781249999998));
#3131 = CARTESIAN_POINT('',(-1.978795827694,-1.715959187775,
    -2.731250000002));
#3132 = CARTESIAN_POINT('',(-0.475205458198,-2.307203621036,
    -2.681249999999));
#3133 = CARTESIAN_POINT('',(0.842207570563,-1.885386309583,
    -2.631250000001));
#3134 = CARTESIAN_POINT('',(1.5,-0.942420950886,-2.58125));
#3135 = CARTESIAN_POINT('',(1.5,-1.089195805293E-14,-2.53125));
#3136 = CARTESIAN_POINT('',(1.5,6.543614031686E-16,-2.96875));
#3137 = CARTESIAN_POINT('',(1.5,0.942420950886,-2.91875));
#3138 = CARTESIAN_POINT('',(0.842207570563,1.885386309583,
    -2.868750000001));
#3139 = CARTESIAN_POINT('',(-0.475205458198,2.307203621035,
    -2.818749999998));
#3140 = CARTESIAN_POINT('',(-1.978795827693,1.715959187776,
    -2.768750000003));
#3141 = CARTESIAN_POINT('',(-2.776408017538,-6.887823644774E-13,
    -2.718749999997));
#3142 = CARTESIAN_POINT('',(-1.978795827694,-1.715959187775,
    -2.668750000002));
#3143 = CARTESIAN_POINT('',(-0.475205458198,-2.307203621036,
    -2.618749999999));
#3144 = CARTESIAN_POINT('',(0.842207570563,-1.885386309583,
    -2.568750000001));
#3145 = CARTESIAN_POINT('',(1.5,-0.942420950886,-2.51875));
#3146 = CARTESIAN_POINT('',(1.5,-1.089195805293E-14,-2.46875));
#3147 = ADVANCED_FACE('',(#3148),#3243,.T.);
#3148 = FACE_BOUND('',#3149,.T.);
#3149 = EDGE_LOOP('',(#3150,#3151,#3152,#3242));
#3150 = ORIENTED_EDGE('',*,*,#3106,.F.);
#3151 = ORIENTED_EDGE('',*,*,#2629,.T.);
#3152 = ORIENTED_EDGE('',*,*,#3153,.T.);
#3153 = EDGE_CURVE('',#2538,#2726,#3154,.T.);
#3154 = B_SPLINE_CURVE_WITH_KNOTS('',6,(#3155,#3156,#3157,#3158,#3159,
    #3160,#3161,#3162,#3163,#3164,#3165,#3166,#3167,#3168,#3169,#3170,
    #3171,#3172,#3173,#3174,#3175,#3176,#3177,#3178,#3179,#3180,#3181,
    #3182,#3183,#3184,#3185,#3186,#3187,#3188,#3189,#3190,#3191,#3192,
    #3193,#3194,#3195,#3196,#3197,#3198,#3199,#3200,#3201,#3202,#3203,
    #3204,#3205,#3206,#3207,#3208,#3209,#3210,#3211,#3212,#3213,#3214,
    #3215,#3216,#3217,#3218,#3219,#3220,#3221,#3222,#3223,#3224,#3225,
    #3226,#3227,#3228,#3229,#3230,#3231,#3232,#3233,#3234,#3235,#3236,
    #3237,#3238,#3239,#3240,#3241),.UNSPECIFIED.,.F.,.F.,(7,5,5,5,5,5,5,
    5,5,5,5,5,5,5,5,5,5,7),(0.,5.243922902729E-02,0.13043888028,
    0.249600913735,0.265296204256,0.306117403629,0.362119638053,
    0.429968868806,0.499967724657,0.598547548654,0.630219803262,
    0.685222370728,0.737889603469,0.791658358016,0.842660457373,
    0.942570599981,0.971570337341,1.),.UNSPECIFIED.);
#3155 = CARTESIAN_POINT('',(1.229367061317,1.7763568394E-15,-2.8125));
#3156 = CARTESIAN_POINT('',(1.229367061317,6.750770702191E-02,
    -2.808130081699));
#3157 = CARTESIAN_POINT('',(1.224918574146,0.13501664454,-2.803759681009
    ));
#3158 = CARTESIAN_POINT('',(1.216021589199,0.202157871721,
    -2.799389328969));
#3159 = CARTESIAN_POINT('',(1.202716574398,0.268565908908,
    -2.795019379586));
#3160 = CARTESIAN_POINT('',(1.185083669669,0.333882161293,
    -2.790650006248));
#3161 = CARTESIAN_POINT('',(1.130753760811,0.49276965296,-2.779782904488
    ));
#3162 = CARTESIAN_POINT('',(1.088950852881,0.584602071137,
    -2.773285398685));
#3163 = CARTESIAN_POINT('',(1.038227503995,0.67210326448,-2.766789222007
    ));
#3164 = CARTESIAN_POINT('',(0.979158788338,0.75420310189,-2.760292715443
    ));
#3165 = CARTESIAN_POINT('',(0.912485244165,0.829938070576,
    -2.753794284369));
#3166 = CARTESIAN_POINT('',(0.72698147396,1.003182346034,-2.73736502817)
  );
#3167 = CARTESIAN_POINT('',(0.599147813,1.091136068794,-2.727428469653)
  );
#3168 = CARTESIAN_POINT('',(0.458809949961,1.159299634318,
    -2.717491001762));
#3169 = CARTESIAN_POINT('',(0.30983572483,1.205635055658,-2.707552782414
    ));
#3170 = CARTESIAN_POINT('',(0.156437595331,1.228984643439,
    -2.697613876671));
#3171 = CARTESIAN_POINT('',(-1.717063025741E-02,1.229413192218,
    -2.686373488221));
#3172 = CARTESIAN_POINT('',(-3.737690707754E-02,1.229064565962,
    -2.685065343023));
#3173 = CARTESIAN_POINT('',(-5.757434055194E-02,1.228317412833,
    -2.683757259676));
#3174 = CARTESIAN_POINT('',(-7.775311426113E-02,1.227172031146,
    -2.68244923863));
#3175 = CARTESIAN_POINT('',(-9.790342406552E-02,1.225629041751,
    -2.681141279752));
#3176 = CARTESIAN_POINT('',(-0.17032404587,1.218644626922,
    -2.676431728707));
#3177 = CARTESIAN_POINT('',(-0.222374349371,1.210916561906,
    -2.673030485222));
#3178 = CARTESIAN_POINT('',(-0.273993212768,1.200521971262,
    -2.669629629733));
#3179 = CARTESIAN_POINT('',(-0.325010734204,1.187492035942,
    -2.666229117332));
#3180 = CARTESIAN_POINT('',(-0.375260285802,1.171872339572,
    -2.662828880341));
#3181 = CARTESIAN_POINT('',(-0.492237744672,1.128823773077,
    -2.654764327662));
#3182 = CARTESIAN_POINT('',(-0.558146032506,1.099162736255,
    -2.650100096346));
#3183 = CARTESIAN_POINT('',(-0.621882175834,1.064894744365,
    -2.645436075148));
#3184 = CARTESIAN_POINT('',(-0.683046655861,1.026222728348,
    -2.640771933376));
#3185 = CARTESIAN_POINT('',(-0.741266326174,0.983394860709,
    -2.636107379004));
#3186 = CARTESIAN_POINT('',(-0.862752636733,0.880131168872,
    -2.62579071991));
#3187 = CARTESIAN_POINT('',(-0.924485012094,0.817883956455,
    -2.620138147436));
#3188 = CARTESIAN_POINT('',(-0.98078647768,0.750478686453,
    -2.614484958499));
#3189 = CARTESIAN_POINT('',(-1.031128326111,0.678513690869,
    -2.608830946588));
#3190 = CARTESIAN_POINT('',(-1.075071500532,0.602655790272,
    -2.603176070497));
#3191 = CARTESIAN_POINT('',(-1.150657604355,0.442098293529,
    -2.591686830928));
#3192 = CARTESIAN_POINT('',(-1.181869509595,0.357188713679,
    -2.585852020463));
#3193 = CARTESIAN_POINT('',(-1.205536812966,0.269695670524,
    -2.580017394438));
#3194 = CARTESIAN_POINT('',(-1.221406464498,0.180458569779,
    -2.574183030896));
#3195 = CARTESIAN_POINT('',(-1.229349994472,9.034458978064E-02,
    -2.56834891252));
#3196 = CARTESIAN_POINT('',(-1.229391043698,-0.12667282746,
    -2.554300379201));
#3197 = CARTESIAN_POINT('',(-1.213694709073,-0.253601259825,
    -2.546084988454));
#3198 = CARTESIAN_POINT('',(-1.182268950614,-0.37807356562,
    -2.537872250981));
#3199 = CARTESIAN_POINT('',(-1.135640229499,-0.49768543331,
    -2.52965995859));
#3200 = CARTESIAN_POINT('',(-1.074774081214,-0.610172017405,
    -2.521445372301));
#3201 = CARTESIAN_POINT('',(-0.977451876165,-0.746721980103,
    -2.510591553291));
#3202 = CARTESIAN_POINT('',(-0.952465259558,-0.778983933548,
    -2.507952191647));
#3203 = CARTESIAN_POINT('',(-0.92620408507,-0.81023815566,
    -2.505312680013));
#3204 = CARTESIAN_POINT('',(-0.89871945708,-0.840422149288,
    -2.502673010202));
#3205 = CARTESIAN_POINT('',(-0.87006651193,-0.869476949105,
    -2.500033182084));
#3206 = CARTESIAN_POINT('',(-0.78861906734,-0.945746929662,
    -2.492808572731));
#3207 = CARTESIAN_POINT('',(-0.733587626185,-0.990575046882,
    -2.488223417671));
#3208 = CARTESIAN_POINT('',(-0.675520503226,-1.031540854668,
    -2.483637924404));
#3209 = CARTESIAN_POINT('',(-0.614758918535,-1.068391832581,
    -2.479052148865));
#3210 = CARTESIAN_POINT('',(-0.551670754465,-1.100916242367,
    -2.474466206764));
#3211 = CARTESIAN_POINT('',(-0.424382904743,-1.155785283923,
    -2.465489424547));
#3212 = CARTESIAN_POINT('',(-0.360342482622,-1.178504227828,
    -2.461098448836));
#3213 = CARTESIAN_POINT('',(-0.294867765531,-1.196955043871,
    -2.456707842764));
#3214 = CARTESIAN_POINT('',(-0.228314958347,-1.211028950713,
    -2.452317732312));
#3215 = CARTESIAN_POINT('',(-0.161050023765,-1.22065690476,
    -2.447928195999));
#3216 = CARTESIAN_POINT('',(-2.442575244878E-02,-1.231071920601,
    -2.439058809265));
#3217 = CARTESIAN_POINT('',(4.494979312787E-02,-1.231670000272,
    -2.434578869735));
#3218 = CARTESIAN_POINT('',(0.114285964835,-1.22757462811,
    -2.430099769266));
#3219 = CARTESIAN_POINT('',(0.183186707993,-1.218800311652,
    -2.425621373237));
#3220 = CARTESIAN_POINT('',(0.251260056677,-1.205405814758,
    -2.421143444644));
#3221 = CARTESIAN_POINT('',(0.381544489608,-1.17050339599,-2.41241868033
    ));
#3222 = CARTESIAN_POINT('',(0.443878503121,-1.149448015676,
    -2.408171708712));
#3223 = CARTESIAN_POINT('',(0.504797352299,-1.124415251131,
    -2.403924849288));
#3224 = CARTESIAN_POINT('',(0.56398550199,-1.095526959506,-2.39967778657
    ));
#3225 = CARTESIAN_POINT('',(0.621142131145,-1.062937885443,
    -2.39543022226));
#3226 = CARTESIAN_POINT('',(0.783416702273,-0.956109500467,
    -2.382860293114));
#3227 = CARTESIAN_POINT('',(0.881987469075,-0.871884754902,
    -2.374534826898));
#3228 = CARTESIAN_POINT('',(0.96953321201,-0.77557298476,-2.366207536387
    ));
#3229 = CARTESIAN_POINT('',(1.044269640315,-0.669017237892,
    -2.357876856054));
#3230 = CARTESIAN_POINT('',(1.104793460574,-0.554362177217,
    -2.349545085299));
#3231 = CARTESIAN_POINT('',(1.163382123544,-0.399097883607,
    -2.338798926251));
#3232 = CARTESIAN_POINT('',(1.175289513586,-0.363689052054,
    -2.336381599029));
#3233 = CARTESIAN_POINT('',(1.185902179775,-0.327857995002,
    -2.333964450569));
#3234 = CARTESIAN_POINT('',(1.195201810802,-0.291663868985,
    -2.331547491819));
#3235 = CARTESIAN_POINT('',(1.203173714709,-0.255166842176,
    -2.329130708866));
#3236 = CARTESIAN_POINT('',(1.216309529999,-0.182411554197,
    -2.324344923249));
#3237 = CARTESIAN_POINT('',(1.221525592284,-0.146162551345,
    -2.321975914106));
#3238 = CARTESIAN_POINT('',(1.225444587469,-0.109738727189,
    -2.319606991002));
#3239 = CARTESIAN_POINT('',(1.228059568853,-7.319807372107E-02,
    -2.317238089909));
#3240 = CARTESIAN_POINT('',(1.229367061317,-3.659893356994E-02,
    -2.31486912727));
#3241 = CARTESIAN_POINT('',(1.229367061317,-5.573319583618E-14,-2.3125)
  );
#3242 = ORIENTED_EDGE('',*,*,#2725,.F.);
#3243 = B_SPLINE_SURFACE_WITH_KNOTS('',1,10,(
    (#3244,#3245,#3246,#3247,#3248,#3249,#3250,#3251,#3252,#3253,#3254)
    ,(#3255,#3256,#3257,#3258,#3259,#3260,#3261,#3262,#3263,#3264,#3265
    )),.UNSPECIFIED.,.F.,.F.,.F.,(2,2),(11,11),(0.,0.485705080757),(0.,
    6.303048278758),.PIECEWISE_BEZIER_KNOTS.);
#3244 = CARTESIAN_POINT('',(1.5,6.543614031686E-16,-2.96875));
#3245 = CARTESIAN_POINT('',(1.5,0.942420950886,-2.91875));
#3246 = CARTESIAN_POINT('',(0.842207570563,1.885386309583,
    -2.868750000001));
#3247 = CARTESIAN_POINT('',(-0.475205458198,2.307203621035,
    -2.818749999998));
#3248 = CARTESIAN_POINT('',(-1.978795827693,1.715959187776,
    -2.768750000003));
#3249 = CARTESIAN_POINT('',(-2.776408017538,-6.887823644774E-13,
    -2.718749999997));
#3250 = CARTESIAN_POINT('',(-1.978795827694,-1.715959187775,
    -2.668750000002));
#3251 = CARTESIAN_POINT('',(-0.475205458198,-2.307203621036,
    -2.618749999999));
#3252 = CARTESIAN_POINT('',(0.842207570563,-1.885386309583,
    -2.568750000001));
#3253 = CARTESIAN_POINT('',(1.5,-0.942420950886,-2.51875));
#3254 = CARTESIAN_POINT('',(1.5,-1.089195805293E-14,-2.46875));
#3255 = CARTESIAN_POINT('',(1.079367061317,5.965291944961E-16,
    -2.725897459622));
#3256 = CARTESIAN_POINT('',(1.079367061317,0.678186326072,
    -2.675897459621));
#3257 = CARTESIAN_POINT('',(0.606005523017,1.35635557525,-2.625897459622
    ));
#3258 = CARTESIAN_POINT('',(-0.341822337003,1.660956728036,
    -2.57589745962));
#3259 = CARTESIAN_POINT('',(-1.424167538763,1.234054792996,
    -2.525897459624));
#3260 = CARTESIAN_POINT('',(-1.997498119666,3.566036355096E-13,
    -2.475897459619));
#3261 = CARTESIAN_POINT('',(-1.424167538763,-1.234054792997,
    -2.425897459623));
#3262 = CARTESIAN_POINT('',(-0.341822337002,-1.660956728035,
    -2.37589745962));
#3263 = CARTESIAN_POINT('',(0.606005523017,-1.35635557525,
    -2.325897459622));
#3264 = CARTESIAN_POINT('',(1.079367061317,-0.678186326072,
    -2.275897459621));
#3265 = CARTESIAN_POINT('',(1.079367061317,-1.006161184191E-14,
    -2.225897459622));
#3266 = ADVANCED_FACE('',(#3267),#3273,.T.);
#3267 = FACE_BOUND('',#3268,.T.);
#3268 = EDGE_LOOP('',(#3269,#3270,#3271,#3272));
#3269 = ORIENTED_EDGE('',*,*,#3063,.F.);
#3270 = ORIENTED_EDGE('',*,*,#3120,.T.);
#3271 = ORIENTED_EDGE('',*,*,#2709,.T.);
#3272 = ORIENTED_EDGE('',*,*,#2676,.F.);
#3273 = B_SPLINE_SURFACE_WITH_KNOTS('',1,10,(
    (#3274,#3275,#3276,#3277,#3278,#3279,#3280,#3281,#3282,#3283,#3284)
    ,(#3285,#3286,#3287,#3288,#3289,#3290,#3291,#3292,#3293,#3294,#3295
    )),.UNSPECIFIED.,.F.,.F.,.F.,(2,2),(11,11),(0.,6.25E-02),(0.,
    6.303048278758),.PIECEWISE_BEZIER_KNOTS.);
#3274 = CARTESIAN_POINT('',(1.5,6.543614031686E-16,-2.53125));
#3275 = CARTESIAN_POINT('',(1.5,0.942420950886,-2.48125));
#3276 = CARTESIAN_POINT('',(0.842207570563,1.885386309583,
    -2.431250000001));
#3277 = CARTESIAN_POINT('',(-0.475205458198,2.307203621035,
    -2.381249999998));
#3278 = CARTESIAN_POINT('',(-1.978795827693,1.715959187776,
    -2.331250000002));
#3279 = CARTESIAN_POINT('',(-2.776408017538,-6.887823644774E-13,
    -2.281249999998));
#3280 = CARTESIAN_POINT('',(-1.978795827694,-1.715959187775,
    -2.231250000002));
#3281 = CARTESIAN_POINT('',(-0.475205458198,-2.307203621036,
    -2.181249999999));
#3282 = CARTESIAN_POINT('',(0.842207570563,-1.885386309583,
    -2.131250000001));
#3283 = CARTESIAN_POINT('',(1.5,-0.942420950886,-2.08125));
#3284 = CARTESIAN_POINT('',(1.5,-1.089195805293E-14,-2.03125));
#3285 = CARTESIAN_POINT('',(1.5,6.543614031686E-16,-2.46875));
#3286 = CARTESIAN_POINT('',(1.5,0.942420950886,-2.41875));
#3287 = CARTESIAN_POINT('',(0.842207570563,1.885386309583,
    -2.368750000001));
#3288 = CARTESIAN_POINT('',(-0.475205458198,2.307203621035,
    -2.318749999998));
#3289 = CARTESIAN_POINT('',(-1.978795827693,1.715959187776,
    -2.268750000003));
#3290 = CARTESIAN_POINT('',(-2.776408017538,-6.887823644774E-13,
    -2.218749999997));
#3291 = CARTESIAN_POINT('',(-1.978795827694,-1.715959187775,
    -2.168750000002));
#3292 = CARTESIAN_POINT('',(-0.475205458198,-2.307203621036,
    -2.118749999999));
#3293 = CARTESIAN_POINT('',(0.842207570563,-1.885386309583,
    -2.068750000001));
#3294 = CARTESIAN_POINT('',(1.5,-0.942420950886,-2.01875));
#3295 = CARTESIAN_POINT('',(1.5,-1.089195805293E-14,-1.96875));
#3296 = ADVANCED_FACE('',(#3297),#3317,.F.);
#3297 = FACE_BOUND('',#3298,.F.);
#3298 = EDGE_LOOP('',(#3299,#3300,#3301,#3302,#3303,#3304,#3305,#3306,
    #3307,#3308,#3309,#3310,#3311,#3312,#3313,#3314,#3315,#3316));
#3299 = ORIENTED_EDGE('',*,*,#1911,.T.);
#3300 = ORIENTED_EDGE('',*,*,#2537,.T.);
#3301 = ORIENTED_EDGE('',*,*,#3153,.T.);
#3302 = ORIENTED_EDGE('',*,*,#2732,.T.);
#3303 = ORIENTED_EDGE('',*,*,#2106,.T.);
#3304 = ORIENTED_EDGE('',*,*,#1480,.T.);
#3305 = ORIENTED_EDGE('',*,*,#708,.T.);
#3306 = ORIENTED_EDGE('',*,*,#518,.F.);
#3307 = ORIENTED_EDGE('',*,*,#831,.F.);
#3308 = ORIENTED_EDGE('',*,*,#1597,.F.);
#3309 = ORIENTED_EDGE('',*,*,#2223,.F.);
#3310 = ORIENTED_EDGE('',*,*,#2849,.F.);
#3311 = ORIENTED_EDGE('',*,*,#2973,.F.);
#3312 = ORIENTED_EDGE('',*,*,#2347,.F.);
#3313 = ORIENTED_EDGE('',*,*,#1721,.F.);
#3314 = ORIENTED_EDGE('',*,*,#1046,.F.);
#3315 = ORIENTED_EDGE('',*,*,#668,.T.);
#3316 = ORIENTED_EDGE('',*,*,#1209,.T.);
#3317 = CYLINDRICAL_SURFACE('',#3318,1.229367061317);
#3318 = AXIS2_PLACEMENT_3D('',#3319,#3320,#3321);
#3319 = CARTESIAN_POINT('',(0.,0.,-4.5));
#3320 = DIRECTION('',(0.,0.,1.));
#3321 = DIRECTION('',(1.,0.,0.));
#3322 = ( GEOMETRIC_REPRESENTATION_CONTEXT(3) 
GLOBAL_UNCERTAINTY_ASSIGNED_CONTEXT((#3326)) 
GLOBAL_UNIT_ASSIGNED_CONTEXT((#3323,#3324,#3325)) REPRESENTATION_CONTEXT
('Context #1','3D Context with UNIT and UNCERTAINTY') );
#3323 = ( LENGTH_UNIT() NAMED_UNIT(*) SI_UNIT(.MILLI.,.METRE.) );
#3324 = ( NAMED_UNIT(*) PLANE_ANGLE_UNIT() SI_UNIT($,.RADIAN.) );
#3325 = ( NAMED_UNIT(*) SI_UNIT($,.STERADIAN.) SOLID_ANGLE_UNIT() );
#3326 = UNCERTAINTY_MEASURE_WITH_UNIT(LENGTH_MEASURE(1.E-05),#3323,
  'distance_accuracy_value','confusion accuracy');
#3327 = PRODUCT_RELATED_PRODUCT_CATEGORY('part',$,(#7));
ENDSEC;
END-ISO-10303-21;
