ISO-10303-21;
HEADER;
FILE_DESCRIPTION(('FreeCAD Model'),'2;1');
FILE_NAME('Open CASCADE Shape Model','2026-10-06T09:54:29',('FreeCAD'),(
    'FreeCAD'),'Open CASCADE STEP processor 7.8','FreeCAD','Unknown');
FILE_SCHEMA(('AUTOMOTIVE_DESIGN { 1 0 10303 214 1 1 1 1 }'));
ENDSEC;
DATA;
#1 = APPLICATION_PROTOCOL_DEFINITION('international standard',
  'automotive_design',2000,#2);
#2 = APPLICATION_CONTEXT(
  'core data for automotive mechanical design processes');
#3 = SHAPE_DEFINITION_REPRESENTATION(#4,#10);
#4 = PRODUCT_DEFINITION_SHAPE('','',#5);
#5 = PRODUCT_DEFINITION('design','',#6,#9);
#6 = PRODUCT_DEFINITION_FORMATION('','',#7);
#7 = PRODUCT('Open CASCADE STEP translator 7.8 2',
  'Open CASCADE STEP translator 7.8 2','',(#8));
#8 = PRODUCT_CONTEXT('',#2,'mechanical');
#9 = PRODUCT_DEFINITION_CONTEXT('part definition',#2,'design');
#10 = ADVANCED_BREP_SHAPE_REPRESENTATION('',(#11,#15),#2359);
#11 = AXIS2_PLACEMENT_3D('',#12,#13,#14);
#12 = CARTESIAN_POINT('',(0.,0.,0.));
#13 = DIRECTION('',(0.,0.,1.));
#14 = DIRECTION('',(1.,0.,-0.));
#15 = MANIFOLD_SOLID_BREP('',#16);
#16 = CLOSED_SHELL('',(#17,#57,#88,#160,#195,#260,#277,#294,#322,#339,
    #356,#373,#385,#552,#673,#831,#989,#1031,#1078,#1107,#1265,#1410,
    #1457,#1486,#1520,#1665,#1816,#1959,#2008,#2138,#2172,#2309,#2339));
#17 = ADVANCED_FACE('',(#18),#52,.F.);
#18 = FACE_BOUND('',#19,.F.);
#19 = EDGE_LOOP('',(#20,#30,#38,#46));
#20 = ORIENTED_EDGE('',*,*,#21,.F.);
#21 = EDGE_CURVE('',#22,#24,#26,.T.);
#22 = VERTEX_POINT('',#23);
#23 = CARTESIAN_POINT('',(-5.,-3.,-1.5));
#24 = VERTEX_POINT('',#25);
#25 = CARTESIAN_POINT('',(5.,-3.,-1.5));
#26 = LINE('',#27,#28);
#27 = CARTESIAN_POINT('',(-5.,-3.,-1.5));
#28 = VECTOR('',#29,1.);
#29 = DIRECTION('',(1.,0.,0.));
#30 = ORIENTED_EDGE('',*,*,#31,.T.);
#31 = EDGE_CURVE('',#22,#32,#34,.T.);
#32 = VERTEX_POINT('',#33);
#33 = CARTESIAN_POINT('',(-5.,-3.,0.));
#34 = LINE('',#35,#36);
#35 = CARTESIAN_POINT('',(-5.,-3.,-1.5));
#36 = VECTOR('',#37,1.);
#37 = DIRECTION('',(0.,0.,1.));
#38 = ORIENTED_EDGE('',*,*,#39,.T.);
#39 = EDGE_CURVE('',#32,#40,#42,.T.);
#40 = VERTEX_POINT('',#41);
#41 = CARTESIAN_POINT('',(5.,-3.,0.));
#42 = LINE('',#43,#44);
#43 = CARTESIAN_POINT('',(-5.,-3.,0.));
#44 = VECTOR('',#45,1.);
#45 = DIRECTION('',(1.,0.,0.));
#46 = ORIENTED_EDGE('',*,*,#47,.F.);
#47 = EDGE_CURVE('',#24,#40,#48,.T.);
#48 = LINE('',#49,#50);
#49 = CARTESIAN_POINT('',(5.,-3.,-1.5));
#50 = VECTOR('',#51,1.);
#51 = DIRECTION('',(0.,0.,1.));
#52 = PLANE('',#53);
#53 = AXIS2_PLACEMENT_3D('',#54,#55,#56);
#54 = CARTESIAN_POINT('',(-5.,-3.,-1.5));
#55 = DIRECTION('',(0.,1.,0.));
#56 = DIRECTION('',(0.,0.,1.));
#57 = ADVANCED_FACE('',(#58),#83,.T.);
#58 = FACE_BOUND('',#59,.T.);
#59 = EDGE_LOOP('',(#60,#68,#76,#82));
#60 = ORIENTED_EDGE('',*,*,#61,.F.);
#61 = EDGE_CURVE('',#62,#22,#64,.T.);
#62 = VERTEX_POINT('',#63);
#63 = CARTESIAN_POINT('',(-5.,-4.5,-1.5));
#64 = LINE('',#65,#66);
#65 = CARTESIAN_POINT('',(-5.,-4.5,-1.5));
#66 = VECTOR('',#67,1.);
#67 = DIRECTION('',(0.,1.,0.));
#68 = ORIENTED_EDGE('',*,*,#69,.T.);
#69 = EDGE_CURVE('',#62,#70,#72,.T.);
#70 = VERTEX_POINT('',#71);
#71 = CARTESIAN_POINT('',(5.,-4.5,-1.5));
#72 = LINE('',#73,#74);
#73 = CARTESIAN_POINT('',(-5.,-4.5,-1.5));
#74 = VECTOR('',#75,1.);
#75 = DIRECTION('',(1.,0.,0.));
#76 = ORIENTED_EDGE('',*,*,#77,.T.);
#77 = EDGE_CURVE('',#70,#24,#78,.T.);
#78 = LINE('',#79,#80);
#79 = CARTESIAN_POINT('',(5.,-4.5,-1.5));
#80 = VECTOR('',#81,1.);
#81 = DIRECTION('',(0.,1.,0.));
#82 = ORIENTED_EDGE('',*,*,#21,.F.);
#83 = PLANE('',#84);
#84 = AXIS2_PLACEMENT_3D('',#85,#86,#87);
#85 = CARTESIAN_POINT('',(-5.,-4.5,-1.5));
#86 = DIRECTION('',(0.,0.,1.));
#87 = DIRECTION('',(1.,0.,0.));
#88 = ADVANCED_FACE('',(#89),#155,.T.);
#89 = FACE_BOUND('',#90,.T.);
#90 = EDGE_LOOP('',(#91,#92,#93,#101,#109,#117,#125,#133,#141,#149));
#91 = ORIENTED_EDGE('',*,*,#47,.F.);
#92 = ORIENTED_EDGE('',*,*,#77,.F.);
#93 = ORIENTED_EDGE('',*,*,#94,.F.);
#94 = EDGE_CURVE('',#95,#70,#97,.T.);
#95 = VERTEX_POINT('',#96);
#96 = CARTESIAN_POINT('',(5.,-4.5,-3.3));
#97 = LINE('',#98,#99);
#98 = CARTESIAN_POINT('',(5.,-4.5,-4.5));
#99 = VECTOR('',#100,1.);
#100 = DIRECTION('',(0.,0.,1.));
#101 = ORIENTED_EDGE('',*,*,#102,.T.);
#102 = EDGE_CURVE('',#95,#103,#105,.T.);
#103 = VERTEX_POINT('',#104);
#104 = CARTESIAN_POINT('',(5.,-3.3,-4.5));
#105 = LINE('',#106,#107);
#106 = CARTESIAN_POINT('',(5.,-3.9,-3.9));
#107 = VECTOR('',#108,1.);
#108 = DIRECTION('',(0.,0.707106781187,-0.707106781187));
#109 = ORIENTED_EDGE('',*,*,#110,.T.);
#110 = EDGE_CURVE('',#103,#111,#113,.T.);
#111 = VERTEX_POINT('',#112);
#112 = CARTESIAN_POINT('',(5.,3.3,-4.5));
#113 = LINE('',#114,#115);
#114 = CARTESIAN_POINT('',(5.,-4.5,-4.5));
#115 = VECTOR('',#116,1.);
#116 = DIRECTION('',(0.,1.,0.));
#117 = ORIENTED_EDGE('',*,*,#118,.F.);
#118 = EDGE_CURVE('',#119,#111,#121,.T.);
#119 = VERTEX_POINT('',#120);
#120 = CARTESIAN_POINT('',(5.,4.5,-3.3));
#121 = LINE('',#122,#123);
#122 = CARTESIAN_POINT('',(5.,1.65,-6.15));
#123 = VECTOR('',#124,1.);
#124 = DIRECTION('',(0.,-0.707106781187,-0.707106781187));
#125 = ORIENTED_EDGE('',*,*,#126,.T.);
#126 = EDGE_CURVE('',#119,#127,#129,.T.);
#127 = VERTEX_POINT('',#128);
#128 = CARTESIAN_POINT('',(5.,4.5,-1.5));
#129 = LINE('',#130,#131);
#130 = CARTESIAN_POINT('',(5.,4.5,-4.5));
#131 = VECTOR('',#132,1.);
#132 = DIRECTION('',(0.,0.,1.));
#133 = ORIENTED_EDGE('',*,*,#134,.F.);
#134 = EDGE_CURVE('',#135,#127,#137,.T.);
#135 = VERTEX_POINT('',#136);
#136 = CARTESIAN_POINT('',(5.,3.,-1.5));
#137 = LINE('',#138,#139);
#138 = CARTESIAN_POINT('',(5.,-4.5,-1.5));
#139 = VECTOR('',#140,1.);
#140 = DIRECTION('',(0.,1.,0.));
#141 = ORIENTED_EDGE('',*,*,#142,.T.);
#142 = EDGE_CURVE('',#135,#143,#145,.T.);
#143 = VERTEX_POINT('',#144);
#144 = CARTESIAN_POINT('',(5.,3.,0.));
#145 = LINE('',#146,#147);
#146 = CARTESIAN_POINT('',(5.,3.,-1.5));
#147 = VECTOR('',#148,1.);
#148 = DIRECTION('',(0.,0.,1.));
#149 = ORIENTED_EDGE('',*,*,#150,.F.);
#150 = EDGE_CURVE('',#40,#143,#151,.T.);
#151 = LINE('',#152,#153);
#152 = CARTESIAN_POINT('',(5.,-3.,0.));
#153 = VECTOR('',#154,1.);
#154 = DIRECTION('',(0.,1.,0.));
#155 = PLANE('',#156);
#156 = AXIS2_PLACEMENT_3D('',#157,#158,#159);
#157 = CARTESIAN_POINT('',(5.,2.776196027037E-16,-2.278924062343));
#158 = DIRECTION('',(1.,0.,0.));
#159 = DIRECTION('',(0.,0.,1.));
#160 = ADVANCED_FACE('',(#161,#179),#190,.T.);
#161 = FACE_BOUND('',#162,.T.);
#162 = EDGE_LOOP('',(#163,#171,#172,#173));
#163 = ORIENTED_EDGE('',*,*,#164,.F.);
#164 = EDGE_CURVE('',#32,#165,#167,.T.);
#165 = VERTEX_POINT('',#166);
#166 = CARTESIAN_POINT('',(-5.,3.,0.));
#167 = LINE('',#168,#169);
#168 = CARTESIAN_POINT('',(-5.,-3.,0.));
#169 = VECTOR('',#170,1.);
#170 = DIRECTION('',(0.,1.,0.));
#171 = ORIENTED_EDGE('',*,*,#39,.T.);
#172 = ORIENTED_EDGE('',*,*,#150,.T.);
#173 = ORIENTED_EDGE('',*,*,#174,.F.);
#174 = EDGE_CURVE('',#165,#143,#175,.T.);
#175 = LINE('',#176,#177);
#176 = CARTESIAN_POINT('',(-5.,3.,0.));
#177 = VECTOR('',#178,1.);
#178 = DIRECTION('',(1.,0.,0.));
#179 = FACE_BOUND('',#180,.T.);
#180 = EDGE_LOOP('',(#181));
#181 = ORIENTED_EDGE('',*,*,#182,.T.);
#182 = EDGE_CURVE('',#183,#183,#185,.T.);
#183 = VERTEX_POINT('',#184);
#184 = CARTESIAN_POINT('',(-2.9,-7.102951435055E-16,0.));
#185 = CIRCLE('',#186,2.9);
#186 = AXIS2_PLACEMENT_3D('',#187,#188,#189);
#187 = CARTESIAN_POINT('',(0.,0.,0.));
#188 = DIRECTION('',(0.,0.,-1.));
#189 = DIRECTION('',(-1.,0.,0.));
#190 = PLANE('',#191);
#191 = AXIS2_PLACEMENT_3D('',#192,#193,#194);
#192 = CARTESIAN_POINT('',(-5.,-3.,0.));
#193 = DIRECTION('',(0.,0.,1.));
#194 = DIRECTION('',(1.,0.,0.));
#195 = ADVANCED_FACE('',(#196),#255,.T.);
#196 = FACE_BOUND('',#197,.T.);
#197 = EDGE_LOOP('',(#198,#199,#200,#208,#216,#224,#232,#240,#248,#254)
  );
#198 = ORIENTED_EDGE('',*,*,#31,.T.);
#199 = ORIENTED_EDGE('',*,*,#164,.T.);
#200 = ORIENTED_EDGE('',*,*,#201,.F.);
#201 = EDGE_CURVE('',#202,#165,#204,.T.);
#202 = VERTEX_POINT('',#203);
#203 = CARTESIAN_POINT('',(-5.,3.,-1.5));
#204 = LINE('',#205,#206);
#205 = CARTESIAN_POINT('',(-5.,3.,-1.5));
#206 = VECTOR('',#207,1.);
#207 = DIRECTION('',(0.,0.,1.));
#208 = ORIENTED_EDGE('',*,*,#209,.T.);
#209 = EDGE_CURVE('',#202,#210,#212,.T.);
#210 = VERTEX_POINT('',#211);
#211 = CARTESIAN_POINT('',(-5.,4.5,-1.5));
#212 = LINE('',#213,#214);
#213 = CARTESIAN_POINT('',(-5.,-4.5,-1.5));
#214 = VECTOR('',#215,1.);
#215 = DIRECTION('',(0.,1.,0.));
#216 = ORIENTED_EDGE('',*,*,#217,.F.);
#217 = EDGE_CURVE('',#218,#210,#220,.T.);
#218 = VERTEX_POINT('',#219);
#219 = CARTESIAN_POINT('',(-5.,4.5,-3.3));
#220 = LINE('',#221,#222);
#221 = CARTESIAN_POINT('',(-5.,4.5,-4.5));
#222 = VECTOR('',#223,1.);
#223 = DIRECTION('',(0.,0.,1.));
#224 = ORIENTED_EDGE('',*,*,#225,.T.);
#225 = EDGE_CURVE('',#218,#226,#228,.T.);
#226 = VERTEX_POINT('',#227);
#227 = CARTESIAN_POINT('',(-5.,3.3,-4.5));
#228 = LINE('',#229,#230);
#229 = CARTESIAN_POINT('',(-5.,1.65,-6.15));
#230 = VECTOR('',#231,1.);
#231 = DIRECTION('',(0.,-0.707106781187,-0.707106781187));
#232 = ORIENTED_EDGE('',*,*,#233,.F.);
#233 = EDGE_CURVE('',#234,#226,#236,.T.);
#234 = VERTEX_POINT('',#235);
#235 = CARTESIAN_POINT('',(-5.,-3.3,-4.5));
#236 = LINE('',#237,#238);
#237 = CARTESIAN_POINT('',(-5.,-4.5,-4.5));
#238 = VECTOR('',#239,1.);
#239 = DIRECTION('',(0.,1.,0.));
#240 = ORIENTED_EDGE('',*,*,#241,.F.);
#241 = EDGE_CURVE('',#242,#234,#244,.T.);
#242 = VERTEX_POINT('',#243);
#243 = CARTESIAN_POINT('',(-5.,-4.5,-3.3));
#244 = LINE('',#245,#246);
#245 = CARTESIAN_POINT('',(-5.,-3.9,-3.9));
#246 = VECTOR('',#247,1.);
#247 = DIRECTION('',(0.,0.707106781187,-0.707106781187));
#248 = ORIENTED_EDGE('',*,*,#249,.T.);
#249 = EDGE_CURVE('',#242,#62,#250,.T.);
#250 = LINE('',#251,#252);
#251 = CARTESIAN_POINT('',(-5.,-4.5,-4.5));
#252 = VECTOR('',#253,1.);
#253 = DIRECTION('',(0.,0.,1.));
#254 = ORIENTED_EDGE('',*,*,#61,.T.);
#255 = PLANE('',#256);
#256 = AXIS2_PLACEMENT_3D('',#257,#258,#259);
#257 = CARTESIAN_POINT('',(-5.,2.082147020278E-16,-2.278924062343));
#258 = DIRECTION('',(-1.,-0.,-0.));
#259 = DIRECTION('',(0.,0.,-1.));
#260 = ADVANCED_FACE('',(#261),#272,.F.);
#261 = FACE_BOUND('',#262,.F.);
#262 = EDGE_LOOP('',(#263,#264,#270,#271));
#263 = ORIENTED_EDGE('',*,*,#94,.F.);
#264 = ORIENTED_EDGE('',*,*,#265,.F.);
#265 = EDGE_CURVE('',#242,#95,#266,.T.);
#266 = LINE('',#267,#268);
#267 = CARTESIAN_POINT('',(-5.,-4.5,-3.3));
#268 = VECTOR('',#269,1.);
#269 = DIRECTION('',(1.,0.,0.));
#270 = ORIENTED_EDGE('',*,*,#249,.T.);
#271 = ORIENTED_EDGE('',*,*,#69,.T.);
#272 = PLANE('',#273);
#273 = AXIS2_PLACEMENT_3D('',#274,#275,#276);
#274 = CARTESIAN_POINT('',(-5.,-4.5,-4.5));
#275 = DIRECTION('',(0.,1.,0.));
#276 = DIRECTION('',(0.,0.,1.));
#277 = ADVANCED_FACE('',(#278),#289,.T.);
#278 = FACE_BOUND('',#279,.F.);
#279 = EDGE_LOOP('',(#280,#281,#282,#283));
#280 = ORIENTED_EDGE('',*,*,#241,.F.);
#281 = ORIENTED_EDGE('',*,*,#265,.T.);
#282 = ORIENTED_EDGE('',*,*,#102,.T.);
#283 = ORIENTED_EDGE('',*,*,#284,.F.);
#284 = EDGE_CURVE('',#234,#103,#285,.T.);
#285 = LINE('',#286,#287);
#286 = CARTESIAN_POINT('',(-5.,-3.3,-4.5));
#287 = VECTOR('',#288,1.);
#288 = DIRECTION('',(1.,0.,0.));
#289 = PLANE('',#290);
#290 = AXIS2_PLACEMENT_3D('',#291,#292,#293);
#291 = CARTESIAN_POINT('',(-5.,-3.9,-3.9));
#292 = DIRECTION('',(0.,-0.707106781187,-0.707106781187));
#293 = DIRECTION('',(-1.,-0.,-0.));
#294 = ADVANCED_FACE('',(#295,#306),#317,.F.);
#295 = FACE_BOUND('',#296,.F.);
#296 = EDGE_LOOP('',(#297,#298,#299,#300));
#297 = ORIENTED_EDGE('',*,*,#233,.F.);
#298 = ORIENTED_EDGE('',*,*,#284,.T.);
#299 = ORIENTED_EDGE('',*,*,#110,.T.);
#300 = ORIENTED_EDGE('',*,*,#301,.F.);
#301 = EDGE_CURVE('',#226,#111,#302,.T.);
#302 = LINE('',#303,#304);
#303 = CARTESIAN_POINT('',(-5.,3.3,-4.5));
#304 = VECTOR('',#305,1.);
#305 = DIRECTION('',(1.,0.,0.));
#306 = FACE_BOUND('',#307,.F.);
#307 = EDGE_LOOP('',(#308));
#308 = ORIENTED_EDGE('',*,*,#309,.F.);
#309 = EDGE_CURVE('',#310,#310,#312,.T.);
#310 = VERTEX_POINT('',#311);
#311 = CARTESIAN_POINT('',(2.9,-7.102951435055E-16,-4.5));
#312 = CIRCLE('',#313,2.9);
#313 = AXIS2_PLACEMENT_3D('',#314,#315,#316);
#314 = CARTESIAN_POINT('',(0.,0.,-4.5));
#315 = DIRECTION('',(0.,0.,1.));
#316 = DIRECTION('',(1.,0.,0.));
#317 = PLANE('',#318);
#318 = AXIS2_PLACEMENT_3D('',#319,#320,#321);
#319 = CARTESIAN_POINT('',(-5.,-4.5,-4.5));
#320 = DIRECTION('',(0.,0.,1.));
#321 = DIRECTION('',(1.,0.,0.));
#322 = ADVANCED_FACE('',(#323),#334,.F.);
#323 = FACE_BOUND('',#324,.T.);
#324 = EDGE_LOOP('',(#325,#326,#332,#333));
#325 = ORIENTED_EDGE('',*,*,#225,.F.);
#326 = ORIENTED_EDGE('',*,*,#327,.T.);
#327 = EDGE_CURVE('',#218,#119,#328,.T.);
#328 = LINE('',#329,#330);
#329 = CARTESIAN_POINT('',(-5.,4.5,-3.3));
#330 = VECTOR('',#331,1.);
#331 = DIRECTION('',(1.,0.,0.));
#332 = ORIENTED_EDGE('',*,*,#118,.T.);
#333 = ORIENTED_EDGE('',*,*,#301,.F.);
#334 = PLANE('',#335);
#335 = AXIS2_PLACEMENT_3D('',#336,#337,#338);
#336 = CARTESIAN_POINT('',(-5.,3.9,-3.9));
#337 = DIRECTION('',(0.,-0.707106781187,0.707106781187));
#338 = DIRECTION('',(-1.,-0.,-0.));
#339 = ADVANCED_FACE('',(#340),#351,.T.);
#340 = FACE_BOUND('',#341,.T.);
#341 = EDGE_LOOP('',(#342,#343,#344,#345));
#342 = ORIENTED_EDGE('',*,*,#126,.F.);
#343 = ORIENTED_EDGE('',*,*,#327,.F.);
#344 = ORIENTED_EDGE('',*,*,#217,.T.);
#345 = ORIENTED_EDGE('',*,*,#346,.T.);
#346 = EDGE_CURVE('',#210,#127,#347,.T.);
#347 = LINE('',#348,#349);
#348 = CARTESIAN_POINT('',(-5.,4.5,-1.5));
#349 = VECTOR('',#350,1.);
#350 = DIRECTION('',(1.,0.,0.));
#351 = PLANE('',#352);
#352 = AXIS2_PLACEMENT_3D('',#353,#354,#355);
#353 = CARTESIAN_POINT('',(-5.,4.5,-4.5));
#354 = DIRECTION('',(0.,1.,0.));
#355 = DIRECTION('',(0.,0.,1.));
#356 = ADVANCED_FACE('',(#357),#368,.T.);
#357 = FACE_BOUND('',#358,.T.);
#358 = EDGE_LOOP('',(#359,#360,#366,#367));
#359 = ORIENTED_EDGE('',*,*,#209,.F.);
#360 = ORIENTED_EDGE('',*,*,#361,.T.);
#361 = EDGE_CURVE('',#202,#135,#362,.T.);
#362 = LINE('',#363,#364);
#363 = CARTESIAN_POINT('',(-5.,3.,-1.5));
#364 = VECTOR('',#365,1.);
#365 = DIRECTION('',(1.,0.,0.));
#366 = ORIENTED_EDGE('',*,*,#134,.T.);
#367 = ORIENTED_EDGE('',*,*,#346,.F.);
#368 = PLANE('',#369);
#369 = AXIS2_PLACEMENT_3D('',#370,#371,#372);
#370 = CARTESIAN_POINT('',(-5.,-4.5,-1.5));
#371 = DIRECTION('',(0.,0.,1.));
#372 = DIRECTION('',(1.,0.,0.));
#373 = ADVANCED_FACE('',(#374),#380,.T.);
#374 = FACE_BOUND('',#375,.T.);
#375 = EDGE_LOOP('',(#376,#377,#378,#379));
#376 = ORIENTED_EDGE('',*,*,#361,.F.);
#377 = ORIENTED_EDGE('',*,*,#201,.T.);
#378 = ORIENTED_EDGE('',*,*,#174,.T.);
#379 = ORIENTED_EDGE('',*,*,#142,.F.);
#380 = PLANE('',#381);
#381 = AXIS2_PLACEMENT_3D('',#382,#383,#384);
#382 = CARTESIAN_POINT('',(-5.,3.,-1.5));
#383 = DIRECTION('',(0.,1.,0.));
#384 = DIRECTION('',(0.,0.,1.));
#385 = ADVANCED_FACE('',(#386),#547,.F.);
#386 = FACE_BOUND('',#387,.F.);
#387 = EDGE_LOOP('',(#388,#417,#423,#424,#425,#472,#484,#503,#520,#531,
    #540));
#388 = ORIENTED_EDGE('',*,*,#389,.T.);
#389 = EDGE_CURVE('',#390,#392,#394,.T.);
#390 = VERTEX_POINT('',#391);
#391 = CARTESIAN_POINT('',(0.530084814991,1.997860508926,-0.833012693747
    ));
#392 = VERTEX_POINT('',#393);
#393 = CARTESIAN_POINT('',(-2.214710900618,-5.424477230957E-16,
    -0.685289099382));
#394 = B_SPLINE_CURVE_WITH_KNOTS('',6,(#395,#396,#397,#398,#399,#400,
    #401,#402,#403,#404,#405,#406,#407,#408,#409,#410,#411,#412,#413,
    #414,#415,#416),.UNSPECIFIED.,.F.,.F.,(7,5,5,5,7),(0.,0.253468680984
    ,0.49803689014,0.748631399672,1.),.UNSPECIFIED.);
#395 = CARTESIAN_POINT('',(0.530896218188,1.997610738538,-0.83304585024)
  );
#396 = CARTESIAN_POINT('',(0.374305301661,2.04584801908,-0.826647167317)
  );
#397 = CARTESIAN_POINT('',(0.212922036238,2.079239097448,-0.820264542191
    ));
#398 = CARTESIAN_POINT('',(4.855106961851E-02,2.097225263922,
    -0.81389974928));
#399 = CARTESIAN_POINT('',(-0.116970130654,2.099565656216,
    -0.807552512634));
#400 = CARTESIAN_POINT('',(-0.281800265953,2.086283751004,
    -0.801222002194));
#401 = CARTESIAN_POINT('',(-0.600727310129,2.030140270112,
    -0.788817404001));
#402 = CARTESIAN_POINT('',(-0.755021856036,1.988329522924,
    -0.782741195307));
#403 = CARTESIAN_POINT('',(-0.90535988766,1.932566702382,-0.776680673003
    ));
#404 = CARTESIAN_POINT('',(-1.050199568308,1.863389654292,
    -0.770634560757));
#405 = CARTESIAN_POINT('',(-1.188096048029,1.781537636437,
    -0.764601734406));
#406 = CARTESIAN_POINT('',(-1.4505577077,1.592104969803,-0.752415358684)
  );
#407 = CARTESIAN_POINT('',(-1.574730184728,1.483925948817,
    -0.746261601849));
#408 = CARTESIAN_POINT('',(-1.688823740501,1.364466355197,
    -0.740121947719));
#409 = CARTESIAN_POINT('',(-1.791623920296,1.234950278411,
    -0.733995640844));
#410 = CARTESIAN_POINT('',(-1.882103168541,1.09674904811,-0.727882367007
    ));
#411 = CARTESIAN_POINT('',(-2.0370554158,0.805584041571,-0.715665528935)
  );
#412 = CARTESIAN_POINT('',(-2.101458709188,0.65255436306,-0.709561158073
    ));
#413 = CARTESIAN_POINT('',(-2.151854398561,0.493839151425,
    -0.703471450266));
#414 = CARTESIAN_POINT('',(-2.187695772417,0.331056466758,
    -0.697396210337));
#415 = CARTESIAN_POINT('',(-2.208664870739,0.165873715803,-0.69133512926
    ));
#416 = CARTESIAN_POINT('',(-2.214710900618,-6.008937194454E-16,
    -0.685289099382));
#417 = ORIENTED_EDGE('',*,*,#418,.F.);
#418 = EDGE_CURVE('',#183,#392,#419,.T.);
#419 = LINE('',#420,#421);
#420 = CARTESIAN_POINT('',(-2.9,-7.102951435055E-16,0.));
#421 = VECTOR('',#422,1.);
#422 = DIRECTION('',(0.707106781187,1.731912112471E-16,-0.707106781187)
  );
#423 = ORIENTED_EDGE('',*,*,#182,.T.);
#424 = ORIENTED_EDGE('',*,*,#418,.T.);
#425 = ORIENTED_EDGE('',*,*,#426,.T.);
#426 = EDGE_CURVE('',#392,#427,#429,.T.);
#427 = VERTEX_POINT('',#428);
#428 = CARTESIAN_POINT('',(2.468301270189,-3.557990135502E-14,
    -0.431698729811));
#429 = B_SPLINE_CURVE_WITH_KNOTS('',6,(#430,#431,#432,#433,#434,#435,
    #436,#437,#438,#439,#440,#441,#442,#443,#444,#445,#446,#447,#448,
    #449,#450,#451,#452,#453,#454,#455,#456,#457,#458,#459,#460,#461,
    #462,#463,#464,#465,#466,#467,#468,#469,#470,#471),.UNSPECIFIED.,.F.
  ,.F.,(7,5,5,5,5,5,5,5,7),(0.,0.123272848578,0.244890673891,
    0.369531199633,0.495357977143,0.618812468781,0.743518240328,
    0.873115498639,1.),.UNSPECIFIED.);
#430 = CARTESIAN_POINT('',(-2.214710900618,-4.440892098501E-16,
    -0.685289099382));
#431 = CARTESIAN_POINT('',(-2.22013385969,-0.148779676908,
    -0.679866140311));
#432 = CARTESIAN_POINT('',(-2.213551652221,-0.298131991388,
    -0.674454685631));
#433 = CARTESIAN_POINT('',(-2.194922924894,-0.446828921197,
    -0.669055216584));
#434 = CARTESIAN_POINT('',(-2.164378450579,-0.593667650345,
    -0.663667222176));
#435 = CARTESIAN_POINT('',(-2.122195675813,-0.737477257763,
    -0.658290101624));
#436 = CARTESIAN_POINT('',(-2.016149199931,-1.014909485012,
    -0.647630061509));
#437 = CARTESIAN_POINT('',(-1.952579222962,-1.148654461314,
    -0.642346401579));
#438 = CARTESIAN_POINT('',(-1.878524307615,-1.277285484771,
    -0.637073199754));
#439 = CARTESIAN_POINT('',(-1.794534998906,-1.399800590477,
    -0.631809905844));
#440 = CARTESIAN_POINT('',(-1.70128441661,-1.515282707219,
    -0.626556081165));
#441 = CARTESIAN_POINT('',(-1.495308182147,-1.733204632598,
    -0.615937945656));
#442 = CARTESIAN_POINT('',(-1.382147633892,-1.835258682242,
    -0.61057367434));
#443 = CARTESIAN_POINT('',(-1.260926672175,-1.928178241848,
    -0.60521984845));
#444 = CARTESIAN_POINT('',(-1.132594677095,-2.011212293285,
    -0.59987632393));
#445 = CARTESIAN_POINT('',(-0.998180454826,-2.083735395327,
    -0.59454315361));
#446 = CARTESIAN_POINT('',(-0.718082697776,-2.207384115123,
    -0.583848493345));
#447 = CARTESIAN_POINT('',(-0.572291385275,-2.258305111473,
    -0.578486735541));
#448 = CARTESIAN_POINT('',(-0.422561538374,-2.297532090581,
    -0.573136695229));
#449 = CARTESIAN_POINT('',(-0.2700736933,-2.324737006779,-0.567798359578
    ));
#450 = CARTESIAN_POINT('',(-0.116033186222,-2.339740249103,
    -0.562471570777));
#451 = CARTESIAN_POINT('',(0.189792191707,-2.345266497499,
    -0.551942004504));
#452 = CARTESIAN_POINT('',(0.34157737714,-2.336245428011,-0.546738352476
    ));
#453 = CARTESIAN_POINT('',(0.492535448038,-2.315453931094,
    -0.541546025241));
#454 = CARTESIAN_POINT('',(0.641535521757,-2.283027072238,
    -0.536364384205));
#455 = CARTESIAN_POINT('',(0.787478909298,-2.239242885343,
    -0.531192658807));
#456 = CARTESIAN_POINT('',(1.072573374296,-2.129237938185,
    -0.520816520658));
#457 = CARTESIAN_POINT('',(1.211651603983,-2.062790013692,
    -0.515611911714));
#458 = CARTESIAN_POINT('',(1.345452523672,-1.985604416776,-0.51041678189
    ));
#459 = CARTESIAN_POINT('',(1.472965498758,-1.898240860556,-0.5052304147)
  );
#460 = CARTESIAN_POINT('',(1.593264708596,-1.801380814855,
    -0.500052340657));
#461 = CARTESIAN_POINT('',(1.822168309599,-1.58611863098,-0.489511222955
    ));
#462 = CARTESIAN_POINT('',(1.930139225727,-1.467011587223,
    -0.484148426186));
#463 = CARTESIAN_POINT('',(2.028488634579,-1.339392021359,-0.47879543162
    ));
#464 = CARTESIAN_POINT('',(2.116424355922,-1.204259677361,
    -0.473452466395));
#465 = CARTESIAN_POINT('',(2.193285950576,-1.062697695845,
    -0.468120036414));
#466 = CARTESIAN_POINT('',(2.322478776663,-0.772129165166,
    -0.457589309367));
#467 = CARTESIAN_POINT('',(2.375294708063,-0.623328115249,-0.45239007278
    ));
#468 = CARTESIAN_POINT('',(2.416536637448,-0.470569763185,
    -0.447202150777));
#469 = CARTESIAN_POINT('',(2.44587823287,-0.314986255318,-0.442024967044
    ));
#470 = CARTESIAN_POINT('',(2.46314259373,-0.157737015219,-0.43685740627)
  );
#471 = CARTESIAN_POINT('',(2.468301270189,-2.797762022055E-14,
    -0.431698729811));
#472 = ORIENTED_EDGE('',*,*,#473,.T.);
#473 = EDGE_CURVE('',#427,#474,#476,.T.);
#474 = VERTEX_POINT('',#475);
#475 = CARTESIAN_POINT('',(2.309745034588,0.956583089326,-0.400005333688
    ));
#476 = B_SPLINE_CURVE_WITH_KNOTS('',6,(#477,#478,#479,#480,#481,#482,
    #483),.UNSPECIFIED.,.F.,.F.,(7,7),(0.,1.),.PIECEWISE_BEZIER_KNOTS.);
#477 = CARTESIAN_POINT('',(2.468301270189,-2.092384682633E-15,
    -0.431698729811));
#478 = CARTESIAN_POINT('',(2.473609254876,0.162302417661,-0.426390745124
    ));
#479 = CARTESIAN_POINT('',(2.466101184328,0.325137158156,-0.421092227526
    ));
#480 = CARTESIAN_POINT('',(2.445742726695,0.487220037457,-0.415804019467
    ));
#481 = CARTESIAN_POINT('',(2.412675211695,0.647295995482,-0.410526947986
    ));
#482 = CARTESIAN_POINT('',(2.367190050745,0.804142997552,-0.405260654138
    ));
#483 = CARTESIAN_POINT('',(2.309745034588,0.956583089326,-0.400005333688
    ));
#484 = ORIENTED_EDGE('',*,*,#485,.T.);
#485 = EDGE_CURVE('',#474,#486,#488,.T.);
#486 = VERTEX_POINT('',#487);
#487 = CARTESIAN_POINT('',(0.956879406744,2.309617796439,-0.400009487082
    ));
#488 = B_SPLINE_CURVE_WITH_KNOTS('',5,(#489,#490,#491,#492,#493,#494,
    #495,#496,#497,#498,#499,#500,#501,#502),.UNSPECIFIED.,.F.,.F.,(6,4,
    4,6),(0.,0.131895457505,0.565632998308,1.),.UNSPECIFIED.);
#489 = CARTESIAN_POINT('',(2.309745034588,0.956583089326,-0.400005333688
    ));
#490 = CARTESIAN_POINT('',(2.289925785315,1.004433573923,-0.400007112978
    ));
#491 = CARTESIAN_POINT('',(2.268867184747,1.051770732633,-0.400009105697
    ));
#492 = CARTESIAN_POINT('',(2.246587012705,1.098551737837,-0.400011275527
    ));
#493 = CARTESIAN_POINT('',(2.223105220596,1.144734803574,-0.400013575547
    ));
#494 = CARTESIAN_POINT('',(2.117345407443,1.34005165388,-0.400023750776)
  );
#495 = CARTESIAN_POINT('',(2.023488723127,1.482921642678,-0.40003236103)
  );
#496 = CARTESIAN_POINT('',(1.917667476827,1.617429492079,-0.4000397063)
  );
#497 = CARTESIAN_POINT('',(1.800904146032,1.74227893496,-0.400043507612)
  );
#498 = CARTESIAN_POINT('',(1.547775218122,1.970600793872,-0.400043562787
    ));
#499 = CARTESIAN_POINT('',(1.411373870197,2.074048742289,-0.400039796983
    ));
#500 = CARTESIAN_POINT('',(1.266466762619,2.165584523992,-0.400031839493
    ));
#501 = CARTESIAN_POINT('',(1.114455056552,2.244321269835,-0.40002113736)
  );
#502 = CARTESIAN_POINT('',(0.956879406744,2.309617796439,-0.400009487082
    ));
#503 = ORIENTED_EDGE('',*,*,#504,.F.);
#504 = EDGE_CURVE('',#505,#486,#507,.T.);
#505 = VERTEX_POINT('',#506);
#506 = CARTESIAN_POINT('',(2.145096189432,-3.398234807574E-14,
    -0.754903810568));
#507 = B_SPLINE_CURVE_WITH_KNOTS('',6,(#508,#509,#510,#511,#512,#513,
    #514,#515,#516,#517,#518,#519),.UNSPECIFIED.,.F.,.F.,(7,5,7),(0.,
    0.491946883834,1.),.UNSPECIFIED.);
#508 = CARTESIAN_POINT('',(2.145096189432,-9.515202046317E-16,
    -0.754903810568));
#509 = CARTESIAN_POINT('',(2.175781317941,0.218491860388,-0.724218682059
    ));
#510 = CARTESIAN_POINT('',(2.179416846356,0.442097006765,-0.693877225535
    ));
#511 = CARTESIAN_POINT('',(2.155395194552,0.666394800832,-0.663863954253
    ));
#512 = CARTESIAN_POINT('',(2.10413219401,0.887166317812,-0.634154495458)
  );
#513 = CARTESIAN_POINT('',(2.026712962693,1.100449776587,-0.604745221654
    ));
#514 = CARTESIAN_POINT('',(1.820055443401,1.511404022847,-0.54559312845)
  );
#515 = CARTESIAN_POINT('',(1.689155996927,1.708428802069,-0.515857846194
    ));
#516 = CARTESIAN_POINT('',(1.534399937414,1.889704189066,-0.486448532534
    ));
#517 = CARTESIAN_POINT('',(1.358559092417,2.051976212448,-0.457347529096
    ));
#518 = CARTESIAN_POINT('',(1.164827764323,2.192588315959,-0.428534343246
    ));
#519 = CARTESIAN_POINT('',(0.956879406744,2.309617796439,-0.400009487082
    ));
#520 = ORIENTED_EDGE('',*,*,#521,.T.);
#521 = EDGE_CURVE('',#505,#522,#524,.T.);
#522 = VERTEX_POINT('',#523);
#523 = CARTESIAN_POINT('',(1.997901712024,-0.529929420686,
    -0.833012713678));
#524 = B_SPLINE_CURVE_WITH_KNOTS('',5,(#525,#526,#527,#528,#529,#530),
  .UNSPECIFIED.,.F.,.F.,(6,6),(0.,1.),.PIECEWISE_BEZIER_KNOTS.);
#525 = CARTESIAN_POINT('',(2.145096189432,-3.452793606584E-14,
    -0.754903810568));
#526 = CARTESIAN_POINT('',(2.129648756196,-0.109992644321,
    -0.770351243804));
#527 = CARTESIAN_POINT('',(2.10705951358,-0.218647154883,-0.785890391894
    ));
#528 = CARTESIAN_POINT('',(2.077418194049,-0.325323803492,
    -0.801521204482));
#529 = CARTESIAN_POINT('',(2.040900441841,-0.429390920074,
    -0.817244101188));
#530 = CARTESIAN_POINT('',(1.997771890445,-0.530232990821,
    -0.833060341759));
#531 = ORIENTED_EDGE('',*,*,#532,.T.);
#532 = EDGE_CURVE('',#522,#533,#535,.T.);
#533 = VERTEX_POINT('',#534);
#534 = CARTESIAN_POINT('',(2.066987298108,-5.062658757012E-16,
    -0.833012701892));
#535 = CIRCLE('',#536,2.066987298108);
#536 = AXIS2_PLACEMENT_3D('',#537,#538,#539);
#537 = CARTESIAN_POINT('',(0.,0.,-0.833012701892));
#538 = DIRECTION('',(-0.,0.,1.));
#539 = DIRECTION('',(0.,-1.,0.));
#540 = ORIENTED_EDGE('',*,*,#541,.T.);
#541 = EDGE_CURVE('',#533,#390,#542,.T.);
#542 = CIRCLE('',#543,2.066987298108);
#543 = AXIS2_PLACEMENT_3D('',#544,#545,#546);
#544 = CARTESIAN_POINT('',(0.,0.,-0.833012701892));
#545 = DIRECTION('',(-0.,0.,1.));
#546 = DIRECTION('',(0.,-1.,0.));
#547 = CONICAL_SURFACE('',#548,2.9,0.785398163397);
#548 = AXIS2_PLACEMENT_3D('',#549,#550,#551);
#549 = CARTESIAN_POINT('',(0.,0.,0.));
#550 = DIRECTION('',(0.,0.,1.));
#551 = DIRECTION('',(-1.,0.,0.));
#552 = ADVANCED_FACE('',(#553),#668,.F.);
#553 = FACE_BOUND('',#554,.F.);
#554 = EDGE_LOOP('',(#555,#584,#590,#591,#592,#619,#638,#661));
#555 = ORIENTED_EDGE('',*,*,#556,.F.);
#556 = EDGE_CURVE('',#557,#559,#561,.T.);
#557 = VERTEX_POINT('',#558);
#558 = CARTESIAN_POINT('',(2.278108891325,-1.778007201077E-14,
    -3.878108891325));
#559 = VERTEX_POINT('',#560);
#560 = CARTESIAN_POINT('',(-1.787373746471,1.038138502962,-3.66698729094
    ));
#561 = B_SPLINE_CURVE_WITH_KNOTS('',6,(#562,#563,#564,#565,#566,#567,
    #568,#569,#570,#571,#572,#573,#574,#575,#576,#577,#578,#579,#580,
    #581,#582,#583),.UNSPECIFIED.,.F.,.F.,(7,5,5,5,7),(0.,0.25039418804,
    0.498547596338,0.746698443199,1.),.UNSPECIFIED.);
#562 = CARTESIAN_POINT('',(2.278108891325,5.276996291093E-17,
    -3.878108891325));
#563 = CARTESIAN_POINT('',(2.269586526879,0.240512578792,-3.869586526944
    ));
#564 = CARTESIAN_POINT('',(2.23056561653,0.479716904562,-3.861036693802)
  );
#565 = CARTESIAN_POINT('',(2.161157758572,0.71259612946,-3.85245919957)
  );
#566 = CARTESIAN_POINT('',(2.062623265015,0.934403903887,-3.843848425861
    ));
#567 = CARTESIAN_POINT('',(1.937051744142,1.140644562315,-3.835206649369
    ));
#568 = CARTESIAN_POINT('',(1.63959625347,1.512318821734,-3.817951897532)
  );
#569 = CARTESIAN_POINT('',(1.468049042039,1.678210913518,-3.809334449637
    ));
#570 = CARTESIAN_POINT('',(1.276100034765,1.821050391766,-3.800695654259
    ));
#571 = CARTESIAN_POINT('',(1.067600720004,1.937788617407,-3.792032773632
    ));
#572 = CARTESIAN_POINT('',(0.846916246686,2.02607894771,-3.783338970343)
  );
#573 = CARTESIAN_POINT('',(0.391115878556,2.143227958911,-3.765895861753
    ));
#574 = CARTESIAN_POINT('',(0.155860338233,2.172123279801,-3.757141320103
    ));
#575 = CARTESIAN_POINT('',(-8.17803640706E-02,2.170004629974,
    -3.748357310555));
#576 = CARTESIAN_POINT('',(-0.316760757245,2.136771455763,
    -3.739539354546));
#577 = CARTESIAN_POINT('',(-0.544052971502,2.073231856891,
    -3.730685302643));
#578 = CARTESIAN_POINT('',(-0.978038881826,1.887812710076,
    -3.712734804638));
#579 = CARTESIAN_POINT('',(-1.184357512446,1.764685412952,-3.70363108956
    ));
#580 = CARTESIAN_POINT('',(-1.372569679232,1.614255829343,
    -3.694499538663));
#581 = CARTESIAN_POINT('',(-1.538272394022,1.439850516459,
    -3.685338439119));
#582 = CARTESIAN_POINT('',(-1.677708439121,1.245581940837,
    -3.676142784524));
#583 = CARTESIAN_POINT('',(-1.788204793066,1.036568139148,
    -3.666917968629));
#584 = ORIENTED_EDGE('',*,*,#585,.F.);
#585 = EDGE_CURVE('',#310,#557,#586,.T.);
#586 = LINE('',#587,#588);
#587 = CARTESIAN_POINT('',(2.9,-7.102951435055E-16,-4.5));
#588 = VECTOR('',#589,1.);
#589 = DIRECTION('',(-0.707106781187,1.731912112471E-16,0.707106781187)
  );
#590 = ORIENTED_EDGE('',*,*,#309,.T.);
#591 = ORIENTED_EDGE('',*,*,#585,.T.);
#592 = ORIENTED_EDGE('',*,*,#593,.F.);
#593 = EDGE_CURVE('',#594,#557,#596,.T.);
#594 = VERTEX_POINT('',#595);
#595 = CARTESIAN_POINT('',(-2.30957746095,-0.956959135755,
    -4.099983767074));
#596 = B_SPLINE_CURVE_WITH_KNOTS('',6,(#597,#598,#599,#600,#601,#602,
    #603,#604,#605,#606,#607,#608,#609,#610,#611,#612,#613,#614,#615,
    #616,#617,#618),.UNSPECIFIED.,.F.,.F.,(7,5,5,5,7),(0.,0.254189423793
    ,0.504182839486,0.754041554235,1.),.UNSPECIFIED.);
#597 = CARTESIAN_POINT('',(-2.30957746095,-0.956959135755,
    -4.099983767074));
#598 = CARTESIAN_POINT('',(-2.193452298777,-1.213476893901,
    -4.090894490031));
#599 = CARTESIAN_POINT('',(-2.042714320677,-1.454124420046,
    -4.081772343016));
#600 = CARTESIAN_POINT('',(-1.860028811541,-1.672749028135,
    -4.072626058488));
#601 = CARTESIAN_POINT('',(-1.649427090848,-1.864209088601,
    -4.063452927358));
#602 = CARTESIAN_POINT('',(-1.415836892485,-2.024119923432,
    -4.054246751648));
#603 = CARTESIAN_POINT('',(-0.919099047461,-2.272615650161,
    -4.035931270569));
#604 = CARTESIAN_POINT('',(-0.656310304221,-2.362431011106,
    -4.026815945317));
#605 = CARTESIAN_POINT('',(-0.382852837786,-2.415819801628,
    -4.017672524606));
#606 = CARTESIAN_POINT('',(-0.104961280436,-2.431362395388,
    -4.008494322086));
#607 = CARTESIAN_POINT('',(0.170915919732,-2.408774071297,
    -3.999276664772));
#608 = CARTESIAN_POINT('',(0.70537351472,-2.290280676227,-3.980785957352
    ));
#609 = CARTESIAN_POINT('',(0.964178896323,-2.194367467147,
    -3.971505698489));
#610 = CARTESIAN_POINT('',(1.208032192393,-2.063130964218,
    -3.962197723399));
#611 = CARTESIAN_POINT('',(1.431060315452,-1.899510773137,
    -3.952861951823));
#612 = CARTESIAN_POINT('',(1.627965703026,-1.707496903857,
    -3.943494090871));
#613 = CARTESIAN_POINT('',(1.958476456591,-1.280963627843,
    -3.924850981852));
#614 = CARTESIAN_POINT('',(2.093157224022,-1.046980308465,
    -3.915569032704));
#615 = CARTESIAN_POINT('',(2.194434858303,-0.795769593216,
    -3.906260146947));
#616 = CARTESIAN_POINT('',(2.259718867733,-0.533238256124,-3.8969123369)
  );
#617 = CARTESIAN_POINT('',(2.287524487458,-0.265720781339,
    -3.887524487485));
#618 = CARTESIAN_POINT('',(2.278108891325,0.,-3.878108891325));
#619 = ORIENTED_EDGE('',*,*,#620,.F.);
#620 = EDGE_CURVE('',#621,#594,#623,.T.);
#621 = VERTEX_POINT('',#622);
#622 = CARTESIAN_POINT('',(-2.309821303729,0.956370456041,
    -4.099983780817));
#623 = B_SPLINE_CURVE_WITH_KNOTS('',4,(#624,#625,#626,#627,#628,#629,
    #630,#631,#632,#633,#634,#635,#636,#637),.UNSPECIFIED.,.F.,.F.,(5,3,
    3,3,5),(0.,0.255894707429,0.503846412044,0.751892550509,1.),
  .UNSPECIFIED.);
#624 = CARTESIAN_POINT('',(-2.309821303729,0.956370456041,
    -4.099983780817));
#625 = CARTESIAN_POINT('',(-2.357874703393,0.840319200529,
    -4.099986490475));
#626 = CARTESIAN_POINT('',(-2.398154231961,0.721048339904,
    -4.099989501206));
#627 = CARTESIAN_POINT('',(-2.430334817325,0.599342268969,
    -4.099992309767));
#628 = CARTESIAN_POINT('',(-2.477431195485,0.356554328957,
    -4.099996724373));
#629 = CARTESIAN_POINT('',(-2.492852164448,0.235568966112,
    -4.099998371616));
#630 = CARTESIAN_POINT('',(-2.500369926981,0.113836686349,
    -4.099999175849));
#631 = CARTESIAN_POINT('',(-2.499603421609,-0.129623197925,
    -4.099999093991));
#632 = CARTESIAN_POINT('',(-2.491313130303,-0.251352130639,
    -4.099998207143));
#633 = CARTESIAN_POINT('',(-2.475118465103,-0.372283561207,
    -4.099996488352));
#634 = CARTESIAN_POINT('',(-2.427218902208,-0.611064605748,
    -4.099992039584));
#635 = CARTESIAN_POINT('',(-2.395509900221,-0.728914770287,
    -4.099989303037));
#636 = CARTESIAN_POINT('',(-2.356197277481,-0.844451184018,
    -4.099986393184));
#637 = CARTESIAN_POINT('',(-2.30957746095,-0.956959135755,
    -4.099983767074));
#638 = ORIENTED_EDGE('',*,*,#639,.F.);
#639 = EDGE_CURVE('',#640,#621,#642,.T.);
#640 = VERTEX_POINT('',#641);
#641 = CARTESIAN_POINT('',(-1.038056608993,-1.787421318935,
    -3.666987299152));
#642 = B_SPLINE_CURVE_WITH_KNOTS('',5,(#643,#644,#645,#646,#647,#648,
    #649,#650,#651,#652,#653,#654,#655,#656,#657,#658,#659,#660),
  .UNSPECIFIED.,.F.,.F.,(6,4,4,4,6),(0.,0.243754137421,0.493969481829,
    0.743148656285,1.),.UNSPECIFIED.);
#643 = CARTESIAN_POINT('',(-1.037791574841,-1.787527571352,
    -3.666946097787));
#644 = CARTESIAN_POINT('',(-1.182834201813,-1.729392461464,
    -3.689494293178));
#645 = CARTESIAN_POINT('',(-1.3230215959,-1.65713200012,-3.711848346769)
  );
#646 = CARTESIAN_POINT('',(-1.456541576035,-1.571464321841,
    -3.734009519006));
#647 = CARTESIAN_POINT('',(-1.581810495811,-1.473420919409,
    -3.755985709092));
#648 = CARTESIAN_POINT('',(-1.816236161871,-1.25223940608,
    -3.800151095359));
#649 = CARTESIAN_POINT('',(-1.924887293986,-1.128495991208,
    -3.822332293289));
#650 = CARTESIAN_POINT('',(-2.021999909827,-0.994424989831,
    -3.844326693796));
#651 = CARTESIAN_POINT('',(-2.10646556004,-0.851610716184,
    -3.866144166096));
#652 = CARTESIAN_POINT('',(-2.248232602724,-0.552553459222,
    -3.909341890791));
#653 = CARTESIAN_POINT('',(-2.305650235985,-0.396357622186,
    -3.930725169193));
#654 = CARTESIAN_POINT('',(-2.348974320043,-0.234879114666,
    -3.951941620115));
#655 = CARTESIAN_POINT('',(-2.37777584914,-6.98721741827E-02,
    -3.97299889728));
#656 = CARTESIAN_POINT('',(-2.406533259049,0.268804928837,
    -4.015441531599));
#657 = CARTESIAN_POINT('',(-2.405574652803,0.442597218958,
    -4.036818526625));
#658 = CARTESIAN_POINT('',(-2.388933719939,0.616345772519,
    -4.058031678159));
#659 = CARTESIAN_POINT('',(-2.35683809423,0.788189767892,-4.079086582407
    ));
#660 = CARTESIAN_POINT('',(-2.309821303729,0.956370456041,
    -4.099983780817));
#661 = ORIENTED_EDGE('',*,*,#662,.F.);
#662 = EDGE_CURVE('',#559,#640,#663,.T.);
#663 = CIRCLE('',#664,2.066987298108);
#664 = AXIS2_PLACEMENT_3D('',#665,#666,#667);
#665 = CARTESIAN_POINT('',(0.,0.,-3.666987298108));
#666 = DIRECTION('',(-0.,0.,1.));
#667 = DIRECTION('',(0.,-1.,0.));
#668 = CONICAL_SURFACE('',#669,2.9,0.785398163397);
#669 = AXIS2_PLACEMENT_3D('',#670,#671,#672);
#670 = CARTESIAN_POINT('',(0.,0.,-4.5));
#671 = DIRECTION('',(-0.,-0.,-1.));
#672 = DIRECTION('',(1.,0.,0.));
#673 = ADVANCED_FACE('',(#674),#808,.T.);
#674 = FACE_BOUND('',#675,.T.);
#675 = EDGE_LOOP('',(#676,#694,#701,#801,#802,#803));
#676 = ORIENTED_EDGE('',*,*,#677,.F.);
#677 = EDGE_CURVE('',#678,#680,#682,.T.);
#678 = VERTEX_POINT('',#679);
#679 = CARTESIAN_POINT('',(2.5,-1.854410869614E-14,-1.25));
#680 = VERTEX_POINT('',#681);
#681 = CARTESIAN_POINT('',(2.5,-1.854410869614E-14,-0.45));
#682 = B_SPLINE_CURVE_WITH_KNOTS('',10,(#683,#684,#685,#686,#687,#688,
    #689,#690,#691,#692,#693),.UNSPECIFIED.,.F.,.F.,(11,11),(0.,
    6.333910135482),.PIECEWISE_BEZIER_KNOTS.);
#683 = CARTESIAN_POINT('',(2.5,-1.257139576327E-15,-1.25));
#684 = CARTESIAN_POINT('',(2.5,1.570717537272,-1.17));
#685 = CARTESIAN_POINT('',(1.403668149748,3.142182983908,-1.09));
#686 = CARTESIAN_POINT('',(-0.791960318461,3.845629392646,
    -1.010000000001));
#687 = CARTESIAN_POINT('',(-3.298098154466,2.859654399612,
    -0.929999999999));
#688 = CARTESIAN_POINT('',(-4.62721249084,-1.165290086647E-12,
    -0.850000000001));
#689 = CARTESIAN_POINT('',(-3.298098154469,-2.859654399609,
    -0.769999999999));
#690 = CARTESIAN_POINT('',(-0.791960318458,-3.845629392648,
    -0.690000000001));
#691 = CARTESIAN_POINT('',(1.403668149747,-3.142182983907,-0.61));
#692 = CARTESIAN_POINT('',(2.5,-1.570717537272,-0.53));
#693 = CARTESIAN_POINT('',(2.5,-3.583107781596E-14,-0.45));
#694 = ORIENTED_EDGE('',*,*,#695,.T.);
#695 = EDGE_CURVE('',#678,#696,#698,.T.);
#696 = VERTEX_POINT('',#697);
#697 = CARTESIAN_POINT('',(2.066987298108,-1.645310471347E-14,-1.));
#698 = B_SPLINE_CURVE_WITH_KNOTS('',1,(#699,#700),.UNSPECIFIED.,.F.,.F.,
  (2,2),(0.,0.673205080757),.PIECEWISE_BEZIER_KNOTS.);
#699 = CARTESIAN_POINT('',(2.5,-3.583107781596E-14,-1.25));
#700 = CARTESIAN_POINT('',(1.916987298108,-3.121136377642E-14,
    -0.913397459622));
#701 = ORIENTED_EDGE('',*,*,#702,.T.);
#702 = EDGE_CURVE('',#696,#390,#703,.T.);
#703 = B_SPLINE_CURVE_WITH_KNOTS('',6,(#704,#705,#706,#707,#708,#709,
    #710,#711,#712,#713,#714,#715,#716,#717,#718,#719,#720,#721,#722,
    #723,#724,#725,#726,#727,#728,#729,#730,#731,#732,#733,#734,#735,
    #736,#737,#738,#739,#740,#741,#742,#743,#744,#745,#746,#747,#748,
    #749,#750,#751,#752,#753,#754,#755,#756,#757,#758,#759,#760,#761,
    #762,#763,#764,#765,#766,#767,#768,#769,#770,#771,#772,#773,#774,
    #775,#776,#777,#778,#779,#780,#781,#782,#783,#784,#785,#786,#787,
    #788,#789,#790,#791,#792,#793,#794,#795,#796,#797,#798,#799,#800),
  .UNSPECIFIED.,.F.,.F.,(7,5,5,5,5,5,5,5,5,5,5,5,5,5,5,5,5,5,5,7),(0.,
    2.804225058358E-02,4.778228674906E-02,0.12978016063,0.187639476989,
    0.239640725547,0.264067162225,0.296801474887,0.356803454969,
    0.402285631433,0.499524377379,0.598430170703,0.689906486865,
    0.727907310691,0.784760387372,0.837762519419,0.871234714768,
    0.941156133788,0.973155559341,1.),.UNSPECIFIED.);
#704 = CARTESIAN_POINT('',(2.066987298108,-2.6645352591E-15,-1.));
#705 = CARTESIAN_POINT('',(2.066987298108,6.069711102052E-02,
    -0.99626107193));
#706 = CARTESIAN_POINT('',(2.06484844263,0.121394401072,-0.992521910481)
  );
#707 = CARTESIAN_POINT('',(2.06057074837,0.181997271284,-0.988782644515)
  );
#708 = CARTESIAN_POINT('',(2.054159748875,0.242411643744,-0.985043387731
    ));
#709 = CARTESIAN_POINT('',(2.045626494542,0.302543961497,-0.98130423867)
  );
#710 = CARTESIAN_POINT('',(2.027498385597,0.404366636171,-0.974933282069
    ));
#711 = CARTESIAN_POINT('',(2.018965764307,0.44624633953,-0.972301371743)
  );
#712 = CARTESIAN_POINT('',(2.009395468445,0.487907864596,-0.969669575966
    ));
#713 = CARTESIAN_POINT('',(1.998794592697,0.529319118467,-0.967037910976
    ));
#714 = CARTESIAN_POINT('',(1.987171546744,0.570448349373,-0.964406383007
    ));
#715 = CARTESIAN_POINT('',(1.922049655124,0.780808344626,-0.950844472768
    ));
#716 = CARTESIAN_POINT('',(1.852087453628,0.944964399974,-0.939914986521
    ));
#717 = CARTESIAN_POINT('',(1.765352376756,1.101435892799,-0.928989220161
    ));
#718 = CARTESIAN_POINT('',(1.662939097957,1.24812684848,-0.918062792125)
  );
#719 = CARTESIAN_POINT('',(1.546248817141,1.383131274073,-0.907132169214
    ));
#720 = CARTESIAN_POINT('',(1.325860920021,1.590664531254,-0.888485568499
    ));
#721 = CARTESIAN_POINT('',(1.228440574394,1.669894829824,-0.880769660457
    ));
#722 = CARTESIAN_POINT('',(1.125383377021,1.741925939258,-0.8730522918)
  );
#723 = CARTESIAN_POINT('',(1.017357765385,1.806266303949,-0.865333462692
    ));
#724 = CARTESIAN_POINT('',(0.905086615885,1.862508756559,-0.857613430015
    ));
#725 = CARTESIAN_POINT('',(0.685315468594,1.953317228554,-0.842954731623
    ));
#726 = CARTESIAN_POINT('',(0.578478786567,1.989503323215,-0.836015783795
    ));
#727 = CARTESIAN_POINT('',(0.469391094495,2.018661478952,-0.8290771224)
  );
#728 = CARTESIAN_POINT('',(0.358630352144,2.040623751376,-0.822139032475
    ));
#729 = CARTESIAN_POINT('',(0.24678930901,2.055285956338,-0.815201709848)
  );
#730 = CARTESIAN_POINT('',(8.171318356741E-02,2.066048100172,
    -0.805007505536));
#731 = CARTESIAN_POINT('',(2.88488977569E-02,2.067868312455,
    -0.801749655504));
#732 = CARTESIAN_POINT('',(-2.405875399305E-02,2.068065080508,
    -0.79849206047));
#733 = CARTESIAN_POINT('',(-7.694753142892E-02,2.066637534354,
    -0.795234730502));
#734 = CARTESIAN_POINT('',(-0.12975522353,2.063587988469,-0.791977668206
    ));
#735 = CARTESIAN_POINT('',(-0.252996203583,2.052668887649,
    -0.784356372417));
#736 = CARTESIAN_POINT('',(-0.323315921891,2.043512679529,
    -0.779992339345));
#737 = CARTESIAN_POINT('',(-0.393228849188,2.031466629316,
    -0.775628756107));
#738 = CARTESIAN_POINT('',(-0.462586997638,2.016554135376,
    -0.771265589441));
#739 = CARTESIAN_POINT('',(-0.531244345812,1.998808682551,
    -0.766902786218));
#740 = CARTESIAN_POINT('',(-0.723357106998,1.94063348914,-0.754543789538
    ));
#741 = CARTESIAN_POINT('',(-0.84482353234,1.893619348339,-0.746548016404
    ));
#742 = CARTESIAN_POINT('',(-0.962564232188,1.837501931194,
    -0.738553085812));
#743 = CARTESIAN_POINT('',(-1.075734057807,1.772658324391,
    -0.730558151148));
#744 = CARTESIAN_POINT('',(-1.183541700432,1.699568519351,
    -0.722562416991));
#745 = CARTESIAN_POINT('',(-1.362357986186,1.557597195055,
    -0.708504922461));
#746 = CARTESIAN_POINT('',(-1.435961316384,1.491975296444,
    -0.702443165209));
#747 = CARTESIAN_POINT('',(-1.505750170825,1.422197555136,
    -0.696380911767));
#748 = CARTESIAN_POINT('',(-1.571434491653,1.348543191117,
    -0.690318024864));
#749 = CARTESIAN_POINT('',(-1.632752093392,1.271317741374,
    -0.684254434486));
#750 = CARTESIAN_POINT('',(-1.810730131181,1.018818996335,
    -0.665225646346));
#751 = CARTESIAN_POINT('',(-1.910996785745,0.831930056093,
    -0.652255464515));
#752 = CARTESIAN_POINT('',(-1.987926023239,0.633474895905,
    -0.639286829476));
#753 = CARTESIAN_POINT('',(-2.039999969963,0.427100463441,
    -0.626318300241));
#754 = CARTESIAN_POINT('',(-2.066347782997,0.216659139389,
    -0.613347948085));
#755 = CARTESIAN_POINT('',(-2.067619083683,-0.207888334767,
    -0.587194386123));
#756 = CARTESIAN_POINT('',(-2.041653514945,-0.422098974259,
    -0.574005101428));
#757 = CARTESIAN_POINT('',(-1.98904567788,-0.632188764035,
    -0.560821630033));
#758 = CARTESIAN_POINT('',(-1.910705153138,-0.834101036718,
    -0.547639002663));
#759 = CARTESIAN_POINT('',(-1.80823025181,-1.023997554191,
    -0.534451242297));
#760 = CARTESIAN_POINT('',(-1.569307544018,-1.359748028505,
    -0.509068294704));
#761 = CARTESIAN_POINT('',(-1.435942806023,-1.507905135889,
    -0.496868048822));
#762 = CARTESIAN_POINT('',(-1.285944212558,-1.64015596975,-0.48466773433
    ));
#763 = CARTESIAN_POINT('',(-1.121722721845,-1.754265530437,
    -0.472464867667));
#764 = CARTESIAN_POINT('',(-0.946023433629,-1.84842634051,
    -0.460258652438));
#765 = CARTESIAN_POINT('',(-0.685508825143,-1.951737582463,
    -0.44298621958));
#766 = CARTESIAN_POINT('',(-0.607600842072,-1.978407906291,
    -0.437917004378));
#767 = CARTESIAN_POINT('',(-0.528463742749,-2.001340436403,
    -0.432848075562));
#768 = CARTESIAN_POINT('',(-0.44832155485,-2.020466376695,
    -0.427779551819));
#769 = CARTESIAN_POINT('',(-0.367403062337,-2.035734974903,
    -0.422711532365));
#770 = CARTESIAN_POINT('',(-0.16406752439,-2.064136981041,
    -0.410062700908));
#771 = CARTESIAN_POINT('',(-4.097384912749E-02,-2.072453729402,
    -0.402482381015));
#772 = CARTESIAN_POINT('',(8.255484044429E-02,-2.071954587771,
    -0.39490380227));
#773 = CARTESIAN_POINT('',(0.205731874075,-2.062624038588,
    -0.387326735566));
#774 = CARTESIAN_POINT('',(0.32777426059,-2.044540019111,-0.379750722096
    ));
#775 = CARTESIAN_POINT('',(0.559905747573,-1.993013651558,
    -0.365113845214));
#776 = CARTESIAN_POINT('',(0.670249532082,-1.960693525137,
    -0.358052534938));
#777 = CARTESIAN_POINT('',(0.778314216361,-1.921052427059,
    -0.350991765563));
#778 = CARTESIAN_POINT('',(0.883496592592,-1.874296538699,-0.3439308707)
  );
#779 = CARTESIAN_POINT('',(0.985219949347,-1.820697591247,
    -0.336869178806));
#780 = CARTESIAN_POINT('',(1.14464940551,-1.722632690658,-0.325346455647
    ));
#781 = CARTESIAN_POINT('',(1.204764473672,-1.68207818008,-0.320885879399
    ));
#782 = CARTESIAN_POINT('',(1.263146071525,-1.639012182054,
    -0.316424808717));
#783 = CARTESIAN_POINT('',(1.319663946817,-1.593527993609,
    -0.311963184675));
#784 = CARTESIAN_POINT('',(1.374194709303,-1.545727821592,
    -0.307500984995));
#785 = CARTESIAN_POINT('',(1.536138959468,-1.391265239804,
    -0.293715782715));
#786 = CARTESIAN_POINT('',(1.636484420907,-1.277178921237,
    -0.284390300539));
#787 = CARTESIAN_POINT('',(1.726584051714,-1.154484470605,
    -0.275063165561));
#788 = CARTESIAN_POINT('',(1.805543877513,-1.024342489126,
    -0.265734680241));
#789 = CARTESIAN_POINT('',(1.872633769386,-0.888022405943,
    -0.256406012607));
#790 = CARTESIAN_POINT('',(1.952349083029,-0.682324499004,
    -0.242810921156));
#791 = CARTESIAN_POINT('',(1.974780018831,-0.616736260227,
    -0.238542836027));
#792 = CARTESIAN_POINT('',(1.994563439583,-0.550272455405,
    -0.234275129704));
#793 = CARTESIAN_POINT('',(2.01165762684,-0.48306663038,-0.230007839379)
  );
#794 = CARTESIAN_POINT('',(2.026029895322,-0.415254839853,
    -0.225740938048));
#795 = CARTESIAN_POINT('',(2.047410274064,-0.289695971298,
    -0.217895064486));
#796 = CARTESIAN_POINT('',(2.055231789415,-0.23208707905,-0.214315998913
    ));
#797 = CARTESIAN_POINT('',(2.061107215671,-0.174230686836,
    -0.210737072104));
#798 = CARTESIAN_POINT('',(2.065027267613,-0.116208932695,
    -0.207158187206));
#799 = CARTESIAN_POINT('',(2.066987298108,-5.810437650879E-02,
    -0.20357921622));
#800 = CARTESIAN_POINT('',(2.066987298108,-2.975397705995E-14,-0.2));
#801 = ORIENTED_EDGE('',*,*,#389,.T.);
#802 = ORIENTED_EDGE('',*,*,#426,.T.);
#803 = ORIENTED_EDGE('',*,*,#804,.F.);
#804 = EDGE_CURVE('',#680,#427,#805,.T.);
#805 = B_SPLINE_CURVE_WITH_KNOTS('',1,(#806,#807),.UNSPECIFIED.,.F.,.F.,
  (2,2),(0.,0.673205080757),.PIECEWISE_BEZIER_KNOTS.);
#806 = CARTESIAN_POINT('',(2.5,-3.583107781596E-14,-0.45));
#807 = CARTESIAN_POINT('',(1.916987298108,-3.121136377642E-14,
    -0.113397459622));
#808 = B_SPLINE_SURFACE_WITH_KNOTS('',1,10,(
    (#809,#810,#811,#812,#813,#814,#815,#816,#817,#818,#819)
    ,(#820,#821,#822,#823,#824,#825,#826,#827,#828,#829,#830
  )),.UNSPECIFIED.,.F.,.F.,.F.,(2,2),(11,11),(0.,0.673205080757),(0.,
    6.333910135482),.PIECEWISE_BEZIER_KNOTS.);
#809 = CARTESIAN_POINT('',(2.5,-1.257139576327E-15,-1.25));
#810 = CARTESIAN_POINT('',(2.5,1.570717537272,-1.17));
#811 = CARTESIAN_POINT('',(1.403668149748,3.142182983908,-1.09));
#812 = CARTESIAN_POINT('',(-0.791960318461,3.845629392646,
    -1.010000000001));
#813 = CARTESIAN_POINT('',(-3.298098154466,2.859654399612,
    -0.929999999999));
#814 = CARTESIAN_POINT('',(-4.62721249084,-1.165290086647E-12,
    -0.850000000001));
#815 = CARTESIAN_POINT('',(-3.298098154469,-2.859654399609,
    -0.769999999999));
#816 = CARTESIAN_POINT('',(-0.791960318458,-3.845629392648,
    -0.690000000001));
#817 = CARTESIAN_POINT('',(1.403668149747,-3.142182983907,-0.61));
#818 = CARTESIAN_POINT('',(2.5,-1.570717537272,-0.53));
#819 = CARTESIAN_POINT('',(2.5,-3.583107781596E-14,-0.45));
#820 = CARTESIAN_POINT('',(1.916987298108,-1.891531342156E-15,
    -0.913397459622));
#821 = CARTESIAN_POINT('',(1.916987298108,1.204478642552,-0.833397459622
    ));
#822 = CARTESIAN_POINT('',(1.076283436692,2.408926956042,-0.753397459621
    ));
#823 = CARTESIAN_POINT('',(-0.607086413629,2.949907463791,
    -0.673397459622));
#824 = CARTESIAN_POINT('',(-2.529362975791,2.191717209209,-0.59339745962
    ));
#825 = CARTESIAN_POINT('',(-3.547614764825,-1.429967255717E-13,
    -0.513397459623));
#826 = CARTESIAN_POINT('',(-2.529362975793,-2.191717209209,
    -0.43339745962));
#827 = CARTESIAN_POINT('',(-0.607086413627,-2.949907463792,
    -0.353397459622));
#828 = CARTESIAN_POINT('',(1.076283436691,-2.408926956042,
    -0.273397459621));
#829 = CARTESIAN_POINT('',(1.916987298108,-1.204478642552,
    -0.193397459622));
#830 = CARTESIAN_POINT('',(1.916987298108,-3.121136377642E-14,
    -0.113397459622));
#831 = ADVANCED_FACE('',(#832),#966,.T.);
#832 = FACE_BOUND('',#833,.T.);
#833 = EDGE_LOOP('',(#834,#937,#944,#960,#965));
#834 = ORIENTED_EDGE('',*,*,#835,.F.);
#835 = EDGE_CURVE('',#836,#522,#838,.T.);
#836 = VERTEX_POINT('',#837);
#837 = CARTESIAN_POINT('',(2.066987298108,-1.694487307382E-14,-1.6));
#838 = B_SPLINE_CURVE_WITH_KNOTS('',7,(#839,#840,#841,#842,#843,#844,
    #845,#846,#847,#848,#849,#850,#851,#852,#853,#854,#855,#856,#857,
    #858,#859,#860,#861,#862,#863,#864,#865,#866,#867,#868,#869,#870,
    #871,#872,#873,#874,#875,#876,#877,#878,#879,#880,#881,#882,#883,
    #884,#885,#886,#887,#888,#889,#890,#891,#892,#893,#894,#895,#896,
    #897,#898,#899,#900,#901,#902,#903,#904,#905,#906,#907,#908,#909,
    #910,#911,#912,#913,#914,#915,#916,#917,#918,#919,#920,#921,#922,
    #923,#924,#925,#926,#927,#928,#929,#930,#931,#932,#933,#934,#935,
    #936),.UNSPECIFIED.,.F.,.F.,(8,6,6,6,6,6,6,6,6,6,6,6,6,6,6,6,8),(0.,
    2.8042873936E-02,5.878335597919E-02,0.129784792105,0.162643636288,
    0.219646869578,0.264074374042,0.311810240292,0.402292952009,
    0.500698856879,0.598489311625,0.719054653044,0.739875065942,
    0.80587708718,0.870881980308,0.972450025794,1.),.UNSPECIFIED.);
#839 = CARTESIAN_POINT('',(2.066987298108,-4.440892098501E-16,-1.6));
#840 = CARTESIAN_POINT('',(2.066987298108,5.202606980492E-02,
    -1.596795206074));
#841 = CARTESIAN_POINT('',(2.065459545402,0.104052297486,-1.593590602952
    ));
#842 = CARTESIAN_POINT('',(2.062404047042,0.156024611531,-1.590386086867
    ));
#843 = CARTESIAN_POINT('',(2.057823176221,0.207889165705,-1.587181570114
    ));
#844 = CARTESIAN_POINT('',(2.051721672279,0.259592339052,-1.583976981051
    ));
#845 = CARTESIAN_POINT('',(2.044106640698,0.311080735891,-1.580772264102
    ));
#846 = CARTESIAN_POINT('',(2.024991247126,0.418448830491,-1.57405419883)
  );
#847 = CARTESIAN_POINT('',(2.013187541157,0.474274780788,-1.570540810611
    ));
#848 = CARTESIAN_POINT('',(1.99958894194,0.529708940161,-1.567027174351)
  );
#849 = CARTESIAN_POINT('',(1.984211247923,0.584682147775,-1.563513271949
    ));
#850 = CARTESIAN_POINT('',(1.967073549261,0.639126178507,-1.559999107941
    ));
#851 = CARTESIAN_POINT('',(1.948198227818,0.692973742954,-1.556484709502
    ));
#852 = CARTESIAN_POINT('',(1.880060441199,0.868999542161,-1.544852477422
    ));
#853 = CARTESIAN_POINT('',(1.823374259301,0.988312094943,-1.536733378202
    ));
#854 = CARTESIAN_POINT('',(1.757870651031,1.103268841031,-1.52861411934)
  );
#855 = CARTESIAN_POINT('',(1.683958047951,1.213093995731,-1.520495545984
    ));
#856 = CARTESIAN_POINT('',(1.602124482806,1.317062073165,-1.51237808272)
  );
#857 = CARTESIAN_POINT('',(1.512934852166,1.414502122354,-1.504262051685
    ));
#858 = CARTESIAN_POINT('',(1.372654896796,1.546599923492,-1.492393303163
    ));
#859 = CARTESIAN_POINT('',(1.326835522274,1.586865538982,-1.48863871029)
  );
#860 = CARTESIAN_POINT('',(1.279641267885,1.625544617461,-1.484884510741
    ));
#861 = CARTESIAN_POINT('',(1.23113820857,1.662581066534,-1.481130695577)
  );
#862 = CARTESIAN_POINT('',(1.181395135269,1.697922351028,-1.477377241514
    ));
#863 = CARTESIAN_POINT('',(1.130483554918,1.731519492989,-1.473624110933
    ));
#864 = CARTESIAN_POINT('',(0.988258375124,1.818506578874,-1.463360825043
    ));
#865 = CARTESIAN_POINT('',(0.894743223375,1.868301802214,-1.456851067438
    ));
#866 = CARTESIAN_POINT('',(0.7983216254,1.91247483843,-1.45034196765));
#867 = CARTESIAN_POINT('',(0.699400048577,1.950824670474,-1.443833146375
    ));
#868 = CARTESIAN_POINT('',(0.598400401169,1.983187783323,-1.437324108539
    ));
#869 = CARTESIAN_POINT('',(0.495758396031,2.009438779765,-1.43081449542)
  );
#870 = CARTESIAN_POINT('',(0.310993246081,2.045119406781,-1.419230412277
    ));
#871 = CARTESIAN_POINT('',(0.229336962595,2.056982883059,-1.414156026524
    ));
#872 = CARTESIAN_POINT('',(0.147164414318,2.065040686144,-1.409081142276
    ));
#873 = CARTESIAN_POINT('',(6.468842836716E-02,2.069266964534,
    -1.404005674403));
#874 = CARTESIAN_POINT('',(-1.787716910636E-02,2.069650777168,
    -1.398929546753));
#875 = CARTESIAN_POINT('',(-0.100318030544,2.066196116488,-1.39385274901
    ));
#876 = CARTESIAN_POINT('',(-0.270635329337,2.051106063253,
    -1.383319945098));
#877 = CARTESIAN_POINT('',(-0.358461166465,2.038880462475,
    -1.377863741245));
#878 = CARTESIAN_POINT('',(-0.445631116894,2.0222687898,-1.372406931647)
  );
#879 = CARTESIAN_POINT('',(-0.531882714978,2.00131430535,-1.36694959234)
  );
#880 = CARTESIAN_POINT('',(-0.616957861145,1.976079704529,
    -1.361491790363));
#881 = CARTESIAN_POINT('',(-0.700603494535,1.9466469538,-1.356033648377)
  );
#882 = CARTESIAN_POINT('',(-0.93794300187,1.849561776208,-1.340229388271
    ));
#883 = CARTESIAN_POINT('',(-1.087314835988,1.771275759706,
    -1.329881328024));
#884 = CARTESIAN_POINT('',(-1.228970214115,1.678953100883,
    -1.319534733776));
#885 = CARTESIAN_POINT('',(-1.361347416203,1.573526208347,
    -1.309190159985));
#886 = CARTESIAN_POINT('',(-1.483029377381,1.456123517735,
    -1.298846704455));
#887 = CARTESIAN_POINT('',(-1.592757590065,1.328058507796,
    -1.288503874871));
#888 = CARTESIAN_POINT('',(-1.794653380509,1.041626904609,-1.26691834587
    ));
#889 = CARTESIAN_POINT('',(-1.884479776147,0.881535033264,
    -1.255672175377));
#890 = CARTESIAN_POINT('',(-1.95756073504,0.712524007599,-1.244428701816
    ));
#891 = CARTESIAN_POINT('',(-2.012879359347,0.536703391182,-1.23318627683
    ));
#892 = CARTESIAN_POINT('',(-2.049736386533,0.356296687678,-1.22194185105
    ));
#893 = CARTESIAN_POINT('',(-2.067758210901,0.173615294099,
    -1.210694349809));
#894 = CARTESIAN_POINT('',(-2.066182596074,-0.19036851125,
    -1.188271571757));
#895 = CARTESIAN_POINT('',(-2.046819423966,-0.371744900016,
    -1.177091914233));
#896 = CARTESIAN_POINT('',(-2.008876367905,-0.550728806956,
    -1.165912660097));
#897 = CARTESIAN_POINT('',(-1.952737137857,-0.725055015657,
    -1.154733922345));
#898 = CARTESIAN_POINT('',(-1.879102540848,-0.892546394994,
    -1.143554703992));
#899 = CARTESIAN_POINT('',(-1.788982561992,-1.051138977131,
    -1.132375383327));
#900 = CARTESIAN_POINT('',(-1.554007509014,-1.381133349452,
    -1.107422076478));
#901 = CARTESIAN_POINT('',(-1.401203117625,-1.54704244095,
    -1.093640711213));
#902 = CARTESIAN_POINT('',(-1.227888007132,-1.692994064497,
    -1.079867929095));
#903 = CARTESIAN_POINT('',(-1.03725209166,-1.816052090616,
    -1.066099988081));
#904 = CARTESIAN_POINT('',(-0.832885983824,-1.913899355063,
    -1.052330630325));
#905 = CARTESIAN_POINT('',(-0.618777952088,-1.984837975905,
    -1.038553587256));
#906 = CARTESIAN_POINT('',(-0.361415336641,-2.035511599702,
    -1.022400112519));
#907 = CARTESIAN_POINT('',(-0.323353528856,-2.042147498106,
    -1.02002124116));
#908 = CARTESIAN_POINT('',(-0.285150688866,-2.047952855843,
    -1.017642245855));
#909 = CARTESIAN_POINT('',(-0.246828564088,-2.052924126933,
    -1.015263121058));
#910 = CARTESIAN_POINT('',(-0.208408995535,-2.057058479751,
    -1.012883862863));
#911 = CARTESIAN_POINT('',(-0.169913917817,-2.060353797016,
    -1.01050446901));
#912 = CARTESIAN_POINT('',(-9.163998347042E-03,-2.070590796283,
    -1.000581678381));
#913 = CARTESIAN_POINT('',(0.113580113518,-2.069927439466,
    -0.993036734569));
#914 = CARTESIAN_POINT('',(0.236157725028,-2.06077225805,-0.985490616038
    ));
#915 = CARTESIAN_POINT('',(0.357865464536,-2.043155682498,
    -0.977943391535));
#916 = CARTESIAN_POINT('',(0.478008352127,-2.017178278551,
    -0.970395124682));
#917 = CARTESIAN_POINT('',(0.595903208333,-1.983010264975,
    -0.962846226723));
#918 = CARTESIAN_POINT('',(0.824125649845,-1.899420343067,
    -0.947863267083));
#919 = CARTESIAN_POINT('',(0.934549268883,-1.850233103878,
    -0.940428615358));
#920 = CARTESIAN_POINT('',(1.041517121291,-1.793569092567,
    -0.932994737752));
#921 = CARTESIAN_POINT('',(1.14442417589,-1.729722934367,-0.925562028423
    ));
#922 = CARTESIAN_POINT('',(1.242700032136,-1.659048454001,
    -0.918130583199));
#923 = CARTESIAN_POINT('',(1.335811886495,-1.581956868503,-0.91070047273
    ));
#924 = CARTESIAN_POINT('',(1.559914067736,-1.36916471203,-0.891665291432
    ));
#925 = CARTESIAN_POINT('',(1.682791745091,-1.224851349012,
    -0.880059305189));
#926 = CARTESIAN_POINT('',(1.789977462302,-1.067779863561,
    -0.868458297397));
#927 = CARTESIAN_POINT('',(1.879931755323,-0.900016040511,
    -0.856859140954));
#928 = CARTESIAN_POINT('',(1.951443825133,-0.723818981063,
    -0.845256419824));
#929 = CARTESIAN_POINT('',(2.003646323146,-0.54161272236,-0.833647897771
    ));
#930 = CARTESIAN_POINT('',(2.044902769375,-0.305649354866,
    -0.818891878192));
#931 = CARTESIAN_POINT('',(2.052253235602,-0.255047636723,
    -0.815743249982));
#932 = CARTESIAN_POINT('',(2.058142438194,-0.204242257739,
    -0.812594539128));
#933 = CARTESIAN_POINT('',(2.062563758747,-0.153283859664,
    -0.809445797887));
#934 = CARTESIAN_POINT('',(2.065512782453,-0.102223286357,-0.80629708422
    ));
#935 = CARTESIAN_POINT('',(2.066987298108,-5.111158377944E-02,
    -0.803148461798));
#936 = CARTESIAN_POINT('',(2.066987298108,-3.508304757815E-14,-0.8));
#937 = ORIENTED_EDGE('',*,*,#938,.T.);
#938 = EDGE_CURVE('',#836,#939,#941,.T.);
#939 = VERTEX_POINT('',#940);
#940 = CARTESIAN_POINT('',(2.5,-1.854410869614E-14,-1.35));
#941 = B_SPLINE_CURVE_WITH_KNOTS('',1,(#942,#943),.UNSPECIFIED.,.F.,.F.,
  (2,2),(0.,0.673205080757),.PIECEWISE_BEZIER_KNOTS.);
#942 = CARTESIAN_POINT('',(1.916987298108,-3.223341695589E-14,
    -1.686602540378));
#943 = CARTESIAN_POINT('',(2.5,-3.670342709748E-14,-1.35));
#944 = ORIENTED_EDGE('',*,*,#945,.T.);
#945 = EDGE_CURVE('',#939,#946,#948,.T.);
#946 = VERTEX_POINT('',#947);
#947 = CARTESIAN_POINT('',(2.5,-1.854410869614E-14,-0.55));
#948 = B_SPLINE_CURVE_WITH_KNOTS('',10,(#949,#950,#951,#952,#953,#954,
    #955,#956,#957,#958,#959),.UNSPECIFIED.,.F.,.F.,(11,11),(0.,
    6.333910135482),.PIECEWISE_BEZIER_KNOTS.);
#949 = CARTESIAN_POINT('',(2.5,-2.129488857846E-15,-1.35));
#950 = CARTESIAN_POINT('',(2.5,1.570717537272,-1.27));
#951 = CARTESIAN_POINT('',(1.403668149748,3.142182983908,-1.189999999999
    ));
#952 = CARTESIAN_POINT('',(-0.791960318462,3.845629392646,
    -1.110000000001));
#953 = CARTESIAN_POINT('',(-3.298098154466,2.859654399612,
    -1.029999999998));
#954 = CARTESIAN_POINT('',(-4.62721249084,-1.208810829212E-12,
    -0.950000000003));
#955 = CARTESIAN_POINT('',(-3.298098154469,-2.859654399609,
    -0.869999999998));
#956 = CARTESIAN_POINT('',(-0.791960318458,-3.845629392648,
    -0.790000000001));
#957 = CARTESIAN_POINT('',(1.403668149747,-3.142182983907,
    -0.709999999999));
#958 = CARTESIAN_POINT('',(2.5,-1.570717537272,-0.63));
#959 = CARTESIAN_POINT('',(2.5,-3.670342709748E-14,-0.55));
#960 = ORIENTED_EDGE('',*,*,#961,.F.);
#961 = EDGE_CURVE('',#505,#946,#962,.T.);
#962 = B_SPLINE_CURVE_WITH_KNOTS('',1,(#963,#964),.UNSPECIFIED.,.F.,.F.,
  (2,2),(0.,0.673205080757),.PIECEWISE_BEZIER_KNOTS.);
#963 = CARTESIAN_POINT('',(1.916987298108,-3.223341695589E-14,
    -0.886602540378));
#964 = CARTESIAN_POINT('',(2.5,-3.670342709748E-14,-0.55));
#965 = ORIENTED_EDGE('',*,*,#521,.T.);
#966 = B_SPLINE_SURFACE_WITH_KNOTS('',1,10,(
    (#967,#968,#969,#970,#971,#972,#973,#974,#975,#976,#977)
    ,(#978,#979,#980,#981,#982,#983,#984,#985,#986,#987,#988
  )),.UNSPECIFIED.,.F.,.F.,.F.,(2,2),(11,11),(0.,0.673205080757),(0.,
    6.333910135482),.PIECEWISE_BEZIER_KNOTS.);
#967 = CARTESIAN_POINT('',(1.916987298108,6.39129157177E-16,
    -1.686602540378));
#968 = CARTESIAN_POINT('',(1.916987298108,1.204478642552,-1.606602540379
    ));
#969 = CARTESIAN_POINT('',(1.076283436692,2.408926956042,-1.526602540378
    ));
#970 = CARTESIAN_POINT('',(-0.607086413629,2.949907463791,-1.44660254038
    ));
#971 = CARTESIAN_POINT('',(-2.529362975791,2.19171720921,-1.366602540376
    ));
#972 = CARTESIAN_POINT('',(-3.547614764825,-5.577760475717E-13,
    -1.286602540382));
#973 = CARTESIAN_POINT('',(-2.529362975793,-2.191717209209,
    -1.206602540376));
#974 = CARTESIAN_POINT('',(-0.607086413627,-2.949907463792,
    -1.12660254038));
#975 = CARTESIAN_POINT('',(1.076283436691,-2.408926956042,
    -1.046602540378));
#976 = CARTESIAN_POINT('',(1.916987298108,-1.204478642552,
    -0.966602540379));
#977 = CARTESIAN_POINT('',(1.916987298108,-3.223341695589E-14,
    -0.886602540378));
#978 = CARTESIAN_POINT('',(2.5,-2.129488857846E-15,-1.35));
#979 = CARTESIAN_POINT('',(2.5,1.570717537272,-1.27));
#980 = CARTESIAN_POINT('',(1.403668149748,3.142182983908,-1.189999999999
    ));
#981 = CARTESIAN_POINT('',(-0.791960318462,3.845629392646,
    -1.110000000001));
#982 = CARTESIAN_POINT('',(-3.298098154466,2.859654399612,
    -1.029999999998));
#983 = CARTESIAN_POINT('',(-4.62721249084,-1.208810829212E-12,
    -0.950000000003));
#984 = CARTESIAN_POINT('',(-3.298098154469,-2.859654399609,
    -0.869999999998));
#985 = CARTESIAN_POINT('',(-0.791960318458,-3.845629392648,
    -0.790000000001));
#986 = CARTESIAN_POINT('',(1.403668149747,-3.142182983907,
    -0.709999999999));
#987 = CARTESIAN_POINT('',(2.5,-1.570717537272,-0.63));
#988 = CARTESIAN_POINT('',(2.5,-3.670342709748E-14,-0.55));
#989 = ADVANCED_FACE('',(#990),#1008,.T.);
#990 = FACE_BOUND('',#991,.T.);
#991 = EDGE_LOOP('',(#992,#993,#994));
#992 = ORIENTED_EDGE('',*,*,#504,.F.);
#993 = ORIENTED_EDGE('',*,*,#961,.T.);
#994 = ORIENTED_EDGE('',*,*,#995,.T.);
#995 = EDGE_CURVE('',#946,#486,#996,.T.);
#996 = B_SPLINE_CURVE_WITH_KNOTS('',10,(#997,#998,#999,#1000,#1001,#1002
    ,#1003,#1004,#1005,#1006,#1007),.UNSPECIFIED.,.F.,.F.,(11,11),(0.,
    6.333910135482),.PIECEWISE_BEZIER_KNOTS.);
#997 = CARTESIAN_POINT('',(2.5,-2.129488857846E-15,-0.55));
#998 = CARTESIAN_POINT('',(2.5,1.570717537272,-0.47));
#999 = CARTESIAN_POINT('',(1.403668149748,3.142182983908,-0.389999999999
    ));
#1000 = CARTESIAN_POINT('',(-0.791960318462,3.845629392646,
    -0.310000000001));
#1001 = CARTESIAN_POINT('',(-3.298098154466,2.859654399612,
    -0.229999999998));
#1002 = CARTESIAN_POINT('',(-4.62721249084,-1.208810829212E-12,
    -0.150000000003));
#1003 = CARTESIAN_POINT('',(-3.298098154469,-2.859654399609,
    -6.999999999765E-02));
#1004 = CARTESIAN_POINT('',(-0.791960318458,-3.845629392648,
    9.999999998515E-03));
#1005 = CARTESIAN_POINT('',(1.403668149747,-3.142182983907,
    9.000000000064E-02));
#1006 = CARTESIAN_POINT('',(2.5,-1.570717537272,0.17));
#1007 = CARTESIAN_POINT('',(2.5,-3.670342709748E-14,0.25));
#1008 = B_SPLINE_SURFACE_WITH_KNOTS('',1,10,(
    (#1009,#1010,#1011,#1012,#1013,#1014,#1015,#1016,#1017,#1018,#1019)
    ,(#1020,#1021,#1022,#1023,#1024,#1025,#1026,#1027,#1028,#1029,#1030
    )),.UNSPECIFIED.,.F.,.F.,.F.,(2,2),(11,11),(0.,0.673205080757),(0.,
    6.333910135482),.PIECEWISE_BEZIER_KNOTS.);
#1009 = CARTESIAN_POINT('',(1.916987298108,6.39129157177E-16,
    -0.886602540378));
#1010 = CARTESIAN_POINT('',(1.916987298108,1.204478642552,
    -0.806602540379));
#1011 = CARTESIAN_POINT('',(1.076283436692,2.408926956042,
    -0.726602540378));
#1012 = CARTESIAN_POINT('',(-0.607086413629,2.949907463791,
    -0.64660254038));
#1013 = CARTESIAN_POINT('',(-2.529362975791,2.19171720921,
    -0.566602540376));
#1014 = CARTESIAN_POINT('',(-3.547614764825,-5.577760475717E-13,
    -0.486602540382));
#1015 = CARTESIAN_POINT('',(-2.529362975793,-2.191717209209,
    -0.406602540376));
#1016 = CARTESIAN_POINT('',(-0.607086413627,-2.949907463792,
    -0.32660254038));
#1017 = CARTESIAN_POINT('',(1.076283436691,-2.408926956042,
    -0.246602540378));
#1018 = CARTESIAN_POINT('',(1.916987298108,-1.204478642552,
    -0.166602540379));
#1019 = CARTESIAN_POINT('',(1.916987298108,-3.223341695589E-14,
    -8.660254037844E-02));
#1020 = CARTESIAN_POINT('',(2.5,-2.129488857846E-15,-0.55));
#1021 = CARTESIAN_POINT('',(2.5,1.570717537272,-0.47));
#1022 = CARTESIAN_POINT('',(1.403668149748,3.142182983908,
    -0.389999999999));
#1023 = CARTESIAN_POINT('',(-0.791960318462,3.845629392646,
    -0.310000000001));
#1024 = CARTESIAN_POINT('',(-3.298098154466,2.859654399612,
    -0.229999999998));
#1025 = CARTESIAN_POINT('',(-4.62721249084,-1.208810829212E-12,
    -0.150000000003));
#1026 = CARTESIAN_POINT('',(-3.298098154469,-2.859654399609,
    -6.999999999765E-02));
#1027 = CARTESIAN_POINT('',(-0.791960318458,-3.845629392648,
    9.999999998515E-03));
#1028 = CARTESIAN_POINT('',(1.403668149747,-3.142182983907,
    9.000000000064E-02));
#1029 = CARTESIAN_POINT('',(2.5,-1.570717537272,0.17));
#1030 = CARTESIAN_POINT('',(2.5,-3.670342709748E-14,0.25));
#1031 = ADVANCED_FACE('',(#1032),#1055,.T.);
#1032 = FACE_BOUND('',#1033,.T.);
#1033 = EDGE_LOOP('',(#1034,#1035,#1040,#1054));
#1034 = ORIENTED_EDGE('',*,*,#995,.F.);
#1035 = ORIENTED_EDGE('',*,*,#1036,.T.);
#1036 = EDGE_CURVE('',#946,#680,#1037,.T.);
#1037 = B_SPLINE_CURVE_WITH_KNOTS('',1,(#1038,#1039),.UNSPECIFIED.,.F.,
  .F.,(2,2),(0.,1.E-01),.PIECEWISE_BEZIER_KNOTS.);
#1038 = CARTESIAN_POINT('',(2.5,-3.583107781596E-14,-0.55));
#1039 = CARTESIAN_POINT('',(2.5,-3.583107781596E-14,-0.45));
#1040 = ORIENTED_EDGE('',*,*,#1041,.T.);
#1041 = EDGE_CURVE('',#680,#474,#1042,.T.);
#1042 = B_SPLINE_CURVE_WITH_KNOTS('',10,(#1043,#1044,#1045,#1046,#1047,
    #1048,#1049,#1050,#1051,#1052,#1053),.UNSPECIFIED.,.F.,.F.,(11,11),(
    0.,6.333910135482),.PIECEWISE_BEZIER_KNOTS.);
#1043 = CARTESIAN_POINT('',(2.5,-1.257139576327E-15,-0.45));
#1044 = CARTESIAN_POINT('',(2.5,1.570717537272,-0.37));
#1045 = CARTESIAN_POINT('',(1.403668149748,3.142182983908,-0.29));
#1046 = CARTESIAN_POINT('',(-0.791960318461,3.845629392646,
    -0.210000000001));
#1047 = CARTESIAN_POINT('',(-3.298098154466,2.859654399612,
    -0.129999999999));
#1048 = CARTESIAN_POINT('',(-4.62721249084,-1.165290086647E-12,
    -5.000000000129E-02));
#1049 = CARTESIAN_POINT('',(-3.298098154469,-2.859654399609,
    3.000000000117E-02));
#1050 = CARTESIAN_POINT('',(-0.791960318458,-3.845629392648,
    0.109999999999));
#1051 = CARTESIAN_POINT('',(1.403668149747,-3.142182983907,0.19));
#1052 = CARTESIAN_POINT('',(2.5,-1.570717537272,0.27));
#1053 = CARTESIAN_POINT('',(2.5,-3.583107781596E-14,0.35));
#1054 = ORIENTED_EDGE('',*,*,#485,.T.);
#1055 = B_SPLINE_SURFACE_WITH_KNOTS('',1,10,(
    (#1056,#1057,#1058,#1059,#1060,#1061,#1062,#1063,#1064,#1065,#1066)
    ,(#1067,#1068,#1069,#1070,#1071,#1072,#1073,#1074,#1075,#1076,#1077
    )),.UNSPECIFIED.,.F.,.F.,.F.,(2,2),(11,11),(0.,1.E-01),(0.,
    6.333910135482),.PIECEWISE_BEZIER_KNOTS.);
#1056 = CARTESIAN_POINT('',(2.5,-1.257139576327E-15,-0.55));
#1057 = CARTESIAN_POINT('',(2.5,1.570717537272,-0.47));
#1058 = CARTESIAN_POINT('',(1.403668149748,3.142182983908,
    -0.389999999999));
#1059 = CARTESIAN_POINT('',(-0.791960318461,3.845629392646,
    -0.310000000001));
#1060 = CARTESIAN_POINT('',(-3.298098154466,2.859654399612,
    -0.229999999998));
#1061 = CARTESIAN_POINT('',(-4.62721249084,-1.165290086647E-12,
    -0.150000000003));
#1062 = CARTESIAN_POINT('',(-3.298098154469,-2.859654399609,
    -6.999999999765E-02));
#1063 = CARTESIAN_POINT('',(-0.791960318458,-3.845629392648,
    9.999999998515E-03));
#1064 = CARTESIAN_POINT('',(1.403668149747,-3.142182983907,
    9.000000000064E-02));
#1065 = CARTESIAN_POINT('',(2.5,-1.570717537272,0.17));
#1066 = CARTESIAN_POINT('',(2.5,-3.583107781596E-14,0.25));
#1067 = CARTESIAN_POINT('',(2.5,-1.257139576327E-15,-0.45));
#1068 = CARTESIAN_POINT('',(2.5,1.570717537272,-0.37));
#1069 = CARTESIAN_POINT('',(1.403668149748,3.142182983908,-0.29));
#1070 = CARTESIAN_POINT('',(-0.791960318461,3.845629392646,
    -0.210000000001));
#1071 = CARTESIAN_POINT('',(-3.298098154466,2.859654399612,
    -0.129999999999));
#1072 = CARTESIAN_POINT('',(-4.62721249084,-1.165290086647E-12,
    -5.000000000129E-02));
#1073 = CARTESIAN_POINT('',(-3.298098154469,-2.859654399609,
    3.000000000117E-02));
#1074 = CARTESIAN_POINT('',(-0.791960318458,-3.845629392648,
    0.109999999999));
#1075 = CARTESIAN_POINT('',(1.403668149747,-3.142182983907,0.19));
#1076 = CARTESIAN_POINT('',(2.5,-1.570717537272,0.27));
#1077 = CARTESIAN_POINT('',(2.5,-3.583107781596E-14,0.35));
#1078 = ADVANCED_FACE('',(#1079),#1084,.T.);
#1079 = FACE_BOUND('',#1080,.T.);
#1080 = EDGE_LOOP('',(#1081,#1082,#1083));
#1081 = ORIENTED_EDGE('',*,*,#1041,.F.);
#1082 = ORIENTED_EDGE('',*,*,#804,.T.);
#1083 = ORIENTED_EDGE('',*,*,#473,.T.);
#1084 = B_SPLINE_SURFACE_WITH_KNOTS('',1,10,(
    (#1085,#1086,#1087,#1088,#1089,#1090,#1091,#1092,#1093,#1094,#1095)
    ,(#1096,#1097,#1098,#1099,#1100,#1101,#1102,#1103,#1104,#1105,#1106
    )),.UNSPECIFIED.,.F.,.F.,.F.,(2,2),(11,11),(0.,0.673205080757),(0.,
    6.333910135482),.PIECEWISE_BEZIER_KNOTS.);
#1085 = CARTESIAN_POINT('',(2.5,-1.257139576327E-15,-0.45));
#1086 = CARTESIAN_POINT('',(2.5,1.570717537272,-0.37));
#1087 = CARTESIAN_POINT('',(1.403668149748,3.142182983908,-0.29));
#1088 = CARTESIAN_POINT('',(-0.791960318461,3.845629392646,
    -0.210000000001));
#1089 = CARTESIAN_POINT('',(-3.298098154466,2.859654399612,
    -0.129999999999));
#1090 = CARTESIAN_POINT('',(-4.62721249084,-1.165290086647E-12,
    -5.000000000129E-02));
#1091 = CARTESIAN_POINT('',(-3.298098154469,-2.859654399609,
    3.000000000117E-02));
#1092 = CARTESIAN_POINT('',(-0.791960318458,-3.845629392648,
    0.109999999999));
#1093 = CARTESIAN_POINT('',(1.403668149747,-3.142182983907,0.19));
#1094 = CARTESIAN_POINT('',(2.5,-1.570717537272,0.27));
#1095 = CARTESIAN_POINT('',(2.5,-3.583107781596E-14,0.35));
#1096 = CARTESIAN_POINT('',(1.916987298108,-1.891531342156E-15,
    -0.113397459622));
#1097 = CARTESIAN_POINT('',(1.916987298108,1.204478642552,
    -3.339745962164E-02));
#1098 = CARTESIAN_POINT('',(1.076283436692,2.408926956042,
    4.660254037881E-02));
#1099 = CARTESIAN_POINT('',(-0.607086413629,2.949907463791,
    0.126602540378));
#1100 = CARTESIAN_POINT('',(-2.529362975791,2.191717209209,0.20660254038
    ));
#1101 = CARTESIAN_POINT('',(-3.547614764825,-1.429967255717E-13,
    0.286602540377));
#1102 = CARTESIAN_POINT('',(-2.529362975793,-2.191717209209,
    0.36660254038));
#1103 = CARTESIAN_POINT('',(-0.607086413627,-2.949907463792,
    0.446602540378));
#1104 = CARTESIAN_POINT('',(1.076283436691,-2.408926956042,
    0.526602540379));
#1105 = CARTESIAN_POINT('',(1.916987298108,-1.204478642552,
    0.606602540378));
#1106 = CARTESIAN_POINT('',(1.916987298108,-3.121136377642E-14,
    0.686602540378));
#1107 = ADVANCED_FACE('',(#1108),#1242,.T.);
#1108 = FACE_BOUND('',#1109,.T.);
#1109 = EDGE_LOOP('',(#1110,#1213,#1214,#1221,#1237));
#1110 = ORIENTED_EDGE('',*,*,#1111,.F.);
#1111 = EDGE_CURVE('',#559,#1112,#1114,.T.);
#1112 = VERTEX_POINT('',#1113);
#1113 = CARTESIAN_POINT('',(2.066987298108,-1.694487307382E-14,-3.2));
#1114 = B_SPLINE_CURVE_WITH_KNOTS('',7,(#1115,#1116,#1117,#1118,#1119,
    #1120,#1121,#1122,#1123,#1124,#1125,#1126,#1127,#1128,#1129,#1130,
    #1131,#1132,#1133,#1134,#1135,#1136,#1137,#1138,#1139,#1140,#1141,
    #1142,#1143,#1144,#1145,#1146,#1147,#1148,#1149,#1150,#1151,#1152,
    #1153,#1154,#1155,#1156,#1157,#1158,#1159,#1160,#1161,#1162,#1163,
    #1164,#1165,#1166,#1167,#1168,#1169,#1170,#1171,#1172,#1173,#1174,
    #1175,#1176,#1177,#1178,#1179,#1180,#1181,#1182,#1183,#1184,#1185,
    #1186,#1187,#1188,#1189,#1190,#1191,#1192,#1193,#1194,#1195,#1196,
    #1197,#1198,#1199,#1200,#1201,#1202,#1203,#1204,#1205,#1206,#1207,
    #1208,#1209,#1210,#1211,#1212),.UNSPECIFIED.,.F.,.F.,(8,6,6,6,6,6,6,
    6,6,6,6,6,6,6,6,6,8),(0.,2.804288237538E-02,5.87833739733E-02,
    0.129784831673,0.162643685913,0.219646936523,0.264074453625,
    0.311810330386,0.402293063117,0.500698725965,0.598485940543,
    0.71985885471,0.73965674977,0.81265873438,0.872576948773,
    0.972572448279,1.),.UNSPECIFIED.);
#1115 = CARTESIAN_POINT('',(2.066987298108,-4.440892098501E-16,-4.));
#1116 = CARTESIAN_POINT('',(2.066987298108,5.202606965356E-02,
    -3.996795206083));
#1117 = CARTESIAN_POINT('',(2.065459545411,0.104052297183,
    -3.993590602971));
#1118 = CARTESIAN_POINT('',(2.062404047069,0.156024611077,
    -3.990386086895));
#1119 = CARTESIAN_POINT('',(2.057823176275,0.207889165102,
    -3.987181570151));
#1120 = CARTESIAN_POINT('',(2.051721672368,0.2595923383,-3.983976981098)
  );
#1121 = CARTESIAN_POINT('',(2.044106640831,0.311080734992,
    -3.980772264158));
#1122 = CARTESIAN_POINT('',(2.02499124727,0.418448829844,-3.974054198871
    ));
#1123 = CARTESIAN_POINT('',(2.013187541236,0.474274780534,
    -3.970540810627));
#1124 = CARTESIAN_POINT('',(1.999588941928,0.529708940295,
    -3.967027174343));
#1125 = CARTESIAN_POINT('',(1.984211247794,0.584682148289,
    -3.963513271917));
#1126 = CARTESIAN_POINT('',(1.967073548992,0.639126179395,
    -3.959999107883));
#1127 = CARTESIAN_POINT('',(1.948198227384,0.692973744205,-3.95648470942
    ));
#1128 = CARTESIAN_POINT('',(1.880060440475,0.868999543727,
    -3.944852477316));
#1129 = CARTESIAN_POINT('',(1.823374258478,0.988312096461,
    -3.936733378096));
#1130 = CARTESIAN_POINT('',(1.757870650113,1.103268842495,
    -3.928614119234));
#1131 = CARTESIAN_POINT('',(1.683958046941,1.213093997133,
    -3.920495545878));
#1132 = CARTESIAN_POINT('',(1.60212448171,1.317062074498,-3.912378082614
    ));
#1133 = CARTESIAN_POINT('',(1.512934850989,1.414502123614,
    -3.904262051579));
#1134 = CARTESIAN_POINT('',(1.372654895411,1.546599924727,
    -3.892393303049));
#1135 = CARTESIAN_POINT('',(1.326835520751,1.586865540264,
    -3.888638710167));
#1136 = CARTESIAN_POINT('',(1.27964126622,1.625544618782,-3.88488451061)
  );
#1137 = CARTESIAN_POINT('',(1.231138206759,1.662581067886,
    -3.881130695438));
#1138 = CARTESIAN_POINT('',(1.181395133308,1.697922352401,
    -3.877377241367));
#1139 = CARTESIAN_POINT('',(1.130483552804,1.731519494374,
    -3.873624110778));
#1140 = CARTESIAN_POINT('',(0.988258372784,1.818506580145,-3.86336082488
    ));
#1141 = CARTESIAN_POINT('',(0.894743220971,1.868301803366,
    -3.856851067274));
#1142 = CARTESIAN_POINT('',(0.798321622939,1.912474839457,
    -3.850341967486));
#1143 = CARTESIAN_POINT('',(0.699400046066,1.950824671374,
    -3.843833146212));
#1144 = CARTESIAN_POINT('',(0.598400398617,1.983187784093,
    -3.837324108375));
#1145 = CARTESIAN_POINT('',(0.495758393445,2.009438780403,
    -3.830814495256));
#1146 = CARTESIAN_POINT('',(0.310993245019,2.045119406878,
    -3.819230412211));
#1147 = CARTESIAN_POINT('',(0.229336963116,2.056982882894,
    -3.814156026557));
#1148 = CARTESIAN_POINT('',(0.147164416442,2.065040685864,
    -3.809081142407));
#1149 = CARTESIAN_POINT('',(6.468843210364E-02,2.069266964289,
    -3.804005674633));
#1150 = CARTESIAN_POINT('',(-1.787716376186E-02,2.069650777108,
    -3.798929547081));
#1151 = CARTESIAN_POINT('',(-0.100318023608,2.066196116761,
    -3.793852749437));
#1152 = CARTESIAN_POINT('',(-0.27063531349,2.051106065024,-3.78331994608
    ));
#1153 = CARTESIAN_POINT('',(-0.358461143353,2.038880466001,
    -3.777863742684));
#1154 = CARTESIAN_POINT('',(-0.445631086668,2.022268795809,
    -3.772406933543));
#1155 = CARTESIAN_POINT('',(-0.531882677852,2.001314314558,
    -3.766949594692));
#1156 = CARTESIAN_POINT('',(-0.616957817399,1.976079717632,
    -3.761491793172));
#1157 = CARTESIAN_POINT('',(-0.700603444511,1.946646971467,
    -3.756033651643));
#1158 = CARTESIAN_POINT('',(-0.937942936697,1.849561808167,
    -3.740229392734));
#1159 = CARTESIAN_POINT('',(-1.08731476283,1.771275802694,
    -3.729881333229));
#1160 = CARTESIAN_POINT('',(-1.228970134611,1.678953156636,
    -3.719534739722));
#1161 = CARTESIAN_POINT('',(-1.361347332292,1.573526278336,
    -3.709190166671));
#1162 = CARTESIAN_POINT('',(-1.483029291252,1.456123603118,
    -3.698846711881));
#1163 = CARTESIAN_POINT('',(-1.5927575041,1.328058609376,-3.688503883037
    ));
#1164 = CARTESIAN_POINT('',(-1.794653017003,1.041627442483,
    -3.666918385849));
#1165 = CARTESIAN_POINT('',(-1.884479217885,0.88153605008,
    -3.655672246452));
#1166 = CARTESIAN_POINT('',(-1.957560079157,0.712525546084,
    -3.644428803959));
#1167 = CARTESIAN_POINT('',(-2.012878710224,0.53670547592,
    -3.633186410034));
#1168 = CARTESIAN_POINT('',(-2.049735852301,0.356299324138,
    -3.621942015343));
#1169 = CARTESIAN_POINT('',(-2.067757899864,0.173618468045,
    -3.610694545227));
#1170 = CARTESIAN_POINT('',(-2.066182960973,-0.190358769363,
    -3.588272172002));
#1171 = CARTESIAN_POINT('',(-2.04682138019,-0.371729125686,
    -3.577092888647));
#1172 = CARTESIAN_POINT('',(-2.008881154962,-0.550707272685,
    -3.565914008487));
#1173 = CARTESIAN_POINT('',(-1.952745938795,-0.725028219001,
    -3.554735644514));
#1174 = CARTESIAN_POINT('',(-1.87911644204,-0.892515043897,
    -3.543556799952));
#1175 = CARTESIAN_POINT('',(-1.789002514615,-1.051103970987,
    -3.532377853107));
#1176 = CARTESIAN_POINT('',(-1.553169378351,-1.382319071611,
    -3.507332635289));
#1177 = CARTESIAN_POINT('',(-1.399188559166,-1.549234591606,
    -3.493458816089));
#1178 = CARTESIAN_POINT('',(-1.224437815662,-1.69589908208,
    -3.479593809315));
#1179 = CARTESIAN_POINT('',(-1.032177089794,-1.819321661902,
    -3.465733726011));
#1180 = CARTESIAN_POINT('',(-0.826075337206,-1.917147692235,
    -3.451872127752));
#1181 = CARTESIAN_POINT('',(-0.610208198512,-1.987658504952,
    -3.438002552769));
#1182 = CARTESIAN_POINT('',(-0.352984504597,-2.036955449668,
    -3.421873457685));
#1183 = CARTESIAN_POINT('',(-0.316767953262,-2.043121040871,
    -3.419611395197));
#1184 = CARTESIAN_POINT('',(-0.280426716297,-2.048535216355,
    -3.417349219948));
#1185 = CARTESIAN_POINT('',(-0.243979501198,-2.053194991985,
    -3.415086927259));
#1186 = CARTESIAN_POINT('',(-0.20744509171,-2.057097967705,
    -3.412824513845));
#1187 = CARTESIAN_POINT('',(-0.170842347823,-2.060242327529,
    -3.410561977821));
#1188 = CARTESIAN_POINT('',(9.594705758627E-04,-2.071419395975,
    -3.399956077872));
#1189 = CARTESIAN_POINT('',(0.136789443263,-2.069881141521,
    -3.391610647089));
#1190 = CARTESIAN_POINT('',(0.272337383684,-2.057947311749,
    -3.383263869224));
#1191 = CARTESIAN_POINT('',(0.406651425762,-2.035669303876,
    -3.374915836368));
#1192 = CARTESIAN_POINT('',(0.538793997451,-2.003202577512,
    -3.366566603427));
#1193 = CARTESIAN_POINT('',(0.66784752042,-1.960805732079,
    -3.358216757049));
#1194 = CARTESIAN_POINT('',(0.895579983714,-1.866207412018,
    -3.343015256154));
#1195 = CARTESIAN_POINT('',(0.995565251131,-1.817121503978,
    -3.336162768598));
#1196 = CARTESIAN_POINT('',(1.092388152086,-1.761796679606,
    -3.329311075588));
#1197 = CARTESIAN_POINT('',(1.185583373658,-1.700479802404,
    -3.322460461283));
#1198 = CARTESIAN_POINT('',(1.274711827905,-1.63345972165,-3.31561098509
    ));
#1199 = CARTESIAN_POINT('',(1.359362561688,-1.561066037477,
    -3.308762671124));
#1200 = CARTESIAN_POINT('',(1.572317035522,-1.35450065192,
    -3.290489013254));
#1201 = CARTESIAN_POINT('',(1.69198260537,-1.211362136986,-3.2790631116)
  );
#1202 = CARTESIAN_POINT('',(1.796336857446,-1.055993016317,
    -3.267641815907));
#1203 = CARTESIAN_POINT('',(1.883926243279,-0.890375433558,
    -3.256222105276));
#1204 = CARTESIAN_POINT('',(1.953607801095,-0.716671503034,
    -3.244798922831));
#1205 = CARTESIAN_POINT('',(2.004562612184,-0.537197064506,
    -3.233370248245));
#1206 = CARTESIAN_POINT('',(2.045098326914,-0.304300067075,
    -3.21880792417));
#1207 = CARTESIAN_POINT('',(2.052383802175,-0.253918723549,
    -3.215673286391));
#1208 = CARTESIAN_POINT('',(2.058220856272,-0.203336417696,
    -3.212538567637));
#1209 = CARTESIAN_POINT('',(2.062602987455,-0.152603123696,
    -3.209403819657));
#1210 = CARTESIAN_POINT('',(2.06552585878,-0.101769012087,
    -3.206269099675));
#1211 = CARTESIAN_POINT('',(2.066987298108,-5.088444976861E-02,
    -3.203134470395));
#1212 = CARTESIAN_POINT('',(2.066987298108,-3.508304757815E-14,-3.2));
#1213 = ORIENTED_EDGE('',*,*,#556,.F.);
#1214 = ORIENTED_EDGE('',*,*,#1215,.T.);
#1215 = EDGE_CURVE('',#557,#1216,#1218,.T.);
#1216 = VERTEX_POINT('',#1217);
#1217 = CARTESIAN_POINT('',(2.5,-1.854410869614E-14,-3.75));
#1218 = B_SPLINE_CURVE_WITH_KNOTS('',1,(#1219,#1220),.UNSPECIFIED.,.F.,
  .F.,(2,2),(0.,0.673205080757),.PIECEWISE_BEZIER_KNOTS.);
#1219 = CARTESIAN_POINT('',(1.916987298108,-3.223341695589E-14,
    -4.086602540378));
#1220 = CARTESIAN_POINT('',(2.5,-3.670342709748E-14,-3.75));
#1221 = ORIENTED_EDGE('',*,*,#1222,.T.);
#1222 = EDGE_CURVE('',#1216,#1223,#1225,.T.);
#1223 = VERTEX_POINT('',#1224);
#1224 = CARTESIAN_POINT('',(2.5,-1.854410869614E-14,-2.95));
#1225 = B_SPLINE_CURVE_WITH_KNOTS('',10,(#1226,#1227,#1228,#1229,#1230,
    #1231,#1232,#1233,#1234,#1235,#1236),.UNSPECIFIED.,.F.,.F.,(11,11),(
    0.,6.333910135482),.PIECEWISE_BEZIER_KNOTS.);
#1226 = CARTESIAN_POINT('',(2.5,-2.129488857846E-15,-3.75));
#1227 = CARTESIAN_POINT('',(2.5,1.570717537272,-3.67));
#1228 = CARTESIAN_POINT('',(1.403668149748,3.142182983908,
    -3.589999999999));
#1229 = CARTESIAN_POINT('',(-0.791960318462,3.845629392646,
    -3.510000000001));
#1230 = CARTESIAN_POINT('',(-3.298098154466,2.859654399612,
    -3.429999999998));
#1231 = CARTESIAN_POINT('',(-4.62721249084,-1.208810829212E-12,
    -3.350000000003));
#1232 = CARTESIAN_POINT('',(-3.298098154469,-2.859654399609,
    -3.269999999998));
#1233 = CARTESIAN_POINT('',(-0.791960318458,-3.845629392648,
    -3.190000000001));
#1234 = CARTESIAN_POINT('',(1.403668149747,-3.142182983907,
    -3.109999999999));
#1235 = CARTESIAN_POINT('',(2.5,-1.570717537272,-3.03));
#1236 = CARTESIAN_POINT('',(2.5,-3.670342709748E-14,-2.95));
#1237 = ORIENTED_EDGE('',*,*,#1238,.F.);
#1238 = EDGE_CURVE('',#1112,#1223,#1239,.T.);
#1239 = B_SPLINE_CURVE_WITH_KNOTS('',1,(#1240,#1241),.UNSPECIFIED.,.F.,
  .F.,(2,2),(0.,0.673205080757),.PIECEWISE_BEZIER_KNOTS.);
#1240 = CARTESIAN_POINT('',(1.916987298108,-3.223341695589E-14,
    -3.286602540378));
#1241 = CARTESIAN_POINT('',(2.5,-3.670342709748E-14,-2.95));
#1242 = B_SPLINE_SURFACE_WITH_KNOTS('',1,10,(
    (#1243,#1244,#1245,#1246,#1247,#1248,#1249,#1250,#1251,#1252,#1253)
    ,(#1254,#1255,#1256,#1257,#1258,#1259,#1260,#1261,#1262,#1263,#1264
    )),.UNSPECIFIED.,.F.,.F.,.F.,(2,2),(11,11),(0.,0.673205080757),(0.,
    6.333910135482),.PIECEWISE_BEZIER_KNOTS.);
#1243 = CARTESIAN_POINT('',(1.916987298108,6.39129157177E-16,
    -4.086602540378));
#1244 = CARTESIAN_POINT('',(1.916987298108,1.204478642552,
    -4.006602540379));
#1245 = CARTESIAN_POINT('',(1.076283436692,2.408926956042,
    -3.926602540378));
#1246 = CARTESIAN_POINT('',(-0.607086413629,2.949907463791,
    -3.84660254038));
#1247 = CARTESIAN_POINT('',(-2.529362975791,2.19171720921,
    -3.766602540376));
#1248 = CARTESIAN_POINT('',(-3.547614764825,-5.577760475717E-13,
    -3.686602540382));
#1249 = CARTESIAN_POINT('',(-2.529362975793,-2.191717209209,
    -3.606602540376));
#1250 = CARTESIAN_POINT('',(-0.607086413627,-2.949907463792,
    -3.52660254038));
#1251 = CARTESIAN_POINT('',(1.076283436691,-2.408926956042,
    -3.446602540378));
#1252 = CARTESIAN_POINT('',(1.916987298108,-1.204478642552,
    -3.366602540379));
#1253 = CARTESIAN_POINT('',(1.916987298108,-3.223341695589E-14,
    -3.286602540378));
#1254 = CARTESIAN_POINT('',(2.5,-2.129488857846E-15,-3.75));
#1255 = CARTESIAN_POINT('',(2.5,1.570717537272,-3.67));
#1256 = CARTESIAN_POINT('',(1.403668149748,3.142182983908,
    -3.589999999999));
#1257 = CARTESIAN_POINT('',(-0.791960318462,3.845629392646,
    -3.510000000001));
#1258 = CARTESIAN_POINT('',(-3.298098154466,2.859654399612,
    -3.429999999998));
#1259 = CARTESIAN_POINT('',(-4.62721249084,-1.208810829212E-12,
    -3.350000000003));
#1260 = CARTESIAN_POINT('',(-3.298098154469,-2.859654399609,
    -3.269999999998));
#1261 = CARTESIAN_POINT('',(-0.791960318458,-3.845629392648,
    -3.190000000001));
#1262 = CARTESIAN_POINT('',(1.403668149747,-3.142182983907,
    -3.109999999999));
#1263 = CARTESIAN_POINT('',(2.5,-1.570717537272,-3.03));
#1264 = CARTESIAN_POINT('',(2.5,-3.670342709748E-14,-2.95));
#1265 = ADVANCED_FACE('',(#1266),#1387,.T.);
#1266 = FACE_BOUND('',#1267,.T.);
#1267 = EDGE_LOOP('',(#1268,#1284,#1285,#1382));
#1268 = ORIENTED_EDGE('',*,*,#1269,.F.);
#1269 = EDGE_CURVE('',#621,#1270,#1272,.T.);
#1270 = VERTEX_POINT('',#1271);
#1271 = CARTESIAN_POINT('',(2.5,-1.854410869614E-14,-3.65));
#1272 = B_SPLINE_CURVE_WITH_KNOTS('',10,(#1273,#1274,#1275,#1276,#1277,
    #1278,#1279,#1280,#1281,#1282,#1283),.UNSPECIFIED.,.F.,.F.,(11,11),(
    0.,6.333910135482),.PIECEWISE_BEZIER_KNOTS.);
#1273 = CARTESIAN_POINT('',(2.5,-1.257139576327E-15,-4.45));
#1274 = CARTESIAN_POINT('',(2.5,1.570717537272,-4.37));
#1275 = CARTESIAN_POINT('',(1.403668149748,3.142182983908,-4.29));
#1276 = CARTESIAN_POINT('',(-0.791960318461,3.845629392646,
    -4.210000000001));
#1277 = CARTESIAN_POINT('',(-3.298098154466,2.859654399612,
    -4.129999999999));
#1278 = CARTESIAN_POINT('',(-4.62721249084,-1.165290086647E-12,
    -4.050000000001));
#1279 = CARTESIAN_POINT('',(-3.298098154469,-2.859654399609,
    -3.969999999999));
#1280 = CARTESIAN_POINT('',(-0.791960318458,-3.845629392648,
    -3.890000000001));
#1281 = CARTESIAN_POINT('',(1.403668149747,-3.142182983907,-3.81));
#1282 = CARTESIAN_POINT('',(2.5,-1.570717537272,-3.73));
#1283 = CARTESIAN_POINT('',(2.5,-3.583107781596E-14,-3.65));
#1284 = ORIENTED_EDGE('',*,*,#639,.F.);
#1285 = ORIENTED_EDGE('',*,*,#1286,.T.);
#1286 = EDGE_CURVE('',#640,#1287,#1289,.T.);
#1287 = VERTEX_POINT('',#1288);
#1288 = CARTESIAN_POINT('',(2.066987298108,-1.645310471347E-14,-3.4));
#1289 = B_SPLINE_CURVE_WITH_KNOTS('',6,(#1290,#1291,#1292,#1293,#1294,
    #1295,#1296,#1297,#1298,#1299,#1300,#1301,#1302,#1303,#1304,#1305,
    #1306,#1307,#1308,#1309,#1310,#1311,#1312,#1313,#1314,#1315,#1316,
    #1317,#1318,#1319,#1320,#1321,#1322,#1323,#1324,#1325,#1326,#1327,
    #1328,#1329,#1330,#1331,#1332,#1333,#1334,#1335,#1336,#1337,#1338,
    #1339,#1340,#1341,#1342,#1343,#1344,#1345,#1346,#1347,#1348,#1349,
    #1350,#1351,#1352,#1353,#1354,#1355,#1356,#1357,#1358,#1359,#1360,
    #1361,#1362,#1363,#1364,#1365,#1366,#1367,#1368,#1369,#1370,#1371,
    #1372,#1373,#1374,#1375,#1376,#1377,#1378,#1379,#1380,#1381),
  .UNSPECIFIED.,.F.,.F.,(7,5,5,5,5,5,5,5,5,5,5,5,5,5,5,5,5,5,7),(0.,
    2.804227566144E-02,4.778232853256E-02,0.129780276559,0.187639644454,
    0.239640940033,0.264067409566,0.296801802257,0.356803836598,
    0.402286136515,0.499525314583,0.598475938071,0.689929292318,
    0.727930107468,0.785795302544,0.837797428625,0.871106329638,
    0.941233553238,1.),.UNSPECIFIED.);
#1290 = CARTESIAN_POINT('',(2.066987298108,-2.6645352591E-15,-4.2));
#1291 = CARTESIAN_POINT('',(2.066987298108,6.069711041708E-02,
    -4.196261071968));
#1292 = CARTESIAN_POINT('',(2.064848442673,0.121394399865,
    -4.192521910555));
#1293 = CARTESIAN_POINT('',(2.060570748498,0.181997269477,
    -4.188782644626));
#1294 = CARTESIAN_POINT('',(2.05415974913,0.242411641341,-4.18504338788)
  );
#1295 = CARTESIAN_POINT('',(2.045626494966,0.302543958508,
    -4.181304238856));
#1296 = CARTESIAN_POINT('',(2.027498386739,0.404366630182,
    -4.174933282445));
#1297 = CARTESIAN_POINT('',(2.018965766078,0.44624633114,-4.172301372271
    ));
#1298 = CARTESIAN_POINT('',(2.009395470963,0.487907853834,
    -4.169669576647));
#1299 = CARTESIAN_POINT('',(1.998794596081,0.529319105368,
    -4.167037911809));
#1300 = CARTESIAN_POINT('',(1.987171551111,0.570448333976,
    -4.164406383992));
#1301 = CARTESIAN_POINT('',(1.922049662103,0.780808327445,
    -4.150844473906));
#1302 = CARTESIAN_POINT('',(1.852087462075,0.944964383418,
    -4.139914987658));
#1303 = CARTESIAN_POINT('',(1.765352386602,1.101435877018,
    -4.128989221298));
#1304 = CARTESIAN_POINT('',(1.662939109114,1.248126833615,
    -4.118062793263));
#1305 = CARTESIAN_POINT('',(1.546248829506,1.38313126025,-4.107132170352
    ));
#1306 = CARTESIAN_POINT('',(1.325860935472,1.590664518242,
    -4.088485569742));
#1307 = CARTESIAN_POINT('',(1.228440591953,1.669894816702,
    -4.080769661804));
#1308 = CARTESIAN_POINT('',(1.125383396768,1.741925926279,
    -4.073052293252));
#1309 = CARTESIAN_POINT('',(1.017357787367,1.806266291379,
    -4.065333464248));
#1310 = CARTESIAN_POINT('',(0.905086640116,1.862508744671,
    -4.057613431675));
#1311 = CARTESIAN_POINT('',(0.685315495645,1.953317219063,
    -4.042954733388));
#1312 = CARTESIAN_POINT('',(0.578478814119,1.989503315204,-4.03601578556
    ));
#1313 = CARTESIAN_POINT('',(0.46939112245,2.018661472452,-4.029077124165
    ));
#1314 = CARTESIAN_POINT('',(0.358630380404,2.040623746409,
    -4.022139034239));
#1315 = CARTESIAN_POINT('',(0.246789337472,2.05528595292,-4.015201711612
    ));
#1316 = CARTESIAN_POINT('',(8.171318892016E-02,2.066048100556,
    -4.005007505864));
#1317 = CARTESIAN_POINT('',(2.884887978343E-02,2.06786831366,
    -4.001749654395));
#1318 = CARTESIAN_POINT('',(-2.405879532599E-02,2.068065081102,
    -3.998492057925));
#1319 = CARTESIAN_POINT('',(-7.694759607228E-02,2.066637532902,
    -3.995234726522));
#1320 = CARTESIAN_POINT('',(-0.129755311353,2.063587983545,
    -3.99197766279));
#1321 = CARTESIAN_POINT('',(-0.252996422762,2.052668864403,
    -3.984356358842));
#1322 = CARTESIAN_POINT('',(-0.323316248515,2.04351263392,
    -3.979992319049));
#1323 = CARTESIAN_POINT('',(-0.393229281616,2.031466552483,
    -3.975628729091));
#1324 = CARTESIAN_POINT('',(-0.462587533549,2.01655401859,
    -3.971265555705));
#1325 = CARTESIAN_POINT('',(-0.53124498222,1.998808517275,
    -3.966902745764));
#1326 = CARTESIAN_POINT('',(-0.723357826319,1.940633221019,
    -3.95454374237));
#1327 = CARTESIAN_POINT('',(-0.844824234241,1.893619035192,
    -3.946547969239));
#1328 = CARTESIAN_POINT('',(-0.962564913293,1.837501574402,
    -3.938553038648));
#1329 = CARTESIAN_POINT('',(-1.075734714882,1.772657925646,
    -3.930558103982));
#1330 = CARTESIAN_POINT('',(-1.18354233042,1.699568080642,
    -3.922562369822));
#1331 = CARTESIAN_POINT('',(-1.36235870311,1.557596579258,
    -3.908504864314));
#1332 = CARTESIAN_POINT('',(-1.435962135881,1.491974526603,
    -3.902443096085));
#1333 = CARTESIAN_POINT('',(-1.505751076973,1.422196618077,
    -3.896380831664));
#1334 = CARTESIAN_POINT('',(-1.5714354671,1.348542075342,-3.890317933779
    ));
#1335 = CARTESIAN_POINT('',(-1.632753119584,1.271316437234,
    -3.884254332417));
#1336 = CARTESIAN_POINT('',(-1.810731465048,1.01881677958,
    -3.865225487383));
#1337 = CARTESIAN_POINT('',(-1.910998234555,0.831927035779,
    -3.852255259577));
#1338 = CARTESIAN_POINT('',(-1.987927402868,0.633471022649,
    -3.839286578622));
#1339 = CARTESIAN_POINT('',(-2.040001086571,0.427095729396,
    -3.826318003497));
#1340 = CARTESIAN_POINT('',(-2.066348441817,0.216653579658,
    -3.813347605424));
#1341 = CARTESIAN_POINT('',(-2.067618739065,-0.207991482905,
    -3.787188032014));
#1342 = CARTESIAN_POINT('',(-2.041628729227,-0.422299075973,
    -3.773992776125));
#1343 = CARTESIAN_POINT('',(-1.988972308047,-0.632480040303,
    -3.760803344033));
#1344 = CARTESIAN_POINT('',(-1.910560776697,-0.834472288827,
    -3.74761475543));
#1345 = CARTESIAN_POINT('',(-1.80799527433,-1.024432621931,
    -3.734421021358));
#1346 = CARTESIAN_POINT('',(-1.568949896522,-1.360153425742,
    -3.709035171238));
#1347 = CARTESIAN_POINT('',(-1.435581185873,-1.508238815038,
    -3.696837978654));
#1348 = CARTESIAN_POINT('',(-1.28559102512,-1.640421800982,
    -3.684640722018));
#1349 = CARTESIAN_POINT('',(-1.121389036717,-1.754469672706,
    -3.672440915643));
#1350 = CARTESIAN_POINT('',(-0.945718838233,-1.848576882263,
    -3.660237780514));
#1351 = CARTESIAN_POINT('',(-0.685235954947,-1.951833401172,
    -3.642968409916));
#1352 = CARTESIAN_POINT('',(-0.607324245498,-1.978492832278,
    -3.637899195556));
#1353 = CARTESIAN_POINT('',(-0.528183942379,-2.001414298026,
    -3.632830267868));
#1354 = CARTESIAN_POINT('',(-0.448039082853,-2.020529033632,
    -3.627761745515));
#1355 = CARTESIAN_POINT('',(-0.36711845795,-2.035786318813,
    -3.622693727666));
#1356 = CARTESIAN_POINT('',(-0.161609235396,-2.064462655724,
    -3.609909932208));
#1357 = CARTESIAN_POINT('',(-3.630074616344E-02,-2.072752189481,
    -3.602194674393));
#1358 = CARTESIAN_POINT('',(8.944256614445E-02,-2.071907064602,
    -3.594481238229));
#1359 = CARTESIAN_POINT('',(0.214791151611,-2.061912794482,
    -3.586769368034));
#1360 = CARTESIAN_POINT('',(0.338919740928,-2.042855171794,
    -3.579058561966));
#1361 = CARTESIAN_POINT('',(0.570737100625,-1.989815338463,
    -3.56442021194));
#1362 = CARTESIAN_POINT('',(0.678822054057,-1.95753996626,
    -3.557492165756));
#1363 = CARTESIAN_POINT('',(0.784678732483,-1.91822906052,
    -3.550564603429));
#1364 = CARTESIAN_POINT('',(0.887738338179,-1.872079842816,
    -3.543636900773));
#1365 = CARTESIAN_POINT('',(0.987456829667,-1.819350192011,
    -3.53670843151));
#1366 = CARTESIAN_POINT('',(1.144720673431,-1.722570503432,
    -3.525340710778));
#1367 = CARTESIAN_POINT('',(1.204541508474,-1.682213503798,
    -3.520901894044));
#1368 = CARTESIAN_POINT('',(1.262645871086,-1.63936942272,
    -3.516462587972));
#1369 = CARTESIAN_POINT('',(1.318905393797,-1.594130182801,
    -3.512022734427));
#1370 = CARTESIAN_POINT('',(1.373198436753,-1.54659644481,
    -3.507582311094));
#1371 = CARTESIAN_POINT('',(1.535334402539,-1.392201563074,
    -3.493791471217));
#1372 = CARTESIAN_POINT('',(1.636040885432,-1.277832441934,
    -3.484438545832));
#1373 = CARTESIAN_POINT('',(1.726444912501,-1.15479911815,
    -3.475083958421));
#1374 = CARTESIAN_POINT('',(1.805644190373,-1.024272204277,
    -3.465728008171));
#1375 = CARTESIAN_POINT('',(1.872902114006,-0.887532390024,
    -3.456371872902));
#1376 = CARTESIAN_POINT('',(1.973587919689,-0.627348810384,
    -3.439178919703));
#1377 = CARTESIAN_POINT('',(2.010734681073,-0.505329828456,
    -3.431340846307));
#1378 = CARTESIAN_POINT('',(2.038807282288,-0.380733455611,
    -3.423504637563));
#1379 = CARTESIAN_POINT('',(2.057593810891,-0.254402329752,
    -3.415669899387));
#1380 = CARTESIAN_POINT('',(2.066987298108,-0.127199103147,
    -3.407835435479));
#1381 = CARTESIAN_POINT('',(2.066987298108,-2.975397705995E-14,-3.4));
#1382 = ORIENTED_EDGE('',*,*,#1383,.F.);
#1383 = EDGE_CURVE('',#1270,#1287,#1384,.T.);
#1384 = B_SPLINE_CURVE_WITH_KNOTS('',1,(#1385,#1386),.UNSPECIFIED.,.F.,
  .F.,(2,2),(0.,0.673205080757),.PIECEWISE_BEZIER_KNOTS.);
#1385 = CARTESIAN_POINT('',(2.5,-3.583107781596E-14,-3.65));
#1386 = CARTESIAN_POINT('',(1.916987298108,-3.121136377642E-14,
    -3.313397459622));
#1387 = B_SPLINE_SURFACE_WITH_KNOTS('',1,10,(
    (#1388,#1389,#1390,#1391,#1392,#1393,#1394,#1395,#1396,#1397,#1398)
    ,(#1399,#1400,#1401,#1402,#1403,#1404,#1405,#1406,#1407,#1408,#1409
    )),.UNSPECIFIED.,.F.,.F.,.F.,(2,2),(11,11),(0.,0.673205080757),(0.,
    6.333910135482),.PIECEWISE_BEZIER_KNOTS.);
#1388 = CARTESIAN_POINT('',(2.5,-1.257139576327E-15,-4.45));
#1389 = CARTESIAN_POINT('',(2.5,1.570717537272,-4.37));
#1390 = CARTESIAN_POINT('',(1.403668149748,3.142182983908,-4.29));
#1391 = CARTESIAN_POINT('',(-0.791960318461,3.845629392646,
    -4.210000000001));
#1392 = CARTESIAN_POINT('',(-3.298098154466,2.859654399612,
    -4.129999999999));
#1393 = CARTESIAN_POINT('',(-4.62721249084,-1.165290086647E-12,
    -4.050000000001));
#1394 = CARTESIAN_POINT('',(-3.298098154469,-2.859654399609,
    -3.969999999999));
#1395 = CARTESIAN_POINT('',(-0.791960318458,-3.845629392648,
    -3.890000000001));
#1396 = CARTESIAN_POINT('',(1.403668149747,-3.142182983907,-3.81));
#1397 = CARTESIAN_POINT('',(2.5,-1.570717537272,-3.73));
#1398 = CARTESIAN_POINT('',(2.5,-3.583107781596E-14,-3.65));
#1399 = CARTESIAN_POINT('',(1.916987298108,-1.891531342156E-15,
    -4.113397459622));
#1400 = CARTESIAN_POINT('',(1.916987298108,1.204478642552,
    -4.033397459622));
#1401 = CARTESIAN_POINT('',(1.076283436692,2.408926956042,
    -3.953397459621));
#1402 = CARTESIAN_POINT('',(-0.607086413629,2.949907463791,
    -3.873397459622));
#1403 = CARTESIAN_POINT('',(-2.529362975791,2.191717209209,
    -3.79339745962));
#1404 = CARTESIAN_POINT('',(-3.547614764825,-1.429967255717E-13,
    -3.713397459623));
#1405 = CARTESIAN_POINT('',(-2.529362975793,-2.191717209209,
    -3.63339745962));
#1406 = CARTESIAN_POINT('',(-0.607086413627,-2.949907463792,
    -3.553397459622));
#1407 = CARTESIAN_POINT('',(1.076283436691,-2.408926956042,
    -3.473397459621));
#1408 = CARTESIAN_POINT('',(1.916987298108,-1.204478642552,
    -3.393397459622));
#1409 = CARTESIAN_POINT('',(1.916987298108,-3.121136377642E-14,
    -3.313397459622));
#1410 = ADVANCED_FACE('',(#1411),#1434,.T.);
#1411 = FACE_BOUND('',#1412,.T.);
#1412 = EDGE_LOOP('',(#1413,#1427,#1428,#1429));
#1413 = ORIENTED_EDGE('',*,*,#1414,.F.);
#1414 = EDGE_CURVE('',#594,#1216,#1415,.T.);
#1415 = B_SPLINE_CURVE_WITH_KNOTS('',10,(#1416,#1417,#1418,#1419,#1420,
    #1421,#1422,#1423,#1424,#1425,#1426),.UNSPECIFIED.,.F.,.F.,(11,11),(
    0.,6.333910135482),.PIECEWISE_BEZIER_KNOTS.);
#1416 = CARTESIAN_POINT('',(2.5,-2.129488857846E-15,-4.55));
#1417 = CARTESIAN_POINT('',(2.5,1.570717537272,-4.47));
#1418 = CARTESIAN_POINT('',(1.403668149748,3.142182983908,
    -4.389999999999));
#1419 = CARTESIAN_POINT('',(-0.791960318462,3.845629392646,
    -4.310000000001));
#1420 = CARTESIAN_POINT('',(-3.298098154466,2.859654399612,
    -4.229999999998));
#1421 = CARTESIAN_POINT('',(-4.62721249084,-1.208810829212E-12,
    -4.150000000003));
#1422 = CARTESIAN_POINT('',(-3.298098154469,-2.859654399609,
    -4.069999999998));
#1423 = CARTESIAN_POINT('',(-0.791960318458,-3.845629392648,
    -3.990000000001));
#1424 = CARTESIAN_POINT('',(1.403668149747,-3.142182983907,
    -3.909999999999));
#1425 = CARTESIAN_POINT('',(2.5,-1.570717537272,-3.83));
#1426 = CARTESIAN_POINT('',(2.5,-3.670342709748E-14,-3.75));
#1427 = ORIENTED_EDGE('',*,*,#620,.F.);
#1428 = ORIENTED_EDGE('',*,*,#1269,.T.);
#1429 = ORIENTED_EDGE('',*,*,#1430,.F.);
#1430 = EDGE_CURVE('',#1216,#1270,#1431,.T.);
#1431 = B_SPLINE_CURVE_WITH_KNOTS('',1,(#1432,#1433),.UNSPECIFIED.,.F.,
  .F.,(2,2),(0.,1.E-01),.PIECEWISE_BEZIER_KNOTS.);
#1432 = CARTESIAN_POINT('',(2.5,-3.583107781596E-14,-3.75));
#1433 = CARTESIAN_POINT('',(2.5,-3.583107781596E-14,-3.65));
#1434 = B_SPLINE_SURFACE_WITH_KNOTS('',1,10,(
    (#1435,#1436,#1437,#1438,#1439,#1440,#1441,#1442,#1443,#1444,#1445)
    ,(#1446,#1447,#1448,#1449,#1450,#1451,#1452,#1453,#1454,#1455,#1456
    )),.UNSPECIFIED.,.F.,.F.,.F.,(2,2),(11,11),(0.,1.E-01),(0.,
    6.333910135482),.PIECEWISE_BEZIER_KNOTS.);
#1435 = CARTESIAN_POINT('',(2.5,-1.257139576327E-15,-4.55));
#1436 = CARTESIAN_POINT('',(2.5,1.570717537272,-4.47));
#1437 = CARTESIAN_POINT('',(1.403668149748,3.142182983908,
    -4.389999999999));
#1438 = CARTESIAN_POINT('',(-0.791960318461,3.845629392646,
    -4.310000000001));
#1439 = CARTESIAN_POINT('',(-3.298098154466,2.859654399612,
    -4.229999999998));
#1440 = CARTESIAN_POINT('',(-4.62721249084,-1.165290086647E-12,
    -4.150000000003));
#1441 = CARTESIAN_POINT('',(-3.298098154469,-2.859654399609,
    -4.069999999998));
#1442 = CARTESIAN_POINT('',(-0.791960318458,-3.845629392648,
    -3.990000000001));
#1443 = CARTESIAN_POINT('',(1.403668149747,-3.142182983907,
    -3.909999999999));
#1444 = CARTESIAN_POINT('',(2.5,-1.570717537272,-3.83));
#1445 = CARTESIAN_POINT('',(2.5,-3.583107781596E-14,-3.75));
#1446 = CARTESIAN_POINT('',(2.5,-1.257139576327E-15,-4.45));
#1447 = CARTESIAN_POINT('',(2.5,1.570717537272,-4.37));
#1448 = CARTESIAN_POINT('',(1.403668149748,3.142182983908,-4.29));
#1449 = CARTESIAN_POINT('',(-0.791960318461,3.845629392646,
    -4.210000000001));
#1450 = CARTESIAN_POINT('',(-3.298098154466,2.859654399612,
    -4.129999999999));
#1451 = CARTESIAN_POINT('',(-4.62721249084,-1.165290086647E-12,
    -4.050000000001));
#1452 = CARTESIAN_POINT('',(-3.298098154469,-2.859654399609,
    -3.969999999999));
#1453 = CARTESIAN_POINT('',(-0.791960318458,-3.845629392648,
    -3.890000000001));
#1454 = CARTESIAN_POINT('',(1.403668149747,-3.142182983907,-3.81));
#1455 = CARTESIAN_POINT('',(2.5,-1.570717537272,-3.73));
#1456 = CARTESIAN_POINT('',(2.5,-3.583107781596E-14,-3.65));
#1457 = ADVANCED_FACE('',(#1458),#1463,.T.);
#1458 = FACE_BOUND('',#1459,.T.);
#1459 = EDGE_LOOP('',(#1460,#1461,#1462));
#1460 = ORIENTED_EDGE('',*,*,#1215,.F.);
#1461 = ORIENTED_EDGE('',*,*,#593,.F.);
#1462 = ORIENTED_EDGE('',*,*,#1414,.T.);
#1463 = B_SPLINE_SURFACE_WITH_KNOTS('',1,10,(
    (#1464,#1465,#1466,#1467,#1468,#1469,#1470,#1471,#1472,#1473,#1474)
    ,(#1475,#1476,#1477,#1478,#1479,#1480,#1481,#1482,#1483,#1484,#1485
    )),.UNSPECIFIED.,.F.,.F.,.F.,(2,2),(11,11),(0.,0.673205080757),(0.,
    6.333910135482),.PIECEWISE_BEZIER_KNOTS.);
#1464 = CARTESIAN_POINT('',(1.916987298108,6.39129157177E-16,
    -4.886602540378));
#1465 = CARTESIAN_POINT('',(1.916987298108,1.204478642552,
    -4.806602540379));
#1466 = CARTESIAN_POINT('',(1.076283436692,2.408926956042,
    -4.726602540378));
#1467 = CARTESIAN_POINT('',(-0.607086413629,2.949907463791,
    -4.64660254038));
#1468 = CARTESIAN_POINT('',(-2.529362975791,2.19171720921,
    -4.566602540376));
#1469 = CARTESIAN_POINT('',(-3.547614764825,-5.577760475717E-13,
    -4.486602540382));
#1470 = CARTESIAN_POINT('',(-2.529362975793,-2.191717209209,
    -4.406602540376));
#1471 = CARTESIAN_POINT('',(-0.607086413627,-2.949907463792,
    -4.32660254038));
#1472 = CARTESIAN_POINT('',(1.076283436691,-2.408926956042,
    -4.246602540378));
#1473 = CARTESIAN_POINT('',(1.916987298108,-1.204478642552,
    -4.166602540379));
#1474 = CARTESIAN_POINT('',(1.916987298108,-3.223341695589E-14,
    -4.086602540378));
#1475 = CARTESIAN_POINT('',(2.5,-2.129488857846E-15,-4.55));
#1476 = CARTESIAN_POINT('',(2.5,1.570717537272,-4.47));
#1477 = CARTESIAN_POINT('',(1.403668149748,3.142182983908,
    -4.389999999999));
#1478 = CARTESIAN_POINT('',(-0.791960318462,3.845629392646,
    -4.310000000001));
#1479 = CARTESIAN_POINT('',(-3.298098154466,2.859654399612,
    -4.229999999998));
#1480 = CARTESIAN_POINT('',(-4.62721249084,-1.208810829212E-12,
    -4.150000000003));
#1481 = CARTESIAN_POINT('',(-3.298098154469,-2.859654399609,
    -4.069999999998));
#1482 = CARTESIAN_POINT('',(-0.791960318458,-3.845629392648,
    -3.990000000001));
#1483 = CARTESIAN_POINT('',(1.403668149747,-3.142182983907,
    -3.909999999999));
#1484 = CARTESIAN_POINT('',(2.5,-1.570717537272,-3.83));
#1485 = CARTESIAN_POINT('',(2.5,-3.670342709748E-14,-3.75));
#1486 = ADVANCED_FACE('',(#1487),#1497,.T.);
#1487 = FACE_BOUND('',#1488,.T.);
#1488 = EDGE_LOOP('',(#1489,#1490,#1495,#1496));
#1489 = ORIENTED_EDGE('',*,*,#945,.F.);
#1490 = ORIENTED_EDGE('',*,*,#1491,.T.);
#1491 = EDGE_CURVE('',#939,#678,#1492,.T.);
#1492 = B_SPLINE_CURVE_WITH_KNOTS('',1,(#1493,#1494),.UNSPECIFIED.,.F.,
  .F.,(2,2),(0.,1.E-01),.PIECEWISE_BEZIER_KNOTS.);
#1493 = CARTESIAN_POINT('',(2.5,-3.583107781596E-14,-1.35));
#1494 = CARTESIAN_POINT('',(2.5,-3.583107781596E-14,-1.25));
#1495 = ORIENTED_EDGE('',*,*,#677,.T.);
#1496 = ORIENTED_EDGE('',*,*,#1036,.F.);
#1497 = B_SPLINE_SURFACE_WITH_KNOTS('',1,10,(
    (#1498,#1499,#1500,#1501,#1502,#1503,#1504,#1505,#1506,#1507,#1508)
    ,(#1509,#1510,#1511,#1512,#1513,#1514,#1515,#1516,#1517,#1518,#1519
    )),.UNSPECIFIED.,.F.,.F.,.F.,(2,2),(11,11),(0.,1.E-01),(0.,
    6.333910135482),.PIECEWISE_BEZIER_KNOTS.);
#1498 = CARTESIAN_POINT('',(2.5,-1.257139576327E-15,-1.35));
#1499 = CARTESIAN_POINT('',(2.5,1.570717537272,-1.27));
#1500 = CARTESIAN_POINT('',(1.403668149748,3.142182983908,
    -1.189999999999));
#1501 = CARTESIAN_POINT('',(-0.791960318461,3.845629392646,
    -1.110000000001));
#1502 = CARTESIAN_POINT('',(-3.298098154466,2.859654399612,
    -1.029999999998));
#1503 = CARTESIAN_POINT('',(-4.62721249084,-1.165290086647E-12,
    -0.950000000003));
#1504 = CARTESIAN_POINT('',(-3.298098154469,-2.859654399609,
    -0.869999999998));
#1505 = CARTESIAN_POINT('',(-0.791960318458,-3.845629392648,
    -0.790000000001));
#1506 = CARTESIAN_POINT('',(1.403668149747,-3.142182983907,
    -0.709999999999));
#1507 = CARTESIAN_POINT('',(2.5,-1.570717537272,-0.63));
#1508 = CARTESIAN_POINT('',(2.5,-3.583107781596E-14,-0.55));
#1509 = CARTESIAN_POINT('',(2.5,-1.257139576327E-15,-1.25));
#1510 = CARTESIAN_POINT('',(2.5,1.570717537272,-1.17));
#1511 = CARTESIAN_POINT('',(1.403668149748,3.142182983908,-1.09));
#1512 = CARTESIAN_POINT('',(-0.791960318461,3.845629392646,
    -1.010000000001));
#1513 = CARTESIAN_POINT('',(-3.298098154466,2.859654399612,
    -0.929999999999));
#1514 = CARTESIAN_POINT('',(-4.62721249084,-1.165290086647E-12,
    -0.850000000001));
#1515 = CARTESIAN_POINT('',(-3.298098154469,-2.859654399609,
    -0.769999999999));
#1516 = CARTESIAN_POINT('',(-0.791960318458,-3.845629392648,
    -0.690000000001));
#1517 = CARTESIAN_POINT('',(1.403668149747,-3.142182983907,-0.61));
#1518 = CARTESIAN_POINT('',(2.5,-1.570717537272,-0.53));
#1519 = CARTESIAN_POINT('',(2.5,-3.583107781596E-14,-0.45));
#1520 = ADVANCED_FACE('',(#1521),#1642,.T.);
#1521 = FACE_BOUND('',#1522,.T.);
#1522 = EDGE_LOOP('',(#1523,#1539,#1546,#1641));
#1523 = ORIENTED_EDGE('',*,*,#1524,.F.);
#1524 = EDGE_CURVE('',#1525,#678,#1527,.T.);
#1525 = VERTEX_POINT('',#1526);
#1526 = CARTESIAN_POINT('',(2.5,-1.854410869614E-14,-2.05));
#1527 = B_SPLINE_CURVE_WITH_KNOTS('',10,(#1528,#1529,#1530,#1531,#1532,
    #1533,#1534,#1535,#1536,#1537,#1538),.UNSPECIFIED.,.F.,.F.,(11,11),(
    0.,6.333910135482),.PIECEWISE_BEZIER_KNOTS.);
#1528 = CARTESIAN_POINT('',(2.5,-1.257139576327E-15,-2.05));
#1529 = CARTESIAN_POINT('',(2.5,1.570717537272,-1.97));
#1530 = CARTESIAN_POINT('',(1.403668149748,3.142182983908,-1.89));
#1531 = CARTESIAN_POINT('',(-0.791960318461,3.845629392646,
    -1.810000000001));
#1532 = CARTESIAN_POINT('',(-3.298098154466,2.859654399612,
    -1.729999999999));
#1533 = CARTESIAN_POINT('',(-4.62721249084,-1.165290086647E-12,
    -1.650000000001));
#1534 = CARTESIAN_POINT('',(-3.298098154469,-2.859654399609,
    -1.569999999999));
#1535 = CARTESIAN_POINT('',(-0.791960318458,-3.845629392648,
    -1.490000000001));
#1536 = CARTESIAN_POINT('',(1.403668149747,-3.142182983907,-1.41));
#1537 = CARTESIAN_POINT('',(2.5,-1.570717537272,-1.33));
#1538 = CARTESIAN_POINT('',(2.5,-3.583107781596E-14,-1.25));
#1539 = ORIENTED_EDGE('',*,*,#1540,.T.);
#1540 = EDGE_CURVE('',#1525,#1541,#1543,.T.);
#1541 = VERTEX_POINT('',#1542);
#1542 = CARTESIAN_POINT('',(2.066987298108,-1.645310471347E-14,-1.8));
#1543 = B_SPLINE_CURVE_WITH_KNOTS('',1,(#1544,#1545),.UNSPECIFIED.,.F.,
  .F.,(2,2),(0.,0.673205080757),.PIECEWISE_BEZIER_KNOTS.);
#1544 = CARTESIAN_POINT('',(2.5,-3.583107781596E-14,-2.05));
#1545 = CARTESIAN_POINT('',(1.916987298108,-3.121136377642E-14,
    -1.713397459622));
#1546 = ORIENTED_EDGE('',*,*,#1547,.T.);
#1547 = EDGE_CURVE('',#1541,#696,#1548,.T.);
#1548 = B_SPLINE_CURVE_WITH_KNOTS('',6,(#1549,#1550,#1551,#1552,#1553,
    #1554,#1555,#1556,#1557,#1558,#1559,#1560,#1561,#1562,#1563,#1564,
    #1565,#1566,#1567,#1568,#1569,#1570,#1571,#1572,#1573,#1574,#1575,
    #1576,#1577,#1578,#1579,#1580,#1581,#1582,#1583,#1584,#1585,#1586,
    #1587,#1588,#1589,#1590,#1591,#1592,#1593,#1594,#1595,#1596,#1597,
    #1598,#1599,#1600,#1601,#1602,#1603,#1604,#1605,#1606,#1607,#1608,
    #1609,#1610,#1611,#1612,#1613,#1614,#1615,#1616,#1617,#1618,#1619,
    #1620,#1621,#1622,#1623,#1624,#1625,#1626,#1627,#1628,#1629,#1630,
    #1631,#1632,#1633,#1634,#1635,#1636,#1637,#1638,#1639,#1640),
  .UNSPECIFIED.,.F.,.F.,(7,5,5,5,5,5,5,5,5,5,5,5,5,5,5,5,5,5,7),(0.,
    2.804253561839E-02,4.778277213597E-02,0.12978147939,0.187641383615,
    0.239643160681,0.264069847673,0.296804502757,0.35680709266,
    0.402289747195,0.499529547614,0.598444978419,0.689116294715,
    0.736117550461,0.762878142131,0.871208898879,0.941657602624,
    0.97265729857,1.),.UNSPECIFIED.);
#1549 = CARTESIAN_POINT('',(2.066987298108,-2.6645352591E-15,-1.8));
#1550 = CARTESIAN_POINT('',(2.066987298108,6.069711108914E-02,
    -1.796261071926));
#1551 = CARTESIAN_POINT('',(2.064848442625,0.121394401209,
    -1.792521910473));
#1552 = CARTESIAN_POINT('',(2.060570748356,0.18199727149,-1.788782644502
    ));
#1553 = CARTESIAN_POINT('',(2.054159748846,0.242411644017,
    -1.785043387714));
#1554 = CARTESIAN_POINT('',(2.045626494493,0.302543961837,
    -1.781304238649));
#1555 = CARTESIAN_POINT('',(2.02749838562,0.404366635994,-1.77493328208)
  );
#1556 = CARTESIAN_POINT('',(2.018965764454,0.446246338775,-1.77230137179
    ));
#1557 = CARTESIAN_POINT('',(2.009395468744,0.48790786327,-1.76966957605)
  );
#1558 = CARTESIAN_POINT('',(1.998794593177,0.529319116577,
    -1.767037911096));
#1559 = CARTESIAN_POINT('',(1.987171547434,0.570448346928,
    -1.764406383163));
#1560 = CARTESIAN_POINT('',(1.922049656306,0.780808341716,
    -1.750844472961));
#1561 = CARTESIAN_POINT('',(1.852087455059,0.944964397169,
    -1.739914986714));
#1562 = CARTESIAN_POINT('',(1.765352378424,1.101435890126,
    -1.728989220353));
#1563 = CARTESIAN_POINT('',(1.662939099847,1.248126845961,
    -1.718062792318));
#1564 = CARTESIAN_POINT('',(1.546248819236,1.383131271731,
    -1.707132169407));
#1565 = CARTESIAN_POINT('',(1.325860922709,1.590664528983,
    -1.688485568715));
#1566 = CARTESIAN_POINT('',(1.228440577519,1.669894827478,
    -1.680769660697));
#1567 = CARTESIAN_POINT('',(1.125383380605,1.741925936892,
    -1.673052292064));
#1568 = CARTESIAN_POINT('',(1.017357769443,1.806266301621,-1.66533346298
    ));
#1569 = CARTESIAN_POINT('',(0.905086620424,1.862508754328,
    -1.657613430326));
#1570 = CARTESIAN_POINT('',(0.685315473726,1.953317226754,
    -1.642954731958));
#1571 = CARTESIAN_POINT('',(0.578478791793,1.989503321696,-1.63601578413
    ));
#1572 = CARTESIAN_POINT('',(0.469391099798,2.018661477719,
    -1.629077122735));
#1573 = CARTESIAN_POINT('',(0.358630357505,2.040623750434,-1.62213903281
    ));
#1574 = CARTESIAN_POINT('',(0.246789314409,2.055285955689,
    -1.615201710183));
#1575 = CARTESIAN_POINT('',(8.171318454472E-02,2.066048100247,
    -1.605007505596));
#1576 = CARTESIAN_POINT('',(2.884889427108E-02,2.067868312686,
    -1.601749655288));
#1577 = CARTESIAN_POINT('',(-2.405876194832E-02,2.068065080621,
    -1.59849205998));
#1578 = CARTESIAN_POINT('',(-7.694754384422E-02,2.066637534075,
    -1.595234729738));
#1579 = CARTESIAN_POINT('',(-0.12975524038,2.063587987524,
    -1.591977667167));
#1580 = CARTESIAN_POINT('',(-0.252996245743,2.05266888318,
    -1.584356369806));
#1581 = CARTESIAN_POINT('',(-0.323315984784,2.043512670749,
    -1.579992335437));
#1582 = CARTESIAN_POINT('',(-0.393228932498,2.031466614515,
    -1.575628750903));
#1583 = CARTESIAN_POINT('',(-0.462587100918,2.016554112871,
    -1.57126558294));
#1584 = CARTESIAN_POINT('',(-0.531244468485,1.998808650694,
    -1.56690277842));
#1585 = CARTESIAN_POINT('',(-0.723357245673,1.94063343745,
    -1.554543780445));
#1586 = CARTESIAN_POINT('',(-0.844823667657,1.893619287968,
    -1.546548007311));
#1587 = CARTESIAN_POINT('',(-0.962564363496,1.83750186241,-1.53855307672
    ));
#1588 = CARTESIAN_POINT('',(-1.075734184482,1.772658247518,
    -1.530558142055));
#1589 = CARTESIAN_POINT('',(-1.183541821886,1.699568434773,
    -1.522562407898));
#1590 = CARTESIAN_POINT('',(-1.362358124312,1.557597076408,
    -1.508504911258));
#1591 = CARTESIAN_POINT('',(-1.435961474204,1.491975148179,
    -1.502443151897));
#1592 = CARTESIAN_POINT('',(-1.50575034528,1.422197374722,
    -1.496380896345));
#1593 = CARTESIAN_POINT('',(-1.571434679406,1.348542976347,
    -1.490318007332));
#1594 = CARTESIAN_POINT('',(-1.632752290878,1.271317490394,
    -1.484254414843));
#1595 = CARTESIAN_POINT('',(-1.810730387808,1.018818569837,
    -1.465225615763));
#1596 = CARTESIAN_POINT('',(-1.910997064467,0.831929475033,
    -1.452255425088));
#1597 = CARTESIAN_POINT('',(-1.987926288641,0.633474150786,
    -1.439286781218));
#1598 = CARTESIAN_POINT('',(-2.040000184761,0.427099552755,
    -1.426318243157));
#1599 = CARTESIAN_POINT('',(-2.06634790973,0.21665806989,-1.413347882169
    ));
#1600 = CARTESIAN_POINT('',(-2.067619017606,-0.207908232329,
    -1.387193160398));
#1601 = CARTESIAN_POINT('',(-2.041648734521,-0.422137577879,
    -1.374002723634));
#1602 = CARTESIAN_POINT('',(-1.989031525857,-0.632244959199,
    -1.360818102194));
#1603 = CARTESIAN_POINT('',(-1.910677304015,-0.834172663606,
    -1.347634324676));
#1604 = CARTESIAN_POINT('',(-1.808184925427,-1.024081496032,
    -1.334445411756));
#1605 = CARTESIAN_POINT('',(-1.570244450822,-1.358412854222,
    -1.309168761911));
#1606 = CARTESIAN_POINT('',(-1.438209148503,-1.505371840342,
    -1.297076077804));
#1607 = CARTESIAN_POINT('',(-1.289815917086,-1.636726934946,
    -1.284983273263));
#1608 = CARTESIAN_POINT('',(-1.127408047574,-1.750297298267,
    -1.272887959443));
#1609 = CARTESIAN_POINT('',(-0.953653430164,-1.844314980794,
    -1.260789387299));
#1610 = CARTESIAN_POINT('',(-0.677205504611,-1.955550753435,
    -1.242423782491));
#1611 = CARTESIAN_POINT('',(-0.580582527079,-1.987952695092,
    -1.236153938981));
#1612 = CARTESIAN_POINT('',(-0.482129669383,-2.014614360159,
    -1.229884650017));
#1613 = CARTESIAN_POINT('',(-0.382273358249,-2.03541126222,
    -1.223616054496));
#1614 = CARTESIAN_POINT('',(-0.281450169443,-2.050261394078,
    -1.217348237865));
#1615 = CARTESIAN_POINT('',(-0.122402654738,-2.064172733275,
    -1.207513384444));
#1616 = CARTESIAN_POINT('',(-6.453080088398E-02,-2.067279385086,
    -1.203945629249));
#1617 = CARTESIAN_POINT('',(-6.570903496195E-03,-2.068438546024,
    -1.200378192826));
#1618 = CARTESIAN_POINT('',(5.139521675887E-02,-2.067647656882,
    -1.196811079646));
#1619 = CARTESIAN_POINT('',(0.109285735951,-2.064908747033,
    -1.193244281958));
#1620 = CARTESIAN_POINT('',(0.400730753267,-2.041281850092,
    -1.175240061704));
#1621 = CARTESIAN_POINT('',(0.631947964002,-1.990513279313,
    -1.160802102188));
#1622 = CARTESIAN_POINT('',(0.855062140069,-1.908337938502,
    -1.146373728752));
#1623 = CARTESIAN_POINT('',(1.064897487023,-1.79652346013,
    -1.131943884721));
#1624 = CARTESIAN_POINT('',(1.256687537608,-1.657755720102,
    -1.11750140784));
#1625 = CARTESIAN_POINT('',(1.536747126858,-1.390717988372,
    -1.093665413229));
#1626 = CARTESIAN_POINT('',(1.6377969555,-1.275714798879,-1.084269651687
    ));
#1627 = CARTESIAN_POINT('',(1.72843903319,-1.151979505816,
    -1.074872226974));
#1628 = CARTESIAN_POINT('',(1.807760271167,-1.02070018625,
    -1.065473445229));
#1629 = CARTESIAN_POINT('',(1.875016379213,-0.883176640507,
    -1.056074501993));
#1630 = CARTESIAN_POINT('',(1.953715446531,-0.678184693841,
    -1.042542611858));
#1631 = CARTESIAN_POINT('',(1.975323631002,-0.614608120225,
    -1.038407923772));
#1632 = CARTESIAN_POINT('',(1.994446086125,-0.550213826676,-1.0342735913
    ));
#1633 = CARTESIAN_POINT('',(2.011045011886,-0.485123268094,
    -1.030139647419));
#1634 = CARTESIAN_POINT('',(2.025090563941,-0.41946010888,
    -1.026006068521));
#1635 = CARTESIAN_POINT('',(2.04667800788,-0.295039235758,-1.01822707972
    ));
#1636 = CARTESIAN_POINT('',(2.05479172069,-0.236380403884,
    -1.014581600316));
#1637 = CARTESIAN_POINT('',(2.060887004288,-0.17746005512,
    -1.010936270082));
#1638 = CARTESIAN_POINT('',(2.064953863974,-0.118364971569,
    -1.007290988686));
#1639 = CARTESIAN_POINT('',(2.066987298108,-5.918238963054E-02,
    -1.003645621581));
#1640 = CARTESIAN_POINT('',(2.066987298108,-2.975397705995E-14,-1.));
#1641 = ORIENTED_EDGE('',*,*,#695,.F.);
#1642 = B_SPLINE_SURFACE_WITH_KNOTS('',1,10,(
    (#1643,#1644,#1645,#1646,#1647,#1648,#1649,#1650,#1651,#1652,#1653)
    ,(#1654,#1655,#1656,#1657,#1658,#1659,#1660,#1661,#1662,#1663,#1664
    )),.UNSPECIFIED.,.F.,.F.,.F.,(2,2),(11,11),(0.,0.673205080757),(0.,
    6.333910135482),.PIECEWISE_BEZIER_KNOTS.);
#1643 = CARTESIAN_POINT('',(2.5,-1.257139576327E-15,-2.05));
#1644 = CARTESIAN_POINT('',(2.5,1.570717537272,-1.97));
#1645 = CARTESIAN_POINT('',(1.403668149748,3.142182983908,-1.89));
#1646 = CARTESIAN_POINT('',(-0.791960318461,3.845629392646,
    -1.810000000001));
#1647 = CARTESIAN_POINT('',(-3.298098154466,2.859654399612,
    -1.729999999999));
#1648 = CARTESIAN_POINT('',(-4.62721249084,-1.165290086647E-12,
    -1.650000000001));
#1649 = CARTESIAN_POINT('',(-3.298098154469,-2.859654399609,
    -1.569999999999));
#1650 = CARTESIAN_POINT('',(-0.791960318458,-3.845629392648,
    -1.490000000001));
#1651 = CARTESIAN_POINT('',(1.403668149747,-3.142182983907,-1.41));
#1652 = CARTESIAN_POINT('',(2.5,-1.570717537272,-1.33));
#1653 = CARTESIAN_POINT('',(2.5,-3.583107781596E-14,-1.25));
#1654 = CARTESIAN_POINT('',(1.916987298108,-1.891531342156E-15,
    -1.713397459622));
#1655 = CARTESIAN_POINT('',(1.916987298108,1.204478642552,
    -1.633397459622));
#1656 = CARTESIAN_POINT('',(1.076283436692,2.408926956042,
    -1.553397459621));
#1657 = CARTESIAN_POINT('',(-0.607086413629,2.949907463791,
    -1.473397459622));
#1658 = CARTESIAN_POINT('',(-2.529362975791,2.191717209209,
    -1.39339745962));
#1659 = CARTESIAN_POINT('',(-3.547614764825,-1.429967255717E-13,
    -1.313397459623));
#1660 = CARTESIAN_POINT('',(-2.529362975793,-2.191717209209,
    -1.23339745962));
#1661 = CARTESIAN_POINT('',(-0.607086413627,-2.949907463792,
    -1.153397459622));
#1662 = CARTESIAN_POINT('',(1.076283436691,-2.408926956042,
    -1.073397459621));
#1663 = CARTESIAN_POINT('',(1.916987298108,-1.204478642552,
    -0.993397459622));
#1664 = CARTESIAN_POINT('',(1.916987298108,-3.121136377642E-14,
    -0.913397459622));
#1665 = ADVANCED_FACE('',(#1666),#1793,.T.);
#1666 = FACE_BOUND('',#1667,.T.);
#1667 = EDGE_LOOP('',(#1668,#1771,#1778,#1792));
#1668 = ORIENTED_EDGE('',*,*,#1669,.F.);
#1669 = EDGE_CURVE('',#1670,#836,#1672,.T.);
#1670 = VERTEX_POINT('',#1671);
#1671 = CARTESIAN_POINT('',(2.066987298108,-1.694487307382E-14,-2.4));
#1672 = B_SPLINE_CURVE_WITH_KNOTS('',7,(#1673,#1674,#1675,#1676,#1677,
    #1678,#1679,#1680,#1681,#1682,#1683,#1684,#1685,#1686,#1687,#1688,
    #1689,#1690,#1691,#1692,#1693,#1694,#1695,#1696,#1697,#1698,#1699,
    #1700,#1701,#1702,#1703,#1704,#1705,#1706,#1707,#1708,#1709,#1710,
    #1711,#1712,#1713,#1714,#1715,#1716,#1717,#1718,#1719,#1720,#1721,
    #1722,#1723,#1724,#1725,#1726,#1727,#1728,#1729,#1730,#1731,#1732,
    #1733,#1734,#1735,#1736,#1737,#1738,#1739,#1740,#1741,#1742,#1743,
    #1744,#1745,#1746,#1747,#1748,#1749,#1750,#1751,#1752,#1753,#1754,
    #1755,#1756,#1757,#1758,#1759,#1760,#1761,#1762,#1763,#1764,#1765,
    #1766,#1767,#1768,#1769,#1770),.UNSPECIFIED.,.F.,.F.,(8,6,6,6,6,6,6,
    6,6,6,6,6,6,6,6,6,8),(0.,2.804288237737E-02,5.878337397747E-02,
    0.129784831682,0.162643685924,0.219646936539,0.264074453643,
    0.311810330408,0.402293063144,0.500698726117,0.59848594176,
    0.719858921866,0.739656907306,0.81265889192,0.872577178967,
    0.972572678451,1.),.UNSPECIFIED.);
#1673 = CARTESIAN_POINT('',(2.066987298108,-4.440892098501E-16,-2.4));
#1674 = CARTESIAN_POINT('',(2.066987298108,5.202606965355E-02,
    -2.396795206083));
#1675 = CARTESIAN_POINT('',(2.065459545411,0.104052297183,
    -2.393590602971));
#1676 = CARTESIAN_POINT('',(2.062404047069,0.156024611077,
    -2.390386086895));
#1677 = CARTESIAN_POINT('',(2.057823176275,0.207889165102,
    -2.387181570151));
#1678 = CARTESIAN_POINT('',(2.051721672368,0.2595923383,-2.383976981098)
  );
#1679 = CARTESIAN_POINT('',(2.044106640831,0.311080734992,
    -2.380772264158));
#1680 = CARTESIAN_POINT('',(2.02499124727,0.418448829844,-2.374054198871
    ));
#1681 = CARTESIAN_POINT('',(2.013187541236,0.474274780534,
    -2.370540810627));
#1682 = CARTESIAN_POINT('',(1.999588941928,0.529708940295,
    -2.367027174343));
#1683 = CARTESIAN_POINT('',(1.984211247794,0.584682148289,
    -2.363513271917));
#1684 = CARTESIAN_POINT('',(1.967073548992,0.639126179395,
    -2.359999107883));
#1685 = CARTESIAN_POINT('',(1.948198227384,0.692973744205,-2.35648470942
    ));
#1686 = CARTESIAN_POINT('',(1.880060440475,0.868999543726,
    -2.344852477316));
#1687 = CARTESIAN_POINT('',(1.823374258478,0.988312096461,
    -2.336733378096));
#1688 = CARTESIAN_POINT('',(1.757870650113,1.103268842495,
    -2.328614119234));
#1689 = CARTESIAN_POINT('',(1.683958046941,1.213093997133,
    -2.320495545878));
#1690 = CARTESIAN_POINT('',(1.602124481709,1.317062074499,
    -2.312378082614));
#1691 = CARTESIAN_POINT('',(1.512934850989,1.414502123613,
    -2.304262051579));
#1692 = CARTESIAN_POINT('',(1.372654895411,1.546599924727,
    -2.292393303049));
#1693 = CARTESIAN_POINT('',(1.326835520751,1.586865540264,
    -2.288638710167));
#1694 = CARTESIAN_POINT('',(1.27964126622,1.625544618782,-2.28488451061)
  );
#1695 = CARTESIAN_POINT('',(1.231138206759,1.662581067886,
    -2.281130695438));
#1696 = CARTESIAN_POINT('',(1.181395133308,1.697922352401,
    -2.277377241367));
#1697 = CARTESIAN_POINT('',(1.130483552804,1.731519494374,
    -2.273624110778));
#1698 = CARTESIAN_POINT('',(0.988258372784,1.818506580145,-2.26336082488
    ));
#1699 = CARTESIAN_POINT('',(0.894743220971,1.868301803366,
    -2.256851067274));
#1700 = CARTESIAN_POINT('',(0.798321622939,1.912474839457,
    -2.250341967486));
#1701 = CARTESIAN_POINT('',(0.699400046066,1.950824671374,
    -2.243833146212));
#1702 = CARTESIAN_POINT('',(0.598400398617,1.983187784093,
    -2.237324108375));
#1703 = CARTESIAN_POINT('',(0.495758393445,2.009438780403,
    -2.230814495256));
#1704 = CARTESIAN_POINT('',(0.310993245019,2.045119406878,
    -2.219230412211));
#1705 = CARTESIAN_POINT('',(0.229336963116,2.056982882894,
    -2.214156026557));
#1706 = CARTESIAN_POINT('',(0.147164416442,2.065040685864,
    -2.209081142407));
#1707 = CARTESIAN_POINT('',(6.468843210365E-02,2.069266964289,
    -2.204005674633));
#1708 = CARTESIAN_POINT('',(-1.787716376185E-02,2.069650777108,
    -2.198929547081));
#1709 = CARTESIAN_POINT('',(-0.100318023608,2.066196116761,
    -2.193852749437));
#1710 = CARTESIAN_POINT('',(-0.27063531349,2.051106065024,-2.18331994608
    ));
#1711 = CARTESIAN_POINT('',(-0.358461143353,2.038880466001,
    -2.177863742684));
#1712 = CARTESIAN_POINT('',(-0.445631086668,2.022268795809,
    -2.172406933543));
#1713 = CARTESIAN_POINT('',(-0.531882677852,2.001314314558,
    -2.166949594692));
#1714 = CARTESIAN_POINT('',(-0.616957817399,1.976079717632,
    -2.161491793172));
#1715 = CARTESIAN_POINT('',(-0.700603444511,1.946646971467,
    -2.156033651643));
#1716 = CARTESIAN_POINT('',(-0.937942936697,1.849561808167,
    -2.140229392734));
#1717 = CARTESIAN_POINT('',(-1.08731476283,1.771275802694,
    -2.129881333229));
#1718 = CARTESIAN_POINT('',(-1.228970134611,1.678953156636,
    -2.119534739722));
#1719 = CARTESIAN_POINT('',(-1.361347332292,1.573526278336,
    -2.109190166671));
#1720 = CARTESIAN_POINT('',(-1.483029291252,1.456123603118,
    -2.098846711881));
#1721 = CARTESIAN_POINT('',(-1.5927575041,1.328058609376,-2.088503883037
    ));
#1722 = CARTESIAN_POINT('',(-1.794653017129,1.041627442304,
    -2.066918385836));
#1723 = CARTESIAN_POINT('',(-1.8844792181,0.881536049696,-2.055672246425
    ));
#1724 = CARTESIAN_POINT('',(-1.95756007942,0.712525545476,
    -2.044428803919));
#1725 = CARTESIAN_POINT('',(-2.012878710489,0.536705475077,
    -2.03318640998));
#1726 = CARTESIAN_POINT('',(-2.049735852522,0.356299323057,
    -2.021942015276));
#1727 = CARTESIAN_POINT('',(-2.067757899994,0.173618466731,
    -2.010694545146));
#1728 = CARTESIAN_POINT('',(-2.066182960823,-0.190358772858,
    -1.988272171787));
#1729 = CARTESIAN_POINT('',(-2.046821379496,-0.371729131129,
    -1.97709288831));
#1730 = CARTESIAN_POINT('',(-2.008881153322,-0.550707279986,
    -1.96591400803));
#1731 = CARTESIAN_POINT('',(-1.952745935827,-0.725028227996,
    -1.954735643936));
#1732 = CARTESIAN_POINT('',(-1.879116437394,-0.892515054353,
    -1.943556799253));
#1733 = CARTESIAN_POINT('',(-1.789002507985,-1.051103982611,
    -1.932377852287));
#1734 = CARTESIAN_POINT('',(-1.553169297187,-1.382319182733,
    -1.907332626813));
#1735 = CARTESIAN_POINT('',(-1.399188380325,-1.549234783429,
    -1.893458800065));
#1736 = CARTESIAN_POINT('',(-1.224437518113,-1.695899330339,
    -1.879593785762));
#1737 = CARTESIAN_POINT('',(-1.032176658288,-1.819321937873,
    -1.865733694934));
#1738 = CARTESIAN_POINT('',(-0.82607476297,-1.917147964152,
    -1.851872089143));
#1739 = CARTESIAN_POINT('',(-0.610207479973,-1.9876587394,
    -1.838002506605));
#1740 = CARTESIAN_POINT('',(-0.352983480449,-2.036955630166,
    -1.821873393647));
#1741 = CARTESIAN_POINT('',(-0.316766760528,-2.04312123082,
    -1.819611320829));
#1742 = CARTESIAN_POINT('',(-0.28042535424,-2.048535408825,
    -1.817349135251));
#1743 = CARTESIAN_POINT('',(-0.243977969341,-2.053195180018,
    -1.81508683223));
#1744 = CARTESIAN_POINT('',(-0.207443389834,-2.05709814432,
    -1.812824408483));
#1745 = CARTESIAN_POINT('',(-0.170840475968,-2.060242485738,
    -1.810561862125));
#1746 = CARTESIAN_POINT('',(9.615208267969E-04,-2.071419395025,
    -1.799955951818));
#1747 = CARTESIAN_POINT('',(0.136791492005,-2.069881006129,
    -1.791610521012));
#1748 = CARTESIAN_POINT('',(0.272339420629,-2.057947042192,
    -1.783263743126));
#1749 = CARTESIAN_POINT('',(0.406653440673,-2.035668901373,
    -1.774915710253));
#1750 = CARTESIAN_POINT('',(0.538795980243,-2.003202044209,
    -1.766566477303));
#1751 = CARTESIAN_POINT('',(0.667849461265,-1.96080507103,
    -1.758216630921));
#1752 = CARTESIAN_POINT('',(0.895581955425,-1.866206473835,
    -1.743015121726));
#1753 = CARTESIAN_POINT('',(0.99556729227,-1.817120399486,-1.73616262587
    ));
#1754 = CARTESIAN_POINT('',(1.092390248212,-1.761795397051,
    -1.729310924566));
#1755 = CARTESIAN_POINT('',(1.185585508906,-1.700478331447,
    -1.722460301976));
#1756 = CARTESIAN_POINT('',(1.274713985163,-1.633458053538,
    -1.715610817502));
#1757 = CARTESIAN_POINT('',(1.359364722786,-1.561064165208,
    -1.70876249526));
#1758 = CARTESIAN_POINT('',(1.572318994587,-1.354498377812,
    -1.690488829159));
#1759 = CARTESIAN_POINT('',(1.691984357383,-1.21135968983,
    -1.679062927545));
#1760 = CARTESIAN_POINT('',(1.796338384723,-1.055990418265,
    -1.667641631873));
#1761 = CARTESIAN_POINT('',(1.883927531005,-0.890372708865,
    -1.65622192123));
#1762 = CARTESIAN_POINT('',(1.953608837586,-0.716668677599,
    -1.644798738746));
#1763 = CARTESIAN_POINT('',(2.004563389103,-0.537194165401,
    -1.633370064119));
#1764 = CARTESIAN_POINT('',(2.045098693784,-0.304297530054,
    -1.618807766321));
#1765 = CARTESIAN_POINT('',(2.052384047121,-0.253916600953,
    -1.615673154848));
#1766 = CARTESIAN_POINT('',(2.058221003387,-0.203334714556,
    -1.612538462402));
#1767 = CARTESIAN_POINT('',(2.062603061049,-0.152601843761,
    -1.609403740729));
#1768 = CARTESIAN_POINT('',(2.065525883311,-0.101768157869,
    -1.606269047052));
#1769 = CARTESIAN_POINT('',(2.066987298108,-5.088402258001E-02,
    -1.60313444408));
#1770 = CARTESIAN_POINT('',(2.066987298108,-3.508304757815E-14,-1.6));
#1771 = ORIENTED_EDGE('',*,*,#1772,.T.);
#1772 = EDGE_CURVE('',#1670,#1773,#1775,.T.);
#1773 = VERTEX_POINT('',#1774);
#1774 = CARTESIAN_POINT('',(2.5,-1.854410869614E-14,-2.15));
#1775 = B_SPLINE_CURVE_WITH_KNOTS('',1,(#1776,#1777),.UNSPECIFIED.,.F.,
  .F.,(2,2),(0.,0.673205080757),.PIECEWISE_BEZIER_KNOTS.);
#1776 = CARTESIAN_POINT('',(1.916987298108,-3.223341695589E-14,
    -2.486602540378));
#1777 = CARTESIAN_POINT('',(2.5,-3.670342709748E-14,-2.15));
#1778 = ORIENTED_EDGE('',*,*,#1779,.T.);
#1779 = EDGE_CURVE('',#1773,#939,#1780,.T.);
#1780 = B_SPLINE_CURVE_WITH_KNOTS('',10,(#1781,#1782,#1783,#1784,#1785,
    #1786,#1787,#1788,#1789,#1790,#1791),.UNSPECIFIED.,.F.,.F.,(11,11),(
    0.,6.333910135482),.PIECEWISE_BEZIER_KNOTS.);
#1781 = CARTESIAN_POINT('',(2.5,-2.129488857846E-15,-2.15));
#1782 = CARTESIAN_POINT('',(2.5,1.570717537272,-2.07));
#1783 = CARTESIAN_POINT('',(1.403668149748,3.142182983908,
    -1.989999999999));
#1784 = CARTESIAN_POINT('',(-0.791960318462,3.845629392646,
    -1.910000000001));
#1785 = CARTESIAN_POINT('',(-3.298098154466,2.859654399612,
    -1.829999999998));
#1786 = CARTESIAN_POINT('',(-4.62721249084,-1.208810829212E-12,
    -1.750000000003));
#1787 = CARTESIAN_POINT('',(-3.298098154469,-2.859654399609,
    -1.669999999998));
#1788 = CARTESIAN_POINT('',(-0.791960318458,-3.845629392648,
    -1.590000000001));
#1789 = CARTESIAN_POINT('',(1.403668149747,-3.142182983907,
    -1.509999999999));
#1790 = CARTESIAN_POINT('',(2.5,-1.570717537272,-1.43));
#1791 = CARTESIAN_POINT('',(2.5,-3.670342709748E-14,-1.35));
#1792 = ORIENTED_EDGE('',*,*,#938,.F.);
#1793 = B_SPLINE_SURFACE_WITH_KNOTS('',1,10,(
    (#1794,#1795,#1796,#1797,#1798,#1799,#1800,#1801,#1802,#1803,#1804)
    ,(#1805,#1806,#1807,#1808,#1809,#1810,#1811,#1812,#1813,#1814,#1815
    )),.UNSPECIFIED.,.F.,.F.,.F.,(2,2),(11,11),(0.,0.673205080757),(0.,
    6.333910135482),.PIECEWISE_BEZIER_KNOTS.);
#1794 = CARTESIAN_POINT('',(1.916987298108,6.39129157177E-16,
    -2.486602540378));
#1795 = CARTESIAN_POINT('',(1.916987298108,1.204478642552,
    -2.406602540379));
#1796 = CARTESIAN_POINT('',(1.076283436692,2.408926956042,
    -2.326602540378));
#1797 = CARTESIAN_POINT('',(-0.607086413629,2.949907463791,
    -2.24660254038));
#1798 = CARTESIAN_POINT('',(-2.529362975791,2.19171720921,
    -2.166602540376));
#1799 = CARTESIAN_POINT('',(-3.547614764825,-5.577760475717E-13,
    -2.086602540382));
#1800 = CARTESIAN_POINT('',(-2.529362975793,-2.191717209209,
    -2.006602540376));
#1801 = CARTESIAN_POINT('',(-0.607086413627,-2.949907463792,
    -1.92660254038));
#1802 = CARTESIAN_POINT('',(1.076283436691,-2.408926956042,
    -1.846602540378));
#1803 = CARTESIAN_POINT('',(1.916987298108,-1.204478642552,
    -1.766602540379));
#1804 = CARTESIAN_POINT('',(1.916987298108,-3.223341695589E-14,
    -1.686602540378));
#1805 = CARTESIAN_POINT('',(2.5,-2.129488857846E-15,-2.15));
#1806 = CARTESIAN_POINT('',(2.5,1.570717537272,-2.07));
#1807 = CARTESIAN_POINT('',(1.403668149748,3.142182983908,
    -1.989999999999));
#1808 = CARTESIAN_POINT('',(-0.791960318462,3.845629392646,
    -1.910000000001));
#1809 = CARTESIAN_POINT('',(-3.298098154466,2.859654399612,
    -1.829999999998));
#1810 = CARTESIAN_POINT('',(-4.62721249084,-1.208810829212E-12,
    -1.750000000003));
#1811 = CARTESIAN_POINT('',(-3.298098154469,-2.859654399609,
    -1.669999999998));
#1812 = CARTESIAN_POINT('',(-0.791960318458,-3.845629392648,
    -1.590000000001));
#1813 = CARTESIAN_POINT('',(1.403668149747,-3.142182983907,
    -1.509999999999));
#1814 = CARTESIAN_POINT('',(2.5,-1.570717537272,-1.43));
#1815 = CARTESIAN_POINT('',(2.5,-3.670342709748E-14,-1.35));
#1816 = ADVANCED_FACE('',(#1817),#1936,.T.);
#1817 = FACE_BOUND('',#1818,.T.);
#1818 = EDGE_LOOP('',(#1819,#1920,#1921,#1935));
#1819 = ORIENTED_EDGE('',*,*,#1820,.F.);
#1820 = EDGE_CURVE('',#1112,#1670,#1821,.T.);
#1821 = B_SPLINE_CURVE_WITH_KNOTS('',7,(#1822,#1823,#1824,#1825,#1826,
    #1827,#1828,#1829,#1830,#1831,#1832,#1833,#1834,#1835,#1836,#1837,
    #1838,#1839,#1840,#1841,#1842,#1843,#1844,#1845,#1846,#1847,#1848,
    #1849,#1850,#1851,#1852,#1853,#1854,#1855,#1856,#1857,#1858,#1859,
    #1860,#1861,#1862,#1863,#1864,#1865,#1866,#1867,#1868,#1869,#1870,
    #1871,#1872,#1873,#1874,#1875,#1876,#1877,#1878,#1879,#1880,#1881,
    #1882,#1883,#1884,#1885,#1886,#1887,#1888,#1889,#1890,#1891,#1892,
    #1893,#1894,#1895,#1896,#1897,#1898,#1899,#1900,#1901,#1902,#1903,
    #1904,#1905,#1906,#1907,#1908,#1909,#1910,#1911,#1912,#1913,#1914,
    #1915,#1916,#1917,#1918,#1919),.UNSPECIFIED.,.F.,.F.,(8,6,6,6,6,6,6,
    6,6,6,6,6,6,6,6,6,8),(0.,2.804288237544E-02,5.878337397343E-02,
    0.129784831673,0.162643685913,0.219646936524,0.264074453625,
    0.311810330387,0.402293063117,0.500698725965,0.598485940543,
    0.71985885471,0.73965674977,0.81265873438,0.872576948773,
    0.972572448279,1.),.UNSPECIFIED.);
#1822 = CARTESIAN_POINT('',(2.066987298108,-4.440892098501E-16,-3.2));
#1823 = CARTESIAN_POINT('',(2.066987298108,5.202606965356E-02,
    -3.196795206083));
#1824 = CARTESIAN_POINT('',(2.065459545411,0.104052297183,
    -3.193590602971));
#1825 = CARTESIAN_POINT('',(2.062404047069,0.156024611077,
    -3.190386086895));
#1826 = CARTESIAN_POINT('',(2.057823176275,0.207889165102,
    -3.187181570151));
#1827 = CARTESIAN_POINT('',(2.051721672368,0.2595923383,-3.183976981098)
  );
#1828 = CARTESIAN_POINT('',(2.044106640831,0.311080734992,
    -3.180772264158));
#1829 = CARTESIAN_POINT('',(2.02499124727,0.418448829844,-3.174054198871
    ));
#1830 = CARTESIAN_POINT('',(2.013187541236,0.474274780534,
    -3.170540810627));
#1831 = CARTESIAN_POINT('',(1.999588941928,0.529708940295,
    -3.167027174343));
#1832 = CARTESIAN_POINT('',(1.984211247794,0.584682148289,
    -3.163513271917));
#1833 = CARTESIAN_POINT('',(1.967073548992,0.639126179395,
    -3.159999107883));
#1834 = CARTESIAN_POINT('',(1.948198227384,0.692973744205,-3.15648470942
    ));
#1835 = CARTESIAN_POINT('',(1.880060440475,0.868999543726,
    -3.144852477316));
#1836 = CARTESIAN_POINT('',(1.823374258478,0.988312096461,
    -3.136733378096));
#1837 = CARTESIAN_POINT('',(1.757870650113,1.103268842495,
    -3.128614119234));
#1838 = CARTESIAN_POINT('',(1.683958046941,1.213093997133,
    -3.120495545878));
#1839 = CARTESIAN_POINT('',(1.60212448171,1.317062074499,-3.112378082614
    ));
#1840 = CARTESIAN_POINT('',(1.512934850989,1.414502123613,
    -3.104262051579));
#1841 = CARTESIAN_POINT('',(1.372654895411,1.546599924727,
    -3.092393303049));
#1842 = CARTESIAN_POINT('',(1.326835520751,1.586865540264,
    -3.088638710167));
#1843 = CARTESIAN_POINT('',(1.27964126622,1.625544618782,-3.08488451061)
  );
#1844 = CARTESIAN_POINT('',(1.231138206759,1.662581067886,
    -3.081130695438));
#1845 = CARTESIAN_POINT('',(1.181395133308,1.697922352401,
    -3.077377241367));
#1846 = CARTESIAN_POINT('',(1.130483552804,1.731519494374,
    -3.073624110778));
#1847 = CARTESIAN_POINT('',(0.988258372784,1.818506580145,-3.06336082488
    ));
#1848 = CARTESIAN_POINT('',(0.894743220971,1.868301803366,
    -3.056851067274));
#1849 = CARTESIAN_POINT('',(0.798321622939,1.912474839457,
    -3.050341967486));
#1850 = CARTESIAN_POINT('',(0.699400046066,1.950824671374,
    -3.043833146212));
#1851 = CARTESIAN_POINT('',(0.598400398617,1.983187784093,
    -3.037324108375));
#1852 = CARTESIAN_POINT('',(0.495758393445,2.009438780403,
    -3.030814495256));
#1853 = CARTESIAN_POINT('',(0.310993245019,2.045119406878,
    -3.019230412211));
#1854 = CARTESIAN_POINT('',(0.229336963116,2.056982882894,
    -3.014156026557));
#1855 = CARTESIAN_POINT('',(0.147164416442,2.065040685864,
    -3.009081142407));
#1856 = CARTESIAN_POINT('',(6.468843210364E-02,2.069266964289,
    -3.004005674633));
#1857 = CARTESIAN_POINT('',(-1.787716376186E-02,2.069650777108,
    -2.998929547081));
#1858 = CARTESIAN_POINT('',(-0.100318023608,2.066196116761,
    -2.993852749437));
#1859 = CARTESIAN_POINT('',(-0.27063531349,2.051106065024,-2.98331994608
    ));
#1860 = CARTESIAN_POINT('',(-0.358461143353,2.038880466001,
    -2.977863742684));
#1861 = CARTESIAN_POINT('',(-0.445631086668,2.022268795809,
    -2.972406933543));
#1862 = CARTESIAN_POINT('',(-0.531882677852,2.001314314558,
    -2.966949594692));
#1863 = CARTESIAN_POINT('',(-0.616957817399,1.976079717632,
    -2.961491793172));
#1864 = CARTESIAN_POINT('',(-0.700603444511,1.946646971467,
    -2.956033651643));
#1865 = CARTESIAN_POINT('',(-0.937942936697,1.849561808167,
    -2.940229392734));
#1866 = CARTESIAN_POINT('',(-1.08731476283,1.771275802694,
    -2.929881333229));
#1867 = CARTESIAN_POINT('',(-1.228970134611,1.678953156636,
    -2.919534739722));
#1868 = CARTESIAN_POINT('',(-1.361347332292,1.573526278336,
    -2.909190166671));
#1869 = CARTESIAN_POINT('',(-1.483029291252,1.456123603118,
    -2.898846711881));
#1870 = CARTESIAN_POINT('',(-1.5927575041,1.328058609376,-2.888503883037
    ));
#1871 = CARTESIAN_POINT('',(-1.794653017003,1.041627442483,
    -2.866918385849));
#1872 = CARTESIAN_POINT('',(-1.884479217885,0.88153605008,
    -2.855672246452));
#1873 = CARTESIAN_POINT('',(-1.957560079157,0.712525546084,
    -2.844428803959));
#1874 = CARTESIAN_POINT('',(-2.012878710224,0.53670547592,
    -2.833186410034));
#1875 = CARTESIAN_POINT('',(-2.049735852301,0.356299324138,
    -2.821942015343));
#1876 = CARTESIAN_POINT('',(-2.067757899864,0.173618468045,
    -2.810694545227));
#1877 = CARTESIAN_POINT('',(-2.066182960973,-0.190358769363,
    -2.788272172002));
#1878 = CARTESIAN_POINT('',(-2.04682138019,-0.371729125686,
    -2.777092888647));
#1879 = CARTESIAN_POINT('',(-2.008881154962,-0.550707272685,
    -2.765914008487));
#1880 = CARTESIAN_POINT('',(-1.952745938795,-0.725028219001,
    -2.754735644514));
#1881 = CARTESIAN_POINT('',(-1.87911644204,-0.892515043897,
    -2.743556799952));
#1882 = CARTESIAN_POINT('',(-1.789002514615,-1.051103970987,
    -2.732377853107));
#1883 = CARTESIAN_POINT('',(-1.553169378351,-1.382319071611,
    -2.707332635289));
#1884 = CARTESIAN_POINT('',(-1.399188559165,-1.549234591606,
    -2.693458816089));
#1885 = CARTESIAN_POINT('',(-1.224437815662,-1.69589908208,
    -2.679593809315));
#1886 = CARTESIAN_POINT('',(-1.032177089794,-1.819321661902,
    -2.665733726011));
#1887 = CARTESIAN_POINT('',(-0.826075337206,-1.917147692235,
    -2.651872127751));
#1888 = CARTESIAN_POINT('',(-0.610208198512,-1.987658504952,
    -2.638002552769));
#1889 = CARTESIAN_POINT('',(-0.352984504597,-2.036955449668,
    -2.621873457685));
#1890 = CARTESIAN_POINT('',(-0.316767953262,-2.043121040871,
    -2.619611395197));
#1891 = CARTESIAN_POINT('',(-0.280426716297,-2.048535216355,
    -2.617349219948));
#1892 = CARTESIAN_POINT('',(-0.243979501198,-2.053194991985,
    -2.615086927259));
#1893 = CARTESIAN_POINT('',(-0.20744509171,-2.057097967705,
    -2.612824513845));
#1894 = CARTESIAN_POINT('',(-0.170842347823,-2.060242327529,
    -2.610561977821));
#1895 = CARTESIAN_POINT('',(9.594705758627E-04,-2.071419395975,
    -2.599956077872));
#1896 = CARTESIAN_POINT('',(0.136789443263,-2.069881141521,
    -2.591610647089));
#1897 = CARTESIAN_POINT('',(0.272337383684,-2.057947311749,
    -2.583263869224));
#1898 = CARTESIAN_POINT('',(0.406651425762,-2.035669303876,
    -2.574915836368));
#1899 = CARTESIAN_POINT('',(0.538793997451,-2.003202577512,
    -2.566566603427));
#1900 = CARTESIAN_POINT('',(0.66784752042,-1.960805732079,
    -2.558216757049));
#1901 = CARTESIAN_POINT('',(0.895579983714,-1.866207412018,
    -2.543015256154));
#1902 = CARTESIAN_POINT('',(0.995565251131,-1.817121503978,
    -2.536162768598));
#1903 = CARTESIAN_POINT('',(1.092388152086,-1.761796679606,
    -2.529311075588));
#1904 = CARTESIAN_POINT('',(1.185583373658,-1.700479802404,
    -2.522460461283));
#1905 = CARTESIAN_POINT('',(1.274711827905,-1.63345972165,-2.51561098509
    ));
#1906 = CARTESIAN_POINT('',(1.359362561688,-1.561066037477,
    -2.508762671124));
#1907 = CARTESIAN_POINT('',(1.572317035522,-1.35450065192,
    -2.490489013254));
#1908 = CARTESIAN_POINT('',(1.69198260537,-1.211362136986,-2.4790631116)
  );
#1909 = CARTESIAN_POINT('',(1.796336857446,-1.055993016317,
    -2.467641815907));
#1910 = CARTESIAN_POINT('',(1.883926243279,-0.890375433557,
    -2.456222105276));
#1911 = CARTESIAN_POINT('',(1.953607801095,-0.716671503035,
    -2.444798922831));
#1912 = CARTESIAN_POINT('',(2.004562612184,-0.537197064506,
    -2.433370248245));
#1913 = CARTESIAN_POINT('',(2.045098326914,-0.304300067075,
    -2.41880792417));
#1914 = CARTESIAN_POINT('',(2.052383802175,-0.253918723549,
    -2.415673286391));
#1915 = CARTESIAN_POINT('',(2.058220856272,-0.203336417696,
    -2.412538567637));
#1916 = CARTESIAN_POINT('',(2.062602987455,-0.152603123696,
    -2.409403819657));
#1917 = CARTESIAN_POINT('',(2.06552585878,-0.101769012087,
    -2.406269099675));
#1918 = CARTESIAN_POINT('',(2.066987298108,-5.08844497686E-02,
    -2.403134470395));
#1919 = CARTESIAN_POINT('',(2.066987298108,-3.508304757815E-14,-2.4));
#1920 = ORIENTED_EDGE('',*,*,#1238,.T.);
#1921 = ORIENTED_EDGE('',*,*,#1922,.T.);
#1922 = EDGE_CURVE('',#1223,#1773,#1923,.T.);
#1923 = B_SPLINE_CURVE_WITH_KNOTS('',10,(#1924,#1925,#1926,#1927,#1928,
    #1929,#1930,#1931,#1932,#1933,#1934),.UNSPECIFIED.,.F.,.F.,(11,11),(
    0.,6.333910135482),.PIECEWISE_BEZIER_KNOTS.);
#1924 = CARTESIAN_POINT('',(2.5,-2.129488857846E-15,-2.95));
#1925 = CARTESIAN_POINT('',(2.5,1.570717537272,-2.87));
#1926 = CARTESIAN_POINT('',(1.403668149748,3.142182983908,
    -2.789999999999));
#1927 = CARTESIAN_POINT('',(-0.791960318462,3.845629392646,
    -2.710000000001));
#1928 = CARTESIAN_POINT('',(-3.298098154466,2.859654399612,
    -2.629999999998));
#1929 = CARTESIAN_POINT('',(-4.62721249084,-1.208810829212E-12,
    -2.550000000003));
#1930 = CARTESIAN_POINT('',(-3.298098154469,-2.859654399609,
    -2.469999999998));
#1931 = CARTESIAN_POINT('',(-0.791960318458,-3.845629392648,
    -2.390000000001));
#1932 = CARTESIAN_POINT('',(1.403668149747,-3.142182983907,
    -2.309999999999));
#1933 = CARTESIAN_POINT('',(2.5,-1.570717537272,-2.23));
#1934 = CARTESIAN_POINT('',(2.5,-3.670342709748E-14,-2.15));
#1935 = ORIENTED_EDGE('',*,*,#1772,.F.);
#1936 = B_SPLINE_SURFACE_WITH_KNOTS('',1,10,(
    (#1937,#1938,#1939,#1940,#1941,#1942,#1943,#1944,#1945,#1946,#1947)
    ,(#1948,#1949,#1950,#1951,#1952,#1953,#1954,#1955,#1956,#1957,#1958
    )),.UNSPECIFIED.,.F.,.F.,.F.,(2,2),(11,11),(0.,0.673205080757),(0.,
    6.333910135482),.PIECEWISE_BEZIER_KNOTS.);
#1937 = CARTESIAN_POINT('',(1.916987298108,6.39129157177E-16,
    -3.286602540378));
#1938 = CARTESIAN_POINT('',(1.916987298108,1.204478642552,
    -3.206602540379));
#1939 = CARTESIAN_POINT('',(1.076283436692,2.408926956042,
    -3.126602540378));
#1940 = CARTESIAN_POINT('',(-0.607086413629,2.949907463791,
    -3.04660254038));
#1941 = CARTESIAN_POINT('',(-2.529362975791,2.19171720921,
    -2.966602540376));
#1942 = CARTESIAN_POINT('',(-3.547614764825,-5.577760475717E-13,
    -2.886602540382));
#1943 = CARTESIAN_POINT('',(-2.529362975793,-2.191717209209,
    -2.806602540376));
#1944 = CARTESIAN_POINT('',(-0.607086413627,-2.949907463792,
    -2.72660254038));
#1945 = CARTESIAN_POINT('',(1.076283436691,-2.408926956042,
    -2.646602540378));
#1946 = CARTESIAN_POINT('',(1.916987298108,-1.204478642552,
    -2.566602540379));
#1947 = CARTESIAN_POINT('',(1.916987298108,-3.223341695589E-14,
    -2.486602540378));
#1948 = CARTESIAN_POINT('',(2.5,-2.129488857846E-15,-2.95));
#1949 = CARTESIAN_POINT('',(2.5,1.570717537272,-2.87));
#1950 = CARTESIAN_POINT('',(1.403668149748,3.142182983908,
    -2.789999999999));
#1951 = CARTESIAN_POINT('',(-0.791960318462,3.845629392646,
    -2.710000000001));
#1952 = CARTESIAN_POINT('',(-3.298098154466,2.859654399612,
    -2.629999999998));
#1953 = CARTESIAN_POINT('',(-4.62721249084,-1.208810829212E-12,
    -2.550000000003));
#1954 = CARTESIAN_POINT('',(-3.298098154469,-2.859654399609,
    -2.469999999998));
#1955 = CARTESIAN_POINT('',(-0.791960318458,-3.845629392648,
    -2.390000000001));
#1956 = CARTESIAN_POINT('',(1.403668149747,-3.142182983907,
    -2.309999999999));
#1957 = CARTESIAN_POINT('',(2.5,-1.570717537272,-2.23));
#1958 = CARTESIAN_POINT('',(2.5,-3.670342709748E-14,-2.15));
#1959 = ADVANCED_FACE('',(#1960),#1985,.T.);
#1960 = FACE_BOUND('',#1961,.T.);
#1961 = EDGE_LOOP('',(#1962,#1963,#1964,#1980));
#1962 = ORIENTED_EDGE('',*,*,#1222,.F.);
#1963 = ORIENTED_EDGE('',*,*,#1430,.T.);
#1964 = ORIENTED_EDGE('',*,*,#1965,.T.);
#1965 = EDGE_CURVE('',#1270,#1966,#1968,.T.);
#1966 = VERTEX_POINT('',#1967);
#1967 = CARTESIAN_POINT('',(2.5,-1.854410869614E-14,-2.85));
#1968 = B_SPLINE_CURVE_WITH_KNOTS('',10,(#1969,#1970,#1971,#1972,#1973,
    #1974,#1975,#1976,#1977,#1978,#1979),.UNSPECIFIED.,.F.,.F.,(11,11),(
    0.,6.333910135482),.PIECEWISE_BEZIER_KNOTS.);
#1969 = CARTESIAN_POINT('',(2.5,-1.257139576327E-15,-3.65));
#1970 = CARTESIAN_POINT('',(2.5,1.570717537272,-3.57));
#1971 = CARTESIAN_POINT('',(1.403668149748,3.142182983908,-3.49));
#1972 = CARTESIAN_POINT('',(-0.791960318461,3.845629392646,
    -3.410000000001));
#1973 = CARTESIAN_POINT('',(-3.298098154466,2.859654399612,
    -3.329999999999));
#1974 = CARTESIAN_POINT('',(-4.62721249084,-1.165290086647E-12,
    -3.250000000001));
#1975 = CARTESIAN_POINT('',(-3.298098154469,-2.859654399609,
    -3.169999999999));
#1976 = CARTESIAN_POINT('',(-0.791960318458,-3.845629392648,
    -3.090000000001));
#1977 = CARTESIAN_POINT('',(1.403668149747,-3.142182983907,-3.01));
#1978 = CARTESIAN_POINT('',(2.5,-1.570717537272,-2.93));
#1979 = CARTESIAN_POINT('',(2.5,-3.583107781596E-14,-2.85));
#1980 = ORIENTED_EDGE('',*,*,#1981,.F.);
#1981 = EDGE_CURVE('',#1223,#1966,#1982,.T.);
#1982 = B_SPLINE_CURVE_WITH_KNOTS('',1,(#1983,#1984),.UNSPECIFIED.,.F.,
  .F.,(2,2),(0.,1.E-01),.PIECEWISE_BEZIER_KNOTS.);
#1983 = CARTESIAN_POINT('',(2.5,-3.583107781596E-14,-2.95));
#1984 = CARTESIAN_POINT('',(2.5,-3.583107781596E-14,-2.85));
#1985 = B_SPLINE_SURFACE_WITH_KNOTS('',1,10,(
    (#1986,#1987,#1988,#1989,#1990,#1991,#1992,#1993,#1994,#1995,#1996)
    ,(#1997,#1998,#1999,#2000,#2001,#2002,#2003,#2004,#2005,#2006,#2007
    )),.UNSPECIFIED.,.F.,.F.,.F.,(2,2),(11,11),(0.,1.E-01),(0.,
    6.333910135482),.PIECEWISE_BEZIER_KNOTS.);
#1986 = CARTESIAN_POINT('',(2.5,-1.257139576327E-15,-3.75));
#1987 = CARTESIAN_POINT('',(2.5,1.570717537272,-3.67));
#1988 = CARTESIAN_POINT('',(1.403668149748,3.142182983908,
    -3.589999999999));
#1989 = CARTESIAN_POINT('',(-0.791960318461,3.845629392646,
    -3.510000000001));
#1990 = CARTESIAN_POINT('',(-3.298098154466,2.859654399612,
    -3.429999999998));
#1991 = CARTESIAN_POINT('',(-4.62721249084,-1.165290086647E-12,
    -3.350000000003));
#1992 = CARTESIAN_POINT('',(-3.298098154469,-2.859654399609,
    -3.269999999998));
#1993 = CARTESIAN_POINT('',(-0.791960318458,-3.845629392648,
    -3.190000000001));
#1994 = CARTESIAN_POINT('',(1.403668149747,-3.142182983907,
    -3.109999999999));
#1995 = CARTESIAN_POINT('',(2.5,-1.570717537272,-3.03));
#1996 = CARTESIAN_POINT('',(2.5,-3.583107781596E-14,-2.95));
#1997 = CARTESIAN_POINT('',(2.5,-1.257139576327E-15,-3.65));
#1998 = CARTESIAN_POINT('',(2.5,1.570717537272,-3.57));
#1999 = CARTESIAN_POINT('',(1.403668149748,3.142182983908,-3.49));
#2000 = CARTESIAN_POINT('',(-0.791960318461,3.845629392646,
    -3.410000000001));
#2001 = CARTESIAN_POINT('',(-3.298098154466,2.859654399612,
    -3.329999999999));
#2002 = CARTESIAN_POINT('',(-4.62721249084,-1.165290086647E-12,
    -3.250000000001));
#2003 = CARTESIAN_POINT('',(-3.298098154469,-2.859654399609,
    -3.169999999999));
#2004 = CARTESIAN_POINT('',(-0.791960318458,-3.845629392648,
    -3.090000000001));
#2005 = CARTESIAN_POINT('',(1.403668149747,-3.142182983907,-3.01));
#2006 = CARTESIAN_POINT('',(2.5,-1.570717537272,-2.93));
#2007 = CARTESIAN_POINT('',(2.5,-3.583107781596E-14,-2.85));
#2008 = ADVANCED_FACE('',(#2009),#2115,.T.);
#2009 = FACE_BOUND('',#2010,.T.);
#2010 = EDGE_LOOP('',(#2011,#2012,#2013,#2110));
#2011 = ORIENTED_EDGE('',*,*,#1965,.F.);
#2012 = ORIENTED_EDGE('',*,*,#1383,.T.);
#2013 = ORIENTED_EDGE('',*,*,#2014,.T.);
#2014 = EDGE_CURVE('',#1287,#2015,#2017,.T.);
#2015 = VERTEX_POINT('',#2016);
#2016 = CARTESIAN_POINT('',(2.066987298108,-1.645310471347E-14,-2.6));
#2017 = B_SPLINE_CURVE_WITH_KNOTS('',6,(#2018,#2019,#2020,#2021,#2022,
    #2023,#2024,#2025,#2026,#2027,#2028,#2029,#2030,#2031,#2032,#2033,
    #2034,#2035,#2036,#2037,#2038,#2039,#2040,#2041,#2042,#2043,#2044,
    #2045,#2046,#2047,#2048,#2049,#2050,#2051,#2052,#2053,#2054,#2055,
    #2056,#2057,#2058,#2059,#2060,#2061,#2062,#2063,#2064,#2065,#2066,
    #2067,#2068,#2069,#2070,#2071,#2072,#2073,#2074,#2075,#2076,#2077,
    #2078,#2079,#2080,#2081,#2082,#2083,#2084,#2085,#2086,#2087,#2088,
    #2089,#2090,#2091,#2092,#2093,#2094,#2095,#2096,#2097,#2098,#2099,
    #2100,#2101,#2102,#2103,#2104,#2105,#2106,#2107,#2108,#2109),
  .UNSPECIFIED.,.F.,.F.,(7,5,5,5,5,5,5,5,5,5,5,5,5,5,5,5,5,5,7),(0.,
    2.804227566138E-02,4.778232853246E-02,0.129780276558,0.187639644453,
    0.239640940033,0.264067409566,0.296801802257,0.356803836598,
    0.402286136515,0.499525314582,0.59847593807,0.689929292317,
    0.727930107467,0.785795302543,0.837797428624,0.871106329637,
    0.941233553237,1.),.UNSPECIFIED.);
#2018 = CARTESIAN_POINT('',(2.066987298108,-2.6645352591E-15,-3.4));
#2019 = CARTESIAN_POINT('',(2.066987298108,6.069711041708E-02,
    -3.396261071968));
#2020 = CARTESIAN_POINT('',(2.064848442673,0.121394399865,
    -3.392521910555));
#2021 = CARTESIAN_POINT('',(2.060570748498,0.181997269477,
    -3.388782644626));
#2022 = CARTESIAN_POINT('',(2.05415974913,0.242411641341,-3.38504338788)
  );
#2023 = CARTESIAN_POINT('',(2.045626494966,0.302543958508,
    -3.381304238856));
#2024 = CARTESIAN_POINT('',(2.027498386739,0.404366630182,
    -3.374933282445));
#2025 = CARTESIAN_POINT('',(2.018965766078,0.44624633114,-3.372301372271
    ));
#2026 = CARTESIAN_POINT('',(2.009395470963,0.487907853834,
    -3.369669576647));
#2027 = CARTESIAN_POINT('',(1.998794596081,0.529319105368,
    -3.367037911809));
#2028 = CARTESIAN_POINT('',(1.987171551111,0.570448333976,
    -3.364406383992));
#2029 = CARTESIAN_POINT('',(1.922049662103,0.780808327446,
    -3.350844473906));
#2030 = CARTESIAN_POINT('',(1.852087462075,0.944964383418,
    -3.339914987658));
#2031 = CARTESIAN_POINT('',(1.765352386601,1.101435877019,
    -3.328989221298));
#2032 = CARTESIAN_POINT('',(1.662939109115,1.248126833614,
    -3.318062793263));
#2033 = CARTESIAN_POINT('',(1.546248829506,1.38313126025,-3.307132170352
    ));
#2034 = CARTESIAN_POINT('',(1.325860935472,1.590664518242,
    -3.288485569742));
#2035 = CARTESIAN_POINT('',(1.228440591953,1.669894816702,
    -3.280769661804));
#2036 = CARTESIAN_POINT('',(1.125383396768,1.741925926279,
    -3.273052293252));
#2037 = CARTESIAN_POINT('',(1.017357787367,1.806266291379,
    -3.265333464248));
#2038 = CARTESIAN_POINT('',(0.905086640116,1.862508744671,
    -3.257613431675));
#2039 = CARTESIAN_POINT('',(0.685315495645,1.953317219063,
    -3.242954733388));
#2040 = CARTESIAN_POINT('',(0.578478814118,1.989503315204,-3.23601578556
    ));
#2041 = CARTESIAN_POINT('',(0.46939112245,2.018661472452,-3.229077124165
    ));
#2042 = CARTESIAN_POINT('',(0.358630380404,2.040623746409,
    -3.222139034239));
#2043 = CARTESIAN_POINT('',(0.246789337472,2.05528595292,-3.215201711612
    ));
#2044 = CARTESIAN_POINT('',(8.171318892016E-02,2.066048100556,
    -3.205007505864));
#2045 = CARTESIAN_POINT('',(2.884887978344E-02,2.06786831366,
    -3.201749654395));
#2046 = CARTESIAN_POINT('',(-2.405879532598E-02,2.068065081102,
    -3.198492057925));
#2047 = CARTESIAN_POINT('',(-7.694759607227E-02,2.066637532902,
    -3.195234726522));
#2048 = CARTESIAN_POINT('',(-0.129755311353,2.063587983545,
    -3.19197766279));
#2049 = CARTESIAN_POINT('',(-0.252996422762,2.052668864403,
    -3.184356358842));
#2050 = CARTESIAN_POINT('',(-0.323316248515,2.04351263392,
    -3.179992319049));
#2051 = CARTESIAN_POINT('',(-0.393229281616,2.031466552483,
    -3.175628729091));
#2052 = CARTESIAN_POINT('',(-0.462587533549,2.01655401859,
    -3.171265555705));
#2053 = CARTESIAN_POINT('',(-0.53124498222,1.998808517275,
    -3.166902745764));
#2054 = CARTESIAN_POINT('',(-0.723357826319,1.940633221019,
    -3.15454374237));
#2055 = CARTESIAN_POINT('',(-0.844824234241,1.893619035192,
    -3.146547969239));
#2056 = CARTESIAN_POINT('',(-0.962564913293,1.837501574402,
    -3.138553038648));
#2057 = CARTESIAN_POINT('',(-1.075734714882,1.772657925646,
    -3.130558103982));
#2058 = CARTESIAN_POINT('',(-1.18354233042,1.699568080642,
    -3.122562369822));
#2059 = CARTESIAN_POINT('',(-1.36235870311,1.557596579258,
    -3.108504864314));
#2060 = CARTESIAN_POINT('',(-1.435962135881,1.491974526603,
    -3.102443096085));
#2061 = CARTESIAN_POINT('',(-1.505751076973,1.422196618077,
    -3.096380831664));
#2062 = CARTESIAN_POINT('',(-1.5714354671,1.348542075342,-3.090317933779
    ));
#2063 = CARTESIAN_POINT('',(-1.632753119584,1.271316437234,
    -3.084254332417));
#2064 = CARTESIAN_POINT('',(-1.810731465048,1.01881677958,
    -3.065225487383));
#2065 = CARTESIAN_POINT('',(-1.910998234555,0.831927035779,
    -3.052255259577));
#2066 = CARTESIAN_POINT('',(-1.987927402868,0.633471022649,
    -3.039286578622));
#2067 = CARTESIAN_POINT('',(-2.040001086572,0.427095729396,
    -3.026318003497));
#2068 = CARTESIAN_POINT('',(-2.066348441817,0.216653579658,
    -3.013347605424));
#2069 = CARTESIAN_POINT('',(-2.067618739065,-0.207991482905,
    -2.987188032014));
#2070 = CARTESIAN_POINT('',(-2.041628729227,-0.422299075973,
    -2.973992776125));
#2071 = CARTESIAN_POINT('',(-1.988972308047,-0.632480040303,
    -2.960803344033));
#2072 = CARTESIAN_POINT('',(-1.910560776697,-0.834472288827,
    -2.94761475543));
#2073 = CARTESIAN_POINT('',(-1.80799527433,-1.024432621931,
    -2.934421021358));
#2074 = CARTESIAN_POINT('',(-1.568949896522,-1.360153425742,
    -2.909035171238));
#2075 = CARTESIAN_POINT('',(-1.435581185873,-1.508238815038,
    -2.896837978654));
#2076 = CARTESIAN_POINT('',(-1.28559102512,-1.640421800983,
    -2.884640722018));
#2077 = CARTESIAN_POINT('',(-1.121389036717,-1.754469672706,
    -2.872440915643));
#2078 = CARTESIAN_POINT('',(-0.945718838233,-1.848576882263,
    -2.860237780514));
#2079 = CARTESIAN_POINT('',(-0.685235954947,-1.951833401172,
    -2.842968409916));
#2080 = CARTESIAN_POINT('',(-0.607324245498,-1.978492832278,
    -2.837899195556));
#2081 = CARTESIAN_POINT('',(-0.528183942379,-2.001414298026,
    -2.832830267868));
#2082 = CARTESIAN_POINT('',(-0.448039082853,-2.020529033632,
    -2.827761745515));
#2083 = CARTESIAN_POINT('',(-0.36711845795,-2.035786318813,
    -2.822693727666));
#2084 = CARTESIAN_POINT('',(-0.161609235396,-2.064462655724,
    -2.809909932208));
#2085 = CARTESIAN_POINT('',(-3.630074616355E-02,-2.072752189481,
    -2.802194674393));
#2086 = CARTESIAN_POINT('',(8.944256614444E-02,-2.071907064602,
    -2.794481238229));
#2087 = CARTESIAN_POINT('',(0.214791151611,-2.061912794482,
    -2.786769368034));
#2088 = CARTESIAN_POINT('',(0.338919740928,-2.042855171794,
    -2.779058561966));
#2089 = CARTESIAN_POINT('',(0.570737100625,-1.989815338463,
    -2.76442021194));
#2090 = CARTESIAN_POINT('',(0.678822054057,-1.95753996626,
    -2.757492165756));
#2091 = CARTESIAN_POINT('',(0.784678732483,-1.91822906052,
    -2.750564603429));
#2092 = CARTESIAN_POINT('',(0.887738338178,-1.872079842816,
    -2.743636900773));
#2093 = CARTESIAN_POINT('',(0.987456829667,-1.819350192011,
    -2.73670843151));
#2094 = CARTESIAN_POINT('',(1.144720673431,-1.722570503432,
    -2.725340710778));
#2095 = CARTESIAN_POINT('',(1.204541508474,-1.682213503798,
    -2.720901894044));
#2096 = CARTESIAN_POINT('',(1.262645871086,-1.63936942272,
    -2.716462587972));
#2097 = CARTESIAN_POINT('',(1.318905393797,-1.594130182801,
    -2.712022734427));
#2098 = CARTESIAN_POINT('',(1.373198436753,-1.54659644481,
    -2.707582311094));
#2099 = CARTESIAN_POINT('',(1.535334402539,-1.392201563074,
    -2.693791471217));
#2100 = CARTESIAN_POINT('',(1.636040885432,-1.277832441934,
    -2.684438545832));
#2101 = CARTESIAN_POINT('',(1.726444912501,-1.154799118149,
    -2.675083958421));
#2102 = CARTESIAN_POINT('',(1.805644190372,-1.024272204277,
    -2.665728008171));
#2103 = CARTESIAN_POINT('',(1.872902114006,-0.887532390023,
    -2.656371872902));
#2104 = CARTESIAN_POINT('',(1.973587919689,-0.627348810384,
    -2.639178919703));
#2105 = CARTESIAN_POINT('',(2.010734681073,-0.505329828456,
    -2.631340846307));
#2106 = CARTESIAN_POINT('',(2.038807282288,-0.380733455611,
    -2.623504637563));
#2107 = CARTESIAN_POINT('',(2.057593810891,-0.254402329752,
    -2.615669899387));
#2108 = CARTESIAN_POINT('',(2.066987298108,-0.127199103147,
    -2.607835435479));
#2109 = CARTESIAN_POINT('',(2.066987298108,-2.975397705995E-14,-2.6));
#2110 = ORIENTED_EDGE('',*,*,#2111,.F.);
#2111 = EDGE_CURVE('',#1966,#2015,#2112,.T.);
#2112 = B_SPLINE_CURVE_WITH_KNOTS('',1,(#2113,#2114),.UNSPECIFIED.,.F.,
  .F.,(2,2),(0.,0.673205080757),.PIECEWISE_BEZIER_KNOTS.);
#2113 = CARTESIAN_POINT('',(2.5,-3.583107781596E-14,-2.85));
#2114 = CARTESIAN_POINT('',(1.916987298108,-3.121136377642E-14,
    -2.513397459622));
#2115 = B_SPLINE_SURFACE_WITH_KNOTS('',1,10,(
    (#2116,#2117,#2118,#2119,#2120,#2121,#2122,#2123,#2124,#2125,#2126)
    ,(#2127,#2128,#2129,#2130,#2131,#2132,#2133,#2134,#2135,#2136,#2137
    )),.UNSPECIFIED.,.F.,.F.,.F.,(2,2),(11,11),(0.,0.673205080757),(0.,
    6.333910135482),.PIECEWISE_BEZIER_KNOTS.);
#2116 = CARTESIAN_POINT('',(2.5,-1.257139576327E-15,-3.65));
#2117 = CARTESIAN_POINT('',(2.5,1.570717537272,-3.57));
#2118 = CARTESIAN_POINT('',(1.403668149748,3.142182983908,-3.49));
#2119 = CARTESIAN_POINT('',(-0.791960318461,3.845629392646,
    -3.410000000001));
#2120 = CARTESIAN_POINT('',(-3.298098154466,2.859654399612,
    -3.329999999999));
#2121 = CARTESIAN_POINT('',(-4.62721249084,-1.165290086647E-12,
    -3.250000000001));
#2122 = CARTESIAN_POINT('',(-3.298098154469,-2.859654399609,
    -3.169999999999));
#2123 = CARTESIAN_POINT('',(-0.791960318458,-3.845629392648,
    -3.090000000001));
#2124 = CARTESIAN_POINT('',(1.403668149747,-3.142182983907,-3.01));
#2125 = CARTESIAN_POINT('',(2.5,-1.570717537272,-2.93));
#2126 = CARTESIAN_POINT('',(2.5,-3.583107781596E-14,-2.85));
#2127 = CARTESIAN_POINT('',(1.916987298108,-1.891531342156E-15,
    -3.313397459622));
#2128 = CARTESIAN_POINT('',(1.916987298108,1.204478642552,
    -3.233397459622));
#2129 = CARTESIAN_POINT('',(1.076283436692,2.408926956042,
    -3.153397459621));
#2130 = CARTESIAN_POINT('',(-0.607086413629,2.949907463791,
    -3.073397459622));
#2131 = CARTESIAN_POINT('',(-2.529362975791,2.191717209209,
    -2.99339745962));
#2132 = CARTESIAN_POINT('',(-3.547614764825,-1.429967255717E-13,
    -2.913397459623));
#2133 = CARTESIAN_POINT('',(-2.529362975793,-2.191717209209,
    -2.83339745962));
#2134 = CARTESIAN_POINT('',(-0.607086413627,-2.949907463792,
    -2.753397459622));
#2135 = CARTESIAN_POINT('',(1.076283436691,-2.408926956042,
    -2.673397459621));
#2136 = CARTESIAN_POINT('',(1.916987298108,-1.204478642552,
    -2.593397459622));
#2137 = CARTESIAN_POINT('',(1.916987298108,-3.121136377642E-14,
    -2.513397459622));
#2138 = ADVANCED_FACE('',(#2139),#2149,.T.);
#2139 = FACE_BOUND('',#2140,.T.);
#2140 = EDGE_LOOP('',(#2141,#2142,#2147,#2148));
#2141 = ORIENTED_EDGE('',*,*,#1779,.F.);
#2142 = ORIENTED_EDGE('',*,*,#2143,.T.);
#2143 = EDGE_CURVE('',#1773,#1525,#2144,.T.);
#2144 = B_SPLINE_CURVE_WITH_KNOTS('',1,(#2145,#2146),.UNSPECIFIED.,.F.,
  .F.,(2,2),(0.,1.E-01),.PIECEWISE_BEZIER_KNOTS.);
#2145 = CARTESIAN_POINT('',(2.5,-3.583107781596E-14,-2.15));
#2146 = CARTESIAN_POINT('',(2.5,-3.583107781596E-14,-2.05));
#2147 = ORIENTED_EDGE('',*,*,#1524,.T.);
#2148 = ORIENTED_EDGE('',*,*,#1491,.F.);
#2149 = B_SPLINE_SURFACE_WITH_KNOTS('',1,10,(
    (#2150,#2151,#2152,#2153,#2154,#2155,#2156,#2157,#2158,#2159,#2160)
    ,(#2161,#2162,#2163,#2164,#2165,#2166,#2167,#2168,#2169,#2170,#2171
    )),.UNSPECIFIED.,.F.,.F.,.F.,(2,2),(11,11),(0.,1.E-01),(0.,
    6.333910135482),.PIECEWISE_BEZIER_KNOTS.);
#2150 = CARTESIAN_POINT('',(2.5,-1.257139576327E-15,-2.15));
#2151 = CARTESIAN_POINT('',(2.5,1.570717537272,-2.07));
#2152 = CARTESIAN_POINT('',(1.403668149748,3.142182983908,
    -1.989999999999));
#2153 = CARTESIAN_POINT('',(-0.791960318461,3.845629392646,
    -1.910000000001));
#2154 = CARTESIAN_POINT('',(-3.298098154466,2.859654399612,
    -1.829999999998));
#2155 = CARTESIAN_POINT('',(-4.62721249084,-1.165290086647E-12,
    -1.750000000003));
#2156 = CARTESIAN_POINT('',(-3.298098154469,-2.859654399609,
    -1.669999999998));
#2157 = CARTESIAN_POINT('',(-0.791960318458,-3.845629392648,
    -1.590000000001));
#2158 = CARTESIAN_POINT('',(1.403668149747,-3.142182983907,
    -1.509999999999));
#2159 = CARTESIAN_POINT('',(2.5,-1.570717537272,-1.43));
#2160 = CARTESIAN_POINT('',(2.5,-3.583107781596E-14,-1.35));
#2161 = CARTESIAN_POINT('',(2.5,-1.257139576327E-15,-2.05));
#2162 = CARTESIAN_POINT('',(2.5,1.570717537272,-1.97));
#2163 = CARTESIAN_POINT('',(1.403668149748,3.142182983908,-1.89));
#2164 = CARTESIAN_POINT('',(-0.791960318461,3.845629392646,
    -1.810000000001));
#2165 = CARTESIAN_POINT('',(-3.298098154466,2.859654399612,
    -1.729999999999));
#2166 = CARTESIAN_POINT('',(-4.62721249084,-1.165290086647E-12,
    -1.650000000001));
#2167 = CARTESIAN_POINT('',(-3.298098154469,-2.859654399609,
    -1.569999999999));
#2168 = CARTESIAN_POINT('',(-0.791960318458,-3.845629392648,
    -1.490000000001));
#2169 = CARTESIAN_POINT('',(1.403668149747,-3.142182983907,-1.41));
#2170 = CARTESIAN_POINT('',(2.5,-1.570717537272,-1.33));
#2171 = CARTESIAN_POINT('',(2.5,-3.583107781596E-14,-1.25));
#2172 = ADVANCED_FACE('',(#2173),#2286,.T.);
#2173 = FACE_BOUND('',#2174,.T.);
#2174 = EDGE_LOOP('',(#2175,#2189,#2190,#2285));
#2175 = ORIENTED_EDGE('',*,*,#2176,.F.);
#2176 = EDGE_CURVE('',#1966,#1525,#2177,.T.);
#2177 = B_SPLINE_CURVE_WITH_KNOTS('',10,(#2178,#2179,#2180,#2181,#2182,
    #2183,#2184,#2185,#2186,#2187,#2188),.UNSPECIFIED.,.F.,.F.,(11,11),(
    0.,6.333910135482),.PIECEWISE_BEZIER_KNOTS.);
#2178 = CARTESIAN_POINT('',(2.5,-1.257139576327E-15,-2.85));
#2179 = CARTESIAN_POINT('',(2.5,1.570717537272,-2.77));
#2180 = CARTESIAN_POINT('',(1.403668149748,3.142182983908,-2.69));
#2181 = CARTESIAN_POINT('',(-0.791960318461,3.845629392646,
    -2.610000000001));
#2182 = CARTESIAN_POINT('',(-3.298098154466,2.859654399612,
    -2.529999999999));
#2183 = CARTESIAN_POINT('',(-4.62721249084,-1.165290086647E-12,
    -2.450000000001));
#2184 = CARTESIAN_POINT('',(-3.298098154469,-2.859654399609,
    -2.369999999999));
#2185 = CARTESIAN_POINT('',(-0.791960318458,-3.845629392648,
    -2.290000000001));
#2186 = CARTESIAN_POINT('',(1.403668149747,-3.142182983907,-2.21));
#2187 = CARTESIAN_POINT('',(2.5,-1.570717537272,-2.13));
#2188 = CARTESIAN_POINT('',(2.5,-3.583107781596E-14,-2.05));
#2189 = ORIENTED_EDGE('',*,*,#2111,.T.);
#2190 = ORIENTED_EDGE('',*,*,#2191,.T.);
#2191 = EDGE_CURVE('',#2015,#1541,#2192,.T.);
#2192 = B_SPLINE_CURVE_WITH_KNOTS('',6,(#2193,#2194,#2195,#2196,#2197,
    #2198,#2199,#2200,#2201,#2202,#2203,#2204,#2205,#2206,#2207,#2208,
    #2209,#2210,#2211,#2212,#2213,#2214,#2215,#2216,#2217,#2218,#2219,
    #2220,#2221,#2222,#2223,#2224,#2225,#2226,#2227,#2228,#2229,#2230,
    #2231,#2232,#2233,#2234,#2235,#2236,#2237,#2238,#2239,#2240,#2241,
    #2242,#2243,#2244,#2245,#2246,#2247,#2248,#2249,#2250,#2251,#2252,
    #2253,#2254,#2255,#2256,#2257,#2258,#2259,#2260,#2261,#2262,#2263,
    #2264,#2265,#2266,#2267,#2268,#2269,#2270,#2271,#2272,#2273,#2274,
    #2275,#2276,#2277,#2278,#2279,#2280,#2281,#2282,#2283,#2284),
  .UNSPECIFIED.,.F.,.F.,(7,5,5,5,5,5,5,5,5,5,5,5,5,5,5,5,5,5,7),(0.,
    2.80422756614E-02,4.77823285325E-02,0.129780276558,0.187639644453,
    0.239640940033,0.264067409566,0.296801802257,0.356803836598,
    0.402286136515,0.499525314583,0.59847593807,0.689929292317,
    0.727930107467,0.785795302543,0.837797428625,0.871106329638,
    0.941233553275,1.),.UNSPECIFIED.);
#2193 = CARTESIAN_POINT('',(2.066987298108,-2.6645352591E-15,-2.6));
#2194 = CARTESIAN_POINT('',(2.066987298108,6.069711041708E-02,
    -2.596261071968));
#2195 = CARTESIAN_POINT('',(2.064848442673,0.121394399865,
    -2.592521910555));
#2196 = CARTESIAN_POINT('',(2.060570748498,0.181997269477,
    -2.588782644626));
#2197 = CARTESIAN_POINT('',(2.05415974913,0.242411641341,-2.58504338788)
  );
#2198 = CARTESIAN_POINT('',(2.045626494966,0.302543958508,
    -2.581304238856));
#2199 = CARTESIAN_POINT('',(2.027498386739,0.404366630182,
    -2.574933282445));
#2200 = CARTESIAN_POINT('',(2.018965766078,0.44624633114,-2.572301372271
    ));
#2201 = CARTESIAN_POINT('',(2.009395470963,0.487907853834,
    -2.569669576647));
#2202 = CARTESIAN_POINT('',(1.998794596081,0.529319105368,
    -2.567037911809));
#2203 = CARTESIAN_POINT('',(1.987171551111,0.570448333976,
    -2.564406383992));
#2204 = CARTESIAN_POINT('',(1.922049662103,0.780808327446,
    -2.550844473906));
#2205 = CARTESIAN_POINT('',(1.852087462075,0.944964383418,
    -2.539914987658));
#2206 = CARTESIAN_POINT('',(1.765352386601,1.101435877018,
    -2.528989221298));
#2207 = CARTESIAN_POINT('',(1.662939109114,1.248126833615,
    -2.518062793263));
#2208 = CARTESIAN_POINT('',(1.546248829506,1.38313126025,-2.507132170352
    ));
#2209 = CARTESIAN_POINT('',(1.325860935472,1.590664518242,
    -2.488485569742));
#2210 = CARTESIAN_POINT('',(1.228440591953,1.669894816702,
    -2.480769661804));
#2211 = CARTESIAN_POINT('',(1.125383396768,1.741925926279,
    -2.473052293252));
#2212 = CARTESIAN_POINT('',(1.017357787367,1.806266291379,
    -2.465333464248));
#2213 = CARTESIAN_POINT('',(0.905086640116,1.862508744671,
    -2.457613431675));
#2214 = CARTESIAN_POINT('',(0.685315495645,1.953317219063,
    -2.442954733388));
#2215 = CARTESIAN_POINT('',(0.578478814119,1.989503315204,-2.43601578556
    ));
#2216 = CARTESIAN_POINT('',(0.46939112245,2.018661472452,-2.429077124165
    ));
#2217 = CARTESIAN_POINT('',(0.358630380404,2.040623746409,
    -2.422139034239));
#2218 = CARTESIAN_POINT('',(0.246789337472,2.05528595292,-2.415201711612
    ));
#2219 = CARTESIAN_POINT('',(8.171318892016E-02,2.066048100556,
    -2.405007505864));
#2220 = CARTESIAN_POINT('',(2.884887978344E-02,2.06786831366,
    -2.401749654395));
#2221 = CARTESIAN_POINT('',(-2.405879532598E-02,2.068065081102,
    -2.398492057925));
#2222 = CARTESIAN_POINT('',(-7.694759607227E-02,2.066637532902,
    -2.395234726522));
#2223 = CARTESIAN_POINT('',(-0.129755311353,2.063587983545,
    -2.39197766279));
#2224 = CARTESIAN_POINT('',(-0.252996422762,2.052668864403,
    -2.384356358842));
#2225 = CARTESIAN_POINT('',(-0.323316248515,2.04351263392,
    -2.379992319049));
#2226 = CARTESIAN_POINT('',(-0.393229281616,2.031466552483,
    -2.375628729091));
#2227 = CARTESIAN_POINT('',(-0.462587533549,2.01655401859,
    -2.371265555705));
#2228 = CARTESIAN_POINT('',(-0.53124498222,1.998808517275,
    -2.366902745764));
#2229 = CARTESIAN_POINT('',(-0.723357826319,1.940633221019,
    -2.35454374237));
#2230 = CARTESIAN_POINT('',(-0.844824234241,1.893619035192,
    -2.346547969239));
#2231 = CARTESIAN_POINT('',(-0.962564913293,1.837501574402,
    -2.338553038648));
#2232 = CARTESIAN_POINT('',(-1.075734714882,1.772657925646,
    -2.330558103982));
#2233 = CARTESIAN_POINT('',(-1.18354233042,1.699568080642,
    -2.322562369822));
#2234 = CARTESIAN_POINT('',(-1.36235870311,1.557596579258,
    -2.308504864314));
#2235 = CARTESIAN_POINT('',(-1.435962135881,1.491974526603,
    -2.302443096085));
#2236 = CARTESIAN_POINT('',(-1.505751076973,1.422196618077,
    -2.296380831664));
#2237 = CARTESIAN_POINT('',(-1.5714354671,1.348542075342,-2.290317933779
    ));
#2238 = CARTESIAN_POINT('',(-1.632753119584,1.271316437234,
    -2.284254332417));
#2239 = CARTESIAN_POINT('',(-1.810731465048,1.01881677958,
    -2.265225487383));
#2240 = CARTESIAN_POINT('',(-1.910998234555,0.831927035779,
    -2.252255259577));
#2241 = CARTESIAN_POINT('',(-1.987927402868,0.633471022649,
    -2.239286578622));
#2242 = CARTESIAN_POINT('',(-2.040001086572,0.427095729396,
    -2.226318003497));
#2243 = CARTESIAN_POINT('',(-2.066348441817,0.216653579658,
    -2.213347605424));
#2244 = CARTESIAN_POINT('',(-2.067618739065,-0.207991482905,
    -2.187188032014));
#2245 = CARTESIAN_POINT('',(-2.041628729227,-0.422299075973,
    -2.173992776125));
#2246 = CARTESIAN_POINT('',(-1.988972308047,-0.632480040303,
    -2.160803344033));
#2247 = CARTESIAN_POINT('',(-1.910560776697,-0.834472288827,
    -2.14761475543));
#2248 = CARTESIAN_POINT('',(-1.80799527433,-1.024432621931,
    -2.134421021358));
#2249 = CARTESIAN_POINT('',(-1.568949896522,-1.360153425742,
    -2.109035171238));
#2250 = CARTESIAN_POINT('',(-1.435581185873,-1.508238815038,
    -2.096837978654));
#2251 = CARTESIAN_POINT('',(-1.28559102512,-1.640421800983,
    -2.084640722018));
#2252 = CARTESIAN_POINT('',(-1.121389036717,-1.754469672706,
    -2.072440915643));
#2253 = CARTESIAN_POINT('',(-0.945718838233,-1.848576882263,
    -2.060237780514));
#2254 = CARTESIAN_POINT('',(-0.685235954947,-1.951833401172,
    -2.042968409916));
#2255 = CARTESIAN_POINT('',(-0.607324245498,-1.978492832278,
    -2.037899195556));
#2256 = CARTESIAN_POINT('',(-0.528183942379,-2.001414298026,
    -2.032830267868));
#2257 = CARTESIAN_POINT('',(-0.448039082853,-2.020529033632,
    -2.027761745515));
#2258 = CARTESIAN_POINT('',(-0.36711845795,-2.035786318813,
    -2.022693727666));
#2259 = CARTESIAN_POINT('',(-0.161609235396,-2.064462655724,
    -2.009909932208));
#2260 = CARTESIAN_POINT('',(-3.630074616354E-02,-2.072752189481,
    -2.002194674393));
#2261 = CARTESIAN_POINT('',(8.944256614445E-02,-2.071907064602,
    -1.994481238229));
#2262 = CARTESIAN_POINT('',(0.214791151611,-2.061912794482,
    -1.986769368034));
#2263 = CARTESIAN_POINT('',(0.338919740928,-2.042855171794,
    -1.979058561966));
#2264 = CARTESIAN_POINT('',(0.570737100625,-1.989815338463,
    -1.96442021194));
#2265 = CARTESIAN_POINT('',(0.678822054057,-1.95753996626,
    -1.957492165756));
#2266 = CARTESIAN_POINT('',(0.784678732483,-1.91822906052,
    -1.950564603429));
#2267 = CARTESIAN_POINT('',(0.887738338179,-1.872079842816,
    -1.943636900773));
#2268 = CARTESIAN_POINT('',(0.987456829667,-1.819350192011,
    -1.93670843151));
#2269 = CARTESIAN_POINT('',(1.144720673431,-1.722570503432,
    -1.925340710778));
#2270 = CARTESIAN_POINT('',(1.204541508474,-1.682213503798,
    -1.920901894044));
#2271 = CARTESIAN_POINT('',(1.262645871086,-1.63936942272,
    -1.916462587972));
#2272 = CARTESIAN_POINT('',(1.318905393797,-1.594130182801,
    -1.912022734427));
#2273 = CARTESIAN_POINT('',(1.373198436753,-1.54659644481,
    -1.907582311094));
#2274 = CARTESIAN_POINT('',(1.535334402598,-1.392201563017,
    -1.893791471212));
#2275 = CARTESIAN_POINT('',(1.636040885541,-1.277832441811,
    -1.884438545821));
#2276 = CARTESIAN_POINT('',(1.726444912647,-1.154799117951,
    -1.875083958406));
#2277 = CARTESIAN_POINT('',(1.805644190543,-1.024272203996,
    -1.865728008151));
#2278 = CARTESIAN_POINT('',(1.872902114187,-0.887532389655,
    -1.856371872877));
#2279 = CARTESIAN_POINT('',(1.973587919808,-0.627348809992,
    -1.839178919678));
#2280 = CARTESIAN_POINT('',(2.010734681145,-0.505329828136,
    -1.831340846287));
#2281 = CARTESIAN_POINT('',(2.038807282324,-0.380733455367,
    -1.823504637548));
#2282 = CARTESIAN_POINT('',(2.057593810903,-0.254402329588,
    -1.815669899377));
#2283 = CARTESIAN_POINT('',(2.066987298108,-0.127199103066,
    -1.807835435474));
#2284 = CARTESIAN_POINT('',(2.066987298108,-2.975397705995E-14,-1.8));
#2285 = ORIENTED_EDGE('',*,*,#1540,.F.);
#2286 = B_SPLINE_SURFACE_WITH_KNOTS('',1,10,(
    (#2287,#2288,#2289,#2290,#2291,#2292,#2293,#2294,#2295,#2296,#2297)
    ,(#2298,#2299,#2300,#2301,#2302,#2303,#2304,#2305,#2306,#2307,#2308
    )),.UNSPECIFIED.,.F.,.F.,.F.,(2,2),(11,11),(0.,0.673205080757),(0.,
    6.333910135482),.PIECEWISE_BEZIER_KNOTS.);
#2287 = CARTESIAN_POINT('',(2.5,-1.257139576327E-15,-2.85));
#2288 = CARTESIAN_POINT('',(2.5,1.570717537272,-2.77));
#2289 = CARTESIAN_POINT('',(1.403668149748,3.142182983908,-2.69));
#2290 = CARTESIAN_POINT('',(-0.791960318461,3.845629392646,
    -2.610000000001));
#2291 = CARTESIAN_POINT('',(-3.298098154466,2.859654399612,
    -2.529999999999));
#2292 = CARTESIAN_POINT('',(-4.62721249084,-1.165290086647E-12,
    -2.450000000001));
#2293 = CARTESIAN_POINT('',(-3.298098154469,-2.859654399609,
    -2.369999999999));
#2294 = CARTESIAN_POINT('',(-0.791960318458,-3.845629392648,
    -2.290000000001));
#2295 = CARTESIAN_POINT('',(1.403668149747,-3.142182983907,-2.21));
#2296 = CARTESIAN_POINT('',(2.5,-1.570717537272,-2.13));
#2297 = CARTESIAN_POINT('',(2.5,-3.583107781596E-14,-2.05));
#2298 = CARTESIAN_POINT('',(1.916987298108,-1.891531342156E-15,
    -2.513397459622));
#2299 = CARTESIAN_POINT('',(1.916987298108,1.204478642552,
    -2.433397459622));
#2300 = CARTESIAN_POINT('',(1.076283436692,2.408926956042,
    -2.353397459621));
#2301 = CARTESIAN_POINT('',(-0.607086413629,2.949907463791,
    -2.273397459622));
#2302 = CARTESIAN_POINT('',(-2.529362975791,2.191717209209,
    -2.19339745962));
#2303 = CARTESIAN_POINT('',(-3.547614764825,-1.429967255717E-13,
    -2.113397459623));
#2304 = CARTESIAN_POINT('',(-2.529362975793,-2.191717209209,
    -2.03339745962));
#2305 = CARTESIAN_POINT('',(-0.607086413627,-2.949907463792,
    -1.953397459622));
#2306 = CARTESIAN_POINT('',(1.076283436691,-2.408926956042,
    -1.873397459621));
#2307 = CARTESIAN_POINT('',(1.916987298108,-1.204478642552,
    -1.793397459622));
#2308 = CARTESIAN_POINT('',(1.916987298108,-3.121136377642E-14,
    -1.713397459622));
#2309 = ADVANCED_FACE('',(#2310),#2316,.T.);
#2310 = FACE_BOUND('',#2311,.T.);
#2311 = EDGE_LOOP('',(#2312,#2313,#2314,#2315));
#2312 = ORIENTED_EDGE('',*,*,#1922,.F.);
#2313 = ORIENTED_EDGE('',*,*,#1981,.T.);
#2314 = ORIENTED_EDGE('',*,*,#2176,.T.);
#2315 = ORIENTED_EDGE('',*,*,#2143,.F.);
#2316 = B_SPLINE_SURFACE_WITH_KNOTS('',1,10,(
    (#2317,#2318,#2319,#2320,#2321,#2322,#2323,#2324,#2325,#2326,#2327)
    ,(#2328,#2329,#2330,#2331,#2332,#2333,#2334,#2335,#2336,#2337,#2338
    )),.UNSPECIFIED.,.F.,.F.,.F.,(2,2),(11,11),(0.,1.E-01),(0.,
    6.333910135482),.PIECEWISE_BEZIER_KNOTS.);
#2317 = CARTESIAN_POINT('',(2.5,-1.257139576327E-15,-2.95));
#2318 = CARTESIAN_POINT('',(2.5,1.570717537272,-2.87));
#2319 = CARTESIAN_POINT('',(1.403668149748,3.142182983908,
    -2.789999999999));
#2320 = CARTESIAN_POINT('',(-0.791960318461,3.845629392646,
    -2.710000000001));
#2321 = CARTESIAN_POINT('',(-3.298098154466,2.859654399612,
    -2.629999999998));
#2322 = CARTESIAN_POINT('',(-4.62721249084,-1.165290086647E-12,
    -2.550000000003));
#2323 = CARTESIAN_POINT('',(-3.298098154469,-2.859654399609,
    -2.469999999998));
#2324 = CARTESIAN_POINT('',(-0.791960318458,-3.845629392648,
    -2.390000000001));
#2325 = CARTESIAN_POINT('',(1.403668149747,-3.142182983907,
    -2.309999999999));
#2326 = CARTESIAN_POINT('',(2.5,-1.570717537272,-2.23));
#2327 = CARTESIAN_POINT('',(2.5,-3.583107781596E-14,-2.15));
#2328 = CARTESIAN_POINT('',(2.5,-1.257139576327E-15,-2.85));
#2329 = CARTESIAN_POINT('',(2.5,1.570717537272,-2.77));
#2330 = CARTESIAN_POINT('',(1.403668149748,3.142182983908,-2.69));
#2331 = CARTESIAN_POINT('',(-0.791960318461,3.845629392646,
    -2.610000000001));
#2332 = CARTESIAN_POINT('',(-3.298098154466,2.859654399612,
    -2.529999999999));
#2333 = CARTESIAN_POINT('',(-4.62721249084,-1.165290086647E-12,
    -2.450000000001));
#2334 = CARTESIAN_POINT('',(-3.298098154469,-2.859654399609,
    -2.369999999999));
#2335 = CARTESIAN_POINT('',(-0.791960318458,-3.845629392648,
    -2.290000000001));
#2336 = CARTESIAN_POINT('',(1.403668149747,-3.142182983907,-2.21));
#2337 = CARTESIAN_POINT('',(2.5,-1.570717537272,-2.13));
#2338 = CARTESIAN_POINT('',(2.5,-3.583107781596E-14,-2.05));
#2339 = ADVANCED_FACE('',(#2340),#2354,.F.);
#2340 = FACE_BOUND('',#2341,.F.);
#2341 = EDGE_LOOP('',(#2342,#2343,#2344,#2345,#2346,#2347,#2348,#2349,
    #2350,#2351,#2352,#2353));
#2342 = ORIENTED_EDGE('',*,*,#2014,.T.);
#2343 = ORIENTED_EDGE('',*,*,#2191,.T.);
#2344 = ORIENTED_EDGE('',*,*,#1547,.T.);
#2345 = ORIENTED_EDGE('',*,*,#702,.T.);
#2346 = ORIENTED_EDGE('',*,*,#541,.F.);
#2347 = ORIENTED_EDGE('',*,*,#532,.F.);
#2348 = ORIENTED_EDGE('',*,*,#835,.F.);
#2349 = ORIENTED_EDGE('',*,*,#1669,.F.);
#2350 = ORIENTED_EDGE('',*,*,#1820,.F.);
#2351 = ORIENTED_EDGE('',*,*,#1111,.F.);
#2352 = ORIENTED_EDGE('',*,*,#662,.T.);
#2353 = ORIENTED_EDGE('',*,*,#1286,.T.);
#2354 = CYLINDRICAL_SURFACE('',#2355,2.066987298108);
#2355 = AXIS2_PLACEMENT_3D('',#2356,#2357,#2358);
#2356 = CARTESIAN_POINT('',(0.,0.,-4.5));
#2357 = DIRECTION('',(0.,0.,1.));
#2358 = DIRECTION('',(1.,0.,0.));
#2359 = ( GEOMETRIC_REPRESENTATION_CONTEXT(3) 
GLOBAL_UNCERTAINTY_ASSIGNED_CONTEXT((#2363)) 
GLOBAL_UNIT_ASSIGNED_CONTEXT((#2360,#2361,#2362)) REPRESENTATION_CONTEXT
('Context #1','3D Context with UNIT and UNCERTAINTY') );
#2360 = ( LENGTH_UNIT() NAMED_UNIT(*) SI_UNIT(.MILLI.,.METRE.) );
#2361 = ( NAMED_UNIT(*) PLANE_ANGLE_UNIT() SI_UNIT($,.RADIAN.) );
#2362 = ( NAMED_UNIT(*) SI_UNIT($,.STERADIAN.) SOLID_ANGLE_UNIT() );
#2363 = UNCERTAINTY_MEASURE_WITH_UNIT(LENGTH_MEASURE(1.E-05),#2360,
  'distance_accuracy_value','confusion accuracy');
#2364 = PRODUCT_RELATED_PRODUCT_CATEGORY('part',$,(#7));
ENDSEC;
END-ISO-10303-21;
