ISO-10303-21;
HEADER;
FILE_DESCRIPTION(('FreeCAD Model'),'2;1');
FILE_NAME('Open CASCADE Shape Model','2026-10-06T09:54:27',('FreeCAD'),(
    'FreeCAD'),'Open CASCADE STEP processor 7.8','FreeCAD','Unknown');
FILE_SCHEMA(('AUTOMOTIVE_DESIGN { 1 0 10303 214 1 1 1 1 }'));
ENDSEC;
DATA;
#1 = APPLICATION_PROTOCOL_DEFINITION('international standard',
  'automotive_design',2000,#2);
#2 = APPLICATION_CONTEXT(
  'core data for automotive mechanical design processes');
#3 = SHAPE_DEFINITION_REPRESENTATION(#4,#10);
#4 = PRODUCT_DEFINITION_SHAPE('','',#5);
#5 = PRODUCT_DEFINITION('design','',#6,#9);
#6 = PRODUCT_DEFINITION_FORMATION('','',#7);
#7 = PRODUCT('Open CASCADE STEP translator 7.8 1',
  'Open CASCADE STEP translator 7.8 1','',(#8));
#8 = PRODUCT_CONTEXT('',#2,'mechanical');
#9 = PRODUCT_DEFINITION_CONTEXT('part definition',#2,'design');
#10 = ADVANCED_BREP_SHAPE_REPRESENTATION('',(#11,#15),#2469);
#11 = AXIS2_PLACEMENT_3D('',#12,#13,#14);
#12 = CARTESIAN_POINT('',(0.,0.,0.));
#13 = DIRECTION('',(0.,0.,1.));
#14 = DIRECTION('',(1.,0.,-0.));
#15 = MANIFOLD_SOLID_BREP('',#16);
#16 = CLOSED_SHELL('',(#17,#57,#88,#160,#195,#260,#277,#294,#322,#339,
    #356,#373,#385,#526,#656,#705,#863,#1008,#1042,#1194,#1351,#1398,
    #1427,#1476,#1633,#1763,#1908,#1957,#2099,#2146,#2295,#2419,#2449));
#17 = ADVANCED_FACE('',(#18),#52,.F.);
#18 = FACE_BOUND('',#19,.F.);
#19 = EDGE_LOOP('',(#20,#30,#38,#46));
#20 = ORIENTED_EDGE('',*,*,#21,.F.);
#21 = EDGE_CURVE('',#22,#24,#26,.T.);
#22 = VERTEX_POINT('',#23);
#23 = CARTESIAN_POINT('',(-5.,-3.,-1.5));
#24 = VERTEX_POINT('',#25);
#25 = CARTESIAN_POINT('',(5.,-3.,-1.5));
#26 = LINE('',#27,#28);
#27 = CARTESIAN_POINT('',(-5.,-3.,-1.5));
#28 = VECTOR('',#29,1.);
#29 = DIRECTION('',(1.,0.,0.));
#30 = ORIENTED_EDGE('',*,*,#31,.T.);
#31 = EDGE_CURVE('',#22,#32,#34,.T.);
#32 = VERTEX_POINT('',#33);
#33 = CARTESIAN_POINT('',(-5.,-3.,0.));
#34 = LINE('',#35,#36);
#35 = CARTESIAN_POINT('',(-5.,-3.,-1.5));
#36 = VECTOR('',#37,1.);
#37 = DIRECTION('',(0.,0.,1.));
#38 = ORIENTED_EDGE('',*,*,#39,.T.);
#39 = EDGE_CURVE('',#32,#40,#42,.T.);
#40 = VERTEX_POINT('',#41);
#41 = CARTESIAN_POINT('',(5.,-3.,0.));
#42 = LINE('',#43,#44);
#43 = CARTESIAN_POINT('',(-5.,-3.,0.));
#44 = VECTOR('',#45,1.);
#45 = DIRECTION('',(1.,0.,0.));
#46 = ORIENTED_EDGE('',*,*,#47,.F.);
#47 = EDGE_CURVE('',#24,#40,#48,.T.);
#48 = LINE('',#49,#50);
#49 = CARTESIAN_POINT('',(5.,-3.,-1.5));
#50 = VECTOR('',#51,1.);
#51 = DIRECTION('',(0.,0.,1.));
#52 = PLANE('',#53);
#53 = AXIS2_PLACEMENT_3D('',#54,#55,#56);
#54 = CARTESIAN_POINT('',(-5.,-3.,-1.5));
#55 = DIRECTION('',(0.,1.,0.));
#56 = DIRECTION('',(0.,0.,1.));
#57 = ADVANCED_FACE('',(#58),#83,.T.);
#58 = FACE_BOUND('',#59,.T.);
#59 = EDGE_LOOP('',(#60,#68,#76,#82));
#60 = ORIENTED_EDGE('',*,*,#61,.F.);
#61 = EDGE_CURVE('',#62,#22,#64,.T.);
#62 = VERTEX_POINT('',#63);
#63 = CARTESIAN_POINT('',(-5.,-4.5,-1.5));
#64 = LINE('',#65,#66);
#65 = CARTESIAN_POINT('',(-5.,-4.5,-1.5));
#66 = VECTOR('',#67,1.);
#67 = DIRECTION('',(0.,1.,0.));
#68 = ORIENTED_EDGE('',*,*,#69,.T.);
#69 = EDGE_CURVE('',#62,#70,#72,.T.);
#70 = VERTEX_POINT('',#71);
#71 = CARTESIAN_POINT('',(5.,-4.5,-1.5));
#72 = LINE('',#73,#74);
#73 = CARTESIAN_POINT('',(-5.,-4.5,-1.5));
#74 = VECTOR('',#75,1.);
#75 = DIRECTION('',(1.,0.,0.));
#76 = ORIENTED_EDGE('',*,*,#77,.T.);
#77 = EDGE_CURVE('',#70,#24,#78,.T.);
#78 = LINE('',#79,#80);
#79 = CARTESIAN_POINT('',(5.,-4.5,-1.5));
#80 = VECTOR('',#81,1.);
#81 = DIRECTION('',(0.,1.,0.));
#82 = ORIENTED_EDGE('',*,*,#21,.F.);
#83 = PLANE('',#84);
#84 = AXIS2_PLACEMENT_3D('',#85,#86,#87);
#85 = CARTESIAN_POINT('',(-5.,-4.5,-1.5));
#86 = DIRECTION('',(0.,0.,1.));
#87 = DIRECTION('',(1.,0.,0.));
#88 = ADVANCED_FACE('',(#89),#155,.T.);
#89 = FACE_BOUND('',#90,.T.);
#90 = EDGE_LOOP('',(#91,#92,#93,#101,#109,#117,#125,#133,#141,#149));
#91 = ORIENTED_EDGE('',*,*,#47,.F.);
#92 = ORIENTED_EDGE('',*,*,#77,.F.);
#93 = ORIENTED_EDGE('',*,*,#94,.F.);
#94 = EDGE_CURVE('',#95,#70,#97,.T.);
#95 = VERTEX_POINT('',#96);
#96 = CARTESIAN_POINT('',(5.,-4.5,-3.3));
#97 = LINE('',#98,#99);
#98 = CARTESIAN_POINT('',(5.,-4.5,-4.5));
#99 = VECTOR('',#100,1.);
#100 = DIRECTION('',(0.,0.,1.));
#101 = ORIENTED_EDGE('',*,*,#102,.T.);
#102 = EDGE_CURVE('',#95,#103,#105,.T.);
#103 = VERTEX_POINT('',#104);
#104 = CARTESIAN_POINT('',(5.,-3.3,-4.5));
#105 = LINE('',#106,#107);
#106 = CARTESIAN_POINT('',(5.,-3.9,-3.9));
#107 = VECTOR('',#108,1.);
#108 = DIRECTION('',(0.,0.707106781187,-0.707106781187));
#109 = ORIENTED_EDGE('',*,*,#110,.T.);
#110 = EDGE_CURVE('',#103,#111,#113,.T.);
#111 = VERTEX_POINT('',#112);
#112 = CARTESIAN_POINT('',(5.,3.3,-4.5));
#113 = LINE('',#114,#115);
#114 = CARTESIAN_POINT('',(5.,-4.5,-4.5));
#115 = VECTOR('',#116,1.);
#116 = DIRECTION('',(0.,1.,0.));
#117 = ORIENTED_EDGE('',*,*,#118,.F.);
#118 = EDGE_CURVE('',#119,#111,#121,.T.);
#119 = VERTEX_POINT('',#120);
#120 = CARTESIAN_POINT('',(5.,4.5,-3.3));
#121 = LINE('',#122,#123);
#122 = CARTESIAN_POINT('',(5.,1.65,-6.15));
#123 = VECTOR('',#124,1.);
#124 = DIRECTION('',(0.,-0.707106781187,-0.707106781187));
#125 = ORIENTED_EDGE('',*,*,#126,.T.);
#126 = EDGE_CURVE('',#119,#127,#129,.T.);
#127 = VERTEX_POINT('',#128);
#128 = CARTESIAN_POINT('',(5.,4.5,-1.5));
#129 = LINE('',#130,#131);
#130 = CARTESIAN_POINT('',(5.,4.5,-4.5));
#131 = VECTOR('',#132,1.);
#132 = DIRECTION('',(0.,0.,1.));
#133 = ORIENTED_EDGE('',*,*,#134,.F.);
#134 = EDGE_CURVE('',#135,#127,#137,.T.);
#135 = VERTEX_POINT('',#136);
#136 = CARTESIAN_POINT('',(5.,3.,-1.5));
#137 = LINE('',#138,#139);
#138 = CARTESIAN_POINT('',(5.,-4.5,-1.5));
#139 = VECTOR('',#140,1.);
#140 = DIRECTION('',(0.,1.,0.));
#141 = ORIENTED_EDGE('',*,*,#142,.T.);
#142 = EDGE_CURVE('',#135,#143,#145,.T.);
#143 = VERTEX_POINT('',#144);
#144 = CARTESIAN_POINT('',(5.,3.,0.));
#145 = LINE('',#146,#147);
#146 = CARTESIAN_POINT('',(5.,3.,-1.5));
#147 = VECTOR('',#148,1.);
#148 = DIRECTION('',(0.,0.,1.));
#149 = ORIENTED_EDGE('',*,*,#150,.F.);
#150 = EDGE_CURVE('',#40,#143,#151,.T.);
#151 = LINE('',#152,#153);
#152 = CARTESIAN_POINT('',(5.,-3.,0.));
#153 = VECTOR('',#154,1.);
#154 = DIRECTION('',(0.,1.,0.));
#155 = PLANE('',#156);
#156 = AXIS2_PLACEMENT_3D('',#157,#158,#159);
#157 = CARTESIAN_POINT('',(5.,2.776196027037E-16,-2.278924062343));
#158 = DIRECTION('',(1.,0.,0.));
#159 = DIRECTION('',(0.,0.,1.));
#160 = ADVANCED_FACE('',(#161,#179),#190,.T.);
#161 = FACE_BOUND('',#162,.T.);
#162 = EDGE_LOOP('',(#163,#171,#172,#173));
#163 = ORIENTED_EDGE('',*,*,#164,.F.);
#164 = EDGE_CURVE('',#32,#165,#167,.T.);
#165 = VERTEX_POINT('',#166);
#166 = CARTESIAN_POINT('',(-5.,3.,0.));
#167 = LINE('',#168,#169);
#168 = CARTESIAN_POINT('',(-5.,-3.,0.));
#169 = VECTOR('',#170,1.);
#170 = DIRECTION('',(0.,1.,0.));
#171 = ORIENTED_EDGE('',*,*,#39,.T.);
#172 = ORIENTED_EDGE('',*,*,#150,.T.);
#173 = ORIENTED_EDGE('',*,*,#174,.F.);
#174 = EDGE_CURVE('',#165,#143,#175,.T.);
#175 = LINE('',#176,#177);
#176 = CARTESIAN_POINT('',(-5.,3.,0.));
#177 = VECTOR('',#178,1.);
#178 = DIRECTION('',(1.,0.,0.));
#179 = FACE_BOUND('',#180,.T.);
#180 = EDGE_LOOP('',(#181));
#181 = ORIENTED_EDGE('',*,*,#182,.T.);
#182 = EDGE_CURVE('',#183,#183,#185,.T.);
#183 = VERTEX_POINT('',#184);
#184 = CARTESIAN_POINT('',(-2.4,-5.878304635907E-16,0.));
#185 = CIRCLE('',#186,2.4);
#186 = AXIS2_PLACEMENT_3D('',#187,#188,#189);
#187 = CARTESIAN_POINT('',(0.,0.,0.));
#188 = DIRECTION('',(0.,0.,-1.));
#189 = DIRECTION('',(-1.,0.,0.));
#190 = PLANE('',#191);
#191 = AXIS2_PLACEMENT_3D('',#192,#193,#194);
#192 = CARTESIAN_POINT('',(-5.,-3.,0.));
#193 = DIRECTION('',(0.,0.,1.));
#194 = DIRECTION('',(1.,0.,0.));
#195 = ADVANCED_FACE('',(#196),#255,.T.);
#196 = FACE_BOUND('',#197,.T.);
#197 = EDGE_LOOP('',(#198,#199,#200,#208,#216,#224,#232,#240,#248,#254)
  );
#198 = ORIENTED_EDGE('',*,*,#31,.T.);
#199 = ORIENTED_EDGE('',*,*,#164,.T.);
#200 = ORIENTED_EDGE('',*,*,#201,.F.);
#201 = EDGE_CURVE('',#202,#165,#204,.T.);
#202 = VERTEX_POINT('',#203);
#203 = CARTESIAN_POINT('',(-5.,3.,-1.5));
#204 = LINE('',#205,#206);
#205 = CARTESIAN_POINT('',(-5.,3.,-1.5));
#206 = VECTOR('',#207,1.);
#207 = DIRECTION('',(0.,0.,1.));
#208 = ORIENTED_EDGE('',*,*,#209,.T.);
#209 = EDGE_CURVE('',#202,#210,#212,.T.);
#210 = VERTEX_POINT('',#211);
#211 = CARTESIAN_POINT('',(-5.,4.5,-1.5));
#212 = LINE('',#213,#214);
#213 = CARTESIAN_POINT('',(-5.,-4.5,-1.5));
#214 = VECTOR('',#215,1.);
#215 = DIRECTION('',(0.,1.,0.));
#216 = ORIENTED_EDGE('',*,*,#217,.F.);
#217 = EDGE_CURVE('',#218,#210,#220,.T.);
#218 = VERTEX_POINT('',#219);
#219 = CARTESIAN_POINT('',(-5.,4.5,-3.3));
#220 = LINE('',#221,#222);
#221 = CARTESIAN_POINT('',(-5.,4.5,-4.5));
#222 = VECTOR('',#223,1.);
#223 = DIRECTION('',(0.,0.,1.));
#224 = ORIENTED_EDGE('',*,*,#225,.T.);
#225 = EDGE_CURVE('',#218,#226,#228,.T.);
#226 = VERTEX_POINT('',#227);
#227 = CARTESIAN_POINT('',(-5.,3.3,-4.5));
#228 = LINE('',#229,#230);
#229 = CARTESIAN_POINT('',(-5.,1.65,-6.15));
#230 = VECTOR('',#231,1.);
#231 = DIRECTION('',(0.,-0.707106781187,-0.707106781187));
#232 = ORIENTED_EDGE('',*,*,#233,.F.);
#233 = EDGE_CURVE('',#234,#226,#236,.T.);
#234 = VERTEX_POINT('',#235);
#235 = CARTESIAN_POINT('',(-5.,-3.3,-4.5));
#236 = LINE('',#237,#238);
#237 = CARTESIAN_POINT('',(-5.,-4.5,-4.5));
#238 = VECTOR('',#239,1.);
#239 = DIRECTION('',(0.,1.,0.));
#240 = ORIENTED_EDGE('',*,*,#241,.F.);
#241 = EDGE_CURVE('',#242,#234,#244,.T.);
#242 = VERTEX_POINT('',#243);
#243 = CARTESIAN_POINT('',(-5.,-4.5,-3.3));
#244 = LINE('',#245,#246);
#245 = CARTESIAN_POINT('',(-5.,-3.9,-3.9));
#246 = VECTOR('',#247,1.);
#247 = DIRECTION('',(0.,0.707106781187,-0.707106781187));
#248 = ORIENTED_EDGE('',*,*,#249,.T.);
#249 = EDGE_CURVE('',#242,#62,#250,.T.);
#250 = LINE('',#251,#252);
#251 = CARTESIAN_POINT('',(-5.,-4.5,-4.5));
#252 = VECTOR('',#253,1.);
#253 = DIRECTION('',(0.,0.,1.));
#254 = ORIENTED_EDGE('',*,*,#61,.T.);
#255 = PLANE('',#256);
#256 = AXIS2_PLACEMENT_3D('',#257,#258,#259);
#257 = CARTESIAN_POINT('',(-5.,2.082147020278E-16,-2.278924062343));
#258 = DIRECTION('',(-1.,-0.,-0.));
#259 = DIRECTION('',(0.,0.,-1.));
#260 = ADVANCED_FACE('',(#261),#272,.F.);
#261 = FACE_BOUND('',#262,.F.);
#262 = EDGE_LOOP('',(#263,#264,#270,#271));
#263 = ORIENTED_EDGE('',*,*,#94,.F.);
#264 = ORIENTED_EDGE('',*,*,#265,.F.);
#265 = EDGE_CURVE('',#242,#95,#266,.T.);
#266 = LINE('',#267,#268);
#267 = CARTESIAN_POINT('',(-5.,-4.5,-3.3));
#268 = VECTOR('',#269,1.);
#269 = DIRECTION('',(1.,0.,0.));
#270 = ORIENTED_EDGE('',*,*,#249,.T.);
#271 = ORIENTED_EDGE('',*,*,#69,.T.);
#272 = PLANE('',#273);
#273 = AXIS2_PLACEMENT_3D('',#274,#275,#276);
#274 = CARTESIAN_POINT('',(-5.,-4.5,-4.5));
#275 = DIRECTION('',(0.,1.,0.));
#276 = DIRECTION('',(0.,0.,1.));
#277 = ADVANCED_FACE('',(#278),#289,.T.);
#278 = FACE_BOUND('',#279,.F.);
#279 = EDGE_LOOP('',(#280,#281,#282,#283));
#280 = ORIENTED_EDGE('',*,*,#241,.F.);
#281 = ORIENTED_EDGE('',*,*,#265,.T.);
#282 = ORIENTED_EDGE('',*,*,#102,.T.);
#283 = ORIENTED_EDGE('',*,*,#284,.F.);
#284 = EDGE_CURVE('',#234,#103,#285,.T.);
#285 = LINE('',#286,#287);
#286 = CARTESIAN_POINT('',(-5.,-3.3,-4.5));
#287 = VECTOR('',#288,1.);
#288 = DIRECTION('',(1.,0.,0.));
#289 = PLANE('',#290);
#290 = AXIS2_PLACEMENT_3D('',#291,#292,#293);
#291 = CARTESIAN_POINT('',(-5.,-3.9,-3.9));
#292 = DIRECTION('',(0.,-0.707106781187,-0.707106781187));
#293 = DIRECTION('',(-1.,-0.,-0.));
#294 = ADVANCED_FACE('',(#295,#306),#317,.F.);
#295 = FACE_BOUND('',#296,.F.);
#296 = EDGE_LOOP('',(#297,#298,#299,#300));
#297 = ORIENTED_EDGE('',*,*,#233,.F.);
#298 = ORIENTED_EDGE('',*,*,#284,.T.);
#299 = ORIENTED_EDGE('',*,*,#110,.T.);
#300 = ORIENTED_EDGE('',*,*,#301,.F.);
#301 = EDGE_CURVE('',#226,#111,#302,.T.);
#302 = LINE('',#303,#304);
#303 = CARTESIAN_POINT('',(-5.,3.3,-4.5));
#304 = VECTOR('',#305,1.);
#305 = DIRECTION('',(1.,0.,0.));
#306 = FACE_BOUND('',#307,.F.);
#307 = EDGE_LOOP('',(#308));
#308 = ORIENTED_EDGE('',*,*,#309,.F.);
#309 = EDGE_CURVE('',#310,#310,#312,.T.);
#310 = VERTEX_POINT('',#311);
#311 = CARTESIAN_POINT('',(2.4,-5.878304635907E-16,-4.5));
#312 = CIRCLE('',#313,2.4);
#313 = AXIS2_PLACEMENT_3D('',#314,#315,#316);
#314 = CARTESIAN_POINT('',(0.,0.,-4.5));
#315 = DIRECTION('',(0.,0.,1.));
#316 = DIRECTION('',(1.,0.,0.));
#317 = PLANE('',#318);
#318 = AXIS2_PLACEMENT_3D('',#319,#320,#321);
#319 = CARTESIAN_POINT('',(-5.,-4.5,-4.5));
#320 = DIRECTION('',(0.,0.,1.));
#321 = DIRECTION('',(1.,0.,0.));
#322 = ADVANCED_FACE('',(#323),#334,.F.);
#323 = FACE_BOUND('',#324,.T.);
#324 = EDGE_LOOP('',(#325,#326,#332,#333));
#325 = ORIENTED_EDGE('',*,*,#225,.F.);
#326 = ORIENTED_EDGE('',*,*,#327,.T.);
#327 = EDGE_CURVE('',#218,#119,#328,.T.);
#328 = LINE('',#329,#330);
#329 = CARTESIAN_POINT('',(-5.,4.5,-3.3));
#330 = VECTOR('',#331,1.);
#331 = DIRECTION('',(1.,0.,0.));
#332 = ORIENTED_EDGE('',*,*,#118,.T.);
#333 = ORIENTED_EDGE('',*,*,#301,.F.);
#334 = PLANE('',#335);
#335 = AXIS2_PLACEMENT_3D('',#336,#337,#338);
#336 = CARTESIAN_POINT('',(-5.,3.9,-3.9));
#337 = DIRECTION('',(0.,-0.707106781187,0.707106781187));
#338 = DIRECTION('',(-1.,-0.,-0.));
#339 = ADVANCED_FACE('',(#340),#351,.T.);
#340 = FACE_BOUND('',#341,.T.);
#341 = EDGE_LOOP('',(#342,#343,#344,#345));
#342 = ORIENTED_EDGE('',*,*,#126,.F.);
#343 = ORIENTED_EDGE('',*,*,#327,.F.);
#344 = ORIENTED_EDGE('',*,*,#217,.T.);
#345 = ORIENTED_EDGE('',*,*,#346,.T.);
#346 = EDGE_CURVE('',#210,#127,#347,.T.);
#347 = LINE('',#348,#349);
#348 = CARTESIAN_POINT('',(-5.,4.5,-1.5));
#349 = VECTOR('',#350,1.);
#350 = DIRECTION('',(1.,0.,0.));
#351 = PLANE('',#352);
#352 = AXIS2_PLACEMENT_3D('',#353,#354,#355);
#353 = CARTESIAN_POINT('',(-5.,4.5,-4.5));
#354 = DIRECTION('',(0.,1.,0.));
#355 = DIRECTION('',(0.,0.,1.));
#356 = ADVANCED_FACE('',(#357),#368,.T.);
#357 = FACE_BOUND('',#358,.T.);
#358 = EDGE_LOOP('',(#359,#360,#366,#367));
#359 = ORIENTED_EDGE('',*,*,#209,.F.);
#360 = ORIENTED_EDGE('',*,*,#361,.T.);
#361 = EDGE_CURVE('',#202,#135,#362,.T.);
#362 = LINE('',#363,#364);
#363 = CARTESIAN_POINT('',(-5.,3.,-1.5));
#364 = VECTOR('',#365,1.);
#365 = DIRECTION('',(1.,0.,0.));
#366 = ORIENTED_EDGE('',*,*,#134,.T.);
#367 = ORIENTED_EDGE('',*,*,#346,.F.);
#368 = PLANE('',#369);
#369 = AXIS2_PLACEMENT_3D('',#370,#371,#372);
#370 = CARTESIAN_POINT('',(-5.,-4.5,-1.5));
#371 = DIRECTION('',(0.,0.,1.));
#372 = DIRECTION('',(1.,0.,0.));
#373 = ADVANCED_FACE('',(#374),#380,.T.);
#374 = FACE_BOUND('',#375,.T.);
#375 = EDGE_LOOP('',(#376,#377,#378,#379));
#376 = ORIENTED_EDGE('',*,*,#361,.F.);
#377 = ORIENTED_EDGE('',*,*,#201,.T.);
#378 = ORIENTED_EDGE('',*,*,#174,.T.);
#379 = ORIENTED_EDGE('',*,*,#142,.F.);
#380 = PLANE('',#381);
#381 = AXIS2_PLACEMENT_3D('',#382,#383,#384);
#382 = CARTESIAN_POINT('',(-5.,3.,-1.5));
#383 = DIRECTION('',(0.,1.,0.));
#384 = DIRECTION('',(0.,0.,1.));
#385 = ADVANCED_FACE('',(#386),#521,.F.);
#386 = FACE_BOUND('',#387,.F.);
#387 = EDGE_LOOP('',(#388,#427,#433,#434,#435,#462,#481,#503,#512));
#388 = ORIENTED_EDGE('',*,*,#389,.T.);
#389 = EDGE_CURVE('',#390,#392,#394,.T.);
#390 = VERTEX_POINT('',#391);
#391 = CARTESIAN_POINT('',(1.647351630855,3.060396509491E-14,
    -0.752648369145));
#392 = VERTEX_POINT('',#393);
#393 = CARTESIAN_POINT('',(-1.869242459784,-4.57832359041E-16,
    -0.530757540216));
#394 = B_SPLINE_CURVE_WITH_KNOTS('',6,(#395,#396,#397,#398,#399,#400,
    #401,#402,#403,#404,#405,#406,#407,#408,#409,#410,#411,#412,#413,
    #414,#415,#416,#417,#418,#419,#420,#421,#422,#423,#424,#425,#426),
  .UNSPECIFIED.,.F.,.F.,(7,5,5,5,5,5,7),(0.,0.153725977047,
    0.287463621229,0.421090557836,0.545722291533,0.775577505501,1.),
  .UNSPECIFIED.);
#395 = CARTESIAN_POINT('',(1.647351630855,8.830208017318E-16,
    -0.752648369145));
#396 = CARTESIAN_POINT('',(1.653259177623,0.137782308798,-0.746740822377
    ));
#397 = CARTESIAN_POINT('',(1.645324824248,0.276424740277,-0.740846421786
    ));
#398 = CARTESIAN_POINT('',(1.623446064442,0.414154229669,-0.734967415853
    ));
#399 = CARTESIAN_POINT('',(1.587833703913,0.549238242439,-0.729104590064
    ));
#400 = CARTESIAN_POINT('',(1.538957528367,0.680004702706,-0.723256326158
    ));
#401 = CARTESIAN_POINT('',(1.424177609025,0.913517895443,-0.712348133453
    ));
#402 = CARTESIAN_POINT('',(1.361306921884,1.017710763657,-0.707283931611
    ));
#403 = CARTESIAN_POINT('',(1.289460035341,1.116427140983,-0.702230247357
    ));
#404 = CARTESIAN_POINT('',(1.209268161816,1.208728141699,-0.697186194925
    ));
#405 = CARTESIAN_POINT('',(1.121486798874,1.293777961511,-0.69215115022)
  );
#406 = CARTESIAN_POINT('',(0.932559132398,1.447867424397,-0.682104536544
    ));
#407 = CARTESIAN_POINT('',(0.83141517172,1.516927431061,-0.677092469467)
  );
#408 = CARTESIAN_POINT('',(0.724418162992,1.577315746018,-0.672090110079
    ));
#409 = CARTESIAN_POINT('',(0.61251684966,1.628450448597,-0.667097572278)
  );
#410 = CARTESIAN_POINT('',(0.496728267822,1.66989123439,-0.662115064557)
  );
#411 = CARTESIAN_POINT('',(0.267502685466,1.730679658952,-0.652506442952
    ));
#412 = CARTESIAN_POINT('',(0.154423548227,1.751329096849,-0.647878551372
    ));
#413 = CARTESIAN_POINT('',(3.975381916328E-02,1.763055143794,
    -0.643260361865));
#414 = CARTESIAN_POINT('',(-7.562430575729E-02,1.765737969172,
    -0.638651813948));
#415 = CARTESIAN_POINT('',(-0.190824088455,1.759374041887,
    -0.634052690674));
#416 = CARTESIAN_POINT('',(-0.515469865036,1.715859377196,
    -0.620998747366));
#417 = CARTESIAN_POINT('',(-0.722463754285,1.657240440788,-0.61256328102
    ));
#418 = CARTESIAN_POINT('',(-0.920277810804,1.568901057393,
    -0.604162599348));
#419 = CARTESIAN_POINT('',(-1.103801247983,1.452946611598,
    -0.595789549209));
#420 = CARTESIAN_POINT('',(-1.268462939408,1.312403775942,-0.58743921566
    ));
#421 = CARTESIAN_POINT('',(-1.549326894926,0.994344857388,
    -0.570994761784));
#422 = CARTESIAN_POINT('',(-1.66668424544,0.817666002769,-0.562893460623
    ));
#423 = CARTESIAN_POINT('',(-1.759176613877,0.62527770613,-0.554820405457
    ));
#424 = CARTESIAN_POINT('',(-1.824502752741,0.421639346244,
    -0.546773411933));
#425 = CARTESIAN_POINT('',(-1.861249446828,0.211524232479,
    -0.538750553171));
#426 = CARTESIAN_POINT('',(-1.869242459784,7.846121224304E-17,
    -0.530757540216));
#427 = ORIENTED_EDGE('',*,*,#428,.F.);
#428 = EDGE_CURVE('',#183,#392,#429,.T.);
#429 = LINE('',#430,#431);
#430 = CARTESIAN_POINT('',(-2.4,-5.878304635907E-16,0.));
#431 = VECTOR('',#432,1.);
#432 = DIRECTION('',(0.707106781187,1.731912112471E-16,-0.707106781187)
  );
#433 = ORIENTED_EDGE('',*,*,#182,.T.);
#434 = ORIENTED_EDGE('',*,*,#428,.T.);
#435 = ORIENTED_EDGE('',*,*,#436,.T.);
#436 = EDGE_CURVE('',#392,#437,#439,.T.);
#437 = VERTEX_POINT('',#438);
#438 = CARTESIAN_POINT('',(0.553797894185,-1.921805734327,
    -0.399992652989));
#439 = B_SPLINE_CURVE_WITH_KNOTS('',6,(#440,#441,#442,#443,#444,#445,
    #446,#447,#448,#449,#450,#451,#452,#453,#454,#455,#456,#457,#458,
    #459,#460,#461),.UNSPECIFIED.,.F.,.F.,(7,5,5,5,7),(0.,0.254840608176
    ,0.505739042529,0.756619331772,1.),.UNSPECIFIED.);
#440 = CARTESIAN_POINT('',(-1.869242459784,0.,-0.530757540216));
#441 = CARTESIAN_POINT('',(-1.874920258323,-0.150255227253,
    -0.525079741678));
#442 = CARTESIAN_POINT('',(-1.866091292983,-0.301272173948,
    -0.519415133993));
#443 = CARTESIAN_POINT('',(-1.842677382881,-0.451268654837,
    -0.513764677247));
#444 = CARTESIAN_POINT('',(-1.804902192231,-0.598505381031,
    -0.508127475778));
#445 = CARTESIAN_POINT('',(-1.75323718657,-0.741303256148,
    -0.502502499405));
#446 = CARTESIAN_POINT('',(-1.624634078548,-1.012730793639,
    -0.49136504633));
#447 = CARTESIAN_POINT('',(-1.548089088898,-1.141566978378,
    -0.485851302467));
#448 = CARTESIAN_POINT('',(-1.459508665332,-1.2630677118,-0.480349631539
    ));
#449 = CARTESIAN_POINT('',(-1.359827975265,-1.375878585961,
    -0.474859186826));
#450 = CARTESIAN_POINT('',(-1.250158858012,-1.478798027073,
    -0.469379522321));
#451 = CARTESIAN_POINT('',(-1.013455601438,-1.662825304754,
    -0.458444399377));
#452 = CARTESIAN_POINT('',(-0.886404868095,-1.743948586937,
    -0.452988125779));
#453 = CARTESIAN_POINT('',(-0.75194611907,-1.813169121068,
    -0.447544009867));
#454 = CARTESIAN_POINT('',(-0.611499882505,-1.869710320257,
    -0.442111993828));
#455 = CARTESIAN_POINT('',(-0.466573560756,-1.913005902157,
    -0.436692085537));
#456 = CARTESIAN_POINT('',(-0.175359195041,-1.971581577988,
    -0.426040173564));
#457 = CARTESIAN_POINT('',(-2.922183855711E-02,-1.987664379278,
    -0.420806691291));
#458 = CARTESIAN_POINT('',(0.118207516335,-1.990690742569,
    -0.415585729848));
#459 = CARTESIAN_POINT('',(0.26547608013,-1.980596902082,-0.410376805038
    ));
#460 = CARTESIAN_POINT('',(0.411143355308,-1.957516372832,
    -0.405179070622));
#461 = CARTESIAN_POINT('',(0.553797894185,-1.921805734327,
    -0.399992652989));
#462 = ORIENTED_EDGE('',*,*,#463,.T.);
#463 = EDGE_CURVE('',#437,#464,#466,.T.);
#464 = VERTEX_POINT('',#465);
#465 = CARTESIAN_POINT('',(1.750343896495,-0.96759871222,-0.400012244066
    ));
#466 = B_SPLINE_CURVE_WITH_KNOTS('',4,(#467,#468,#469,#470,#471,#472,
    #473,#474,#475,#476,#477,#478,#479,#480),.UNSPECIFIED.,.F.,.F.,(5,3,
    3,3,5),(0.,0.250767674077,0.499662380101,0.749763195776,1.),
  .UNSPECIFIED.);
#467 = CARTESIAN_POINT('',(0.553797894185,-1.921805734327,
    -0.399992652989));
#468 = CARTESIAN_POINT('',(0.648401547374,-1.894537419286,
    -0.399999203112));
#469 = CARTESIAN_POINT('',(0.741215832106,-1.86105916215,-0.400006070959
    ));
#470 = CARTESIAN_POINT('',(0.831627091705,-1.821548654139,
    -0.400012575536));
#471 = CARTESIAN_POINT('',(1.005856407363,-1.731388949413,
    -0.400023589212));
#472 = CARTESIAN_POINT('',(1.089719596759,-1.680824652371,
    -0.400028126906));
#473 = CARTESIAN_POINT('',(1.170103633143,-1.624894502464,
    -0.400031125217));
#474 = CARTESIAN_POINT('',(1.323307247014,-1.502785543437,-0.40003386749
    ));
#475 = CARTESIAN_POINT('',(1.396089104884,-1.436557721343,
    -0.400033599548));
#476 = CARTESIAN_POINT('',(1.464370628702,-1.365699091512,
    -0.400031633845));
#477 = CARTESIAN_POINT('',(1.591148728257,-1.215646396002,
    -0.400025483587));
#478 = CARTESIAN_POINT('',(1.649640668214,-1.136447009106,
    -0.400021282471));
#479 = CARTESIAN_POINT('',(1.702808364344,-1.053579423403,
    -0.400016595668));
#480 = CARTESIAN_POINT('',(1.750343896495,-0.96759871222,-0.400012244066
    ));
#481 = ORIENTED_EDGE('',*,*,#482,.T.);
#482 = EDGE_CURVE('',#464,#483,#485,.T.);
#483 = VERTEX_POINT('',#484);
#484 = CARTESIAN_POINT('',(-0.588285655071,-1.510605900302,-0.7788861243
    ));
#485 = B_SPLINE_CURVE_WITH_KNOTS('',6,(#486,#487,#488,#489,#490,#491,
    #492,#493,#494,#495,#496,#497,#498,#499,#500,#501,#502),
  .UNSPECIFIED.,.F.,.F.,(7,5,5,7),(0.,0.345664835265,0.751436758935,1.),
  .UNSPECIFIED.);
#486 = CARTESIAN_POINT('',(1.750343896495,-0.96759871222,-0.400012244066
    ));
#487 = CARTESIAN_POINT('',(1.656872795796,-1.094199447711,
    -0.420566300888));
#488 = CARTESIAN_POINT('',(1.551749314956,-1.211359568298,
    -0.441280259289));
#489 = CARTESIAN_POINT('',(1.436071949693,-1.317596937533,
    -0.462155977985));
#490 = CARTESIAN_POINT('',(1.311183428095,-1.411627429868,
    -0.483202597587));
#491 = CARTESIAN_POINT('',(1.178638179584,-1.492363102381,
    -0.504427823946));
#492 = CARTESIAN_POINT('',(0.877726958814,-1.637208322054,
    -0.550955354081));
#493 = CARTESIAN_POINT('',(0.707087473703,-1.696010840238,
    -0.576332773783));
#494 = CARTESIAN_POINT('',(0.531206458492,-1.734048508105,
    -0.601956966225));
#495 = CARTESIAN_POINT('',(0.353223912117,-1.750623980566,
    -0.627833411002));
#496 = CARTESIAN_POINT('',(0.17643377285,-1.745601953506,-0.653971954001
    ));
#497 = CARTESIAN_POINT('',(-0.101298924708,-1.703714253768,
    -0.696538471379));
#498 = CARTESIAN_POINT('',(-0.205104758855,-1.679937290611,
    -0.712807321189));
#499 = CARTESIAN_POINT('',(-0.306448587138,-1.64843940931,
    -0.729175475246));
#500 = CARTESIAN_POINT('',(-0.404581768032,-1.609463321783,
    -0.745645517208));
#501 = CARTESIAN_POINT('',(-0.498783332766,-1.563352857006,
    -0.762220497936));
#502 = CARTESIAN_POINT('',(-0.58837117927,-1.510555470364,
    -0.778902077713));
#503 = ORIENTED_EDGE('',*,*,#504,.T.);
#504 = EDGE_CURVE('',#483,#505,#507,.T.);
#505 = VERTEX_POINT('',#506);
#506 = CARTESIAN_POINT('',(1.510562286076,-0.588397663644,
    -0.778886114211));
#507 = CIRCLE('',#508,1.621113885844);
#508 = AXIS2_PLACEMENT_3D('',#509,#510,#511);
#509 = CARTESIAN_POINT('',(0.,0.,-0.778886114156));
#510 = DIRECTION('',(-0.,0.,1.));
#511 = DIRECTION('',(0.,-1.,0.));
#512 = ORIENTED_EDGE('',*,*,#513,.T.);
#513 = EDGE_CURVE('',#505,#390,#514,.T.);
#514 = B_SPLINE_CURVE_WITH_KNOTS('',5,(#515,#516,#517,#518,#519,#520),
  .UNSPECIFIED.,.F.,.F.,(6,6),(0.,1.),.PIECEWISE_BEZIER_KNOTS.);
#515 = CARTESIAN_POINT('',(1.510165513305,-0.58929747388,-0.778928937308
    ));
#516 = CARTESIAN_POINT('',(1.559135247538,-0.478334080413,
    -0.773647271027));
#517 = CARTESIAN_POINT('',(1.597804678493,-0.362585864174,
    -0.768378256927));
#518 = CARTESIAN_POINT('',(1.625578870864,-0.243354841216,
    -0.763123004235));
#519 = CARTESIAN_POINT('',(1.642119863099,-0.12202104678,-0.757880136901
    ));
#520 = CARTESIAN_POINT('',(1.647351630855,6.172840016916E-14,
    -0.752648369145));
#521 = CONICAL_SURFACE('',#522,2.4,0.785398163397);
#522 = AXIS2_PLACEMENT_3D('',#523,#524,#525);
#523 = CARTESIAN_POINT('',(0.,0.,0.));
#524 = DIRECTION('',(0.,0.,1.));
#525 = DIRECTION('',(-1.,0.,0.));
#526 = ADVANCED_FACE('',(#527),#651,.F.);
#527 = FACE_BOUND('',#528,.F.);
#528 = EDGE_LOOP('',(#529,#568,#574,#575,#576,#603,#622,#644));
#529 = ORIENTED_EDGE('',*,*,#530,.F.);
#530 = EDGE_CURVE('',#531,#533,#535,.T.);
#531 = VERTEX_POINT('',#532);
#532 = CARTESIAN_POINT('',(1.83754400972,1.79364969037E-14,
    -3.93754400972));
#533 = VERTEX_POINT('',#534);
#534 = CARTESIAN_POINT('',(-1.616270150521,0.125223852787,-3.72111388026
    ));
#535 = B_SPLINE_CURVE_WITH_KNOTS('',7,(#536,#537,#538,#539,#540,#541,
    #542,#543,#544,#545,#546,#547,#548,#549,#550,#551,#552,#553,#554,
    #555,#556,#557,#558,#559,#560,#561,#562,#563,#564,#565,#566,#567),
  .UNSPECIFIED.,.F.,.F.,(8,6,6,6,6,8),(0.,0.219918156797,0.448506013705,
    0.706231668005,0.846947910646,1.),.UNSPECIFIED.);
#536 = CARTESIAN_POINT('',(1.83754400972,-6.336611631704E-16,
    -3.93754400972));
#537 = CARTESIAN_POINT('',(1.830989645826,0.170513841854,-3.930989645872
    ));
#538 = CARTESIAN_POINT('',(1.805958124108,0.340095620931,-3.924418255694
    ));
#539 = CARTESIAN_POINT('',(1.762537991781,0.506256490636,-3.917829890988
    ));
#540 = CARTESIAN_POINT('',(1.701253500091,0.666610377034,-3.911222411903
    ));
#541 = CARTESIAN_POINT('',(1.622988223325,0.818877483282,-3.904594986521
    ));
#542 = CARTESIAN_POINT('',(1.528976780219,0.960919482587,-3.897949323246
    ));
#543 = CARTESIAN_POINT('',(1.308490496705,1.225813769974,-3.884365368458
    ));
#544 = CARTESIAN_POINT('',(1.180821106191,1.347761870312,-3.877422263044
    ));
#545 = CARTESIAN_POINT('',(1.03968612261,1.454449394549,-3.870463849252)
  );
#546 = CARTESIAN_POINT('',(0.887257832728,1.544096048018,-3.863489778482
    ));
#547 = CARTESIAN_POINT('',(0.72596771593,1.615289432914,-3.856496968489)
  );
#548 = CARTESIAN_POINT('',(0.558468012245,1.667017162838,-3.849482859577
    ));
#549 = CARTESIAN_POINT('',(0.195033180527,1.734600554024,-3.834520208197
    ));
#550 = CARTESIAN_POINT('',(-1.962543190114E-03,1.745072649175,
    -3.826560075028));
#551 = CARTESIAN_POINT('',(-0.199187197802,1.729412116968,
    -3.818574877948));
#552 = CARTESIAN_POINT('',(-0.392491346591,1.687783331349,
    -3.810561915365));
#553 = CARTESIAN_POINT('',(-0.5778615996,1.6210839632,-3.80252020137));
#554 = CARTESIAN_POINT('',(-0.751428835841,1.53095303605,-3.794448821944
    ));
#555 = CARTESIAN_POINT('',(-0.996109522652,1.359337340673,
    -3.781936703978));
#556 = CARTESIAN_POINT('',(-1.077987351614,1.292487201679,
    -3.777510010237));
#557 = CARTESIAN_POINT('',(-1.15477139969,1.219794715101,-3.77307595639)
  );
#558 = CARTESIAN_POINT('',(-1.225955002617,1.14171774559,-3.768634567118
    ));
#559 = CARTESIAN_POINT('',(-1.291082774804,1.058766266862,
    -3.764185631268));
#560 = CARTESIAN_POINT('',(-1.349754481242,0.9714992754,-3.759728973328)
  );
#561 = CARTESIAN_POINT('',(-1.458060435957,0.781576450209,
    -3.750409237461));
#562 = CARTESIAN_POINT('',(-1.506458074976,0.678230712002,
    -3.745544222817));
#563 = CARTESIAN_POINT('',(-1.546388600054,0.571272181683,-3.7406700923)
  );
#564 = CARTESIAN_POINT('',(-1.577519443217,0.461528496171,
    -3.735786501235));
#565 = CARTESIAN_POINT('',(-1.599616846971,0.349861471243,
    -3.730892884081));
#566 = CARTESIAN_POINT('',(-1.612549179348,0.237159799038,
    -3.725988940306));
#567 = CARTESIAN_POINT('',(-1.616299982819,0.124333963666,
    -3.721075127494));
#568 = ORIENTED_EDGE('',*,*,#569,.F.);
#569 = EDGE_CURVE('',#310,#531,#570,.T.);
#570 = LINE('',#571,#572);
#571 = CARTESIAN_POINT('',(2.4,-5.878304635907E-16,-4.5));
#572 = VECTOR('',#573,1.);
#573 = DIRECTION('',(-0.707106781187,1.731912112471E-16,0.707106781187)
  );
#574 = ORIENTED_EDGE('',*,*,#309,.T.);
#575 = ORIENTED_EDGE('',*,*,#569,.T.);
#576 = ORIENTED_EDGE('',*,*,#577,.F.);
#577 = EDGE_CURVE('',#578,#531,#580,.T.);
#578 = VERTEX_POINT('',#579);
#579 = CARTESIAN_POINT('',(-1.332542742544,-1.491403550326,
    -4.099988677626));
#580 = B_SPLINE_CURVE_WITH_KNOTS('',6,(#581,#582,#583,#584,#585,#586,
    #587,#588,#589,#590,#591,#592,#593,#594,#595,#596,#597,#598,#599,
    #600,#601,#602),.UNSPECIFIED.,.F.,.F.,(7,5,5,5,7),(0.,0.237968552373
    ,0.484955505881,0.737811428898,1.),.UNSPECIFIED.);
#581 = CARTESIAN_POINT('',(-1.332542742544,-1.491403550326,
    -4.099988677626));
#582 = CARTESIAN_POINT('',(-1.19595043032,-1.60504008116,-4.093720057734
    ));
#583 = CARTESIAN_POINT('',(-1.047389856671,-1.703978569357,
    -4.087435889819));
#584 = CARTESIAN_POINT('',(-0.888842823422,-1.786558273079,
    -4.081137611771));
#585 = CARTESIAN_POINT('',(-0.722546782875,-1.851538853794,
    -4.074823436113));
#586 = CARTESIAN_POINT('',(-0.550921831337,-1.898042359421,
    -4.068491231588));
#587 = CARTESIAN_POINT('',(-0.19560781988,-1.95434119012,-4.055552707396
    ));
#588 = CARTESIAN_POINT('',(-1.16526711981E-02,-1.962687359939,
    -4.048943109932));
#589 = CARTESIAN_POINT('',(0.172382351271,-1.950235514061,
    -4.042315216346));
#590 = CARTESIAN_POINT('',(0.35358270645,-1.91710933055,-4.035667777884)
  );
#591 = CARTESIAN_POINT('',(0.529074776252,-1.863912618355,
    -4.029000534523));
#592 = CARTESIAN_POINT('',(0.867106259743,-1.718081631717,
    -4.015474154276));
#593 = CARTESIAN_POINT('',(1.029299570743,-1.624514066087,
    -4.008611845026));
#594 = CARTESIAN_POINT('',(1.179713033127,-1.512425605637,
    -4.001733572969));
#595 = CARTESIAN_POINT('',(1.315739740537,-1.383662396091,
    -3.994839108192));
#596 = CARTESIAN_POINT('',(1.435105009542,-1.240498310179,
    -3.987925890604));
#597 = CARTESIAN_POINT('',(1.64067788773,-0.925200380984,-3.97380839041)
  );
#598 = CARTESIAN_POINT('',(1.725543317596,-0.75212447147,-3.966599747965
    ));
#599 = CARTESIAN_POINT('',(1.788603062596,-0.569564124143,
    -3.959371378106));
#600 = CARTESIAN_POINT('',(1.828587419058,-0.380928725755,-3.95211797266
    ));
#601 = CARTESIAN_POINT('',(1.844840486277,-0.189820138439,
    -3.944840486277));
#602 = CARTESIAN_POINT('',(1.83754400972,5.195843755246E-14,
    -3.93754400972));
#603 = ORIENTED_EDGE('',*,*,#604,.F.);
#604 = EDGE_CURVE('',#605,#578,#607,.T.);
#605 = VERTEX_POINT('',#606);
#606 = CARTESIAN_POINT('',(-1.996852335984,-0.112149289235,-4.0999991787
    ));
#607 = B_SPLINE_CURVE_WITH_KNOTS('',5,(#608,#609,#610,#611,#612,#613,
    #614,#615,#616,#617,#618,#619,#620,#621),.UNSPECIFIED.,.F.,.F.,(6,4,
    4,6),(0.,0.391060043465,0.695105461752,1.),.UNSPECIFIED.);
#608 = CARTESIAN_POINT('',(-1.996852335984,-0.112149289235,-4.0999991787
    ));
#609 = CARTESIAN_POINT('',(-1.989961868197,-0.234823506147,
    -4.099998468468));
#610 = CARTESIAN_POINT('',(-1.973649743447,-0.356970795866,
    -4.099996809618));
#611 = CARTESIAN_POINT('',(-1.947970876221,-0.477620163302,
    -4.099994313188));
#612 = CARTESIAN_POINT('',(-1.913127457527,-0.595823603453,
    -4.09999145813));
#613 = CARTESIAN_POINT('',(-1.835518189453,-0.79996594344,
    -4.099986692431));
#614 = CARTESIAN_POINT('',(-1.796239519335,-0.887233748089,
    -4.099984706189));
#615 = CARTESIAN_POINT('',(-1.751791863486,-0.972048858359,
    -4.099983089214));
#616 = CARTESIAN_POINT('',(-1.702385881925,-1.054009678748,
    -4.099982058936));
#617 = CARTESIAN_POINT('',(-1.594023427692,-1.21168981547,
    -4.099981498829));
#618 = CARTESIAN_POINT('',(-1.535039681335,-1.287392482708,
    -4.099981965207));
#619 = CARTESIAN_POINT('',(-1.471590044956,-1.35946844611,
    -4.099983330832));
#620 = CARTESIAN_POINT('',(-1.403976662168,-1.4275744902,-4.099985609749
    ));
#621 = CARTESIAN_POINT('',(-1.332542742544,-1.491403550326,
    -4.099988677626));
#622 = ORIENTED_EDGE('',*,*,#623,.F.);
#623 = EDGE_CURVE('',#624,#605,#626,.T.);
#624 = VERTEX_POINT('',#625);
#625 = CARTESIAN_POINT('',(-0.125515693242,-1.616247513119,
    -3.721113880304));
#626 = B_SPLINE_CURVE_WITH_KNOTS('',6,(#627,#628,#629,#630,#631,#632,
    #633,#634,#635,#636,#637,#638,#639,#640,#641,#642,#643),
  .UNSPECIFIED.,.F.,.F.,(7,5,5,7),(0.,0.303856402342,0.555960193538,1.),
  .UNSPECIFIED.);
#627 = CARTESIAN_POINT('',(-0.12550665979,-1.616246743446,
    -3.721112413545));
#628 = CARTESIAN_POINT('',(-0.2521753228,-1.626872943287,-3.741513418069
    ));
#629 = CARTESIAN_POINT('',(-0.380722642913,-1.62550874103,
    -3.761757950532));
#630 = CARTESIAN_POINT('',(-0.509667173709,-1.611952432467,
    -3.781845905929));
#631 = CARTESIAN_POINT('',(-0.637554164392,-1.58625969181,
    -3.801781076431));
#632 = CARTESIAN_POINT('',(-0.762979517493,-1.548695437476,
    -3.821566291056));
#633 = CARTESIAN_POINT('',(-0.985527402753,-1.459135559013,
    -3.857490516261));
#634 = CARTESIAN_POINT('',(-1.083841318706,-1.410683547206,
    -3.873678095328));
#635 = CARTESIAN_POINT('',(-1.17879775213,-1.354665759493,
    -3.889763340169));
#636 = CARTESIAN_POINT('',(-1.269698322384,-1.291446042287,
    -3.90574819768));
#637 = CARTESIAN_POINT('',(-1.355906111377,-1.221468135964,
    -3.921634827599));
#638 = CARTESIAN_POINT('',(-1.579419225074,-1.010994338482,
    -3.965234141884));
#639 = CARTESIAN_POINT('',(-1.705695220085,-0.857337635687,
    -3.992749092619));
#640 = CARTESIAN_POINT('',(-1.812500208431,-0.687118723548,
    -4.019965303106));
#641 = CARTESIAN_POINT('',(-1.897546827071,-0.503715892012,
    -4.046905593094));
#642 = CARTESIAN_POINT('',(-1.959242641033,-0.310762537829,
    -4.073585831575));
#643 = CARTESIAN_POINT('',(-1.996852335984,-0.112149289235,-4.0999991787
    ));
#644 = ORIENTED_EDGE('',*,*,#645,.F.);
#645 = EDGE_CURVE('',#533,#624,#646,.T.);
#646 = CIRCLE('',#647,1.621113885844);
#647 = AXIS2_PLACEMENT_3D('',#648,#649,#650);
#648 = CARTESIAN_POINT('',(0.,0.,-3.721113885844));
#649 = DIRECTION('',(-0.,0.,1.));
#650 = DIRECTION('',(0.,-1.,0.));
#651 = CONICAL_SURFACE('',#652,2.4,0.785398163397);
#652 = AXIS2_PLACEMENT_3D('',#653,#654,#655);
#653 = CARTESIAN_POINT('',(0.,0.,-4.5));
#654 = DIRECTION('',(-0.,-0.,-1.));
#655 = DIRECTION('',(1.,0.,0.));
#656 = ADVANCED_FACE('',(#657),#682,.T.);
#657 = FACE_BOUND('',#658,.T.);
#658 = EDGE_LOOP('',(#659,#675,#680,#681));
#659 = ORIENTED_EDGE('',*,*,#660,.F.);
#660 = EDGE_CURVE('',#661,#437,#663,.T.);
#661 = VERTEX_POINT('',#662);
#662 = CARTESIAN_POINT('',(2.,1.944775318621E-14,-0.95625));
#663 = B_SPLINE_CURVE_WITH_KNOTS('',10,(#664,#665,#666,#667,#668,#669,
    #670,#671,#672,#673,#674),.UNSPECIFIED.,.F.,.F.,(11,11),(0.,
    6.322058019692),.PIECEWISE_BEZIER_KNOTS.);
#664 = CARTESIAN_POINT('',(2.,-2.312618096444E-15,-0.95625));
#665 = CARTESIAN_POINT('',(2.,1.25656558669,-0.88625));
#666 = CARTESIAN_POINT('',(1.122940412946,2.513813885763,-0.81625));
#667 = CARTESIAN_POINT('',(-0.633594071687,3.076350013569,
    -0.746250000001));
#668 = CARTESIAN_POINT('',(-2.638422893109,2.2878704339,-0.676249999999)
  );
#669 = CARTESIAN_POINT('',(-3.70184102311,-2.375877272698E-12,
    -0.606250000002));
#670 = CARTESIAN_POINT('',(-2.638422893113,-2.287870433896,
    -0.536249999998));
#671 = CARTESIAN_POINT('',(-0.633594071683,-3.076350013572,
    -0.466250000001));
#672 = CARTESIAN_POINT('',(1.122940412944,-2.513813885761,
    -0.396249999999));
#673 = CARTESIAN_POINT('',(2.,-1.256565586691,-0.32625));
#674 = CARTESIAN_POINT('',(2.,4.120812446886E-14,-0.25625));
#675 = ORIENTED_EDGE('',*,*,#676,.T.);
#676 = EDGE_CURVE('',#661,#390,#677,.T.);
#677 = B_SPLINE_CURVE_WITH_KNOTS('',1,(#678,#679),.UNSPECIFIED.,.F.,.F.,
  (2,2),(0.,0.610705080757),.PIECEWISE_BEZIER_KNOTS.);
#678 = CARTESIAN_POINT('',(2.,4.120812446886E-14,-0.95625));
#679 = CARTESIAN_POINT('',(1.471113885844,2.530448465117E-14,
    -0.650897459622));
#680 = ORIENTED_EDGE('',*,*,#389,.T.);
#681 = ORIENTED_EDGE('',*,*,#436,.T.);
#682 = B_SPLINE_SURFACE_WITH_KNOTS('',1,10,(
    (#683,#684,#685,#686,#687,#688,#689,#690,#691,#692,#693)
    ,(#694,#695,#696,#697,#698,#699,#700,#701,#702,#703,#704
  )),.UNSPECIFIED.,.F.,.F.,.F.,(2,2),(11,11),(0.,0.610705080757),(0.,
    6.322058019692),.PIECEWISE_BEZIER_KNOTS.);
#683 = CARTESIAN_POINT('',(2.,-2.312618096444E-15,-0.95625));
#684 = CARTESIAN_POINT('',(2.,1.25656558669,-0.88625));
#685 = CARTESIAN_POINT('',(1.122940412946,2.513813885763,-0.81625));
#686 = CARTESIAN_POINT('',(-0.633594071687,3.076350013569,
    -0.746250000001));
#687 = CARTESIAN_POINT('',(-2.638422893109,2.2878704339,-0.676249999999)
  );
#688 = CARTESIAN_POINT('',(-3.70184102311,-2.375877272698E-12,
    -0.606250000002));
#689 = CARTESIAN_POINT('',(-2.638422893113,-2.287870433896,
    -0.536249999998));
#690 = CARTESIAN_POINT('',(-0.633594071683,-3.076350013572,
    -0.466250000001));
#691 = CARTESIAN_POINT('',(1.122940412944,-2.513813885761,
    -0.396249999999));
#692 = CARTESIAN_POINT('',(2.,-1.256565586691,-0.32625));
#693 = CARTESIAN_POINT('',(2.,4.120812446886E-14,-0.25625));
#694 = CARTESIAN_POINT('',(1.471113885844,4.354888995704E-16,
    -0.650897459622));
#695 = CARTESIAN_POINT('',(1.471113885844,0.924328115272,-0.580897459622
    ));
#696 = CARTESIAN_POINT('',(0.825949921726,1.848632955741,-0.510897459621
    ));
#697 = CARTESIAN_POINT('',(-0.4658837614,2.26378643,-0.440897459622));
#698 = CARTESIAN_POINT('',(-1.941056677683,1.681944175371,-0.37089745962
    ));
#699 = CARTESIAN_POINT('',(-2.722472573142,-6.203926261605E-13,
    -0.300897459623));
#700 = CARTESIAN_POINT('',(-1.941056677685,-1.68194417537,-0.23089745962
    ));
#701 = CARTESIAN_POINT('',(-0.465883761398,-2.263786430001,
    -0.160897459623));
#702 = CARTESIAN_POINT('',(0.825949921725,-1.84863295574,
    -9.089745962105E-02));
#703 = CARTESIAN_POINT('',(1.471113885844,-0.924328115272,
    -2.089745962168E-02));
#704 = CARTESIAN_POINT('',(1.471113885844,2.530448465117E-14,
    4.910254037844E-02));
#705 = ADVANCED_FACE('',(#706),#840,.T.);
#706 = FACE_BOUND('',#707,.T.);
#707 = EDGE_LOOP('',(#708,#724,#731,#838,#839));
#708 = ORIENTED_EDGE('',*,*,#709,.F.);
#709 = EDGE_CURVE('',#710,#661,#712,.T.);
#710 = VERTEX_POINT('',#711);
#711 = CARTESIAN_POINT('',(2.,1.944775318621E-14,-1.65625));
#712 = B_SPLINE_CURVE_WITH_KNOTS('',10,(#713,#714,#715,#716,#717,#718,
    #719,#720,#721,#722,#723),.UNSPECIFIED.,.F.,.F.,(11,11),(0.,
    6.322058019692),.PIECEWISE_BEZIER_KNOTS.);
#713 = CARTESIAN_POINT('',(2.,-2.312618096444E-15,-1.65625));
#714 = CARTESIAN_POINT('',(2.,1.25656558669,-1.58625));
#715 = CARTESIAN_POINT('',(1.122940412946,2.513813885763,-1.51625));
#716 = CARTESIAN_POINT('',(-0.633594071687,3.076350013569,
    -1.446250000001));
#717 = CARTESIAN_POINT('',(-2.638422893109,2.2878704339,-1.376249999999)
  );
#718 = CARTESIAN_POINT('',(-3.70184102311,-2.375877272698E-12,
    -1.306250000002));
#719 = CARTESIAN_POINT('',(-2.638422893113,-2.287870433896,
    -1.236249999998));
#720 = CARTESIAN_POINT('',(-0.633594071683,-3.076350013572,
    -1.166250000001));
#721 = CARTESIAN_POINT('',(1.122940412944,-2.513813885761,
    -1.096249999999));
#722 = CARTESIAN_POINT('',(2.,-1.256565586691,-1.02625));
#723 = CARTESIAN_POINT('',(2.,4.120812446886E-14,-0.95625));
#724 = ORIENTED_EDGE('',*,*,#725,.T.);
#725 = EDGE_CURVE('',#710,#726,#728,.T.);
#726 = VERTEX_POINT('',#727);
#727 = CARTESIAN_POINT('',(1.621113885844,1.470896800567E-14,-1.4375));
#728 = B_SPLINE_CURVE_WITH_KNOTS('',1,(#729,#730),.UNSPECIFIED.,.F.,.F.,
  (2,2),(0.,0.610705080757),.PIECEWISE_BEZIER_KNOTS.);
#729 = CARTESIAN_POINT('',(2.,4.120812446886E-14,-1.65625));
#730 = CARTESIAN_POINT('',(1.471113885844,2.530448465117E-14,
    -1.350897459622));
#731 = ORIENTED_EDGE('',*,*,#732,.T.);
#732 = EDGE_CURVE('',#726,#505,#733,.T.);
#733 = B_SPLINE_CURVE_WITH_KNOTS('',7,(#734,#735,#736,#737,#738,#739,
    #740,#741,#742,#743,#744,#745,#746,#747,#748,#749,#750,#751,#752,
    #753,#754,#755,#756,#757,#758,#759,#760,#761,#762,#763,#764,#765,
    #766,#767,#768,#769,#770,#771,#772,#773,#774,#775,#776,#777,#778,
    #779,#780,#781,#782,#783,#784,#785,#786,#787,#788,#789,#790,#791,
    #792,#793,#794,#795,#796,#797,#798,#799,#800,#801,#802,#803,#804,
    #805,#806,#807,#808,#809,#810,#811,#812,#813,#814,#815,#816,#817,
    #818,#819,#820,#821,#822,#823,#824,#825,#826,#827,#828,#829,#830,
    #831,#832,#833,#834,#835,#836,#837),.UNSPECIFIED.,.F.,.F.,(8,6,6,6,6
    ,6,6,6,6,6,6,6,6,6,6,6,6,8),(0.,2.950231747658E-02,
    5.048131863559E-02,0.129481478956,0.143803999503,0.262796611434,
    0.301079601981,0.359082674957,0.402875771245,0.499806067215,
    0.598904221786,0.687432742195,0.732434311535,0.839698333918,
    0.871143827873,0.942232813923,0.972232866059,1.),.UNSPECIFIED.);
#734 = CARTESIAN_POINT('',(1.621113885844,8.881784197001E-16,-1.4375));
#735 = CARTESIAN_POINT('',(1.621113885844,4.29271937346E-02,
    -1.434549838524));
#736 = CARTESIAN_POINT('',(1.619787710587,8.585453887864E-02,
    -1.431599539715));
#737 = CARTESIAN_POINT('',(1.617135369576,0.128732633967,-1.428649166524
    ));
#738 = CARTESIAN_POINT('',(1.613159143486,0.171512307941,-1.425698776444
    ));
#739 = CARTESIAN_POINT('',(1.607863584166,0.21414462015,-1.422748421504)
  );
#740 = CARTESIAN_POINT('',(1.601255514635,0.25658086035,-1.419798148271)
  );
#741 = CARTESIAN_POINT('',(1.587718197667,0.32877491986,-1.414750155569)
  );
#742 = CARTESIAN_POINT('',(1.58143327172,0.358653692268,-1.412652372502)
  );
#743 = CARTESIAN_POINT('',(1.57449251806,0.388391463413,-1.410554660486)
  );
#744 = CARTESIAN_POINT('',(1.566899766777,0.41797097657,-1.40845702773)
  );
#745 = CARTESIAN_POINT('',(1.558659411241,0.447375120804,-1.406359478814
    ));
#746 = CARTESIAN_POINT('',(1.549776408096,0.476586930976,-1.404262014689
    ));
#747 = CARTESIAN_POINT('',(1.504406531308,0.614804250353,-1.394266567666
    ));
#748 = CARTESIAN_POINT('',(1.459519479159,0.721061007314,-1.386369106912
    ));
#749 = CARTESIAN_POINT('',(1.405891772885,0.823448758195,-1.378473105608
    ));
#750 = CARTESIAN_POINT('',(1.343932035284,0.921111603699,-1.370577554912
    ));
#751 = CARTESIAN_POINT('',(1.274147049372,1.013250311471,-1.36268098514)
  );
#752 = CARTESIAN_POINT('',(1.197137112636,1.099129906869,-1.354782611477
    ));
#753 = CARTESIAN_POINT('',(1.098455598828,1.192409259511,-1.345451083761
    ));
#754 = CARTESIAN_POINT('',(1.083095925487,1.206497991099,-1.34401889379)
  );
#755 = CARTESIAN_POINT('',(1.067525624124,1.220355718034,-1.342586650805
    ));
#756 = CARTESIAN_POINT('',(1.05174886835,1.233978668621,-1.341154354012)
  );
#757 = CARTESIAN_POINT('',(1.035769917285,1.247363164886,-1.339722003292
    ));
#758 = CARTESIAN_POINT('',(1.019593115558,1.260505622569,-1.338289599205
    ));
#759 = CARTESIAN_POINT('',(0.867217816754,1.380551234224,-1.324956185572
    ));
#760 = CARTESIAN_POINT('',(0.717812759749,1.470791210453,-1.313047333372
    ));
#761 = CARTESIAN_POINT('',(0.557613759393,1.542034988872,-1.301138625181
    ));
#762 = CARTESIAN_POINT('',(0.389545406245,1.592814581769,-1.289230440845
    ));
#763 = CARTESIAN_POINT('',(0.216700530344,1.622196369742,-1.277323469787
    ));
#764 = CARTESIAN_POINT('',(4.232593065185E-02,1.629784042527,
    -1.265416678981));
#765 = CARTESIAN_POINT('',(-0.185777096384,1.611396901385,
    -1.249689342631));
#766 = CARTESIAN_POINT('',(-0.241121397136,1.604695344956,
    -1.245861448099));
#767 = CARTESIAN_POINT('',(-0.29617895147,1.59577662688,-1.242033895222)
  );
#768 = CARTESIAN_POINT('',(-0.350843334021,1.584655795238,
    -1.238206664185));
#769 = CARTESIAN_POINT('',(-0.405009405813,1.571354228125,
    -1.234379723727));
#770 = CARTESIAN_POINT('',(-0.458573314262,1.555899633641,-1.23055303114
    ));
#771 = CARTESIAN_POINT('',(-0.591520144853,1.511700077225,
    -1.220928952454));
#772 = CARTESIAN_POINT('',(-0.669992320043,1.480208987725,-1.21513169541
    ));
#773 = CARTESIAN_POINT('',(-0.746491735707,1.443971644763,
    -1.209334780959));
#774 = CARTESIAN_POINT('',(-0.82067498741,1.403138144544,-1.203537972497
    ));
#775 = CARTESIAN_POINT('',(-0.892214237104,1.357888899923,
    -1.197740960897));
#776 = CARTESIAN_POINT('',(-0.960798900902,1.308433724214,
    -1.191943548413));
#777 = CARTESIAN_POINT('',(-1.075468730365,1.214675979148,-1.18176847956
    ));
#778 = CARTESIAN_POINT('',(-1.122950719469,1.172078482385,
    -1.177390858688));
#779 = CARTESIAN_POINT('',(-1.168458242168,1.127320710422,-1.17301297257
    ));
#780 = CARTESIAN_POINT('',(-1.211873886714,1.080512984125,
    -1.168634786037));
#781 = CARTESIAN_POINT('',(-1.253088204539,1.03177332077,-1.164256264088
    ));
#782 = CARTESIAN_POINT('',(-1.292000023172,0.981227095291,
    -1.159877409813));
#783 = CARTESIAN_POINT('',(-1.409341782465,0.813423683848,
    -1.145805720102));
#784 = CARTESIAN_POINT('',(-1.478447434266,0.689618733713,-1.13611023846
    ));
#785 = CARTESIAN_POINT('',(-1.534804722328,0.559050392419,
    -1.126414779785));
#786 = CARTESIAN_POINT('',(-1.577649912578,0.423300307006,
    -1.116719663027));
#787 = CARTESIAN_POINT('',(-1.606456413313,0.284037875502,
    -1.107024231727));
#788 = CARTESIAN_POINT('',(-1.620942188627,0.142996281685,
    -1.097328588701));
#789 = CARTESIAN_POINT('',(-1.62128702706,-0.142230739415,
    -1.077725497459));
#790 = CARTESIAN_POINT('',(-1.606498650801,-0.286464818318,
    -1.067814873618));
#791 = CARTESIAN_POINT('',(-1.576736532259,-0.428833448234,
    -1.057906622486));
#792 = CARTESIAN_POINT('',(-1.532304892062,-0.567484346193,
    -1.047999901993));
#793 = CARTESIAN_POINT('',(-1.473774427024,-0.700635545541,
    -1.038092354226));
#794 = CARTESIAN_POINT('',(-1.401973894426,-0.826602260591,
    -1.028182694111));
#795 = CARTESIAN_POINT('',(-1.24302438955,-1.048567472822,
    -1.009421210476));
#796 = CARTESIAN_POINT('',(-1.158309189671,-1.146357424117,
    -1.000566963575));
#797 = CARTESIAN_POINT('',(-1.064661378151,-1.236102712941,
    -0.991712169833));
#798 = CARTESIAN_POINT('',(-0.963008371625,-1.316840349899,
    -0.982856511167));
#799 = CARTESIAN_POINT('',(-0.854394060335,-1.387741335319,
    -0.973999424125));
#800 = CARTESIAN_POINT('',(-0.739966303047,-1.448120522991,
    -0.965141326029));
#801 = CARTESIAN_POINT('',(-0.56049277556,-1.522545783084,
    -0.951782455624));
#802 = CARTESIAN_POINT('',(-0.498825267219,-1.544778004013,
    -0.94728039022));
#803 = CARTESIAN_POINT('',(-0.436137380436,-1.56409294555,
    -0.942778538782));
#804 = CARTESIAN_POINT('',(-0.372594898634,-1.580435249,-0.938276982843)
  );
#805 = CARTESIAN_POINT('',(-0.308366923071,-1.593761436677,
    -0.933775773223));
#806 = CARTESIAN_POINT('',(-0.243625365564,-1.604040039158,
    -0.929274964822));
#807 = CARTESIAN_POINT('',(-2.342003489671E-02,-1.628441215688,
    -0.914047876243));
#808 = CARTESIAN_POINT('',(0.133672321303,-1.62821079701,-0.903321216615
    ));
#809 = CARTESIAN_POINT('',(0.290317656694,-1.610279029763,
    -0.892599566381));
#810 = CARTESIAN_POINT('',(0.444138573573,-1.574809386429,-0.88188189127
    ));
#811 = CARTESIAN_POINT('',(0.592820713193,-1.522335023978,
    -0.871164159809));
#812 = CARTESIAN_POINT('',(0.734153933273,-1.453749698288,
    -0.860443382489));
#813 = CARTESIAN_POINT('',(0.904767305957,-1.345919726996,
    -0.846579903914));
#814 = CARTESIAN_POINT('',(0.942640567169,-1.320200941026,
    -0.843436844132));
#815 = CARTESIAN_POINT('',(0.979658443992,-1.293240415403,
    -0.840293546931));
#816 = CARTESIAN_POINT('',(1.01577220974,-1.265072427901,-0.83714998909)
  );
#817 = CARTESIAN_POINT('',(1.050934947737,-1.235733578467,-0.83400615705
    ));
#818 = CARTESIAN_POINT('',(1.085101551316,-1.205262789223,
    -0.830862046917));
#819 = CARTESIAN_POINT('',(1.193119489009,-1.10235009742,-0.82060914325)
  );
#820 = CARTESIAN_POINT('',(1.262701928827,-1.025420827948,
    -0.813498896319));
#821 = CARTESIAN_POINT('',(1.326470938879,-0.943393151049,
    -0.806387558974));
#822 = CARTESIAN_POINT('',(1.38398443667,-0.856797856666,-0.799275408311
    ));
#823 = CARTESIAN_POINT('',(1.434861311074,-0.766209095015,
    -0.792162802885));
#824 = CARTESIAN_POINT('',(1.478784207926,-0.672240005355,-0.7850503978)
  );
#825 = CARTESIAN_POINT('',(1.53100449231,-0.534734403558,-0.774938132386
    ));
#826 = CARTESIAN_POINT('',(1.545219928795,-0.493440129994,
    -0.771937271769));
#827 = CARTESIAN_POINT('',(1.55813505799,-0.451707410486,-0.768936587193
    ));
#828 = CARTESIAN_POINT('',(1.569733821117,-0.409585379174,
    -0.765936095942));
#829 = CARTESIAN_POINT('',(1.580002503814,-0.367123821384,
    -0.762935798751));
#830 = CARTESIAN_POINT('',(1.588929736136,-0.324373173626,
    -0.759935679809));
#831 = CARTESIAN_POINT('',(1.60351930737,-0.241595539302,-0.754159023139
    ));
#832 = CARTESIAN_POINT('',(1.60937522918,-0.201602509242,-0.751382461758
    ));
#833 = CARTESIAN_POINT('',(1.61406711422,-0.161445929498,-0.748605991722
    ));
#834 = CARTESIAN_POINT('',(1.61758960371,-0.12116646657,-0.745829570502)
  );
#835 = CARTESIAN_POINT('',(1.619939123856,-8.080495737941E-02,
    -0.74305314394));
#836 = CARTESIAN_POINT('',(1.621113885844,-4.040240926849E-02,
    -0.740276646246));
#837 = CARTESIAN_POINT('',(1.621113885844,6.106226635438E-14,-0.7375));
#838 = ORIENTED_EDGE('',*,*,#513,.T.);
#839 = ORIENTED_EDGE('',*,*,#676,.F.);
#840 = B_SPLINE_SURFACE_WITH_KNOTS('',1,10,(
    (#841,#842,#843,#844,#845,#846,#847,#848,#849,#850,#851)
    ,(#852,#853,#854,#855,#856,#857,#858,#859,#860,#861,#862
  )),.UNSPECIFIED.,.F.,.F.,.F.,(2,2),(11,11),(0.,0.610705080757),(0.,
    6.322058019692),.PIECEWISE_BEZIER_KNOTS.);
#841 = CARTESIAN_POINT('',(2.,-2.312618096444E-15,-1.65625));
#842 = CARTESIAN_POINT('',(2.,1.25656558669,-1.58625));
#843 = CARTESIAN_POINT('',(1.122940412946,2.513813885763,-1.51625));
#844 = CARTESIAN_POINT('',(-0.633594071687,3.076350013569,
    -1.446250000001));
#845 = CARTESIAN_POINT('',(-2.638422893109,2.2878704339,-1.376249999999)
  );
#846 = CARTESIAN_POINT('',(-3.70184102311,-2.375877272698E-12,
    -1.306250000002));
#847 = CARTESIAN_POINT('',(-2.638422893113,-2.287870433896,
    -1.236249999998));
#848 = CARTESIAN_POINT('',(-0.633594071683,-3.076350013572,
    -1.166250000001));
#849 = CARTESIAN_POINT('',(1.122940412944,-2.513813885761,
    -1.096249999999));
#850 = CARTESIAN_POINT('',(2.,-1.256565586691,-1.02625));
#851 = CARTESIAN_POINT('',(2.,4.120812446886E-14,-0.95625));
#852 = CARTESIAN_POINT('',(1.471113885844,4.354888995704E-16,
    -1.350897459622));
#853 = CARTESIAN_POINT('',(1.471113885844,0.924328115272,-1.280897459622
    ));
#854 = CARTESIAN_POINT('',(0.825949921726,1.848632955741,-1.210897459621
    ));
#855 = CARTESIAN_POINT('',(-0.4658837614,2.26378643,-1.140897459622));
#856 = CARTESIAN_POINT('',(-1.941056677683,1.681944175371,-1.07089745962
    ));
#857 = CARTESIAN_POINT('',(-2.722472573142,-6.203926261605E-13,
    -1.000897459623));
#858 = CARTESIAN_POINT('',(-1.941056677685,-1.68194417537,-0.93089745962
    ));
#859 = CARTESIAN_POINT('',(-0.465883761398,-2.263786430001,
    -0.860897459623));
#860 = CARTESIAN_POINT('',(0.825949921725,-1.84863295574,-0.790897459621
    ));
#861 = CARTESIAN_POINT('',(1.471113885844,-0.924328115272,
    -0.720897459622));
#862 = CARTESIAN_POINT('',(1.471113885844,2.530448465117E-14,
    -0.650897459622));
#863 = ADVANCED_FACE('',(#864),#985,.T.);
#864 = FACE_BOUND('',#865,.T.);
#865 = EDGE_LOOP('',(#866,#963,#970,#984));
#866 = ORIENTED_EDGE('',*,*,#867,.F.);
#867 = EDGE_CURVE('',#868,#483,#870,.T.);
#868 = VERTEX_POINT('',#869);
#869 = CARTESIAN_POINT('',(1.621113885844,1.470896800567E-14,-1.2625));
#870 = B_SPLINE_CURVE_WITH_KNOTS('',6,(#871,#872,#873,#874,#875,#876,
    #877,#878,#879,#880,#881,#882,#883,#884,#885,#886,#887,#888,#889,
    #890,#891,#892,#893,#894,#895,#896,#897,#898,#899,#900,#901,#902,
    #903,#904,#905,#906,#907,#908,#909,#910,#911,#912,#913,#914,#915,
    #916,#917,#918,#919,#920,#921,#922,#923,#924,#925,#926,#927,#928,
    #929,#930,#931,#932,#933,#934,#935,#936,#937,#938,#939,#940,#941,
    #942,#943,#944,#945,#946,#947,#948,#949,#950,#951,#952,#953,#954,
    #955,#956,#957,#958,#959,#960,#961,#962),.UNSPECIFIED.,.F.,.F.,(7,5,
    5,5,5,5,5,5,5,5,5,5,5,5,5,5,5,5,7),(0.,2.950225445367E-02,
    5.748120976587E-02,0.129482227604,0.159805928698,0.213808753383,
    0.26425742038,0.316092626819,0.373096219288,0.402887899872,
    0.501386426803,0.598909223768,0.711416735928,0.738013333269,
    0.755604268925,0.870862572307,0.949903448959,0.973151563752,1.),
  .UNSPECIFIED.);
#871 = CARTESIAN_POINT('',(1.621113885844,-1.33226762955E-15,-1.2625));
#872 = CARTESIAN_POINT('',(1.621113885844,5.00817043259E-02,
    -1.259058146436));
#873 = CARTESIAN_POINT('',(1.61925724174,0.100163653946,-1.255616527408)
  );
#874 = CARTESIAN_POINT('',(1.615543966595,0.150159374763,-1.252174980128
    ));
#875 = CARTESIAN_POINT('',(1.609979376389,0.199982934285,-1.248733376701
    ));
#876 = CARTESIAN_POINT('',(1.602574090021,0.249548941625,-1.245291624121
    ));
#877 = CARTESIAN_POINT('',(1.584590547213,0.345454575523,-1.238585424218
    ));
#878 = CARTESIAN_POINT('',(1.574195822302,0.391828852385,-1.235320995122
    ));
#879 = CARTESIAN_POINT('',(1.562173447007,0.437823033402,-1.232056337142
    ));
#880 = CARTESIAN_POINT('',(1.548541146842,0.483365942122,-1.228791439242
    ));
#881 = CARTESIAN_POINT('',(1.533320780402,0.528387570318,-1.225526319194
    ));
#882 = CARTESIAN_POINT('',(1.47335042105,0.687159078942,-1.21385811483)
  );
#883 = CARTESIAN_POINT('',(1.419815102716,0.79759838523,-1.205453535847)
  );
#884 = CARTESIAN_POINT('',(1.356377568122,0.902951811172,-1.197049016049
    ));
#885 = CARTESIAN_POINT('',(1.283658510235,1.002127639323,-1.188645572492
    ));
#886 = CARTESIAN_POINT('',(1.202425449897,1.094131070883,-1.18024346664)
  );
#887 = CARTESIAN_POINT('',(1.076191371818,1.213454667242,-1.168306310759
    ));
#888 = CARTESIAN_POINT('',(1.037434551147,1.247390653688,-1.164769115728
    ));
#889 = CARTESIAN_POINT('',(0.997398283307,1.27983689709,-1.161232283544)
  );
#890 = CARTESIAN_POINT('',(0.956154402877,1.310733639109,-1.157695802862
    ));
#891 = CARTESIAN_POINT('',(0.913778391598,1.340025812238,-1.154159642503
    ));
#892 = CARTESIAN_POINT('',(0.793007586226,1.416881581767,-1.144326759417
    ));
#893 = CARTESIAN_POINT('',(0.712324347384,1.460852467617,-1.138030505237
    ));
#894 = CARTESIAN_POINT('',(0.628748080654,1.499290502072,-1.131734960479
    ));
#895 = CARTESIAN_POINT('',(0.54275457085,1.531963840587,-1.125439582152)
  );
#896 = CARTESIAN_POINT('',(0.45484264784,1.55869575106,-1.119143821343)
  );
#897 = CARTESIAN_POINT('',(0.2820951409,1.59867657753,-1.106965821636));
#898 = CARTESIAN_POINT('',(0.197435342205,1.612697688847,-1.101083457525
    ));
#899 = CARTESIAN_POINT('',(0.111972103199,1.621332287452,-1.095200464557
    ));
#900 = CARTESIAN_POINT('',(2.61334180637E-02,1.624528079507,
    -1.089316598148));
#901 = CARTESIAN_POINT('',(-5.964961096917E-02,1.62227810963,
    -1.083431724083));
#902 = CARTESIAN_POINT('',(-0.232586741813,1.606753382575,
    -1.071498711443));
#903 = CARTESIAN_POINT('',(-0.319716335993,1.593177074648,-1.06545034901
    ));
#904 = CARTESIAN_POINT('',(-0.40586718905,1.573934141067,-1.059401290544
    ));
#905 = CARTESIAN_POINT('',(-0.490580676683,1.549116656585,
    -1.053351623453));
#906 = CARTESIAN_POINT('',(-0.573410805073,1.518865752085,
    -1.047301488542));
#907 = CARTESIAN_POINT('',(-0.74247308224,1.444336484696,-1.034597912302
    ));
#908 = CARTESIAN_POINT('',(-0.828224397167,1.398958651873,
    -1.027944202411));
#909 = CARTESIAN_POINT('',(-0.910609681923,1.347489544338,
    -1.021290843469));
#910 = CARTESIAN_POINT('',(-0.989093196634,1.290246392784,
    -1.014637943729));
#911 = CARTESIAN_POINT('',(-1.063180683418,1.22760789219,-1.007985512512
    ));
#912 = CARTESIAN_POINT('',(-1.168613234402,1.124682641129,
    -0.997857581497));
#913 = CARTESIAN_POINT('',(-1.203479522039,1.087999624947,
    -0.994381444373));
#914 = CARTESIAN_POINT('',(-1.236959717032,1.050023875642,
    -0.990905494676));
#915 = CARTESIAN_POINT('',(-1.268994410211,1.010821110959,
    -0.987429729305));
#916 = CARTESIAN_POINT('',(-1.299528408405,0.970460630771,
    -0.983954136836));
#917 = CARTESIAN_POINT('',(-1.424333338773,0.791987050566,
    -0.968988051606));
#918 = CARTESIAN_POINT('',(-1.503214695867,0.643070870185,
    -0.957496748763));
#919 = CARTESIAN_POINT('',(-1.563263020094,0.484946883489,
    -0.946009116344));
#920 = CARTESIAN_POINT('',(-1.603249308122,0.320600643273,
    -0.934520767797));
#921 = CARTESIAN_POINT('',(-1.622498388278,0.153188578211,
    -0.923028104275));
#922 = CARTESIAN_POINT('',(-1.619622614532,-0.179552760547,
    -0.900158441662));
#923 = CARTESIAN_POINT('',(-1.597905158746,-0.344952533057,
    -0.888776965637));
#924 = CARTESIAN_POINT('',(-1.555914632978,-0.507028286153,
    -0.877396834364));
#925 = CARTESIAN_POINT('',(-1.494351764139,-0.662727193698,
    -0.866016697168));
#926 = CARTESIAN_POINT('',(-1.414448261398,-0.809168649875,
    -0.854635531072));
#927 = CARTESIAN_POINT('',(-1.206878039108,-1.099059959433,
    -0.83013345559));
#928 = CARTESIAN_POINT('',(-1.073694589657,-1.238682049788,
    -0.817006560454));
#929 = CARTESIAN_POINT('',(-0.921358913333,-1.358615056742,
    -0.803888376523));
#930 = CARTESIAN_POINT('',(-0.753578268307,-1.455772046356,
    -0.790772580374));
#931 = CARTESIAN_POINT('',(-0.574591807052,-1.527851809176,
    -0.777650061182));
#932 = CARTESIAN_POINT('',(-0.345359749025,-1.584542629344,
    -0.761426932897));
#933 = CARTESIAN_POINT('',(-0.301168485017,-1.593917059754,
    -0.758324902205));
#934 = CARTESIAN_POINT('',(-0.256676314507,-1.601811519609,
    -0.755222664978));
#935 = CARTESIAN_POINT('',(-0.211945161859,-1.60821431436,
    -0.752120203209));
#936 = CARTESIAN_POINT('',(-0.167037509161,-1.613117215233,
    -0.749017506205));
#937 = CARTESIAN_POINT('',(-9.223952324617E-02,-1.618763050932,
    -0.743862295263));
#938 = CARTESIAN_POINT('',(-6.241295911244E-02,-1.620352440088,
    -0.741809913931));
#939 = CARTESIAN_POINT('',(-3.255492227914E-02,-1.621282253405,
    -0.739757426365));
#940 = CARTESIAN_POINT('',(-2.683638013296E-03,-1.621551789326,
    -0.737704833524));
#941 = CARTESIAN_POINT('',(2.718266160324E-02,-1.621161018034,
    -0.735652137558));
#942 = CARTESIAN_POINT('',(0.252561801405,-1.613227972073,
    -0.720149133197));
#943 = CARTESIAN_POINT('',(0.447176275776,-1.578022398656,
    -0.706689664943));
#944 = CARTESIAN_POINT('',(0.635567663689,-1.514643862609,
    -0.693232678985));
#945 = CARTESIAN_POINT('',(0.812776905319,-1.424611333148,
    -0.679777256275));
#946 = CARTESIAN_POINT('',(0.974242455229,-1.310398717396,
    -0.666321928877));
#947 = CARTESIAN_POINT('',(1.213452364092,-1.083303924262,
    -0.643655545093));
#948 = CARTESIAN_POINT('',(1.301595293612,-0.981248956391,-0.63443627861
    ));
#949 = CARTESIAN_POINT('',(1.379349071984,-0.870675345848,
    -0.625219799501));
#950 = CARTESIAN_POINT('',(1.445721825484,-0.752919114823,
    -0.616003798779));
#951 = CARTESIAN_POINT('',(1.499935347506,-0.629449962311,-0.6067854244)
  );
#952 = CARTESIAN_POINT('',(1.553691076243,-0.464340108638,
    -0.594854570405));
#953 = CARTESIAN_POINT('',(1.56481237306,-0.426457201017,-0.592142799164
    ));
#954 = CARTESIAN_POINT('',(1.574824378674,-0.388257448342,
    -0.589430880424));
#955 = CARTESIAN_POINT('',(1.583716026717,-0.349781447878,
    -0.586718821207));
#956 = CARTESIAN_POINT('',(1.591478237288,-0.31107029384,-0.584006641478
    ));
#957 = CARTESIAN_POINT('',(1.6057556831,-0.227235878428,-0.578162071278)
  );
#958 = CARTESIAN_POINT('',(1.611891670804,-0.18204785894,-0.575029643301
    ));
#959 = CARTESIAN_POINT('',(1.616500951974,-0.13666564742,-0.571897151741
    ));
#960 = CARTESIAN_POINT('',(1.61957623922,-9.115369598665E-02,
    -0.568764664072));
#961 = CARTESIAN_POINT('',(1.621113885844,-4.55767803879E-02,
    -0.565632253706));
#962 = CARTESIAN_POINT('',(1.621113885844,4.729550084903E-14,-0.5625));
#963 = ORIENTED_EDGE('',*,*,#964,.T.);
#964 = EDGE_CURVE('',#868,#965,#967,.T.);
#965 = VERTEX_POINT('',#966);
#966 = CARTESIAN_POINT('',(2.,1.944775318621E-14,-1.04375));
#967 = B_SPLINE_CURVE_WITH_KNOTS('',1,(#968,#969),.UNSPECIFIED.,.F.,.F.,
  (2,2),(0.,0.610705080757),.PIECEWISE_BEZIER_KNOTS.);
#968 = CARTESIAN_POINT('',(1.471113885844,2.530448465117E-14,
    -1.349102540378));
#969 = CARTESIAN_POINT('',(2.,4.120812446886E-14,-1.04375));
#970 = ORIENTED_EDGE('',*,*,#971,.T.);
#971 = EDGE_CURVE('',#965,#464,#972,.T.);
#972 = B_SPLINE_CURVE_WITH_KNOTS('',10,(#973,#974,#975,#976,#977,#978,
    #979,#980,#981,#982,#983),.UNSPECIFIED.,.F.,.F.,(11,11),(0.,
    6.322058019692),.PIECEWISE_BEZIER_KNOTS.);
#973 = CARTESIAN_POINT('',(2.,-2.312618096444E-15,-1.04375));
#974 = CARTESIAN_POINT('',(2.,1.25656558669,-0.97375));
#975 = CARTESIAN_POINT('',(1.122940412946,2.513813885763,-0.90375));
#976 = CARTESIAN_POINT('',(-0.633594071687,3.076350013569,-0.83375));
#977 = CARTESIAN_POINT('',(-2.638422893109,2.2878704339,-0.76375));
#978 = CARTESIAN_POINT('',(-3.70184102311,-2.375877272698E-12,-0.69375)
  );
#979 = CARTESIAN_POINT('',(-2.638422893113,-2.287870433896,-0.62375));
#980 = CARTESIAN_POINT('',(-0.633594071683,-3.076350013572,-0.55375));
#981 = CARTESIAN_POINT('',(1.122940412944,-2.513813885761,-0.48375));
#982 = CARTESIAN_POINT('',(2.,-1.256565586691,-0.41375));
#983 = CARTESIAN_POINT('',(2.,4.120812446886E-14,-0.34375));
#984 = ORIENTED_EDGE('',*,*,#482,.T.);
#985 = B_SPLINE_SURFACE_WITH_KNOTS('',1,10,(
    (#986,#987,#988,#989,#990,#991,#992,#993,#994,#995,#996)
    ,(#997,#998,#999,#1000,#1001,#1002,#1003,#1004,#1005,#1006,#1007
  )),.UNSPECIFIED.,.F.,.F.,.F.,(2,2),(11,11),(0.,0.610705080757),(0.,
    6.322058019692),.PIECEWISE_BEZIER_KNOTS.);
#986 = CARTESIAN_POINT('',(1.471113885844,4.354888995704E-16,
    -1.349102540378));
#987 = CARTESIAN_POINT('',(1.471113885844,0.924328115272,-1.279102540379
    ));
#988 = CARTESIAN_POINT('',(0.825949921726,1.848632955741,-1.209102540378
    ));
#989 = CARTESIAN_POINT('',(-0.4658837614,2.26378643,-1.139102540379));
#990 = CARTESIAN_POINT('',(-1.941056677683,1.681944175371,
    -1.069102540377));
#991 = CARTESIAN_POINT('',(-2.722472573142,-6.203926261605E-13,
    -0.99910254038));
#992 = CARTESIAN_POINT('',(-1.941056677685,-1.68194417537,
    -0.929102540377));
#993 = CARTESIAN_POINT('',(-0.465883761398,-2.263786430001,
    -0.85910254038));
#994 = CARTESIAN_POINT('',(0.825949921725,-1.84863295574,-0.789102540378
    ));
#995 = CARTESIAN_POINT('',(1.471113885844,-0.924328115272,
    -0.719102540379));
#996 = CARTESIAN_POINT('',(1.471113885844,2.530448465117E-14,
    -0.649102540378));
#997 = CARTESIAN_POINT('',(2.,-2.312618096444E-15,-1.04375));
#998 = CARTESIAN_POINT('',(2.,1.25656558669,-0.97375));
#999 = CARTESIAN_POINT('',(1.122940412946,2.513813885763,-0.90375));
#1000 = CARTESIAN_POINT('',(-0.633594071687,3.076350013569,-0.83375));
#1001 = CARTESIAN_POINT('',(-2.638422893109,2.2878704339,-0.76375));
#1002 = CARTESIAN_POINT('',(-3.70184102311,-2.375877272698E-12,-0.69375)
  );
#1003 = CARTESIAN_POINT('',(-2.638422893113,-2.287870433896,-0.62375));
#1004 = CARTESIAN_POINT('',(-0.633594071683,-3.076350013572,-0.55375));
#1005 = CARTESIAN_POINT('',(1.122940412944,-2.513813885761,-0.48375));
#1006 = CARTESIAN_POINT('',(2.,-1.256565586691,-0.41375));
#1007 = CARTESIAN_POINT('',(2.,4.120812446886E-14,-0.34375));
#1008 = ADVANCED_FACE('',(#1009),#1019,.T.);
#1009 = FACE_BOUND('',#1010,.T.);
#1010 = EDGE_LOOP('',(#1011,#1012,#1017,#1018));
#1011 = ORIENTED_EDGE('',*,*,#971,.F.);
#1012 = ORIENTED_EDGE('',*,*,#1013,.T.);
#1013 = EDGE_CURVE('',#965,#661,#1014,.T.);
#1014 = B_SPLINE_CURVE_WITH_KNOTS('',1,(#1015,#1016),.UNSPECIFIED.,.F.,
  .F.,(2,2),(0.,8.75E-02),.PIECEWISE_BEZIER_KNOTS.);
#1015 = CARTESIAN_POINT('',(2.,4.120812446886E-14,-1.04375));
#1016 = CARTESIAN_POINT('',(2.,4.120812446886E-14,-0.95625));
#1017 = ORIENTED_EDGE('',*,*,#660,.T.);
#1018 = ORIENTED_EDGE('',*,*,#463,.T.);
#1019 = B_SPLINE_SURFACE_WITH_KNOTS('',1,10,(
    (#1020,#1021,#1022,#1023,#1024,#1025,#1026,#1027,#1028,#1029,#1030)
    ,(#1031,#1032,#1033,#1034,#1035,#1036,#1037,#1038,#1039,#1040,#1041
    )),.UNSPECIFIED.,.F.,.F.,.F.,(2,2),(11,11),(0.,8.75E-02),(0.,
    6.322058019692),.PIECEWISE_BEZIER_KNOTS.);
#1020 = CARTESIAN_POINT('',(2.,-2.312618096444E-15,-1.04375));
#1021 = CARTESIAN_POINT('',(2.,1.25656558669,-0.97375));
#1022 = CARTESIAN_POINT('',(1.122940412946,2.513813885763,-0.90375));
#1023 = CARTESIAN_POINT('',(-0.633594071687,3.076350013569,-0.83375));
#1024 = CARTESIAN_POINT('',(-2.638422893109,2.2878704339,-0.76375));
#1025 = CARTESIAN_POINT('',(-3.70184102311,-2.375877272698E-12,-0.69375)
  );
#1026 = CARTESIAN_POINT('',(-2.638422893113,-2.287870433896,-0.62375));
#1027 = CARTESIAN_POINT('',(-0.633594071683,-3.076350013572,-0.55375));
#1028 = CARTESIAN_POINT('',(1.122940412944,-2.513813885761,-0.48375));
#1029 = CARTESIAN_POINT('',(2.,-1.256565586691,-0.41375));
#1030 = CARTESIAN_POINT('',(2.,4.120812446886E-14,-0.34375));
#1031 = CARTESIAN_POINT('',(2.,-2.312618096444E-15,-0.95625));
#1032 = CARTESIAN_POINT('',(2.,1.25656558669,-0.88625));
#1033 = CARTESIAN_POINT('',(1.122940412946,2.513813885763,-0.81625));
#1034 = CARTESIAN_POINT('',(-0.633594071687,3.076350013569,
    -0.746250000001));
#1035 = CARTESIAN_POINT('',(-2.638422893109,2.2878704339,-0.676249999999
    ));
#1036 = CARTESIAN_POINT('',(-3.70184102311,-2.375877272698E-12,
    -0.606250000002));
#1037 = CARTESIAN_POINT('',(-2.638422893113,-2.287870433896,
    -0.536249999998));
#1038 = CARTESIAN_POINT('',(-0.633594071683,-3.076350013572,
    -0.466250000001));
#1039 = CARTESIAN_POINT('',(1.122940412944,-2.513813885761,
    -0.396249999999));
#1040 = CARTESIAN_POINT('',(2.,-1.256565586691,-0.32625));
#1041 = CARTESIAN_POINT('',(2.,4.120812446886E-14,-0.25625));
#1042 = ADVANCED_FACE('',(#1043),#1171,.T.);
#1043 = FACE_BOUND('',#1044,.T.);
#1044 = EDGE_LOOP('',(#1045,#1142,#1143,#1150,#1166));
#1045 = ORIENTED_EDGE('',*,*,#1046,.F.);
#1046 = EDGE_CURVE('',#533,#1047,#1049,.T.);
#1047 = VERTEX_POINT('',#1048);
#1048 = CARTESIAN_POINT('',(1.621113885844,1.470896800567E-14,-3.3625));
#1049 = B_SPLINE_CURVE_WITH_KNOTS('',6,(#1050,#1051,#1052,#1053,#1054,
    #1055,#1056,#1057,#1058,#1059,#1060,#1061,#1062,#1063,#1064,#1065,
    #1066,#1067,#1068,#1069,#1070,#1071,#1072,#1073,#1074,#1075,#1076,
    #1077,#1078,#1079,#1080,#1081,#1082,#1083,#1084,#1085,#1086,#1087,
    #1088,#1089,#1090,#1091,#1092,#1093,#1094,#1095,#1096,#1097,#1098,
    #1099,#1100,#1101,#1102,#1103,#1104,#1105,#1106,#1107,#1108,#1109,
    #1110,#1111,#1112,#1113,#1114,#1115,#1116,#1117,#1118,#1119,#1120,
    #1121,#1122,#1123,#1124,#1125,#1126,#1127,#1128,#1129,#1130,#1131,
    #1132,#1133,#1134,#1135,#1136,#1137,#1138,#1139,#1140,#1141),
  .UNSPECIFIED.,.F.,.F.,(7,5,5,5,5,5,5,5,5,5,5,5,5,5,5,5,5,5,7),(0.,
    2.950225632282E-02,5.748121348383E-02,0.129482235752,0.159805921593,
    0.213808749601,0.264257505337,0.316093111827,0.373096707817,
    0.402888706284,0.501388958976,0.598915095699,0.711433340506,
    0.738047599697,0.755682769122,0.871082880193,0.950012938311,
    0.973012920498,1.),.UNSPECIFIED.);
#1050 = CARTESIAN_POINT('',(1.621113885844,-1.33226762955E-15,-4.0625));
#1051 = CARTESIAN_POINT('',(1.621113885844,5.008170441768E-02,
    -4.05905814643));
#1052 = CARTESIAN_POINT('',(1.619257241734,0.10016365413,-4.055616527395
    ));
#1053 = CARTESIAN_POINT('',(1.615543966575,0.150159375038,
    -4.052174980109));
#1054 = CARTESIAN_POINT('',(1.609979376348,0.19998293465,-4.048733376676
    ));
#1055 = CARTESIAN_POINT('',(1.602574089953,0.249548942079,
    -4.045291624089));
#1056 = CARTESIAN_POINT('',(1.584590547056,0.345454576274,
    -4.038585424166));
#1057 = CARTESIAN_POINT('',(1.574195822074,0.391828853342,
    -4.035320995054));
#1058 = CARTESIAN_POINT('',(1.562173446694,0.437823034562,
    -4.032056337059));
#1059 = CARTESIAN_POINT('',(1.54854114643,0.483365943477,-4.028791439145
    ));
#1060 = CARTESIAN_POINT('',(1.533320779876,0.528387571864,
    -4.025526319081));
#1061 = CARTESIAN_POINT('',(1.473350420267,0.687159080622,
    -4.013858114703));
#1062 = CARTESIAN_POINT('',(1.419815101806,0.797598386849,
    -4.005453535719));
#1063 = CARTESIAN_POINT('',(1.356377567093,0.902951812719,
    -3.997049015922));
#1064 = CARTESIAN_POINT('',(1.283658509092,1.002127640787,
    -3.988645572365));
#1065 = CARTESIAN_POINT('',(1.202425448649,1.094131072254,
    -3.980243466513));
#1066 = CARTESIAN_POINT('',(1.076191391552,1.213454648507,
    -3.968306312629));
#1067 = CARTESIAN_POINT('',(1.037434593483,1.247390616556,
    -3.964769119595));
#1068 = CARTESIAN_POINT('',(0.997398349652,1.279836843277,
    -3.961232289407));
#1069 = CARTESIAN_POINT('',(0.956154494514,1.310733570432,
    -3.957695810721));
#1070 = CARTESIAN_POINT('',(0.913778509681,1.340025730599,
    -3.954159652358));
#1071 = CARTESIAN_POINT('',(0.793007737004,1.416881497379,
    -3.944326771265));
#1072 = CARTESIAN_POINT('',(0.71232450284,1.460852391816,-3.938030517084
    ));
#1073 = CARTESIAN_POINT('',(0.628748240199,1.499290435165,
    -3.931734972326));
#1074 = CARTESIAN_POINT('',(0.542754733871,1.531963782831,
    -3.925439593998));
#1075 = CARTESIAN_POINT('',(0.454842813703,1.55869570266,-3.91914383319)
  );
#1076 = CARTESIAN_POINT('',(0.282095169388,1.59867658029,-3.9069658235)
  );
#1077 = CARTESIAN_POINT('',(0.197435226394,1.612697715439,
    -3.901083449404));
#1078 = CARTESIAN_POINT('',(0.111971840505,1.621332319509,
    -3.895200446449));
#1079 = CARTESIAN_POINT('',(2.61330080904E-02,1.624528098426,
    -3.889316570049));
#1080 = CARTESIAN_POINT('',(-5.965016641607E-02,1.622278096881,
    -3.88343168599));
#1081 = CARTESIAN_POINT('',(-0.232588106342,1.606753221946,
    -3.871498617047));
#1082 = CARTESIAN_POINT('',(-0.319718357856,1.593176728755,
    -3.865450208292));
#1083 = CARTESIAN_POINT('',(-0.405869847221,1.573933523886,
    -3.859401103497));
#1084 = CARTESIAN_POINT('',(-0.490583939703,1.549115684791,
    -3.853351390072));
#1085 = CARTESIAN_POINT('',(-0.573414631512,1.518864346531,
    -3.847301208825));
#1086 = CARTESIAN_POINT('',(-0.742477307151,1.44433431284,
    -3.834597586251));
#1087 = CARTESIAN_POINT('',(-0.828228489363,1.398956229168,
    -3.827943876363));
#1088 = CARTESIAN_POINT('',(-0.910613623583,1.347486880628,
    -3.821290517434));
#1089 = CARTESIAN_POINT('',(-0.989096970865,1.29024349948,
    -3.814637617715));
#1090 = CARTESIAN_POINT('',(-1.063184274433,1.227604782152,
    -3.807985186524));
#1091 = CARTESIAN_POINT('',(-1.168616908259,1.124678847882,
    -3.79785721867));
#1092 = CARTESIAN_POINT('',(-1.203483444447,1.087995326173,
    -3.794381044685));
#1093 = CARTESIAN_POINT('',(-1.23696385412,1.05001904863,-3.790905058132
    ));
#1094 = CARTESIAN_POINT('',(-1.268998726456,1.010815735304,
    -3.787429255908));
#1095 = CARTESIAN_POINT('',(-1.299532866822,0.970454688506,
    -3.783953626587));
#1096 = CARTESIAN_POINT('',(-1.424338901135,0.791977663317,
    -3.768987303955));
#1097 = CARTESIAN_POINT('',(-1.503220609304,0.643058286601,
    -3.757495800395));
#1098 = CARTESIAN_POINT('',(-1.563268547527,0.484930921789,
    -3.746007967477));
#1099 = CARTESIAN_POINT('',(-1.603253675207,0.320581290134,
    -3.734519418298));
#1100 = CARTESIAN_POINT('',(-1.622500821237,0.153165994196,
    -3.723026553793));
#1101 = CARTESIAN_POINT('',(-1.619619743046,-0.179583877409,
    -3.700156301243));
#1102 = CARTESIAN_POINT('',(-1.597898251386,-0.344988961068,
    -3.688774435652));
#1103 = CARTESIAN_POINT('',(-1.55590235504,-0.507069368696,
    -3.677393915255));
#1104 = CARTESIAN_POINT('',(-1.494332926297,-0.662771976258,
    -3.66601338918));
#1105 = CARTESIAN_POINT('',(-1.414421883162,-0.809215915852,
    -3.654631834148));
#1106 = CARTESIAN_POINT('',(-1.206827134888,-1.099119018859,
    -3.630128119786));
#1107 = CARTESIAN_POINT('',(-1.073623759778,-1.238748057512,
    -3.616999972615));
#1108 = CARTESIAN_POINT('',(-0.921265499146,-1.358683157123,
    -3.603880539831));
#1109 = CARTESIAN_POINT('',(-0.753460877817,-1.45583673434,
    -3.590763494454));
#1110 = CARTESIAN_POINT('',(-0.574450444834,-1.527907240955,
    -3.577639721595));
#1111 = CARTESIAN_POINT('',(-0.345165708917,-1.584585763481,
    -3.561413279818));
#1112 = CARTESIAN_POINT('',(-0.300943884939,-1.593960842264,
    -3.558309188618));
#1113 = CARTESIAN_POINT('',(-0.25642094988,-1.601853942993,
    -3.555204890541));
#1114 = CARTESIAN_POINT('',(-0.211658953178,-1.608253356559,
    -3.552100367559));
#1115 = CARTESIAN_POINT('',(-0.16672050289,-1.613150848937,
    -3.548995608984));
#1116 = CARTESIAN_POINT('',(-9.181653448703E-02,-1.618788484885,
    -3.543833174625));
#1117 = CARTESIAN_POINT('',(-6.191450513657E-02,-1.620373780993,
    -3.541775631316));
#1118 = CARTESIAN_POINT('',(-3.198103326966E-02,-1.62129616984,
    -3.53971798124));
#1119 = CARTESIAN_POINT('',(-2.03448175047E-03,-1.621554950248,
    -3.537660225346));
#1120 = CARTESIAN_POINT('',(2.790677932962E-02,-1.621150099524,
    -3.535602365831));
#1121 = CARTESIAN_POINT('',(0.25359757501,-1.613094688458,
    -3.520077635759));
#1122 = CARTESIAN_POINT('',(0.44843320331,-1.577714852697,
    -3.506601568006));
#1123 = CARTESIAN_POINT('',(0.637009784787,-1.514095834731,
    -3.493128018735));
#1124 = CARTESIAN_POINT('',(0.814351120609,-1.423766551253,
    -3.479656066995));
#1125 = CARTESIAN_POINT('',(0.975881199227,-1.309214763068,
    -3.466184209193));
#1126 = CARTESIAN_POINT('',(1.214814577698,-1.081752800196,
    -3.443514287581));
#1127 = CARTESIAN_POINT('',(1.302705569508,-0.979732743909,
    -3.434307975703));
#1128 = CARTESIAN_POINT('',(1.380226507755,-0.869230651463,
    -3.425104428529));
#1129 = CARTESIAN_POINT('',(1.446391200918,-0.751578016779,
    -3.415901342573));
#1130 = CARTESIAN_POINT('',(1.500426110548,-0.628239077102,
    -3.40669588585));
#1131 = CARTESIAN_POINT('',(1.553880001592,-0.463671832478,
    -3.394806886129));
#1132 = CARTESIAN_POINT('',(1.564868391492,-0.426189461871,
    -3.392124056496));
#1133 = CARTESIAN_POINT('',(1.574770966529,-0.388397301861,
    -3.389441082719));
#1134 = CARTESIAN_POINT('',(1.583577017286,-0.350334666231,
    -3.386757971683));
#1135 = CARTESIAN_POINT('',(1.591277737863,-0.312041342138,
    -3.384074742471));
#1136 = CARTESIAN_POINT('',(1.605596842709,-0.228402595326,
    -3.378242951546));
#1137 = CARTESIAN_POINT('',(1.61179621483,-0.18298526486,-3.375094348863
    ));
#1138 = CARTESIAN_POINT('',(1.61645318615,-0.137370721533,-3.3719456808)
  );
#1139 = CARTESIAN_POINT('',(1.619560317344,-9.16244186605E-02,
    -3.368797015896));
#1140 = CARTESIAN_POINT('',(1.621113885844,-4.581214004928E-02,
    -3.365648428745));
#1141 = CARTESIAN_POINT('',(1.621113885844,4.729550084903E-14,-3.3625));
#1142 = ORIENTED_EDGE('',*,*,#530,.F.);
#1143 = ORIENTED_EDGE('',*,*,#1144,.T.);
#1144 = EDGE_CURVE('',#531,#1145,#1147,.T.);
#1145 = VERTEX_POINT('',#1146);
#1146 = CARTESIAN_POINT('',(2.,1.944775318621E-14,-3.84375));
#1147 = B_SPLINE_CURVE_WITH_KNOTS('',1,(#1148,#1149),.UNSPECIFIED.,.F.,
  .F.,(2,2),(0.,0.610705080757),.PIECEWISE_BEZIER_KNOTS.);
#1148 = CARTESIAN_POINT('',(1.471113885844,2.530448465117E-14,
    -4.149102540378));
#1149 = CARTESIAN_POINT('',(2.,4.120812446886E-14,-3.84375));
#1150 = ORIENTED_EDGE('',*,*,#1151,.T.);
#1151 = EDGE_CURVE('',#1145,#1152,#1154,.T.);
#1152 = VERTEX_POINT('',#1153);
#1153 = CARTESIAN_POINT('',(2.,1.944775318621E-14,-3.14375));
#1154 = B_SPLINE_CURVE_WITH_KNOTS('',10,(#1155,#1156,#1157,#1158,#1159,
    #1160,#1161,#1162,#1163,#1164,#1165),.UNSPECIFIED.,.F.,.F.,(11,11),(
    0.,6.322058019692),.PIECEWISE_BEZIER_KNOTS.);
#1155 = CARTESIAN_POINT('',(2.,-2.312618096444E-15,-3.84375));
#1156 = CARTESIAN_POINT('',(2.,1.25656558669,-3.77375));
#1157 = CARTESIAN_POINT('',(1.122940412946,2.513813885763,-3.70375));
#1158 = CARTESIAN_POINT('',(-0.633594071687,3.076350013569,-3.63375));
#1159 = CARTESIAN_POINT('',(-2.638422893109,2.2878704339,-3.56375));
#1160 = CARTESIAN_POINT('',(-3.70184102311,-2.375877272698E-12,-3.49375)
  );
#1161 = CARTESIAN_POINT('',(-2.638422893113,-2.287870433896,-3.42375));
#1162 = CARTESIAN_POINT('',(-0.633594071683,-3.076350013572,-3.35375));
#1163 = CARTESIAN_POINT('',(1.122940412944,-2.513813885761,-3.28375));
#1164 = CARTESIAN_POINT('',(2.,-1.256565586691,-3.21375));
#1165 = CARTESIAN_POINT('',(2.,4.120812446886E-14,-3.14375));
#1166 = ORIENTED_EDGE('',*,*,#1167,.F.);
#1167 = EDGE_CURVE('',#1047,#1152,#1168,.T.);
#1168 = B_SPLINE_CURVE_WITH_KNOTS('',1,(#1169,#1170),.UNSPECIFIED.,.F.,
  .F.,(2,2),(0.,0.610705080757),.PIECEWISE_BEZIER_KNOTS.);
#1169 = CARTESIAN_POINT('',(1.471113885844,2.530448465117E-14,
    -3.449102540378));
#1170 = CARTESIAN_POINT('',(2.,4.120812446886E-14,-3.14375));
#1171 = B_SPLINE_SURFACE_WITH_KNOTS('',1,10,(
    (#1172,#1173,#1174,#1175,#1176,#1177,#1178,#1179,#1180,#1181,#1182)
    ,(#1183,#1184,#1185,#1186,#1187,#1188,#1189,#1190,#1191,#1192,#1193
    )),.UNSPECIFIED.,.F.,.F.,.F.,(2,2),(11,11),(0.,0.610705080757),(0.,
    6.322058019692),.PIECEWISE_BEZIER_KNOTS.);
#1172 = CARTESIAN_POINT('',(1.471113885844,4.354888995704E-16,
    -4.149102540378));
#1173 = CARTESIAN_POINT('',(1.471113885844,0.924328115272,
    -4.079102540379));
#1174 = CARTESIAN_POINT('',(0.825949921726,1.848632955741,
    -4.009102540378));
#1175 = CARTESIAN_POINT('',(-0.4658837614,2.26378643,-3.939102540379));
#1176 = CARTESIAN_POINT('',(-1.941056677683,1.681944175371,
    -3.869102540377));
#1177 = CARTESIAN_POINT('',(-2.722472573142,-6.203926261605E-13,
    -3.79910254038));
#1178 = CARTESIAN_POINT('',(-1.941056677685,-1.68194417537,
    -3.729102540377));
#1179 = CARTESIAN_POINT('',(-0.465883761398,-2.263786430001,
    -3.65910254038));
#1180 = CARTESIAN_POINT('',(0.825949921725,-1.84863295574,
    -3.589102540378));
#1181 = CARTESIAN_POINT('',(1.471113885844,-0.924328115272,
    -3.519102540379));
#1182 = CARTESIAN_POINT('',(1.471113885844,2.530448465117E-14,
    -3.449102540378));
#1183 = CARTESIAN_POINT('',(2.,-2.312618096444E-15,-3.84375));
#1184 = CARTESIAN_POINT('',(2.,1.25656558669,-3.77375));
#1185 = CARTESIAN_POINT('',(1.122940412946,2.513813885763,-3.70375));
#1186 = CARTESIAN_POINT('',(-0.633594071687,3.076350013569,-3.63375));
#1187 = CARTESIAN_POINT('',(-2.638422893109,2.2878704339,-3.56375));
#1188 = CARTESIAN_POINT('',(-3.70184102311,-2.375877272698E-12,-3.49375)
  );
#1189 = CARTESIAN_POINT('',(-2.638422893113,-2.287870433896,-3.42375));
#1190 = CARTESIAN_POINT('',(-0.633594071683,-3.076350013572,-3.35375));
#1191 = CARTESIAN_POINT('',(1.122940412944,-2.513813885761,-3.28375));
#1192 = CARTESIAN_POINT('',(2.,-1.256565586691,-3.21375));
#1193 = CARTESIAN_POINT('',(2.,4.120812446886E-14,-3.14375));
#1194 = ADVANCED_FACE('',(#1195),#1328,.T.);
#1195 = FACE_BOUND('',#1196,.T.);
#1196 = EDGE_LOOP('',(#1197,#1213,#1214,#1323));
#1197 = ORIENTED_EDGE('',*,*,#1198,.F.);
#1198 = EDGE_CURVE('',#605,#1199,#1201,.T.);
#1199 = VERTEX_POINT('',#1200);
#1200 = CARTESIAN_POINT('',(2.,1.944775318621E-14,-3.75625));
#1201 = B_SPLINE_CURVE_WITH_KNOTS('',10,(#1202,#1203,#1204,#1205,#1206,
    #1207,#1208,#1209,#1210,#1211,#1212),.UNSPECIFIED.,.F.,.F.,(11,11),(
    0.,6.322058019692),.PIECEWISE_BEZIER_KNOTS.);
#1202 = CARTESIAN_POINT('',(2.,-2.312618096444E-15,-4.45625));
#1203 = CARTESIAN_POINT('',(2.,1.25656558669,-4.38625));
#1204 = CARTESIAN_POINT('',(1.122940412946,2.513813885763,-4.31625));
#1205 = CARTESIAN_POINT('',(-0.633594071687,3.076350013569,
    -4.246250000001));
#1206 = CARTESIAN_POINT('',(-2.638422893109,2.2878704339,-4.176249999999
    ));
#1207 = CARTESIAN_POINT('',(-3.70184102311,-2.375877272698E-12,
    -4.106250000002));
#1208 = CARTESIAN_POINT('',(-2.638422893113,-2.287870433896,
    -4.036249999998));
#1209 = CARTESIAN_POINT('',(-0.633594071683,-3.076350013572,
    -3.966250000001));
#1210 = CARTESIAN_POINT('',(1.122940412944,-2.513813885761,
    -3.896249999999));
#1211 = CARTESIAN_POINT('',(2.,-1.256565586691,-3.82625));
#1212 = CARTESIAN_POINT('',(2.,4.120812446886E-14,-3.75625));
#1213 = ORIENTED_EDGE('',*,*,#623,.F.);
#1214 = ORIENTED_EDGE('',*,*,#1215,.T.);
#1215 = EDGE_CURVE('',#624,#1216,#1218,.T.);
#1216 = VERTEX_POINT('',#1217);
#1217 = CARTESIAN_POINT('',(1.621113885844,1.470896800567E-14,-3.5375));
#1218 = B_SPLINE_CURVE_WITH_KNOTS('',7,(#1219,#1220,#1221,#1222,#1223,
    #1224,#1225,#1226,#1227,#1228,#1229,#1230,#1231,#1232,#1233,#1234,
    #1235,#1236,#1237,#1238,#1239,#1240,#1241,#1242,#1243,#1244,#1245,
    #1246,#1247,#1248,#1249,#1250,#1251,#1252,#1253,#1254,#1255,#1256,
    #1257,#1258,#1259,#1260,#1261,#1262,#1263,#1264,#1265,#1266,#1267,
    #1268,#1269,#1270,#1271,#1272,#1273,#1274,#1275,#1276,#1277,#1278,
    #1279,#1280,#1281,#1282,#1283,#1284,#1285,#1286,#1287,#1288,#1289,
    #1290,#1291,#1292,#1293,#1294,#1295,#1296,#1297,#1298,#1299,#1300,
    #1301,#1302,#1303,#1304,#1305,#1306,#1307,#1308,#1309,#1310,#1311,
    #1312,#1313,#1314,#1315,#1316,#1317,#1318,#1319,#1320,#1321,#1322),
  .UNSPECIFIED.,.F.,.F.,(8,6,6,6,6,6,6,6,6,6,6,6,6,6,6,6,6,8),(0.,
    2.950231761126E-02,5.048131889138E-02,0.129481479234,0.143803967463,
    0.262796579429,0.301080484616,0.359083557643,0.402877252146,
    0.499808268142,0.59891523154,0.687463589499,0.732465157845,
    0.839837508233,0.8714566874,0.942103990087,0.972104038221,1.),
  .UNSPECIFIED.);
#1219 = CARTESIAN_POINT('',(1.621113885844,8.881784197001E-16,-4.2375));
#1220 = CARTESIAN_POINT('',(1.621113885844,4.292719391871E-02,
    -4.234549838512));
#1221 = CARTESIAN_POINT('',(1.619787710575,8.585453924686E-02,
    -4.23159953969));
#1222 = CARTESIAN_POINT('',(1.617135369541,0.128732634519,
    -4.228649166486));
#1223 = CARTESIAN_POINT('',(1.613159143418,0.171512308675,
    -4.225698776393));
#1224 = CARTESIAN_POINT('',(1.607863584053,0.214144621064,-4.22274842144
    ));
#1225 = CARTESIAN_POINT('',(1.601255514465,0.256580861442,
    -4.219798148195));
#1226 = CARTESIAN_POINT('',(1.587718197375,0.328774921287,
    -4.214750155469));
#1227 = CARTESIAN_POINT('',(1.581433271366,0.358653693854,-4.21265237239
    ));
#1228 = CARTESIAN_POINT('',(1.574492517636,0.388391465155,
    -4.210554660363));
#1229 = CARTESIAN_POINT('',(1.566899766278,0.417970978466,
    -4.208457027595));
#1230 = CARTESIAN_POINT('',(1.558659410659,0.447375122852,
    -4.206359478668));
#1231 = CARTESIAN_POINT('',(1.549776407424,0.476586933171,
    -4.204262014531));
#1232 = CARTESIAN_POINT('',(1.504406530373,0.614804252639,
    -4.194266567497));
#1233 = CARTESIAN_POINT('',(1.459519478063,0.721061009532,
    -4.186369106743));
#1234 = CARTESIAN_POINT('',(1.405891771634,0.823448760332,
    -4.178473105439));
#1235 = CARTESIAN_POINT('',(1.343932033884,0.921111605741,
    -4.170577554742));
#1236 = CARTESIAN_POINT('',(1.274147047832,1.013250313407,
    -4.162680984971));
#1237 = CARTESIAN_POINT('',(1.197137110965,1.099129908689,
    -4.154782611308));
#1238 = CARTESIAN_POINT('',(1.098455631194,1.192409228874,
    -4.145451086824));
#1239 = CARTESIAN_POINT('',(1.083095992978,1.206497929157,
    -4.144018900085));
#1240 = CARTESIAN_POINT('',(1.067525727683,1.220355625837,
    -4.142586660333));
#1241 = CARTESIAN_POINT('',(1.051749008889,1.233978547247,
    -4.141154366772));
#1242 = CARTESIAN_POINT('',(1.035770095689,1.247363015435,
    -4.139722019285));
#1243 = CARTESIAN_POINT('',(1.01959333268,1.260505446166,-4.138289618431
    ));
#1244 = CARTESIAN_POINT('',(0.867218095014,1.380551059431,
    -4.124956208037));
#1245 = CARTESIAN_POINT('',(0.717813056194,1.470791065775,
    -4.113047355842));
#1246 = CARTESIAN_POINT('',(0.557614070193,1.542034876485,
    -4.101138647654));
#1247 = CARTESIAN_POINT('',(0.389545727275,1.592814503256,
    -4.089230463316));
#1248 = CARTESIAN_POINT('',(0.216700857293,1.622196326067,
    -4.077323492253));
#1249 = CARTESIAN_POINT('',(4.23262591269E-02,1.629784033997,
    -4.065416701441));
#1250 = CARTESIAN_POINT('',(-0.18577809814,1.611396831898,
    -4.049689273622));
#1251 = CARTESIAN_POINT('',(-0.241123718229,1.604695073331,
    -4.045861287644));
#1252 = CARTESIAN_POINT('',(-0.296182576064,1.595776047326,
    -4.042033643336));
#1253 = CARTESIAN_POINT('',(-0.350848238668,1.584654803175,
    -4.038206320883));
#1254 = CARTESIAN_POINT('',(-0.405015559592,1.571352720785,
    -4.03437928902));
#1255 = CARTESIAN_POINT('',(-0.458580678919,1.55589751067,
    -4.030552505036));
#1256 = CARTESIAN_POINT('',(-0.591528527356,1.511696797173,
    -4.020928334994));
#1257 = CARTESIAN_POINT('',(-0.670000527982,1.480205272514,
    -4.015131077973));
#1258 = CARTESIAN_POINT('',(-0.746499742759,1.443967505327,
    -4.00933416353));
#1259 = CARTESIAN_POINT('',(-0.820682768083,1.40313359372,
    -4.003537355061));
#1260 = CARTESIAN_POINT('',(-0.892221766904,1.357883952369,
    -3.997740343438));
#1261 = CARTESIAN_POINT('',(-0.960806156499,1.308428396312,
    -3.991942930921));
#1262 = CARTESIAN_POINT('',(-1.075476139928,1.214669464377,
    -3.981767802205));
#1263 = CARTESIAN_POINT('',(-1.12295851615,1.172071091523,
    -3.977390121498));
#1264 = CARTESIAN_POINT('',(-1.168466358333,1.127312396802,
    -3.973012175533));
#1265 = CARTESIAN_POINT('',(-1.211882250628,1.080503706369,
    -3.968633929145));
#1266 = CARTESIAN_POINT('',(-1.253096740854,1.031763043152,
    -3.964255347331));
#1267 = CARTESIAN_POINT('',(-1.292008653444,0.981215788072,
    -3.959876433182));
#1268 = CARTESIAN_POINT('',(-1.409349950651,0.813409713091,
    -3.945804611472));
#1269 = CARTESIAN_POINT('',(-1.478454877098,0.689603138974,
    -3.936109057654));
#1270 = CARTESIAN_POINT('',(-1.534811179648,0.559033202698,
    -3.926413526876));
#1271 = CARTESIAN_POINT('',(-1.577655123925,0.423281594777,
    -3.916718338106));
#1272 = CARTESIAN_POINT('',(-1.606460125757,0.284017756627,
    -3.907022834844));
#1273 = CARTESIAN_POINT('',(-1.620944164622,0.142974914339,
    -3.897327119871));
#1274 = CARTESIAN_POINT('',(-1.621285075408,-0.142265976177,
    -3.877723076007));
#1275 = CARTESIAN_POINT('',(-1.606492059718,-0.286512682271,
    -3.867811570837));
#1276 = CARTESIAN_POINT('',(-1.576722662119,-0.428893229084,
    -3.857902439121));
#1277 = CARTESIAN_POINT('',(-1.532281239996,-0.567554846474,
    -3.847994838385));
#1278 = CARTESIAN_POINT('',(-1.473738716937,-0.700715114559,
    -3.838086409725));
#1279 = CARTESIAN_POINT('',(-1.40192416195,-0.826688840294,
    -3.828175867659));
#1280 = CARTESIAN_POINT('',(-1.242935028876,-1.048676942348,
    -3.809411517995));
#1281 = CARTESIAN_POINT('',(-1.158191894691,-1.146481395852,
    -3.800555285016));
#1282 = CARTESIAN_POINT('',(-1.064512877125,-1.23623671147,
    -3.791698505308));
#1283 = CARTESIAN_POINT('',(-0.962826119339,-1.316979346757,
    -3.782840860689));
#1284 = CARTESIAN_POINT('',(-0.85417632443,-1.387879880771,
    -3.77398178729));
#1285 = CARTESIAN_POINT('',(-0.739712234636,-1.448252887343,
    -3.76512170294));
#1286 = CARTESIAN_POINT('',(-0.560197620092,-1.52265440572,
    -3.751760849207));
#1287 = CARTESIAN_POINT('',(-0.498525804823,-1.544874671437,
    -3.747258784613));
#1288 = CARTESIAN_POINT('',(-0.43583417666,-1.564177460186,
    -3.742756934295));
#1289 = CARTESIAN_POINT('',(-0.372288529714,-1.580507445412,
    -3.738255379769));
#1290 = CARTESIAN_POINT('',(-0.308057973635,-1.593821182205,
    -3.733754171816));
#1291 = CARTESIAN_POINT('',(-0.243314426309,-1.604087234456,
    -3.72925336528));
#1292 = CARTESIAN_POINT('',(-2.294770431793E-02,-1.628463054586,
    -3.714015450034));
#1293 = CARTESIAN_POINT('',(0.134305376379,-1.628184323544,
    -3.703277953674));
#1294 = CARTESIAN_POINT('',(0.291104624344,-1.610168223809,
    -3.692545482916));
#1295 = CARTESIAN_POINT('',(0.445065450845,-1.574579667513,
    -3.68181699662));
#1296 = CARTESIAN_POINT('',(0.59386673031,-1.521954683694,-3.67108844298
    ));
#1297 = CARTESIAN_POINT('',(0.735292189852,-1.453191251492,
    -3.660356820309));
#1298 = CARTESIAN_POINT('',(0.90615787828,-1.344992520631,
    -3.646465129704));
#1299 = CARTESIAN_POINT('',(0.944213220564,-1.319091301082,
    -3.643304701886));
#1300 = CARTESIAN_POINT('',(0.981402322071,-1.291935522844,
    -3.640144033232));
#1301 = CARTESIAN_POINT('',(1.017675684081,-1.263560091835,
    -3.636983100333));
#1302 = CARTESIAN_POINT('',(1.05298566154,-1.234002285289,-3.6338218897)
  );
#1303 = CARTESIAN_POINT('',(1.08728646306,-1.203301751756,
    -3.630660397757));
#1304 = CARTESIAN_POINT('',(1.194820059964,-1.100446425138,
    -3.620434237982));
#1305 = CARTESIAN_POINT('',(1.263852050072,-1.023893644621,
    -3.613368176873));
#1306 = CARTESIAN_POINT('',(1.327136931693,-0.942314582487,
    -3.606300986045));
#1307 = CARTESIAN_POINT('',(1.38423980246,-0.856229572708,-3.59923302135
    ));
#1308 = CARTESIAN_POINT('',(1.434786864454,-0.766202453105,
    -3.592164648573));
#1309 = CARTESIAN_POINT('',(1.478468241474,-0.672836148175,
    -3.585096436027));
#1310 = CARTESIAN_POINT('',(1.530571161423,-0.535973467075,
    -3.575028340766));
#1311 = CARTESIAN_POINT('',(1.544820016981,-0.494690716379,
    -3.572027475965));
#1312 = CARTESIAN_POINT('',(1.557768920614,-0.452968467899,
    -3.569026786776));
#1313 = CARTESIAN_POINT('',(1.569401773844,-0.410855842733,
    -3.566026290723));
#1314 = CARTESIAN_POINT('',(1.579704822079,-0.368402615002,
    -3.563025988824));
#1315 = CARTESIAN_POINT('',(1.588666654613,-0.325659211848,
    -3.560025865591));
#1316 = CARTESIAN_POINT('',(1.603355910208,-0.242708839798,
    -3.554236319129));
#1317 = CARTESIAN_POINT('',(1.609266130577,-0.202534072577,
    -3.551446872981));
#1318 = CARTESIAN_POINT('',(1.614001588206,-0.162193471879,
    -3.54865751972));
#1319 = CARTESIAN_POINT('',(1.617556824001,-0.121728271056,
    -3.545868216527));
#1320 = CARTESIAN_POINT('',(1.619928197293,-8.117987670311E-02,
    -3.54307890864));
#1321 = CARTESIAN_POINT('',(1.621113885844,-4.058986865719E-02,
    -3.540289529349));
#1322 = CARTESIAN_POINT('',(1.621113885844,6.106226635438E-14,-3.5375));
#1323 = ORIENTED_EDGE('',*,*,#1324,.F.);
#1324 = EDGE_CURVE('',#1199,#1216,#1325,.T.);
#1325 = B_SPLINE_CURVE_WITH_KNOTS('',1,(#1326,#1327),.UNSPECIFIED.,.F.,
  .F.,(2,2),(0.,0.610705080757),.PIECEWISE_BEZIER_KNOTS.);
#1326 = CARTESIAN_POINT('',(2.,4.120812446886E-14,-3.75625));
#1327 = CARTESIAN_POINT('',(1.471113885844,2.530448465117E-14,
    -3.450897459622));
#1328 = B_SPLINE_SURFACE_WITH_KNOTS('',1,10,(
    (#1329,#1330,#1331,#1332,#1333,#1334,#1335,#1336,#1337,#1338,#1339)
    ,(#1340,#1341,#1342,#1343,#1344,#1345,#1346,#1347,#1348,#1349,#1350
    )),.UNSPECIFIED.,.F.,.F.,.F.,(2,2),(11,11),(0.,0.610705080757),(0.,
    6.322058019692),.PIECEWISE_BEZIER_KNOTS.);
#1329 = CARTESIAN_POINT('',(2.,-2.312618096444E-15,-4.45625));
#1330 = CARTESIAN_POINT('',(2.,1.25656558669,-4.38625));
#1331 = CARTESIAN_POINT('',(1.122940412946,2.513813885763,-4.31625));
#1332 = CARTESIAN_POINT('',(-0.633594071687,3.076350013569,
    -4.246250000001));
#1333 = CARTESIAN_POINT('',(-2.638422893109,2.2878704339,-4.176249999999
    ));
#1334 = CARTESIAN_POINT('',(-3.70184102311,-2.375877272698E-12,
    -4.106250000002));
#1335 = CARTESIAN_POINT('',(-2.638422893113,-2.287870433896,
    -4.036249999998));
#1336 = CARTESIAN_POINT('',(-0.633594071683,-3.076350013572,
    -3.966250000001));
#1337 = CARTESIAN_POINT('',(1.122940412944,-2.513813885761,
    -3.896249999999));
#1338 = CARTESIAN_POINT('',(2.,-1.256565586691,-3.82625));
#1339 = CARTESIAN_POINT('',(2.,4.120812446886E-14,-3.75625));
#1340 = CARTESIAN_POINT('',(1.471113885844,4.354888995704E-16,
    -4.150897459622));
#1341 = CARTESIAN_POINT('',(1.471113885844,0.924328115272,
    -4.080897459622));
#1342 = CARTESIAN_POINT('',(0.825949921726,1.848632955741,
    -4.010897459621));
#1343 = CARTESIAN_POINT('',(-0.4658837614,2.26378643,-3.940897459622));
#1344 = CARTESIAN_POINT('',(-1.941056677683,1.681944175371,
    -3.87089745962));
#1345 = CARTESIAN_POINT('',(-2.722472573142,-6.203926261605E-13,
    -3.800897459623));
#1346 = CARTESIAN_POINT('',(-1.941056677685,-1.68194417537,
    -3.73089745962));
#1347 = CARTESIAN_POINT('',(-0.465883761398,-2.263786430001,
    -3.660897459623));
#1348 = CARTESIAN_POINT('',(0.825949921725,-1.84863295574,
    -3.590897459621));
#1349 = CARTESIAN_POINT('',(1.471113885844,-0.924328115272,
    -3.520897459622));
#1350 = CARTESIAN_POINT('',(1.471113885844,2.530448465117E-14,
    -3.450897459622));
#1351 = ADVANCED_FACE('',(#1352),#1375,.T.);
#1352 = FACE_BOUND('',#1353,.T.);
#1353 = EDGE_LOOP('',(#1354,#1368,#1369,#1370));
#1354 = ORIENTED_EDGE('',*,*,#1355,.F.);
#1355 = EDGE_CURVE('',#578,#1145,#1356,.T.);
#1356 = B_SPLINE_CURVE_WITH_KNOTS('',10,(#1357,#1358,#1359,#1360,#1361,
    #1362,#1363,#1364,#1365,#1366,#1367),.UNSPECIFIED.,.F.,.F.,(11,11),(
    0.,6.322058019692),.PIECEWISE_BEZIER_KNOTS.);
#1357 = CARTESIAN_POINT('',(2.,-2.312618096444E-15,-4.54375));
#1358 = CARTESIAN_POINT('',(2.,1.25656558669,-4.47375));
#1359 = CARTESIAN_POINT('',(1.122940412946,2.513813885763,-4.40375));
#1360 = CARTESIAN_POINT('',(-0.633594071687,3.076350013569,-4.33375));
#1361 = CARTESIAN_POINT('',(-2.638422893109,2.2878704339,-4.26375));
#1362 = CARTESIAN_POINT('',(-3.70184102311,-2.375877272698E-12,-4.19375)
  );
#1363 = CARTESIAN_POINT('',(-2.638422893113,-2.287870433896,-4.12375));
#1364 = CARTESIAN_POINT('',(-0.633594071683,-3.076350013572,-4.05375));
#1365 = CARTESIAN_POINT('',(1.122940412944,-2.513813885761,-3.98375));
#1366 = CARTESIAN_POINT('',(2.,-1.256565586691,-3.91375));
#1367 = CARTESIAN_POINT('',(2.,4.120812446886E-14,-3.84375));
#1368 = ORIENTED_EDGE('',*,*,#604,.F.);
#1369 = ORIENTED_EDGE('',*,*,#1198,.T.);
#1370 = ORIENTED_EDGE('',*,*,#1371,.F.);
#1371 = EDGE_CURVE('',#1145,#1199,#1372,.T.);
#1372 = B_SPLINE_CURVE_WITH_KNOTS('',1,(#1373,#1374),.UNSPECIFIED.,.F.,
  .F.,(2,2),(0.,8.75E-02),.PIECEWISE_BEZIER_KNOTS.);
#1373 = CARTESIAN_POINT('',(2.,4.120812446886E-14,-3.84375));
#1374 = CARTESIAN_POINT('',(2.,4.120812446886E-14,-3.75625));
#1375 = B_SPLINE_SURFACE_WITH_KNOTS('',1,10,(
    (#1376,#1377,#1378,#1379,#1380,#1381,#1382,#1383,#1384,#1385,#1386)
    ,(#1387,#1388,#1389,#1390,#1391,#1392,#1393,#1394,#1395,#1396,#1397
    )),.UNSPECIFIED.,.F.,.F.,.F.,(2,2),(11,11),(0.,8.75E-02),(0.,
    6.322058019692),.PIECEWISE_BEZIER_KNOTS.);
#1376 = CARTESIAN_POINT('',(2.,-2.312618096444E-15,-4.54375));
#1377 = CARTESIAN_POINT('',(2.,1.25656558669,-4.47375));
#1378 = CARTESIAN_POINT('',(1.122940412946,2.513813885763,-4.40375));
#1379 = CARTESIAN_POINT('',(-0.633594071687,3.076350013569,-4.33375));
#1380 = CARTESIAN_POINT('',(-2.638422893109,2.2878704339,-4.26375));
#1381 = CARTESIAN_POINT('',(-3.70184102311,-2.375877272698E-12,-4.19375)
  );
#1382 = CARTESIAN_POINT('',(-2.638422893113,-2.287870433896,-4.12375));
#1383 = CARTESIAN_POINT('',(-0.633594071683,-3.076350013572,-4.05375));
#1384 = CARTESIAN_POINT('',(1.122940412944,-2.513813885761,-3.98375));
#1385 = CARTESIAN_POINT('',(2.,-1.256565586691,-3.91375));
#1386 = CARTESIAN_POINT('',(2.,4.120812446886E-14,-3.84375));
#1387 = CARTESIAN_POINT('',(2.,-2.312618096444E-15,-4.45625));
#1388 = CARTESIAN_POINT('',(2.,1.25656558669,-4.38625));
#1389 = CARTESIAN_POINT('',(1.122940412946,2.513813885763,-4.31625));
#1390 = CARTESIAN_POINT('',(-0.633594071687,3.076350013569,
    -4.246250000001));
#1391 = CARTESIAN_POINT('',(-2.638422893109,2.2878704339,-4.176249999999
    ));
#1392 = CARTESIAN_POINT('',(-3.70184102311,-2.375877272698E-12,
    -4.106250000002));
#1393 = CARTESIAN_POINT('',(-2.638422893113,-2.287870433896,
    -4.036249999998));
#1394 = CARTESIAN_POINT('',(-0.633594071683,-3.076350013572,
    -3.966250000001));
#1395 = CARTESIAN_POINT('',(1.122940412944,-2.513813885761,
    -3.896249999999));
#1396 = CARTESIAN_POINT('',(2.,-1.256565586691,-3.82625));
#1397 = CARTESIAN_POINT('',(2.,4.120812446886E-14,-3.75625));
#1398 = ADVANCED_FACE('',(#1399),#1404,.T.);
#1399 = FACE_BOUND('',#1400,.T.);
#1400 = EDGE_LOOP('',(#1401,#1402,#1403));
#1401 = ORIENTED_EDGE('',*,*,#1144,.F.);
#1402 = ORIENTED_EDGE('',*,*,#577,.F.);
#1403 = ORIENTED_EDGE('',*,*,#1355,.T.);
#1404 = B_SPLINE_SURFACE_WITH_KNOTS('',1,10,(
    (#1405,#1406,#1407,#1408,#1409,#1410,#1411,#1412,#1413,#1414,#1415)
    ,(#1416,#1417,#1418,#1419,#1420,#1421,#1422,#1423,#1424,#1425,#1426
    )),.UNSPECIFIED.,.F.,.F.,.F.,(2,2),(11,11),(0.,0.610705080757),(0.,
    6.322058019692),.PIECEWISE_BEZIER_KNOTS.);
#1405 = CARTESIAN_POINT('',(1.471113885844,4.354888995704E-16,
    -4.849102540378));
#1406 = CARTESIAN_POINT('',(1.471113885844,0.924328115272,
    -4.779102540379));
#1407 = CARTESIAN_POINT('',(0.825949921726,1.848632955741,
    -4.709102540378));
#1408 = CARTESIAN_POINT('',(-0.4658837614,2.26378643,-4.639102540379));
#1409 = CARTESIAN_POINT('',(-1.941056677683,1.681944175371,
    -4.569102540377));
#1410 = CARTESIAN_POINT('',(-2.722472573142,-6.203926261605E-13,
    -4.49910254038));
#1411 = CARTESIAN_POINT('',(-1.941056677685,-1.68194417537,
    -4.429102540377));
#1412 = CARTESIAN_POINT('',(-0.465883761398,-2.263786430001,
    -4.35910254038));
#1413 = CARTESIAN_POINT('',(0.825949921725,-1.84863295574,
    -4.289102540378));
#1414 = CARTESIAN_POINT('',(1.471113885844,-0.924328115272,
    -4.219102540379));
#1415 = CARTESIAN_POINT('',(1.471113885844,2.530448465117E-14,
    -4.149102540378));
#1416 = CARTESIAN_POINT('',(2.,-2.312618096444E-15,-4.54375));
#1417 = CARTESIAN_POINT('',(2.,1.25656558669,-4.47375));
#1418 = CARTESIAN_POINT('',(1.122940412946,2.513813885763,-4.40375));
#1419 = CARTESIAN_POINT('',(-0.633594071687,3.076350013569,-4.33375));
#1420 = CARTESIAN_POINT('',(-2.638422893109,2.2878704339,-4.26375));
#1421 = CARTESIAN_POINT('',(-3.70184102311,-2.375877272698E-12,-4.19375)
  );
#1422 = CARTESIAN_POINT('',(-2.638422893113,-2.287870433896,-4.12375));
#1423 = CARTESIAN_POINT('',(-0.633594071683,-3.076350013572,-4.05375));
#1424 = CARTESIAN_POINT('',(1.122940412944,-2.513813885761,-3.98375));
#1425 = CARTESIAN_POINT('',(2.,-1.256565586691,-3.91375));
#1426 = CARTESIAN_POINT('',(2.,4.120812446886E-14,-3.84375));
#1427 = ADVANCED_FACE('',(#1428),#1453,.T.);
#1428 = FACE_BOUND('',#1429,.T.);
#1429 = EDGE_LOOP('',(#1430,#1446,#1451,#1452));
#1430 = ORIENTED_EDGE('',*,*,#1431,.F.);
#1431 = EDGE_CURVE('',#1432,#965,#1434,.T.);
#1432 = VERTEX_POINT('',#1433);
#1433 = CARTESIAN_POINT('',(2.,1.944775318621E-14,-1.74375));
#1434 = B_SPLINE_CURVE_WITH_KNOTS('',10,(#1435,#1436,#1437,#1438,#1439,
    #1440,#1441,#1442,#1443,#1444,#1445),.UNSPECIFIED.,.F.,.F.,(11,11),(
    0.,6.322058019692),.PIECEWISE_BEZIER_KNOTS.);
#1435 = CARTESIAN_POINT('',(2.,-2.312618096444E-15,-1.74375));
#1436 = CARTESIAN_POINT('',(2.,1.25656558669,-1.67375));
#1437 = CARTESIAN_POINT('',(1.122940412946,2.513813885763,-1.60375));
#1438 = CARTESIAN_POINT('',(-0.633594071687,3.076350013569,-1.53375));
#1439 = CARTESIAN_POINT('',(-2.638422893109,2.2878704339,-1.46375));
#1440 = CARTESIAN_POINT('',(-3.70184102311,-2.375877272698E-12,-1.39375)
  );
#1441 = CARTESIAN_POINT('',(-2.638422893113,-2.287870433896,-1.32375));
#1442 = CARTESIAN_POINT('',(-0.633594071683,-3.076350013572,-1.25375));
#1443 = CARTESIAN_POINT('',(1.122940412944,-2.513813885761,-1.18375));
#1444 = CARTESIAN_POINT('',(2.,-1.256565586691,-1.11375));
#1445 = CARTESIAN_POINT('',(2.,4.120812446886E-14,-1.04375));
#1446 = ORIENTED_EDGE('',*,*,#1447,.T.);
#1447 = EDGE_CURVE('',#1432,#710,#1448,.T.);
#1448 = B_SPLINE_CURVE_WITH_KNOTS('',1,(#1449,#1450),.UNSPECIFIED.,.F.,
  .F.,(2,2),(0.,8.75E-02),.PIECEWISE_BEZIER_KNOTS.);
#1449 = CARTESIAN_POINT('',(2.,4.120812446886E-14,-1.74375));
#1450 = CARTESIAN_POINT('',(2.,4.120812446886E-14,-1.65625));
#1451 = ORIENTED_EDGE('',*,*,#709,.T.);
#1452 = ORIENTED_EDGE('',*,*,#1013,.F.);
#1453 = B_SPLINE_SURFACE_WITH_KNOTS('',1,10,(
    (#1454,#1455,#1456,#1457,#1458,#1459,#1460,#1461,#1462,#1463,#1464)
    ,(#1465,#1466,#1467,#1468,#1469,#1470,#1471,#1472,#1473,#1474,#1475
    )),.UNSPECIFIED.,.F.,.F.,.F.,(2,2),(11,11),(0.,8.75E-02),(0.,
    6.322058019692),.PIECEWISE_BEZIER_KNOTS.);
#1454 = CARTESIAN_POINT('',(2.,-2.312618096444E-15,-1.74375));
#1455 = CARTESIAN_POINT('',(2.,1.25656558669,-1.67375));
#1456 = CARTESIAN_POINT('',(1.122940412946,2.513813885763,-1.60375));
#1457 = CARTESIAN_POINT('',(-0.633594071687,3.076350013569,-1.53375));
#1458 = CARTESIAN_POINT('',(-2.638422893109,2.2878704339,-1.46375));
#1459 = CARTESIAN_POINT('',(-3.70184102311,-2.375877272698E-12,-1.39375)
  );
#1460 = CARTESIAN_POINT('',(-2.638422893113,-2.287870433896,-1.32375));
#1461 = CARTESIAN_POINT('',(-0.633594071683,-3.076350013572,-1.25375));
#1462 = CARTESIAN_POINT('',(1.122940412944,-2.513813885761,-1.18375));
#1463 = CARTESIAN_POINT('',(2.,-1.256565586691,-1.11375));
#1464 = CARTESIAN_POINT('',(2.,4.120812446886E-14,-1.04375));
#1465 = CARTESIAN_POINT('',(2.,-2.312618096444E-15,-1.65625));
#1466 = CARTESIAN_POINT('',(2.,1.25656558669,-1.58625));
#1467 = CARTESIAN_POINT('',(1.122940412946,2.513813885763,-1.51625));
#1468 = CARTESIAN_POINT('',(-0.633594071687,3.076350013569,
    -1.446250000001));
#1469 = CARTESIAN_POINT('',(-2.638422893109,2.2878704339,-1.376249999999
    ));
#1470 = CARTESIAN_POINT('',(-3.70184102311,-2.375877272698E-12,
    -1.306250000002));
#1471 = CARTESIAN_POINT('',(-2.638422893113,-2.287870433896,
    -1.236249999998));
#1472 = CARTESIAN_POINT('',(-0.633594071683,-3.076350013572,
    -1.166250000001));
#1473 = CARTESIAN_POINT('',(1.122940412944,-2.513813885761,
    -1.096249999999));
#1474 = CARTESIAN_POINT('',(2.,-1.256565586691,-1.02625));
#1475 = CARTESIAN_POINT('',(2.,4.120812446886E-14,-0.95625));
#1476 = ADVANCED_FACE('',(#1477),#1610,.T.);
#1477 = FACE_BOUND('',#1478,.T.);
#1478 = EDGE_LOOP('',(#1479,#1495,#1502,#1609));
#1479 = ORIENTED_EDGE('',*,*,#1480,.F.);
#1480 = EDGE_CURVE('',#1481,#710,#1483,.T.);
#1481 = VERTEX_POINT('',#1482);
#1482 = CARTESIAN_POINT('',(2.,1.944775318621E-14,-2.35625));
#1483 = B_SPLINE_CURVE_WITH_KNOTS('',10,(#1484,#1485,#1486,#1487,#1488,
    #1489,#1490,#1491,#1492,#1493,#1494),.UNSPECIFIED.,.F.,.F.,(11,11),(
    0.,6.322058019692),.PIECEWISE_BEZIER_KNOTS.);
#1484 = CARTESIAN_POINT('',(2.,-2.312618096444E-15,-2.35625));
#1485 = CARTESIAN_POINT('',(2.,1.25656558669,-2.28625));
#1486 = CARTESIAN_POINT('',(1.122940412946,2.513813885763,-2.21625));
#1487 = CARTESIAN_POINT('',(-0.633594071687,3.076350013569,
    -2.146250000001));
#1488 = CARTESIAN_POINT('',(-2.638422893109,2.2878704339,-2.076249999999
    ));
#1489 = CARTESIAN_POINT('',(-3.70184102311,-2.375877272698E-12,
    -2.006250000002));
#1490 = CARTESIAN_POINT('',(-2.638422893113,-2.287870433896,
    -1.936249999998));
#1491 = CARTESIAN_POINT('',(-0.633594071683,-3.076350013572,
    -1.866250000001));
#1492 = CARTESIAN_POINT('',(1.122940412944,-2.513813885761,
    -1.796249999999));
#1493 = CARTESIAN_POINT('',(2.,-1.256565586691,-1.72625));
#1494 = CARTESIAN_POINT('',(2.,4.120812446886E-14,-1.65625));
#1495 = ORIENTED_EDGE('',*,*,#1496,.T.);
#1496 = EDGE_CURVE('',#1481,#1497,#1499,.T.);
#1497 = VERTEX_POINT('',#1498);
#1498 = CARTESIAN_POINT('',(1.621113885844,1.470896800567E-14,-2.1375));
#1499 = B_SPLINE_CURVE_WITH_KNOTS('',1,(#1500,#1501),.UNSPECIFIED.,.F.,
  .F.,(2,2),(0.,0.610705080757),.PIECEWISE_BEZIER_KNOTS.);
#1500 = CARTESIAN_POINT('',(2.,4.120812446886E-14,-2.35625));
#1501 = CARTESIAN_POINT('',(1.471113885844,2.530448465117E-14,
    -2.050897459622));
#1502 = ORIENTED_EDGE('',*,*,#1503,.T.);
#1503 = EDGE_CURVE('',#1497,#726,#1504,.T.);
#1504 = B_SPLINE_CURVE_WITH_KNOTS('',7,(#1505,#1506,#1507,#1508,#1509,
    #1510,#1511,#1512,#1513,#1514,#1515,#1516,#1517,#1518,#1519,#1520,
    #1521,#1522,#1523,#1524,#1525,#1526,#1527,#1528,#1529,#1530,#1531,
    #1532,#1533,#1534,#1535,#1536,#1537,#1538,#1539,#1540,#1541,#1542,
    #1543,#1544,#1545,#1546,#1547,#1548,#1549,#1550,#1551,#1552,#1553,
    #1554,#1555,#1556,#1557,#1558,#1559,#1560,#1561,#1562,#1563,#1564,
    #1565,#1566,#1567,#1568,#1569,#1570,#1571,#1572,#1573,#1574,#1575,
    #1576,#1577,#1578,#1579,#1580,#1581,#1582,#1583,#1584,#1585,#1586,
    #1587,#1588,#1589,#1590,#1591,#1592,#1593,#1594,#1595,#1596,#1597,
    #1598,#1599,#1600,#1601,#1602,#1603,#1604,#1605,#1606,#1607,#1608),
  .UNSPECIFIED.,.F.,.F.,(8,6,6,6,6,6,6,6,6,6,6,6,6,6,6,6,6,8),(0.,
    2.950231761157E-02,5.048131889191E-02,0.129481479235,0.143803967465,
    0.262796579432,0.301080484619,0.359083557647,0.402877252219,
    0.499808268275,0.598915232421,0.687463591927,0.732465160273,
    0.839837518772,0.871456708909,0.942104039309,0.972104087444,1.),
  .UNSPECIFIED.);
#1505 = CARTESIAN_POINT('',(1.621113885844,8.881784197001E-16,-2.1375));
#1506 = CARTESIAN_POINT('',(1.621113885844,4.292719391871E-02,
    -2.134549838512));
#1507 = CARTESIAN_POINT('',(1.619787710575,8.585453924686E-02,
    -2.13159953969));
#1508 = CARTESIAN_POINT('',(1.617135369541,0.128732634519,
    -2.128649166486));
#1509 = CARTESIAN_POINT('',(1.613159143418,0.171512308675,
    -2.125698776393));
#1510 = CARTESIAN_POINT('',(1.607863584053,0.214144621064,-2.12274842144
    ));
#1511 = CARTESIAN_POINT('',(1.601255514465,0.256580861442,
    -2.119798148195));
#1512 = CARTESIAN_POINT('',(1.587718197375,0.328774921287,
    -2.114750155469));
#1513 = CARTESIAN_POINT('',(1.581433271366,0.358653693854,-2.11265237239
    ));
#1514 = CARTESIAN_POINT('',(1.574492517636,0.388391465155,
    -2.110554660363));
#1515 = CARTESIAN_POINT('',(1.566899766278,0.417970978466,
    -2.108457027595));
#1516 = CARTESIAN_POINT('',(1.558659410659,0.447375122852,
    -2.106359478668));
#1517 = CARTESIAN_POINT('',(1.549776407424,0.476586933171,
    -2.104262014531));
#1518 = CARTESIAN_POINT('',(1.504406530373,0.614804252639,
    -2.094266567497));
#1519 = CARTESIAN_POINT('',(1.459519478063,0.721061009532,
    -2.086369106743));
#1520 = CARTESIAN_POINT('',(1.405891771634,0.823448760332,
    -2.078473105439));
#1521 = CARTESIAN_POINT('',(1.343932033884,0.921111605741,
    -2.070577554742));
#1522 = CARTESIAN_POINT('',(1.274147047832,1.013250313407,
    -2.062680984971));
#1523 = CARTESIAN_POINT('',(1.197137110965,1.099129908689,
    -2.054782611308));
#1524 = CARTESIAN_POINT('',(1.098455631194,1.192409228874,
    -2.045451086824));
#1525 = CARTESIAN_POINT('',(1.083095992978,1.206497929157,
    -2.044018900085));
#1526 = CARTESIAN_POINT('',(1.067525727683,1.220355625837,
    -2.042586660333));
#1527 = CARTESIAN_POINT('',(1.051749008889,1.233978547247,
    -2.041154366772));
#1528 = CARTESIAN_POINT('',(1.035770095689,1.247363015435,
    -2.039722019285));
#1529 = CARTESIAN_POINT('',(1.01959333268,1.260505446166,-2.038289618431
    ));
#1530 = CARTESIAN_POINT('',(0.867218095014,1.380551059431,
    -2.024956208037));
#1531 = CARTESIAN_POINT('',(0.717813056195,1.470791065774,
    -2.013047355842));
#1532 = CARTESIAN_POINT('',(0.557614070191,1.542034876487,
    -2.001138647654));
#1533 = CARTESIAN_POINT('',(0.389545727277,1.592814503255,
    -1.989230463316));
#1534 = CARTESIAN_POINT('',(0.216700857292,1.622196326068,
    -1.977323492253));
#1535 = CARTESIAN_POINT('',(4.232625912718E-02,1.629784033997,
    -1.965416701441));
#1536 = CARTESIAN_POINT('',(-0.18577809814,1.611396831898,
    -1.949689273622));
#1537 = CARTESIAN_POINT('',(-0.241123718229,1.604695073331,
    -1.945861287644));
#1538 = CARTESIAN_POINT('',(-0.296182576064,1.595776047326,
    -1.942033643336));
#1539 = CARTESIAN_POINT('',(-0.350848238668,1.584654803175,
    -1.938206320883));
#1540 = CARTESIAN_POINT('',(-0.405015559592,1.571352720785,
    -1.93437928902));
#1541 = CARTESIAN_POINT('',(-0.458580678919,1.55589751067,
    -1.930552505036));
#1542 = CARTESIAN_POINT('',(-0.591528527356,1.511696797173,
    -1.920928334994));
#1543 = CARTESIAN_POINT('',(-0.670000527982,1.480205272514,
    -1.915131077973));
#1544 = CARTESIAN_POINT('',(-0.746499742759,1.443967505327,
    -1.90933416353));
#1545 = CARTESIAN_POINT('',(-0.820682768083,1.40313359372,
    -1.903537355061));
#1546 = CARTESIAN_POINT('',(-0.892221766904,1.357883952369,
    -1.897740343438));
#1547 = CARTESIAN_POINT('',(-0.960806156499,1.308428396312,
    -1.891942930921));
#1548 = CARTESIAN_POINT('',(-1.075476140004,1.214669464314,
    -1.881767802198));
#1549 = CARTESIAN_POINT('',(-1.122958516297,1.172071091391,
    -1.877390121484));
#1550 = CARTESIAN_POINT('',(-1.168466358545,1.127312396594,
    -1.873012175513));
#1551 = CARTESIAN_POINT('',(-1.211882250897,1.080503706079,
    -1.868633929118));
#1552 = CARTESIAN_POINT('',(-1.253096741174,1.031763042774,
    -1.864255347297));
#1553 = CARTESIAN_POINT('',(-1.292008653806,0.981215787602,
    -1.859876433141));
#1554 = CARTESIAN_POINT('',(-1.409349951048,0.813409712418,
    -1.845804611419));
#1555 = CARTESIAN_POINT('',(-1.478454877478,0.689603138189,
    -1.836109057594));
#1556 = CARTESIAN_POINT('',(-1.534811179991,0.5590332018,-1.82641352681)
  );
#1557 = CARTESIAN_POINT('',(-1.577655124212,0.423281593766,
    -1.816718338035));
#1558 = CARTESIAN_POINT('',(-1.606460125968,0.284017755508,
    -1.807022834766));
#1559 = CARTESIAN_POINT('',(-1.620944164737,0.142974913121,
    -1.797327119787));
#1560 = CARTESIAN_POINT('',(-1.621285075295,-0.142265978568,
    -1.777723075843));
#1561 = CARTESIAN_POINT('',(-1.606492059264,-0.286512685736,
    -1.767811570598));
#1562 = CARTESIAN_POINT('',(-1.576722661101,-0.428893233568,
    -1.757902438808));
#1563 = CARTESIAN_POINT('',(-1.532281238201,-0.567554851882,
    -1.747994837997));
#1564 = CARTESIAN_POINT('',(-1.47373871417,-0.700715120756,
    -1.738086409263));
#1565 = CARTESIAN_POINT('',(-1.401924158042,-0.826688847111,
    -1.728175867122));
#1566 = CARTESIAN_POINT('',(-1.242935021806,-1.048676951004,
    -1.709411517228));
#1567 = CARTESIAN_POINT('',(-1.158191885434,-1.146481405631,
    -1.700555284095));
#1568 = CARTESIAN_POINT('',(-1.064512865426,-1.23623672202,
    -1.691698504232));
#1569 = CARTESIAN_POINT('',(-0.962826105,-1.316979357688,-1.682840859458
    ));
#1570 = CARTESIAN_POINT('',(-0.854176307317,-1.387879891656,
    -1.673981785904));
#1571 = CARTESIAN_POINT('',(-0.739712214685,-1.448252897734,
    -1.665121701399));
#1572 = CARTESIAN_POINT('',(-0.560197596929,-1.522654414242,
    -1.651760847511));
#1573 = CARTESIAN_POINT('',(-0.498525781323,-1.544874679021,
    -1.647258782917));
#1574 = CARTESIAN_POINT('',(-0.435834152866,-1.564177466816,
    -1.6427569326));
#1575 = CARTESIAN_POINT('',(-0.372288505672,-1.580507451075,
    -1.638255378074));
#1576 = CARTESIAN_POINT('',(-0.30805794939,-1.593821186891,
    -1.633754170121));
#1577 = CARTESIAN_POINT('',(-0.243314401907,-1.604087238157,
    -1.629253363585));
#1578 = CARTESIAN_POINT('',(-2.294766781751E-02,-1.628463056232,
    -1.614015447529));
#1579 = CARTESIAN_POINT('',(0.134305424912,-1.62818432146,
    -1.603277950357));
#1580 = CARTESIAN_POINT('',(0.291104684385,-1.610168215296,
    -1.592545478789));
#1581 = CARTESIAN_POINT('',(0.445065521333,-1.574579649985,
    -1.581816991684));
#1582 = CARTESIAN_POINT('',(0.593866809677,-1.521954654778,
    -1.571088437234));
#1583 = CARTESIAN_POINT('',(0.735292276069,-1.453191209137,
    -1.560356813751));
#1584 = CARTESIAN_POINT('',(0.906157980793,-1.344992452111,
    -1.546465121237));
#1585 = CARTESIAN_POINT('',(0.944213334283,-1.319091220611,
    -1.543304692322));
#1586 = CARTESIAN_POINT('',(0.981402446294,-1.291935429618,
    -1.54014402257));
#1587 = CARTESIAN_POINT('',(1.017675818058,-1.263559985094,
    -1.536983088574));
#1588 = CARTESIAN_POINT('',(1.052985804474,-1.234002164315,
    -1.533821876843));
#1589 = CARTESIAN_POINT('',(1.087286614112,-1.203301615878,
    -1.530660383802));
#1590 = CARTESIAN_POINT('',(1.194820237794,-1.100446235824,
    -1.520434220155));
#1591 = CARTESIAN_POINT('',(1.26385224258,-1.023893413789,
    -1.513368156271));
#1592 = CARTESIAN_POINT('',(1.327137133497,-0.942314307157,
    -1.506300962667));
#1593 = CARTESIAN_POINT('',(1.384240007756,-0.85622925059,
    -1.499232995198));
#1594 = CARTESIAN_POINT('',(1.434787067126,-0.766202082658,
    -1.492164619648));
#1595 = CARTESIAN_POINT('',(1.478468435199,-0.672835728651,
    -1.485096404329));
#1596 = CARTESIAN_POINT('',(1.530571327171,-0.535972993752,
    -1.475028306301));
#1597 = CARTESIAN_POINT('',(1.544820169962,-0.494690238648,
    -1.472027441502));
#1598 = CARTESIAN_POINT('',(1.557769060693,-0.452967986162,
    -1.469026752315));
#1599 = CARTESIAN_POINT('',(1.569401900901,-0.410855357397,
    -1.466026256264));
#1600 = CARTESIAN_POINT('',(1.579704936008,-0.368402126478,
    -1.463025954366));
#1601 = CARTESIAN_POINT('',(1.588666755323,-0.325658720552,
    -1.460025831135));
#1602 = CARTESIAN_POINT('',(1.603355972778,-0.24270841448,
    -1.454236289598));
#1603 = CARTESIAN_POINT('',(1.609266172354,-0.20253371668,
    -1.451446848373));
#1604 = CARTESIAN_POINT('',(1.614001613298,-0.162193186281,
    -1.448657500033));
#1605 = CARTESIAN_POINT('',(1.617556836553,-0.12172805642,
    -1.445868201762));
#1606 = CARTESIAN_POINT('',(1.619928201477,-8.11797334715E-02,
    -1.443078898797));
#1607 = CARTESIAN_POINT('',(1.621113885844,-4.058979704774E-02,
    -1.440289524428));
#1608 = CARTESIAN_POINT('',(1.621113885844,6.106226635438E-14,-1.4375));
#1609 = ORIENTED_EDGE('',*,*,#725,.F.);
#1610 = B_SPLINE_SURFACE_WITH_KNOTS('',1,10,(
    (#1611,#1612,#1613,#1614,#1615,#1616,#1617,#1618,#1619,#1620,#1621)
    ,(#1622,#1623,#1624,#1625,#1626,#1627,#1628,#1629,#1630,#1631,#1632
    )),.UNSPECIFIED.,.F.,.F.,.F.,(2,2),(11,11),(0.,0.610705080757),(0.,
    6.322058019692),.PIECEWISE_BEZIER_KNOTS.);
#1611 = CARTESIAN_POINT('',(2.,-2.312618096444E-15,-2.35625));
#1612 = CARTESIAN_POINT('',(2.,1.25656558669,-2.28625));
#1613 = CARTESIAN_POINT('',(1.122940412946,2.513813885763,-2.21625));
#1614 = CARTESIAN_POINT('',(-0.633594071687,3.076350013569,
    -2.146250000001));
#1615 = CARTESIAN_POINT('',(-2.638422893109,2.2878704339,-2.076249999999
    ));
#1616 = CARTESIAN_POINT('',(-3.70184102311,-2.375877272698E-12,
    -2.006250000002));
#1617 = CARTESIAN_POINT('',(-2.638422893113,-2.287870433896,
    -1.936249999998));
#1618 = CARTESIAN_POINT('',(-0.633594071683,-3.076350013572,
    -1.866250000001));
#1619 = CARTESIAN_POINT('',(1.122940412944,-2.513813885761,
    -1.796249999999));
#1620 = CARTESIAN_POINT('',(2.,-1.256565586691,-1.72625));
#1621 = CARTESIAN_POINT('',(2.,4.120812446886E-14,-1.65625));
#1622 = CARTESIAN_POINT('',(1.471113885844,4.354888995704E-16,
    -2.050897459622));
#1623 = CARTESIAN_POINT('',(1.471113885844,0.924328115272,
    -1.980897459622));
#1624 = CARTESIAN_POINT('',(0.825949921726,1.848632955741,
    -1.910897459621));
#1625 = CARTESIAN_POINT('',(-0.4658837614,2.26378643,-1.840897459622));
#1626 = CARTESIAN_POINT('',(-1.941056677683,1.681944175371,
    -1.77089745962));
#1627 = CARTESIAN_POINT('',(-2.722472573142,-6.203926261605E-13,
    -1.700897459623));
#1628 = CARTESIAN_POINT('',(-1.941056677685,-1.68194417537,
    -1.63089745962));
#1629 = CARTESIAN_POINT('',(-0.465883761398,-2.263786430001,
    -1.560897459623));
#1630 = CARTESIAN_POINT('',(0.825949921725,-1.84863295574,
    -1.490897459621));
#1631 = CARTESIAN_POINT('',(1.471113885844,-0.924328115272,
    -1.420897459622));
#1632 = CARTESIAN_POINT('',(1.471113885844,2.530448465117E-14,
    -1.350897459622));
#1633 = ADVANCED_FACE('',(#1634),#1740,.T.);
#1634 = FACE_BOUND('',#1635,.T.);
#1635 = EDGE_LOOP('',(#1636,#1733,#1738,#1739));
#1636 = ORIENTED_EDGE('',*,*,#1637,.F.);
#1637 = EDGE_CURVE('',#1638,#868,#1640,.T.);
#1638 = VERTEX_POINT('',#1639);
#1639 = CARTESIAN_POINT('',(1.621113885844,1.470896800567E-14,-1.9625));
#1640 = B_SPLINE_CURVE_WITH_KNOTS('',6,(#1641,#1642,#1643,#1644,#1645,
    #1646,#1647,#1648,#1649,#1650,#1651,#1652,#1653,#1654,#1655,#1656,
    #1657,#1658,#1659,#1660,#1661,#1662,#1663,#1664,#1665,#1666,#1667,
    #1668,#1669,#1670,#1671,#1672,#1673,#1674,#1675,#1676,#1677,#1678,
    #1679,#1680,#1681,#1682,#1683,#1684,#1685,#1686,#1687,#1688,#1689,
    #1690,#1691,#1692,#1693,#1694,#1695,#1696,#1697,#1698,#1699,#1700,
    #1701,#1702,#1703,#1704,#1705,#1706,#1707,#1708,#1709,#1710,#1711,
    #1712,#1713,#1714,#1715,#1716,#1717,#1718,#1719,#1720,#1721,#1722,
    #1723,#1724,#1725,#1726,#1727,#1728,#1729,#1730,#1731,#1732),
  .UNSPECIFIED.,.F.,.F.,(7,5,5,5,5,5,5,5,5,5,5,5,5,5,5,5,5,5,7),(0.,
    2.950225445388E-02,5.748120976627E-02,0.129482227605,0.159805928699,
    0.213808753385,0.264257420382,0.316092626821,0.373096219291,
    0.402887899875,0.501386426953,0.598909223962,0.711416736351,
    0.738013334147,0.755604270943,0.870862578387,0.949903493754,
    0.973151425246,1.),.UNSPECIFIED.);
#1641 = CARTESIAN_POINT('',(1.621113885844,-1.33226762955E-15,-1.9625));
#1642 = CARTESIAN_POINT('',(1.621113885844,5.00817043259E-02,
    -1.959058146436));
#1643 = CARTESIAN_POINT('',(1.61925724174,0.100163653946,-1.955616527408
    ));
#1644 = CARTESIAN_POINT('',(1.615543966595,0.150159374763,
    -1.952174980128));
#1645 = CARTESIAN_POINT('',(1.609979376389,0.199982934285,
    -1.948733376701));
#1646 = CARTESIAN_POINT('',(1.602574090021,0.249548941625,
    -1.945291624121));
#1647 = CARTESIAN_POINT('',(1.584590547213,0.345454575523,
    -1.938585424218));
#1648 = CARTESIAN_POINT('',(1.574195822302,0.391828852385,
    -1.935320995122));
#1649 = CARTESIAN_POINT('',(1.562173447007,0.437823033402,
    -1.932056337142));
#1650 = CARTESIAN_POINT('',(1.548541146842,0.483365942122,
    -1.928791439242));
#1651 = CARTESIAN_POINT('',(1.533320780402,0.528387570318,
    -1.925526319194));
#1652 = CARTESIAN_POINT('',(1.47335042105,0.687159078942,-1.91385811483)
  );
#1653 = CARTESIAN_POINT('',(1.419815102716,0.79759838523,-1.905453535847
    ));
#1654 = CARTESIAN_POINT('',(1.356377568122,0.902951811172,
    -1.897049016049));
#1655 = CARTESIAN_POINT('',(1.283658510235,1.002127639323,
    -1.888645572492));
#1656 = CARTESIAN_POINT('',(1.202425449897,1.094131070883,-1.88024346664
    ));
#1657 = CARTESIAN_POINT('',(1.076191371818,1.213454667242,
    -1.868306310759));
#1658 = CARTESIAN_POINT('',(1.037434551147,1.247390653688,
    -1.864769115728));
#1659 = CARTESIAN_POINT('',(0.997398283307,1.27983689709,-1.861232283544
    ));
#1660 = CARTESIAN_POINT('',(0.956154402877,1.310733639109,
    -1.857695802862));
#1661 = CARTESIAN_POINT('',(0.913778391598,1.340025812238,
    -1.854159642503));
#1662 = CARTESIAN_POINT('',(0.793007586226,1.416881581767,
    -1.844326759417));
#1663 = CARTESIAN_POINT('',(0.712324347384,1.460852467617,
    -1.838030505237));
#1664 = CARTESIAN_POINT('',(0.628748080654,1.499290502072,
    -1.831734960479));
#1665 = CARTESIAN_POINT('',(0.54275457085,1.531963840587,-1.825439582152
    ));
#1666 = CARTESIAN_POINT('',(0.45484264784,1.55869575106,-1.819143821343)
  );
#1667 = CARTESIAN_POINT('',(0.2820951409,1.59867657753,-1.806965821636)
  );
#1668 = CARTESIAN_POINT('',(0.197435342205,1.612697688847,
    -1.801083457525));
#1669 = CARTESIAN_POINT('',(0.111972103199,1.621332287452,
    -1.795200464557));
#1670 = CARTESIAN_POINT('',(2.613341806369E-02,1.624528079507,
    -1.789316598148));
#1671 = CARTESIAN_POINT('',(-5.964961096917E-02,1.62227810963,
    -1.783431724083));
#1672 = CARTESIAN_POINT('',(-0.232586741813,1.606753382575,
    -1.771498711443));
#1673 = CARTESIAN_POINT('',(-0.319716335993,1.593177074648,
    -1.76545034901));
#1674 = CARTESIAN_POINT('',(-0.40586718905,1.573934141067,
    -1.759401290544));
#1675 = CARTESIAN_POINT('',(-0.490580676683,1.549116656585,
    -1.753351623453));
#1676 = CARTESIAN_POINT('',(-0.573410805073,1.518865752085,
    -1.747301488542));
#1677 = CARTESIAN_POINT('',(-0.74247308224,1.444336484696,
    -1.734597912302));
#1678 = CARTESIAN_POINT('',(-0.828224397167,1.398958651873,
    -1.727944202411));
#1679 = CARTESIAN_POINT('',(-0.910609681923,1.347489544338,
    -1.721290843469));
#1680 = CARTESIAN_POINT('',(-0.989093196634,1.290246392784,
    -1.714637943729));
#1681 = CARTESIAN_POINT('',(-1.063180683418,1.22760789219,
    -1.707985512512));
#1682 = CARTESIAN_POINT('',(-1.168613234402,1.124682641129,
    -1.697857581497));
#1683 = CARTESIAN_POINT('',(-1.203479522039,1.087999624947,
    -1.694381444373));
#1684 = CARTESIAN_POINT('',(-1.236959717032,1.050023875642,
    -1.690905494676));
#1685 = CARTESIAN_POINT('',(-1.268994410211,1.010821110959,
    -1.687429729305));
#1686 = CARTESIAN_POINT('',(-1.299528408405,0.970460630771,
    -1.683954136836));
#1687 = CARTESIAN_POINT('',(-1.424333338915,0.791987050362,
    -1.668988051589));
#1688 = CARTESIAN_POINT('',(-1.503214696103,0.643070869741,
    -1.657496748728));
#1689 = CARTESIAN_POINT('',(-1.563263020363,0.484946882783,
    -1.646009116293));
#1690 = CARTESIAN_POINT('',(-1.60324930836,0.320600642294,
    -1.634520767728));
#1691 = CARTESIAN_POINT('',(-1.622498388421,0.153188576964,
    -1.62302810419));
#1692 = CARTESIAN_POINT('',(-1.619622614366,-0.179552762112,
    -1.600158441554));
#1693 = CARTESIAN_POINT('',(-1.59790515841,-0.344952534674,
    -1.588776965525));
#1694 = CARTESIAN_POINT('',(-1.555914632456,-0.5070282878,
    -1.577396834247));
#1695 = CARTESIAN_POINT('',(-1.494351763422,-0.662727195347,
    -1.566016697045));
#1696 = CARTESIAN_POINT('',(-1.414448260478,-0.809168651497,
    -1.554635530944));
#1697 = CARTESIAN_POINT('',(-1.206878037575,-1.099059961184,
    -1.530133455431));
#1698 = CARTESIAN_POINT('',(-1.073694587642,-1.238682051634,
    -1.517006560268));
#1699 = CARTESIAN_POINT('',(-0.921358910786,-1.358615058571,
    -1.50388837631));
#1700 = CARTESIAN_POINT('',(-0.753578265209,-1.455772048044,
    -1.490772580135));
#1701 = CARTESIAN_POINT('',(-0.574591803413,-1.527851810594,
    -1.477650060916));
#1702 = CARTESIAN_POINT('',(-0.34535974411,-1.584542630437,
    -1.461426932551));
#1703 = CARTESIAN_POINT('',(-0.301168479315,-1.593917060866,
    -1.458324901806));
#1704 = CARTESIAN_POINT('',(-0.256676308014,-1.601811520689,
    -1.455222664526));
#1705 = CARTESIAN_POINT('',(-0.211945154573,-1.608214315355,
    -1.452120202704));
#1706 = CARTESIAN_POINT('',(-0.167037501083,-1.613117216092,
    -1.449017505647));
#1707 = CARTESIAN_POINT('',(-9.223951243866E-02,-1.618763051583,
    -1.443862294518));
#1708 = CARTESIAN_POINT('',(-6.24129463609E-02,-1.620352440636,
    -1.441809913054));
#1709 = CARTESIAN_POINT('',(-3.25549075843E-02,-1.621282253764,
    -1.439757425355));
#1710 = CARTESIAN_POINT('',(-2.6836213794E-03,-1.62155178941,
    -1.43770483238));
#1711 = CARTESIAN_POINT('',(2.718268016839E-02,-1.621161017758,
    -1.435652136282));
#1712 = CARTESIAN_POINT('',(0.252561828691,-1.613227968637,
    -1.420149131313));
#1713 = CARTESIAN_POINT('',(0.44717630945,-1.578022390521,
    -1.406689662584));
#1714 = CARTESIAN_POINT('',(0.635567702759,-1.514643847871,
    -1.393232676152));
#1715 = CARTESIAN_POINT('',(0.812776948312,-1.424611310178,
    -1.379777252969));
#1716 = CARTESIAN_POINT('',(0.974242500245,-1.310398684957,
    -1.366321925097));
#1717 = CARTESIAN_POINT('',(1.213452453103,-1.083303832697,
    -1.343655536326));
#1718 = CARTESIAN_POINT('',(1.301595417423,-0.981248806725,
    -1.334436265327));
#1719 = CARTESIAN_POINT('',(1.379349219484,-0.8706751307,-1.325219781707
    ));
#1720 = CARTESIAN_POINT('',(1.445721984271,-0.75291882891,
    -1.316003776471));
#1721 = CARTESIAN_POINT('',(1.499935504311,-0.629449602664,
    -1.306785397572));
#1722 = CARTESIAN_POINT('',(1.553691110596,-0.464339967246,
    -1.294854560435));
#1723 = CARTESIAN_POINT('',(1.564812317708,-0.426457358,-1.292142810575)
  );
#1724 = CARTESIAN_POINT('',(1.574824251123,-0.388257908691,
    -1.289430913218));
#1725 = CARTESIAN_POINT('',(1.583715844732,-0.349782215626,
    -1.286718875387));
#1726 = CARTESIAN_POINT('',(1.591478018826,-0.31107137204,
    -1.284006717045));
#1727 = CARTESIAN_POINT('',(1.605755524827,-0.227237044012,
    -1.278162152076));
#1728 = CARTESIAN_POINT('',(1.61189157569,-0.18204879542,-1.275029707941
    ));
#1729 = CARTESIAN_POINT('',(1.61650090438,-0.136666351787,
    -1.271897200221));
#1730 = CARTESIAN_POINT('',(1.619576223355,-9.115416622144E-02,
    -1.26876469639));
#1731 = CARTESIAN_POINT('',(1.621113885844,-4.557701548718E-02,
    -1.265632269864));
#1732 = CARTESIAN_POINT('',(1.621113885844,4.729550084903E-14,-1.2625));
#1733 = ORIENTED_EDGE('',*,*,#1734,.T.);
#1734 = EDGE_CURVE('',#1638,#1432,#1735,.T.);
#1735 = B_SPLINE_CURVE_WITH_KNOTS('',1,(#1736,#1737),.UNSPECIFIED.,.F.,
  .F.,(2,2),(0.,0.610705080757),.PIECEWISE_BEZIER_KNOTS.);
#1736 = CARTESIAN_POINT('',(1.471113885844,2.530448465117E-14,
    -2.049102540378));
#1737 = CARTESIAN_POINT('',(2.,4.120812446886E-14,-1.74375));
#1738 = ORIENTED_EDGE('',*,*,#1431,.T.);
#1739 = ORIENTED_EDGE('',*,*,#964,.F.);
#1740 = B_SPLINE_SURFACE_WITH_KNOTS('',1,10,(
    (#1741,#1742,#1743,#1744,#1745,#1746,#1747,#1748,#1749,#1750,#1751)
    ,(#1752,#1753,#1754,#1755,#1756,#1757,#1758,#1759,#1760,#1761,#1762
    )),.UNSPECIFIED.,.F.,.F.,.F.,(2,2),(11,11),(0.,0.610705080757),(0.,
    6.322058019692),.PIECEWISE_BEZIER_KNOTS.);
#1741 = CARTESIAN_POINT('',(1.471113885844,4.354888995704E-16,
    -2.049102540378));
#1742 = CARTESIAN_POINT('',(1.471113885844,0.924328115272,
    -1.979102540379));
#1743 = CARTESIAN_POINT('',(0.825949921726,1.848632955741,
    -1.909102540378));
#1744 = CARTESIAN_POINT('',(-0.4658837614,2.26378643,-1.839102540379));
#1745 = CARTESIAN_POINT('',(-1.941056677683,1.681944175371,
    -1.769102540377));
#1746 = CARTESIAN_POINT('',(-2.722472573142,-6.203926261605E-13,
    -1.69910254038));
#1747 = CARTESIAN_POINT('',(-1.941056677685,-1.68194417537,
    -1.629102540377));
#1748 = CARTESIAN_POINT('',(-0.465883761398,-2.263786430001,
    -1.55910254038));
#1749 = CARTESIAN_POINT('',(0.825949921725,-1.84863295574,
    -1.489102540378));
#1750 = CARTESIAN_POINT('',(1.471113885844,-0.924328115272,
    -1.419102540379));
#1751 = CARTESIAN_POINT('',(1.471113885844,2.530448465117E-14,
    -1.349102540378));
#1752 = CARTESIAN_POINT('',(2.,-2.312618096444E-15,-1.74375));
#1753 = CARTESIAN_POINT('',(2.,1.25656558669,-1.67375));
#1754 = CARTESIAN_POINT('',(1.122940412946,2.513813885763,-1.60375));
#1755 = CARTESIAN_POINT('',(-0.633594071687,3.076350013569,-1.53375));
#1756 = CARTESIAN_POINT('',(-2.638422893109,2.2878704339,-1.46375));
#1757 = CARTESIAN_POINT('',(-3.70184102311,-2.375877272698E-12,-1.39375)
  );
#1758 = CARTESIAN_POINT('',(-2.638422893113,-2.287870433896,-1.32375));
#1759 = CARTESIAN_POINT('',(-0.633594071683,-3.076350013572,-1.25375));
#1760 = CARTESIAN_POINT('',(1.122940412944,-2.513813885761,-1.18375));
#1761 = CARTESIAN_POINT('',(2.,-1.256565586691,-1.11375));
#1762 = CARTESIAN_POINT('',(2.,4.120812446886E-14,-1.04375));
#1763 = ADVANCED_FACE('',(#1764),#1885,.T.);
#1764 = FACE_BOUND('',#1765,.T.);
#1765 = EDGE_LOOP('',(#1766,#1863,#1864,#1880));
#1766 = ORIENTED_EDGE('',*,*,#1767,.F.);
#1767 = EDGE_CURVE('',#1047,#1768,#1770,.T.);
#1768 = VERTEX_POINT('',#1769);
#1769 = CARTESIAN_POINT('',(1.621113885844,1.470896800567E-14,-2.6625));
#1770 = B_SPLINE_CURVE_WITH_KNOTS('',6,(#1771,#1772,#1773,#1774,#1775,
    #1776,#1777,#1778,#1779,#1780,#1781,#1782,#1783,#1784,#1785,#1786,
    #1787,#1788,#1789,#1790,#1791,#1792,#1793,#1794,#1795,#1796,#1797,
    #1798,#1799,#1800,#1801,#1802,#1803,#1804,#1805,#1806,#1807,#1808,
    #1809,#1810,#1811,#1812,#1813,#1814,#1815,#1816,#1817,#1818,#1819,
    #1820,#1821,#1822,#1823,#1824,#1825,#1826,#1827,#1828,#1829,#1830,
    #1831,#1832,#1833,#1834,#1835,#1836,#1837,#1838,#1839,#1840,#1841,
    #1842,#1843,#1844,#1845,#1846,#1847,#1848,#1849,#1850,#1851,#1852,
    #1853,#1854,#1855,#1856,#1857,#1858,#1859,#1860,#1861,#1862),
  .UNSPECIFIED.,.F.,.F.,(7,5,5,5,5,5,5,5,5,5,5,5,5,5,5,5,5,5,7),(0.,
    2.950225632287E-02,5.748121348393E-02,0.129482235752,0.159805921593,
    0.213808749602,0.264257505337,0.316093111827,0.373096707817,
    0.402888706284,0.501388958977,0.5989150957,0.711433340506,
    0.738047599697,0.755682769122,0.871082880194,0.950012938311,
    0.973012920498,1.),.UNSPECIFIED.);
#1771 = CARTESIAN_POINT('',(1.621113885844,-1.33226762955E-15,-3.3625));
#1772 = CARTESIAN_POINT('',(1.621113885844,5.008170441768E-02,
    -3.35905814643));
#1773 = CARTESIAN_POINT('',(1.619257241734,0.10016365413,-3.355616527395
    ));
#1774 = CARTESIAN_POINT('',(1.615543966575,0.150159375038,
    -3.352174980109));
#1775 = CARTESIAN_POINT('',(1.609979376348,0.19998293465,-3.348733376676
    ));
#1776 = CARTESIAN_POINT('',(1.602574089953,0.249548942079,
    -3.345291624089));
#1777 = CARTESIAN_POINT('',(1.584590547056,0.345454576274,
    -3.338585424166));
#1778 = CARTESIAN_POINT('',(1.574195822074,0.391828853342,
    -3.335320995054));
#1779 = CARTESIAN_POINT('',(1.562173446694,0.437823034562,
    -3.332056337059));
#1780 = CARTESIAN_POINT('',(1.54854114643,0.483365943477,-3.328791439145
    ));
#1781 = CARTESIAN_POINT('',(1.533320779876,0.528387571864,
    -3.325526319081));
#1782 = CARTESIAN_POINT('',(1.473350420267,0.687159080622,
    -3.313858114703));
#1783 = CARTESIAN_POINT('',(1.419815101806,0.797598386849,
    -3.305453535719));
#1784 = CARTESIAN_POINT('',(1.356377567093,0.902951812719,
    -3.297049015922));
#1785 = CARTESIAN_POINT('',(1.283658509092,1.002127640787,
    -3.288645572365));
#1786 = CARTESIAN_POINT('',(1.202425448649,1.094131072254,
    -3.280243466513));
#1787 = CARTESIAN_POINT('',(1.076191391552,1.213454648507,
    -3.268306312629));
#1788 = CARTESIAN_POINT('',(1.037434593483,1.247390616556,
    -3.264769119595));
#1789 = CARTESIAN_POINT('',(0.997398349652,1.279836843277,
    -3.261232289407));
#1790 = CARTESIAN_POINT('',(0.956154494514,1.310733570432,
    -3.257695810721));
#1791 = CARTESIAN_POINT('',(0.913778509681,1.340025730599,
    -3.254159652358));
#1792 = CARTESIAN_POINT('',(0.793007737004,1.416881497379,
    -3.244326771265));
#1793 = CARTESIAN_POINT('',(0.71232450284,1.460852391816,-3.238030517084
    ));
#1794 = CARTESIAN_POINT('',(0.628748240199,1.499290435165,
    -3.231734972326));
#1795 = CARTESIAN_POINT('',(0.542754733871,1.531963782831,
    -3.225439593998));
#1796 = CARTESIAN_POINT('',(0.454842813703,1.55869570266,-3.21914383319)
  );
#1797 = CARTESIAN_POINT('',(0.282095169388,1.59867658029,-3.2069658235)
  );
#1798 = CARTESIAN_POINT('',(0.197435226394,1.612697715439,
    -3.201083449404));
#1799 = CARTESIAN_POINT('',(0.111971840505,1.621332319509,
    -3.195200446449));
#1800 = CARTESIAN_POINT('',(2.61330080904E-02,1.624528098426,
    -3.189316570049));
#1801 = CARTESIAN_POINT('',(-5.965016641607E-02,1.622278096881,
    -3.18343168599));
#1802 = CARTESIAN_POINT('',(-0.232588106342,1.606753221946,
    -3.171498617047));
#1803 = CARTESIAN_POINT('',(-0.319718357856,1.593176728755,
    -3.165450208292));
#1804 = CARTESIAN_POINT('',(-0.405869847221,1.573933523886,
    -3.159401103497));
#1805 = CARTESIAN_POINT('',(-0.490583939703,1.549115684791,
    -3.153351390072));
#1806 = CARTESIAN_POINT('',(-0.573414631512,1.518864346531,
    -3.147301208825));
#1807 = CARTESIAN_POINT('',(-0.742477307151,1.44433431284,
    -3.134597586251));
#1808 = CARTESIAN_POINT('',(-0.828228489363,1.398956229168,
    -3.127943876363));
#1809 = CARTESIAN_POINT('',(-0.910613623583,1.347486880628,
    -3.121290517434));
#1810 = CARTESIAN_POINT('',(-0.989096970865,1.29024349948,
    -3.114637617715));
#1811 = CARTESIAN_POINT('',(-1.063184274433,1.227604782152,
    -3.107985186524));
#1812 = CARTESIAN_POINT('',(-1.168616908259,1.124678847882,
    -3.09785721867));
#1813 = CARTESIAN_POINT('',(-1.203483444447,1.087995326173,
    -3.094381044685));
#1814 = CARTESIAN_POINT('',(-1.23696385412,1.05001904863,-3.090905058132
    ));
#1815 = CARTESIAN_POINT('',(-1.268998726456,1.010815735304,
    -3.087429255908));
#1816 = CARTESIAN_POINT('',(-1.299532866822,0.970454688506,
    -3.083953626587));
#1817 = CARTESIAN_POINT('',(-1.424338901135,0.791977663317,
    -3.068987303955));
#1818 = CARTESIAN_POINT('',(-1.503220609304,0.643058286601,
    -3.057495800395));
#1819 = CARTESIAN_POINT('',(-1.563268547526,0.48493092179,
    -3.046007967477));
#1820 = CARTESIAN_POINT('',(-1.603253675207,0.320581290134,
    -3.034519418298));
#1821 = CARTESIAN_POINT('',(-1.622500821237,0.153165994196,
    -3.023026553793));
#1822 = CARTESIAN_POINT('',(-1.619619743046,-0.179583877409,
    -3.000156301243));
#1823 = CARTESIAN_POINT('',(-1.597898251386,-0.344988961068,
    -2.988774435652));
#1824 = CARTESIAN_POINT('',(-1.55590235504,-0.507069368696,
    -2.977393915255));
#1825 = CARTESIAN_POINT('',(-1.494332926297,-0.662771976258,
    -2.96601338918));
#1826 = CARTESIAN_POINT('',(-1.414421883162,-0.809215915852,
    -2.954631834148));
#1827 = CARTESIAN_POINT('',(-1.206827134888,-1.099119018859,
    -2.930128119786));
#1828 = CARTESIAN_POINT('',(-1.073623759778,-1.238748057512,
    -2.916999972615));
#1829 = CARTESIAN_POINT('',(-0.921265499146,-1.358683157123,
    -2.903880539831));
#1830 = CARTESIAN_POINT('',(-0.753460877817,-1.45583673434,
    -2.890763494454));
#1831 = CARTESIAN_POINT('',(-0.574450444834,-1.527907240955,
    -2.877639721595));
#1832 = CARTESIAN_POINT('',(-0.345165708917,-1.584585763481,
    -2.861413279818));
#1833 = CARTESIAN_POINT('',(-0.300943884939,-1.593960842264,
    -2.858309188618));
#1834 = CARTESIAN_POINT('',(-0.25642094988,-1.601853942993,
    -2.855204890541));
#1835 = CARTESIAN_POINT('',(-0.211658953178,-1.608253356559,
    -2.852100367559));
#1836 = CARTESIAN_POINT('',(-0.16672050289,-1.613150848937,
    -2.848995608984));
#1837 = CARTESIAN_POINT('',(-9.181653448703E-02,-1.618788484885,
    -2.843833174625));
#1838 = CARTESIAN_POINT('',(-6.191450513657E-02,-1.620373780993,
    -2.841775631316));
#1839 = CARTESIAN_POINT('',(-3.198103326966E-02,-1.62129616984,
    -2.83971798124));
#1840 = CARTESIAN_POINT('',(-2.03448175047E-03,-1.621554950248,
    -2.837660225346));
#1841 = CARTESIAN_POINT('',(2.790677932962E-02,-1.621150099524,
    -2.835602365831));
#1842 = CARTESIAN_POINT('',(0.25359757501,-1.613094688458,
    -2.820077635759));
#1843 = CARTESIAN_POINT('',(0.44843320331,-1.577714852697,
    -2.806601568006));
#1844 = CARTESIAN_POINT('',(0.637009784786,-1.514095834732,
    -2.793128018735));
#1845 = CARTESIAN_POINT('',(0.814351120609,-1.423766551253,
    -2.779656066995));
#1846 = CARTESIAN_POINT('',(0.975881199226,-1.309214763068,
    -2.766184209193));
#1847 = CARTESIAN_POINT('',(1.214814577698,-1.081752800197,
    -2.743514287581));
#1848 = CARTESIAN_POINT('',(1.302705569508,-0.979732743909,
    -2.734307975703));
#1849 = CARTESIAN_POINT('',(1.380226507755,-0.869230651463,
    -2.725104428529));
#1850 = CARTESIAN_POINT('',(1.446391200918,-0.751578016779,
    -2.715901342573));
#1851 = CARTESIAN_POINT('',(1.500426110548,-0.628239077102,
    -2.70669588585));
#1852 = CARTESIAN_POINT('',(1.553880001592,-0.463671832478,
    -2.694806886129));
#1853 = CARTESIAN_POINT('',(1.564868391492,-0.426189461871,
    -2.692124056496));
#1854 = CARTESIAN_POINT('',(1.574770966529,-0.388397301861,
    -2.689441082719));
#1855 = CARTESIAN_POINT('',(1.583577017286,-0.350334666231,
    -2.686757971683));
#1856 = CARTESIAN_POINT('',(1.591277737863,-0.312041342138,
    -2.684074742471));
#1857 = CARTESIAN_POINT('',(1.605596842709,-0.228402595326,
    -2.678242951546));
#1858 = CARTESIAN_POINT('',(1.61179621483,-0.18298526486,-2.675094348863
    ));
#1859 = CARTESIAN_POINT('',(1.61645318615,-0.137370721533,-2.6719456808)
  );
#1860 = CARTESIAN_POINT('',(1.619560317344,-9.16244186605E-02,
    -2.668797015896));
#1861 = CARTESIAN_POINT('',(1.621113885844,-4.581214004928E-02,
    -2.665648428745));
#1862 = CARTESIAN_POINT('',(1.621113885844,4.729550084903E-14,-2.6625));
#1863 = ORIENTED_EDGE('',*,*,#1167,.T.);
#1864 = ORIENTED_EDGE('',*,*,#1865,.T.);
#1865 = EDGE_CURVE('',#1152,#1866,#1868,.T.);
#1866 = VERTEX_POINT('',#1867);
#1867 = CARTESIAN_POINT('',(2.,1.944775318621E-14,-2.44375));
#1868 = B_SPLINE_CURVE_WITH_KNOTS('',10,(#1869,#1870,#1871,#1872,#1873,
    #1874,#1875,#1876,#1877,#1878,#1879),.UNSPECIFIED.,.F.,.F.,(11,11),(
    0.,6.322058019692),.PIECEWISE_BEZIER_KNOTS.);
#1869 = CARTESIAN_POINT('',(2.,-2.312618096444E-15,-3.14375));
#1870 = CARTESIAN_POINT('',(2.,1.25656558669,-3.07375));
#1871 = CARTESIAN_POINT('',(1.122940412946,2.513813885763,-3.00375));
#1872 = CARTESIAN_POINT('',(-0.633594071687,3.076350013569,-2.93375));
#1873 = CARTESIAN_POINT('',(-2.638422893109,2.2878704339,-2.86375));
#1874 = CARTESIAN_POINT('',(-3.70184102311,-2.375877272698E-12,-2.79375)
  );
#1875 = CARTESIAN_POINT('',(-2.638422893113,-2.287870433896,-2.72375));
#1876 = CARTESIAN_POINT('',(-0.633594071683,-3.076350013572,-2.65375));
#1877 = CARTESIAN_POINT('',(1.122940412944,-2.513813885761,-2.58375));
#1878 = CARTESIAN_POINT('',(2.,-1.256565586691,-2.51375));
#1879 = CARTESIAN_POINT('',(2.,4.120812446886E-14,-2.44375));
#1880 = ORIENTED_EDGE('',*,*,#1881,.F.);
#1881 = EDGE_CURVE('',#1768,#1866,#1882,.T.);
#1882 = B_SPLINE_CURVE_WITH_KNOTS('',1,(#1883,#1884),.UNSPECIFIED.,.F.,
  .F.,(2,2),(0.,0.610705080757),.PIECEWISE_BEZIER_KNOTS.);
#1883 = CARTESIAN_POINT('',(1.471113885844,2.530448465117E-14,
    -2.749102540378));
#1884 = CARTESIAN_POINT('',(2.,4.120812446886E-14,-2.44375));
#1885 = B_SPLINE_SURFACE_WITH_KNOTS('',1,10,(
    (#1886,#1887,#1888,#1889,#1890,#1891,#1892,#1893,#1894,#1895,#1896)
    ,(#1897,#1898,#1899,#1900,#1901,#1902,#1903,#1904,#1905,#1906,#1907
    )),.UNSPECIFIED.,.F.,.F.,.F.,(2,2),(11,11),(0.,0.610705080757),(0.,
    6.322058019692),.PIECEWISE_BEZIER_KNOTS.);
#1886 = CARTESIAN_POINT('',(1.471113885844,4.354888995704E-16,
    -3.449102540378));
#1887 = CARTESIAN_POINT('',(1.471113885844,0.924328115272,
    -3.379102540379));
#1888 = CARTESIAN_POINT('',(0.825949921726,1.848632955741,
    -3.309102540378));
#1889 = CARTESIAN_POINT('',(-0.4658837614,2.26378643,-3.239102540379));
#1890 = CARTESIAN_POINT('',(-1.941056677683,1.681944175371,
    -3.169102540377));
#1891 = CARTESIAN_POINT('',(-2.722472573142,-6.203926261605E-13,
    -3.09910254038));
#1892 = CARTESIAN_POINT('',(-1.941056677685,-1.68194417537,
    -3.029102540377));
#1893 = CARTESIAN_POINT('',(-0.465883761398,-2.263786430001,
    -2.95910254038));
#1894 = CARTESIAN_POINT('',(0.825949921725,-1.84863295574,
    -2.889102540378));
#1895 = CARTESIAN_POINT('',(1.471113885844,-0.924328115272,
    -2.819102540379));
#1896 = CARTESIAN_POINT('',(1.471113885844,2.530448465117E-14,
    -2.749102540378));
#1897 = CARTESIAN_POINT('',(2.,-2.312618096444E-15,-3.14375));
#1898 = CARTESIAN_POINT('',(2.,1.25656558669,-3.07375));
#1899 = CARTESIAN_POINT('',(1.122940412946,2.513813885763,-3.00375));
#1900 = CARTESIAN_POINT('',(-0.633594071687,3.076350013569,-2.93375));
#1901 = CARTESIAN_POINT('',(-2.638422893109,2.2878704339,-2.86375));
#1902 = CARTESIAN_POINT('',(-3.70184102311,-2.375877272698E-12,-2.79375)
  );
#1903 = CARTESIAN_POINT('',(-2.638422893113,-2.287870433896,-2.72375));
#1904 = CARTESIAN_POINT('',(-0.633594071683,-3.076350013572,-2.65375));
#1905 = CARTESIAN_POINT('',(1.122940412944,-2.513813885761,-2.58375));
#1906 = CARTESIAN_POINT('',(2.,-1.256565586691,-2.51375));
#1907 = CARTESIAN_POINT('',(2.,4.120812446886E-14,-2.44375));
#1908 = ADVANCED_FACE('',(#1909),#1934,.T.);
#1909 = FACE_BOUND('',#1910,.T.);
#1910 = EDGE_LOOP('',(#1911,#1912,#1913,#1929));
#1911 = ORIENTED_EDGE('',*,*,#1151,.F.);
#1912 = ORIENTED_EDGE('',*,*,#1371,.T.);
#1913 = ORIENTED_EDGE('',*,*,#1914,.T.);
#1914 = EDGE_CURVE('',#1199,#1915,#1917,.T.);
#1915 = VERTEX_POINT('',#1916);
#1916 = CARTESIAN_POINT('',(2.,1.944775318621E-14,-3.05625));
#1917 = B_SPLINE_CURVE_WITH_KNOTS('',10,(#1918,#1919,#1920,#1921,#1922,
    #1923,#1924,#1925,#1926,#1927,#1928),.UNSPECIFIED.,.F.,.F.,(11,11),(
    0.,6.322058019692),.PIECEWISE_BEZIER_KNOTS.);
#1918 = CARTESIAN_POINT('',(2.,-2.312618096444E-15,-3.75625));
#1919 = CARTESIAN_POINT('',(2.,1.25656558669,-3.68625));
#1920 = CARTESIAN_POINT('',(1.122940412946,2.513813885763,-3.61625));
#1921 = CARTESIAN_POINT('',(-0.633594071687,3.076350013569,
    -3.546250000001));
#1922 = CARTESIAN_POINT('',(-2.638422893109,2.2878704339,-3.476249999999
    ));
#1923 = CARTESIAN_POINT('',(-3.70184102311,-2.375877272698E-12,
    -3.406250000002));
#1924 = CARTESIAN_POINT('',(-2.638422893113,-2.287870433896,
    -3.336249999998));
#1925 = CARTESIAN_POINT('',(-0.633594071683,-3.076350013572,
    -3.266250000001));
#1926 = CARTESIAN_POINT('',(1.122940412944,-2.513813885761,
    -3.196249999999));
#1927 = CARTESIAN_POINT('',(2.,-1.256565586691,-3.12625));
#1928 = CARTESIAN_POINT('',(2.,4.120812446886E-14,-3.05625));
#1929 = ORIENTED_EDGE('',*,*,#1930,.F.);
#1930 = EDGE_CURVE('',#1152,#1915,#1931,.T.);
#1931 = B_SPLINE_CURVE_WITH_KNOTS('',1,(#1932,#1933),.UNSPECIFIED.,.F.,
  .F.,(2,2),(0.,8.75E-02),.PIECEWISE_BEZIER_KNOTS.);
#1932 = CARTESIAN_POINT('',(2.,4.120812446886E-14,-3.14375));
#1933 = CARTESIAN_POINT('',(2.,4.120812446886E-14,-3.05625));
#1934 = B_SPLINE_SURFACE_WITH_KNOTS('',1,10,(
    (#1935,#1936,#1937,#1938,#1939,#1940,#1941,#1942,#1943,#1944,#1945)
    ,(#1946,#1947,#1948,#1949,#1950,#1951,#1952,#1953,#1954,#1955,#1956
    )),.UNSPECIFIED.,.F.,.F.,.F.,(2,2),(11,11),(0.,8.75E-02),(0.,
    6.322058019692),.PIECEWISE_BEZIER_KNOTS.);
#1935 = CARTESIAN_POINT('',(2.,-2.312618096444E-15,-3.84375));
#1936 = CARTESIAN_POINT('',(2.,1.25656558669,-3.77375));
#1937 = CARTESIAN_POINT('',(1.122940412946,2.513813885763,-3.70375));
#1938 = CARTESIAN_POINT('',(-0.633594071687,3.076350013569,-3.63375));
#1939 = CARTESIAN_POINT('',(-2.638422893109,2.2878704339,-3.56375));
#1940 = CARTESIAN_POINT('',(-3.70184102311,-2.375877272698E-12,-3.49375)
  );
#1941 = CARTESIAN_POINT('',(-2.638422893113,-2.287870433896,-3.42375));
#1942 = CARTESIAN_POINT('',(-0.633594071683,-3.076350013572,-3.35375));
#1943 = CARTESIAN_POINT('',(1.122940412944,-2.513813885761,-3.28375));
#1944 = CARTESIAN_POINT('',(2.,-1.256565586691,-3.21375));
#1945 = CARTESIAN_POINT('',(2.,4.120812446886E-14,-3.14375));
#1946 = CARTESIAN_POINT('',(2.,-2.312618096444E-15,-3.75625));
#1947 = CARTESIAN_POINT('',(2.,1.25656558669,-3.68625));
#1948 = CARTESIAN_POINT('',(1.122940412946,2.513813885763,-3.61625));
#1949 = CARTESIAN_POINT('',(-0.633594071687,3.076350013569,
    -3.546250000001));
#1950 = CARTESIAN_POINT('',(-2.638422893109,2.2878704339,-3.476249999999
    ));
#1951 = CARTESIAN_POINT('',(-3.70184102311,-2.375877272698E-12,
    -3.406250000002));
#1952 = CARTESIAN_POINT('',(-2.638422893113,-2.287870433896,
    -3.336249999998));
#1953 = CARTESIAN_POINT('',(-0.633594071683,-3.076350013572,
    -3.266250000001));
#1954 = CARTESIAN_POINT('',(1.122940412944,-2.513813885761,
    -3.196249999999));
#1955 = CARTESIAN_POINT('',(2.,-1.256565586691,-3.12625));
#1956 = CARTESIAN_POINT('',(2.,4.120812446886E-14,-3.05625));
#1957 = ADVANCED_FACE('',(#1958),#2076,.T.);
#1958 = FACE_BOUND('',#1959,.T.);
#1959 = EDGE_LOOP('',(#1960,#1961,#1962,#2071));
#1960 = ORIENTED_EDGE('',*,*,#1914,.F.);
#1961 = ORIENTED_EDGE('',*,*,#1324,.T.);
#1962 = ORIENTED_EDGE('',*,*,#1963,.T.);
#1963 = EDGE_CURVE('',#1216,#1964,#1966,.T.);
#1964 = VERTEX_POINT('',#1965);
#1965 = CARTESIAN_POINT('',(1.621113885844,1.470896800567E-14,-2.8375));
#1966 = B_SPLINE_CURVE_WITH_KNOTS('',7,(#1967,#1968,#1969,#1970,#1971,
    #1972,#1973,#1974,#1975,#1976,#1977,#1978,#1979,#1980,#1981,#1982,
    #1983,#1984,#1985,#1986,#1987,#1988,#1989,#1990,#1991,#1992,#1993,
    #1994,#1995,#1996,#1997,#1998,#1999,#2000,#2001,#2002,#2003,#2004,
    #2005,#2006,#2007,#2008,#2009,#2010,#2011,#2012,#2013,#2014,#2015,
    #2016,#2017,#2018,#2019,#2020,#2021,#2022,#2023,#2024,#2025,#2026,
    #2027,#2028,#2029,#2030,#2031,#2032,#2033,#2034,#2035,#2036,#2037,
    #2038,#2039,#2040,#2041,#2042,#2043,#2044,#2045,#2046,#2047,#2048,
    #2049,#2050,#2051,#2052,#2053,#2054,#2055,#2056,#2057,#2058,#2059,
    #2060,#2061,#2062,#2063,#2064,#2065,#2066,#2067,#2068,#2069,#2070),
  .UNSPECIFIED.,.F.,.F.,(8,6,6,6,6,6,6,6,6,6,6,6,6,6,6,6,6,8),(0.,
    2.950231761125E-02,5.048131889136E-02,0.129481479234,0.143803967463,
    0.262796579429,0.301080484616,0.359083557643,0.402877252146,
    0.499808268142,0.59891523154,0.687463589499,0.732465157846,
    0.839837508234,0.8714566874,0.942103990087,0.972104038221,1.),
  .UNSPECIFIED.);
#1967 = CARTESIAN_POINT('',(1.621113885844,8.881784197001E-16,-3.5375));
#1968 = CARTESIAN_POINT('',(1.621113885844,4.292719391871E-02,
    -3.534549838512));
#1969 = CARTESIAN_POINT('',(1.619787710575,8.585453924686E-02,
    -3.53159953969));
#1970 = CARTESIAN_POINT('',(1.617135369541,0.128732634519,
    -3.528649166486));
#1971 = CARTESIAN_POINT('',(1.613159143418,0.171512308675,
    -3.525698776393));
#1972 = CARTESIAN_POINT('',(1.607863584053,0.214144621064,-3.52274842144
    ));
#1973 = CARTESIAN_POINT('',(1.601255514465,0.256580861442,
    -3.519798148195));
#1974 = CARTESIAN_POINT('',(1.587718197375,0.328774921287,
    -3.514750155469));
#1975 = CARTESIAN_POINT('',(1.581433271366,0.358653693854,-3.51265237239
    ));
#1976 = CARTESIAN_POINT('',(1.574492517636,0.388391465155,
    -3.510554660363));
#1977 = CARTESIAN_POINT('',(1.566899766278,0.417970978466,
    -3.508457027595));
#1978 = CARTESIAN_POINT('',(1.558659410659,0.447375122852,
    -3.506359478668));
#1979 = CARTESIAN_POINT('',(1.549776407424,0.476586933171,
    -3.504262014531));
#1980 = CARTESIAN_POINT('',(1.504406530373,0.614804252639,
    -3.494266567497));
#1981 = CARTESIAN_POINT('',(1.459519478063,0.721061009531,
    -3.486369106743));
#1982 = CARTESIAN_POINT('',(1.405891771634,0.823448760332,
    -3.478473105439));
#1983 = CARTESIAN_POINT('',(1.343932033884,0.921111605741,
    -3.470577554742));
#1984 = CARTESIAN_POINT('',(1.274147047832,1.013250313407,
    -3.462680984971));
#1985 = CARTESIAN_POINT('',(1.197137110965,1.099129908689,
    -3.454782611308));
#1986 = CARTESIAN_POINT('',(1.098455631194,1.192409228874,
    -3.445451086824));
#1987 = CARTESIAN_POINT('',(1.083095992978,1.206497929157,
    -3.444018900085));
#1988 = CARTESIAN_POINT('',(1.067525727683,1.220355625837,
    -3.442586660333));
#1989 = CARTESIAN_POINT('',(1.051749008889,1.233978547247,
    -3.441154366772));
#1990 = CARTESIAN_POINT('',(1.035770095689,1.247363015435,
    -3.439722019285));
#1991 = CARTESIAN_POINT('',(1.01959333268,1.260505446166,-3.438289618431
    ));
#1992 = CARTESIAN_POINT('',(0.867218095014,1.380551059431,
    -3.424956208037));
#1993 = CARTESIAN_POINT('',(0.717813056194,1.470791065775,
    -3.413047355842));
#1994 = CARTESIAN_POINT('',(0.557614070194,1.542034876485,
    -3.401138647654));
#1995 = CARTESIAN_POINT('',(0.389545727275,1.592814503256,
    -3.389230463316));
#1996 = CARTESIAN_POINT('',(0.216700857293,1.622196326067,
    -3.377323492253));
#1997 = CARTESIAN_POINT('',(4.232625912691E-02,1.629784033997,
    -3.365416701441));
#1998 = CARTESIAN_POINT('',(-0.18577809814,1.611396831898,
    -3.349689273622));
#1999 = CARTESIAN_POINT('',(-0.241123718229,1.604695073331,
    -3.345861287644));
#2000 = CARTESIAN_POINT('',(-0.296182576064,1.595776047326,
    -3.342033643336));
#2001 = CARTESIAN_POINT('',(-0.350848238668,1.584654803175,
    -3.338206320883));
#2002 = CARTESIAN_POINT('',(-0.405015559592,1.571352720785,
    -3.33437928902));
#2003 = CARTESIAN_POINT('',(-0.458580678919,1.55589751067,
    -3.330552505036));
#2004 = CARTESIAN_POINT('',(-0.591528527356,1.511696797173,
    -3.320928334994));
#2005 = CARTESIAN_POINT('',(-0.670000527982,1.480205272514,
    -3.315131077973));
#2006 = CARTESIAN_POINT('',(-0.746499742759,1.443967505327,
    -3.30933416353));
#2007 = CARTESIAN_POINT('',(-0.820682768083,1.40313359372,
    -3.303537355061));
#2008 = CARTESIAN_POINT('',(-0.892221766904,1.357883952369,
    -3.297740343438));
#2009 = CARTESIAN_POINT('',(-0.960806156499,1.308428396312,
    -3.291942930921));
#2010 = CARTESIAN_POINT('',(-1.075476139928,1.214669464377,
    -3.281767802205));
#2011 = CARTESIAN_POINT('',(-1.12295851615,1.172071091523,
    -3.277390121498));
#2012 = CARTESIAN_POINT('',(-1.168466358333,1.127312396802,
    -3.273012175533));
#2013 = CARTESIAN_POINT('',(-1.211882250628,1.080503706369,
    -3.268633929145));
#2014 = CARTESIAN_POINT('',(-1.253096740854,1.031763043152,
    -3.264255347331));
#2015 = CARTESIAN_POINT('',(-1.292008653444,0.981215788072,
    -3.259876433182));
#2016 = CARTESIAN_POINT('',(-1.409349950651,0.813409713091,
    -3.245804611472));
#2017 = CARTESIAN_POINT('',(-1.478454877098,0.689603138974,
    -3.236109057654));
#2018 = CARTESIAN_POINT('',(-1.534811179648,0.559033202698,
    -3.226413526876));
#2019 = CARTESIAN_POINT('',(-1.577655123924,0.423281594777,
    -3.216718338106));
#2020 = CARTESIAN_POINT('',(-1.606460125757,0.284017756627,
    -3.207022834844));
#2021 = CARTESIAN_POINT('',(-1.620944164622,0.142974914339,
    -3.197327119871));
#2022 = CARTESIAN_POINT('',(-1.621285075408,-0.142265976177,
    -3.177723076007));
#2023 = CARTESIAN_POINT('',(-1.606492059718,-0.286512682271,
    -3.167811570837));
#2024 = CARTESIAN_POINT('',(-1.576722662119,-0.428893229084,
    -3.157902439121));
#2025 = CARTESIAN_POINT('',(-1.532281239996,-0.567554846474,
    -3.147994838385));
#2026 = CARTESIAN_POINT('',(-1.473738716937,-0.700715114559,
    -3.138086409725));
#2027 = CARTESIAN_POINT('',(-1.40192416195,-0.826688840294,
    -3.128175867659));
#2028 = CARTESIAN_POINT('',(-1.242935028876,-1.048676942348,
    -3.109411517995));
#2029 = CARTESIAN_POINT('',(-1.158191894691,-1.146481395852,
    -3.100555285016));
#2030 = CARTESIAN_POINT('',(-1.064512877125,-1.23623671147,
    -3.091698505308));
#2031 = CARTESIAN_POINT('',(-0.962826119339,-1.316979346757,
    -3.082840860689));
#2032 = CARTESIAN_POINT('',(-0.85417632443,-1.387879880771,
    -3.07398178729));
#2033 = CARTESIAN_POINT('',(-0.739712234636,-1.448252887343,
    -3.06512170294));
#2034 = CARTESIAN_POINT('',(-0.560197620092,-1.52265440572,
    -3.051760849207));
#2035 = CARTESIAN_POINT('',(-0.498525804823,-1.544874671437,
    -3.047258784613));
#2036 = CARTESIAN_POINT('',(-0.43583417666,-1.564177460186,
    -3.042756934295));
#2037 = CARTESIAN_POINT('',(-0.372288529714,-1.580507445412,
    -3.038255379769));
#2038 = CARTESIAN_POINT('',(-0.308057973635,-1.593821182205,
    -3.033754171816));
#2039 = CARTESIAN_POINT('',(-0.243314426309,-1.604087234456,
    -3.02925336528));
#2040 = CARTESIAN_POINT('',(-2.294770431803E-02,-1.628463054586,
    -3.014015450034));
#2041 = CARTESIAN_POINT('',(0.134305376379,-1.628184323544,
    -3.003277953674));
#2042 = CARTESIAN_POINT('',(0.291104624344,-1.610168223809,
    -2.992545482916));
#2043 = CARTESIAN_POINT('',(0.445065450844,-1.574579667513,
    -2.98181699662));
#2044 = CARTESIAN_POINT('',(0.593866730311,-1.521954683693,
    -2.97108844298));
#2045 = CARTESIAN_POINT('',(0.735292189852,-1.453191251493,
    -2.960356820309));
#2046 = CARTESIAN_POINT('',(0.90615787828,-1.344992520631,
    -2.946465129704));
#2047 = CARTESIAN_POINT('',(0.944213220564,-1.319091301082,
    -2.943304701886));
#2048 = CARTESIAN_POINT('',(0.981402322071,-1.291935522844,
    -2.940144033232));
#2049 = CARTESIAN_POINT('',(1.017675684081,-1.263560091835,
    -2.936983100333));
#2050 = CARTESIAN_POINT('',(1.05298566154,-1.234002285289,-2.9338218897)
  );
#2051 = CARTESIAN_POINT('',(1.08728646306,-1.203301751756,
    -2.930660397757));
#2052 = CARTESIAN_POINT('',(1.194820059964,-1.100446425138,
    -2.920434237982));
#2053 = CARTESIAN_POINT('',(1.263852050072,-1.023893644621,
    -2.913368176873));
#2054 = CARTESIAN_POINT('',(1.327136931693,-0.942314582487,
    -2.906300986045));
#2055 = CARTESIAN_POINT('',(1.38423980246,-0.856229572708,-2.89923302135
    ));
#2056 = CARTESIAN_POINT('',(1.434786864453,-0.766202453106,
    -2.892164648573));
#2057 = CARTESIAN_POINT('',(1.478468241474,-0.672836148175,
    -2.885096436027));
#2058 = CARTESIAN_POINT('',(1.530571161423,-0.535973467075,
    -2.875028340766));
#2059 = CARTESIAN_POINT('',(1.544820016981,-0.494690716379,
    -2.872027475965));
#2060 = CARTESIAN_POINT('',(1.557768920614,-0.452968467899,
    -2.869026786776));
#2061 = CARTESIAN_POINT('',(1.569401773844,-0.410855842733,
    -2.866026290723));
#2062 = CARTESIAN_POINT('',(1.579704822079,-0.368402615002,
    -2.863025988824));
#2063 = CARTESIAN_POINT('',(1.588666654613,-0.325659211848,
    -2.860025865591));
#2064 = CARTESIAN_POINT('',(1.603355910208,-0.242708839798,
    -2.854236319129));
#2065 = CARTESIAN_POINT('',(1.609266130577,-0.202534072577,
    -2.851446872981));
#2066 = CARTESIAN_POINT('',(1.614001588206,-0.162193471879,
    -2.84865751972));
#2067 = CARTESIAN_POINT('',(1.617556824001,-0.121728271056,
    -2.845868216527));
#2068 = CARTESIAN_POINT('',(1.619928197293,-8.11798767031E-02,
    -2.84307890864));
#2069 = CARTESIAN_POINT('',(1.621113885844,-4.058986865718E-02,
    -2.840289529349));
#2070 = CARTESIAN_POINT('',(1.621113885844,6.106226635438E-14,-2.8375));
#2071 = ORIENTED_EDGE('',*,*,#2072,.F.);
#2072 = EDGE_CURVE('',#1915,#1964,#2073,.T.);
#2073 = B_SPLINE_CURVE_WITH_KNOTS('',1,(#2074,#2075),.UNSPECIFIED.,.F.,
  .F.,(2,2),(0.,0.610705080757),.PIECEWISE_BEZIER_KNOTS.);
#2074 = CARTESIAN_POINT('',(2.,4.120812446886E-14,-3.05625));
#2075 = CARTESIAN_POINT('',(1.471113885844,2.530448465117E-14,
    -2.750897459622));
#2076 = B_SPLINE_SURFACE_WITH_KNOTS('',1,10,(
    (#2077,#2078,#2079,#2080,#2081,#2082,#2083,#2084,#2085,#2086,#2087)
    ,(#2088,#2089,#2090,#2091,#2092,#2093,#2094,#2095,#2096,#2097,#2098
    )),.UNSPECIFIED.,.F.,.F.,.F.,(2,2),(11,11),(0.,0.610705080757),(0.,
    6.322058019692),.PIECEWISE_BEZIER_KNOTS.);
#2077 = CARTESIAN_POINT('',(2.,-2.312618096444E-15,-3.75625));
#2078 = CARTESIAN_POINT('',(2.,1.25656558669,-3.68625));
#2079 = CARTESIAN_POINT('',(1.122940412946,2.513813885763,-3.61625));
#2080 = CARTESIAN_POINT('',(-0.633594071687,3.076350013569,
    -3.546250000001));
#2081 = CARTESIAN_POINT('',(-2.638422893109,2.2878704339,-3.476249999999
    ));
#2082 = CARTESIAN_POINT('',(-3.70184102311,-2.375877272698E-12,
    -3.406250000002));
#2083 = CARTESIAN_POINT('',(-2.638422893113,-2.287870433896,
    -3.336249999998));
#2084 = CARTESIAN_POINT('',(-0.633594071683,-3.076350013572,
    -3.266250000001));
#2085 = CARTESIAN_POINT('',(1.122940412944,-2.513813885761,
    -3.196249999999));
#2086 = CARTESIAN_POINT('',(2.,-1.256565586691,-3.12625));
#2087 = CARTESIAN_POINT('',(2.,4.120812446886E-14,-3.05625));
#2088 = CARTESIAN_POINT('',(1.471113885844,4.354888995704E-16,
    -3.450897459622));
#2089 = CARTESIAN_POINT('',(1.471113885844,0.924328115272,
    -3.380897459622));
#2090 = CARTESIAN_POINT('',(0.825949921726,1.848632955741,
    -3.310897459621));
#2091 = CARTESIAN_POINT('',(-0.4658837614,2.26378643,-3.240897459622));
#2092 = CARTESIAN_POINT('',(-1.941056677683,1.681944175371,
    -3.17089745962));
#2093 = CARTESIAN_POINT('',(-2.722472573142,-6.203926261605E-13,
    -3.100897459623));
#2094 = CARTESIAN_POINT('',(-1.941056677685,-1.68194417537,
    -3.03089745962));
#2095 = CARTESIAN_POINT('',(-0.465883761398,-2.263786430001,
    -2.960897459623));
#2096 = CARTESIAN_POINT('',(0.825949921725,-1.84863295574,
    -2.890897459621));
#2097 = CARTESIAN_POINT('',(1.471113885844,-0.924328115272,
    -2.820897459622));
#2098 = CARTESIAN_POINT('',(1.471113885844,2.530448465117E-14,
    -2.750897459622));
#2099 = ADVANCED_FACE('',(#2100),#2123,.T.);
#2100 = FACE_BOUND('',#2101,.T.);
#2101 = EDGE_LOOP('',(#2102,#2116,#2121,#2122));
#2102 = ORIENTED_EDGE('',*,*,#2103,.F.);
#2103 = EDGE_CURVE('',#1866,#1432,#2104,.T.);
#2104 = B_SPLINE_CURVE_WITH_KNOTS('',10,(#2105,#2106,#2107,#2108,#2109,
    #2110,#2111,#2112,#2113,#2114,#2115),.UNSPECIFIED.,.F.,.F.,(11,11),(
    0.,6.322058019692),.PIECEWISE_BEZIER_KNOTS.);
#2105 = CARTESIAN_POINT('',(2.,-2.312618096444E-15,-2.44375));
#2106 = CARTESIAN_POINT('',(2.,1.25656558669,-2.37375));
#2107 = CARTESIAN_POINT('',(1.122940412946,2.513813885763,-2.30375));
#2108 = CARTESIAN_POINT('',(-0.633594071687,3.076350013569,-2.23375));
#2109 = CARTESIAN_POINT('',(-2.638422893109,2.2878704339,-2.16375));
#2110 = CARTESIAN_POINT('',(-3.70184102311,-2.375877272698E-12,-2.09375)
  );
#2111 = CARTESIAN_POINT('',(-2.638422893113,-2.287870433896,-2.02375));
#2112 = CARTESIAN_POINT('',(-0.633594071683,-3.076350013572,-1.95375));
#2113 = CARTESIAN_POINT('',(1.122940412944,-2.513813885761,-1.88375));
#2114 = CARTESIAN_POINT('',(2.,-1.256565586691,-1.81375));
#2115 = CARTESIAN_POINT('',(2.,4.120812446886E-14,-1.74375));
#2116 = ORIENTED_EDGE('',*,*,#2117,.T.);
#2117 = EDGE_CURVE('',#1866,#1481,#2118,.T.);
#2118 = B_SPLINE_CURVE_WITH_KNOTS('',1,(#2119,#2120),.UNSPECIFIED.,.F.,
  .F.,(2,2),(0.,8.75E-02),.PIECEWISE_BEZIER_KNOTS.);
#2119 = CARTESIAN_POINT('',(2.,4.120812446886E-14,-2.44375));
#2120 = CARTESIAN_POINT('',(2.,4.120812446886E-14,-2.35625));
#2121 = ORIENTED_EDGE('',*,*,#1480,.T.);
#2122 = ORIENTED_EDGE('',*,*,#1447,.F.);
#2123 = B_SPLINE_SURFACE_WITH_KNOTS('',1,10,(
    (#2124,#2125,#2126,#2127,#2128,#2129,#2130,#2131,#2132,#2133,#2134)
    ,(#2135,#2136,#2137,#2138,#2139,#2140,#2141,#2142,#2143,#2144,#2145
    )),.UNSPECIFIED.,.F.,.F.,.F.,(2,2),(11,11),(0.,8.75E-02),(0.,
    6.322058019692),.PIECEWISE_BEZIER_KNOTS.);
#2124 = CARTESIAN_POINT('',(2.,-2.312618096444E-15,-2.44375));
#2125 = CARTESIAN_POINT('',(2.,1.25656558669,-2.37375));
#2126 = CARTESIAN_POINT('',(1.122940412946,2.513813885763,-2.30375));
#2127 = CARTESIAN_POINT('',(-0.633594071687,3.076350013569,-2.23375));
#2128 = CARTESIAN_POINT('',(-2.638422893109,2.2878704339,-2.16375));
#2129 = CARTESIAN_POINT('',(-3.70184102311,-2.375877272698E-12,-2.09375)
  );
#2130 = CARTESIAN_POINT('',(-2.638422893113,-2.287870433896,-2.02375));
#2131 = CARTESIAN_POINT('',(-0.633594071683,-3.076350013572,-1.95375));
#2132 = CARTESIAN_POINT('',(1.122940412944,-2.513813885761,-1.88375));
#2133 = CARTESIAN_POINT('',(2.,-1.256565586691,-1.81375));
#2134 = CARTESIAN_POINT('',(2.,4.120812446886E-14,-1.74375));
#2135 = CARTESIAN_POINT('',(2.,-2.312618096444E-15,-2.35625));
#2136 = CARTESIAN_POINT('',(2.,1.25656558669,-2.28625));
#2137 = CARTESIAN_POINT('',(1.122940412946,2.513813885763,-2.21625));
#2138 = CARTESIAN_POINT('',(-0.633594071687,3.076350013569,
    -2.146250000001));
#2139 = CARTESIAN_POINT('',(-2.638422893109,2.2878704339,-2.076249999999
    ));
#2140 = CARTESIAN_POINT('',(-3.70184102311,-2.375877272698E-12,
    -2.006250000002));
#2141 = CARTESIAN_POINT('',(-2.638422893113,-2.287870433896,
    -1.936249999998));
#2142 = CARTESIAN_POINT('',(-0.633594071683,-3.076350013572,
    -1.866250000001));
#2143 = CARTESIAN_POINT('',(1.122940412944,-2.513813885761,
    -1.796249999999));
#2144 = CARTESIAN_POINT('',(2.,-1.256565586691,-1.72625));
#2145 = CARTESIAN_POINT('',(2.,4.120812446886E-14,-1.65625));
#2146 = ADVANCED_FACE('',(#2147),#2272,.T.);
#2147 = FACE_BOUND('',#2148,.T.);
#2148 = EDGE_LOOP('',(#2149,#2163,#2164,#2271));
#2149 = ORIENTED_EDGE('',*,*,#2150,.F.);
#2150 = EDGE_CURVE('',#1915,#1481,#2151,.T.);
#2151 = B_SPLINE_CURVE_WITH_KNOTS('',10,(#2152,#2153,#2154,#2155,#2156,
    #2157,#2158,#2159,#2160,#2161,#2162),.UNSPECIFIED.,.F.,.F.,(11,11),(
    0.,6.322058019692),.PIECEWISE_BEZIER_KNOTS.);
#2152 = CARTESIAN_POINT('',(2.,-2.312618096444E-15,-3.05625));
#2153 = CARTESIAN_POINT('',(2.,1.25656558669,-2.98625));
#2154 = CARTESIAN_POINT('',(1.122940412946,2.513813885763,-2.91625));
#2155 = CARTESIAN_POINT('',(-0.633594071687,3.076350013569,
    -2.846250000001));
#2156 = CARTESIAN_POINT('',(-2.638422893109,2.2878704339,-2.776249999999
    ));
#2157 = CARTESIAN_POINT('',(-3.70184102311,-2.375877272698E-12,
    -2.706250000002));
#2158 = CARTESIAN_POINT('',(-2.638422893113,-2.287870433896,
    -2.636249999998));
#2159 = CARTESIAN_POINT('',(-0.633594071683,-3.076350013572,
    -2.566250000001));
#2160 = CARTESIAN_POINT('',(1.122940412944,-2.513813885761,
    -2.496249999999));
#2161 = CARTESIAN_POINT('',(2.,-1.256565586691,-2.42625));
#2162 = CARTESIAN_POINT('',(2.,4.120812446886E-14,-2.35625));
#2163 = ORIENTED_EDGE('',*,*,#2072,.T.);
#2164 = ORIENTED_EDGE('',*,*,#2165,.T.);
#2165 = EDGE_CURVE('',#1964,#1497,#2166,.T.);
#2166 = B_SPLINE_CURVE_WITH_KNOTS('',7,(#2167,#2168,#2169,#2170,#2171,
    #2172,#2173,#2174,#2175,#2176,#2177,#2178,#2179,#2180,#2181,#2182,
    #2183,#2184,#2185,#2186,#2187,#2188,#2189,#2190,#2191,#2192,#2193,
    #2194,#2195,#2196,#2197,#2198,#2199,#2200,#2201,#2202,#2203,#2204,
    #2205,#2206,#2207,#2208,#2209,#2210,#2211,#2212,#2213,#2214,#2215,
    #2216,#2217,#2218,#2219,#2220,#2221,#2222,#2223,#2224,#2225,#2226,
    #2227,#2228,#2229,#2230,#2231,#2232,#2233,#2234,#2235,#2236,#2237,
    #2238,#2239,#2240,#2241,#2242,#2243,#2244,#2245,#2246,#2247,#2248,
    #2249,#2250,#2251,#2252,#2253,#2254,#2255,#2256,#2257,#2258,#2259,
    #2260,#2261,#2262,#2263,#2264,#2265,#2266,#2267,#2268,#2269,#2270),
  .UNSPECIFIED.,.F.,.F.,(8,6,6,6,6,6,6,6,6,6,6,6,6,6,6,6,6,8),(0.,
    2.950231761124E-02,5.048131889135E-02,0.129481479233,0.143803967463,
    0.262796579429,0.301080484616,0.359083557643,0.402877252146,
    0.499808268142,0.59891523154,0.687463589499,0.732465157845,
    0.839837508234,0.8714566874,0.942103990087,0.972104038221,1.),
  .UNSPECIFIED.);
#2167 = CARTESIAN_POINT('',(1.621113885844,8.881784197001E-16,-2.8375));
#2168 = CARTESIAN_POINT('',(1.621113885844,4.292719391871E-02,
    -2.834549838512));
#2169 = CARTESIAN_POINT('',(1.619787710575,8.585453924686E-02,
    -2.83159953969));
#2170 = CARTESIAN_POINT('',(1.617135369541,0.128732634519,
    -2.828649166486));
#2171 = CARTESIAN_POINT('',(1.613159143418,0.171512308675,
    -2.825698776393));
#2172 = CARTESIAN_POINT('',(1.607863584053,0.214144621064,-2.82274842144
    ));
#2173 = CARTESIAN_POINT('',(1.601255514465,0.256580861442,
    -2.819798148195));
#2174 = CARTESIAN_POINT('',(1.587718197375,0.328774921287,
    -2.814750155469));
#2175 = CARTESIAN_POINT('',(1.581433271366,0.358653693854,-2.81265237239
    ));
#2176 = CARTESIAN_POINT('',(1.574492517636,0.388391465155,
    -2.810554660363));
#2177 = CARTESIAN_POINT('',(1.566899766278,0.417970978466,
    -2.808457027595));
#2178 = CARTESIAN_POINT('',(1.558659410659,0.447375122852,
    -2.806359478668));
#2179 = CARTESIAN_POINT('',(1.549776407424,0.476586933171,
    -2.804262014531));
#2180 = CARTESIAN_POINT('',(1.504406530373,0.614804252639,
    -2.794266567497));
#2181 = CARTESIAN_POINT('',(1.459519478063,0.721061009532,
    -2.786369106743));
#2182 = CARTESIAN_POINT('',(1.405891771634,0.823448760332,
    -2.778473105439));
#2183 = CARTESIAN_POINT('',(1.343932033884,0.921111605741,
    -2.770577554742));
#2184 = CARTESIAN_POINT('',(1.274147047832,1.013250313407,
    -2.762680984971));
#2185 = CARTESIAN_POINT('',(1.197137110965,1.099129908689,
    -2.754782611308));
#2186 = CARTESIAN_POINT('',(1.098455631194,1.192409228874,
    -2.745451086824));
#2187 = CARTESIAN_POINT('',(1.083095992978,1.206497929157,
    -2.744018900085));
#2188 = CARTESIAN_POINT('',(1.067525727683,1.220355625837,
    -2.742586660333));
#2189 = CARTESIAN_POINT('',(1.051749008889,1.233978547247,
    -2.741154366772));
#2190 = CARTESIAN_POINT('',(1.035770095689,1.247363015435,
    -2.739722019285));
#2191 = CARTESIAN_POINT('',(1.01959333268,1.260505446166,-2.738289618431
    ));
#2192 = CARTESIAN_POINT('',(0.867218095014,1.380551059431,
    -2.724956208037));
#2193 = CARTESIAN_POINT('',(0.717813056194,1.470791065775,
    -2.713047355842));
#2194 = CARTESIAN_POINT('',(0.557614070194,1.542034876485,
    -2.701138647654));
#2195 = CARTESIAN_POINT('',(0.389545727275,1.592814503256,
    -2.689230463316));
#2196 = CARTESIAN_POINT('',(0.216700857293,1.622196326067,
    -2.677323492253));
#2197 = CARTESIAN_POINT('',(4.232625912691E-02,1.629784033997,
    -2.665416701441));
#2198 = CARTESIAN_POINT('',(-0.18577809814,1.611396831898,
    -2.649689273622));
#2199 = CARTESIAN_POINT('',(-0.241123718229,1.604695073331,
    -2.645861287644));
#2200 = CARTESIAN_POINT('',(-0.296182576064,1.595776047326,
    -2.642033643336));
#2201 = CARTESIAN_POINT('',(-0.350848238668,1.584654803175,
    -2.638206320883));
#2202 = CARTESIAN_POINT('',(-0.405015559592,1.571352720785,
    -2.63437928902));
#2203 = CARTESIAN_POINT('',(-0.458580678919,1.55589751067,
    -2.630552505036));
#2204 = CARTESIAN_POINT('',(-0.591528527356,1.511696797173,
    -2.620928334994));
#2205 = CARTESIAN_POINT('',(-0.670000527982,1.480205272514,
    -2.615131077973));
#2206 = CARTESIAN_POINT('',(-0.746499742759,1.443967505327,
    -2.60933416353));
#2207 = CARTESIAN_POINT('',(-0.820682768083,1.40313359372,
    -2.603537355061));
#2208 = CARTESIAN_POINT('',(-0.892221766904,1.357883952369,
    -2.597740343438));
#2209 = CARTESIAN_POINT('',(-0.960806156499,1.308428396312,
    -2.591942930921));
#2210 = CARTESIAN_POINT('',(-1.075476139928,1.214669464377,
    -2.581767802205));
#2211 = CARTESIAN_POINT('',(-1.12295851615,1.172071091523,
    -2.577390121498));
#2212 = CARTESIAN_POINT('',(-1.168466358333,1.127312396802,
    -2.573012175533));
#2213 = CARTESIAN_POINT('',(-1.211882250628,1.080503706369,
    -2.568633929145));
#2214 = CARTESIAN_POINT('',(-1.253096740854,1.031763043152,
    -2.564255347331));
#2215 = CARTESIAN_POINT('',(-1.292008653444,0.981215788072,
    -2.559876433182));
#2216 = CARTESIAN_POINT('',(-1.409349950651,0.813409713091,
    -2.545804611472));
#2217 = CARTESIAN_POINT('',(-1.478454877098,0.689603138974,
    -2.536109057654));
#2218 = CARTESIAN_POINT('',(-1.534811179648,0.559033202698,
    -2.526413526876));
#2219 = CARTESIAN_POINT('',(-1.577655123924,0.423281594777,
    -2.516718338106));
#2220 = CARTESIAN_POINT('',(-1.606460125757,0.284017756627,
    -2.507022834844));
#2221 = CARTESIAN_POINT('',(-1.620944164622,0.142974914339,
    -2.497327119871));
#2222 = CARTESIAN_POINT('',(-1.621285075408,-0.142265976177,
    -2.477723076007));
#2223 = CARTESIAN_POINT('',(-1.606492059718,-0.286512682271,
    -2.467811570837));
#2224 = CARTESIAN_POINT('',(-1.576722662119,-0.428893229084,
    -2.457902439121));
#2225 = CARTESIAN_POINT('',(-1.532281239996,-0.567554846474,
    -2.447994838385));
#2226 = CARTESIAN_POINT('',(-1.473738716937,-0.700715114559,
    -2.438086409725));
#2227 = CARTESIAN_POINT('',(-1.40192416195,-0.826688840294,
    -2.428175867659));
#2228 = CARTESIAN_POINT('',(-1.242935028876,-1.048676942349,
    -2.409411517995));
#2229 = CARTESIAN_POINT('',(-1.158191894691,-1.146481395852,
    -2.400555285016));
#2230 = CARTESIAN_POINT('',(-1.064512877125,-1.23623671147,
    -2.391698505308));
#2231 = CARTESIAN_POINT('',(-0.962826119339,-1.316979346758,
    -2.382840860689));
#2232 = CARTESIAN_POINT('',(-0.85417632443,-1.387879880771,
    -2.37398178729));
#2233 = CARTESIAN_POINT('',(-0.739712234636,-1.448252887343,
    -2.36512170294));
#2234 = CARTESIAN_POINT('',(-0.560197620092,-1.52265440572,
    -2.351760849207));
#2235 = CARTESIAN_POINT('',(-0.498525804823,-1.544874671437,
    -2.347258784613));
#2236 = CARTESIAN_POINT('',(-0.43583417666,-1.564177460186,
    -2.342756934295));
#2237 = CARTESIAN_POINT('',(-0.372288529714,-1.580507445412,
    -2.338255379769));
#2238 = CARTESIAN_POINT('',(-0.308057973635,-1.593821182205,
    -2.333754171816));
#2239 = CARTESIAN_POINT('',(-0.243314426309,-1.604087234456,
    -2.32925336528));
#2240 = CARTESIAN_POINT('',(-2.294770431803E-02,-1.628463054586,
    -2.314015450034));
#2241 = CARTESIAN_POINT('',(0.134305376379,-1.628184323544,
    -2.303277953674));
#2242 = CARTESIAN_POINT('',(0.291104624344,-1.610168223809,
    -2.292545482916));
#2243 = CARTESIAN_POINT('',(0.445065450844,-1.574579667513,
    -2.28181699662));
#2244 = CARTESIAN_POINT('',(0.593866730311,-1.521954683693,
    -2.27108844298));
#2245 = CARTESIAN_POINT('',(0.735292189852,-1.453191251493,
    -2.260356820309));
#2246 = CARTESIAN_POINT('',(0.90615787828,-1.344992520631,
    -2.246465129704));
#2247 = CARTESIAN_POINT('',(0.944213220564,-1.319091301082,
    -2.243304701886));
#2248 = CARTESIAN_POINT('',(0.981402322071,-1.291935522844,
    -2.240144033232));
#2249 = CARTESIAN_POINT('',(1.017675684081,-1.263560091835,
    -2.236983100333));
#2250 = CARTESIAN_POINT('',(1.05298566154,-1.234002285289,-2.2338218897)
  );
#2251 = CARTESIAN_POINT('',(1.08728646306,-1.203301751756,
    -2.230660397757));
#2252 = CARTESIAN_POINT('',(1.194820059964,-1.100446425138,
    -2.220434237982));
#2253 = CARTESIAN_POINT('',(1.263852050072,-1.023893644621,
    -2.213368176873));
#2254 = CARTESIAN_POINT('',(1.327136931693,-0.942314582487,
    -2.206300986045));
#2255 = CARTESIAN_POINT('',(1.38423980246,-0.856229572708,-2.19923302135
    ));
#2256 = CARTESIAN_POINT('',(1.434786864453,-0.766202453106,
    -2.192164648573));
#2257 = CARTESIAN_POINT('',(1.478468241474,-0.672836148175,
    -2.185096436027));
#2258 = CARTESIAN_POINT('',(1.530571161423,-0.535973467075,
    -2.175028340766));
#2259 = CARTESIAN_POINT('',(1.544820016981,-0.494690716379,
    -2.172027475965));
#2260 = CARTESIAN_POINT('',(1.557768920614,-0.452968467899,
    -2.169026786776));
#2261 = CARTESIAN_POINT('',(1.569401773844,-0.410855842733,
    -2.166026290723));
#2262 = CARTESIAN_POINT('',(1.579704822079,-0.368402615002,
    -2.163025988824));
#2263 = CARTESIAN_POINT('',(1.588666654613,-0.325659211848,
    -2.160025865591));
#2264 = CARTESIAN_POINT('',(1.603355910208,-0.242708839798,
    -2.154236319129));
#2265 = CARTESIAN_POINT('',(1.609266130577,-0.202534072577,
    -2.151446872981));
#2266 = CARTESIAN_POINT('',(1.614001588206,-0.162193471879,
    -2.14865751972));
#2267 = CARTESIAN_POINT('',(1.617556824001,-0.121728271056,
    -2.145868216527));
#2268 = CARTESIAN_POINT('',(1.619928197293,-8.11798767031E-02,
    -2.14307890864));
#2269 = CARTESIAN_POINT('',(1.621113885844,-4.058986865718E-02,
    -2.140289529349));
#2270 = CARTESIAN_POINT('',(1.621113885844,6.106226635438E-14,-2.1375));
#2271 = ORIENTED_EDGE('',*,*,#1496,.F.);
#2272 = B_SPLINE_SURFACE_WITH_KNOTS('',1,10,(
    (#2273,#2274,#2275,#2276,#2277,#2278,#2279,#2280,#2281,#2282,#2283)
    ,(#2284,#2285,#2286,#2287,#2288,#2289,#2290,#2291,#2292,#2293,#2294
    )),.UNSPECIFIED.,.F.,.F.,.F.,(2,2),(11,11),(0.,0.610705080757),(0.,
    6.322058019692),.PIECEWISE_BEZIER_KNOTS.);
#2273 = CARTESIAN_POINT('',(2.,-2.312618096444E-15,-3.05625));
#2274 = CARTESIAN_POINT('',(2.,1.25656558669,-2.98625));
#2275 = CARTESIAN_POINT('',(1.122940412946,2.513813885763,-2.91625));
#2276 = CARTESIAN_POINT('',(-0.633594071687,3.076350013569,
    -2.846250000001));
#2277 = CARTESIAN_POINT('',(-2.638422893109,2.2878704339,-2.776249999999
    ));
#2278 = CARTESIAN_POINT('',(-3.70184102311,-2.375877272698E-12,
    -2.706250000002));
#2279 = CARTESIAN_POINT('',(-2.638422893113,-2.287870433896,
    -2.636249999998));
#2280 = CARTESIAN_POINT('',(-0.633594071683,-3.076350013572,
    -2.566250000001));
#2281 = CARTESIAN_POINT('',(1.122940412944,-2.513813885761,
    -2.496249999999));
#2282 = CARTESIAN_POINT('',(2.,-1.256565586691,-2.42625));
#2283 = CARTESIAN_POINT('',(2.,4.120812446886E-14,-2.35625));
#2284 = CARTESIAN_POINT('',(1.471113885844,4.354888995704E-16,
    -2.750897459622));
#2285 = CARTESIAN_POINT('',(1.471113885844,0.924328115272,
    -2.680897459622));
#2286 = CARTESIAN_POINT('',(0.825949921726,1.848632955741,
    -2.610897459621));
#2287 = CARTESIAN_POINT('',(-0.4658837614,2.26378643,-2.540897459622));
#2288 = CARTESIAN_POINT('',(-1.941056677683,1.681944175371,
    -2.47089745962));
#2289 = CARTESIAN_POINT('',(-2.722472573142,-6.203926261605E-13,
    -2.400897459623));
#2290 = CARTESIAN_POINT('',(-1.941056677685,-1.68194417537,
    -2.33089745962));
#2291 = CARTESIAN_POINT('',(-0.465883761398,-2.263786430001,
    -2.260897459623));
#2292 = CARTESIAN_POINT('',(0.825949921725,-1.84863295574,
    -2.190897459621));
#2293 = CARTESIAN_POINT('',(1.471113885844,-0.924328115272,
    -2.120897459622));
#2294 = CARTESIAN_POINT('',(1.471113885844,2.530448465117E-14,
    -2.050897459622));
#2295 = ADVANCED_FACE('',(#2296),#2396,.T.);
#2296 = FACE_BOUND('',#2297,.T.);
#2297 = EDGE_LOOP('',(#2298,#2393,#2394,#2395));
#2298 = ORIENTED_EDGE('',*,*,#2299,.F.);
#2299 = EDGE_CURVE('',#1768,#1638,#2300,.T.);
#2300 = B_SPLINE_CURVE_WITH_KNOTS('',6,(#2301,#2302,#2303,#2304,#2305,
    #2306,#2307,#2308,#2309,#2310,#2311,#2312,#2313,#2314,#2315,#2316,
    #2317,#2318,#2319,#2320,#2321,#2322,#2323,#2324,#2325,#2326,#2327,
    #2328,#2329,#2330,#2331,#2332,#2333,#2334,#2335,#2336,#2337,#2338,
    #2339,#2340,#2341,#2342,#2343,#2344,#2345,#2346,#2347,#2348,#2349,
    #2350,#2351,#2352,#2353,#2354,#2355,#2356,#2357,#2358,#2359,#2360,
    #2361,#2362,#2363,#2364,#2365,#2366,#2367,#2368,#2369,#2370,#2371,
    #2372,#2373,#2374,#2375,#2376,#2377,#2378,#2379,#2380,#2381,#2382,
    #2383,#2384,#2385,#2386,#2387,#2388,#2389,#2390,#2391,#2392),
  .UNSPECIFIED.,.F.,.F.,(7,5,5,5,5,5,5,5,5,5,5,5,5,5,5,5,5,5,7),(0.,
    2.950225632285E-02,5.748121348389E-02,0.129482235752,0.159805921593,
    0.213808749602,0.264257505337,0.316093111827,0.373096707817,
    0.402888706284,0.501388958977,0.598915095699,0.711433340506,
    0.738047599697,0.755682769122,0.871082880194,0.950012938311,
    0.973012920498,1.),.UNSPECIFIED.);
#2301 = CARTESIAN_POINT('',(1.621113885844,-1.33226762955E-15,-2.6625));
#2302 = CARTESIAN_POINT('',(1.621113885844,5.008170441768E-02,
    -2.65905814643));
#2303 = CARTESIAN_POINT('',(1.619257241734,0.10016365413,-2.655616527395
    ));
#2304 = CARTESIAN_POINT('',(1.615543966575,0.150159375038,
    -2.652174980109));
#2305 = CARTESIAN_POINT('',(1.609979376348,0.19998293465,-2.648733376676
    ));
#2306 = CARTESIAN_POINT('',(1.602574089953,0.249548942079,
    -2.645291624089));
#2307 = CARTESIAN_POINT('',(1.584590547056,0.345454576274,
    -2.638585424166));
#2308 = CARTESIAN_POINT('',(1.574195822074,0.391828853342,
    -2.635320995054));
#2309 = CARTESIAN_POINT('',(1.562173446694,0.437823034562,
    -2.632056337059));
#2310 = CARTESIAN_POINT('',(1.54854114643,0.483365943477,-2.628791439145
    ));
#2311 = CARTESIAN_POINT('',(1.533320779876,0.528387571864,
    -2.625526319081));
#2312 = CARTESIAN_POINT('',(1.473350420267,0.687159080622,
    -2.613858114703));
#2313 = CARTESIAN_POINT('',(1.419815101806,0.797598386849,
    -2.605453535719));
#2314 = CARTESIAN_POINT('',(1.356377567093,0.902951812719,
    -2.597049015922));
#2315 = CARTESIAN_POINT('',(1.283658509092,1.002127640787,
    -2.588645572365));
#2316 = CARTESIAN_POINT('',(1.202425448649,1.094131072254,
    -2.580243466513));
#2317 = CARTESIAN_POINT('',(1.076191391552,1.213454648507,
    -2.568306312629));
#2318 = CARTESIAN_POINT('',(1.037434593483,1.247390616556,
    -2.564769119595));
#2319 = CARTESIAN_POINT('',(0.997398349652,1.279836843277,
    -2.561232289407));
#2320 = CARTESIAN_POINT('',(0.956154494514,1.310733570432,
    -2.557695810721));
#2321 = CARTESIAN_POINT('',(0.913778509681,1.340025730599,
    -2.554159652358));
#2322 = CARTESIAN_POINT('',(0.793007737004,1.416881497379,
    -2.544326771265));
#2323 = CARTESIAN_POINT('',(0.71232450284,1.460852391816,-2.538030517084
    ));
#2324 = CARTESIAN_POINT('',(0.628748240199,1.499290435165,
    -2.531734972326));
#2325 = CARTESIAN_POINT('',(0.542754733871,1.531963782831,
    -2.525439593998));
#2326 = CARTESIAN_POINT('',(0.454842813703,1.55869570266,-2.51914383319)
  );
#2327 = CARTESIAN_POINT('',(0.282095169388,1.59867658029,-2.5069658235)
  );
#2328 = CARTESIAN_POINT('',(0.197435226394,1.612697715439,
    -2.501083449404));
#2329 = CARTESIAN_POINT('',(0.111971840505,1.621332319509,
    -2.495200446449));
#2330 = CARTESIAN_POINT('',(2.61330080904E-02,1.624528098426,
    -2.489316570049));
#2331 = CARTESIAN_POINT('',(-5.965016641607E-02,1.622278096881,
    -2.48343168599));
#2332 = CARTESIAN_POINT('',(-0.232588106342,1.606753221946,
    -2.471498617047));
#2333 = CARTESIAN_POINT('',(-0.319718357856,1.593176728755,
    -2.465450208292));
#2334 = CARTESIAN_POINT('',(-0.405869847221,1.573933523886,
    -2.459401103497));
#2335 = CARTESIAN_POINT('',(-0.490583939703,1.549115684791,
    -2.453351390072));
#2336 = CARTESIAN_POINT('',(-0.573414631512,1.518864346531,
    -2.447301208825));
#2337 = CARTESIAN_POINT('',(-0.742477307151,1.44433431284,
    -2.434597586251));
#2338 = CARTESIAN_POINT('',(-0.828228489363,1.398956229168,
    -2.427943876363));
#2339 = CARTESIAN_POINT('',(-0.910613623583,1.347486880628,
    -2.421290517434));
#2340 = CARTESIAN_POINT('',(-0.989096970865,1.29024349948,
    -2.414637617715));
#2341 = CARTESIAN_POINT('',(-1.063184274433,1.227604782152,
    -2.407985186524));
#2342 = CARTESIAN_POINT('',(-1.168616908259,1.124678847882,
    -2.39785721867));
#2343 = CARTESIAN_POINT('',(-1.203483444447,1.087995326173,
    -2.394381044685));
#2344 = CARTESIAN_POINT('',(-1.23696385412,1.05001904863,-2.390905058132
    ));
#2345 = CARTESIAN_POINT('',(-1.268998726456,1.010815735304,
    -2.387429255908));
#2346 = CARTESIAN_POINT('',(-1.299532866822,0.970454688506,
    -2.383953626587));
#2347 = CARTESIAN_POINT('',(-1.424338901135,0.791977663317,
    -2.368987303955));
#2348 = CARTESIAN_POINT('',(-1.503220609304,0.643058286601,
    -2.357495800395));
#2349 = CARTESIAN_POINT('',(-1.563268547526,0.48493092179,
    -2.346007967477));
#2350 = CARTESIAN_POINT('',(-1.603253675207,0.320581290134,
    -2.334519418298));
#2351 = CARTESIAN_POINT('',(-1.622500821237,0.153165994196,
    -2.323026553793));
#2352 = CARTESIAN_POINT('',(-1.619619743046,-0.179583877409,
    -2.300156301243));
#2353 = CARTESIAN_POINT('',(-1.597898251386,-0.344988961067,
    -2.288774435652));
#2354 = CARTESIAN_POINT('',(-1.555902355039,-0.507069368697,
    -2.277393915255));
#2355 = CARTESIAN_POINT('',(-1.494332926297,-0.662771976258,
    -2.26601338918));
#2356 = CARTESIAN_POINT('',(-1.414421883162,-0.809215915852,
    -2.254631834148));
#2357 = CARTESIAN_POINT('',(-1.206827134888,-1.099119018859,
    -2.230128119786));
#2358 = CARTESIAN_POINT('',(-1.073623759778,-1.238748057512,
    -2.216999972615));
#2359 = CARTESIAN_POINT('',(-0.921265499146,-1.358683157123,
    -2.203880539831));
#2360 = CARTESIAN_POINT('',(-0.753460877817,-1.455836734341,
    -2.190763494454));
#2361 = CARTESIAN_POINT('',(-0.574450444834,-1.527907240955,
    -2.177639721595));
#2362 = CARTESIAN_POINT('',(-0.345165708917,-1.584585763481,
    -2.161413279818));
#2363 = CARTESIAN_POINT('',(-0.300943884939,-1.593960842264,
    -2.158309188618));
#2364 = CARTESIAN_POINT('',(-0.25642094988,-1.601853942993,
    -2.155204890541));
#2365 = CARTESIAN_POINT('',(-0.211658953178,-1.608253356559,
    -2.152100367559));
#2366 = CARTESIAN_POINT('',(-0.16672050289,-1.613150848937,
    -2.148995608984));
#2367 = CARTESIAN_POINT('',(-9.181653448703E-02,-1.618788484885,
    -2.143833174625));
#2368 = CARTESIAN_POINT('',(-6.191450513657E-02,-1.620373780993,
    -2.141775631316));
#2369 = CARTESIAN_POINT('',(-3.198103326966E-02,-1.62129616984,
    -2.13971798124));
#2370 = CARTESIAN_POINT('',(-2.03448175047E-03,-1.621554950248,
    -2.137660225346));
#2371 = CARTESIAN_POINT('',(2.790677932962E-02,-1.621150099524,
    -2.135602365831));
#2372 = CARTESIAN_POINT('',(0.25359757501,-1.613094688458,
    -2.120077635759));
#2373 = CARTESIAN_POINT('',(0.44843320331,-1.577714852697,
    -2.106601568006));
#2374 = CARTESIAN_POINT('',(0.637009784787,-1.514095834731,
    -2.093128018735));
#2375 = CARTESIAN_POINT('',(0.814351120609,-1.423766551253,
    -2.079656066995));
#2376 = CARTESIAN_POINT('',(0.975881199227,-1.309214763068,
    -2.066184209193));
#2377 = CARTESIAN_POINT('',(1.214814577698,-1.081752800197,
    -2.043514287581));
#2378 = CARTESIAN_POINT('',(1.302705569508,-0.979732743909,
    -2.034307975703));
#2379 = CARTESIAN_POINT('',(1.380226507755,-0.869230651464,
    -2.025104428529));
#2380 = CARTESIAN_POINT('',(1.446391200918,-0.751578016778,
    -2.015901342573));
#2381 = CARTESIAN_POINT('',(1.500426110548,-0.628239077103,
    -2.00669588585));
#2382 = CARTESIAN_POINT('',(1.553880001592,-0.463671832478,
    -1.994806886129));
#2383 = CARTESIAN_POINT('',(1.564868391492,-0.426189461871,
    -1.992124056496));
#2384 = CARTESIAN_POINT('',(1.574770966529,-0.388397301861,
    -1.989441082719));
#2385 = CARTESIAN_POINT('',(1.583577017286,-0.350334666231,
    -1.986757971683));
#2386 = CARTESIAN_POINT('',(1.591277737863,-0.312041342138,
    -1.984074742471));
#2387 = CARTESIAN_POINT('',(1.605596842709,-0.228402595326,
    -1.978242951546));
#2388 = CARTESIAN_POINT('',(1.61179621483,-0.18298526486,-1.975094348863
    ));
#2389 = CARTESIAN_POINT('',(1.61645318615,-0.137370721533,-1.9719456808)
  );
#2390 = CARTESIAN_POINT('',(1.619560317344,-9.16244186605E-02,
    -1.968797015896));
#2391 = CARTESIAN_POINT('',(1.621113885844,-4.581214004932E-02,
    -1.965648428745));
#2392 = CARTESIAN_POINT('',(1.621113885844,4.729550084903E-14,-1.9625));
#2393 = ORIENTED_EDGE('',*,*,#1881,.T.);
#2394 = ORIENTED_EDGE('',*,*,#2103,.T.);
#2395 = ORIENTED_EDGE('',*,*,#1734,.F.);
#2396 = B_SPLINE_SURFACE_WITH_KNOTS('',1,10,(
    (#2397,#2398,#2399,#2400,#2401,#2402,#2403,#2404,#2405,#2406,#2407)
    ,(#2408,#2409,#2410,#2411,#2412,#2413,#2414,#2415,#2416,#2417,#2418
    )),.UNSPECIFIED.,.F.,.F.,.F.,(2,2),(11,11),(0.,0.610705080757),(0.,
    6.322058019692),.PIECEWISE_BEZIER_KNOTS.);
#2397 = CARTESIAN_POINT('',(1.471113885844,4.354888995704E-16,
    -2.749102540378));
#2398 = CARTESIAN_POINT('',(1.471113885844,0.924328115272,
    -2.679102540379));
#2399 = CARTESIAN_POINT('',(0.825949921726,1.848632955741,
    -2.609102540378));
#2400 = CARTESIAN_POINT('',(-0.4658837614,2.26378643,-2.539102540379));
#2401 = CARTESIAN_POINT('',(-1.941056677683,1.681944175371,
    -2.469102540377));
#2402 = CARTESIAN_POINT('',(-2.722472573142,-6.203926261605E-13,
    -2.39910254038));
#2403 = CARTESIAN_POINT('',(-1.941056677685,-1.68194417537,
    -2.329102540377));
#2404 = CARTESIAN_POINT('',(-0.465883761398,-2.263786430001,
    -2.25910254038));
#2405 = CARTESIAN_POINT('',(0.825949921725,-1.84863295574,
    -2.189102540378));
#2406 = CARTESIAN_POINT('',(1.471113885844,-0.924328115272,
    -2.119102540379));
#2407 = CARTESIAN_POINT('',(1.471113885844,2.530448465117E-14,
    -2.049102540378));
#2408 = CARTESIAN_POINT('',(2.,-2.312618096444E-15,-2.44375));
#2409 = CARTESIAN_POINT('',(2.,1.25656558669,-2.37375));
#2410 = CARTESIAN_POINT('',(1.122940412946,2.513813885763,-2.30375));
#2411 = CARTESIAN_POINT('',(-0.633594071687,3.076350013569,-2.23375));
#2412 = CARTESIAN_POINT('',(-2.638422893109,2.2878704339,-2.16375));
#2413 = CARTESIAN_POINT('',(-3.70184102311,-2.375877272698E-12,-2.09375)
  );
#2414 = CARTESIAN_POINT('',(-2.638422893113,-2.287870433896,-2.02375));
#2415 = CARTESIAN_POINT('',(-0.633594071683,-3.076350013572,-1.95375));
#2416 = CARTESIAN_POINT('',(1.122940412944,-2.513813885761,-1.88375));
#2417 = CARTESIAN_POINT('',(2.,-1.256565586691,-1.81375));
#2418 = CARTESIAN_POINT('',(2.,4.120812446886E-14,-1.74375));
#2419 = ADVANCED_FACE('',(#2420),#2426,.T.);
#2420 = FACE_BOUND('',#2421,.T.);
#2421 = EDGE_LOOP('',(#2422,#2423,#2424,#2425));
#2422 = ORIENTED_EDGE('',*,*,#1865,.F.);
#2423 = ORIENTED_EDGE('',*,*,#1930,.T.);
#2424 = ORIENTED_EDGE('',*,*,#2150,.T.);
#2425 = ORIENTED_EDGE('',*,*,#2117,.F.);
#2426 = B_SPLINE_SURFACE_WITH_KNOTS('',1,10,(
    (#2427,#2428,#2429,#2430,#2431,#2432,#2433,#2434,#2435,#2436,#2437)
    ,(#2438,#2439,#2440,#2441,#2442,#2443,#2444,#2445,#2446,#2447,#2448
    )),.UNSPECIFIED.,.F.,.F.,.F.,(2,2),(11,11),(0.,8.75E-02),(0.,
    6.322058019692),.PIECEWISE_BEZIER_KNOTS.);
#2427 = CARTESIAN_POINT('',(2.,-2.312618096444E-15,-3.14375));
#2428 = CARTESIAN_POINT('',(2.,1.25656558669,-3.07375));
#2429 = CARTESIAN_POINT('',(1.122940412946,2.513813885763,-3.00375));
#2430 = CARTESIAN_POINT('',(-0.633594071687,3.076350013569,-2.93375));
#2431 = CARTESIAN_POINT('',(-2.638422893109,2.2878704339,-2.86375));
#2432 = CARTESIAN_POINT('',(-3.70184102311,-2.375877272698E-12,-2.79375)
  );
#2433 = CARTESIAN_POINT('',(-2.638422893113,-2.287870433896,-2.72375));
#2434 = CARTESIAN_POINT('',(-0.633594071683,-3.076350013572,-2.65375));
#2435 = CARTESIAN_POINT('',(1.122940412944,-2.513813885761,-2.58375));
#2436 = CARTESIAN_POINT('',(2.,-1.256565586691,-2.51375));
#2437 = CARTESIAN_POINT('',(2.,4.120812446886E-14,-2.44375));
#2438 = CARTESIAN_POINT('',(2.,-2.312618096444E-15,-3.05625));
#2439 = CARTESIAN_POINT('',(2.,1.25656558669,-2.98625));
#2440 = CARTESIAN_POINT('',(1.122940412946,2.513813885763,-2.91625));
#2441 = CARTESIAN_POINT('',(-0.633594071687,3.076350013569,
    -2.846250000001));
#2442 = CARTESIAN_POINT('',(-2.638422893109,2.2878704339,-2.776249999999
    ));
#2443 = CARTESIAN_POINT('',(-3.70184102311,-2.375877272698E-12,
    -2.706250000002));
#2444 = CARTESIAN_POINT('',(-2.638422893113,-2.287870433896,
    -2.636249999998));
#2445 = CARTESIAN_POINT('',(-0.633594071683,-3.076350013572,
    -2.566250000001));
#2446 = CARTESIAN_POINT('',(1.122940412944,-2.513813885761,
    -2.496249999999));
#2447 = CARTESIAN_POINT('',(2.,-1.256565586691,-2.42625));
#2448 = CARTESIAN_POINT('',(2.,4.120812446886E-14,-2.35625));
#2449 = ADVANCED_FACE('',(#2450),#2464,.F.);
#2450 = FACE_BOUND('',#2451,.F.);
#2451 = EDGE_LOOP('',(#2452,#2453,#2454,#2455,#2456,#2457,#2458,#2459,
    #2460,#2461,#2462,#2463));
#2452 = ORIENTED_EDGE('',*,*,#1963,.T.);
#2453 = ORIENTED_EDGE('',*,*,#2165,.T.);
#2454 = ORIENTED_EDGE('',*,*,#1503,.T.);
#2455 = ORIENTED_EDGE('',*,*,#732,.T.);
#2456 = ORIENTED_EDGE('',*,*,#504,.F.);
#2457 = ORIENTED_EDGE('',*,*,#867,.F.);
#2458 = ORIENTED_EDGE('',*,*,#1637,.F.);
#2459 = ORIENTED_EDGE('',*,*,#2299,.F.);
#2460 = ORIENTED_EDGE('',*,*,#1767,.F.);
#2461 = ORIENTED_EDGE('',*,*,#1046,.F.);
#2462 = ORIENTED_EDGE('',*,*,#645,.T.);
#2463 = ORIENTED_EDGE('',*,*,#1215,.T.);
#2464 = CYLINDRICAL_SURFACE('',#2465,1.621113885844);
#2465 = AXIS2_PLACEMENT_3D('',#2466,#2467,#2468);
#2466 = CARTESIAN_POINT('',(0.,0.,-4.5));
#2467 = DIRECTION('',(0.,0.,1.));
#2468 = DIRECTION('',(1.,0.,0.));
#2469 = ( GEOMETRIC_REPRESENTATION_CONTEXT(3) 
GLOBAL_UNCERTAINTY_ASSIGNED_CONTEXT((#2473)) 
GLOBAL_UNIT_ASSIGNED_CONTEXT((#2470,#2471,#2472)) REPRESENTATION_CONTEXT
('Context #1','3D Context with UNIT and UNCERTAINTY') );
#2470 = ( LENGTH_UNIT() NAMED_UNIT(*) SI_UNIT(.MILLI.,.METRE.) );
#2471 = ( NAMED_UNIT(*) PLANE_ANGLE_UNIT() SI_UNIT($,.RADIAN.) );
#2472 = ( NAMED_UNIT(*) SI_UNIT($,.STERADIAN.) SOLID_ANGLE_UNIT() );
#2473 = UNCERTAINTY_MEASURE_WITH_UNIT(LENGTH_MEASURE(1.E-05),#2470,
  'distance_accuracy_value','confusion accuracy');
#2474 = PRODUCT_RELATED_PRODUCT_CATEGORY('part',$,(#7));
ENDSEC;
END-ISO-10303-21;
