ISO-10303-21;
HEADER;
FILE_DESCRIPTION(('FreeCAD Model'),'2;1');
FILE_NAME('Open CASCADE Shape Model','2026-09-29T13:04:29',('Author'),(
    ''),'Open CASCADE STEP processor 7.8','FreeCAD','Unknown');
FILE_SCHEMA(('AUTOMOTIVE_DESIGN { 1 0 10303 214 1 1 1 1 }'));
ENDSEC;
DATA;
#1 = APPLICATION_PROTOCOL_DEFINITION('international standard',
  'automotive_design',2000,#2);
#2 = APPLICATION_CONTEXT(
  'core data for automotive mechanical design processes');
#3 = SHAPE_DEFINITION_REPRESENTATION(#4,#10);
#4 = PRODUCT_DEFINITION_SHAPE('','',#5);
#5 = PRODUCT_DEFINITION('design','',#6,#9);
#6 = PRODUCT_DEFINITION_FORMATION('','',#7);
#7 = PRODUCT('ESP32_DOIT_DevKit_V1','ESP32_DOIT_DevKit_V1','',(#8));
#8 = PRODUCT_CONTEXT('',#2,'mechanical');
#9 = PRODUCT_DEFINITION_CONTEXT('part definition',#2,'design');
#10 = SHAPE_REPRESENTATION('',(#11,#15,#19,#23,#27,#31,#35,#39,#43,#47,
    #51,#55,#59,#63,#67,#71,#75,#79,#83,#87,#91,#95,#99,#103,#107,#111,
    #115,#119,#123,#127,#131,#135,#139,#143,#147,#151,#155,#159,#163,
    #167,#171,#175),#179);
#11 = AXIS2_PLACEMENT_3D('',#12,#13,#14);
#12 = CARTESIAN_POINT('',(0.,0.,0.));
#13 = DIRECTION('',(0.,0.,1.));
#14 = DIRECTION('',(1.,0.,-0.));
#15 = AXIS2_PLACEMENT_3D('',#16,#17,#18);
#16 = CARTESIAN_POINT('',(0.,0.,0.));
#17 = DIRECTION('',(0.,0.,1.));
#18 = DIRECTION('',(1.,0.,0.));
#19 = AXIS2_PLACEMENT_3D('',#20,#21,#22);
#20 = CARTESIAN_POINT('',(0.,0.,0.));
#21 = DIRECTION('',(0.,0.,1.));
#22 = DIRECTION('',(1.,0.,0.));
#23 = AXIS2_PLACEMENT_3D('',#24,#25,#26);
#24 = CARTESIAN_POINT('',(0.,0.,0.));
#25 = DIRECTION('',(0.,0.,1.));
#26 = DIRECTION('',(1.,0.,0.));
#27 = AXIS2_PLACEMENT_3D('',#28,#29,#30);
#28 = CARTESIAN_POINT('',(0.,0.,0.));
#29 = DIRECTION('',(0.,0.,1.));
#30 = DIRECTION('',(1.,0.,0.));
#31 = AXIS2_PLACEMENT_3D('',#32,#33,#34);
#32 = CARTESIAN_POINT('',(0.,0.,0.));
#33 = DIRECTION('',(0.,0.,1.));
#34 = DIRECTION('',(1.,0.,0.));
#35 = AXIS2_PLACEMENT_3D('',#36,#37,#38);
#36 = CARTESIAN_POINT('',(0.,0.,0.));
#37 = DIRECTION('',(0.,0.,1.));
#38 = DIRECTION('',(1.,0.,0.));
#39 = AXIS2_PLACEMENT_3D('',#40,#41,#42);
#40 = CARTESIAN_POINT('',(0.,0.,0.));
#41 = DIRECTION('',(0.,0.,1.));
#42 = DIRECTION('',(1.,0.,0.));
#43 = AXIS2_PLACEMENT_3D('',#44,#45,#46);
#44 = CARTESIAN_POINT('',(0.,0.,0.));
#45 = DIRECTION('',(0.,0.,1.));
#46 = DIRECTION('',(1.,0.,0.));
#47 = AXIS2_PLACEMENT_3D('',#48,#49,#50);
#48 = CARTESIAN_POINT('',(0.,0.,0.));
#49 = DIRECTION('',(0.,0.,1.));
#50 = DIRECTION('',(1.,0.,0.));
#51 = AXIS2_PLACEMENT_3D('',#52,#53,#54);
#52 = CARTESIAN_POINT('',(0.,0.,0.));
#53 = DIRECTION('',(0.,0.,1.));
#54 = DIRECTION('',(1.,0.,0.));
#55 = AXIS2_PLACEMENT_3D('',#56,#57,#58);
#56 = CARTESIAN_POINT('',(0.,0.,0.));
#57 = DIRECTION('',(0.,0.,1.));
#58 = DIRECTION('',(1.,0.,0.));
#59 = AXIS2_PLACEMENT_3D('',#60,#61,#62);
#60 = CARTESIAN_POINT('',(0.,0.,0.));
#61 = DIRECTION('',(0.,0.,1.));
#62 = DIRECTION('',(1.,0.,0.));
#63 = AXIS2_PLACEMENT_3D('',#64,#65,#66);
#64 = CARTESIAN_POINT('',(0.,0.,0.));
#65 = DIRECTION('',(0.,0.,1.));
#66 = DIRECTION('',(1.,0.,0.));
#67 = AXIS2_PLACEMENT_3D('',#68,#69,#70);
#68 = CARTESIAN_POINT('',(0.,0.,0.));
#69 = DIRECTION('',(0.,0.,1.));
#70 = DIRECTION('',(1.,0.,0.));
#71 = AXIS2_PLACEMENT_3D('',#72,#73,#74);
#72 = CARTESIAN_POINT('',(0.,0.,0.));
#73 = DIRECTION('',(0.,0.,1.));
#74 = DIRECTION('',(1.,0.,0.));
#75 = AXIS2_PLACEMENT_3D('',#76,#77,#78);
#76 = CARTESIAN_POINT('',(0.,0.,0.));
#77 = DIRECTION('',(0.,0.,1.));
#78 = DIRECTION('',(1.,0.,0.));
#79 = AXIS2_PLACEMENT_3D('',#80,#81,#82);
#80 = CARTESIAN_POINT('',(0.,0.,0.));
#81 = DIRECTION('',(0.,0.,1.));
#82 = DIRECTION('',(1.,0.,0.));
#83 = AXIS2_PLACEMENT_3D('',#84,#85,#86);
#84 = CARTESIAN_POINT('',(0.,0.,0.));
#85 = DIRECTION('',(0.,0.,1.));
#86 = DIRECTION('',(1.,0.,0.));
#87 = AXIS2_PLACEMENT_3D('',#88,#89,#90);
#88 = CARTESIAN_POINT('',(0.,0.,0.));
#89 = DIRECTION('',(0.,0.,1.));
#90 = DIRECTION('',(1.,0.,0.));
#91 = AXIS2_PLACEMENT_3D('',#92,#93,#94);
#92 = CARTESIAN_POINT('',(0.,0.,0.));
#93 = DIRECTION('',(0.,0.,1.));
#94 = DIRECTION('',(1.,0.,0.));
#95 = AXIS2_PLACEMENT_3D('',#96,#97,#98);
#96 = CARTESIAN_POINT('',(0.,0.,0.));
#97 = DIRECTION('',(0.,0.,1.));
#98 = DIRECTION('',(1.,0.,0.));
#99 = AXIS2_PLACEMENT_3D('',#100,#101,#102);
#100 = CARTESIAN_POINT('',(0.,0.,0.));
#101 = DIRECTION('',(0.,0.,1.));
#102 = DIRECTION('',(1.,0.,0.));
#103 = AXIS2_PLACEMENT_3D('',#104,#105,#106);
#104 = CARTESIAN_POINT('',(0.,0.,0.));
#105 = DIRECTION('',(0.,0.,1.));
#106 = DIRECTION('',(1.,0.,0.));
#107 = AXIS2_PLACEMENT_3D('',#108,#109,#110);
#108 = CARTESIAN_POINT('',(0.,0.,0.));
#109 = DIRECTION('',(0.,0.,1.));
#110 = DIRECTION('',(1.,0.,0.));
#111 = AXIS2_PLACEMENT_3D('',#112,#113,#114);
#112 = CARTESIAN_POINT('',(0.,0.,0.));
#113 = DIRECTION('',(0.,0.,1.));
#114 = DIRECTION('',(1.,0.,0.));
#115 = AXIS2_PLACEMENT_3D('',#116,#117,#118);
#116 = CARTESIAN_POINT('',(0.,0.,0.));
#117 = DIRECTION('',(0.,0.,1.));
#118 = DIRECTION('',(1.,0.,0.));
#119 = AXIS2_PLACEMENT_3D('',#120,#121,#122);
#120 = CARTESIAN_POINT('',(0.,0.,0.));
#121 = DIRECTION('',(0.,0.,1.));
#122 = DIRECTION('',(1.,0.,0.));
#123 = AXIS2_PLACEMENT_3D('',#124,#125,#126);
#124 = CARTESIAN_POINT('',(0.,0.,0.));
#125 = DIRECTION('',(0.,0.,1.));
#126 = DIRECTION('',(1.,0.,0.));
#127 = AXIS2_PLACEMENT_3D('',#128,#129,#130);
#128 = CARTESIAN_POINT('',(0.,0.,0.));
#129 = DIRECTION('',(0.,0.,1.));
#130 = DIRECTION('',(1.,0.,0.));
#131 = AXIS2_PLACEMENT_3D('',#132,#133,#134);
#132 = CARTESIAN_POINT('',(0.,0.,0.));
#133 = DIRECTION('',(0.,0.,1.));
#134 = DIRECTION('',(1.,0.,0.));
#135 = AXIS2_PLACEMENT_3D('',#136,#137,#138);
#136 = CARTESIAN_POINT('',(0.,0.,0.));
#137 = DIRECTION('',(0.,0.,1.));
#138 = DIRECTION('',(1.,0.,0.));
#139 = AXIS2_PLACEMENT_3D('',#140,#141,#142);
#140 = CARTESIAN_POINT('',(0.,0.,0.));
#141 = DIRECTION('',(0.,0.,1.));
#142 = DIRECTION('',(1.,0.,0.));
#143 = AXIS2_PLACEMENT_3D('',#144,#145,#146);
#144 = CARTESIAN_POINT('',(0.,0.,0.));
#145 = DIRECTION('',(0.,0.,1.));
#146 = DIRECTION('',(1.,0.,0.));
#147 = AXIS2_PLACEMENT_3D('',#148,#149,#150);
#148 = CARTESIAN_POINT('',(0.,0.,0.));
#149 = DIRECTION('',(0.,0.,1.));
#150 = DIRECTION('',(1.,0.,0.));
#151 = AXIS2_PLACEMENT_3D('',#152,#153,#154);
#152 = CARTESIAN_POINT('',(0.,0.,0.));
#153 = DIRECTION('',(0.,0.,1.));
#154 = DIRECTION('',(1.,0.,0.));
#155 = AXIS2_PLACEMENT_3D('',#156,#157,#158);
#156 = CARTESIAN_POINT('',(0.,0.,0.));
#157 = DIRECTION('',(0.,0.,1.));
#158 = DIRECTION('',(1.,0.,0.));
#159 = AXIS2_PLACEMENT_3D('',#160,#161,#162);
#160 = CARTESIAN_POINT('',(0.,0.,0.));
#161 = DIRECTION('',(0.,0.,1.));
#162 = DIRECTION('',(1.,0.,0.));
#163 = AXIS2_PLACEMENT_3D('',#164,#165,#166);
#164 = CARTESIAN_POINT('',(0.,0.,0.));
#165 = DIRECTION('',(0.,0.,1.));
#166 = DIRECTION('',(1.,0.,0.));
#167 = AXIS2_PLACEMENT_3D('',#168,#169,#170);
#168 = CARTESIAN_POINT('',(0.,0.,0.));
#169 = DIRECTION('',(0.,0.,1.));
#170 = DIRECTION('',(1.,0.,0.));
#171 = AXIS2_PLACEMENT_3D('',#172,#173,#174);
#172 = CARTESIAN_POINT('',(0.,0.,0.));
#173 = DIRECTION('',(0.,0.,1.));
#174 = DIRECTION('',(1.,0.,0.));
#175 = AXIS2_PLACEMENT_3D('',#176,#177,#178);
#176 = CARTESIAN_POINT('',(0.,0.,0.));
#177 = DIRECTION('',(0.,0.,1.));
#178 = DIRECTION('',(1.,0.,0.));
#179 = ( GEOMETRIC_REPRESENTATION_CONTEXT(3) 
GLOBAL_UNCERTAINTY_ASSIGNED_CONTEXT((#183)) GLOBAL_UNIT_ASSIGNED_CONTEXT
((#180,#181,#182)) REPRESENTATION_CONTEXT('Context #1',
  '3D Context with UNIT and UNCERTAINTY') );
#180 = ( LENGTH_UNIT() NAMED_UNIT(*) SI_UNIT(.MILLI.,.METRE.) );
#181 = ( NAMED_UNIT(*) PLANE_ANGLE_UNIT() SI_UNIT($,.RADIAN.) );
#182 = ( NAMED_UNIT(*) SI_UNIT($,.STERADIAN.) SOLID_ANGLE_UNIT() );
#183 = UNCERTAINTY_MEASURE_WITH_UNIT(LENGTH_MEASURE(1.E-07),#180,
  'distance_accuracy_value','confusion accuracy');
#184 = PRODUCT_RELATED_PRODUCT_CATEGORY('part',$,(#7));
#185 = SHAPE_DEFINITION_REPRESENTATION(#186,#192);
#186 = PRODUCT_DEFINITION_SHAPE('','',#187);
#187 = PRODUCT_DEFINITION('design','',#188,#191);
#188 = PRODUCT_DEFINITION_FORMATION('','',#189);
#189 = PRODUCT('Header2_Pin07','Header2_Pin07','',(#190));
#190 = PRODUCT_CONTEXT('',#2,'mechanical');
#191 = PRODUCT_DEFINITION_CONTEXT('part definition',#2,'design');
#192 = ADVANCED_BREP_SHAPE_REPRESENTATION('',(#11,#193),#343);
#193 = MANIFOLD_SOLID_BREP('',#194);
#194 = CLOSED_SHELL('',(#195,#235,#275,#297,#319,#331));
#195 = ADVANCED_FACE('',(#196),#230,.F.);
#196 = FACE_BOUND('',#197,.F.);
#197 = EDGE_LOOP('',(#198,#208,#216,#224));
#198 = ORIENTED_EDGE('',*,*,#199,.F.);
#199 = EDGE_CURVE('',#200,#202,#204,.T.);
#200 = VERTEX_POINT('',#201);
#201 = CARTESIAN_POINT('',(21.92,26.53,-8.5));
#202 = VERTEX_POINT('',#203);
#203 = CARTESIAN_POINT('',(21.92,26.53,2.4));
#204 = LINE('',#205,#206);
#205 = CARTESIAN_POINT('',(21.92,26.53,-8.5));
#206 = VECTOR('',#207,1.);
#207 = DIRECTION('',(0.,0.,1.));
#208 = ORIENTED_EDGE('',*,*,#209,.T.);
#209 = EDGE_CURVE('',#200,#210,#212,.T.);
#210 = VERTEX_POINT('',#211);
#211 = CARTESIAN_POINT('',(21.92,27.17,-8.5));
#212 = LINE('',#213,#214);
#213 = CARTESIAN_POINT('',(21.92,26.53,-8.5));
#214 = VECTOR('',#215,1.);
#215 = DIRECTION('',(-0.,1.,0.));
#216 = ORIENTED_EDGE('',*,*,#217,.T.);
#217 = EDGE_CURVE('',#210,#218,#220,.T.);
#218 = VERTEX_POINT('',#219);
#219 = CARTESIAN_POINT('',(21.92,27.17,2.4));
#220 = LINE('',#221,#222);
#221 = CARTESIAN_POINT('',(21.92,27.17,-8.5));
#222 = VECTOR('',#223,1.);
#223 = DIRECTION('',(0.,0.,1.));
#224 = ORIENTED_EDGE('',*,*,#225,.F.);
#225 = EDGE_CURVE('',#202,#218,#226,.T.);
#226 = LINE('',#227,#228);
#227 = CARTESIAN_POINT('',(21.92,26.53,2.4));
#228 = VECTOR('',#229,1.);
#229 = DIRECTION('',(-0.,1.,0.));
#230 = PLANE('',#231);
#231 = AXIS2_PLACEMENT_3D('',#232,#233,#234);
#232 = CARTESIAN_POINT('',(21.92,26.53,-8.5));
#233 = DIRECTION('',(1.,0.,-0.));
#234 = DIRECTION('',(0.,0.,1.));
#235 = ADVANCED_FACE('',(#236),#270,.T.);
#236 = FACE_BOUND('',#237,.T.);
#237 = EDGE_LOOP('',(#238,#248,#256,#264));
#238 = ORIENTED_EDGE('',*,*,#239,.F.);
#239 = EDGE_CURVE('',#240,#242,#244,.T.);
#240 = VERTEX_POINT('',#241);
#241 = CARTESIAN_POINT('',(22.56,26.53,-8.5));
#242 = VERTEX_POINT('',#243);
#243 = CARTESIAN_POINT('',(22.56,26.53,2.4));
#244 = LINE('',#245,#246);
#245 = CARTESIAN_POINT('',(22.56,26.53,-8.5));
#246 = VECTOR('',#247,1.);
#247 = DIRECTION('',(0.,0.,1.));
#248 = ORIENTED_EDGE('',*,*,#249,.T.);
#249 = EDGE_CURVE('',#240,#250,#252,.T.);
#250 = VERTEX_POINT('',#251);
#251 = CARTESIAN_POINT('',(22.56,27.17,-8.5));
#252 = LINE('',#253,#254);
#253 = CARTESIAN_POINT('',(22.56,26.53,-8.5));
#254 = VECTOR('',#255,1.);
#255 = DIRECTION('',(-0.,1.,0.));
#256 = ORIENTED_EDGE('',*,*,#257,.T.);
#257 = EDGE_CURVE('',#250,#258,#260,.T.);
#258 = VERTEX_POINT('',#259);
#259 = CARTESIAN_POINT('',(22.56,27.17,2.4));
#260 = LINE('',#261,#262);
#261 = CARTESIAN_POINT('',(22.56,27.17,-8.5));
#262 = VECTOR('',#263,1.);
#263 = DIRECTION('',(0.,0.,1.));
#264 = ORIENTED_EDGE('',*,*,#265,.F.);
#265 = EDGE_CURVE('',#242,#258,#266,.T.);
#266 = LINE('',#267,#268);
#267 = CARTESIAN_POINT('',(22.56,26.53,2.4));
#268 = VECTOR('',#269,1.);
#269 = DIRECTION('',(-0.,1.,0.));
#270 = PLANE('',#271);
#271 = AXIS2_PLACEMENT_3D('',#272,#273,#274);
#272 = CARTESIAN_POINT('',(22.56,26.53,-8.5));
#273 = DIRECTION('',(1.,0.,-0.));
#274 = DIRECTION('',(0.,0.,1.));
#275 = ADVANCED_FACE('',(#276),#292,.F.);
#276 = FACE_BOUND('',#277,.F.);
#277 = EDGE_LOOP('',(#278,#284,#285,#291));
#278 = ORIENTED_EDGE('',*,*,#279,.F.);
#279 = EDGE_CURVE('',#200,#240,#280,.T.);
#280 = LINE('',#281,#282);
#281 = CARTESIAN_POINT('',(21.92,26.53,-8.5));
#282 = VECTOR('',#283,1.);
#283 = DIRECTION('',(1.,0.,-0.));
#284 = ORIENTED_EDGE('',*,*,#199,.T.);
#285 = ORIENTED_EDGE('',*,*,#286,.T.);
#286 = EDGE_CURVE('',#202,#242,#287,.T.);
#287 = LINE('',#288,#289);
#288 = CARTESIAN_POINT('',(21.92,26.53,2.4));
#289 = VECTOR('',#290,1.);
#290 = DIRECTION('',(1.,0.,-0.));
#291 = ORIENTED_EDGE('',*,*,#239,.F.);
#292 = PLANE('',#293);
#293 = AXIS2_PLACEMENT_3D('',#294,#295,#296);
#294 = CARTESIAN_POINT('',(21.92,26.53,-8.5));
#295 = DIRECTION('',(-0.,1.,0.));
#296 = DIRECTION('',(0.,0.,1.));
#297 = ADVANCED_FACE('',(#298),#314,.T.);
#298 = FACE_BOUND('',#299,.T.);
#299 = EDGE_LOOP('',(#300,#306,#307,#313));
#300 = ORIENTED_EDGE('',*,*,#301,.F.);
#301 = EDGE_CURVE('',#210,#250,#302,.T.);
#302 = LINE('',#303,#304);
#303 = CARTESIAN_POINT('',(21.92,27.17,-8.5));
#304 = VECTOR('',#305,1.);
#305 = DIRECTION('',(1.,0.,-0.));
#306 = ORIENTED_EDGE('',*,*,#217,.T.);
#307 = ORIENTED_EDGE('',*,*,#308,.T.);
#308 = EDGE_CURVE('',#218,#258,#309,.T.);
#309 = LINE('',#310,#311);
#310 = CARTESIAN_POINT('',(21.92,27.17,2.4));
#311 = VECTOR('',#312,1.);
#312 = DIRECTION('',(1.,0.,-0.));
#313 = ORIENTED_EDGE('',*,*,#257,.F.);
#314 = PLANE('',#315);
#315 = AXIS2_PLACEMENT_3D('',#316,#317,#318);
#316 = CARTESIAN_POINT('',(21.92,27.17,-8.5));
#317 = DIRECTION('',(-0.,1.,0.));
#318 = DIRECTION('',(0.,0.,1.));
#319 = ADVANCED_FACE('',(#320),#326,.F.);
#320 = FACE_BOUND('',#321,.F.);
#321 = EDGE_LOOP('',(#322,#323,#324,#325));
#322 = ORIENTED_EDGE('',*,*,#209,.F.);
#323 = ORIENTED_EDGE('',*,*,#279,.T.);
#324 = ORIENTED_EDGE('',*,*,#249,.T.);
#325 = ORIENTED_EDGE('',*,*,#301,.F.);
#326 = PLANE('',#327);
#327 = AXIS2_PLACEMENT_3D('',#328,#329,#330);
#328 = CARTESIAN_POINT('',(21.92,26.53,-8.5));
#329 = DIRECTION('',(0.,0.,1.));
#330 = DIRECTION('',(1.,0.,-0.));
#331 = ADVANCED_FACE('',(#332),#338,.T.);
#332 = FACE_BOUND('',#333,.T.);
#333 = EDGE_LOOP('',(#334,#335,#336,#337));
#334 = ORIENTED_EDGE('',*,*,#225,.F.);
#335 = ORIENTED_EDGE('',*,*,#286,.T.);
#336 = ORIENTED_EDGE('',*,*,#265,.T.);
#337 = ORIENTED_EDGE('',*,*,#308,.F.);
#338 = PLANE('',#339);
#339 = AXIS2_PLACEMENT_3D('',#340,#341,#342);
#340 = CARTESIAN_POINT('',(21.92,26.53,2.4));
#341 = DIRECTION('',(0.,0.,1.));
#342 = DIRECTION('',(1.,0.,-0.));
#343 = ( GEOMETRIC_REPRESENTATION_CONTEXT(3) 
GLOBAL_UNCERTAINTY_ASSIGNED_CONTEXT((#347)) GLOBAL_UNIT_ASSIGNED_CONTEXT
((#344,#345,#346)) REPRESENTATION_CONTEXT('Context #1',
  '3D Context with UNIT and UNCERTAINTY') );
#344 = ( LENGTH_UNIT() NAMED_UNIT(*) SI_UNIT(.MILLI.,.METRE.) );
#345 = ( NAMED_UNIT(*) PLANE_ANGLE_UNIT() SI_UNIT($,.RADIAN.) );
#346 = ( NAMED_UNIT(*) SI_UNIT($,.STERADIAN.) SOLID_ANGLE_UNIT() );
#347 = UNCERTAINTY_MEASURE_WITH_UNIT(LENGTH_MEASURE(1.E-07),#344,
  'distance_accuracy_value','confusion accuracy');
#348 = CONTEXT_DEPENDENT_SHAPE_REPRESENTATION(#349,#351);
#349 = ( REPRESENTATION_RELATIONSHIP('','',#192,#10) 
REPRESENTATION_RELATIONSHIP_WITH_TRANSFORMATION(#350) 
SHAPE_REPRESENTATION_RELATIONSHIP() );
#350 = ITEM_DEFINED_TRANSFORMATION('','',#11,#15);
#351 = PRODUCT_DEFINITION_SHAPE('Placement','Placement of an item',#352
  );
#352 = NEXT_ASSEMBLY_USAGE_OCCURRENCE('1','Header2_Pin07','',#5,#187,$);
#353 = PRODUCT_RELATED_PRODUCT_CATEGORY('part',$,(#189));
#354 = SHAPE_DEFINITION_REPRESENTATION(#355,#361);
#355 = PRODUCT_DEFINITION_SHAPE('','',#356);
#356 = PRODUCT_DEFINITION('design','',#357,#360);
#357 = PRODUCT_DEFINITION_FORMATION('','',#358);
#358 = PRODUCT('PCB','PCB','',(#359));
#359 = PRODUCT_CONTEXT('',#2,'mechanical');
#360 = PRODUCT_DEFINITION_CONTEXT('part definition',#2,'design');
#361 = ADVANCED_BREP_SHAPE_REPRESENTATION('',(#11,#362),#1682);
#362 = MANIFOLD_SOLID_BREP('',#363);
#363 = CLOSED_SHELL('',(#364,#404,#435,#789,#813,#1160,#1172,#1189,#1206
    ,#1223,#1240,#1257,#1274,#1291,#1308,#1325,#1342,#1359,#1376,#1393,
    #1410,#1427,#1444,#1461,#1478,#1495,#1512,#1529,#1546,#1563,#1580,
    #1597,#1614,#1631,#1648,#1665));
#364 = ADVANCED_FACE('',(#365),#399,.F.);
#365 = FACE_BOUND('',#366,.F.);
#366 = EDGE_LOOP('',(#367,#377,#385,#393));
#367 = ORIENTED_EDGE('',*,*,#368,.F.);
#368 = EDGE_CURVE('',#369,#371,#373,.T.);
#369 = VERTEX_POINT('',#370);
#370 = CARTESIAN_POINT('',(0.,0.,0.));
#371 = VERTEX_POINT('',#372);
#372 = CARTESIAN_POINT('',(0.,0.,1.6));
#373 = LINE('',#374,#375);
#374 = CARTESIAN_POINT('',(0.,0.,0.));
#375 = VECTOR('',#376,1.);
#376 = DIRECTION('',(0.,0.,1.));
#377 = ORIENTED_EDGE('',*,*,#378,.T.);
#378 = EDGE_CURVE('',#369,#379,#381,.T.);
#379 = VERTEX_POINT('',#380);
#380 = CARTESIAN_POINT('',(0.,28.3,0.));
#381 = LINE('',#382,#383);
#382 = CARTESIAN_POINT('',(0.,0.,0.));
#383 = VECTOR('',#384,1.);
#384 = DIRECTION('',(-0.,1.,0.));
#385 = ORIENTED_EDGE('',*,*,#386,.T.);
#386 = EDGE_CURVE('',#379,#387,#389,.T.);
#387 = VERTEX_POINT('',#388);
#388 = CARTESIAN_POINT('',(0.,28.3,1.6));
#389 = LINE('',#390,#391);
#390 = CARTESIAN_POINT('',(0.,28.3,0.));
#391 = VECTOR('',#392,1.);
#392 = DIRECTION('',(0.,0.,1.));
#393 = ORIENTED_EDGE('',*,*,#394,.F.);
#394 = EDGE_CURVE('',#371,#387,#395,.T.);
#395 = LINE('',#396,#397);
#396 = CARTESIAN_POINT('',(0.,0.,1.6));
#397 = VECTOR('',#398,1.);
#398 = DIRECTION('',(-0.,1.,0.));
#399 = PLANE('',#400);
#400 = AXIS2_PLACEMENT_3D('',#401,#402,#403);
#401 = CARTESIAN_POINT('',(0.,0.,0.));
#402 = DIRECTION('',(1.,0.,-0.));
#403 = DIRECTION('',(0.,0.,1.));
#404 = ADVANCED_FACE('',(#405),#430,.F.);
#405 = FACE_BOUND('',#406,.F.);
#406 = EDGE_LOOP('',(#407,#415,#416,#424));
#407 = ORIENTED_EDGE('',*,*,#408,.F.);
#408 = EDGE_CURVE('',#369,#409,#411,.T.);
#409 = VERTEX_POINT('',#410);
#410 = CARTESIAN_POINT('',(51.5,0.,0.));
#411 = LINE('',#412,#413);
#412 = CARTESIAN_POINT('',(0.,0.,0.));
#413 = VECTOR('',#414,1.);
#414 = DIRECTION('',(1.,0.,-0.));
#415 = ORIENTED_EDGE('',*,*,#368,.T.);
#416 = ORIENTED_EDGE('',*,*,#417,.T.);
#417 = EDGE_CURVE('',#371,#418,#420,.T.);
#418 = VERTEX_POINT('',#419);
#419 = CARTESIAN_POINT('',(51.5,0.,1.6));
#420 = LINE('',#421,#422);
#421 = CARTESIAN_POINT('',(0.,0.,1.6));
#422 = VECTOR('',#423,1.);
#423 = DIRECTION('',(1.,0.,-0.));
#424 = ORIENTED_EDGE('',*,*,#425,.F.);
#425 = EDGE_CURVE('',#409,#418,#426,.T.);
#426 = LINE('',#427,#428);
#427 = CARTESIAN_POINT('',(51.5,0.,0.));
#428 = VECTOR('',#429,1.);
#429 = DIRECTION('',(0.,0.,1.));
#430 = PLANE('',#431);
#431 = AXIS2_PLACEMENT_3D('',#432,#433,#434);
#432 = CARTESIAN_POINT('',(0.,0.,0.));
#433 = DIRECTION('',(-0.,1.,0.));
#434 = DIRECTION('',(0.,0.,1.));
#435 = ADVANCED_FACE('',(#436,#454,#465,#476,#487,#498,#509,#520,#531,
    #542,#553,#564,#575,#586,#597,#608,#619,#630,#641,#652,#663,#674,
    #685,#696,#707,#718,#729,#740,#751,#762,#773),#784,.T.);
#436 = FACE_BOUND('',#437,.T.);
#437 = EDGE_LOOP('',(#438,#439,#440,#448));
#438 = ORIENTED_EDGE('',*,*,#394,.F.);
#439 = ORIENTED_EDGE('',*,*,#417,.T.);
#440 = ORIENTED_EDGE('',*,*,#441,.T.);
#441 = EDGE_CURVE('',#418,#442,#444,.T.);
#442 = VERTEX_POINT('',#443);
#443 = CARTESIAN_POINT('',(51.5,28.3,1.6));
#444 = LINE('',#445,#446);
#445 = CARTESIAN_POINT('',(51.5,0.,1.6));
#446 = VECTOR('',#447,1.);
#447 = DIRECTION('',(-0.,1.,0.));
#448 = ORIENTED_EDGE('',*,*,#449,.F.);
#449 = EDGE_CURVE('',#387,#442,#450,.T.);
#450 = LINE('',#451,#452);
#451 = CARTESIAN_POINT('',(0.,28.3,1.6));
#452 = VECTOR('',#453,1.);
#453 = DIRECTION('',(1.,0.,-0.));
#454 = FACE_BOUND('',#455,.T.);
#455 = EDGE_LOOP('',(#456));
#456 = ORIENTED_EDGE('',*,*,#457,.F.);
#457 = EDGE_CURVE('',#458,#458,#460,.T.);
#458 = VERTEX_POINT('',#459);
#459 = CARTESIAN_POINT('',(7.5,1.45,1.6));
#460 = CIRCLE('',#461,0.5);
#461 = AXIS2_PLACEMENT_3D('',#462,#463,#464);
#462 = CARTESIAN_POINT('',(7.,1.45,1.6));
#463 = DIRECTION('',(0.,0.,1.));
#464 = DIRECTION('',(1.,0.,-0.));
#465 = FACE_BOUND('',#466,.T.);
#466 = EDGE_LOOP('',(#467));
#467 = ORIENTED_EDGE('',*,*,#468,.F.);
#468 = EDGE_CURVE('',#469,#469,#471,.T.);
#469 = VERTEX_POINT('',#470);
#470 = CARTESIAN_POINT('',(10.04,1.45,1.6));
#471 = CIRCLE('',#472,0.5);
#472 = AXIS2_PLACEMENT_3D('',#473,#474,#475);
#473 = CARTESIAN_POINT('',(9.54,1.45,1.6));
#474 = DIRECTION('',(0.,0.,1.));
#475 = DIRECTION('',(1.,0.,-0.));
#476 = FACE_BOUND('',#477,.T.);
#477 = EDGE_LOOP('',(#478));
#478 = ORIENTED_EDGE('',*,*,#479,.F.);
#479 = EDGE_CURVE('',#480,#480,#482,.T.);
#480 = VERTEX_POINT('',#481);
#481 = CARTESIAN_POINT('',(12.58,1.45,1.6));
#482 = CIRCLE('',#483,0.5);
#483 = AXIS2_PLACEMENT_3D('',#484,#485,#486);
#484 = CARTESIAN_POINT('',(12.08,1.45,1.6));
#485 = DIRECTION('',(0.,0.,1.));
#486 = DIRECTION('',(1.,0.,-0.));
#487 = FACE_BOUND('',#488,.T.);
#488 = EDGE_LOOP('',(#489));
#489 = ORIENTED_EDGE('',*,*,#490,.F.);
#490 = EDGE_CURVE('',#491,#491,#493,.T.);
#491 = VERTEX_POINT('',#492);
#492 = CARTESIAN_POINT('',(15.12,1.45,1.6));
#493 = CIRCLE('',#494,0.5);
#494 = AXIS2_PLACEMENT_3D('',#495,#496,#497);
#495 = CARTESIAN_POINT('',(14.62,1.45,1.6));
#496 = DIRECTION('',(0.,0.,1.));
#497 = DIRECTION('',(1.,0.,-0.));
#498 = FACE_BOUND('',#499,.T.);
#499 = EDGE_LOOP('',(#500));
#500 = ORIENTED_EDGE('',*,*,#501,.F.);
#501 = EDGE_CURVE('',#502,#502,#504,.T.);
#502 = VERTEX_POINT('',#503);
#503 = CARTESIAN_POINT('',(17.66,1.45,1.6));
#504 = CIRCLE('',#505,0.5);
#505 = AXIS2_PLACEMENT_3D('',#506,#507,#508);
#506 = CARTESIAN_POINT('',(17.16,1.45,1.6));
#507 = DIRECTION('',(0.,0.,1.));
#508 = DIRECTION('',(1.,0.,-0.));
#509 = FACE_BOUND('',#510,.T.);
#510 = EDGE_LOOP('',(#511));
#511 = ORIENTED_EDGE('',*,*,#512,.F.);
#512 = EDGE_CURVE('',#513,#513,#515,.T.);
#513 = VERTEX_POINT('',#514);
#514 = CARTESIAN_POINT('',(20.2,1.45,1.6));
#515 = CIRCLE('',#516,0.5);
#516 = AXIS2_PLACEMENT_3D('',#517,#518,#519);
#517 = CARTESIAN_POINT('',(19.7,1.45,1.6));
#518 = DIRECTION('',(0.,0.,1.));
#519 = DIRECTION('',(1.,0.,-0.));
#520 = FACE_BOUND('',#521,.T.);
#521 = EDGE_LOOP('',(#522));
#522 = ORIENTED_EDGE('',*,*,#523,.F.);
#523 = EDGE_CURVE('',#524,#524,#526,.T.);
#524 = VERTEX_POINT('',#525);
#525 = CARTESIAN_POINT('',(22.74,1.45,1.6));
#526 = CIRCLE('',#527,0.5);
#527 = AXIS2_PLACEMENT_3D('',#528,#529,#530);
#528 = CARTESIAN_POINT('',(22.24,1.45,1.6));
#529 = DIRECTION('',(0.,0.,1.));
#530 = DIRECTION('',(1.,0.,-0.));
#531 = FACE_BOUND('',#532,.T.);
#532 = EDGE_LOOP('',(#533));
#533 = ORIENTED_EDGE('',*,*,#534,.F.);
#534 = EDGE_CURVE('',#535,#535,#537,.T.);
#535 = VERTEX_POINT('',#536);
#536 = CARTESIAN_POINT('',(25.28,1.45,1.6));
#537 = CIRCLE('',#538,0.5);
#538 = AXIS2_PLACEMENT_3D('',#539,#540,#541);
#539 = CARTESIAN_POINT('',(24.78,1.45,1.6));
#540 = DIRECTION('',(0.,0.,1.));
#541 = DIRECTION('',(1.,0.,-0.));
#542 = FACE_BOUND('',#543,.T.);
#543 = EDGE_LOOP('',(#544));
#544 = ORIENTED_EDGE('',*,*,#545,.F.);
#545 = EDGE_CURVE('',#546,#546,#548,.T.);
#546 = VERTEX_POINT('',#547);
#547 = CARTESIAN_POINT('',(27.82,1.45,1.6));
#548 = CIRCLE('',#549,0.5);
#549 = AXIS2_PLACEMENT_3D('',#550,#551,#552);
#550 = CARTESIAN_POINT('',(27.32,1.45,1.6));
#551 = DIRECTION('',(0.,0.,1.));
#552 = DIRECTION('',(1.,0.,-0.));
#553 = FACE_BOUND('',#554,.T.);
#554 = EDGE_LOOP('',(#555));
#555 = ORIENTED_EDGE('',*,*,#556,.F.);
#556 = EDGE_CURVE('',#557,#557,#559,.T.);
#557 = VERTEX_POINT('',#558);
#558 = CARTESIAN_POINT('',(30.36,1.45,1.6));
#559 = CIRCLE('',#560,0.5);
#560 = AXIS2_PLACEMENT_3D('',#561,#562,#563);
#561 = CARTESIAN_POINT('',(29.86,1.45,1.6));
#562 = DIRECTION('',(0.,0.,1.));
#563 = DIRECTION('',(1.,0.,-0.));
#564 = FACE_BOUND('',#565,.T.);
#565 = EDGE_LOOP('',(#566));
#566 = ORIENTED_EDGE('',*,*,#567,.F.);
#567 = EDGE_CURVE('',#568,#568,#570,.T.);
#568 = VERTEX_POINT('',#569);
#569 = CARTESIAN_POINT('',(32.9,1.45,1.6));
#570 = CIRCLE('',#571,0.5);
#571 = AXIS2_PLACEMENT_3D('',#572,#573,#574);
#572 = CARTESIAN_POINT('',(32.4,1.45,1.6));
#573 = DIRECTION('',(0.,0.,1.));
#574 = DIRECTION('',(1.,0.,-0.));
#575 = FACE_BOUND('',#576,.T.);
#576 = EDGE_LOOP('',(#577));
#577 = ORIENTED_EDGE('',*,*,#578,.F.);
#578 = EDGE_CURVE('',#579,#579,#581,.T.);
#579 = VERTEX_POINT('',#580);
#580 = CARTESIAN_POINT('',(35.44,1.45,1.6));
#581 = CIRCLE('',#582,0.5);
#582 = AXIS2_PLACEMENT_3D('',#583,#584,#585);
#583 = CARTESIAN_POINT('',(34.94,1.45,1.6));
#584 = DIRECTION('',(0.,0.,1.));
#585 = DIRECTION('',(1.,0.,-0.));
#586 = FACE_BOUND('',#587,.T.);
#587 = EDGE_LOOP('',(#588));
#588 = ORIENTED_EDGE('',*,*,#589,.F.);
#589 = EDGE_CURVE('',#590,#590,#592,.T.);
#590 = VERTEX_POINT('',#591);
#591 = CARTESIAN_POINT('',(37.98,1.45,1.6));
#592 = CIRCLE('',#593,0.5);
#593 = AXIS2_PLACEMENT_3D('',#594,#595,#596);
#594 = CARTESIAN_POINT('',(37.48,1.45,1.6));
#595 = DIRECTION('',(0.,0.,1.));
#596 = DIRECTION('',(1.,0.,-0.));
#597 = FACE_BOUND('',#598,.T.);
#598 = EDGE_LOOP('',(#599));
#599 = ORIENTED_EDGE('',*,*,#600,.F.);
#600 = EDGE_CURVE('',#601,#601,#603,.T.);
#601 = VERTEX_POINT('',#602);
#602 = CARTESIAN_POINT('',(40.52,1.45,1.6));
#603 = CIRCLE('',#604,0.5);
#604 = AXIS2_PLACEMENT_3D('',#605,#606,#607);
#605 = CARTESIAN_POINT('',(40.02,1.45,1.6));
#606 = DIRECTION('',(0.,0.,1.));
#607 = DIRECTION('',(1.,0.,-0.));
#608 = FACE_BOUND('',#609,.T.);
#609 = EDGE_LOOP('',(#610));
#610 = ORIENTED_EDGE('',*,*,#611,.F.);
#611 = EDGE_CURVE('',#612,#612,#614,.T.);
#612 = VERTEX_POINT('',#613);
#613 = CARTESIAN_POINT('',(43.06,1.45,1.6));
#614 = CIRCLE('',#615,0.5);
#615 = AXIS2_PLACEMENT_3D('',#616,#617,#618);
#616 = CARTESIAN_POINT('',(42.56,1.45,1.6));
#617 = DIRECTION('',(0.,0.,1.));
#618 = DIRECTION('',(1.,0.,-0.));
#619 = FACE_BOUND('',#620,.T.);
#620 = EDGE_LOOP('',(#621));
#621 = ORIENTED_EDGE('',*,*,#622,.F.);
#622 = EDGE_CURVE('',#623,#623,#625,.T.);
#623 = VERTEX_POINT('',#624);
#624 = CARTESIAN_POINT('',(7.5,26.85,1.6));
#625 = CIRCLE('',#626,0.5);
#626 = AXIS2_PLACEMENT_3D('',#627,#628,#629);
#627 = CARTESIAN_POINT('',(7.,26.85,1.6));
#628 = DIRECTION('',(0.,0.,1.));
#629 = DIRECTION('',(1.,0.,-0.));
#630 = FACE_BOUND('',#631,.T.);
#631 = EDGE_LOOP('',(#632));
#632 = ORIENTED_EDGE('',*,*,#633,.F.);
#633 = EDGE_CURVE('',#634,#634,#636,.T.);
#634 = VERTEX_POINT('',#635);
#635 = CARTESIAN_POINT('',(10.04,26.85,1.6));
#636 = CIRCLE('',#637,0.5);
#637 = AXIS2_PLACEMENT_3D('',#638,#639,#640);
#638 = CARTESIAN_POINT('',(9.54,26.85,1.6));
#639 = DIRECTION('',(0.,0.,1.));
#640 = DIRECTION('',(1.,0.,-0.));
#641 = FACE_BOUND('',#642,.T.);
#642 = EDGE_LOOP('',(#643));
#643 = ORIENTED_EDGE('',*,*,#644,.F.);
#644 = EDGE_CURVE('',#645,#645,#647,.T.);
#645 = VERTEX_POINT('',#646);
#646 = CARTESIAN_POINT('',(12.58,26.85,1.6));
#647 = CIRCLE('',#648,0.5);
#648 = AXIS2_PLACEMENT_3D('',#649,#650,#651);
#649 = CARTESIAN_POINT('',(12.08,26.85,1.6));
#650 = DIRECTION('',(0.,0.,1.));
#651 = DIRECTION('',(1.,0.,-0.));
#652 = FACE_BOUND('',#653,.T.);
#653 = EDGE_LOOP('',(#654));
#654 = ORIENTED_EDGE('',*,*,#655,.F.);
#655 = EDGE_CURVE('',#656,#656,#658,.T.);
#656 = VERTEX_POINT('',#657);
#657 = CARTESIAN_POINT('',(15.12,26.85,1.6));
#658 = CIRCLE('',#659,0.5);
#659 = AXIS2_PLACEMENT_3D('',#660,#661,#662);
#660 = CARTESIAN_POINT('',(14.62,26.85,1.6));
#661 = DIRECTION('',(0.,0.,1.));
#662 = DIRECTION('',(1.,0.,-0.));
#663 = FACE_BOUND('',#664,.T.);
#664 = EDGE_LOOP('',(#665));
#665 = ORIENTED_EDGE('',*,*,#666,.F.);
#666 = EDGE_CURVE('',#667,#667,#669,.T.);
#667 = VERTEX_POINT('',#668);
#668 = CARTESIAN_POINT('',(17.66,26.85,1.6));
#669 = CIRCLE('',#670,0.5);
#670 = AXIS2_PLACEMENT_3D('',#671,#672,#673);
#671 = CARTESIAN_POINT('',(17.16,26.85,1.6));
#672 = DIRECTION('',(0.,0.,1.));
#673 = DIRECTION('',(1.,0.,-0.));
#674 = FACE_BOUND('',#675,.T.);
#675 = EDGE_LOOP('',(#676));
#676 = ORIENTED_EDGE('',*,*,#677,.F.);
#677 = EDGE_CURVE('',#678,#678,#680,.T.);
#678 = VERTEX_POINT('',#679);
#679 = CARTESIAN_POINT('',(20.2,26.85,1.6));
#680 = CIRCLE('',#681,0.5);
#681 = AXIS2_PLACEMENT_3D('',#682,#683,#684);
#682 = CARTESIAN_POINT('',(19.7,26.85,1.6));
#683 = DIRECTION('',(0.,0.,1.));
#684 = DIRECTION('',(1.,0.,-0.));
#685 = FACE_BOUND('',#686,.T.);
#686 = EDGE_LOOP('',(#687));
#687 = ORIENTED_EDGE('',*,*,#688,.F.);
#688 = EDGE_CURVE('',#689,#689,#691,.T.);
#689 = VERTEX_POINT('',#690);
#690 = CARTESIAN_POINT('',(22.74,26.85,1.6));
#691 = CIRCLE('',#692,0.5);
#692 = AXIS2_PLACEMENT_3D('',#693,#694,#695);
#693 = CARTESIAN_POINT('',(22.24,26.85,1.6));
#694 = DIRECTION('',(0.,0.,1.));
#695 = DIRECTION('',(1.,0.,-0.));
#696 = FACE_BOUND('',#697,.T.);
#697 = EDGE_LOOP('',(#698));
#698 = ORIENTED_EDGE('',*,*,#699,.F.);
#699 = EDGE_CURVE('',#700,#700,#702,.T.);
#700 = VERTEX_POINT('',#701);
#701 = CARTESIAN_POINT('',(25.28,26.85,1.6));
#702 = CIRCLE('',#703,0.5);
#703 = AXIS2_PLACEMENT_3D('',#704,#705,#706);
#704 = CARTESIAN_POINT('',(24.78,26.85,1.6));
#705 = DIRECTION('',(0.,0.,1.));
#706 = DIRECTION('',(1.,0.,-0.));
#707 = FACE_BOUND('',#708,.T.);
#708 = EDGE_LOOP('',(#709));
#709 = ORIENTED_EDGE('',*,*,#710,.F.);
#710 = EDGE_CURVE('',#711,#711,#713,.T.);
#711 = VERTEX_POINT('',#712);
#712 = CARTESIAN_POINT('',(27.82,26.85,1.6));
#713 = CIRCLE('',#714,0.5);
#714 = AXIS2_PLACEMENT_3D('',#715,#716,#717);
#715 = CARTESIAN_POINT('',(27.32,26.85,1.6));
#716 = DIRECTION('',(0.,0.,1.));
#717 = DIRECTION('',(1.,0.,-0.));
#718 = FACE_BOUND('',#719,.T.);
#719 = EDGE_LOOP('',(#720));
#720 = ORIENTED_EDGE('',*,*,#721,.F.);
#721 = EDGE_CURVE('',#722,#722,#724,.T.);
#722 = VERTEX_POINT('',#723);
#723 = CARTESIAN_POINT('',(30.36,26.85,1.6));
#724 = CIRCLE('',#725,0.5);
#725 = AXIS2_PLACEMENT_3D('',#726,#727,#728);
#726 = CARTESIAN_POINT('',(29.86,26.85,1.6));
#727 = DIRECTION('',(0.,0.,1.));
#728 = DIRECTION('',(1.,0.,-0.));
#729 = FACE_BOUND('',#730,.T.);
#730 = EDGE_LOOP('',(#731));
#731 = ORIENTED_EDGE('',*,*,#732,.F.);
#732 = EDGE_CURVE('',#733,#733,#735,.T.);
#733 = VERTEX_POINT('',#734);
#734 = CARTESIAN_POINT('',(32.9,26.85,1.6));
#735 = CIRCLE('',#736,0.5);
#736 = AXIS2_PLACEMENT_3D('',#737,#738,#739);
#737 = CARTESIAN_POINT('',(32.4,26.85,1.6));
#738 = DIRECTION('',(0.,0.,1.));
#739 = DIRECTION('',(1.,0.,-0.));
#740 = FACE_BOUND('',#741,.T.);
#741 = EDGE_LOOP('',(#742));
#742 = ORIENTED_EDGE('',*,*,#743,.F.);
#743 = EDGE_CURVE('',#744,#744,#746,.T.);
#744 = VERTEX_POINT('',#745);
#745 = CARTESIAN_POINT('',(35.44,26.85,1.6));
#746 = CIRCLE('',#747,0.5);
#747 = AXIS2_PLACEMENT_3D('',#748,#749,#750);
#748 = CARTESIAN_POINT('',(34.94,26.85,1.6));
#749 = DIRECTION('',(0.,0.,1.));
#750 = DIRECTION('',(1.,0.,-0.));
#751 = FACE_BOUND('',#752,.T.);
#752 = EDGE_LOOP('',(#753));
#753 = ORIENTED_EDGE('',*,*,#754,.F.);
#754 = EDGE_CURVE('',#755,#755,#757,.T.);
#755 = VERTEX_POINT('',#756);
#756 = CARTESIAN_POINT('',(37.98,26.85,1.6));
#757 = CIRCLE('',#758,0.5);
#758 = AXIS2_PLACEMENT_3D('',#759,#760,#761);
#759 = CARTESIAN_POINT('',(37.48,26.85,1.6));
#760 = DIRECTION('',(0.,0.,1.));
#761 = DIRECTION('',(1.,0.,-0.));
#762 = FACE_BOUND('',#763,.T.);
#763 = EDGE_LOOP('',(#764));
#764 = ORIENTED_EDGE('',*,*,#765,.F.);
#765 = EDGE_CURVE('',#766,#766,#768,.T.);
#766 = VERTEX_POINT('',#767);
#767 = CARTESIAN_POINT('',(40.52,26.85,1.6));
#768 = CIRCLE('',#769,0.5);
#769 = AXIS2_PLACEMENT_3D('',#770,#771,#772);
#770 = CARTESIAN_POINT('',(40.02,26.85,1.6));
#771 = DIRECTION('',(0.,0.,1.));
#772 = DIRECTION('',(1.,0.,-0.));
#773 = FACE_BOUND('',#774,.T.);
#774 = EDGE_LOOP('',(#775));
#775 = ORIENTED_EDGE('',*,*,#776,.F.);
#776 = EDGE_CURVE('',#777,#777,#779,.T.);
#777 = VERTEX_POINT('',#778);
#778 = CARTESIAN_POINT('',(43.06,26.85,1.6));
#779 = CIRCLE('',#780,0.5);
#780 = AXIS2_PLACEMENT_3D('',#781,#782,#783);
#781 = CARTESIAN_POINT('',(42.56,26.85,1.6));
#782 = DIRECTION('',(0.,0.,1.));
#783 = DIRECTION('',(1.,0.,-0.));
#784 = PLANE('',#785);
#785 = AXIS2_PLACEMENT_3D('',#786,#787,#788);
#786 = CARTESIAN_POINT('',(0.,0.,1.6));
#787 = DIRECTION('',(0.,0.,1.));
#788 = DIRECTION('',(1.,0.,-0.));
#789 = ADVANCED_FACE('',(#790),#808,.T.);
#790 = FACE_BOUND('',#791,.T.);
#791 = EDGE_LOOP('',(#792,#800,#801,#802));
#792 = ORIENTED_EDGE('',*,*,#793,.F.);
#793 = EDGE_CURVE('',#379,#794,#796,.T.);
#794 = VERTEX_POINT('',#795);
#795 = CARTESIAN_POINT('',(51.5,28.3,0.));
#796 = LINE('',#797,#798);
#797 = CARTESIAN_POINT('',(0.,28.3,0.));
#798 = VECTOR('',#799,1.);
#799 = DIRECTION('',(1.,0.,-0.));
#800 = ORIENTED_EDGE('',*,*,#386,.T.);
#801 = ORIENTED_EDGE('',*,*,#449,.T.);
#802 = ORIENTED_EDGE('',*,*,#803,.F.);
#803 = EDGE_CURVE('',#794,#442,#804,.T.);
#804 = LINE('',#805,#806);
#805 = CARTESIAN_POINT('',(51.5,28.3,0.));
#806 = VECTOR('',#807,1.);
#807 = DIRECTION('',(0.,0.,1.));
#808 = PLANE('',#809);
#809 = AXIS2_PLACEMENT_3D('',#810,#811,#812);
#810 = CARTESIAN_POINT('',(0.,28.3,0.));
#811 = DIRECTION('',(-0.,1.,0.));
#812 = DIRECTION('',(0.,0.,1.));
#813 = ADVANCED_FACE('',(#814,#825,#836,#847,#858,#869,#880,#891,#902,
    #913,#924,#935,#946,#957,#968,#979,#990,#1001,#1012,#1023,#1034,
    #1045,#1056,#1067,#1078,#1089,#1100,#1111,#1122,#1133,#1144),#1155,
  .F.);
#814 = FACE_BOUND('',#815,.F.);
#815 = EDGE_LOOP('',(#816,#817,#818,#824));
#816 = ORIENTED_EDGE('',*,*,#378,.F.);
#817 = ORIENTED_EDGE('',*,*,#408,.T.);
#818 = ORIENTED_EDGE('',*,*,#819,.T.);
#819 = EDGE_CURVE('',#409,#794,#820,.T.);
#820 = LINE('',#821,#822);
#821 = CARTESIAN_POINT('',(51.5,0.,0.));
#822 = VECTOR('',#823,1.);
#823 = DIRECTION('',(-0.,1.,0.));
#824 = ORIENTED_EDGE('',*,*,#793,.F.);
#825 = FACE_BOUND('',#826,.F.);
#826 = EDGE_LOOP('',(#827));
#827 = ORIENTED_EDGE('',*,*,#828,.F.);
#828 = EDGE_CURVE('',#829,#829,#831,.T.);
#829 = VERTEX_POINT('',#830);
#830 = CARTESIAN_POINT('',(7.5,1.45,0.));
#831 = CIRCLE('',#832,0.5);
#832 = AXIS2_PLACEMENT_3D('',#833,#834,#835);
#833 = CARTESIAN_POINT('',(7.,1.45,0.));
#834 = DIRECTION('',(0.,0.,1.));
#835 = DIRECTION('',(1.,0.,-0.));
#836 = FACE_BOUND('',#837,.F.);
#837 = EDGE_LOOP('',(#838));
#838 = ORIENTED_EDGE('',*,*,#839,.F.);
#839 = EDGE_CURVE('',#840,#840,#842,.T.);
#840 = VERTEX_POINT('',#841);
#841 = CARTESIAN_POINT('',(10.04,1.45,0.));
#842 = CIRCLE('',#843,0.5);
#843 = AXIS2_PLACEMENT_3D('',#844,#845,#846);
#844 = CARTESIAN_POINT('',(9.54,1.45,0.));
#845 = DIRECTION('',(0.,0.,1.));
#846 = DIRECTION('',(1.,0.,-0.));
#847 = FACE_BOUND('',#848,.F.);
#848 = EDGE_LOOP('',(#849));
#849 = ORIENTED_EDGE('',*,*,#850,.F.);
#850 = EDGE_CURVE('',#851,#851,#853,.T.);
#851 = VERTEX_POINT('',#852);
#852 = CARTESIAN_POINT('',(12.58,1.45,0.));
#853 = CIRCLE('',#854,0.5);
#854 = AXIS2_PLACEMENT_3D('',#855,#856,#857);
#855 = CARTESIAN_POINT('',(12.08,1.45,0.));
#856 = DIRECTION('',(0.,0.,1.));
#857 = DIRECTION('',(1.,0.,-0.));
#858 = FACE_BOUND('',#859,.F.);
#859 = EDGE_LOOP('',(#860));
#860 = ORIENTED_EDGE('',*,*,#861,.F.);
#861 = EDGE_CURVE('',#862,#862,#864,.T.);
#862 = VERTEX_POINT('',#863);
#863 = CARTESIAN_POINT('',(15.12,1.45,0.));
#864 = CIRCLE('',#865,0.5);
#865 = AXIS2_PLACEMENT_3D('',#866,#867,#868);
#866 = CARTESIAN_POINT('',(14.62,1.45,0.));
#867 = DIRECTION('',(0.,0.,1.));
#868 = DIRECTION('',(1.,0.,-0.));
#869 = FACE_BOUND('',#870,.F.);
#870 = EDGE_LOOP('',(#871));
#871 = ORIENTED_EDGE('',*,*,#872,.F.);
#872 = EDGE_CURVE('',#873,#873,#875,.T.);
#873 = VERTEX_POINT('',#874);
#874 = CARTESIAN_POINT('',(17.66,1.45,0.));
#875 = CIRCLE('',#876,0.5);
#876 = AXIS2_PLACEMENT_3D('',#877,#878,#879);
#877 = CARTESIAN_POINT('',(17.16,1.45,0.));
#878 = DIRECTION('',(0.,0.,1.));
#879 = DIRECTION('',(1.,0.,-0.));
#880 = FACE_BOUND('',#881,.F.);
#881 = EDGE_LOOP('',(#882));
#882 = ORIENTED_EDGE('',*,*,#883,.F.);
#883 = EDGE_CURVE('',#884,#884,#886,.T.);
#884 = VERTEX_POINT('',#885);
#885 = CARTESIAN_POINT('',(20.2,1.45,0.));
#886 = CIRCLE('',#887,0.5);
#887 = AXIS2_PLACEMENT_3D('',#888,#889,#890);
#888 = CARTESIAN_POINT('',(19.7,1.45,0.));
#889 = DIRECTION('',(0.,0.,1.));
#890 = DIRECTION('',(1.,0.,-0.));
#891 = FACE_BOUND('',#892,.F.);
#892 = EDGE_LOOP('',(#893));
#893 = ORIENTED_EDGE('',*,*,#894,.F.);
#894 = EDGE_CURVE('',#895,#895,#897,.T.);
#895 = VERTEX_POINT('',#896);
#896 = CARTESIAN_POINT('',(22.74,1.45,0.));
#897 = CIRCLE('',#898,0.5);
#898 = AXIS2_PLACEMENT_3D('',#899,#900,#901);
#899 = CARTESIAN_POINT('',(22.24,1.45,0.));
#900 = DIRECTION('',(0.,0.,1.));
#901 = DIRECTION('',(1.,0.,-0.));
#902 = FACE_BOUND('',#903,.F.);
#903 = EDGE_LOOP('',(#904));
#904 = ORIENTED_EDGE('',*,*,#905,.F.);
#905 = EDGE_CURVE('',#906,#906,#908,.T.);
#906 = VERTEX_POINT('',#907);
#907 = CARTESIAN_POINT('',(25.28,1.45,0.));
#908 = CIRCLE('',#909,0.5);
#909 = AXIS2_PLACEMENT_3D('',#910,#911,#912);
#910 = CARTESIAN_POINT('',(24.78,1.45,0.));
#911 = DIRECTION('',(0.,0.,1.));
#912 = DIRECTION('',(1.,0.,-0.));
#913 = FACE_BOUND('',#914,.F.);
#914 = EDGE_LOOP('',(#915));
#915 = ORIENTED_EDGE('',*,*,#916,.F.);
#916 = EDGE_CURVE('',#917,#917,#919,.T.);
#917 = VERTEX_POINT('',#918);
#918 = CARTESIAN_POINT('',(27.82,1.45,0.));
#919 = CIRCLE('',#920,0.5);
#920 = AXIS2_PLACEMENT_3D('',#921,#922,#923);
#921 = CARTESIAN_POINT('',(27.32,1.45,0.));
#922 = DIRECTION('',(0.,0.,1.));
#923 = DIRECTION('',(1.,0.,-0.));
#924 = FACE_BOUND('',#925,.F.);
#925 = EDGE_LOOP('',(#926));
#926 = ORIENTED_EDGE('',*,*,#927,.F.);
#927 = EDGE_CURVE('',#928,#928,#930,.T.);
#928 = VERTEX_POINT('',#929);
#929 = CARTESIAN_POINT('',(30.36,1.45,0.));
#930 = CIRCLE('',#931,0.5);
#931 = AXIS2_PLACEMENT_3D('',#932,#933,#934);
#932 = CARTESIAN_POINT('',(29.86,1.45,0.));
#933 = DIRECTION('',(0.,0.,1.));
#934 = DIRECTION('',(1.,0.,-0.));
#935 = FACE_BOUND('',#936,.F.);
#936 = EDGE_LOOP('',(#937));
#937 = ORIENTED_EDGE('',*,*,#938,.F.);
#938 = EDGE_CURVE('',#939,#939,#941,.T.);
#939 = VERTEX_POINT('',#940);
#940 = CARTESIAN_POINT('',(32.9,1.45,0.));
#941 = CIRCLE('',#942,0.5);
#942 = AXIS2_PLACEMENT_3D('',#943,#944,#945);
#943 = CARTESIAN_POINT('',(32.4,1.45,0.));
#944 = DIRECTION('',(0.,0.,1.));
#945 = DIRECTION('',(1.,0.,-0.));
#946 = FACE_BOUND('',#947,.F.);
#947 = EDGE_LOOP('',(#948));
#948 = ORIENTED_EDGE('',*,*,#949,.F.);
#949 = EDGE_CURVE('',#950,#950,#952,.T.);
#950 = VERTEX_POINT('',#951);
#951 = CARTESIAN_POINT('',(35.44,1.45,0.));
#952 = CIRCLE('',#953,0.5);
#953 = AXIS2_PLACEMENT_3D('',#954,#955,#956);
#954 = CARTESIAN_POINT('',(34.94,1.45,0.));
#955 = DIRECTION('',(0.,0.,1.));
#956 = DIRECTION('',(1.,0.,-0.));
#957 = FACE_BOUND('',#958,.F.);
#958 = EDGE_LOOP('',(#959));
#959 = ORIENTED_EDGE('',*,*,#960,.F.);
#960 = EDGE_CURVE('',#961,#961,#963,.T.);
#961 = VERTEX_POINT('',#962);
#962 = CARTESIAN_POINT('',(37.98,1.45,0.));
#963 = CIRCLE('',#964,0.5);
#964 = AXIS2_PLACEMENT_3D('',#965,#966,#967);
#965 = CARTESIAN_POINT('',(37.48,1.45,0.));
#966 = DIRECTION('',(0.,0.,1.));
#967 = DIRECTION('',(1.,0.,-0.));
#968 = FACE_BOUND('',#969,.F.);
#969 = EDGE_LOOP('',(#970));
#970 = ORIENTED_EDGE('',*,*,#971,.F.);
#971 = EDGE_CURVE('',#972,#972,#974,.T.);
#972 = VERTEX_POINT('',#973);
#973 = CARTESIAN_POINT('',(40.52,1.45,0.));
#974 = CIRCLE('',#975,0.5);
#975 = AXIS2_PLACEMENT_3D('',#976,#977,#978);
#976 = CARTESIAN_POINT('',(40.02,1.45,0.));
#977 = DIRECTION('',(0.,0.,1.));
#978 = DIRECTION('',(1.,0.,-0.));
#979 = FACE_BOUND('',#980,.F.);
#980 = EDGE_LOOP('',(#981));
#981 = ORIENTED_EDGE('',*,*,#982,.F.);
#982 = EDGE_CURVE('',#983,#983,#985,.T.);
#983 = VERTEX_POINT('',#984);
#984 = CARTESIAN_POINT('',(43.06,1.45,0.));
#985 = CIRCLE('',#986,0.5);
#986 = AXIS2_PLACEMENT_3D('',#987,#988,#989);
#987 = CARTESIAN_POINT('',(42.56,1.45,0.));
#988 = DIRECTION('',(0.,0.,1.));
#989 = DIRECTION('',(1.,0.,-0.));
#990 = FACE_BOUND('',#991,.F.);
#991 = EDGE_LOOP('',(#992));
#992 = ORIENTED_EDGE('',*,*,#993,.F.);
#993 = EDGE_CURVE('',#994,#994,#996,.T.);
#994 = VERTEX_POINT('',#995);
#995 = CARTESIAN_POINT('',(7.5,26.85,0.));
#996 = CIRCLE('',#997,0.5);
#997 = AXIS2_PLACEMENT_3D('',#998,#999,#1000);
#998 = CARTESIAN_POINT('',(7.,26.85,0.));
#999 = DIRECTION('',(0.,0.,1.));
#1000 = DIRECTION('',(1.,0.,-0.));
#1001 = FACE_BOUND('',#1002,.F.);
#1002 = EDGE_LOOP('',(#1003));
#1003 = ORIENTED_EDGE('',*,*,#1004,.F.);
#1004 = EDGE_CURVE('',#1005,#1005,#1007,.T.);
#1005 = VERTEX_POINT('',#1006);
#1006 = CARTESIAN_POINT('',(10.04,26.85,0.));
#1007 = CIRCLE('',#1008,0.5);
#1008 = AXIS2_PLACEMENT_3D('',#1009,#1010,#1011);
#1009 = CARTESIAN_POINT('',(9.54,26.85,0.));
#1010 = DIRECTION('',(0.,0.,1.));
#1011 = DIRECTION('',(1.,0.,-0.));
#1012 = FACE_BOUND('',#1013,.F.);
#1013 = EDGE_LOOP('',(#1014));
#1014 = ORIENTED_EDGE('',*,*,#1015,.F.);
#1015 = EDGE_CURVE('',#1016,#1016,#1018,.T.);
#1016 = VERTEX_POINT('',#1017);
#1017 = CARTESIAN_POINT('',(12.58,26.85,0.));
#1018 = CIRCLE('',#1019,0.5);
#1019 = AXIS2_PLACEMENT_3D('',#1020,#1021,#1022);
#1020 = CARTESIAN_POINT('',(12.08,26.85,0.));
#1021 = DIRECTION('',(0.,0.,1.));
#1022 = DIRECTION('',(1.,0.,-0.));
#1023 = FACE_BOUND('',#1024,.F.);
#1024 = EDGE_LOOP('',(#1025));
#1025 = ORIENTED_EDGE('',*,*,#1026,.F.);
#1026 = EDGE_CURVE('',#1027,#1027,#1029,.T.);
#1027 = VERTEX_POINT('',#1028);
#1028 = CARTESIAN_POINT('',(15.12,26.85,0.));
#1029 = CIRCLE('',#1030,0.5);
#1030 = AXIS2_PLACEMENT_3D('',#1031,#1032,#1033);
#1031 = CARTESIAN_POINT('',(14.62,26.85,0.));
#1032 = DIRECTION('',(0.,0.,1.));
#1033 = DIRECTION('',(1.,0.,-0.));
#1034 = FACE_BOUND('',#1035,.F.);
#1035 = EDGE_LOOP('',(#1036));
#1036 = ORIENTED_EDGE('',*,*,#1037,.F.);
#1037 = EDGE_CURVE('',#1038,#1038,#1040,.T.);
#1038 = VERTEX_POINT('',#1039);
#1039 = CARTESIAN_POINT('',(17.66,26.85,0.));
#1040 = CIRCLE('',#1041,0.5);
#1041 = AXIS2_PLACEMENT_3D('',#1042,#1043,#1044);
#1042 = CARTESIAN_POINT('',(17.16,26.85,0.));
#1043 = DIRECTION('',(0.,0.,1.));
#1044 = DIRECTION('',(1.,0.,-0.));
#1045 = FACE_BOUND('',#1046,.F.);
#1046 = EDGE_LOOP('',(#1047));
#1047 = ORIENTED_EDGE('',*,*,#1048,.F.);
#1048 = EDGE_CURVE('',#1049,#1049,#1051,.T.);
#1049 = VERTEX_POINT('',#1050);
#1050 = CARTESIAN_POINT('',(20.2,26.85,0.));
#1051 = CIRCLE('',#1052,0.5);
#1052 = AXIS2_PLACEMENT_3D('',#1053,#1054,#1055);
#1053 = CARTESIAN_POINT('',(19.7,26.85,0.));
#1054 = DIRECTION('',(0.,0.,1.));
#1055 = DIRECTION('',(1.,0.,-0.));
#1056 = FACE_BOUND('',#1057,.F.);
#1057 = EDGE_LOOP('',(#1058));
#1058 = ORIENTED_EDGE('',*,*,#1059,.F.);
#1059 = EDGE_CURVE('',#1060,#1060,#1062,.T.);
#1060 = VERTEX_POINT('',#1061);
#1061 = CARTESIAN_POINT('',(22.74,26.85,0.));
#1062 = CIRCLE('',#1063,0.5);
#1063 = AXIS2_PLACEMENT_3D('',#1064,#1065,#1066);
#1064 = CARTESIAN_POINT('',(22.24,26.85,0.));
#1065 = DIRECTION('',(0.,0.,1.));
#1066 = DIRECTION('',(1.,0.,-0.));
#1067 = FACE_BOUND('',#1068,.F.);
#1068 = EDGE_LOOP('',(#1069));
#1069 = ORIENTED_EDGE('',*,*,#1070,.F.);
#1070 = EDGE_CURVE('',#1071,#1071,#1073,.T.);
#1071 = VERTEX_POINT('',#1072);
#1072 = CARTESIAN_POINT('',(25.28,26.85,0.));
#1073 = CIRCLE('',#1074,0.5);
#1074 = AXIS2_PLACEMENT_3D('',#1075,#1076,#1077);
#1075 = CARTESIAN_POINT('',(24.78,26.85,0.));
#1076 = DIRECTION('',(0.,0.,1.));
#1077 = DIRECTION('',(1.,0.,-0.));
#1078 = FACE_BOUND('',#1079,.F.);
#1079 = EDGE_LOOP('',(#1080));
#1080 = ORIENTED_EDGE('',*,*,#1081,.F.);
#1081 = EDGE_CURVE('',#1082,#1082,#1084,.T.);
#1082 = VERTEX_POINT('',#1083);
#1083 = CARTESIAN_POINT('',(27.82,26.85,0.));
#1084 = CIRCLE('',#1085,0.5);
#1085 = AXIS2_PLACEMENT_3D('',#1086,#1087,#1088);
#1086 = CARTESIAN_POINT('',(27.32,26.85,0.));
#1087 = DIRECTION('',(0.,0.,1.));
#1088 = DIRECTION('',(1.,0.,-0.));
#1089 = FACE_BOUND('',#1090,.F.);
#1090 = EDGE_LOOP('',(#1091));
#1091 = ORIENTED_EDGE('',*,*,#1092,.F.);
#1092 = EDGE_CURVE('',#1093,#1093,#1095,.T.);
#1093 = VERTEX_POINT('',#1094);
#1094 = CARTESIAN_POINT('',(30.36,26.85,0.));
#1095 = CIRCLE('',#1096,0.5);
#1096 = AXIS2_PLACEMENT_3D('',#1097,#1098,#1099);
#1097 = CARTESIAN_POINT('',(29.86,26.85,0.));
#1098 = DIRECTION('',(0.,0.,1.));
#1099 = DIRECTION('',(1.,0.,-0.));
#1100 = FACE_BOUND('',#1101,.F.);
#1101 = EDGE_LOOP('',(#1102));
#1102 = ORIENTED_EDGE('',*,*,#1103,.F.);
#1103 = EDGE_CURVE('',#1104,#1104,#1106,.T.);
#1104 = VERTEX_POINT('',#1105);
#1105 = CARTESIAN_POINT('',(32.9,26.85,0.));
#1106 = CIRCLE('',#1107,0.5);
#1107 = AXIS2_PLACEMENT_3D('',#1108,#1109,#1110);
#1108 = CARTESIAN_POINT('',(32.4,26.85,0.));
#1109 = DIRECTION('',(0.,0.,1.));
#1110 = DIRECTION('',(1.,0.,-0.));
#1111 = FACE_BOUND('',#1112,.F.);
#1112 = EDGE_LOOP('',(#1113));
#1113 = ORIENTED_EDGE('',*,*,#1114,.F.);
#1114 = EDGE_CURVE('',#1115,#1115,#1117,.T.);
#1115 = VERTEX_POINT('',#1116);
#1116 = CARTESIAN_POINT('',(35.44,26.85,0.));
#1117 = CIRCLE('',#1118,0.5);
#1118 = AXIS2_PLACEMENT_3D('',#1119,#1120,#1121);
#1119 = CARTESIAN_POINT('',(34.94,26.85,0.));
#1120 = DIRECTION('',(0.,0.,1.));
#1121 = DIRECTION('',(1.,0.,-0.));
#1122 = FACE_BOUND('',#1123,.F.);
#1123 = EDGE_LOOP('',(#1124));
#1124 = ORIENTED_EDGE('',*,*,#1125,.F.);
#1125 = EDGE_CURVE('',#1126,#1126,#1128,.T.);
#1126 = VERTEX_POINT('',#1127);
#1127 = CARTESIAN_POINT('',(37.98,26.85,0.));
#1128 = CIRCLE('',#1129,0.5);
#1129 = AXIS2_PLACEMENT_3D('',#1130,#1131,#1132);
#1130 = CARTESIAN_POINT('',(37.48,26.85,0.));
#1131 = DIRECTION('',(0.,0.,1.));
#1132 = DIRECTION('',(1.,0.,-0.));
#1133 = FACE_BOUND('',#1134,.F.);
#1134 = EDGE_LOOP('',(#1135));
#1135 = ORIENTED_EDGE('',*,*,#1136,.F.);
#1136 = EDGE_CURVE('',#1137,#1137,#1139,.T.);
#1137 = VERTEX_POINT('',#1138);
#1138 = CARTESIAN_POINT('',(40.52,26.85,0.));
#1139 = CIRCLE('',#1140,0.5);
#1140 = AXIS2_PLACEMENT_3D('',#1141,#1142,#1143);
#1141 = CARTESIAN_POINT('',(40.02,26.85,0.));
#1142 = DIRECTION('',(0.,0.,1.));
#1143 = DIRECTION('',(1.,0.,-0.));
#1144 = FACE_BOUND('',#1145,.F.);
#1145 = EDGE_LOOP('',(#1146));
#1146 = ORIENTED_EDGE('',*,*,#1147,.F.);
#1147 = EDGE_CURVE('',#1148,#1148,#1150,.T.);
#1148 = VERTEX_POINT('',#1149);
#1149 = CARTESIAN_POINT('',(43.06,26.85,0.));
#1150 = CIRCLE('',#1151,0.5);
#1151 = AXIS2_PLACEMENT_3D('',#1152,#1153,#1154);
#1152 = CARTESIAN_POINT('',(42.56,26.85,0.));
#1153 = DIRECTION('',(0.,0.,1.));
#1154 = DIRECTION('',(1.,0.,-0.));
#1155 = PLANE('',#1156);
#1156 = AXIS2_PLACEMENT_3D('',#1157,#1158,#1159);
#1157 = CARTESIAN_POINT('',(0.,0.,0.));
#1158 = DIRECTION('',(0.,0.,1.));
#1159 = DIRECTION('',(1.,0.,-0.));
#1160 = ADVANCED_FACE('',(#1161),#1167,.T.);
#1161 = FACE_BOUND('',#1162,.T.);
#1162 = EDGE_LOOP('',(#1163,#1164,#1165,#1166));
#1163 = ORIENTED_EDGE('',*,*,#425,.F.);
#1164 = ORIENTED_EDGE('',*,*,#819,.T.);
#1165 = ORIENTED_EDGE('',*,*,#803,.T.);
#1166 = ORIENTED_EDGE('',*,*,#441,.F.);
#1167 = PLANE('',#1168);
#1168 = AXIS2_PLACEMENT_3D('',#1169,#1170,#1171);
#1169 = CARTESIAN_POINT('',(51.5,0.,0.));
#1170 = DIRECTION('',(1.,0.,-0.));
#1171 = DIRECTION('',(0.,0.,1.));
#1172 = ADVANCED_FACE('',(#1173),#1184,.F.);
#1173 = FACE_BOUND('',#1174,.F.);
#1174 = EDGE_LOOP('',(#1175,#1176,#1182,#1183));
#1175 = ORIENTED_EDGE('',*,*,#457,.F.);
#1176 = ORIENTED_EDGE('',*,*,#1177,.F.);
#1177 = EDGE_CURVE('',#829,#458,#1178,.T.);
#1178 = LINE('',#1179,#1180);
#1179 = CARTESIAN_POINT('',(7.5,1.45,-0.1));
#1180 = VECTOR('',#1181,1.);
#1181 = DIRECTION('',(0.,0.,1.));
#1182 = ORIENTED_EDGE('',*,*,#828,.T.);
#1183 = ORIENTED_EDGE('',*,*,#1177,.T.);
#1184 = CYLINDRICAL_SURFACE('',#1185,0.5);
#1185 = AXIS2_PLACEMENT_3D('',#1186,#1187,#1188);
#1186 = CARTESIAN_POINT('',(7.,1.45,-0.1));
#1187 = DIRECTION('',(0.,0.,1.));
#1188 = DIRECTION('',(1.,0.,-0.));
#1189 = ADVANCED_FACE('',(#1190),#1201,.F.);
#1190 = FACE_BOUND('',#1191,.F.);
#1191 = EDGE_LOOP('',(#1192,#1193,#1199,#1200));
#1192 = ORIENTED_EDGE('',*,*,#468,.F.);
#1193 = ORIENTED_EDGE('',*,*,#1194,.F.);
#1194 = EDGE_CURVE('',#840,#469,#1195,.T.);
#1195 = LINE('',#1196,#1197);
#1196 = CARTESIAN_POINT('',(10.04,1.45,-0.1));
#1197 = VECTOR('',#1198,1.);
#1198 = DIRECTION('',(0.,0.,1.));
#1199 = ORIENTED_EDGE('',*,*,#839,.T.);
#1200 = ORIENTED_EDGE('',*,*,#1194,.T.);
#1201 = CYLINDRICAL_SURFACE('',#1202,0.5);
#1202 = AXIS2_PLACEMENT_3D('',#1203,#1204,#1205);
#1203 = CARTESIAN_POINT('',(9.54,1.45,-0.1));
#1204 = DIRECTION('',(0.,0.,1.));
#1205 = DIRECTION('',(1.,0.,-0.));
#1206 = ADVANCED_FACE('',(#1207),#1218,.F.);
#1207 = FACE_BOUND('',#1208,.F.);
#1208 = EDGE_LOOP('',(#1209,#1210,#1216,#1217));
#1209 = ORIENTED_EDGE('',*,*,#479,.F.);
#1210 = ORIENTED_EDGE('',*,*,#1211,.F.);
#1211 = EDGE_CURVE('',#851,#480,#1212,.T.);
#1212 = LINE('',#1213,#1214);
#1213 = CARTESIAN_POINT('',(12.58,1.45,-0.1));
#1214 = VECTOR('',#1215,1.);
#1215 = DIRECTION('',(0.,0.,1.));
#1216 = ORIENTED_EDGE('',*,*,#850,.T.);
#1217 = ORIENTED_EDGE('',*,*,#1211,.T.);
#1218 = CYLINDRICAL_SURFACE('',#1219,0.5);
#1219 = AXIS2_PLACEMENT_3D('',#1220,#1221,#1222);
#1220 = CARTESIAN_POINT('',(12.08,1.45,-0.1));
#1221 = DIRECTION('',(0.,0.,1.));
#1222 = DIRECTION('',(1.,0.,-0.));
#1223 = ADVANCED_FACE('',(#1224),#1235,.F.);
#1224 = FACE_BOUND('',#1225,.F.);
#1225 = EDGE_LOOP('',(#1226,#1227,#1233,#1234));
#1226 = ORIENTED_EDGE('',*,*,#490,.F.);
#1227 = ORIENTED_EDGE('',*,*,#1228,.F.);
#1228 = EDGE_CURVE('',#862,#491,#1229,.T.);
#1229 = LINE('',#1230,#1231);
#1230 = CARTESIAN_POINT('',(15.12,1.45,-0.1));
#1231 = VECTOR('',#1232,1.);
#1232 = DIRECTION('',(0.,0.,1.));
#1233 = ORIENTED_EDGE('',*,*,#861,.T.);
#1234 = ORIENTED_EDGE('',*,*,#1228,.T.);
#1235 = CYLINDRICAL_SURFACE('',#1236,0.5);
#1236 = AXIS2_PLACEMENT_3D('',#1237,#1238,#1239);
#1237 = CARTESIAN_POINT('',(14.62,1.45,-0.1));
#1238 = DIRECTION('',(0.,0.,1.));
#1239 = DIRECTION('',(1.,0.,-0.));
#1240 = ADVANCED_FACE('',(#1241),#1252,.F.);
#1241 = FACE_BOUND('',#1242,.F.);
#1242 = EDGE_LOOP('',(#1243,#1244,#1250,#1251));
#1243 = ORIENTED_EDGE('',*,*,#501,.F.);
#1244 = ORIENTED_EDGE('',*,*,#1245,.F.);
#1245 = EDGE_CURVE('',#873,#502,#1246,.T.);
#1246 = LINE('',#1247,#1248);
#1247 = CARTESIAN_POINT('',(17.66,1.45,-0.1));
#1248 = VECTOR('',#1249,1.);
#1249 = DIRECTION('',(0.,0.,1.));
#1250 = ORIENTED_EDGE('',*,*,#872,.T.);
#1251 = ORIENTED_EDGE('',*,*,#1245,.T.);
#1252 = CYLINDRICAL_SURFACE('',#1253,0.5);
#1253 = AXIS2_PLACEMENT_3D('',#1254,#1255,#1256);
#1254 = CARTESIAN_POINT('',(17.16,1.45,-0.1));
#1255 = DIRECTION('',(0.,0.,1.));
#1256 = DIRECTION('',(1.,0.,-0.));
#1257 = ADVANCED_FACE('',(#1258),#1269,.F.);
#1258 = FACE_BOUND('',#1259,.F.);
#1259 = EDGE_LOOP('',(#1260,#1261,#1267,#1268));
#1260 = ORIENTED_EDGE('',*,*,#512,.F.);
#1261 = ORIENTED_EDGE('',*,*,#1262,.F.);
#1262 = EDGE_CURVE('',#884,#513,#1263,.T.);
#1263 = LINE('',#1264,#1265);
#1264 = CARTESIAN_POINT('',(20.2,1.45,-0.1));
#1265 = VECTOR('',#1266,1.);
#1266 = DIRECTION('',(0.,0.,1.));
#1267 = ORIENTED_EDGE('',*,*,#883,.T.);
#1268 = ORIENTED_EDGE('',*,*,#1262,.T.);
#1269 = CYLINDRICAL_SURFACE('',#1270,0.5);
#1270 = AXIS2_PLACEMENT_3D('',#1271,#1272,#1273);
#1271 = CARTESIAN_POINT('',(19.7,1.45,-0.1));
#1272 = DIRECTION('',(0.,0.,1.));
#1273 = DIRECTION('',(1.,0.,-0.));
#1274 = ADVANCED_FACE('',(#1275),#1286,.F.);
#1275 = FACE_BOUND('',#1276,.F.);
#1276 = EDGE_LOOP('',(#1277,#1278,#1284,#1285));
#1277 = ORIENTED_EDGE('',*,*,#523,.F.);
#1278 = ORIENTED_EDGE('',*,*,#1279,.F.);
#1279 = EDGE_CURVE('',#895,#524,#1280,.T.);
#1280 = LINE('',#1281,#1282);
#1281 = CARTESIAN_POINT('',(22.74,1.45,-0.1));
#1282 = VECTOR('',#1283,1.);
#1283 = DIRECTION('',(0.,0.,1.));
#1284 = ORIENTED_EDGE('',*,*,#894,.T.);
#1285 = ORIENTED_EDGE('',*,*,#1279,.T.);
#1286 = CYLINDRICAL_SURFACE('',#1287,0.5);
#1287 = AXIS2_PLACEMENT_3D('',#1288,#1289,#1290);
#1288 = CARTESIAN_POINT('',(22.24,1.45,-0.1));
#1289 = DIRECTION('',(0.,0.,1.));
#1290 = DIRECTION('',(1.,0.,-0.));
#1291 = ADVANCED_FACE('',(#1292),#1303,.F.);
#1292 = FACE_BOUND('',#1293,.F.);
#1293 = EDGE_LOOP('',(#1294,#1295,#1301,#1302));
#1294 = ORIENTED_EDGE('',*,*,#534,.F.);
#1295 = ORIENTED_EDGE('',*,*,#1296,.F.);
#1296 = EDGE_CURVE('',#906,#535,#1297,.T.);
#1297 = LINE('',#1298,#1299);
#1298 = CARTESIAN_POINT('',(25.28,1.45,-0.1));
#1299 = VECTOR('',#1300,1.);
#1300 = DIRECTION('',(0.,0.,1.));
#1301 = ORIENTED_EDGE('',*,*,#905,.T.);
#1302 = ORIENTED_EDGE('',*,*,#1296,.T.);
#1303 = CYLINDRICAL_SURFACE('',#1304,0.5);
#1304 = AXIS2_PLACEMENT_3D('',#1305,#1306,#1307);
#1305 = CARTESIAN_POINT('',(24.78,1.45,-0.1));
#1306 = DIRECTION('',(0.,0.,1.));
#1307 = DIRECTION('',(1.,0.,-0.));
#1308 = ADVANCED_FACE('',(#1309),#1320,.F.);
#1309 = FACE_BOUND('',#1310,.F.);
#1310 = EDGE_LOOP('',(#1311,#1312,#1318,#1319));
#1311 = ORIENTED_EDGE('',*,*,#545,.F.);
#1312 = ORIENTED_EDGE('',*,*,#1313,.F.);
#1313 = EDGE_CURVE('',#917,#546,#1314,.T.);
#1314 = LINE('',#1315,#1316);
#1315 = CARTESIAN_POINT('',(27.82,1.45,-0.1));
#1316 = VECTOR('',#1317,1.);
#1317 = DIRECTION('',(0.,0.,1.));
#1318 = ORIENTED_EDGE('',*,*,#916,.T.);
#1319 = ORIENTED_EDGE('',*,*,#1313,.T.);
#1320 = CYLINDRICAL_SURFACE('',#1321,0.5);
#1321 = AXIS2_PLACEMENT_3D('',#1322,#1323,#1324);
#1322 = CARTESIAN_POINT('',(27.32,1.45,-0.1));
#1323 = DIRECTION('',(0.,0.,1.));
#1324 = DIRECTION('',(1.,0.,-0.));
#1325 = ADVANCED_FACE('',(#1326),#1337,.F.);
#1326 = FACE_BOUND('',#1327,.F.);
#1327 = EDGE_LOOP('',(#1328,#1329,#1335,#1336));
#1328 = ORIENTED_EDGE('',*,*,#556,.F.);
#1329 = ORIENTED_EDGE('',*,*,#1330,.F.);
#1330 = EDGE_CURVE('',#928,#557,#1331,.T.);
#1331 = LINE('',#1332,#1333);
#1332 = CARTESIAN_POINT('',(30.36,1.45,-0.1));
#1333 = VECTOR('',#1334,1.);
#1334 = DIRECTION('',(0.,0.,1.));
#1335 = ORIENTED_EDGE('',*,*,#927,.T.);
#1336 = ORIENTED_EDGE('',*,*,#1330,.T.);
#1337 = CYLINDRICAL_SURFACE('',#1338,0.5);
#1338 = AXIS2_PLACEMENT_3D('',#1339,#1340,#1341);
#1339 = CARTESIAN_POINT('',(29.86,1.45,-0.1));
#1340 = DIRECTION('',(0.,0.,1.));
#1341 = DIRECTION('',(1.,0.,-0.));
#1342 = ADVANCED_FACE('',(#1343),#1354,.F.);
#1343 = FACE_BOUND('',#1344,.F.);
#1344 = EDGE_LOOP('',(#1345,#1346,#1352,#1353));
#1345 = ORIENTED_EDGE('',*,*,#567,.F.);
#1346 = ORIENTED_EDGE('',*,*,#1347,.F.);
#1347 = EDGE_CURVE('',#939,#568,#1348,.T.);
#1348 = LINE('',#1349,#1350);
#1349 = CARTESIAN_POINT('',(32.9,1.45,-0.1));
#1350 = VECTOR('',#1351,1.);
#1351 = DIRECTION('',(0.,0.,1.));
#1352 = ORIENTED_EDGE('',*,*,#938,.T.);
#1353 = ORIENTED_EDGE('',*,*,#1347,.T.);
#1354 = CYLINDRICAL_SURFACE('',#1355,0.5);
#1355 = AXIS2_PLACEMENT_3D('',#1356,#1357,#1358);
#1356 = CARTESIAN_POINT('',(32.4,1.45,-0.1));
#1357 = DIRECTION('',(0.,0.,1.));
#1358 = DIRECTION('',(1.,0.,-0.));
#1359 = ADVANCED_FACE('',(#1360),#1371,.F.);
#1360 = FACE_BOUND('',#1361,.F.);
#1361 = EDGE_LOOP('',(#1362,#1363,#1369,#1370));
#1362 = ORIENTED_EDGE('',*,*,#578,.F.);
#1363 = ORIENTED_EDGE('',*,*,#1364,.F.);
#1364 = EDGE_CURVE('',#950,#579,#1365,.T.);
#1365 = LINE('',#1366,#1367);
#1366 = CARTESIAN_POINT('',(35.44,1.45,-0.1));
#1367 = VECTOR('',#1368,1.);
#1368 = DIRECTION('',(0.,0.,1.));
#1369 = ORIENTED_EDGE('',*,*,#949,.T.);
#1370 = ORIENTED_EDGE('',*,*,#1364,.T.);
#1371 = CYLINDRICAL_SURFACE('',#1372,0.5);
#1372 = AXIS2_PLACEMENT_3D('',#1373,#1374,#1375);
#1373 = CARTESIAN_POINT('',(34.94,1.45,-0.1));
#1374 = DIRECTION('',(0.,0.,1.));
#1375 = DIRECTION('',(1.,0.,-0.));
#1376 = ADVANCED_FACE('',(#1377),#1388,.F.);
#1377 = FACE_BOUND('',#1378,.F.);
#1378 = EDGE_LOOP('',(#1379,#1380,#1386,#1387));
#1379 = ORIENTED_EDGE('',*,*,#589,.F.);
#1380 = ORIENTED_EDGE('',*,*,#1381,.F.);
#1381 = EDGE_CURVE('',#961,#590,#1382,.T.);
#1382 = LINE('',#1383,#1384);
#1383 = CARTESIAN_POINT('',(37.98,1.45,-0.1));
#1384 = VECTOR('',#1385,1.);
#1385 = DIRECTION('',(0.,0.,1.));
#1386 = ORIENTED_EDGE('',*,*,#960,.T.);
#1387 = ORIENTED_EDGE('',*,*,#1381,.T.);
#1388 = CYLINDRICAL_SURFACE('',#1389,0.5);
#1389 = AXIS2_PLACEMENT_3D('',#1390,#1391,#1392);
#1390 = CARTESIAN_POINT('',(37.48,1.45,-0.1));
#1391 = DIRECTION('',(0.,0.,1.));
#1392 = DIRECTION('',(1.,0.,-0.));
#1393 = ADVANCED_FACE('',(#1394),#1405,.F.);
#1394 = FACE_BOUND('',#1395,.F.);
#1395 = EDGE_LOOP('',(#1396,#1397,#1403,#1404));
#1396 = ORIENTED_EDGE('',*,*,#600,.F.);
#1397 = ORIENTED_EDGE('',*,*,#1398,.F.);
#1398 = EDGE_CURVE('',#972,#601,#1399,.T.);
#1399 = LINE('',#1400,#1401);
#1400 = CARTESIAN_POINT('',(40.52,1.45,-0.1));
#1401 = VECTOR('',#1402,1.);
#1402 = DIRECTION('',(0.,0.,1.));
#1403 = ORIENTED_EDGE('',*,*,#971,.T.);
#1404 = ORIENTED_EDGE('',*,*,#1398,.T.);
#1405 = CYLINDRICAL_SURFACE('',#1406,0.5);
#1406 = AXIS2_PLACEMENT_3D('',#1407,#1408,#1409);
#1407 = CARTESIAN_POINT('',(40.02,1.45,-0.1));
#1408 = DIRECTION('',(0.,0.,1.));
#1409 = DIRECTION('',(1.,0.,-0.));
#1410 = ADVANCED_FACE('',(#1411),#1422,.F.);
#1411 = FACE_BOUND('',#1412,.F.);
#1412 = EDGE_LOOP('',(#1413,#1414,#1420,#1421));
#1413 = ORIENTED_EDGE('',*,*,#611,.F.);
#1414 = ORIENTED_EDGE('',*,*,#1415,.F.);
#1415 = EDGE_CURVE('',#983,#612,#1416,.T.);
#1416 = LINE('',#1417,#1418);
#1417 = CARTESIAN_POINT('',(43.06,1.45,-0.1));
#1418 = VECTOR('',#1419,1.);
#1419 = DIRECTION('',(0.,0.,1.));
#1420 = ORIENTED_EDGE('',*,*,#982,.T.);
#1421 = ORIENTED_EDGE('',*,*,#1415,.T.);
#1422 = CYLINDRICAL_SURFACE('',#1423,0.5);
#1423 = AXIS2_PLACEMENT_3D('',#1424,#1425,#1426);
#1424 = CARTESIAN_POINT('',(42.56,1.45,-0.1));
#1425 = DIRECTION('',(0.,0.,1.));
#1426 = DIRECTION('',(1.,0.,-0.));
#1427 = ADVANCED_FACE('',(#1428),#1439,.F.);
#1428 = FACE_BOUND('',#1429,.F.);
#1429 = EDGE_LOOP('',(#1430,#1431,#1437,#1438));
#1430 = ORIENTED_EDGE('',*,*,#622,.F.);
#1431 = ORIENTED_EDGE('',*,*,#1432,.F.);
#1432 = EDGE_CURVE('',#994,#623,#1433,.T.);
#1433 = LINE('',#1434,#1435);
#1434 = CARTESIAN_POINT('',(7.5,26.85,-0.1));
#1435 = VECTOR('',#1436,1.);
#1436 = DIRECTION('',(0.,0.,1.));
#1437 = ORIENTED_EDGE('',*,*,#993,.T.);
#1438 = ORIENTED_EDGE('',*,*,#1432,.T.);
#1439 = CYLINDRICAL_SURFACE('',#1440,0.5);
#1440 = AXIS2_PLACEMENT_3D('',#1441,#1442,#1443);
#1441 = CARTESIAN_POINT('',(7.,26.85,-0.1));
#1442 = DIRECTION('',(0.,0.,1.));
#1443 = DIRECTION('',(1.,0.,-0.));
#1444 = ADVANCED_FACE('',(#1445),#1456,.F.);
#1445 = FACE_BOUND('',#1446,.F.);
#1446 = EDGE_LOOP('',(#1447,#1448,#1454,#1455));
#1447 = ORIENTED_EDGE('',*,*,#633,.F.);
#1448 = ORIENTED_EDGE('',*,*,#1449,.F.);
#1449 = EDGE_CURVE('',#1005,#634,#1450,.T.);
#1450 = LINE('',#1451,#1452);
#1451 = CARTESIAN_POINT('',(10.04,26.85,-0.1));
#1452 = VECTOR('',#1453,1.);
#1453 = DIRECTION('',(0.,0.,1.));
#1454 = ORIENTED_EDGE('',*,*,#1004,.T.);
#1455 = ORIENTED_EDGE('',*,*,#1449,.T.);
#1456 = CYLINDRICAL_SURFACE('',#1457,0.5);
#1457 = AXIS2_PLACEMENT_3D('',#1458,#1459,#1460);
#1458 = CARTESIAN_POINT('',(9.54,26.85,-0.1));
#1459 = DIRECTION('',(0.,0.,1.));
#1460 = DIRECTION('',(1.,0.,-0.));
#1461 = ADVANCED_FACE('',(#1462),#1473,.F.);
#1462 = FACE_BOUND('',#1463,.F.);
#1463 = EDGE_LOOP('',(#1464,#1465,#1471,#1472));
#1464 = ORIENTED_EDGE('',*,*,#644,.F.);
#1465 = ORIENTED_EDGE('',*,*,#1466,.F.);
#1466 = EDGE_CURVE('',#1016,#645,#1467,.T.);
#1467 = LINE('',#1468,#1469);
#1468 = CARTESIAN_POINT('',(12.58,26.85,-0.1));
#1469 = VECTOR('',#1470,1.);
#1470 = DIRECTION('',(0.,0.,1.));
#1471 = ORIENTED_EDGE('',*,*,#1015,.T.);
#1472 = ORIENTED_EDGE('',*,*,#1466,.T.);
#1473 = CYLINDRICAL_SURFACE('',#1474,0.5);
#1474 = AXIS2_PLACEMENT_3D('',#1475,#1476,#1477);
#1475 = CARTESIAN_POINT('',(12.08,26.85,-0.1));
#1476 = DIRECTION('',(0.,0.,1.));
#1477 = DIRECTION('',(1.,0.,-0.));
#1478 = ADVANCED_FACE('',(#1479),#1490,.F.);
#1479 = FACE_BOUND('',#1480,.F.);
#1480 = EDGE_LOOP('',(#1481,#1482,#1488,#1489));
#1481 = ORIENTED_EDGE('',*,*,#655,.F.);
#1482 = ORIENTED_EDGE('',*,*,#1483,.F.);
#1483 = EDGE_CURVE('',#1027,#656,#1484,.T.);
#1484 = LINE('',#1485,#1486);
#1485 = CARTESIAN_POINT('',(15.12,26.85,-0.1));
#1486 = VECTOR('',#1487,1.);
#1487 = DIRECTION('',(0.,0.,1.));
#1488 = ORIENTED_EDGE('',*,*,#1026,.T.);
#1489 = ORIENTED_EDGE('',*,*,#1483,.T.);
#1490 = CYLINDRICAL_SURFACE('',#1491,0.5);
#1491 = AXIS2_PLACEMENT_3D('',#1492,#1493,#1494);
#1492 = CARTESIAN_POINT('',(14.62,26.85,-0.1));
#1493 = DIRECTION('',(0.,0.,1.));
#1494 = DIRECTION('',(1.,0.,-0.));
#1495 = ADVANCED_FACE('',(#1496),#1507,.F.);
#1496 = FACE_BOUND('',#1497,.F.);
#1497 = EDGE_LOOP('',(#1498,#1499,#1505,#1506));
#1498 = ORIENTED_EDGE('',*,*,#666,.F.);
#1499 = ORIENTED_EDGE('',*,*,#1500,.F.);
#1500 = EDGE_CURVE('',#1038,#667,#1501,.T.);
#1501 = LINE('',#1502,#1503);
#1502 = CARTESIAN_POINT('',(17.66,26.85,-0.1));
#1503 = VECTOR('',#1504,1.);
#1504 = DIRECTION('',(0.,0.,1.));
#1505 = ORIENTED_EDGE('',*,*,#1037,.T.);
#1506 = ORIENTED_EDGE('',*,*,#1500,.T.);
#1507 = CYLINDRICAL_SURFACE('',#1508,0.5);
#1508 = AXIS2_PLACEMENT_3D('',#1509,#1510,#1511);
#1509 = CARTESIAN_POINT('',(17.16,26.85,-0.1));
#1510 = DIRECTION('',(0.,0.,1.));
#1511 = DIRECTION('',(1.,0.,-0.));
#1512 = ADVANCED_FACE('',(#1513),#1524,.F.);
#1513 = FACE_BOUND('',#1514,.F.);
#1514 = EDGE_LOOP('',(#1515,#1516,#1522,#1523));
#1515 = ORIENTED_EDGE('',*,*,#677,.F.);
#1516 = ORIENTED_EDGE('',*,*,#1517,.F.);
#1517 = EDGE_CURVE('',#1049,#678,#1518,.T.);
#1518 = LINE('',#1519,#1520);
#1519 = CARTESIAN_POINT('',(20.2,26.85,-0.1));
#1520 = VECTOR('',#1521,1.);
#1521 = DIRECTION('',(0.,0.,1.));
#1522 = ORIENTED_EDGE('',*,*,#1048,.T.);
#1523 = ORIENTED_EDGE('',*,*,#1517,.T.);
#1524 = CYLINDRICAL_SURFACE('',#1525,0.5);
#1525 = AXIS2_PLACEMENT_3D('',#1526,#1527,#1528);
#1526 = CARTESIAN_POINT('',(19.7,26.85,-0.1));
#1527 = DIRECTION('',(0.,0.,1.));
#1528 = DIRECTION('',(1.,0.,-0.));
#1529 = ADVANCED_FACE('',(#1530),#1541,.F.);
#1530 = FACE_BOUND('',#1531,.F.);
#1531 = EDGE_LOOP('',(#1532,#1533,#1539,#1540));
#1532 = ORIENTED_EDGE('',*,*,#688,.F.);
#1533 = ORIENTED_EDGE('',*,*,#1534,.F.);
#1534 = EDGE_CURVE('',#1060,#689,#1535,.T.);
#1535 = LINE('',#1536,#1537);
#1536 = CARTESIAN_POINT('',(22.74,26.85,-0.1));
#1537 = VECTOR('',#1538,1.);
#1538 = DIRECTION('',(0.,0.,1.));
#1539 = ORIENTED_EDGE('',*,*,#1059,.T.);
#1540 = ORIENTED_EDGE('',*,*,#1534,.T.);
#1541 = CYLINDRICAL_SURFACE('',#1542,0.5);
#1542 = AXIS2_PLACEMENT_3D('',#1543,#1544,#1545);
#1543 = CARTESIAN_POINT('',(22.24,26.85,-0.1));
#1544 = DIRECTION('',(0.,0.,1.));
#1545 = DIRECTION('',(1.,0.,-0.));
#1546 = ADVANCED_FACE('',(#1547),#1558,.F.);
#1547 = FACE_BOUND('',#1548,.F.);
#1548 = EDGE_LOOP('',(#1549,#1550,#1556,#1557));
#1549 = ORIENTED_EDGE('',*,*,#699,.F.);
#1550 = ORIENTED_EDGE('',*,*,#1551,.F.);
#1551 = EDGE_CURVE('',#1071,#700,#1552,.T.);
#1552 = LINE('',#1553,#1554);
#1553 = CARTESIAN_POINT('',(25.28,26.85,-0.1));
#1554 = VECTOR('',#1555,1.);
#1555 = DIRECTION('',(0.,0.,1.));
#1556 = ORIENTED_EDGE('',*,*,#1070,.T.);
#1557 = ORIENTED_EDGE('',*,*,#1551,.T.);
#1558 = CYLINDRICAL_SURFACE('',#1559,0.5);
#1559 = AXIS2_PLACEMENT_3D('',#1560,#1561,#1562);
#1560 = CARTESIAN_POINT('',(24.78,26.85,-0.1));
#1561 = DIRECTION('',(0.,0.,1.));
#1562 = DIRECTION('',(1.,0.,-0.));
#1563 = ADVANCED_FACE('',(#1564),#1575,.F.);
#1564 = FACE_BOUND('',#1565,.F.);
#1565 = EDGE_LOOP('',(#1566,#1567,#1573,#1574));
#1566 = ORIENTED_EDGE('',*,*,#710,.F.);
#1567 = ORIENTED_EDGE('',*,*,#1568,.F.);
#1568 = EDGE_CURVE('',#1082,#711,#1569,.T.);
#1569 = LINE('',#1570,#1571);
#1570 = CARTESIAN_POINT('',(27.82,26.85,-0.1));
#1571 = VECTOR('',#1572,1.);
#1572 = DIRECTION('',(0.,0.,1.));
#1573 = ORIENTED_EDGE('',*,*,#1081,.T.);
#1574 = ORIENTED_EDGE('',*,*,#1568,.T.);
#1575 = CYLINDRICAL_SURFACE('',#1576,0.5);
#1576 = AXIS2_PLACEMENT_3D('',#1577,#1578,#1579);
#1577 = CARTESIAN_POINT('',(27.32,26.85,-0.1));
#1578 = DIRECTION('',(0.,0.,1.));
#1579 = DIRECTION('',(1.,0.,-0.));
#1580 = ADVANCED_FACE('',(#1581),#1592,.F.);
#1581 = FACE_BOUND('',#1582,.F.);
#1582 = EDGE_LOOP('',(#1583,#1584,#1590,#1591));
#1583 = ORIENTED_EDGE('',*,*,#721,.F.);
#1584 = ORIENTED_EDGE('',*,*,#1585,.F.);
#1585 = EDGE_CURVE('',#1093,#722,#1586,.T.);
#1586 = LINE('',#1587,#1588);
#1587 = CARTESIAN_POINT('',(30.36,26.85,-0.1));
#1588 = VECTOR('',#1589,1.);
#1589 = DIRECTION('',(0.,0.,1.));
#1590 = ORIENTED_EDGE('',*,*,#1092,.T.);
#1591 = ORIENTED_EDGE('',*,*,#1585,.T.);
#1592 = CYLINDRICAL_SURFACE('',#1593,0.5);
#1593 = AXIS2_PLACEMENT_3D('',#1594,#1595,#1596);
#1594 = CARTESIAN_POINT('',(29.86,26.85,-0.1));
#1595 = DIRECTION('',(0.,0.,1.));
#1596 = DIRECTION('',(1.,0.,-0.));
#1597 = ADVANCED_FACE('',(#1598),#1609,.F.);
#1598 = FACE_BOUND('',#1599,.F.);
#1599 = EDGE_LOOP('',(#1600,#1601,#1607,#1608));
#1600 = ORIENTED_EDGE('',*,*,#732,.F.);
#1601 = ORIENTED_EDGE('',*,*,#1602,.F.);
#1602 = EDGE_CURVE('',#1104,#733,#1603,.T.);
#1603 = LINE('',#1604,#1605);
#1604 = CARTESIAN_POINT('',(32.9,26.85,-0.1));
#1605 = VECTOR('',#1606,1.);
#1606 = DIRECTION('',(0.,0.,1.));
#1607 = ORIENTED_EDGE('',*,*,#1103,.T.);
#1608 = ORIENTED_EDGE('',*,*,#1602,.T.);
#1609 = CYLINDRICAL_SURFACE('',#1610,0.5);
#1610 = AXIS2_PLACEMENT_3D('',#1611,#1612,#1613);
#1611 = CARTESIAN_POINT('',(32.4,26.85,-0.1));
#1612 = DIRECTION('',(0.,0.,1.));
#1613 = DIRECTION('',(1.,0.,-0.));
#1614 = ADVANCED_FACE('',(#1615),#1626,.F.);
#1615 = FACE_BOUND('',#1616,.F.);
#1616 = EDGE_LOOP('',(#1617,#1618,#1624,#1625));
#1617 = ORIENTED_EDGE('',*,*,#743,.F.);
#1618 = ORIENTED_EDGE('',*,*,#1619,.F.);
#1619 = EDGE_CURVE('',#1115,#744,#1620,.T.);
#1620 = LINE('',#1621,#1622);
#1621 = CARTESIAN_POINT('',(35.44,26.85,-0.1));
#1622 = VECTOR('',#1623,1.);
#1623 = DIRECTION('',(0.,0.,1.));
#1624 = ORIENTED_EDGE('',*,*,#1114,.T.);
#1625 = ORIENTED_EDGE('',*,*,#1619,.T.);
#1626 = CYLINDRICAL_SURFACE('',#1627,0.5);
#1627 = AXIS2_PLACEMENT_3D('',#1628,#1629,#1630);
#1628 = CARTESIAN_POINT('',(34.94,26.85,-0.1));
#1629 = DIRECTION('',(0.,0.,1.));
#1630 = DIRECTION('',(1.,0.,-0.));
#1631 = ADVANCED_FACE('',(#1632),#1643,.F.);
#1632 = FACE_BOUND('',#1633,.F.);
#1633 = EDGE_LOOP('',(#1634,#1635,#1641,#1642));
#1634 = ORIENTED_EDGE('',*,*,#754,.F.);
#1635 = ORIENTED_EDGE('',*,*,#1636,.F.);
#1636 = EDGE_CURVE('',#1126,#755,#1637,.T.);
#1637 = LINE('',#1638,#1639);
#1638 = CARTESIAN_POINT('',(37.98,26.85,-0.1));
#1639 = VECTOR('',#1640,1.);
#1640 = DIRECTION('',(0.,0.,1.));
#1641 = ORIENTED_EDGE('',*,*,#1125,.T.);
#1642 = ORIENTED_EDGE('',*,*,#1636,.T.);
#1643 = CYLINDRICAL_SURFACE('',#1644,0.5);
#1644 = AXIS2_PLACEMENT_3D('',#1645,#1646,#1647);
#1645 = CARTESIAN_POINT('',(37.48,26.85,-0.1));
#1646 = DIRECTION('',(0.,0.,1.));
#1647 = DIRECTION('',(1.,0.,-0.));
#1648 = ADVANCED_FACE('',(#1649),#1660,.F.);
#1649 = FACE_BOUND('',#1650,.F.);
#1650 = EDGE_LOOP('',(#1651,#1652,#1658,#1659));
#1651 = ORIENTED_EDGE('',*,*,#765,.F.);
#1652 = ORIENTED_EDGE('',*,*,#1653,.F.);
#1653 = EDGE_CURVE('',#1137,#766,#1654,.T.);
#1654 = LINE('',#1655,#1656);
#1655 = CARTESIAN_POINT('',(40.52,26.85,-0.1));
#1656 = VECTOR('',#1657,1.);
#1657 = DIRECTION('',(0.,0.,1.));
#1658 = ORIENTED_EDGE('',*,*,#1136,.T.);
#1659 = ORIENTED_EDGE('',*,*,#1653,.T.);
#1660 = CYLINDRICAL_SURFACE('',#1661,0.5);
#1661 = AXIS2_PLACEMENT_3D('',#1662,#1663,#1664);
#1662 = CARTESIAN_POINT('',(40.02,26.85,-0.1));
#1663 = DIRECTION('',(0.,0.,1.));
#1664 = DIRECTION('',(1.,0.,-0.));
#1665 = ADVANCED_FACE('',(#1666),#1677,.F.);
#1666 = FACE_BOUND('',#1667,.F.);
#1667 = EDGE_LOOP('',(#1668,#1669,#1675,#1676));
#1668 = ORIENTED_EDGE('',*,*,#776,.F.);
#1669 = ORIENTED_EDGE('',*,*,#1670,.F.);
#1670 = EDGE_CURVE('',#1148,#777,#1671,.T.);
#1671 = LINE('',#1672,#1673);
#1672 = CARTESIAN_POINT('',(43.06,26.85,-0.1));
#1673 = VECTOR('',#1674,1.);
#1674 = DIRECTION('',(0.,0.,1.));
#1675 = ORIENTED_EDGE('',*,*,#1147,.T.);
#1676 = ORIENTED_EDGE('',*,*,#1670,.T.);
#1677 = CYLINDRICAL_SURFACE('',#1678,0.5);
#1678 = AXIS2_PLACEMENT_3D('',#1679,#1680,#1681);
#1679 = CARTESIAN_POINT('',(42.56,26.85,-0.1));
#1680 = DIRECTION('',(0.,0.,1.));
#1681 = DIRECTION('',(1.,0.,-0.));
#1682 = ( GEOMETRIC_REPRESENTATION_CONTEXT(3) 
GLOBAL_UNCERTAINTY_ASSIGNED_CONTEXT((#1686)) 
GLOBAL_UNIT_ASSIGNED_CONTEXT((#1683,#1684,#1685)) REPRESENTATION_CONTEXT
('Context #1','3D Context with UNIT and UNCERTAINTY') );
#1683 = ( LENGTH_UNIT() NAMED_UNIT(*) SI_UNIT(.MILLI.,.METRE.) );
#1684 = ( NAMED_UNIT(*) PLANE_ANGLE_UNIT() SI_UNIT($,.RADIAN.) );
#1685 = ( NAMED_UNIT(*) SI_UNIT($,.STERADIAN.) SOLID_ANGLE_UNIT() );
#1686 = UNCERTAINTY_MEASURE_WITH_UNIT(LENGTH_MEASURE(1.E-07),#1683,
  'distance_accuracy_value','confusion accuracy');
#1687 = CONTEXT_DEPENDENT_SHAPE_REPRESENTATION(#1688,#1690);
#1688 = ( REPRESENTATION_RELATIONSHIP('','',#361,#10) 
REPRESENTATION_RELATIONSHIP_WITH_TRANSFORMATION(#1689) 
SHAPE_REPRESENTATION_RELATIONSHIP() );
#1689 = ITEM_DEFINED_TRANSFORMATION('','',#11,#19);
#1690 = PRODUCT_DEFINITION_SHAPE('Placement','Placement of an item',
  #1691);
#1691 = NEXT_ASSEMBLY_USAGE_OCCURRENCE('2','PCB','',#5,#356,$);
#1692 = PRODUCT_RELATED_PRODUCT_CATEGORY('part',$,(#358));
#1693 = SHAPE_DEFINITION_REPRESENTATION(#1694,#1700);
#1694 = PRODUCT_DEFINITION_SHAPE('','',#1695);
#1695 = PRODUCT_DEFINITION('design','',#1696,#1699);
#1696 = PRODUCT_DEFINITION_FORMATION('','',#1697);
#1697 = PRODUCT('WROOM32_PCB','WROOM32_PCB','',(#1698));
#1698 = PRODUCT_CONTEXT('',#2,'mechanical');
#1699 = PRODUCT_DEFINITION_CONTEXT('part definition',#2,'design');
#1700 = ADVANCED_BREP_SHAPE_REPRESENTATION('',(#11,#1701),#1851);
#1701 = MANIFOLD_SOLID_BREP('',#1702);
#1702 = CLOSED_SHELL('',(#1703,#1743,#1783,#1805,#1827,#1839));
#1703 = ADVANCED_FACE('',(#1704),#1738,.F.);
#1704 = FACE_BOUND('',#1705,.F.);
#1705 = EDGE_LOOP('',(#1706,#1716,#1724,#1732));
#1706 = ORIENTED_EDGE('',*,*,#1707,.F.);
#1707 = EDGE_CURVE('',#1708,#1710,#1712,.T.);
#1708 = VERTEX_POINT('',#1709);
#1709 = CARTESIAN_POINT('',(26.,5.15,1.6));
#1710 = VERTEX_POINT('',#1711);
#1711 = CARTESIAN_POINT('',(26.,5.15,2.4));
#1712 = LINE('',#1713,#1714);
#1713 = CARTESIAN_POINT('',(26.,5.15,1.6));
#1714 = VECTOR('',#1715,1.);
#1715 = DIRECTION('',(0.,0.,1.));
#1716 = ORIENTED_EDGE('',*,*,#1717,.T.);
#1717 = EDGE_CURVE('',#1708,#1718,#1720,.T.);
#1718 = VERTEX_POINT('',#1719);
#1719 = CARTESIAN_POINT('',(26.,23.15,1.6));
#1720 = LINE('',#1721,#1722);
#1721 = CARTESIAN_POINT('',(26.,5.15,1.6));
#1722 = VECTOR('',#1723,1.);
#1723 = DIRECTION('',(-0.,1.,0.));
#1724 = ORIENTED_EDGE('',*,*,#1725,.T.);
#1725 = EDGE_CURVE('',#1718,#1726,#1728,.T.);
#1726 = VERTEX_POINT('',#1727);
#1727 = CARTESIAN_POINT('',(26.,23.15,2.4));
#1728 = LINE('',#1729,#1730);
#1729 = CARTESIAN_POINT('',(26.,23.15,1.6));
#1730 = VECTOR('',#1731,1.);
#1731 = DIRECTION('',(0.,0.,1.));
#1732 = ORIENTED_EDGE('',*,*,#1733,.F.);
#1733 = EDGE_CURVE('',#1710,#1726,#1734,.T.);
#1734 = LINE('',#1735,#1736);
#1735 = CARTESIAN_POINT('',(26.,5.15,2.4));
#1736 = VECTOR('',#1737,1.);
#1737 = DIRECTION('',(-0.,1.,0.));
#1738 = PLANE('',#1739);
#1739 = AXIS2_PLACEMENT_3D('',#1740,#1741,#1742);
#1740 = CARTESIAN_POINT('',(26.,5.15,1.6));
#1741 = DIRECTION('',(1.,0.,-0.));
#1742 = DIRECTION('',(0.,0.,1.));
#1743 = ADVANCED_FACE('',(#1744),#1778,.T.);
#1744 = FACE_BOUND('',#1745,.T.);
#1745 = EDGE_LOOP('',(#1746,#1756,#1764,#1772));
#1746 = ORIENTED_EDGE('',*,*,#1747,.F.);
#1747 = EDGE_CURVE('',#1748,#1750,#1752,.T.);
#1748 = VERTEX_POINT('',#1749);
#1749 = CARTESIAN_POINT('',(51.5,5.15,1.6));
#1750 = VERTEX_POINT('',#1751);
#1751 = CARTESIAN_POINT('',(51.5,5.15,2.4));
#1752 = LINE('',#1753,#1754);
#1753 = CARTESIAN_POINT('',(51.5,5.15,1.6));
#1754 = VECTOR('',#1755,1.);
#1755 = DIRECTION('',(0.,0.,1.));
#1756 = ORIENTED_EDGE('',*,*,#1757,.T.);
#1757 = EDGE_CURVE('',#1748,#1758,#1760,.T.);
#1758 = VERTEX_POINT('',#1759);
#1759 = CARTESIAN_POINT('',(51.5,23.15,1.6));
#1760 = LINE('',#1761,#1762);
#1761 = CARTESIAN_POINT('',(51.5,5.15,1.6));
#1762 = VECTOR('',#1763,1.);
#1763 = DIRECTION('',(-0.,1.,0.));
#1764 = ORIENTED_EDGE('',*,*,#1765,.T.);
#1765 = EDGE_CURVE('',#1758,#1766,#1768,.T.);
#1766 = VERTEX_POINT('',#1767);
#1767 = CARTESIAN_POINT('',(51.5,23.15,2.4));
#1768 = LINE('',#1769,#1770);
#1769 = CARTESIAN_POINT('',(51.5,23.15,1.6));
#1770 = VECTOR('',#1771,1.);
#1771 = DIRECTION('',(0.,0.,1.));
#1772 = ORIENTED_EDGE('',*,*,#1773,.F.);
#1773 = EDGE_CURVE('',#1750,#1766,#1774,.T.);
#1774 = LINE('',#1775,#1776);
#1775 = CARTESIAN_POINT('',(51.5,5.15,2.4));
#1776 = VECTOR('',#1777,1.);
#1777 = DIRECTION('',(-0.,1.,0.));
#1778 = PLANE('',#1779);
#1779 = AXIS2_PLACEMENT_3D('',#1780,#1781,#1782);
#1780 = CARTESIAN_POINT('',(51.5,5.15,1.6));
#1781 = DIRECTION('',(1.,0.,-0.));
#1782 = DIRECTION('',(0.,0.,1.));
#1783 = ADVANCED_FACE('',(#1784),#1800,.F.);
#1784 = FACE_BOUND('',#1785,.F.);
#1785 = EDGE_LOOP('',(#1786,#1792,#1793,#1799));
#1786 = ORIENTED_EDGE('',*,*,#1787,.F.);
#1787 = EDGE_CURVE('',#1708,#1748,#1788,.T.);
#1788 = LINE('',#1789,#1790);
#1789 = CARTESIAN_POINT('',(26.,5.15,1.6));
#1790 = VECTOR('',#1791,1.);
#1791 = DIRECTION('',(1.,0.,-0.));
#1792 = ORIENTED_EDGE('',*,*,#1707,.T.);
#1793 = ORIENTED_EDGE('',*,*,#1794,.T.);
#1794 = EDGE_CURVE('',#1710,#1750,#1795,.T.);
#1795 = LINE('',#1796,#1797);
#1796 = CARTESIAN_POINT('',(26.,5.15,2.4));
#1797 = VECTOR('',#1798,1.);
#1798 = DIRECTION('',(1.,0.,-0.));
#1799 = ORIENTED_EDGE('',*,*,#1747,.F.);
#1800 = PLANE('',#1801);
#1801 = AXIS2_PLACEMENT_3D('',#1802,#1803,#1804);
#1802 = CARTESIAN_POINT('',(26.,5.15,1.6));
#1803 = DIRECTION('',(-0.,1.,0.));
#1804 = DIRECTION('',(0.,0.,1.));
#1805 = ADVANCED_FACE('',(#1806),#1822,.T.);
#1806 = FACE_BOUND('',#1807,.T.);
#1807 = EDGE_LOOP('',(#1808,#1814,#1815,#1821));
#1808 = ORIENTED_EDGE('',*,*,#1809,.F.);
#1809 = EDGE_CURVE('',#1718,#1758,#1810,.T.);
#1810 = LINE('',#1811,#1812);
#1811 = CARTESIAN_POINT('',(26.,23.15,1.6));
#1812 = VECTOR('',#1813,1.);
#1813 = DIRECTION('',(1.,0.,-0.));
#1814 = ORIENTED_EDGE('',*,*,#1725,.T.);
#1815 = ORIENTED_EDGE('',*,*,#1816,.T.);
#1816 = EDGE_CURVE('',#1726,#1766,#1817,.T.);
#1817 = LINE('',#1818,#1819);
#1818 = CARTESIAN_POINT('',(26.,23.15,2.4));
#1819 = VECTOR('',#1820,1.);
#1820 = DIRECTION('',(1.,0.,-0.));
#1821 = ORIENTED_EDGE('',*,*,#1765,.F.);
#1822 = PLANE('',#1823);
#1823 = AXIS2_PLACEMENT_3D('',#1824,#1825,#1826);
#1824 = CARTESIAN_POINT('',(26.,23.15,1.6));
#1825 = DIRECTION('',(-0.,1.,0.));
#1826 = DIRECTION('',(0.,0.,1.));
#1827 = ADVANCED_FACE('',(#1828),#1834,.F.);
#1828 = FACE_BOUND('',#1829,.F.);
#1829 = EDGE_LOOP('',(#1830,#1831,#1832,#1833));
#1830 = ORIENTED_EDGE('',*,*,#1717,.F.);
#1831 = ORIENTED_EDGE('',*,*,#1787,.T.);
#1832 = ORIENTED_EDGE('',*,*,#1757,.T.);
#1833 = ORIENTED_EDGE('',*,*,#1809,.F.);
#1834 = PLANE('',#1835);
#1835 = AXIS2_PLACEMENT_3D('',#1836,#1837,#1838);
#1836 = CARTESIAN_POINT('',(26.,5.15,1.6));
#1837 = DIRECTION('',(0.,0.,1.));
#1838 = DIRECTION('',(1.,0.,-0.));
#1839 = ADVANCED_FACE('',(#1840),#1846,.T.);
#1840 = FACE_BOUND('',#1841,.T.);
#1841 = EDGE_LOOP('',(#1842,#1843,#1844,#1845));
#1842 = ORIENTED_EDGE('',*,*,#1733,.F.);
#1843 = ORIENTED_EDGE('',*,*,#1794,.T.);
#1844 = ORIENTED_EDGE('',*,*,#1773,.T.);
#1845 = ORIENTED_EDGE('',*,*,#1816,.F.);
#1846 = PLANE('',#1847);
#1847 = AXIS2_PLACEMENT_3D('',#1848,#1849,#1850);
#1848 = CARTESIAN_POINT('',(26.,5.15,2.4));
#1849 = DIRECTION('',(0.,0.,1.));
#1850 = DIRECTION('',(1.,0.,-0.));
#1851 = ( GEOMETRIC_REPRESENTATION_CONTEXT(3) 
GLOBAL_UNCERTAINTY_ASSIGNED_CONTEXT((#1855)) 
GLOBAL_UNIT_ASSIGNED_CONTEXT((#1852,#1853,#1854)) REPRESENTATION_CONTEXT
('Context #1','3D Context with UNIT and UNCERTAINTY') );
#1852 = ( LENGTH_UNIT() NAMED_UNIT(*) SI_UNIT(.MILLI.,.METRE.) );
#1853 = ( NAMED_UNIT(*) PLANE_ANGLE_UNIT() SI_UNIT($,.RADIAN.) );
#1854 = ( NAMED_UNIT(*) SI_UNIT($,.STERADIAN.) SOLID_ANGLE_UNIT() );
#1855 = UNCERTAINTY_MEASURE_WITH_UNIT(LENGTH_MEASURE(1.E-07),#1852,
  'distance_accuracy_value','confusion accuracy');
#1856 = CONTEXT_DEPENDENT_SHAPE_REPRESENTATION(#1857,#1859);
#1857 = ( REPRESENTATION_RELATIONSHIP('','',#1700,#10) 
REPRESENTATION_RELATIONSHIP_WITH_TRANSFORMATION(#1858) 
SHAPE_REPRESENTATION_RELATIONSHIP() );
#1858 = ITEM_DEFINED_TRANSFORMATION('','',#11,#23);
#1859 = PRODUCT_DEFINITION_SHAPE('Placement','Placement of an item',
  #1860);
#1860 = NEXT_ASSEMBLY_USAGE_OCCURRENCE('3','WROOM32_PCB','',#5,#1695,$);
#1861 = PRODUCT_RELATED_PRODUCT_CATEGORY('part',$,(#1697));
#1862 = SHAPE_DEFINITION_REPRESENTATION(#1863,#1869);
#1863 = PRODUCT_DEFINITION_SHAPE('','',#1864);
#1864 = PRODUCT_DEFINITION('design','',#1865,#1868);
#1865 = PRODUCT_DEFINITION_FORMATION('','',#1866);
#1866 = PRODUCT('WROOM32_Shield','WROOM32_Shield','',(#1867));
#1867 = PRODUCT_CONTEXT('',#2,'mechanical');
#1868 = PRODUCT_DEFINITION_CONTEXT('part definition',#2,'design');
#1869 = ADVANCED_BREP_SHAPE_REPRESENTATION('',(#11,#1870),#2020);
#1870 = MANIFOLD_SOLID_BREP('',#1871);
#1871 = CLOSED_SHELL('',(#1872,#1912,#1952,#1974,#1996,#2008));
#1872 = ADVANCED_FACE('',(#1873),#1907,.F.);
#1873 = FACE_BOUND('',#1874,.F.);
#1874 = EDGE_LOOP('',(#1875,#1885,#1893,#1901));
#1875 = ORIENTED_EDGE('',*,*,#1876,.F.);
#1876 = EDGE_CURVE('',#1877,#1879,#1881,.T.);
#1877 = VERTEX_POINT('',#1878);
#1878 = CARTESIAN_POINT('',(26.5,6.15,2.4));
#1879 = VERTEX_POINT('',#1880);
#1880 = CARTESIAN_POINT('',(26.5,6.15,4.7));
#1881 = LINE('',#1882,#1883);
#1882 = CARTESIAN_POINT('',(26.5,6.15,2.4));
#1883 = VECTOR('',#1884,1.);
#1884 = DIRECTION('',(0.,0.,1.));
#1885 = ORIENTED_EDGE('',*,*,#1886,.T.);
#1886 = EDGE_CURVE('',#1877,#1887,#1889,.T.);
#1887 = VERTEX_POINT('',#1888);
#1888 = CARTESIAN_POINT('',(26.5,22.15,2.4));
#1889 = LINE('',#1890,#1891);
#1890 = CARTESIAN_POINT('',(26.5,6.15,2.4));
#1891 = VECTOR('',#1892,1.);
#1892 = DIRECTION('',(-0.,1.,0.));
#1893 = ORIENTED_EDGE('',*,*,#1894,.T.);
#1894 = EDGE_CURVE('',#1887,#1895,#1897,.T.);
#1895 = VERTEX_POINT('',#1896);
#1896 = CARTESIAN_POINT('',(26.5,22.15,4.7));
#1897 = LINE('',#1898,#1899);
#1898 = CARTESIAN_POINT('',(26.5,22.15,2.4));
#1899 = VECTOR('',#1900,1.);
#1900 = DIRECTION('',(0.,0.,1.));
#1901 = ORIENTED_EDGE('',*,*,#1902,.F.);
#1902 = EDGE_CURVE('',#1879,#1895,#1903,.T.);
#1903 = LINE('',#1904,#1905);
#1904 = CARTESIAN_POINT('',(26.5,6.15,4.7));
#1905 = VECTOR('',#1906,1.);
#1906 = DIRECTION('',(-0.,1.,0.));
#1907 = PLANE('',#1908);
#1908 = AXIS2_PLACEMENT_3D('',#1909,#1910,#1911);
#1909 = CARTESIAN_POINT('',(26.5,6.15,2.4));
#1910 = DIRECTION('',(1.,0.,-0.));
#1911 = DIRECTION('',(0.,0.,1.));
#1912 = ADVANCED_FACE('',(#1913),#1947,.T.);
#1913 = FACE_BOUND('',#1914,.T.);
#1914 = EDGE_LOOP('',(#1915,#1925,#1933,#1941));
#1915 = ORIENTED_EDGE('',*,*,#1916,.F.);
#1916 = EDGE_CURVE('',#1917,#1919,#1921,.T.);
#1917 = VERTEX_POINT('',#1918);
#1918 = CARTESIAN_POINT('',(43.5,6.15,2.4));
#1919 = VERTEX_POINT('',#1920);
#1920 = CARTESIAN_POINT('',(43.5,6.15,4.7));
#1921 = LINE('',#1922,#1923);
#1922 = CARTESIAN_POINT('',(43.5,6.15,2.4));
#1923 = VECTOR('',#1924,1.);
#1924 = DIRECTION('',(0.,0.,1.));
#1925 = ORIENTED_EDGE('',*,*,#1926,.T.);
#1926 = EDGE_CURVE('',#1917,#1927,#1929,.T.);
#1927 = VERTEX_POINT('',#1928);
#1928 = CARTESIAN_POINT('',(43.5,22.15,2.4));
#1929 = LINE('',#1930,#1931);
#1930 = CARTESIAN_POINT('',(43.5,6.15,2.4));
#1931 = VECTOR('',#1932,1.);
#1932 = DIRECTION('',(-0.,1.,0.));
#1933 = ORIENTED_EDGE('',*,*,#1934,.T.);
#1934 = EDGE_CURVE('',#1927,#1935,#1937,.T.);
#1935 = VERTEX_POINT('',#1936);
#1936 = CARTESIAN_POINT('',(43.5,22.15,4.7));
#1937 = LINE('',#1938,#1939);
#1938 = CARTESIAN_POINT('',(43.5,22.15,2.4));
#1939 = VECTOR('',#1940,1.);
#1940 = DIRECTION('',(0.,0.,1.));
#1941 = ORIENTED_EDGE('',*,*,#1942,.F.);
#1942 = EDGE_CURVE('',#1919,#1935,#1943,.T.);
#1943 = LINE('',#1944,#1945);
#1944 = CARTESIAN_POINT('',(43.5,6.15,4.7));
#1945 = VECTOR('',#1946,1.);
#1946 = DIRECTION('',(-0.,1.,0.));
#1947 = PLANE('',#1948);
#1948 = AXIS2_PLACEMENT_3D('',#1949,#1950,#1951);
#1949 = CARTESIAN_POINT('',(43.5,6.15,2.4));
#1950 = DIRECTION('',(1.,0.,-0.));
#1951 = DIRECTION('',(0.,0.,1.));
#1952 = ADVANCED_FACE('',(#1953),#1969,.F.);
#1953 = FACE_BOUND('',#1954,.F.);
#1954 = EDGE_LOOP('',(#1955,#1961,#1962,#1968));
#1955 = ORIENTED_EDGE('',*,*,#1956,.F.);
#1956 = EDGE_CURVE('',#1877,#1917,#1957,.T.);
#1957 = LINE('',#1958,#1959);
#1958 = CARTESIAN_POINT('',(26.5,6.15,2.4));
#1959 = VECTOR('',#1960,1.);
#1960 = DIRECTION('',(1.,0.,-0.));
#1961 = ORIENTED_EDGE('',*,*,#1876,.T.);
#1962 = ORIENTED_EDGE('',*,*,#1963,.T.);
#1963 = EDGE_CURVE('',#1879,#1919,#1964,.T.);
#1964 = LINE('',#1965,#1966);
#1965 = CARTESIAN_POINT('',(26.5,6.15,4.7));
#1966 = VECTOR('',#1967,1.);
#1967 = DIRECTION('',(1.,0.,-0.));
#1968 = ORIENTED_EDGE('',*,*,#1916,.F.);
#1969 = PLANE('',#1970);
#1970 = AXIS2_PLACEMENT_3D('',#1971,#1972,#1973);
#1971 = CARTESIAN_POINT('',(26.5,6.15,2.4));
#1972 = DIRECTION('',(-0.,1.,0.));
#1973 = DIRECTION('',(0.,0.,1.));
#1974 = ADVANCED_FACE('',(#1975),#1991,.T.);
#1975 = FACE_BOUND('',#1976,.T.);
#1976 = EDGE_LOOP('',(#1977,#1983,#1984,#1990));
#1977 = ORIENTED_EDGE('',*,*,#1978,.F.);
#1978 = EDGE_CURVE('',#1887,#1927,#1979,.T.);
#1979 = LINE('',#1980,#1981);
#1980 = CARTESIAN_POINT('',(26.5,22.15,2.4));
#1981 = VECTOR('',#1982,1.);
#1982 = DIRECTION('',(1.,0.,-0.));
#1983 = ORIENTED_EDGE('',*,*,#1894,.T.);
#1984 = ORIENTED_EDGE('',*,*,#1985,.T.);
#1985 = EDGE_CURVE('',#1895,#1935,#1986,.T.);
#1986 = LINE('',#1987,#1988);
#1987 = CARTESIAN_POINT('',(26.5,22.15,4.7));
#1988 = VECTOR('',#1989,1.);
#1989 = DIRECTION('',(1.,0.,-0.));
#1990 = ORIENTED_EDGE('',*,*,#1934,.F.);
#1991 = PLANE('',#1992);
#1992 = AXIS2_PLACEMENT_3D('',#1993,#1994,#1995);
#1993 = CARTESIAN_POINT('',(26.5,22.15,2.4));
#1994 = DIRECTION('',(-0.,1.,0.));
#1995 = DIRECTION('',(0.,0.,1.));
#1996 = ADVANCED_FACE('',(#1997),#2003,.F.);
#1997 = FACE_BOUND('',#1998,.F.);
#1998 = EDGE_LOOP('',(#1999,#2000,#2001,#2002));
#1999 = ORIENTED_EDGE('',*,*,#1886,.F.);
#2000 = ORIENTED_EDGE('',*,*,#1956,.T.);
#2001 = ORIENTED_EDGE('',*,*,#1926,.T.);
#2002 = ORIENTED_EDGE('',*,*,#1978,.F.);
#2003 = PLANE('',#2004);
#2004 = AXIS2_PLACEMENT_3D('',#2005,#2006,#2007);
#2005 = CARTESIAN_POINT('',(26.5,6.15,2.4));
#2006 = DIRECTION('',(0.,0.,1.));
#2007 = DIRECTION('',(1.,0.,-0.));
#2008 = ADVANCED_FACE('',(#2009),#2015,.T.);
#2009 = FACE_BOUND('',#2010,.T.);
#2010 = EDGE_LOOP('',(#2011,#2012,#2013,#2014));
#2011 = ORIENTED_EDGE('',*,*,#1902,.F.);
#2012 = ORIENTED_EDGE('',*,*,#1963,.T.);
#2013 = ORIENTED_EDGE('',*,*,#1942,.T.);
#2014 = ORIENTED_EDGE('',*,*,#1985,.F.);
#2015 = PLANE('',#2016);
#2016 = AXIS2_PLACEMENT_3D('',#2017,#2018,#2019);
#2017 = CARTESIAN_POINT('',(26.5,6.15,4.7));
#2018 = DIRECTION('',(0.,0.,1.));
#2019 = DIRECTION('',(1.,0.,-0.));
#2020 = ( GEOMETRIC_REPRESENTATION_CONTEXT(3) 
GLOBAL_UNCERTAINTY_ASSIGNED_CONTEXT((#2024)) 
GLOBAL_UNIT_ASSIGNED_CONTEXT((#2021,#2022,#2023)) REPRESENTATION_CONTEXT
('Context #1','3D Context with UNIT and UNCERTAINTY') );
#2021 = ( LENGTH_UNIT() NAMED_UNIT(*) SI_UNIT(.MILLI.,.METRE.) );
#2022 = ( NAMED_UNIT(*) PLANE_ANGLE_UNIT() SI_UNIT($,.RADIAN.) );
#2023 = ( NAMED_UNIT(*) SI_UNIT($,.STERADIAN.) SOLID_ANGLE_UNIT() );
#2024 = UNCERTAINTY_MEASURE_WITH_UNIT(LENGTH_MEASURE(1.E-07),#2021,
  'distance_accuracy_value','confusion accuracy');
#2025 = CONTEXT_DEPENDENT_SHAPE_REPRESENTATION(#2026,#2028);
#2026 = ( REPRESENTATION_RELATIONSHIP('','',#1869,#10) 
REPRESENTATION_RELATIONSHIP_WITH_TRANSFORMATION(#2027) 
SHAPE_REPRESENTATION_RELATIONSHIP() );
#2027 = ITEM_DEFINED_TRANSFORMATION('','',#11,#27);
#2028 = PRODUCT_DEFINITION_SHAPE('Placement','Placement of an item',
  #2029);
#2029 = NEXT_ASSEMBLY_USAGE_OCCURRENCE('4','WROOM32_Shield','',#5,#1864,
  $);
#2030 = PRODUCT_RELATED_PRODUCT_CATEGORY('part',$,(#1866));
#2031 = SHAPE_DEFINITION_REPRESENTATION(#2032,#2038);
#2032 = PRODUCT_DEFINITION_SHAPE('','',#2033);
#2033 = PRODUCT_DEFINITION('design','',#2034,#2037);
#2034 = PRODUCT_DEFINITION_FORMATION('','',#2035);
#2035 = PRODUCT('MicroUSB','MicroUSB','',(#2036));
#2036 = PRODUCT_CONTEXT('',#2,'mechanical');
#2037 = PRODUCT_DEFINITION_CONTEXT('part definition',#2,'design');
#2038 = ADVANCED_BREP_SHAPE_REPRESENTATION('',(#11,#2039),#2189);
#2039 = MANIFOLD_SOLID_BREP('',#2040);
#2040 = CLOSED_SHELL('',(#2041,#2081,#2121,#2143,#2165,#2177));
#2041 = ADVANCED_FACE('',(#2042),#2076,.F.);
#2042 = FACE_BOUND('',#2043,.F.);
#2043 = EDGE_LOOP('',(#2044,#2054,#2062,#2070));
#2044 = ORIENTED_EDGE('',*,*,#2045,.F.);
#2045 = EDGE_CURVE('',#2046,#2048,#2050,.T.);
#2046 = VERTEX_POINT('',#2047);
#2047 = CARTESIAN_POINT('',(-1.,10.4,1.6));
#2048 = VERTEX_POINT('',#2049);
#2049 = CARTESIAN_POINT('',(-1.,10.4,4.2));
#2050 = LINE('',#2051,#2052);
#2051 = CARTESIAN_POINT('',(-1.,10.4,1.6));
#2052 = VECTOR('',#2053,1.);
#2053 = DIRECTION('',(0.,0.,1.));
#2054 = ORIENTED_EDGE('',*,*,#2055,.T.);
#2055 = EDGE_CURVE('',#2046,#2056,#2058,.T.);
#2056 = VERTEX_POINT('',#2057);
#2057 = CARTESIAN_POINT('',(-1.,17.9,1.6));
#2058 = LINE('',#2059,#2060);
#2059 = CARTESIAN_POINT('',(-1.,10.4,1.6));
#2060 = VECTOR('',#2061,1.);
#2061 = DIRECTION('',(-0.,1.,0.));
#2062 = ORIENTED_EDGE('',*,*,#2063,.T.);
#2063 = EDGE_CURVE('',#2056,#2064,#2066,.T.);
#2064 = VERTEX_POINT('',#2065);
#2065 = CARTESIAN_POINT('',(-1.,17.9,4.2));
#2066 = LINE('',#2067,#2068);
#2067 = CARTESIAN_POINT('',(-1.,17.9,1.6));
#2068 = VECTOR('',#2069,1.);
#2069 = DIRECTION('',(0.,0.,1.));
#2070 = ORIENTED_EDGE('',*,*,#2071,.F.);
#2071 = EDGE_CURVE('',#2048,#2064,#2072,.T.);
#2072 = LINE('',#2073,#2074);
#2073 = CARTESIAN_POINT('',(-1.,10.4,4.2));
#2074 = VECTOR('',#2075,1.);
#2075 = DIRECTION('',(-0.,1.,0.));
#2076 = PLANE('',#2077);
#2077 = AXIS2_PLACEMENT_3D('',#2078,#2079,#2080);
#2078 = CARTESIAN_POINT('',(-1.,10.4,1.6));
#2079 = DIRECTION('',(1.,0.,-0.));
#2080 = DIRECTION('',(0.,0.,1.));
#2081 = ADVANCED_FACE('',(#2082),#2116,.T.);
#2082 = FACE_BOUND('',#2083,.T.);
#2083 = EDGE_LOOP('',(#2084,#2094,#2102,#2110));
#2084 = ORIENTED_EDGE('',*,*,#2085,.F.);
#2085 = EDGE_CURVE('',#2086,#2088,#2090,.T.);
#2086 = VERTEX_POINT('',#2087);
#2087 = CARTESIAN_POINT('',(4.9,10.4,1.6));
#2088 = VERTEX_POINT('',#2089);
#2089 = CARTESIAN_POINT('',(4.9,10.4,4.2));
#2090 = LINE('',#2091,#2092);
#2091 = CARTESIAN_POINT('',(4.9,10.4,1.6));
#2092 = VECTOR('',#2093,1.);
#2093 = DIRECTION('',(0.,0.,1.));
#2094 = ORIENTED_EDGE('',*,*,#2095,.T.);
#2095 = EDGE_CURVE('',#2086,#2096,#2098,.T.);
#2096 = VERTEX_POINT('',#2097);
#2097 = CARTESIAN_POINT('',(4.9,17.9,1.6));
#2098 = LINE('',#2099,#2100);
#2099 = CARTESIAN_POINT('',(4.9,10.4,1.6));
#2100 = VECTOR('',#2101,1.);
#2101 = DIRECTION('',(-0.,1.,0.));
#2102 = ORIENTED_EDGE('',*,*,#2103,.T.);
#2103 = EDGE_CURVE('',#2096,#2104,#2106,.T.);
#2104 = VERTEX_POINT('',#2105);
#2105 = CARTESIAN_POINT('',(4.9,17.9,4.2));
#2106 = LINE('',#2107,#2108);
#2107 = CARTESIAN_POINT('',(4.9,17.9,1.6));
#2108 = VECTOR('',#2109,1.);
#2109 = DIRECTION('',(0.,0.,1.));
#2110 = ORIENTED_EDGE('',*,*,#2111,.F.);
#2111 = EDGE_CURVE('',#2088,#2104,#2112,.T.);
#2112 = LINE('',#2113,#2114);
#2113 = CARTESIAN_POINT('',(4.9,10.4,4.2));
#2114 = VECTOR('',#2115,1.);
#2115 = DIRECTION('',(-0.,1.,0.));
#2116 = PLANE('',#2117);
#2117 = AXIS2_PLACEMENT_3D('',#2118,#2119,#2120);
#2118 = CARTESIAN_POINT('',(4.9,10.4,1.6));
#2119 = DIRECTION('',(1.,0.,-0.));
#2120 = DIRECTION('',(0.,0.,1.));
#2121 = ADVANCED_FACE('',(#2122),#2138,.F.);
#2122 = FACE_BOUND('',#2123,.F.);
#2123 = EDGE_LOOP('',(#2124,#2130,#2131,#2137));
#2124 = ORIENTED_EDGE('',*,*,#2125,.F.);
#2125 = EDGE_CURVE('',#2046,#2086,#2126,.T.);
#2126 = LINE('',#2127,#2128);
#2127 = CARTESIAN_POINT('',(-1.,10.4,1.6));
#2128 = VECTOR('',#2129,1.);
#2129 = DIRECTION('',(1.,0.,-0.));
#2130 = ORIENTED_EDGE('',*,*,#2045,.T.);
#2131 = ORIENTED_EDGE('',*,*,#2132,.T.);
#2132 = EDGE_CURVE('',#2048,#2088,#2133,.T.);
#2133 = LINE('',#2134,#2135);
#2134 = CARTESIAN_POINT('',(-1.,10.4,4.2));
#2135 = VECTOR('',#2136,1.);
#2136 = DIRECTION('',(1.,0.,-0.));
#2137 = ORIENTED_EDGE('',*,*,#2085,.F.);
#2138 = PLANE('',#2139);
#2139 = AXIS2_PLACEMENT_3D('',#2140,#2141,#2142);
#2140 = CARTESIAN_POINT('',(-1.,10.4,1.6));
#2141 = DIRECTION('',(-0.,1.,0.));
#2142 = DIRECTION('',(0.,0.,1.));
#2143 = ADVANCED_FACE('',(#2144),#2160,.T.);
#2144 = FACE_BOUND('',#2145,.T.);
#2145 = EDGE_LOOP('',(#2146,#2152,#2153,#2159));
#2146 = ORIENTED_EDGE('',*,*,#2147,.F.);
#2147 = EDGE_CURVE('',#2056,#2096,#2148,.T.);
#2148 = LINE('',#2149,#2150);
#2149 = CARTESIAN_POINT('',(-1.,17.9,1.6));
#2150 = VECTOR('',#2151,1.);
#2151 = DIRECTION('',(1.,0.,-0.));
#2152 = ORIENTED_EDGE('',*,*,#2063,.T.);
#2153 = ORIENTED_EDGE('',*,*,#2154,.T.);
#2154 = EDGE_CURVE('',#2064,#2104,#2155,.T.);
#2155 = LINE('',#2156,#2157);
#2156 = CARTESIAN_POINT('',(-1.,17.9,4.2));
#2157 = VECTOR('',#2158,1.);
#2158 = DIRECTION('',(1.,0.,-0.));
#2159 = ORIENTED_EDGE('',*,*,#2103,.F.);
#2160 = PLANE('',#2161);
#2161 = AXIS2_PLACEMENT_3D('',#2162,#2163,#2164);
#2162 = CARTESIAN_POINT('',(-1.,17.9,1.6));
#2163 = DIRECTION('',(-0.,1.,0.));
#2164 = DIRECTION('',(0.,0.,1.));
#2165 = ADVANCED_FACE('',(#2166),#2172,.F.);
#2166 = FACE_BOUND('',#2167,.F.);
#2167 = EDGE_LOOP('',(#2168,#2169,#2170,#2171));
#2168 = ORIENTED_EDGE('',*,*,#2055,.F.);
#2169 = ORIENTED_EDGE('',*,*,#2125,.T.);
#2170 = ORIENTED_EDGE('',*,*,#2095,.T.);
#2171 = ORIENTED_EDGE('',*,*,#2147,.F.);
#2172 = PLANE('',#2173);
#2173 = AXIS2_PLACEMENT_3D('',#2174,#2175,#2176);
#2174 = CARTESIAN_POINT('',(-1.,10.4,1.6));
#2175 = DIRECTION('',(0.,0.,1.));
#2176 = DIRECTION('',(1.,0.,-0.));
#2177 = ADVANCED_FACE('',(#2178),#2184,.T.);
#2178 = FACE_BOUND('',#2179,.T.);
#2179 = EDGE_LOOP('',(#2180,#2181,#2182,#2183));
#2180 = ORIENTED_EDGE('',*,*,#2071,.F.);
#2181 = ORIENTED_EDGE('',*,*,#2132,.T.);
#2182 = ORIENTED_EDGE('',*,*,#2111,.T.);
#2183 = ORIENTED_EDGE('',*,*,#2154,.F.);
#2184 = PLANE('',#2185);
#2185 = AXIS2_PLACEMENT_3D('',#2186,#2187,#2188);
#2186 = CARTESIAN_POINT('',(-1.,10.4,4.2));
#2187 = DIRECTION('',(0.,0.,1.));
#2188 = DIRECTION('',(1.,0.,-0.));
#2189 = ( GEOMETRIC_REPRESENTATION_CONTEXT(3) 
GLOBAL_UNCERTAINTY_ASSIGNED_CONTEXT((#2193)) 
GLOBAL_UNIT_ASSIGNED_CONTEXT((#2190,#2191,#2192)) REPRESENTATION_CONTEXT
('Context #1','3D Context with UNIT and UNCERTAINTY') );
#2190 = ( LENGTH_UNIT() NAMED_UNIT(*) SI_UNIT(.MILLI.,.METRE.) );
#2191 = ( NAMED_UNIT(*) PLANE_ANGLE_UNIT() SI_UNIT($,.RADIAN.) );
#2192 = ( NAMED_UNIT(*) SI_UNIT($,.STERADIAN.) SOLID_ANGLE_UNIT() );
#2193 = UNCERTAINTY_MEASURE_WITH_UNIT(LENGTH_MEASURE(1.E-07),#2190,
  'distance_accuracy_value','confusion accuracy');
#2194 = CONTEXT_DEPENDENT_SHAPE_REPRESENTATION(#2195,#2197);
#2195 = ( REPRESENTATION_RELATIONSHIP('','',#2038,#10) 
REPRESENTATION_RELATIONSHIP_WITH_TRANSFORMATION(#2196) 
SHAPE_REPRESENTATION_RELATIONSHIP() );
#2196 = ITEM_DEFINED_TRANSFORMATION('','',#11,#31);
#2197 = PRODUCT_DEFINITION_SHAPE('Placement','Placement of an item',
  #2198);
#2198 = NEXT_ASSEMBLY_USAGE_OCCURRENCE('5','MicroUSB','',#5,#2033,$);
#2199 = PRODUCT_RELATED_PRODUCT_CATEGORY('part',$,(#2035));
#2200 = SHAPE_DEFINITION_REPRESENTATION(#2201,#2207);
#2201 = PRODUCT_DEFINITION_SHAPE('','',#2202);
#2202 = PRODUCT_DEFINITION('design','',#2203,#2206);
#2203 = PRODUCT_DEFINITION_FORMATION('','',#2204);
#2204 = PRODUCT('Button_EN','Button_EN','',(#2205));
#2205 = PRODUCT_CONTEXT('',#2,'mechanical');
#2206 = PRODUCT_DEFINITION_CONTEXT('part definition',#2,'design');
#2207 = ADVANCED_BREP_SHAPE_REPRESENTATION('',(#11,#2208),#2358);
#2208 = MANIFOLD_SOLID_BREP('',#2209);
#2209 = CLOSED_SHELL('',(#2210,#2250,#2290,#2312,#2334,#2346));
#2210 = ADVANCED_FACE('',(#2211),#2245,.F.);
#2211 = FACE_BOUND('',#2212,.F.);
#2212 = EDGE_LOOP('',(#2213,#2223,#2231,#2239));
#2213 = ORIENTED_EDGE('',*,*,#2214,.F.);
#2214 = EDGE_CURVE('',#2215,#2217,#2219,.T.);
#2215 = VERTEX_POINT('',#2216);
#2216 = CARTESIAN_POINT('',(1.,3.,1.6));
#2217 = VERTEX_POINT('',#2218);
#2218 = CARTESIAN_POINT('',(1.,3.,3.4));
#2219 = LINE('',#2220,#2221);
#2220 = CARTESIAN_POINT('',(1.,3.,1.6));
#2221 = VECTOR('',#2222,1.);
#2222 = DIRECTION('',(0.,0.,1.));
#2223 = ORIENTED_EDGE('',*,*,#2224,.T.);
#2224 = EDGE_CURVE('',#2215,#2225,#2227,.T.);
#2225 = VERTEX_POINT('',#2226);
#2226 = CARTESIAN_POINT('',(1.,7.2,1.6));
#2227 = LINE('',#2228,#2229);
#2228 = CARTESIAN_POINT('',(1.,3.,1.6));
#2229 = VECTOR('',#2230,1.);
#2230 = DIRECTION('',(-0.,1.,0.));
#2231 = ORIENTED_EDGE('',*,*,#2232,.T.);
#2232 = EDGE_CURVE('',#2225,#2233,#2235,.T.);
#2233 = VERTEX_POINT('',#2234);
#2234 = CARTESIAN_POINT('',(1.,7.2,3.4));
#2235 = LINE('',#2236,#2237);
#2236 = CARTESIAN_POINT('',(1.,7.2,1.6));
#2237 = VECTOR('',#2238,1.);
#2238 = DIRECTION('',(0.,0.,1.));
#2239 = ORIENTED_EDGE('',*,*,#2240,.F.);
#2240 = EDGE_CURVE('',#2217,#2233,#2241,.T.);
#2241 = LINE('',#2242,#2243);
#2242 = CARTESIAN_POINT('',(1.,3.,3.4));
#2243 = VECTOR('',#2244,1.);
#2244 = DIRECTION('',(-0.,1.,0.));
#2245 = PLANE('',#2246);
#2246 = AXIS2_PLACEMENT_3D('',#2247,#2248,#2249);
#2247 = CARTESIAN_POINT('',(1.,3.,1.6));
#2248 = DIRECTION('',(1.,0.,-0.));
#2249 = DIRECTION('',(0.,0.,1.));
#2250 = ADVANCED_FACE('',(#2251),#2285,.T.);
#2251 = FACE_BOUND('',#2252,.T.);
#2252 = EDGE_LOOP('',(#2253,#2263,#2271,#2279));
#2253 = ORIENTED_EDGE('',*,*,#2254,.F.);
#2254 = EDGE_CURVE('',#2255,#2257,#2259,.T.);
#2255 = VERTEX_POINT('',#2256);
#2256 = CARTESIAN_POINT('',(4.5,3.,1.6));
#2257 = VERTEX_POINT('',#2258);
#2258 = CARTESIAN_POINT('',(4.5,3.,3.4));
#2259 = LINE('',#2260,#2261);
#2260 = CARTESIAN_POINT('',(4.5,3.,1.6));
#2261 = VECTOR('',#2262,1.);
#2262 = DIRECTION('',(0.,0.,1.));
#2263 = ORIENTED_EDGE('',*,*,#2264,.T.);
#2264 = EDGE_CURVE('',#2255,#2265,#2267,.T.);
#2265 = VERTEX_POINT('',#2266);
#2266 = CARTESIAN_POINT('',(4.5,7.2,1.6));
#2267 = LINE('',#2268,#2269);
#2268 = CARTESIAN_POINT('',(4.5,3.,1.6));
#2269 = VECTOR('',#2270,1.);
#2270 = DIRECTION('',(-0.,1.,0.));
#2271 = ORIENTED_EDGE('',*,*,#2272,.T.);
#2272 = EDGE_CURVE('',#2265,#2273,#2275,.T.);
#2273 = VERTEX_POINT('',#2274);
#2274 = CARTESIAN_POINT('',(4.5,7.2,3.4));
#2275 = LINE('',#2276,#2277);
#2276 = CARTESIAN_POINT('',(4.5,7.2,1.6));
#2277 = VECTOR('',#2278,1.);
#2278 = DIRECTION('',(0.,0.,1.));
#2279 = ORIENTED_EDGE('',*,*,#2280,.F.);
#2280 = EDGE_CURVE('',#2257,#2273,#2281,.T.);
#2281 = LINE('',#2282,#2283);
#2282 = CARTESIAN_POINT('',(4.5,3.,3.4));
#2283 = VECTOR('',#2284,1.);
#2284 = DIRECTION('',(-0.,1.,0.));
#2285 = PLANE('',#2286);
#2286 = AXIS2_PLACEMENT_3D('',#2287,#2288,#2289);
#2287 = CARTESIAN_POINT('',(4.5,3.,1.6));
#2288 = DIRECTION('',(1.,0.,-0.));
#2289 = DIRECTION('',(0.,0.,1.));
#2290 = ADVANCED_FACE('',(#2291),#2307,.F.);
#2291 = FACE_BOUND('',#2292,.F.);
#2292 = EDGE_LOOP('',(#2293,#2299,#2300,#2306));
#2293 = ORIENTED_EDGE('',*,*,#2294,.F.);
#2294 = EDGE_CURVE('',#2215,#2255,#2295,.T.);
#2295 = LINE('',#2296,#2297);
#2296 = CARTESIAN_POINT('',(1.,3.,1.6));
#2297 = VECTOR('',#2298,1.);
#2298 = DIRECTION('',(1.,0.,-0.));
#2299 = ORIENTED_EDGE('',*,*,#2214,.T.);
#2300 = ORIENTED_EDGE('',*,*,#2301,.T.);
#2301 = EDGE_CURVE('',#2217,#2257,#2302,.T.);
#2302 = LINE('',#2303,#2304);
#2303 = CARTESIAN_POINT('',(1.,3.,3.4));
#2304 = VECTOR('',#2305,1.);
#2305 = DIRECTION('',(1.,0.,-0.));
#2306 = ORIENTED_EDGE('',*,*,#2254,.F.);
#2307 = PLANE('',#2308);
#2308 = AXIS2_PLACEMENT_3D('',#2309,#2310,#2311);
#2309 = CARTESIAN_POINT('',(1.,3.,1.6));
#2310 = DIRECTION('',(-0.,1.,0.));
#2311 = DIRECTION('',(0.,0.,1.));
#2312 = ADVANCED_FACE('',(#2313),#2329,.T.);
#2313 = FACE_BOUND('',#2314,.T.);
#2314 = EDGE_LOOP('',(#2315,#2321,#2322,#2328));
#2315 = ORIENTED_EDGE('',*,*,#2316,.F.);
#2316 = EDGE_CURVE('',#2225,#2265,#2317,.T.);
#2317 = LINE('',#2318,#2319);
#2318 = CARTESIAN_POINT('',(1.,7.2,1.6));
#2319 = VECTOR('',#2320,1.);
#2320 = DIRECTION('',(1.,0.,-0.));
#2321 = ORIENTED_EDGE('',*,*,#2232,.T.);
#2322 = ORIENTED_EDGE('',*,*,#2323,.T.);
#2323 = EDGE_CURVE('',#2233,#2273,#2324,.T.);
#2324 = LINE('',#2325,#2326);
#2325 = CARTESIAN_POINT('',(1.,7.2,3.4));
#2326 = VECTOR('',#2327,1.);
#2327 = DIRECTION('',(1.,0.,-0.));
#2328 = ORIENTED_EDGE('',*,*,#2272,.F.);
#2329 = PLANE('',#2330);
#2330 = AXIS2_PLACEMENT_3D('',#2331,#2332,#2333);
#2331 = CARTESIAN_POINT('',(1.,7.2,1.6));
#2332 = DIRECTION('',(-0.,1.,0.));
#2333 = DIRECTION('',(0.,0.,1.));
#2334 = ADVANCED_FACE('',(#2335),#2341,.F.);
#2335 = FACE_BOUND('',#2336,.F.);
#2336 = EDGE_LOOP('',(#2337,#2338,#2339,#2340));
#2337 = ORIENTED_EDGE('',*,*,#2224,.F.);
#2338 = ORIENTED_EDGE('',*,*,#2294,.T.);
#2339 = ORIENTED_EDGE('',*,*,#2264,.T.);
#2340 = ORIENTED_EDGE('',*,*,#2316,.F.);
#2341 = PLANE('',#2342);
#2342 = AXIS2_PLACEMENT_3D('',#2343,#2344,#2345);
#2343 = CARTESIAN_POINT('',(1.,3.,1.6));
#2344 = DIRECTION('',(0.,0.,1.));
#2345 = DIRECTION('',(1.,0.,-0.));
#2346 = ADVANCED_FACE('',(#2347),#2353,.T.);
#2347 = FACE_BOUND('',#2348,.T.);
#2348 = EDGE_LOOP('',(#2349,#2350,#2351,#2352));
#2349 = ORIENTED_EDGE('',*,*,#2240,.F.);
#2350 = ORIENTED_EDGE('',*,*,#2301,.T.);
#2351 = ORIENTED_EDGE('',*,*,#2280,.T.);
#2352 = ORIENTED_EDGE('',*,*,#2323,.F.);
#2353 = PLANE('',#2354);
#2354 = AXIS2_PLACEMENT_3D('',#2355,#2356,#2357);
#2355 = CARTESIAN_POINT('',(1.,3.,3.4));
#2356 = DIRECTION('',(0.,0.,1.));
#2357 = DIRECTION('',(1.,0.,-0.));
#2358 = ( GEOMETRIC_REPRESENTATION_CONTEXT(3) 
GLOBAL_UNCERTAINTY_ASSIGNED_CONTEXT((#2362)) 
GLOBAL_UNIT_ASSIGNED_CONTEXT((#2359,#2360,#2361)) REPRESENTATION_CONTEXT
('Context #1','3D Context with UNIT and UNCERTAINTY') );
#2359 = ( LENGTH_UNIT() NAMED_UNIT(*) SI_UNIT(.MILLI.,.METRE.) );
#2360 = ( NAMED_UNIT(*) PLANE_ANGLE_UNIT() SI_UNIT($,.RADIAN.) );
#2361 = ( NAMED_UNIT(*) SI_UNIT($,.STERADIAN.) SOLID_ANGLE_UNIT() );
#2362 = UNCERTAINTY_MEASURE_WITH_UNIT(LENGTH_MEASURE(1.E-07),#2359,
  'distance_accuracy_value','confusion accuracy');
#2363 = CONTEXT_DEPENDENT_SHAPE_REPRESENTATION(#2364,#2366);
#2364 = ( REPRESENTATION_RELATIONSHIP('','',#2207,#10) 
REPRESENTATION_RELATIONSHIP_WITH_TRANSFORMATION(#2365) 
SHAPE_REPRESENTATION_RELATIONSHIP() );
#2365 = ITEM_DEFINED_TRANSFORMATION('','',#11,#35);
#2366 = PRODUCT_DEFINITION_SHAPE('Placement','Placement of an item',
  #2367);
#2367 = NEXT_ASSEMBLY_USAGE_OCCURRENCE('6','Button_EN','',#5,#2202,$);
#2368 = PRODUCT_RELATED_PRODUCT_CATEGORY('part',$,(#2204));
#2369 = SHAPE_DEFINITION_REPRESENTATION(#2370,#2376);
#2370 = PRODUCT_DEFINITION_SHAPE('','',#2371);
#2371 = PRODUCT_DEFINITION('design','',#2372,#2375);
#2372 = PRODUCT_DEFINITION_FORMATION('','',#2373);
#2373 = PRODUCT('Button_BOOT','Button_BOOT','',(#2374));
#2374 = PRODUCT_CONTEXT('',#2,'mechanical');
#2375 = PRODUCT_DEFINITION_CONTEXT('part definition',#2,'design');
#2376 = ADVANCED_BREP_SHAPE_REPRESENTATION('',(#11,#2377),#2527);
#2377 = MANIFOLD_SOLID_BREP('',#2378);
#2378 = CLOSED_SHELL('',(#2379,#2419,#2459,#2481,#2503,#2515));
#2379 = ADVANCED_FACE('',(#2380),#2414,.F.);
#2380 = FACE_BOUND('',#2381,.F.);
#2381 = EDGE_LOOP('',(#2382,#2392,#2400,#2408));
#2382 = ORIENTED_EDGE('',*,*,#2383,.F.);
#2383 = EDGE_CURVE('',#2384,#2386,#2388,.T.);
#2384 = VERTEX_POINT('',#2385);
#2385 = CARTESIAN_POINT('',(1.,21.1,1.6));
#2386 = VERTEX_POINT('',#2387);
#2387 = CARTESIAN_POINT('',(1.,21.1,3.4));
#2388 = LINE('',#2389,#2390);
#2389 = CARTESIAN_POINT('',(1.,21.1,1.6));
#2390 = VECTOR('',#2391,1.);
#2391 = DIRECTION('',(0.,0.,1.));
#2392 = ORIENTED_EDGE('',*,*,#2393,.T.);
#2393 = EDGE_CURVE('',#2384,#2394,#2396,.T.);
#2394 = VERTEX_POINT('',#2395);
#2395 = CARTESIAN_POINT('',(1.,25.3,1.6));
#2396 = LINE('',#2397,#2398);
#2397 = CARTESIAN_POINT('',(1.,21.1,1.6));
#2398 = VECTOR('',#2399,1.);
#2399 = DIRECTION('',(-0.,1.,0.));
#2400 = ORIENTED_EDGE('',*,*,#2401,.T.);
#2401 = EDGE_CURVE('',#2394,#2402,#2404,.T.);
#2402 = VERTEX_POINT('',#2403);
#2403 = CARTESIAN_POINT('',(1.,25.3,3.4));
#2404 = LINE('',#2405,#2406);
#2405 = CARTESIAN_POINT('',(1.,25.3,1.6));
#2406 = VECTOR('',#2407,1.);
#2407 = DIRECTION('',(0.,0.,1.));
#2408 = ORIENTED_EDGE('',*,*,#2409,.F.);
#2409 = EDGE_CURVE('',#2386,#2402,#2410,.T.);
#2410 = LINE('',#2411,#2412);
#2411 = CARTESIAN_POINT('',(1.,21.1,3.4));
#2412 = VECTOR('',#2413,1.);
#2413 = DIRECTION('',(-0.,1.,0.));
#2414 = PLANE('',#2415);
#2415 = AXIS2_PLACEMENT_3D('',#2416,#2417,#2418);
#2416 = CARTESIAN_POINT('',(1.,21.1,1.6));
#2417 = DIRECTION('',(1.,0.,-0.));
#2418 = DIRECTION('',(0.,0.,1.));
#2419 = ADVANCED_FACE('',(#2420),#2454,.T.);
#2420 = FACE_BOUND('',#2421,.T.);
#2421 = EDGE_LOOP('',(#2422,#2432,#2440,#2448));
#2422 = ORIENTED_EDGE('',*,*,#2423,.F.);
#2423 = EDGE_CURVE('',#2424,#2426,#2428,.T.);
#2424 = VERTEX_POINT('',#2425);
#2425 = CARTESIAN_POINT('',(4.5,21.1,1.6));
#2426 = VERTEX_POINT('',#2427);
#2427 = CARTESIAN_POINT('',(4.5,21.1,3.4));
#2428 = LINE('',#2429,#2430);
#2429 = CARTESIAN_POINT('',(4.5,21.1,1.6));
#2430 = VECTOR('',#2431,1.);
#2431 = DIRECTION('',(0.,0.,1.));
#2432 = ORIENTED_EDGE('',*,*,#2433,.T.);
#2433 = EDGE_CURVE('',#2424,#2434,#2436,.T.);
#2434 = VERTEX_POINT('',#2435);
#2435 = CARTESIAN_POINT('',(4.5,25.3,1.6));
#2436 = LINE('',#2437,#2438);
#2437 = CARTESIAN_POINT('',(4.5,21.1,1.6));
#2438 = VECTOR('',#2439,1.);
#2439 = DIRECTION('',(-0.,1.,0.));
#2440 = ORIENTED_EDGE('',*,*,#2441,.T.);
#2441 = EDGE_CURVE('',#2434,#2442,#2444,.T.);
#2442 = VERTEX_POINT('',#2443);
#2443 = CARTESIAN_POINT('',(4.5,25.3,3.4));
#2444 = LINE('',#2445,#2446);
#2445 = CARTESIAN_POINT('',(4.5,25.3,1.6));
#2446 = VECTOR('',#2447,1.);
#2447 = DIRECTION('',(0.,0.,1.));
#2448 = ORIENTED_EDGE('',*,*,#2449,.F.);
#2449 = EDGE_CURVE('',#2426,#2442,#2450,.T.);
#2450 = LINE('',#2451,#2452);
#2451 = CARTESIAN_POINT('',(4.5,21.1,3.4));
#2452 = VECTOR('',#2453,1.);
#2453 = DIRECTION('',(-0.,1.,0.));
#2454 = PLANE('',#2455);
#2455 = AXIS2_PLACEMENT_3D('',#2456,#2457,#2458);
#2456 = CARTESIAN_POINT('',(4.5,21.1,1.6));
#2457 = DIRECTION('',(1.,0.,-0.));
#2458 = DIRECTION('',(0.,0.,1.));
#2459 = ADVANCED_FACE('',(#2460),#2476,.F.);
#2460 = FACE_BOUND('',#2461,.F.);
#2461 = EDGE_LOOP('',(#2462,#2468,#2469,#2475));
#2462 = ORIENTED_EDGE('',*,*,#2463,.F.);
#2463 = EDGE_CURVE('',#2384,#2424,#2464,.T.);
#2464 = LINE('',#2465,#2466);
#2465 = CARTESIAN_POINT('',(1.,21.1,1.6));
#2466 = VECTOR('',#2467,1.);
#2467 = DIRECTION('',(1.,0.,-0.));
#2468 = ORIENTED_EDGE('',*,*,#2383,.T.);
#2469 = ORIENTED_EDGE('',*,*,#2470,.T.);
#2470 = EDGE_CURVE('',#2386,#2426,#2471,.T.);
#2471 = LINE('',#2472,#2473);
#2472 = CARTESIAN_POINT('',(1.,21.1,3.4));
#2473 = VECTOR('',#2474,1.);
#2474 = DIRECTION('',(1.,0.,-0.));
#2475 = ORIENTED_EDGE('',*,*,#2423,.F.);
#2476 = PLANE('',#2477);
#2477 = AXIS2_PLACEMENT_3D('',#2478,#2479,#2480);
#2478 = CARTESIAN_POINT('',(1.,21.1,1.6));
#2479 = DIRECTION('',(-0.,1.,0.));
#2480 = DIRECTION('',(0.,0.,1.));
#2481 = ADVANCED_FACE('',(#2482),#2498,.T.);
#2482 = FACE_BOUND('',#2483,.T.);
#2483 = EDGE_LOOP('',(#2484,#2490,#2491,#2497));
#2484 = ORIENTED_EDGE('',*,*,#2485,.F.);
#2485 = EDGE_CURVE('',#2394,#2434,#2486,.T.);
#2486 = LINE('',#2487,#2488);
#2487 = CARTESIAN_POINT('',(1.,25.3,1.6));
#2488 = VECTOR('',#2489,1.);
#2489 = DIRECTION('',(1.,0.,-0.));
#2490 = ORIENTED_EDGE('',*,*,#2401,.T.);
#2491 = ORIENTED_EDGE('',*,*,#2492,.T.);
#2492 = EDGE_CURVE('',#2402,#2442,#2493,.T.);
#2493 = LINE('',#2494,#2495);
#2494 = CARTESIAN_POINT('',(1.,25.3,3.4));
#2495 = VECTOR('',#2496,1.);
#2496 = DIRECTION('',(1.,0.,-0.));
#2497 = ORIENTED_EDGE('',*,*,#2441,.F.);
#2498 = PLANE('',#2499);
#2499 = AXIS2_PLACEMENT_3D('',#2500,#2501,#2502);
#2500 = CARTESIAN_POINT('',(1.,25.3,1.6));
#2501 = DIRECTION('',(-0.,1.,0.));
#2502 = DIRECTION('',(0.,0.,1.));
#2503 = ADVANCED_FACE('',(#2504),#2510,.F.);
#2504 = FACE_BOUND('',#2505,.F.);
#2505 = EDGE_LOOP('',(#2506,#2507,#2508,#2509));
#2506 = ORIENTED_EDGE('',*,*,#2393,.F.);
#2507 = ORIENTED_EDGE('',*,*,#2463,.T.);
#2508 = ORIENTED_EDGE('',*,*,#2433,.T.);
#2509 = ORIENTED_EDGE('',*,*,#2485,.F.);
#2510 = PLANE('',#2511);
#2511 = AXIS2_PLACEMENT_3D('',#2512,#2513,#2514);
#2512 = CARTESIAN_POINT('',(1.,21.1,1.6));
#2513 = DIRECTION('',(0.,0.,1.));
#2514 = DIRECTION('',(1.,0.,-0.));
#2515 = ADVANCED_FACE('',(#2516),#2522,.T.);
#2516 = FACE_BOUND('',#2517,.T.);
#2517 = EDGE_LOOP('',(#2518,#2519,#2520,#2521));
#2518 = ORIENTED_EDGE('',*,*,#2409,.F.);
#2519 = ORIENTED_EDGE('',*,*,#2470,.T.);
#2520 = ORIENTED_EDGE('',*,*,#2449,.T.);
#2521 = ORIENTED_EDGE('',*,*,#2492,.F.);
#2522 = PLANE('',#2523);
#2523 = AXIS2_PLACEMENT_3D('',#2524,#2525,#2526);
#2524 = CARTESIAN_POINT('',(1.,21.1,3.4));
#2525 = DIRECTION('',(0.,0.,1.));
#2526 = DIRECTION('',(1.,0.,-0.));
#2527 = ( GEOMETRIC_REPRESENTATION_CONTEXT(3) 
GLOBAL_UNCERTAINTY_ASSIGNED_CONTEXT((#2531)) 
GLOBAL_UNIT_ASSIGNED_CONTEXT((#2528,#2529,#2530)) REPRESENTATION_CONTEXT
('Context #1','3D Context with UNIT and UNCERTAINTY') );
#2528 = ( LENGTH_UNIT() NAMED_UNIT(*) SI_UNIT(.MILLI.,.METRE.) );
#2529 = ( NAMED_UNIT(*) PLANE_ANGLE_UNIT() SI_UNIT($,.RADIAN.) );
#2530 = ( NAMED_UNIT(*) SI_UNIT($,.STERADIAN.) SOLID_ANGLE_UNIT() );
#2531 = UNCERTAINTY_MEASURE_WITH_UNIT(LENGTH_MEASURE(1.E-07),#2528,
  'distance_accuracy_value','confusion accuracy');
#2532 = CONTEXT_DEPENDENT_SHAPE_REPRESENTATION(#2533,#2535);
#2533 = ( REPRESENTATION_RELATIONSHIP('','',#2376,#10) 
REPRESENTATION_RELATIONSHIP_WITH_TRANSFORMATION(#2534) 
SHAPE_REPRESENTATION_RELATIONSHIP() );
#2534 = ITEM_DEFINED_TRANSFORMATION('','',#11,#39);
#2535 = PRODUCT_DEFINITION_SHAPE('Placement','Placement of an item',
  #2536);
#2536 = NEXT_ASSEMBLY_USAGE_OCCURRENCE('7','Button_BOOT','',#5,#2371,$);
#2537 = PRODUCT_RELATED_PRODUCT_CATEGORY('part',$,(#2373));
#2538 = SHAPE_DEFINITION_REPRESENTATION(#2539,#2545);
#2539 = PRODUCT_DEFINITION_SHAPE('','',#2540);
#2540 = PRODUCT_DEFINITION('design','',#2541,#2544);
#2541 = PRODUCT_DEFINITION_FORMATION('','',#2542);
#2542 = PRODUCT('USB_UART_IC','USB_UART_IC','',(#2543));
#2543 = PRODUCT_CONTEXT('',#2,'mechanical');
#2544 = PRODUCT_DEFINITION_CONTEXT('part definition',#2,'design');
#2545 = ADVANCED_BREP_SHAPE_REPRESENTATION('',(#11,#2546),#2696);
#2546 = MANIFOLD_SOLID_BREP('',#2547);
#2547 = CLOSED_SHELL('',(#2548,#2588,#2628,#2650,#2672,#2684));
#2548 = ADVANCED_FACE('',(#2549),#2583,.F.);
#2549 = FACE_BOUND('',#2550,.F.);
#2550 = EDGE_LOOP('',(#2551,#2561,#2569,#2577));
#2551 = ORIENTED_EDGE('',*,*,#2552,.F.);
#2552 = EDGE_CURVE('',#2553,#2555,#2557,.T.);
#2553 = VERTEX_POINT('',#2554);
#2554 = CARTESIAN_POINT('',(11.,11.65,1.6));
#2555 = VERTEX_POINT('',#2556);
#2556 = CARTESIAN_POINT('',(11.,11.65,2.5));
#2557 = LINE('',#2558,#2559);
#2558 = CARTESIAN_POINT('',(11.,11.65,1.6));
#2559 = VECTOR('',#2560,1.);
#2560 = DIRECTION('',(0.,0.,1.));
#2561 = ORIENTED_EDGE('',*,*,#2562,.T.);
#2562 = EDGE_CURVE('',#2553,#2563,#2565,.T.);
#2563 = VERTEX_POINT('',#2564);
#2564 = CARTESIAN_POINT('',(11.,16.65,1.6));
#2565 = LINE('',#2566,#2567);
#2566 = CARTESIAN_POINT('',(11.,11.65,1.6));
#2567 = VECTOR('',#2568,1.);
#2568 = DIRECTION('',(-0.,1.,0.));
#2569 = ORIENTED_EDGE('',*,*,#2570,.T.);
#2570 = EDGE_CURVE('',#2563,#2571,#2573,.T.);
#2571 = VERTEX_POINT('',#2572);
#2572 = CARTESIAN_POINT('',(11.,16.65,2.5));
#2573 = LINE('',#2574,#2575);
#2574 = CARTESIAN_POINT('',(11.,16.65,1.6));
#2575 = VECTOR('',#2576,1.);
#2576 = DIRECTION('',(0.,0.,1.));
#2577 = ORIENTED_EDGE('',*,*,#2578,.F.);
#2578 = EDGE_CURVE('',#2555,#2571,#2579,.T.);
#2579 = LINE('',#2580,#2581);
#2580 = CARTESIAN_POINT('',(11.,11.65,2.5));
#2581 = VECTOR('',#2582,1.);
#2582 = DIRECTION('',(-0.,1.,0.));
#2583 = PLANE('',#2584);
#2584 = AXIS2_PLACEMENT_3D('',#2585,#2586,#2587);
#2585 = CARTESIAN_POINT('',(11.,11.65,1.6));
#2586 = DIRECTION('',(1.,0.,-0.));
#2587 = DIRECTION('',(0.,0.,1.));
#2588 = ADVANCED_FACE('',(#2589),#2623,.T.);
#2589 = FACE_BOUND('',#2590,.T.);
#2590 = EDGE_LOOP('',(#2591,#2601,#2609,#2617));
#2591 = ORIENTED_EDGE('',*,*,#2592,.F.);
#2592 = EDGE_CURVE('',#2593,#2595,#2597,.T.);
#2593 = VERTEX_POINT('',#2594);
#2594 = CARTESIAN_POINT('',(16.,11.65,1.6));
#2595 = VERTEX_POINT('',#2596);
#2596 = CARTESIAN_POINT('',(16.,11.65,2.5));
#2597 = LINE('',#2598,#2599);
#2598 = CARTESIAN_POINT('',(16.,11.65,1.6));
#2599 = VECTOR('',#2600,1.);
#2600 = DIRECTION('',(0.,0.,1.));
#2601 = ORIENTED_EDGE('',*,*,#2602,.T.);
#2602 = EDGE_CURVE('',#2593,#2603,#2605,.T.);
#2603 = VERTEX_POINT('',#2604);
#2604 = CARTESIAN_POINT('',(16.,16.65,1.6));
#2605 = LINE('',#2606,#2607);
#2606 = CARTESIAN_POINT('',(16.,11.65,1.6));
#2607 = VECTOR('',#2608,1.);
#2608 = DIRECTION('',(-0.,1.,0.));
#2609 = ORIENTED_EDGE('',*,*,#2610,.T.);
#2610 = EDGE_CURVE('',#2603,#2611,#2613,.T.);
#2611 = VERTEX_POINT('',#2612);
#2612 = CARTESIAN_POINT('',(16.,16.65,2.5));
#2613 = LINE('',#2614,#2615);
#2614 = CARTESIAN_POINT('',(16.,16.65,1.6));
#2615 = VECTOR('',#2616,1.);
#2616 = DIRECTION('',(0.,0.,1.));
#2617 = ORIENTED_EDGE('',*,*,#2618,.F.);
#2618 = EDGE_CURVE('',#2595,#2611,#2619,.T.);
#2619 = LINE('',#2620,#2621);
#2620 = CARTESIAN_POINT('',(16.,11.65,2.5));
#2621 = VECTOR('',#2622,1.);
#2622 = DIRECTION('',(-0.,1.,0.));
#2623 = PLANE('',#2624);
#2624 = AXIS2_PLACEMENT_3D('',#2625,#2626,#2627);
#2625 = CARTESIAN_POINT('',(16.,11.65,1.6));
#2626 = DIRECTION('',(1.,0.,-0.));
#2627 = DIRECTION('',(0.,0.,1.));
#2628 = ADVANCED_FACE('',(#2629),#2645,.F.);
#2629 = FACE_BOUND('',#2630,.F.);
#2630 = EDGE_LOOP('',(#2631,#2637,#2638,#2644));
#2631 = ORIENTED_EDGE('',*,*,#2632,.F.);
#2632 = EDGE_CURVE('',#2553,#2593,#2633,.T.);
#2633 = LINE('',#2634,#2635);
#2634 = CARTESIAN_POINT('',(11.,11.65,1.6));
#2635 = VECTOR('',#2636,1.);
#2636 = DIRECTION('',(1.,0.,-0.));
#2637 = ORIENTED_EDGE('',*,*,#2552,.T.);
#2638 = ORIENTED_EDGE('',*,*,#2639,.T.);
#2639 = EDGE_CURVE('',#2555,#2595,#2640,.T.);
#2640 = LINE('',#2641,#2642);
#2641 = CARTESIAN_POINT('',(11.,11.65,2.5));
#2642 = VECTOR('',#2643,1.);
#2643 = DIRECTION('',(1.,0.,-0.));
#2644 = ORIENTED_EDGE('',*,*,#2592,.F.);
#2645 = PLANE('',#2646);
#2646 = AXIS2_PLACEMENT_3D('',#2647,#2648,#2649);
#2647 = CARTESIAN_POINT('',(11.,11.65,1.6));
#2648 = DIRECTION('',(-0.,1.,0.));
#2649 = DIRECTION('',(0.,0.,1.));
#2650 = ADVANCED_FACE('',(#2651),#2667,.T.);
#2651 = FACE_BOUND('',#2652,.T.);
#2652 = EDGE_LOOP('',(#2653,#2659,#2660,#2666));
#2653 = ORIENTED_EDGE('',*,*,#2654,.F.);
#2654 = EDGE_CURVE('',#2563,#2603,#2655,.T.);
#2655 = LINE('',#2656,#2657);
#2656 = CARTESIAN_POINT('',(11.,16.65,1.6));
#2657 = VECTOR('',#2658,1.);
#2658 = DIRECTION('',(1.,0.,-0.));
#2659 = ORIENTED_EDGE('',*,*,#2570,.T.);
#2660 = ORIENTED_EDGE('',*,*,#2661,.T.);
#2661 = EDGE_CURVE('',#2571,#2611,#2662,.T.);
#2662 = LINE('',#2663,#2664);
#2663 = CARTESIAN_POINT('',(11.,16.65,2.5));
#2664 = VECTOR('',#2665,1.);
#2665 = DIRECTION('',(1.,0.,-0.));
#2666 = ORIENTED_EDGE('',*,*,#2610,.F.);
#2667 = PLANE('',#2668);
#2668 = AXIS2_PLACEMENT_3D('',#2669,#2670,#2671);
#2669 = CARTESIAN_POINT('',(11.,16.65,1.6));
#2670 = DIRECTION('',(-0.,1.,0.));
#2671 = DIRECTION('',(0.,0.,1.));
#2672 = ADVANCED_FACE('',(#2673),#2679,.F.);
#2673 = FACE_BOUND('',#2674,.F.);
#2674 = EDGE_LOOP('',(#2675,#2676,#2677,#2678));
#2675 = ORIENTED_EDGE('',*,*,#2562,.F.);
#2676 = ORIENTED_EDGE('',*,*,#2632,.T.);
#2677 = ORIENTED_EDGE('',*,*,#2602,.T.);
#2678 = ORIENTED_EDGE('',*,*,#2654,.F.);
#2679 = PLANE('',#2680);
#2680 = AXIS2_PLACEMENT_3D('',#2681,#2682,#2683);
#2681 = CARTESIAN_POINT('',(11.,11.65,1.6));
#2682 = DIRECTION('',(0.,0.,1.));
#2683 = DIRECTION('',(1.,0.,-0.));
#2684 = ADVANCED_FACE('',(#2685),#2691,.T.);
#2685 = FACE_BOUND('',#2686,.T.);
#2686 = EDGE_LOOP('',(#2687,#2688,#2689,#2690));
#2687 = ORIENTED_EDGE('',*,*,#2578,.F.);
#2688 = ORIENTED_EDGE('',*,*,#2639,.T.);
#2689 = ORIENTED_EDGE('',*,*,#2618,.T.);
#2690 = ORIENTED_EDGE('',*,*,#2661,.F.);
#2691 = PLANE('',#2692);
#2692 = AXIS2_PLACEMENT_3D('',#2693,#2694,#2695);
#2693 = CARTESIAN_POINT('',(11.,11.65,2.5));
#2694 = DIRECTION('',(0.,0.,1.));
#2695 = DIRECTION('',(1.,0.,-0.));
#2696 = ( GEOMETRIC_REPRESENTATION_CONTEXT(3) 
GLOBAL_UNCERTAINTY_ASSIGNED_CONTEXT((#2700)) 
GLOBAL_UNIT_ASSIGNED_CONTEXT((#2697,#2698,#2699)) REPRESENTATION_CONTEXT
('Context #1','3D Context with UNIT and UNCERTAINTY') );
#2697 = ( LENGTH_UNIT() NAMED_UNIT(*) SI_UNIT(.MILLI.,.METRE.) );
#2698 = ( NAMED_UNIT(*) PLANE_ANGLE_UNIT() SI_UNIT($,.RADIAN.) );
#2699 = ( NAMED_UNIT(*) SI_UNIT($,.STERADIAN.) SOLID_ANGLE_UNIT() );
#2700 = UNCERTAINTY_MEASURE_WITH_UNIT(LENGTH_MEASURE(1.E-07),#2697,
  'distance_accuracy_value','confusion accuracy');
#2701 = CONTEXT_DEPENDENT_SHAPE_REPRESENTATION(#2702,#2704);
#2702 = ( REPRESENTATION_RELATIONSHIP('','',#2545,#10) 
REPRESENTATION_RELATIONSHIP_WITH_TRANSFORMATION(#2703) 
SHAPE_REPRESENTATION_RELATIONSHIP() );
#2703 = ITEM_DEFINED_TRANSFORMATION('','',#11,#43);
#2704 = PRODUCT_DEFINITION_SHAPE('Placement','Placement of an item',
  #2705);
#2705 = NEXT_ASSEMBLY_USAGE_OCCURRENCE('8','USB_UART_IC','',#5,#2540,$);
#2706 = PRODUCT_RELATED_PRODUCT_CATEGORY('part',$,(#2542));
#2707 = SHAPE_DEFINITION_REPRESENTATION(#2708,#2714);
#2708 = PRODUCT_DEFINITION_SHAPE('','',#2709);
#2709 = PRODUCT_DEFINITION('design','',#2710,#2713);
#2710 = PRODUCT_DEFINITION_FORMATION('','',#2711);
#2711 = PRODUCT('Regulator','Regulator','',(#2712));
#2712 = PRODUCT_CONTEXT('',#2,'mechanical');
#2713 = PRODUCT_DEFINITION_CONTEXT('part definition',#2,'design');
#2714 = ADVANCED_BREP_SHAPE_REPRESENTATION('',(#11,#2715),#2865);
#2715 = MANIFOLD_SOLID_BREP('',#2716);
#2716 = CLOSED_SHELL('',(#2717,#2757,#2797,#2819,#2841,#2853));
#2717 = ADVANCED_FACE('',(#2718),#2752,.F.);
#2718 = FACE_BOUND('',#2719,.F.);
#2719 = EDGE_LOOP('',(#2720,#2730,#2738,#2746));
#2720 = ORIENTED_EDGE('',*,*,#2721,.F.);
#2721 = EDGE_CURVE('',#2722,#2724,#2726,.T.);
#2722 = VERTEX_POINT('',#2723);
#2723 = CARTESIAN_POINT('',(18.,10.9,1.6));
#2724 = VERTEX_POINT('',#2725);
#2725 = CARTESIAN_POINT('',(18.,10.9,3.2));
#2726 = LINE('',#2727,#2728);
#2727 = CARTESIAN_POINT('',(18.,10.9,1.6));
#2728 = VECTOR('',#2729,1.);
#2729 = DIRECTION('',(0.,0.,1.));
#2730 = ORIENTED_EDGE('',*,*,#2731,.T.);
#2731 = EDGE_CURVE('',#2722,#2732,#2734,.T.);
#2732 = VERTEX_POINT('',#2733);
#2733 = CARTESIAN_POINT('',(18.,17.4,1.6));
#2734 = LINE('',#2735,#2736);
#2735 = CARTESIAN_POINT('',(18.,10.9,1.6));
#2736 = VECTOR('',#2737,1.);
#2737 = DIRECTION('',(-0.,1.,0.));
#2738 = ORIENTED_EDGE('',*,*,#2739,.T.);
#2739 = EDGE_CURVE('',#2732,#2740,#2742,.T.);
#2740 = VERTEX_POINT('',#2741);
#2741 = CARTESIAN_POINT('',(18.,17.4,3.2));
#2742 = LINE('',#2743,#2744);
#2743 = CARTESIAN_POINT('',(18.,17.4,1.6));
#2744 = VECTOR('',#2745,1.);
#2745 = DIRECTION('',(0.,0.,1.));
#2746 = ORIENTED_EDGE('',*,*,#2747,.F.);
#2747 = EDGE_CURVE('',#2724,#2740,#2748,.T.);
#2748 = LINE('',#2749,#2750);
#2749 = CARTESIAN_POINT('',(18.,10.9,3.2));
#2750 = VECTOR('',#2751,1.);
#2751 = DIRECTION('',(-0.,1.,0.));
#2752 = PLANE('',#2753);
#2753 = AXIS2_PLACEMENT_3D('',#2754,#2755,#2756);
#2754 = CARTESIAN_POINT('',(18.,10.9,1.6));
#2755 = DIRECTION('',(1.,0.,-0.));
#2756 = DIRECTION('',(0.,0.,1.));
#2757 = ADVANCED_FACE('',(#2758),#2792,.T.);
#2758 = FACE_BOUND('',#2759,.T.);
#2759 = EDGE_LOOP('',(#2760,#2770,#2778,#2786));
#2760 = ORIENTED_EDGE('',*,*,#2761,.F.);
#2761 = EDGE_CURVE('',#2762,#2764,#2766,.T.);
#2762 = VERTEX_POINT('',#2763);
#2763 = CARTESIAN_POINT('',(21.5,10.9,1.6));
#2764 = VERTEX_POINT('',#2765);
#2765 = CARTESIAN_POINT('',(21.5,10.9,3.2));
#2766 = LINE('',#2767,#2768);
#2767 = CARTESIAN_POINT('',(21.5,10.9,1.6));
#2768 = VECTOR('',#2769,1.);
#2769 = DIRECTION('',(0.,0.,1.));
#2770 = ORIENTED_EDGE('',*,*,#2771,.T.);
#2771 = EDGE_CURVE('',#2762,#2772,#2774,.T.);
#2772 = VERTEX_POINT('',#2773);
#2773 = CARTESIAN_POINT('',(21.5,17.4,1.6));
#2774 = LINE('',#2775,#2776);
#2775 = CARTESIAN_POINT('',(21.5,10.9,1.6));
#2776 = VECTOR('',#2777,1.);
#2777 = DIRECTION('',(-0.,1.,0.));
#2778 = ORIENTED_EDGE('',*,*,#2779,.T.);
#2779 = EDGE_CURVE('',#2772,#2780,#2782,.T.);
#2780 = VERTEX_POINT('',#2781);
#2781 = CARTESIAN_POINT('',(21.5,17.4,3.2));
#2782 = LINE('',#2783,#2784);
#2783 = CARTESIAN_POINT('',(21.5,17.4,1.6));
#2784 = VECTOR('',#2785,1.);
#2785 = DIRECTION('',(0.,0.,1.));
#2786 = ORIENTED_EDGE('',*,*,#2787,.F.);
#2787 = EDGE_CURVE('',#2764,#2780,#2788,.T.);
#2788 = LINE('',#2789,#2790);
#2789 = CARTESIAN_POINT('',(21.5,10.9,3.2));
#2790 = VECTOR('',#2791,1.);
#2791 = DIRECTION('',(-0.,1.,0.));
#2792 = PLANE('',#2793);
#2793 = AXIS2_PLACEMENT_3D('',#2794,#2795,#2796);
#2794 = CARTESIAN_POINT('',(21.5,10.9,1.6));
#2795 = DIRECTION('',(1.,0.,-0.));
#2796 = DIRECTION('',(0.,0.,1.));
#2797 = ADVANCED_FACE('',(#2798),#2814,.F.);
#2798 = FACE_BOUND('',#2799,.F.);
#2799 = EDGE_LOOP('',(#2800,#2806,#2807,#2813));
#2800 = ORIENTED_EDGE('',*,*,#2801,.F.);
#2801 = EDGE_CURVE('',#2722,#2762,#2802,.T.);
#2802 = LINE('',#2803,#2804);
#2803 = CARTESIAN_POINT('',(18.,10.9,1.6));
#2804 = VECTOR('',#2805,1.);
#2805 = DIRECTION('',(1.,0.,-0.));
#2806 = ORIENTED_EDGE('',*,*,#2721,.T.);
#2807 = ORIENTED_EDGE('',*,*,#2808,.T.);
#2808 = EDGE_CURVE('',#2724,#2764,#2809,.T.);
#2809 = LINE('',#2810,#2811);
#2810 = CARTESIAN_POINT('',(18.,10.9,3.2));
#2811 = VECTOR('',#2812,1.);
#2812 = DIRECTION('',(1.,0.,-0.));
#2813 = ORIENTED_EDGE('',*,*,#2761,.F.);
#2814 = PLANE('',#2815);
#2815 = AXIS2_PLACEMENT_3D('',#2816,#2817,#2818);
#2816 = CARTESIAN_POINT('',(18.,10.9,1.6));
#2817 = DIRECTION('',(-0.,1.,0.));
#2818 = DIRECTION('',(0.,0.,1.));
#2819 = ADVANCED_FACE('',(#2820),#2836,.T.);
#2820 = FACE_BOUND('',#2821,.T.);
#2821 = EDGE_LOOP('',(#2822,#2828,#2829,#2835));
#2822 = ORIENTED_EDGE('',*,*,#2823,.F.);
#2823 = EDGE_CURVE('',#2732,#2772,#2824,.T.);
#2824 = LINE('',#2825,#2826);
#2825 = CARTESIAN_POINT('',(18.,17.4,1.6));
#2826 = VECTOR('',#2827,1.);
#2827 = DIRECTION('',(1.,0.,-0.));
#2828 = ORIENTED_EDGE('',*,*,#2739,.T.);
#2829 = ORIENTED_EDGE('',*,*,#2830,.T.);
#2830 = EDGE_CURVE('',#2740,#2780,#2831,.T.);
#2831 = LINE('',#2832,#2833);
#2832 = CARTESIAN_POINT('',(18.,17.4,3.2));
#2833 = VECTOR('',#2834,1.);
#2834 = DIRECTION('',(1.,0.,-0.));
#2835 = ORIENTED_EDGE('',*,*,#2779,.F.);
#2836 = PLANE('',#2837);
#2837 = AXIS2_PLACEMENT_3D('',#2838,#2839,#2840);
#2838 = CARTESIAN_POINT('',(18.,17.4,1.6));
#2839 = DIRECTION('',(-0.,1.,0.));
#2840 = DIRECTION('',(0.,0.,1.));
#2841 = ADVANCED_FACE('',(#2842),#2848,.F.);
#2842 = FACE_BOUND('',#2843,.F.);
#2843 = EDGE_LOOP('',(#2844,#2845,#2846,#2847));
#2844 = ORIENTED_EDGE('',*,*,#2731,.F.);
#2845 = ORIENTED_EDGE('',*,*,#2801,.T.);
#2846 = ORIENTED_EDGE('',*,*,#2771,.T.);
#2847 = ORIENTED_EDGE('',*,*,#2823,.F.);
#2848 = PLANE('',#2849);
#2849 = AXIS2_PLACEMENT_3D('',#2850,#2851,#2852);
#2850 = CARTESIAN_POINT('',(18.,10.9,1.6));
#2851 = DIRECTION('',(0.,0.,1.));
#2852 = DIRECTION('',(1.,0.,-0.));
#2853 = ADVANCED_FACE('',(#2854),#2860,.T.);
#2854 = FACE_BOUND('',#2855,.T.);
#2855 = EDGE_LOOP('',(#2856,#2857,#2858,#2859));
#2856 = ORIENTED_EDGE('',*,*,#2747,.F.);
#2857 = ORIENTED_EDGE('',*,*,#2808,.T.);
#2858 = ORIENTED_EDGE('',*,*,#2787,.T.);
#2859 = ORIENTED_EDGE('',*,*,#2830,.F.);
#2860 = PLANE('',#2861);
#2861 = AXIS2_PLACEMENT_3D('',#2862,#2863,#2864);
#2862 = CARTESIAN_POINT('',(18.,10.9,3.2));
#2863 = DIRECTION('',(0.,0.,1.));
#2864 = DIRECTION('',(1.,0.,-0.));
#2865 = ( GEOMETRIC_REPRESENTATION_CONTEXT(3) 
GLOBAL_UNCERTAINTY_ASSIGNED_CONTEXT((#2869)) 
GLOBAL_UNIT_ASSIGNED_CONTEXT((#2866,#2867,#2868)) REPRESENTATION_CONTEXT
('Context #1','3D Context with UNIT and UNCERTAINTY') );
#2866 = ( LENGTH_UNIT() NAMED_UNIT(*) SI_UNIT(.MILLI.,.METRE.) );
#2867 = ( NAMED_UNIT(*) PLANE_ANGLE_UNIT() SI_UNIT($,.RADIAN.) );
#2868 = ( NAMED_UNIT(*) SI_UNIT($,.STERADIAN.) SOLID_ANGLE_UNIT() );
#2869 = UNCERTAINTY_MEASURE_WITH_UNIT(LENGTH_MEASURE(1.E-07),#2866,
  'distance_accuracy_value','confusion accuracy');
#2870 = CONTEXT_DEPENDENT_SHAPE_REPRESENTATION(#2871,#2873);
#2871 = ( REPRESENTATION_RELATIONSHIP('','',#2714,#10) 
REPRESENTATION_RELATIONSHIP_WITH_TRANSFORMATION(#2872) 
SHAPE_REPRESENTATION_RELATIONSHIP() );
#2872 = ITEM_DEFINED_TRANSFORMATION('','',#11,#47);
#2873 = PRODUCT_DEFINITION_SHAPE('Placement','Placement of an item',
  #2874);
#2874 = NEXT_ASSEMBLY_USAGE_OCCURRENCE('9','Regulator','',#5,#2709,$);
#2875 = PRODUCT_RELATED_PRODUCT_CATEGORY('part',$,(#2711));
#2876 = SHAPE_DEFINITION_REPRESENTATION(#2877,#2883);
#2877 = PRODUCT_DEFINITION_SHAPE('','',#2878);
#2878 = PRODUCT_DEFINITION('design','',#2879,#2882);
#2879 = PRODUCT_DEFINITION_FORMATION('','',#2880);
#2880 = PRODUCT('Header1_Housing','Header1_Housing','',(#2881));
#2881 = PRODUCT_CONTEXT('',#2,'mechanical');
#2882 = PRODUCT_DEFINITION_CONTEXT('part definition',#2,'design');
#2883 = ADVANCED_BREP_SHAPE_REPRESENTATION('',(#11,#2884),#3034);
#2884 = MANIFOLD_SOLID_BREP('',#2885);
#2885 = CLOSED_SHELL('',(#2886,#2926,#2966,#2988,#3010,#3022));
#2886 = ADVANCED_FACE('',(#2887),#2921,.F.);
#2887 = FACE_BOUND('',#2888,.F.);
#2888 = EDGE_LOOP('',(#2889,#2899,#2907,#2915));
#2889 = ORIENTED_EDGE('',*,*,#2890,.F.);
#2890 = EDGE_CURVE('',#2891,#2893,#2895,.T.);
#2891 = VERTEX_POINT('',#2892);
#2892 = CARTESIAN_POINT('',(5.73,0.18,-2.5));
#2893 = VERTEX_POINT('',#2894);
#2894 = CARTESIAN_POINT('',(5.73,0.18,0.));
#2895 = LINE('',#2896,#2897);
#2896 = CARTESIAN_POINT('',(5.73,0.18,-2.5));
#2897 = VECTOR('',#2898,1.);
#2898 = DIRECTION('',(0.,0.,1.));
#2899 = ORIENTED_EDGE('',*,*,#2900,.T.);
#2900 = EDGE_CURVE('',#2891,#2901,#2903,.T.);
#2901 = VERTEX_POINT('',#2902);
#2902 = CARTESIAN_POINT('',(5.73,2.72,-2.5));
#2903 = LINE('',#2904,#2905);
#2904 = CARTESIAN_POINT('',(5.73,0.18,-2.5));
#2905 = VECTOR('',#2906,1.);
#2906 = DIRECTION('',(-0.,1.,0.));
#2907 = ORIENTED_EDGE('',*,*,#2908,.T.);
#2908 = EDGE_CURVE('',#2901,#2909,#2911,.T.);
#2909 = VERTEX_POINT('',#2910);
#2910 = CARTESIAN_POINT('',(5.73,2.72,0.));
#2911 = LINE('',#2912,#2913);
#2912 = CARTESIAN_POINT('',(5.73,2.72,-2.5));
#2913 = VECTOR('',#2914,1.);
#2914 = DIRECTION('',(0.,0.,1.));
#2915 = ORIENTED_EDGE('',*,*,#2916,.F.);
#2916 = EDGE_CURVE('',#2893,#2909,#2917,.T.);
#2917 = LINE('',#2918,#2919);
#2918 = CARTESIAN_POINT('',(5.73,0.18,0.));
#2919 = VECTOR('',#2920,1.);
#2920 = DIRECTION('',(-0.,1.,0.));
#2921 = PLANE('',#2922);
#2922 = AXIS2_PLACEMENT_3D('',#2923,#2924,#2925);
#2923 = CARTESIAN_POINT('',(5.73,0.18,-2.5));
#2924 = DIRECTION('',(1.,0.,-0.));
#2925 = DIRECTION('',(0.,0.,1.));
#2926 = ADVANCED_FACE('',(#2927),#2961,.T.);
#2927 = FACE_BOUND('',#2928,.T.);
#2928 = EDGE_LOOP('',(#2929,#2939,#2947,#2955));
#2929 = ORIENTED_EDGE('',*,*,#2930,.F.);
#2930 = EDGE_CURVE('',#2931,#2933,#2935,.T.);
#2931 = VERTEX_POINT('',#2932);
#2932 = CARTESIAN_POINT('',(43.83,0.18,-2.5));
#2933 = VERTEX_POINT('',#2934);
#2934 = CARTESIAN_POINT('',(43.83,0.18,0.));
#2935 = LINE('',#2936,#2937);
#2936 = CARTESIAN_POINT('',(43.83,0.18,-2.5));
#2937 = VECTOR('',#2938,1.);
#2938 = DIRECTION('',(0.,0.,1.));
#2939 = ORIENTED_EDGE('',*,*,#2940,.T.);
#2940 = EDGE_CURVE('',#2931,#2941,#2943,.T.);
#2941 = VERTEX_POINT('',#2942);
#2942 = CARTESIAN_POINT('',(43.83,2.72,-2.5));
#2943 = LINE('',#2944,#2945);
#2944 = CARTESIAN_POINT('',(43.83,0.18,-2.5));
#2945 = VECTOR('',#2946,1.);
#2946 = DIRECTION('',(-0.,1.,0.));
#2947 = ORIENTED_EDGE('',*,*,#2948,.T.);
#2948 = EDGE_CURVE('',#2941,#2949,#2951,.T.);
#2949 = VERTEX_POINT('',#2950);
#2950 = CARTESIAN_POINT('',(43.83,2.72,0.));
#2951 = LINE('',#2952,#2953);
#2952 = CARTESIAN_POINT('',(43.83,2.72,-2.5));
#2953 = VECTOR('',#2954,1.);
#2954 = DIRECTION('',(0.,0.,1.));
#2955 = ORIENTED_EDGE('',*,*,#2956,.F.);
#2956 = EDGE_CURVE('',#2933,#2949,#2957,.T.);
#2957 = LINE('',#2958,#2959);
#2958 = CARTESIAN_POINT('',(43.83,0.18,0.));
#2959 = VECTOR('',#2960,1.);
#2960 = DIRECTION('',(-0.,1.,0.));
#2961 = PLANE('',#2962);
#2962 = AXIS2_PLACEMENT_3D('',#2963,#2964,#2965);
#2963 = CARTESIAN_POINT('',(43.83,0.18,-2.5));
#2964 = DIRECTION('',(1.,0.,-0.));
#2965 = DIRECTION('',(0.,0.,1.));
#2966 = ADVANCED_FACE('',(#2967),#2983,.F.);
#2967 = FACE_BOUND('',#2968,.F.);
#2968 = EDGE_LOOP('',(#2969,#2975,#2976,#2982));
#2969 = ORIENTED_EDGE('',*,*,#2970,.F.);
#2970 = EDGE_CURVE('',#2891,#2931,#2971,.T.);
#2971 = LINE('',#2972,#2973);
#2972 = CARTESIAN_POINT('',(5.73,0.18,-2.5));
#2973 = VECTOR('',#2974,1.);
#2974 = DIRECTION('',(1.,0.,-0.));
#2975 = ORIENTED_EDGE('',*,*,#2890,.T.);
#2976 = ORIENTED_EDGE('',*,*,#2977,.T.);
#2977 = EDGE_CURVE('',#2893,#2933,#2978,.T.);
#2978 = LINE('',#2979,#2980);
#2979 = CARTESIAN_POINT('',(5.73,0.18,0.));
#2980 = VECTOR('',#2981,1.);
#2981 = DIRECTION('',(1.,0.,-0.));
#2982 = ORIENTED_EDGE('',*,*,#2930,.F.);
#2983 = PLANE('',#2984);
#2984 = AXIS2_PLACEMENT_3D('',#2985,#2986,#2987);
#2985 = CARTESIAN_POINT('',(5.73,0.18,-2.5));
#2986 = DIRECTION('',(-0.,1.,0.));
#2987 = DIRECTION('',(0.,0.,1.));
#2988 = ADVANCED_FACE('',(#2989),#3005,.T.);
#2989 = FACE_BOUND('',#2990,.T.);
#2990 = EDGE_LOOP('',(#2991,#2997,#2998,#3004));
#2991 = ORIENTED_EDGE('',*,*,#2992,.F.);
#2992 = EDGE_CURVE('',#2901,#2941,#2993,.T.);
#2993 = LINE('',#2994,#2995);
#2994 = CARTESIAN_POINT('',(5.73,2.72,-2.5));
#2995 = VECTOR('',#2996,1.);
#2996 = DIRECTION('',(1.,0.,-0.));
#2997 = ORIENTED_EDGE('',*,*,#2908,.T.);
#2998 = ORIENTED_EDGE('',*,*,#2999,.T.);
#2999 = EDGE_CURVE('',#2909,#2949,#3000,.T.);
#3000 = LINE('',#3001,#3002);
#3001 = CARTESIAN_POINT('',(5.73,2.72,0.));
#3002 = VECTOR('',#3003,1.);
#3003 = DIRECTION('',(1.,0.,-0.));
#3004 = ORIENTED_EDGE('',*,*,#2948,.F.);
#3005 = PLANE('',#3006);
#3006 = AXIS2_PLACEMENT_3D('',#3007,#3008,#3009);
#3007 = CARTESIAN_POINT('',(5.73,2.72,-2.5));
#3008 = DIRECTION('',(-0.,1.,0.));
#3009 = DIRECTION('',(0.,0.,1.));
#3010 = ADVANCED_FACE('',(#3011),#3017,.F.);
#3011 = FACE_BOUND('',#3012,.F.);
#3012 = EDGE_LOOP('',(#3013,#3014,#3015,#3016));
#3013 = ORIENTED_EDGE('',*,*,#2900,.F.);
#3014 = ORIENTED_EDGE('',*,*,#2970,.T.);
#3015 = ORIENTED_EDGE('',*,*,#2940,.T.);
#3016 = ORIENTED_EDGE('',*,*,#2992,.F.);
#3017 = PLANE('',#3018);
#3018 = AXIS2_PLACEMENT_3D('',#3019,#3020,#3021);
#3019 = CARTESIAN_POINT('',(5.73,0.18,-2.5));
#3020 = DIRECTION('',(0.,0.,1.));
#3021 = DIRECTION('',(1.,0.,-0.));
#3022 = ADVANCED_FACE('',(#3023),#3029,.T.);
#3023 = FACE_BOUND('',#3024,.T.);
#3024 = EDGE_LOOP('',(#3025,#3026,#3027,#3028));
#3025 = ORIENTED_EDGE('',*,*,#2916,.F.);
#3026 = ORIENTED_EDGE('',*,*,#2977,.T.);
#3027 = ORIENTED_EDGE('',*,*,#2956,.T.);
#3028 = ORIENTED_EDGE('',*,*,#2999,.F.);
#3029 = PLANE('',#3030);
#3030 = AXIS2_PLACEMENT_3D('',#3031,#3032,#3033);
#3031 = CARTESIAN_POINT('',(5.73,0.18,0.));
#3032 = DIRECTION('',(0.,0.,1.));
#3033 = DIRECTION('',(1.,0.,-0.));
#3034 = ( GEOMETRIC_REPRESENTATION_CONTEXT(3) 
GLOBAL_UNCERTAINTY_ASSIGNED_CONTEXT((#3038)) 
GLOBAL_UNIT_ASSIGNED_CONTEXT((#3035,#3036,#3037)) REPRESENTATION_CONTEXT
('Context #1','3D Context with UNIT and UNCERTAINTY') );
#3035 = ( LENGTH_UNIT() NAMED_UNIT(*) SI_UNIT(.MILLI.,.METRE.) );
#3036 = ( NAMED_UNIT(*) PLANE_ANGLE_UNIT() SI_UNIT($,.RADIAN.) );
#3037 = ( NAMED_UNIT(*) SI_UNIT($,.STERADIAN.) SOLID_ANGLE_UNIT() );
#3038 = UNCERTAINTY_MEASURE_WITH_UNIT(LENGTH_MEASURE(1.E-07),#3035,
  'distance_accuracy_value','confusion accuracy');
#3039 = CONTEXT_DEPENDENT_SHAPE_REPRESENTATION(#3040,#3042);
#3040 = ( REPRESENTATION_RELATIONSHIP('','',#2883,#10) 
REPRESENTATION_RELATIONSHIP_WITH_TRANSFORMATION(#3041) 
SHAPE_REPRESENTATION_RELATIONSHIP() );
#3041 = ITEM_DEFINED_TRANSFORMATION('','',#11,#51);
#3042 = PRODUCT_DEFINITION_SHAPE('Placement','Placement of an item',
  #3043);
#3043 = NEXT_ASSEMBLY_USAGE_OCCURRENCE('10','Header1_Housing','',#5,
  #2878,$);
#3044 = PRODUCT_RELATED_PRODUCT_CATEGORY('part',$,(#2880));
#3045 = SHAPE_DEFINITION_REPRESENTATION(#3046,#3052);
#3046 = PRODUCT_DEFINITION_SHAPE('','',#3047);
#3047 = PRODUCT_DEFINITION('design','',#3048,#3051);
#3048 = PRODUCT_DEFINITION_FORMATION('','',#3049);
#3049 = PRODUCT('Header1_Pin01','Header1_Pin01','',(#3050));
#3050 = PRODUCT_CONTEXT('',#2,'mechanical');
#3051 = PRODUCT_DEFINITION_CONTEXT('part definition',#2,'design');
#3052 = ADVANCED_BREP_SHAPE_REPRESENTATION('',(#11,#3053),#3203);
#3053 = MANIFOLD_SOLID_BREP('',#3054);
#3054 = CLOSED_SHELL('',(#3055,#3095,#3135,#3157,#3179,#3191));
#3055 = ADVANCED_FACE('',(#3056),#3090,.F.);
#3056 = FACE_BOUND('',#3057,.F.);
#3057 = EDGE_LOOP('',(#3058,#3068,#3076,#3084));
#3058 = ORIENTED_EDGE('',*,*,#3059,.F.);
#3059 = EDGE_CURVE('',#3060,#3062,#3064,.T.);
#3060 = VERTEX_POINT('',#3061);
#3061 = CARTESIAN_POINT('',(6.68,1.13,-8.5));
#3062 = VERTEX_POINT('',#3063);
#3063 = CARTESIAN_POINT('',(6.68,1.13,2.4));
#3064 = LINE('',#3065,#3066);
#3065 = CARTESIAN_POINT('',(6.68,1.13,-8.5));
#3066 = VECTOR('',#3067,1.);
#3067 = DIRECTION('',(0.,0.,1.));
#3068 = ORIENTED_EDGE('',*,*,#3069,.T.);
#3069 = EDGE_CURVE('',#3060,#3070,#3072,.T.);
#3070 = VERTEX_POINT('',#3071);
#3071 = CARTESIAN_POINT('',(6.68,1.77,-8.5));
#3072 = LINE('',#3073,#3074);
#3073 = CARTESIAN_POINT('',(6.68,1.13,-8.5));
#3074 = VECTOR('',#3075,1.);
#3075 = DIRECTION('',(-0.,1.,0.));
#3076 = ORIENTED_EDGE('',*,*,#3077,.T.);
#3077 = EDGE_CURVE('',#3070,#3078,#3080,.T.);
#3078 = VERTEX_POINT('',#3079);
#3079 = CARTESIAN_POINT('',(6.68,1.77,2.4));
#3080 = LINE('',#3081,#3082);
#3081 = CARTESIAN_POINT('',(6.68,1.77,-8.5));
#3082 = VECTOR('',#3083,1.);
#3083 = DIRECTION('',(0.,0.,1.));
#3084 = ORIENTED_EDGE('',*,*,#3085,.F.);
#3085 = EDGE_CURVE('',#3062,#3078,#3086,.T.);
#3086 = LINE('',#3087,#3088);
#3087 = CARTESIAN_POINT('',(6.68,1.13,2.4));
#3088 = VECTOR('',#3089,1.);
#3089 = DIRECTION('',(-0.,1.,0.));
#3090 = PLANE('',#3091);
#3091 = AXIS2_PLACEMENT_3D('',#3092,#3093,#3094);
#3092 = CARTESIAN_POINT('',(6.68,1.13,-8.5));
#3093 = DIRECTION('',(1.,0.,-0.));
#3094 = DIRECTION('',(0.,0.,1.));
#3095 = ADVANCED_FACE('',(#3096),#3130,.T.);
#3096 = FACE_BOUND('',#3097,.T.);
#3097 = EDGE_LOOP('',(#3098,#3108,#3116,#3124));
#3098 = ORIENTED_EDGE('',*,*,#3099,.F.);
#3099 = EDGE_CURVE('',#3100,#3102,#3104,.T.);
#3100 = VERTEX_POINT('',#3101);
#3101 = CARTESIAN_POINT('',(7.32,1.13,-8.5));
#3102 = VERTEX_POINT('',#3103);
#3103 = CARTESIAN_POINT('',(7.32,1.13,2.4));
#3104 = LINE('',#3105,#3106);
#3105 = CARTESIAN_POINT('',(7.32,1.13,-8.5));
#3106 = VECTOR('',#3107,1.);
#3107 = DIRECTION('',(0.,0.,1.));
#3108 = ORIENTED_EDGE('',*,*,#3109,.T.);
#3109 = EDGE_CURVE('',#3100,#3110,#3112,.T.);
#3110 = VERTEX_POINT('',#3111);
#3111 = CARTESIAN_POINT('',(7.32,1.77,-8.5));
#3112 = LINE('',#3113,#3114);
#3113 = CARTESIAN_POINT('',(7.32,1.13,-8.5));
#3114 = VECTOR('',#3115,1.);
#3115 = DIRECTION('',(-0.,1.,0.));
#3116 = ORIENTED_EDGE('',*,*,#3117,.T.);
#3117 = EDGE_CURVE('',#3110,#3118,#3120,.T.);
#3118 = VERTEX_POINT('',#3119);
#3119 = CARTESIAN_POINT('',(7.32,1.77,2.4));
#3120 = LINE('',#3121,#3122);
#3121 = CARTESIAN_POINT('',(7.32,1.77,-8.5));
#3122 = VECTOR('',#3123,1.);
#3123 = DIRECTION('',(0.,0.,1.));
#3124 = ORIENTED_EDGE('',*,*,#3125,.F.);
#3125 = EDGE_CURVE('',#3102,#3118,#3126,.T.);
#3126 = LINE('',#3127,#3128);
#3127 = CARTESIAN_POINT('',(7.32,1.13,2.4));
#3128 = VECTOR('',#3129,1.);
#3129 = DIRECTION('',(-0.,1.,0.));
#3130 = PLANE('',#3131);
#3131 = AXIS2_PLACEMENT_3D('',#3132,#3133,#3134);
#3132 = CARTESIAN_POINT('',(7.32,1.13,-8.5));
#3133 = DIRECTION('',(1.,0.,-0.));
#3134 = DIRECTION('',(0.,0.,1.));
#3135 = ADVANCED_FACE('',(#3136),#3152,.F.);
#3136 = FACE_BOUND('',#3137,.F.);
#3137 = EDGE_LOOP('',(#3138,#3144,#3145,#3151));
#3138 = ORIENTED_EDGE('',*,*,#3139,.F.);
#3139 = EDGE_CURVE('',#3060,#3100,#3140,.T.);
#3140 = LINE('',#3141,#3142);
#3141 = CARTESIAN_POINT('',(6.68,1.13,-8.5));
#3142 = VECTOR('',#3143,1.);
#3143 = DIRECTION('',(1.,0.,-0.));
#3144 = ORIENTED_EDGE('',*,*,#3059,.T.);
#3145 = ORIENTED_EDGE('',*,*,#3146,.T.);
#3146 = EDGE_CURVE('',#3062,#3102,#3147,.T.);
#3147 = LINE('',#3148,#3149);
#3148 = CARTESIAN_POINT('',(6.68,1.13,2.4));
#3149 = VECTOR('',#3150,1.);
#3150 = DIRECTION('',(1.,0.,-0.));
#3151 = ORIENTED_EDGE('',*,*,#3099,.F.);
#3152 = PLANE('',#3153);
#3153 = AXIS2_PLACEMENT_3D('',#3154,#3155,#3156);
#3154 = CARTESIAN_POINT('',(6.68,1.13,-8.5));
#3155 = DIRECTION('',(-0.,1.,0.));
#3156 = DIRECTION('',(0.,0.,1.));
#3157 = ADVANCED_FACE('',(#3158),#3174,.T.);
#3158 = FACE_BOUND('',#3159,.T.);
#3159 = EDGE_LOOP('',(#3160,#3166,#3167,#3173));
#3160 = ORIENTED_EDGE('',*,*,#3161,.F.);
#3161 = EDGE_CURVE('',#3070,#3110,#3162,.T.);
#3162 = LINE('',#3163,#3164);
#3163 = CARTESIAN_POINT('',(6.68,1.77,-8.5));
#3164 = VECTOR('',#3165,1.);
#3165 = DIRECTION('',(1.,0.,-0.));
#3166 = ORIENTED_EDGE('',*,*,#3077,.T.);
#3167 = ORIENTED_EDGE('',*,*,#3168,.T.);
#3168 = EDGE_CURVE('',#3078,#3118,#3169,.T.);
#3169 = LINE('',#3170,#3171);
#3170 = CARTESIAN_POINT('',(6.68,1.77,2.4));
#3171 = VECTOR('',#3172,1.);
#3172 = DIRECTION('',(1.,0.,-0.));
#3173 = ORIENTED_EDGE('',*,*,#3117,.F.);
#3174 = PLANE('',#3175);
#3175 = AXIS2_PLACEMENT_3D('',#3176,#3177,#3178);
#3176 = CARTESIAN_POINT('',(6.68,1.77,-8.5));
#3177 = DIRECTION('',(-0.,1.,0.));
#3178 = DIRECTION('',(0.,0.,1.));
#3179 = ADVANCED_FACE('',(#3180),#3186,.F.);
#3180 = FACE_BOUND('',#3181,.F.);
#3181 = EDGE_LOOP('',(#3182,#3183,#3184,#3185));
#3182 = ORIENTED_EDGE('',*,*,#3069,.F.);
#3183 = ORIENTED_EDGE('',*,*,#3139,.T.);
#3184 = ORIENTED_EDGE('',*,*,#3109,.T.);
#3185 = ORIENTED_EDGE('',*,*,#3161,.F.);
#3186 = PLANE('',#3187);
#3187 = AXIS2_PLACEMENT_3D('',#3188,#3189,#3190);
#3188 = CARTESIAN_POINT('',(6.68,1.13,-8.5));
#3189 = DIRECTION('',(0.,0.,1.));
#3190 = DIRECTION('',(1.,0.,-0.));
#3191 = ADVANCED_FACE('',(#3192),#3198,.T.);
#3192 = FACE_BOUND('',#3193,.T.);
#3193 = EDGE_LOOP('',(#3194,#3195,#3196,#3197));
#3194 = ORIENTED_EDGE('',*,*,#3085,.F.);
#3195 = ORIENTED_EDGE('',*,*,#3146,.T.);
#3196 = ORIENTED_EDGE('',*,*,#3125,.T.);
#3197 = ORIENTED_EDGE('',*,*,#3168,.F.);
#3198 = PLANE('',#3199);
#3199 = AXIS2_PLACEMENT_3D('',#3200,#3201,#3202);
#3200 = CARTESIAN_POINT('',(6.68,1.13,2.4));
#3201 = DIRECTION('',(0.,0.,1.));
#3202 = DIRECTION('',(1.,0.,-0.));
#3203 = ( GEOMETRIC_REPRESENTATION_CONTEXT(3) 
GLOBAL_UNCERTAINTY_ASSIGNED_CONTEXT((#3207)) 
GLOBAL_UNIT_ASSIGNED_CONTEXT((#3204,#3205,#3206)) REPRESENTATION_CONTEXT
('Context #1','3D Context with UNIT and UNCERTAINTY') );
#3204 = ( LENGTH_UNIT() NAMED_UNIT(*) SI_UNIT(.MILLI.,.METRE.) );
#3205 = ( NAMED_UNIT(*) PLANE_ANGLE_UNIT() SI_UNIT($,.RADIAN.) );
#3206 = ( NAMED_UNIT(*) SI_UNIT($,.STERADIAN.) SOLID_ANGLE_UNIT() );
#3207 = UNCERTAINTY_MEASURE_WITH_UNIT(LENGTH_MEASURE(1.E-07),#3204,
  'distance_accuracy_value','confusion accuracy');
#3208 = CONTEXT_DEPENDENT_SHAPE_REPRESENTATION(#3209,#3211);
#3209 = ( REPRESENTATION_RELATIONSHIP('','',#3052,#10) 
REPRESENTATION_RELATIONSHIP_WITH_TRANSFORMATION(#3210) 
SHAPE_REPRESENTATION_RELATIONSHIP() );
#3210 = ITEM_DEFINED_TRANSFORMATION('','',#11,#55);
#3211 = PRODUCT_DEFINITION_SHAPE('Placement','Placement of an item',
  #3212);
#3212 = NEXT_ASSEMBLY_USAGE_OCCURRENCE('11','Header1_Pin01','',#5,#3047,
  $);
#3213 = PRODUCT_RELATED_PRODUCT_CATEGORY('part',$,(#3049));
#3214 = SHAPE_DEFINITION_REPRESENTATION(#3215,#3221);
#3215 = PRODUCT_DEFINITION_SHAPE('','',#3216);
#3216 = PRODUCT_DEFINITION('design','',#3217,#3220);
#3217 = PRODUCT_DEFINITION_FORMATION('','',#3218);
#3218 = PRODUCT('Header1_Pin02','Header1_Pin02','',(#3219));
#3219 = PRODUCT_CONTEXT('',#2,'mechanical');
#3220 = PRODUCT_DEFINITION_CONTEXT('part definition',#2,'design');
#3221 = ADVANCED_BREP_SHAPE_REPRESENTATION('',(#11,#3222),#3372);
#3222 = MANIFOLD_SOLID_BREP('',#3223);
#3223 = CLOSED_SHELL('',(#3224,#3264,#3304,#3326,#3348,#3360));
#3224 = ADVANCED_FACE('',(#3225),#3259,.F.);
#3225 = FACE_BOUND('',#3226,.F.);
#3226 = EDGE_LOOP('',(#3227,#3237,#3245,#3253));
#3227 = ORIENTED_EDGE('',*,*,#3228,.F.);
#3228 = EDGE_CURVE('',#3229,#3231,#3233,.T.);
#3229 = VERTEX_POINT('',#3230);
#3230 = CARTESIAN_POINT('',(9.22,1.13,-8.5));
#3231 = VERTEX_POINT('',#3232);
#3232 = CARTESIAN_POINT('',(9.22,1.13,2.4));
#3233 = LINE('',#3234,#3235);
#3234 = CARTESIAN_POINT('',(9.22,1.13,-8.5));
#3235 = VECTOR('',#3236,1.);
#3236 = DIRECTION('',(0.,0.,1.));
#3237 = ORIENTED_EDGE('',*,*,#3238,.T.);
#3238 = EDGE_CURVE('',#3229,#3239,#3241,.T.);
#3239 = VERTEX_POINT('',#3240);
#3240 = CARTESIAN_POINT('',(9.22,1.77,-8.5));
#3241 = LINE('',#3242,#3243);
#3242 = CARTESIAN_POINT('',(9.22,1.13,-8.5));
#3243 = VECTOR('',#3244,1.);
#3244 = DIRECTION('',(-0.,1.,0.));
#3245 = ORIENTED_EDGE('',*,*,#3246,.T.);
#3246 = EDGE_CURVE('',#3239,#3247,#3249,.T.);
#3247 = VERTEX_POINT('',#3248);
#3248 = CARTESIAN_POINT('',(9.22,1.77,2.4));
#3249 = LINE('',#3250,#3251);
#3250 = CARTESIAN_POINT('',(9.22,1.77,-8.5));
#3251 = VECTOR('',#3252,1.);
#3252 = DIRECTION('',(0.,0.,1.));
#3253 = ORIENTED_EDGE('',*,*,#3254,.F.);
#3254 = EDGE_CURVE('',#3231,#3247,#3255,.T.);
#3255 = LINE('',#3256,#3257);
#3256 = CARTESIAN_POINT('',(9.22,1.13,2.4));
#3257 = VECTOR('',#3258,1.);
#3258 = DIRECTION('',(-0.,1.,0.));
#3259 = PLANE('',#3260);
#3260 = AXIS2_PLACEMENT_3D('',#3261,#3262,#3263);
#3261 = CARTESIAN_POINT('',(9.22,1.13,-8.5));
#3262 = DIRECTION('',(1.,0.,-0.));
#3263 = DIRECTION('',(0.,0.,1.));
#3264 = ADVANCED_FACE('',(#3265),#3299,.T.);
#3265 = FACE_BOUND('',#3266,.T.);
#3266 = EDGE_LOOP('',(#3267,#3277,#3285,#3293));
#3267 = ORIENTED_EDGE('',*,*,#3268,.F.);
#3268 = EDGE_CURVE('',#3269,#3271,#3273,.T.);
#3269 = VERTEX_POINT('',#3270);
#3270 = CARTESIAN_POINT('',(9.86,1.13,-8.5));
#3271 = VERTEX_POINT('',#3272);
#3272 = CARTESIAN_POINT('',(9.86,1.13,2.4));
#3273 = LINE('',#3274,#3275);
#3274 = CARTESIAN_POINT('',(9.86,1.13,-8.5));
#3275 = VECTOR('',#3276,1.);
#3276 = DIRECTION('',(0.,0.,1.));
#3277 = ORIENTED_EDGE('',*,*,#3278,.T.);
#3278 = EDGE_CURVE('',#3269,#3279,#3281,.T.);
#3279 = VERTEX_POINT('',#3280);
#3280 = CARTESIAN_POINT('',(9.86,1.77,-8.5));
#3281 = LINE('',#3282,#3283);
#3282 = CARTESIAN_POINT('',(9.86,1.13,-8.5));
#3283 = VECTOR('',#3284,1.);
#3284 = DIRECTION('',(-0.,1.,0.));
#3285 = ORIENTED_EDGE('',*,*,#3286,.T.);
#3286 = EDGE_CURVE('',#3279,#3287,#3289,.T.);
#3287 = VERTEX_POINT('',#3288);
#3288 = CARTESIAN_POINT('',(9.86,1.77,2.4));
#3289 = LINE('',#3290,#3291);
#3290 = CARTESIAN_POINT('',(9.86,1.77,-8.5));
#3291 = VECTOR('',#3292,1.);
#3292 = DIRECTION('',(0.,0.,1.));
#3293 = ORIENTED_EDGE('',*,*,#3294,.F.);
#3294 = EDGE_CURVE('',#3271,#3287,#3295,.T.);
#3295 = LINE('',#3296,#3297);
#3296 = CARTESIAN_POINT('',(9.86,1.13,2.4));
#3297 = VECTOR('',#3298,1.);
#3298 = DIRECTION('',(-0.,1.,0.));
#3299 = PLANE('',#3300);
#3300 = AXIS2_PLACEMENT_3D('',#3301,#3302,#3303);
#3301 = CARTESIAN_POINT('',(9.86,1.13,-8.5));
#3302 = DIRECTION('',(1.,0.,-0.));
#3303 = DIRECTION('',(0.,0.,1.));
#3304 = ADVANCED_FACE('',(#3305),#3321,.F.);
#3305 = FACE_BOUND('',#3306,.F.);
#3306 = EDGE_LOOP('',(#3307,#3313,#3314,#3320));
#3307 = ORIENTED_EDGE('',*,*,#3308,.F.);
#3308 = EDGE_CURVE('',#3229,#3269,#3309,.T.);
#3309 = LINE('',#3310,#3311);
#3310 = CARTESIAN_POINT('',(9.22,1.13,-8.5));
#3311 = VECTOR('',#3312,1.);
#3312 = DIRECTION('',(1.,0.,-0.));
#3313 = ORIENTED_EDGE('',*,*,#3228,.T.);
#3314 = ORIENTED_EDGE('',*,*,#3315,.T.);
#3315 = EDGE_CURVE('',#3231,#3271,#3316,.T.);
#3316 = LINE('',#3317,#3318);
#3317 = CARTESIAN_POINT('',(9.22,1.13,2.4));
#3318 = VECTOR('',#3319,1.);
#3319 = DIRECTION('',(1.,0.,-0.));
#3320 = ORIENTED_EDGE('',*,*,#3268,.F.);
#3321 = PLANE('',#3322);
#3322 = AXIS2_PLACEMENT_3D('',#3323,#3324,#3325);
#3323 = CARTESIAN_POINT('',(9.22,1.13,-8.5));
#3324 = DIRECTION('',(-0.,1.,0.));
#3325 = DIRECTION('',(0.,0.,1.));
#3326 = ADVANCED_FACE('',(#3327),#3343,.T.);
#3327 = FACE_BOUND('',#3328,.T.);
#3328 = EDGE_LOOP('',(#3329,#3335,#3336,#3342));
#3329 = ORIENTED_EDGE('',*,*,#3330,.F.);
#3330 = EDGE_CURVE('',#3239,#3279,#3331,.T.);
#3331 = LINE('',#3332,#3333);
#3332 = CARTESIAN_POINT('',(9.22,1.77,-8.5));
#3333 = VECTOR('',#3334,1.);
#3334 = DIRECTION('',(1.,0.,-0.));
#3335 = ORIENTED_EDGE('',*,*,#3246,.T.);
#3336 = ORIENTED_EDGE('',*,*,#3337,.T.);
#3337 = EDGE_CURVE('',#3247,#3287,#3338,.T.);
#3338 = LINE('',#3339,#3340);
#3339 = CARTESIAN_POINT('',(9.22,1.77,2.4));
#3340 = VECTOR('',#3341,1.);
#3341 = DIRECTION('',(1.,0.,-0.));
#3342 = ORIENTED_EDGE('',*,*,#3286,.F.);
#3343 = PLANE('',#3344);
#3344 = AXIS2_PLACEMENT_3D('',#3345,#3346,#3347);
#3345 = CARTESIAN_POINT('',(9.22,1.77,-8.5));
#3346 = DIRECTION('',(-0.,1.,0.));
#3347 = DIRECTION('',(0.,0.,1.));
#3348 = ADVANCED_FACE('',(#3349),#3355,.F.);
#3349 = FACE_BOUND('',#3350,.F.);
#3350 = EDGE_LOOP('',(#3351,#3352,#3353,#3354));
#3351 = ORIENTED_EDGE('',*,*,#3238,.F.);
#3352 = ORIENTED_EDGE('',*,*,#3308,.T.);
#3353 = ORIENTED_EDGE('',*,*,#3278,.T.);
#3354 = ORIENTED_EDGE('',*,*,#3330,.F.);
#3355 = PLANE('',#3356);
#3356 = AXIS2_PLACEMENT_3D('',#3357,#3358,#3359);
#3357 = CARTESIAN_POINT('',(9.22,1.13,-8.5));
#3358 = DIRECTION('',(0.,0.,1.));
#3359 = DIRECTION('',(1.,0.,-0.));
#3360 = ADVANCED_FACE('',(#3361),#3367,.T.);
#3361 = FACE_BOUND('',#3362,.T.);
#3362 = EDGE_LOOP('',(#3363,#3364,#3365,#3366));
#3363 = ORIENTED_EDGE('',*,*,#3254,.F.);
#3364 = ORIENTED_EDGE('',*,*,#3315,.T.);
#3365 = ORIENTED_EDGE('',*,*,#3294,.T.);
#3366 = ORIENTED_EDGE('',*,*,#3337,.F.);
#3367 = PLANE('',#3368);
#3368 = AXIS2_PLACEMENT_3D('',#3369,#3370,#3371);
#3369 = CARTESIAN_POINT('',(9.22,1.13,2.4));
#3370 = DIRECTION('',(0.,0.,1.));
#3371 = DIRECTION('',(1.,0.,-0.));
#3372 = ( GEOMETRIC_REPRESENTATION_CONTEXT(3) 
GLOBAL_UNCERTAINTY_ASSIGNED_CONTEXT((#3376)) 
GLOBAL_UNIT_ASSIGNED_CONTEXT((#3373,#3374,#3375)) REPRESENTATION_CONTEXT
('Context #1','3D Context with UNIT and UNCERTAINTY') );
#3373 = ( LENGTH_UNIT() NAMED_UNIT(*) SI_UNIT(.MILLI.,.METRE.) );
#3374 = ( NAMED_UNIT(*) PLANE_ANGLE_UNIT() SI_UNIT($,.RADIAN.) );
#3375 = ( NAMED_UNIT(*) SI_UNIT($,.STERADIAN.) SOLID_ANGLE_UNIT() );
#3376 = UNCERTAINTY_MEASURE_WITH_UNIT(LENGTH_MEASURE(1.E-07),#3373,
  'distance_accuracy_value','confusion accuracy');
#3377 = CONTEXT_DEPENDENT_SHAPE_REPRESENTATION(#3378,#3380);
#3378 = ( REPRESENTATION_RELATIONSHIP('','',#3221,#10) 
REPRESENTATION_RELATIONSHIP_WITH_TRANSFORMATION(#3379) 
SHAPE_REPRESENTATION_RELATIONSHIP() );
#3379 = ITEM_DEFINED_TRANSFORMATION('','',#11,#59);
#3380 = PRODUCT_DEFINITION_SHAPE('Placement','Placement of an item',
  #3381);
#3381 = NEXT_ASSEMBLY_USAGE_OCCURRENCE('12','Header1_Pin02','',#5,#3216,
  $);
#3382 = PRODUCT_RELATED_PRODUCT_CATEGORY('part',$,(#3218));
#3383 = SHAPE_DEFINITION_REPRESENTATION(#3384,#3390);
#3384 = PRODUCT_DEFINITION_SHAPE('','',#3385);
#3385 = PRODUCT_DEFINITION('design','',#3386,#3389);
#3386 = PRODUCT_DEFINITION_FORMATION('','',#3387);
#3387 = PRODUCT('Header1_Pin03','Header1_Pin03','',(#3388));
#3388 = PRODUCT_CONTEXT('',#2,'mechanical');
#3389 = PRODUCT_DEFINITION_CONTEXT('part definition',#2,'design');
#3390 = ADVANCED_BREP_SHAPE_REPRESENTATION('',(#11,#3391),#3541);
#3391 = MANIFOLD_SOLID_BREP('',#3392);
#3392 = CLOSED_SHELL('',(#3393,#3433,#3473,#3495,#3517,#3529));
#3393 = ADVANCED_FACE('',(#3394),#3428,.F.);
#3394 = FACE_BOUND('',#3395,.F.);
#3395 = EDGE_LOOP('',(#3396,#3406,#3414,#3422));
#3396 = ORIENTED_EDGE('',*,*,#3397,.F.);
#3397 = EDGE_CURVE('',#3398,#3400,#3402,.T.);
#3398 = VERTEX_POINT('',#3399);
#3399 = CARTESIAN_POINT('',(11.76,1.13,-8.5));
#3400 = VERTEX_POINT('',#3401);
#3401 = CARTESIAN_POINT('',(11.76,1.13,2.4));
#3402 = LINE('',#3403,#3404);
#3403 = CARTESIAN_POINT('',(11.76,1.13,-8.5));
#3404 = VECTOR('',#3405,1.);
#3405 = DIRECTION('',(0.,0.,1.));
#3406 = ORIENTED_EDGE('',*,*,#3407,.T.);
#3407 = EDGE_CURVE('',#3398,#3408,#3410,.T.);
#3408 = VERTEX_POINT('',#3409);
#3409 = CARTESIAN_POINT('',(11.76,1.77,-8.5));
#3410 = LINE('',#3411,#3412);
#3411 = CARTESIAN_POINT('',(11.76,1.13,-8.5));
#3412 = VECTOR('',#3413,1.);
#3413 = DIRECTION('',(-0.,1.,0.));
#3414 = ORIENTED_EDGE('',*,*,#3415,.T.);
#3415 = EDGE_CURVE('',#3408,#3416,#3418,.T.);
#3416 = VERTEX_POINT('',#3417);
#3417 = CARTESIAN_POINT('',(11.76,1.77,2.4));
#3418 = LINE('',#3419,#3420);
#3419 = CARTESIAN_POINT('',(11.76,1.77,-8.5));
#3420 = VECTOR('',#3421,1.);
#3421 = DIRECTION('',(0.,0.,1.));
#3422 = ORIENTED_EDGE('',*,*,#3423,.F.);
#3423 = EDGE_CURVE('',#3400,#3416,#3424,.T.);
#3424 = LINE('',#3425,#3426);
#3425 = CARTESIAN_POINT('',(11.76,1.13,2.4));
#3426 = VECTOR('',#3427,1.);
#3427 = DIRECTION('',(-0.,1.,0.));
#3428 = PLANE('',#3429);
#3429 = AXIS2_PLACEMENT_3D('',#3430,#3431,#3432);
#3430 = CARTESIAN_POINT('',(11.76,1.13,-8.5));
#3431 = DIRECTION('',(1.,0.,-0.));
#3432 = DIRECTION('',(0.,0.,1.));
#3433 = ADVANCED_FACE('',(#3434),#3468,.T.);
#3434 = FACE_BOUND('',#3435,.T.);
#3435 = EDGE_LOOP('',(#3436,#3446,#3454,#3462));
#3436 = ORIENTED_EDGE('',*,*,#3437,.F.);
#3437 = EDGE_CURVE('',#3438,#3440,#3442,.T.);
#3438 = VERTEX_POINT('',#3439);
#3439 = CARTESIAN_POINT('',(12.4,1.13,-8.5));
#3440 = VERTEX_POINT('',#3441);
#3441 = CARTESIAN_POINT('',(12.4,1.13,2.4));
#3442 = LINE('',#3443,#3444);
#3443 = CARTESIAN_POINT('',(12.4,1.13,-8.5));
#3444 = VECTOR('',#3445,1.);
#3445 = DIRECTION('',(0.,0.,1.));
#3446 = ORIENTED_EDGE('',*,*,#3447,.T.);
#3447 = EDGE_CURVE('',#3438,#3448,#3450,.T.);
#3448 = VERTEX_POINT('',#3449);
#3449 = CARTESIAN_POINT('',(12.4,1.77,-8.5));
#3450 = LINE('',#3451,#3452);
#3451 = CARTESIAN_POINT('',(12.4,1.13,-8.5));
#3452 = VECTOR('',#3453,1.);
#3453 = DIRECTION('',(-0.,1.,0.));
#3454 = ORIENTED_EDGE('',*,*,#3455,.T.);
#3455 = EDGE_CURVE('',#3448,#3456,#3458,.T.);
#3456 = VERTEX_POINT('',#3457);
#3457 = CARTESIAN_POINT('',(12.4,1.77,2.4));
#3458 = LINE('',#3459,#3460);
#3459 = CARTESIAN_POINT('',(12.4,1.77,-8.5));
#3460 = VECTOR('',#3461,1.);
#3461 = DIRECTION('',(0.,0.,1.));
#3462 = ORIENTED_EDGE('',*,*,#3463,.F.);
#3463 = EDGE_CURVE('',#3440,#3456,#3464,.T.);
#3464 = LINE('',#3465,#3466);
#3465 = CARTESIAN_POINT('',(12.4,1.13,2.4));
#3466 = VECTOR('',#3467,1.);
#3467 = DIRECTION('',(-0.,1.,0.));
#3468 = PLANE('',#3469);
#3469 = AXIS2_PLACEMENT_3D('',#3470,#3471,#3472);
#3470 = CARTESIAN_POINT('',(12.4,1.13,-8.5));
#3471 = DIRECTION('',(1.,0.,-0.));
#3472 = DIRECTION('',(0.,0.,1.));
#3473 = ADVANCED_FACE('',(#3474),#3490,.F.);
#3474 = FACE_BOUND('',#3475,.F.);
#3475 = EDGE_LOOP('',(#3476,#3482,#3483,#3489));
#3476 = ORIENTED_EDGE('',*,*,#3477,.F.);
#3477 = EDGE_CURVE('',#3398,#3438,#3478,.T.);
#3478 = LINE('',#3479,#3480);
#3479 = CARTESIAN_POINT('',(11.76,1.13,-8.5));
#3480 = VECTOR('',#3481,1.);
#3481 = DIRECTION('',(1.,0.,-0.));
#3482 = ORIENTED_EDGE('',*,*,#3397,.T.);
#3483 = ORIENTED_EDGE('',*,*,#3484,.T.);
#3484 = EDGE_CURVE('',#3400,#3440,#3485,.T.);
#3485 = LINE('',#3486,#3487);
#3486 = CARTESIAN_POINT('',(11.76,1.13,2.4));
#3487 = VECTOR('',#3488,1.);
#3488 = DIRECTION('',(1.,0.,-0.));
#3489 = ORIENTED_EDGE('',*,*,#3437,.F.);
#3490 = PLANE('',#3491);
#3491 = AXIS2_PLACEMENT_3D('',#3492,#3493,#3494);
#3492 = CARTESIAN_POINT('',(11.76,1.13,-8.5));
#3493 = DIRECTION('',(-0.,1.,0.));
#3494 = DIRECTION('',(0.,0.,1.));
#3495 = ADVANCED_FACE('',(#3496),#3512,.T.);
#3496 = FACE_BOUND('',#3497,.T.);
#3497 = EDGE_LOOP('',(#3498,#3504,#3505,#3511));
#3498 = ORIENTED_EDGE('',*,*,#3499,.F.);
#3499 = EDGE_CURVE('',#3408,#3448,#3500,.T.);
#3500 = LINE('',#3501,#3502);
#3501 = CARTESIAN_POINT('',(11.76,1.77,-8.5));
#3502 = VECTOR('',#3503,1.);
#3503 = DIRECTION('',(1.,0.,-0.));
#3504 = ORIENTED_EDGE('',*,*,#3415,.T.);
#3505 = ORIENTED_EDGE('',*,*,#3506,.T.);
#3506 = EDGE_CURVE('',#3416,#3456,#3507,.T.);
#3507 = LINE('',#3508,#3509);
#3508 = CARTESIAN_POINT('',(11.76,1.77,2.4));
#3509 = VECTOR('',#3510,1.);
#3510 = DIRECTION('',(1.,0.,-0.));
#3511 = ORIENTED_EDGE('',*,*,#3455,.F.);
#3512 = PLANE('',#3513);
#3513 = AXIS2_PLACEMENT_3D('',#3514,#3515,#3516);
#3514 = CARTESIAN_POINT('',(11.76,1.77,-8.5));
#3515 = DIRECTION('',(-0.,1.,0.));
#3516 = DIRECTION('',(0.,0.,1.));
#3517 = ADVANCED_FACE('',(#3518),#3524,.F.);
#3518 = FACE_BOUND('',#3519,.F.);
#3519 = EDGE_LOOP('',(#3520,#3521,#3522,#3523));
#3520 = ORIENTED_EDGE('',*,*,#3407,.F.);
#3521 = ORIENTED_EDGE('',*,*,#3477,.T.);
#3522 = ORIENTED_EDGE('',*,*,#3447,.T.);
#3523 = ORIENTED_EDGE('',*,*,#3499,.F.);
#3524 = PLANE('',#3525);
#3525 = AXIS2_PLACEMENT_3D('',#3526,#3527,#3528);
#3526 = CARTESIAN_POINT('',(11.76,1.13,-8.5));
#3527 = DIRECTION('',(0.,0.,1.));
#3528 = DIRECTION('',(1.,0.,-0.));
#3529 = ADVANCED_FACE('',(#3530),#3536,.T.);
#3530 = FACE_BOUND('',#3531,.T.);
#3531 = EDGE_LOOP('',(#3532,#3533,#3534,#3535));
#3532 = ORIENTED_EDGE('',*,*,#3423,.F.);
#3533 = ORIENTED_EDGE('',*,*,#3484,.T.);
#3534 = ORIENTED_EDGE('',*,*,#3463,.T.);
#3535 = ORIENTED_EDGE('',*,*,#3506,.F.);
#3536 = PLANE('',#3537);
#3537 = AXIS2_PLACEMENT_3D('',#3538,#3539,#3540);
#3538 = CARTESIAN_POINT('',(11.76,1.13,2.4));
#3539 = DIRECTION('',(0.,0.,1.));
#3540 = DIRECTION('',(1.,0.,-0.));
#3541 = ( GEOMETRIC_REPRESENTATION_CONTEXT(3) 
GLOBAL_UNCERTAINTY_ASSIGNED_CONTEXT((#3545)) 
GLOBAL_UNIT_ASSIGNED_CONTEXT((#3542,#3543,#3544)) REPRESENTATION_CONTEXT
('Context #1','3D Context with UNIT and UNCERTAINTY') );
#3542 = ( LENGTH_UNIT() NAMED_UNIT(*) SI_UNIT(.MILLI.,.METRE.) );
#3543 = ( NAMED_UNIT(*) PLANE_ANGLE_UNIT() SI_UNIT($,.RADIAN.) );
#3544 = ( NAMED_UNIT(*) SI_UNIT($,.STERADIAN.) SOLID_ANGLE_UNIT() );
#3545 = UNCERTAINTY_MEASURE_WITH_UNIT(LENGTH_MEASURE(1.E-07),#3542,
  'distance_accuracy_value','confusion accuracy');
#3546 = CONTEXT_DEPENDENT_SHAPE_REPRESENTATION(#3547,#3549);
#3547 = ( REPRESENTATION_RELATIONSHIP('','',#3390,#10) 
REPRESENTATION_RELATIONSHIP_WITH_TRANSFORMATION(#3548) 
SHAPE_REPRESENTATION_RELATIONSHIP() );
#3548 = ITEM_DEFINED_TRANSFORMATION('','',#11,#63);
#3549 = PRODUCT_DEFINITION_SHAPE('Placement','Placement of an item',
  #3550);
#3550 = NEXT_ASSEMBLY_USAGE_OCCURRENCE('13','Header1_Pin03','',#5,#3385,
  $);
#3551 = PRODUCT_RELATED_PRODUCT_CATEGORY('part',$,(#3387));
#3552 = SHAPE_DEFINITION_REPRESENTATION(#3553,#3559);
#3553 = PRODUCT_DEFINITION_SHAPE('','',#3554);
#3554 = PRODUCT_DEFINITION('design','',#3555,#3558);
#3555 = PRODUCT_DEFINITION_FORMATION('','',#3556);
#3556 = PRODUCT('Header1_Pin04','Header1_Pin04','',(#3557));
#3557 = PRODUCT_CONTEXT('',#2,'mechanical');
#3558 = PRODUCT_DEFINITION_CONTEXT('part definition',#2,'design');
#3559 = ADVANCED_BREP_SHAPE_REPRESENTATION('',(#11,#3560),#3710);
#3560 = MANIFOLD_SOLID_BREP('',#3561);
#3561 = CLOSED_SHELL('',(#3562,#3602,#3642,#3664,#3686,#3698));
#3562 = ADVANCED_FACE('',(#3563),#3597,.F.);
#3563 = FACE_BOUND('',#3564,.F.);
#3564 = EDGE_LOOP('',(#3565,#3575,#3583,#3591));
#3565 = ORIENTED_EDGE('',*,*,#3566,.F.);
#3566 = EDGE_CURVE('',#3567,#3569,#3571,.T.);
#3567 = VERTEX_POINT('',#3568);
#3568 = CARTESIAN_POINT('',(14.3,1.13,-8.5));
#3569 = VERTEX_POINT('',#3570);
#3570 = CARTESIAN_POINT('',(14.3,1.13,2.4));
#3571 = LINE('',#3572,#3573);
#3572 = CARTESIAN_POINT('',(14.3,1.13,-8.5));
#3573 = VECTOR('',#3574,1.);
#3574 = DIRECTION('',(0.,0.,1.));
#3575 = ORIENTED_EDGE('',*,*,#3576,.T.);
#3576 = EDGE_CURVE('',#3567,#3577,#3579,.T.);
#3577 = VERTEX_POINT('',#3578);
#3578 = CARTESIAN_POINT('',(14.3,1.77,-8.5));
#3579 = LINE('',#3580,#3581);
#3580 = CARTESIAN_POINT('',(14.3,1.13,-8.5));
#3581 = VECTOR('',#3582,1.);
#3582 = DIRECTION('',(-0.,1.,0.));
#3583 = ORIENTED_EDGE('',*,*,#3584,.T.);
#3584 = EDGE_CURVE('',#3577,#3585,#3587,.T.);
#3585 = VERTEX_POINT('',#3586);
#3586 = CARTESIAN_POINT('',(14.3,1.77,2.4));
#3587 = LINE('',#3588,#3589);
#3588 = CARTESIAN_POINT('',(14.3,1.77,-8.5));
#3589 = VECTOR('',#3590,1.);
#3590 = DIRECTION('',(0.,0.,1.));
#3591 = ORIENTED_EDGE('',*,*,#3592,.F.);
#3592 = EDGE_CURVE('',#3569,#3585,#3593,.T.);
#3593 = LINE('',#3594,#3595);
#3594 = CARTESIAN_POINT('',(14.3,1.13,2.4));
#3595 = VECTOR('',#3596,1.);
#3596 = DIRECTION('',(-0.,1.,0.));
#3597 = PLANE('',#3598);
#3598 = AXIS2_PLACEMENT_3D('',#3599,#3600,#3601);
#3599 = CARTESIAN_POINT('',(14.3,1.13,-8.5));
#3600 = DIRECTION('',(1.,0.,-0.));
#3601 = DIRECTION('',(0.,0.,1.));
#3602 = ADVANCED_FACE('',(#3603),#3637,.T.);
#3603 = FACE_BOUND('',#3604,.T.);
#3604 = EDGE_LOOP('',(#3605,#3615,#3623,#3631));
#3605 = ORIENTED_EDGE('',*,*,#3606,.F.);
#3606 = EDGE_CURVE('',#3607,#3609,#3611,.T.);
#3607 = VERTEX_POINT('',#3608);
#3608 = CARTESIAN_POINT('',(14.94,1.13,-8.5));
#3609 = VERTEX_POINT('',#3610);
#3610 = CARTESIAN_POINT('',(14.94,1.13,2.4));
#3611 = LINE('',#3612,#3613);
#3612 = CARTESIAN_POINT('',(14.94,1.13,-8.5));
#3613 = VECTOR('',#3614,1.);
#3614 = DIRECTION('',(0.,0.,1.));
#3615 = ORIENTED_EDGE('',*,*,#3616,.T.);
#3616 = EDGE_CURVE('',#3607,#3617,#3619,.T.);
#3617 = VERTEX_POINT('',#3618);
#3618 = CARTESIAN_POINT('',(14.94,1.77,-8.5));
#3619 = LINE('',#3620,#3621);
#3620 = CARTESIAN_POINT('',(14.94,1.13,-8.5));
#3621 = VECTOR('',#3622,1.);
#3622 = DIRECTION('',(-0.,1.,0.));
#3623 = ORIENTED_EDGE('',*,*,#3624,.T.);
#3624 = EDGE_CURVE('',#3617,#3625,#3627,.T.);
#3625 = VERTEX_POINT('',#3626);
#3626 = CARTESIAN_POINT('',(14.94,1.77,2.4));
#3627 = LINE('',#3628,#3629);
#3628 = CARTESIAN_POINT('',(14.94,1.77,-8.5));
#3629 = VECTOR('',#3630,1.);
#3630 = DIRECTION('',(0.,0.,1.));
#3631 = ORIENTED_EDGE('',*,*,#3632,.F.);
#3632 = EDGE_CURVE('',#3609,#3625,#3633,.T.);
#3633 = LINE('',#3634,#3635);
#3634 = CARTESIAN_POINT('',(14.94,1.13,2.4));
#3635 = VECTOR('',#3636,1.);
#3636 = DIRECTION('',(-0.,1.,0.));
#3637 = PLANE('',#3638);
#3638 = AXIS2_PLACEMENT_3D('',#3639,#3640,#3641);
#3639 = CARTESIAN_POINT('',(14.94,1.13,-8.5));
#3640 = DIRECTION('',(1.,0.,-0.));
#3641 = DIRECTION('',(0.,0.,1.));
#3642 = ADVANCED_FACE('',(#3643),#3659,.F.);
#3643 = FACE_BOUND('',#3644,.F.);
#3644 = EDGE_LOOP('',(#3645,#3651,#3652,#3658));
#3645 = ORIENTED_EDGE('',*,*,#3646,.F.);
#3646 = EDGE_CURVE('',#3567,#3607,#3647,.T.);
#3647 = LINE('',#3648,#3649);
#3648 = CARTESIAN_POINT('',(14.3,1.13,-8.5));
#3649 = VECTOR('',#3650,1.);
#3650 = DIRECTION('',(1.,0.,-0.));
#3651 = ORIENTED_EDGE('',*,*,#3566,.T.);
#3652 = ORIENTED_EDGE('',*,*,#3653,.T.);
#3653 = EDGE_CURVE('',#3569,#3609,#3654,.T.);
#3654 = LINE('',#3655,#3656);
#3655 = CARTESIAN_POINT('',(14.3,1.13,2.4));
#3656 = VECTOR('',#3657,1.);
#3657 = DIRECTION('',(1.,0.,-0.));
#3658 = ORIENTED_EDGE('',*,*,#3606,.F.);
#3659 = PLANE('',#3660);
#3660 = AXIS2_PLACEMENT_3D('',#3661,#3662,#3663);
#3661 = CARTESIAN_POINT('',(14.3,1.13,-8.5));
#3662 = DIRECTION('',(-0.,1.,0.));
#3663 = DIRECTION('',(0.,0.,1.));
#3664 = ADVANCED_FACE('',(#3665),#3681,.T.);
#3665 = FACE_BOUND('',#3666,.T.);
#3666 = EDGE_LOOP('',(#3667,#3673,#3674,#3680));
#3667 = ORIENTED_EDGE('',*,*,#3668,.F.);
#3668 = EDGE_CURVE('',#3577,#3617,#3669,.T.);
#3669 = LINE('',#3670,#3671);
#3670 = CARTESIAN_POINT('',(14.3,1.77,-8.5));
#3671 = VECTOR('',#3672,1.);
#3672 = DIRECTION('',(1.,0.,-0.));
#3673 = ORIENTED_EDGE('',*,*,#3584,.T.);
#3674 = ORIENTED_EDGE('',*,*,#3675,.T.);
#3675 = EDGE_CURVE('',#3585,#3625,#3676,.T.);
#3676 = LINE('',#3677,#3678);
#3677 = CARTESIAN_POINT('',(14.3,1.77,2.4));
#3678 = VECTOR('',#3679,1.);
#3679 = DIRECTION('',(1.,0.,-0.));
#3680 = ORIENTED_EDGE('',*,*,#3624,.F.);
#3681 = PLANE('',#3682);
#3682 = AXIS2_PLACEMENT_3D('',#3683,#3684,#3685);
#3683 = CARTESIAN_POINT('',(14.3,1.77,-8.5));
#3684 = DIRECTION('',(-0.,1.,0.));
#3685 = DIRECTION('',(0.,0.,1.));
#3686 = ADVANCED_FACE('',(#3687),#3693,.F.);
#3687 = FACE_BOUND('',#3688,.F.);
#3688 = EDGE_LOOP('',(#3689,#3690,#3691,#3692));
#3689 = ORIENTED_EDGE('',*,*,#3576,.F.);
#3690 = ORIENTED_EDGE('',*,*,#3646,.T.);
#3691 = ORIENTED_EDGE('',*,*,#3616,.T.);
#3692 = ORIENTED_EDGE('',*,*,#3668,.F.);
#3693 = PLANE('',#3694);
#3694 = AXIS2_PLACEMENT_3D('',#3695,#3696,#3697);
#3695 = CARTESIAN_POINT('',(14.3,1.13,-8.5));
#3696 = DIRECTION('',(0.,0.,1.));
#3697 = DIRECTION('',(1.,0.,-0.));
#3698 = ADVANCED_FACE('',(#3699),#3705,.T.);
#3699 = FACE_BOUND('',#3700,.T.);
#3700 = EDGE_LOOP('',(#3701,#3702,#3703,#3704));
#3701 = ORIENTED_EDGE('',*,*,#3592,.F.);
#3702 = ORIENTED_EDGE('',*,*,#3653,.T.);
#3703 = ORIENTED_EDGE('',*,*,#3632,.T.);
#3704 = ORIENTED_EDGE('',*,*,#3675,.F.);
#3705 = PLANE('',#3706);
#3706 = AXIS2_PLACEMENT_3D('',#3707,#3708,#3709);
#3707 = CARTESIAN_POINT('',(14.3,1.13,2.4));
#3708 = DIRECTION('',(0.,0.,1.));
#3709 = DIRECTION('',(1.,0.,-0.));
#3710 = ( GEOMETRIC_REPRESENTATION_CONTEXT(3) 
GLOBAL_UNCERTAINTY_ASSIGNED_CONTEXT((#3714)) 
GLOBAL_UNIT_ASSIGNED_CONTEXT((#3711,#3712,#3713)) REPRESENTATION_CONTEXT
('Context #1','3D Context with UNIT and UNCERTAINTY') );
#3711 = ( LENGTH_UNIT() NAMED_UNIT(*) SI_UNIT(.MILLI.,.METRE.) );
#3712 = ( NAMED_UNIT(*) PLANE_ANGLE_UNIT() SI_UNIT($,.RADIAN.) );
#3713 = ( NAMED_UNIT(*) SI_UNIT($,.STERADIAN.) SOLID_ANGLE_UNIT() );
#3714 = UNCERTAINTY_MEASURE_WITH_UNIT(LENGTH_MEASURE(1.E-07),#3711,
  'distance_accuracy_value','confusion accuracy');
#3715 = CONTEXT_DEPENDENT_SHAPE_REPRESENTATION(#3716,#3718);
#3716 = ( REPRESENTATION_RELATIONSHIP('','',#3559,#10) 
REPRESENTATION_RELATIONSHIP_WITH_TRANSFORMATION(#3717) 
SHAPE_REPRESENTATION_RELATIONSHIP() );
#3717 = ITEM_DEFINED_TRANSFORMATION('','',#11,#67);
#3718 = PRODUCT_DEFINITION_SHAPE('Placement','Placement of an item',
  #3719);
#3719 = NEXT_ASSEMBLY_USAGE_OCCURRENCE('14','Header1_Pin04','',#5,#3554,
  $);
#3720 = PRODUCT_RELATED_PRODUCT_CATEGORY('part',$,(#3556));
#3721 = SHAPE_DEFINITION_REPRESENTATION(#3722,#3728);
#3722 = PRODUCT_DEFINITION_SHAPE('','',#3723);
#3723 = PRODUCT_DEFINITION('design','',#3724,#3727);
#3724 = PRODUCT_DEFINITION_FORMATION('','',#3725);
#3725 = PRODUCT('Header1_Pin05','Header1_Pin05','',(#3726));
#3726 = PRODUCT_CONTEXT('',#2,'mechanical');
#3727 = PRODUCT_DEFINITION_CONTEXT('part definition',#2,'design');
#3728 = ADVANCED_BREP_SHAPE_REPRESENTATION('',(#11,#3729),#3879);
#3729 = MANIFOLD_SOLID_BREP('',#3730);
#3730 = CLOSED_SHELL('',(#3731,#3771,#3811,#3833,#3855,#3867));
#3731 = ADVANCED_FACE('',(#3732),#3766,.F.);
#3732 = FACE_BOUND('',#3733,.F.);
#3733 = EDGE_LOOP('',(#3734,#3744,#3752,#3760));
#3734 = ORIENTED_EDGE('',*,*,#3735,.F.);
#3735 = EDGE_CURVE('',#3736,#3738,#3740,.T.);
#3736 = VERTEX_POINT('',#3737);
#3737 = CARTESIAN_POINT('',(16.84,1.13,-8.5));
#3738 = VERTEX_POINT('',#3739);
#3739 = CARTESIAN_POINT('',(16.84,1.13,2.4));
#3740 = LINE('',#3741,#3742);
#3741 = CARTESIAN_POINT('',(16.84,1.13,-8.5));
#3742 = VECTOR('',#3743,1.);
#3743 = DIRECTION('',(0.,0.,1.));
#3744 = ORIENTED_EDGE('',*,*,#3745,.T.);
#3745 = EDGE_CURVE('',#3736,#3746,#3748,.T.);
#3746 = VERTEX_POINT('',#3747);
#3747 = CARTESIAN_POINT('',(16.84,1.77,-8.5));
#3748 = LINE('',#3749,#3750);
#3749 = CARTESIAN_POINT('',(16.84,1.13,-8.5));
#3750 = VECTOR('',#3751,1.);
#3751 = DIRECTION('',(-0.,1.,0.));
#3752 = ORIENTED_EDGE('',*,*,#3753,.T.);
#3753 = EDGE_CURVE('',#3746,#3754,#3756,.T.);
#3754 = VERTEX_POINT('',#3755);
#3755 = CARTESIAN_POINT('',(16.84,1.77,2.4));
#3756 = LINE('',#3757,#3758);
#3757 = CARTESIAN_POINT('',(16.84,1.77,-8.5));
#3758 = VECTOR('',#3759,1.);
#3759 = DIRECTION('',(0.,0.,1.));
#3760 = ORIENTED_EDGE('',*,*,#3761,.F.);
#3761 = EDGE_CURVE('',#3738,#3754,#3762,.T.);
#3762 = LINE('',#3763,#3764);
#3763 = CARTESIAN_POINT('',(16.84,1.13,2.4));
#3764 = VECTOR('',#3765,1.);
#3765 = DIRECTION('',(-0.,1.,0.));
#3766 = PLANE('',#3767);
#3767 = AXIS2_PLACEMENT_3D('',#3768,#3769,#3770);
#3768 = CARTESIAN_POINT('',(16.84,1.13,-8.5));
#3769 = DIRECTION('',(1.,0.,-0.));
#3770 = DIRECTION('',(0.,0.,1.));
#3771 = ADVANCED_FACE('',(#3772),#3806,.T.);
#3772 = FACE_BOUND('',#3773,.T.);
#3773 = EDGE_LOOP('',(#3774,#3784,#3792,#3800));
#3774 = ORIENTED_EDGE('',*,*,#3775,.F.);
#3775 = EDGE_CURVE('',#3776,#3778,#3780,.T.);
#3776 = VERTEX_POINT('',#3777);
#3777 = CARTESIAN_POINT('',(17.48,1.13,-8.5));
#3778 = VERTEX_POINT('',#3779);
#3779 = CARTESIAN_POINT('',(17.48,1.13,2.4));
#3780 = LINE('',#3781,#3782);
#3781 = CARTESIAN_POINT('',(17.48,1.13,-8.5));
#3782 = VECTOR('',#3783,1.);
#3783 = DIRECTION('',(0.,0.,1.));
#3784 = ORIENTED_EDGE('',*,*,#3785,.T.);
#3785 = EDGE_CURVE('',#3776,#3786,#3788,.T.);
#3786 = VERTEX_POINT('',#3787);
#3787 = CARTESIAN_POINT('',(17.48,1.77,-8.5));
#3788 = LINE('',#3789,#3790);
#3789 = CARTESIAN_POINT('',(17.48,1.13,-8.5));
#3790 = VECTOR('',#3791,1.);
#3791 = DIRECTION('',(-0.,1.,0.));
#3792 = ORIENTED_EDGE('',*,*,#3793,.T.);
#3793 = EDGE_CURVE('',#3786,#3794,#3796,.T.);
#3794 = VERTEX_POINT('',#3795);
#3795 = CARTESIAN_POINT('',(17.48,1.77,2.4));
#3796 = LINE('',#3797,#3798);
#3797 = CARTESIAN_POINT('',(17.48,1.77,-8.5));
#3798 = VECTOR('',#3799,1.);
#3799 = DIRECTION('',(0.,0.,1.));
#3800 = ORIENTED_EDGE('',*,*,#3801,.F.);
#3801 = EDGE_CURVE('',#3778,#3794,#3802,.T.);
#3802 = LINE('',#3803,#3804);
#3803 = CARTESIAN_POINT('',(17.48,1.13,2.4));
#3804 = VECTOR('',#3805,1.);
#3805 = DIRECTION('',(-0.,1.,0.));
#3806 = PLANE('',#3807);
#3807 = AXIS2_PLACEMENT_3D('',#3808,#3809,#3810);
#3808 = CARTESIAN_POINT('',(17.48,1.13,-8.5));
#3809 = DIRECTION('',(1.,0.,-0.));
#3810 = DIRECTION('',(0.,0.,1.));
#3811 = ADVANCED_FACE('',(#3812),#3828,.F.);
#3812 = FACE_BOUND('',#3813,.F.);
#3813 = EDGE_LOOP('',(#3814,#3820,#3821,#3827));
#3814 = ORIENTED_EDGE('',*,*,#3815,.F.);
#3815 = EDGE_CURVE('',#3736,#3776,#3816,.T.);
#3816 = LINE('',#3817,#3818);
#3817 = CARTESIAN_POINT('',(16.84,1.13,-8.5));
#3818 = VECTOR('',#3819,1.);
#3819 = DIRECTION('',(1.,0.,-0.));
#3820 = ORIENTED_EDGE('',*,*,#3735,.T.);
#3821 = ORIENTED_EDGE('',*,*,#3822,.T.);
#3822 = EDGE_CURVE('',#3738,#3778,#3823,.T.);
#3823 = LINE('',#3824,#3825);
#3824 = CARTESIAN_POINT('',(16.84,1.13,2.4));
#3825 = VECTOR('',#3826,1.);
#3826 = DIRECTION('',(1.,0.,-0.));
#3827 = ORIENTED_EDGE('',*,*,#3775,.F.);
#3828 = PLANE('',#3829);
#3829 = AXIS2_PLACEMENT_3D('',#3830,#3831,#3832);
#3830 = CARTESIAN_POINT('',(16.84,1.13,-8.5));
#3831 = DIRECTION('',(-0.,1.,0.));
#3832 = DIRECTION('',(0.,0.,1.));
#3833 = ADVANCED_FACE('',(#3834),#3850,.T.);
#3834 = FACE_BOUND('',#3835,.T.);
#3835 = EDGE_LOOP('',(#3836,#3842,#3843,#3849));
#3836 = ORIENTED_EDGE('',*,*,#3837,.F.);
#3837 = EDGE_CURVE('',#3746,#3786,#3838,.T.);
#3838 = LINE('',#3839,#3840);
#3839 = CARTESIAN_POINT('',(16.84,1.77,-8.5));
#3840 = VECTOR('',#3841,1.);
#3841 = DIRECTION('',(1.,0.,-0.));
#3842 = ORIENTED_EDGE('',*,*,#3753,.T.);
#3843 = ORIENTED_EDGE('',*,*,#3844,.T.);
#3844 = EDGE_CURVE('',#3754,#3794,#3845,.T.);
#3845 = LINE('',#3846,#3847);
#3846 = CARTESIAN_POINT('',(16.84,1.77,2.4));
#3847 = VECTOR('',#3848,1.);
#3848 = DIRECTION('',(1.,0.,-0.));
#3849 = ORIENTED_EDGE('',*,*,#3793,.F.);
#3850 = PLANE('',#3851);
#3851 = AXIS2_PLACEMENT_3D('',#3852,#3853,#3854);
#3852 = CARTESIAN_POINT('',(16.84,1.77,-8.5));
#3853 = DIRECTION('',(-0.,1.,0.));
#3854 = DIRECTION('',(0.,0.,1.));
#3855 = ADVANCED_FACE('',(#3856),#3862,.F.);
#3856 = FACE_BOUND('',#3857,.F.);
#3857 = EDGE_LOOP('',(#3858,#3859,#3860,#3861));
#3858 = ORIENTED_EDGE('',*,*,#3745,.F.);
#3859 = ORIENTED_EDGE('',*,*,#3815,.T.);
#3860 = ORIENTED_EDGE('',*,*,#3785,.T.);
#3861 = ORIENTED_EDGE('',*,*,#3837,.F.);
#3862 = PLANE('',#3863);
#3863 = AXIS2_PLACEMENT_3D('',#3864,#3865,#3866);
#3864 = CARTESIAN_POINT('',(16.84,1.13,-8.5));
#3865 = DIRECTION('',(0.,0.,1.));
#3866 = DIRECTION('',(1.,0.,-0.));
#3867 = ADVANCED_FACE('',(#3868),#3874,.T.);
#3868 = FACE_BOUND('',#3869,.T.);
#3869 = EDGE_LOOP('',(#3870,#3871,#3872,#3873));
#3870 = ORIENTED_EDGE('',*,*,#3761,.F.);
#3871 = ORIENTED_EDGE('',*,*,#3822,.T.);
#3872 = ORIENTED_EDGE('',*,*,#3801,.T.);
#3873 = ORIENTED_EDGE('',*,*,#3844,.F.);
#3874 = PLANE('',#3875);
#3875 = AXIS2_PLACEMENT_3D('',#3876,#3877,#3878);
#3876 = CARTESIAN_POINT('',(16.84,1.13,2.4));
#3877 = DIRECTION('',(0.,0.,1.));
#3878 = DIRECTION('',(1.,0.,-0.));
#3879 = ( GEOMETRIC_REPRESENTATION_CONTEXT(3) 
GLOBAL_UNCERTAINTY_ASSIGNED_CONTEXT((#3883)) 
GLOBAL_UNIT_ASSIGNED_CONTEXT((#3880,#3881,#3882)) REPRESENTATION_CONTEXT
('Context #1','3D Context with UNIT and UNCERTAINTY') );
#3880 = ( LENGTH_UNIT() NAMED_UNIT(*) SI_UNIT(.MILLI.,.METRE.) );
#3881 = ( NAMED_UNIT(*) PLANE_ANGLE_UNIT() SI_UNIT($,.RADIAN.) );
#3882 = ( NAMED_UNIT(*) SI_UNIT($,.STERADIAN.) SOLID_ANGLE_UNIT() );
#3883 = UNCERTAINTY_MEASURE_WITH_UNIT(LENGTH_MEASURE(1.E-07),#3880,
  'distance_accuracy_value','confusion accuracy');
#3884 = CONTEXT_DEPENDENT_SHAPE_REPRESENTATION(#3885,#3887);
#3885 = ( REPRESENTATION_RELATIONSHIP('','',#3728,#10) 
REPRESENTATION_RELATIONSHIP_WITH_TRANSFORMATION(#3886) 
SHAPE_REPRESENTATION_RELATIONSHIP() );
#3886 = ITEM_DEFINED_TRANSFORMATION('','',#11,#71);
#3887 = PRODUCT_DEFINITION_SHAPE('Placement','Placement of an item',
  #3888);
#3888 = NEXT_ASSEMBLY_USAGE_OCCURRENCE('15','Header1_Pin05','',#5,#3723,
  $);
#3889 = PRODUCT_RELATED_PRODUCT_CATEGORY('part',$,(#3725));
#3890 = SHAPE_DEFINITION_REPRESENTATION(#3891,#3897);
#3891 = PRODUCT_DEFINITION_SHAPE('','',#3892);
#3892 = PRODUCT_DEFINITION('design','',#3893,#3896);
#3893 = PRODUCT_DEFINITION_FORMATION('','',#3894);
#3894 = PRODUCT('Header1_Pin06','Header1_Pin06','',(#3895));
#3895 = PRODUCT_CONTEXT('',#2,'mechanical');
#3896 = PRODUCT_DEFINITION_CONTEXT('part definition',#2,'design');
#3897 = ADVANCED_BREP_SHAPE_REPRESENTATION('',(#11,#3898),#4048);
#3898 = MANIFOLD_SOLID_BREP('',#3899);
#3899 = CLOSED_SHELL('',(#3900,#3940,#3980,#4002,#4024,#4036));
#3900 = ADVANCED_FACE('',(#3901),#3935,.F.);
#3901 = FACE_BOUND('',#3902,.F.);
#3902 = EDGE_LOOP('',(#3903,#3913,#3921,#3929));
#3903 = ORIENTED_EDGE('',*,*,#3904,.F.);
#3904 = EDGE_CURVE('',#3905,#3907,#3909,.T.);
#3905 = VERTEX_POINT('',#3906);
#3906 = CARTESIAN_POINT('',(19.38,1.13,-8.5));
#3907 = VERTEX_POINT('',#3908);
#3908 = CARTESIAN_POINT('',(19.38,1.13,2.4));
#3909 = LINE('',#3910,#3911);
#3910 = CARTESIAN_POINT('',(19.38,1.13,-8.5));
#3911 = VECTOR('',#3912,1.);
#3912 = DIRECTION('',(0.,0.,1.));
#3913 = ORIENTED_EDGE('',*,*,#3914,.T.);
#3914 = EDGE_CURVE('',#3905,#3915,#3917,.T.);
#3915 = VERTEX_POINT('',#3916);
#3916 = CARTESIAN_POINT('',(19.38,1.77,-8.5));
#3917 = LINE('',#3918,#3919);
#3918 = CARTESIAN_POINT('',(19.38,1.13,-8.5));
#3919 = VECTOR('',#3920,1.);
#3920 = DIRECTION('',(-0.,1.,0.));
#3921 = ORIENTED_EDGE('',*,*,#3922,.T.);
#3922 = EDGE_CURVE('',#3915,#3923,#3925,.T.);
#3923 = VERTEX_POINT('',#3924);
#3924 = CARTESIAN_POINT('',(19.38,1.77,2.4));
#3925 = LINE('',#3926,#3927);
#3926 = CARTESIAN_POINT('',(19.38,1.77,-8.5));
#3927 = VECTOR('',#3928,1.);
#3928 = DIRECTION('',(0.,0.,1.));
#3929 = ORIENTED_EDGE('',*,*,#3930,.F.);
#3930 = EDGE_CURVE('',#3907,#3923,#3931,.T.);
#3931 = LINE('',#3932,#3933);
#3932 = CARTESIAN_POINT('',(19.38,1.13,2.4));
#3933 = VECTOR('',#3934,1.);
#3934 = DIRECTION('',(-0.,1.,0.));
#3935 = PLANE('',#3936);
#3936 = AXIS2_PLACEMENT_3D('',#3937,#3938,#3939);
#3937 = CARTESIAN_POINT('',(19.38,1.13,-8.5));
#3938 = DIRECTION('',(1.,0.,-0.));
#3939 = DIRECTION('',(0.,0.,1.));
#3940 = ADVANCED_FACE('',(#3941),#3975,.T.);
#3941 = FACE_BOUND('',#3942,.T.);
#3942 = EDGE_LOOP('',(#3943,#3953,#3961,#3969));
#3943 = ORIENTED_EDGE('',*,*,#3944,.F.);
#3944 = EDGE_CURVE('',#3945,#3947,#3949,.T.);
#3945 = VERTEX_POINT('',#3946);
#3946 = CARTESIAN_POINT('',(20.02,1.13,-8.5));
#3947 = VERTEX_POINT('',#3948);
#3948 = CARTESIAN_POINT('',(20.02,1.13,2.4));
#3949 = LINE('',#3950,#3951);
#3950 = CARTESIAN_POINT('',(20.02,1.13,-8.5));
#3951 = VECTOR('',#3952,1.);
#3952 = DIRECTION('',(0.,0.,1.));
#3953 = ORIENTED_EDGE('',*,*,#3954,.T.);
#3954 = EDGE_CURVE('',#3945,#3955,#3957,.T.);
#3955 = VERTEX_POINT('',#3956);
#3956 = CARTESIAN_POINT('',(20.02,1.77,-8.5));
#3957 = LINE('',#3958,#3959);
#3958 = CARTESIAN_POINT('',(20.02,1.13,-8.5));
#3959 = VECTOR('',#3960,1.);
#3960 = DIRECTION('',(-0.,1.,0.));
#3961 = ORIENTED_EDGE('',*,*,#3962,.T.);
#3962 = EDGE_CURVE('',#3955,#3963,#3965,.T.);
#3963 = VERTEX_POINT('',#3964);
#3964 = CARTESIAN_POINT('',(20.02,1.77,2.4));
#3965 = LINE('',#3966,#3967);
#3966 = CARTESIAN_POINT('',(20.02,1.77,-8.5));
#3967 = VECTOR('',#3968,1.);
#3968 = DIRECTION('',(0.,0.,1.));
#3969 = ORIENTED_EDGE('',*,*,#3970,.F.);
#3970 = EDGE_CURVE('',#3947,#3963,#3971,.T.);
#3971 = LINE('',#3972,#3973);
#3972 = CARTESIAN_POINT('',(20.02,1.13,2.4));
#3973 = VECTOR('',#3974,1.);
#3974 = DIRECTION('',(-0.,1.,0.));
#3975 = PLANE('',#3976);
#3976 = AXIS2_PLACEMENT_3D('',#3977,#3978,#3979);
#3977 = CARTESIAN_POINT('',(20.02,1.13,-8.5));
#3978 = DIRECTION('',(1.,0.,-0.));
#3979 = DIRECTION('',(0.,0.,1.));
#3980 = ADVANCED_FACE('',(#3981),#3997,.F.);
#3981 = FACE_BOUND('',#3982,.F.);
#3982 = EDGE_LOOP('',(#3983,#3989,#3990,#3996));
#3983 = ORIENTED_EDGE('',*,*,#3984,.F.);
#3984 = EDGE_CURVE('',#3905,#3945,#3985,.T.);
#3985 = LINE('',#3986,#3987);
#3986 = CARTESIAN_POINT('',(19.38,1.13,-8.5));
#3987 = VECTOR('',#3988,1.);
#3988 = DIRECTION('',(1.,0.,-0.));
#3989 = ORIENTED_EDGE('',*,*,#3904,.T.);
#3990 = ORIENTED_EDGE('',*,*,#3991,.T.);
#3991 = EDGE_CURVE('',#3907,#3947,#3992,.T.);
#3992 = LINE('',#3993,#3994);
#3993 = CARTESIAN_POINT('',(19.38,1.13,2.4));
#3994 = VECTOR('',#3995,1.);
#3995 = DIRECTION('',(1.,0.,-0.));
#3996 = ORIENTED_EDGE('',*,*,#3944,.F.);
#3997 = PLANE('',#3998);
#3998 = AXIS2_PLACEMENT_3D('',#3999,#4000,#4001);
#3999 = CARTESIAN_POINT('',(19.38,1.13,-8.5));
#4000 = DIRECTION('',(-0.,1.,0.));
#4001 = DIRECTION('',(0.,0.,1.));
#4002 = ADVANCED_FACE('',(#4003),#4019,.T.);
#4003 = FACE_BOUND('',#4004,.T.);
#4004 = EDGE_LOOP('',(#4005,#4011,#4012,#4018));
#4005 = ORIENTED_EDGE('',*,*,#4006,.F.);
#4006 = EDGE_CURVE('',#3915,#3955,#4007,.T.);
#4007 = LINE('',#4008,#4009);
#4008 = CARTESIAN_POINT('',(19.38,1.77,-8.5));
#4009 = VECTOR('',#4010,1.);
#4010 = DIRECTION('',(1.,0.,-0.));
#4011 = ORIENTED_EDGE('',*,*,#3922,.T.);
#4012 = ORIENTED_EDGE('',*,*,#4013,.T.);
#4013 = EDGE_CURVE('',#3923,#3963,#4014,.T.);
#4014 = LINE('',#4015,#4016);
#4015 = CARTESIAN_POINT('',(19.38,1.77,2.4));
#4016 = VECTOR('',#4017,1.);
#4017 = DIRECTION('',(1.,0.,-0.));
#4018 = ORIENTED_EDGE('',*,*,#3962,.F.);
#4019 = PLANE('',#4020);
#4020 = AXIS2_PLACEMENT_3D('',#4021,#4022,#4023);
#4021 = CARTESIAN_POINT('',(19.38,1.77,-8.5));
#4022 = DIRECTION('',(-0.,1.,0.));
#4023 = DIRECTION('',(0.,0.,1.));
#4024 = ADVANCED_FACE('',(#4025),#4031,.F.);
#4025 = FACE_BOUND('',#4026,.F.);
#4026 = EDGE_LOOP('',(#4027,#4028,#4029,#4030));
#4027 = ORIENTED_EDGE('',*,*,#3914,.F.);
#4028 = ORIENTED_EDGE('',*,*,#3984,.T.);
#4029 = ORIENTED_EDGE('',*,*,#3954,.T.);
#4030 = ORIENTED_EDGE('',*,*,#4006,.F.);
#4031 = PLANE('',#4032);
#4032 = AXIS2_PLACEMENT_3D('',#4033,#4034,#4035);
#4033 = CARTESIAN_POINT('',(19.38,1.13,-8.5));
#4034 = DIRECTION('',(0.,0.,1.));
#4035 = DIRECTION('',(1.,0.,-0.));
#4036 = ADVANCED_FACE('',(#4037),#4043,.T.);
#4037 = FACE_BOUND('',#4038,.T.);
#4038 = EDGE_LOOP('',(#4039,#4040,#4041,#4042));
#4039 = ORIENTED_EDGE('',*,*,#3930,.F.);
#4040 = ORIENTED_EDGE('',*,*,#3991,.T.);
#4041 = ORIENTED_EDGE('',*,*,#3970,.T.);
#4042 = ORIENTED_EDGE('',*,*,#4013,.F.);
#4043 = PLANE('',#4044);
#4044 = AXIS2_PLACEMENT_3D('',#4045,#4046,#4047);
#4045 = CARTESIAN_POINT('',(19.38,1.13,2.4));
#4046 = DIRECTION('',(0.,0.,1.));
#4047 = DIRECTION('',(1.,0.,-0.));
#4048 = ( GEOMETRIC_REPRESENTATION_CONTEXT(3) 
GLOBAL_UNCERTAINTY_ASSIGNED_CONTEXT((#4052)) 
GLOBAL_UNIT_ASSIGNED_CONTEXT((#4049,#4050,#4051)) REPRESENTATION_CONTEXT
('Context #1','3D Context with UNIT and UNCERTAINTY') );
#4049 = ( LENGTH_UNIT() NAMED_UNIT(*) SI_UNIT(.MILLI.,.METRE.) );
#4050 = ( NAMED_UNIT(*) PLANE_ANGLE_UNIT() SI_UNIT($,.RADIAN.) );
#4051 = ( NAMED_UNIT(*) SI_UNIT($,.STERADIAN.) SOLID_ANGLE_UNIT() );
#4052 = UNCERTAINTY_MEASURE_WITH_UNIT(LENGTH_MEASURE(1.E-07),#4049,
  'distance_accuracy_value','confusion accuracy');
#4053 = CONTEXT_DEPENDENT_SHAPE_REPRESENTATION(#4054,#4056);
#4054 = ( REPRESENTATION_RELATIONSHIP('','',#3897,#10) 
REPRESENTATION_RELATIONSHIP_WITH_TRANSFORMATION(#4055) 
SHAPE_REPRESENTATION_RELATIONSHIP() );
#4055 = ITEM_DEFINED_TRANSFORMATION('','',#11,#75);
#4056 = PRODUCT_DEFINITION_SHAPE('Placement','Placement of an item',
  #4057);
#4057 = NEXT_ASSEMBLY_USAGE_OCCURRENCE('16','Header1_Pin06','',#5,#3892,
  $);
#4058 = PRODUCT_RELATED_PRODUCT_CATEGORY('part',$,(#3894));
#4059 = SHAPE_DEFINITION_REPRESENTATION(#4060,#4066);
#4060 = PRODUCT_DEFINITION_SHAPE('','',#4061);
#4061 = PRODUCT_DEFINITION('design','',#4062,#4065);
#4062 = PRODUCT_DEFINITION_FORMATION('','',#4063);
#4063 = PRODUCT('Header1_Pin07','Header1_Pin07','',(#4064));
#4064 = PRODUCT_CONTEXT('',#2,'mechanical');
#4065 = PRODUCT_DEFINITION_CONTEXT('part definition',#2,'design');
#4066 = ADVANCED_BREP_SHAPE_REPRESENTATION('',(#11,#4067),#4217);
#4067 = MANIFOLD_SOLID_BREP('',#4068);
#4068 = CLOSED_SHELL('',(#4069,#4109,#4149,#4171,#4193,#4205));
#4069 = ADVANCED_FACE('',(#4070),#4104,.F.);
#4070 = FACE_BOUND('',#4071,.F.);
#4071 = EDGE_LOOP('',(#4072,#4082,#4090,#4098));
#4072 = ORIENTED_EDGE('',*,*,#4073,.F.);
#4073 = EDGE_CURVE('',#4074,#4076,#4078,.T.);
#4074 = VERTEX_POINT('',#4075);
#4075 = CARTESIAN_POINT('',(21.92,1.13,-8.5));
#4076 = VERTEX_POINT('',#4077);
#4077 = CARTESIAN_POINT('',(21.92,1.13,2.4));
#4078 = LINE('',#4079,#4080);
#4079 = CARTESIAN_POINT('',(21.92,1.13,-8.5));
#4080 = VECTOR('',#4081,1.);
#4081 = DIRECTION('',(0.,0.,1.));
#4082 = ORIENTED_EDGE('',*,*,#4083,.T.);
#4083 = EDGE_CURVE('',#4074,#4084,#4086,.T.);
#4084 = VERTEX_POINT('',#4085);
#4085 = CARTESIAN_POINT('',(21.92,1.77,-8.5));
#4086 = LINE('',#4087,#4088);
#4087 = CARTESIAN_POINT('',(21.92,1.13,-8.5));
#4088 = VECTOR('',#4089,1.);
#4089 = DIRECTION('',(-0.,1.,0.));
#4090 = ORIENTED_EDGE('',*,*,#4091,.T.);
#4091 = EDGE_CURVE('',#4084,#4092,#4094,.T.);
#4092 = VERTEX_POINT('',#4093);
#4093 = CARTESIAN_POINT('',(21.92,1.77,2.4));
#4094 = LINE('',#4095,#4096);
#4095 = CARTESIAN_POINT('',(21.92,1.77,-8.5));
#4096 = VECTOR('',#4097,1.);
#4097 = DIRECTION('',(0.,0.,1.));
#4098 = ORIENTED_EDGE('',*,*,#4099,.F.);
#4099 = EDGE_CURVE('',#4076,#4092,#4100,.T.);
#4100 = LINE('',#4101,#4102);
#4101 = CARTESIAN_POINT('',(21.92,1.13,2.4));
#4102 = VECTOR('',#4103,1.);
#4103 = DIRECTION('',(-0.,1.,0.));
#4104 = PLANE('',#4105);
#4105 = AXIS2_PLACEMENT_3D('',#4106,#4107,#4108);
#4106 = CARTESIAN_POINT('',(21.92,1.13,-8.5));
#4107 = DIRECTION('',(1.,0.,-0.));
#4108 = DIRECTION('',(0.,0.,1.));
#4109 = ADVANCED_FACE('',(#4110),#4144,.T.);
#4110 = FACE_BOUND('',#4111,.T.);
#4111 = EDGE_LOOP('',(#4112,#4122,#4130,#4138));
#4112 = ORIENTED_EDGE('',*,*,#4113,.F.);
#4113 = EDGE_CURVE('',#4114,#4116,#4118,.T.);
#4114 = VERTEX_POINT('',#4115);
#4115 = CARTESIAN_POINT('',(22.56,1.13,-8.5));
#4116 = VERTEX_POINT('',#4117);
#4117 = CARTESIAN_POINT('',(22.56,1.13,2.4));
#4118 = LINE('',#4119,#4120);
#4119 = CARTESIAN_POINT('',(22.56,1.13,-8.5));
#4120 = VECTOR('',#4121,1.);
#4121 = DIRECTION('',(0.,0.,1.));
#4122 = ORIENTED_EDGE('',*,*,#4123,.T.);
#4123 = EDGE_CURVE('',#4114,#4124,#4126,.T.);
#4124 = VERTEX_POINT('',#4125);
#4125 = CARTESIAN_POINT('',(22.56,1.77,-8.5));
#4126 = LINE('',#4127,#4128);
#4127 = CARTESIAN_POINT('',(22.56,1.13,-8.5));
#4128 = VECTOR('',#4129,1.);
#4129 = DIRECTION('',(-0.,1.,0.));
#4130 = ORIENTED_EDGE('',*,*,#4131,.T.);
#4131 = EDGE_CURVE('',#4124,#4132,#4134,.T.);
#4132 = VERTEX_POINT('',#4133);
#4133 = CARTESIAN_POINT('',(22.56,1.77,2.4));
#4134 = LINE('',#4135,#4136);
#4135 = CARTESIAN_POINT('',(22.56,1.77,-8.5));
#4136 = VECTOR('',#4137,1.);
#4137 = DIRECTION('',(0.,0.,1.));
#4138 = ORIENTED_EDGE('',*,*,#4139,.F.);
#4139 = EDGE_CURVE('',#4116,#4132,#4140,.T.);
#4140 = LINE('',#4141,#4142);
#4141 = CARTESIAN_POINT('',(22.56,1.13,2.4));
#4142 = VECTOR('',#4143,1.);
#4143 = DIRECTION('',(-0.,1.,0.));
#4144 = PLANE('',#4145);
#4145 = AXIS2_PLACEMENT_3D('',#4146,#4147,#4148);
#4146 = CARTESIAN_POINT('',(22.56,1.13,-8.5));
#4147 = DIRECTION('',(1.,0.,-0.));
#4148 = DIRECTION('',(0.,0.,1.));
#4149 = ADVANCED_FACE('',(#4150),#4166,.F.);
#4150 = FACE_BOUND('',#4151,.F.);
#4151 = EDGE_LOOP('',(#4152,#4158,#4159,#4165));
#4152 = ORIENTED_EDGE('',*,*,#4153,.F.);
#4153 = EDGE_CURVE('',#4074,#4114,#4154,.T.);
#4154 = LINE('',#4155,#4156);
#4155 = CARTESIAN_POINT('',(21.92,1.13,-8.5));
#4156 = VECTOR('',#4157,1.);
#4157 = DIRECTION('',(1.,0.,-0.));
#4158 = ORIENTED_EDGE('',*,*,#4073,.T.);
#4159 = ORIENTED_EDGE('',*,*,#4160,.T.);
#4160 = EDGE_CURVE('',#4076,#4116,#4161,.T.);
#4161 = LINE('',#4162,#4163);
#4162 = CARTESIAN_POINT('',(21.92,1.13,2.4));
#4163 = VECTOR('',#4164,1.);
#4164 = DIRECTION('',(1.,0.,-0.));
#4165 = ORIENTED_EDGE('',*,*,#4113,.F.);
#4166 = PLANE('',#4167);
#4167 = AXIS2_PLACEMENT_3D('',#4168,#4169,#4170);
#4168 = CARTESIAN_POINT('',(21.92,1.13,-8.5));
#4169 = DIRECTION('',(-0.,1.,0.));
#4170 = DIRECTION('',(0.,0.,1.));
#4171 = ADVANCED_FACE('',(#4172),#4188,.T.);
#4172 = FACE_BOUND('',#4173,.T.);
#4173 = EDGE_LOOP('',(#4174,#4180,#4181,#4187));
#4174 = ORIENTED_EDGE('',*,*,#4175,.F.);
#4175 = EDGE_CURVE('',#4084,#4124,#4176,.T.);
#4176 = LINE('',#4177,#4178);
#4177 = CARTESIAN_POINT('',(21.92,1.77,-8.5));
#4178 = VECTOR('',#4179,1.);
#4179 = DIRECTION('',(1.,0.,-0.));
#4180 = ORIENTED_EDGE('',*,*,#4091,.T.);
#4181 = ORIENTED_EDGE('',*,*,#4182,.T.);
#4182 = EDGE_CURVE('',#4092,#4132,#4183,.T.);
#4183 = LINE('',#4184,#4185);
#4184 = CARTESIAN_POINT('',(21.92,1.77,2.4));
#4185 = VECTOR('',#4186,1.);
#4186 = DIRECTION('',(1.,0.,-0.));
#4187 = ORIENTED_EDGE('',*,*,#4131,.F.);
#4188 = PLANE('',#4189);
#4189 = AXIS2_PLACEMENT_3D('',#4190,#4191,#4192);
#4190 = CARTESIAN_POINT('',(21.92,1.77,-8.5));
#4191 = DIRECTION('',(-0.,1.,0.));
#4192 = DIRECTION('',(0.,0.,1.));
#4193 = ADVANCED_FACE('',(#4194),#4200,.F.);
#4194 = FACE_BOUND('',#4195,.F.);
#4195 = EDGE_LOOP('',(#4196,#4197,#4198,#4199));
#4196 = ORIENTED_EDGE('',*,*,#4083,.F.);
#4197 = ORIENTED_EDGE('',*,*,#4153,.T.);
#4198 = ORIENTED_EDGE('',*,*,#4123,.T.);
#4199 = ORIENTED_EDGE('',*,*,#4175,.F.);
#4200 = PLANE('',#4201);
#4201 = AXIS2_PLACEMENT_3D('',#4202,#4203,#4204);
#4202 = CARTESIAN_POINT('',(21.92,1.13,-8.5));
#4203 = DIRECTION('',(0.,0.,1.));
#4204 = DIRECTION('',(1.,0.,-0.));
#4205 = ADVANCED_FACE('',(#4206),#4212,.T.);
#4206 = FACE_BOUND('',#4207,.T.);
#4207 = EDGE_LOOP('',(#4208,#4209,#4210,#4211));
#4208 = ORIENTED_EDGE('',*,*,#4099,.F.);
#4209 = ORIENTED_EDGE('',*,*,#4160,.T.);
#4210 = ORIENTED_EDGE('',*,*,#4139,.T.);
#4211 = ORIENTED_EDGE('',*,*,#4182,.F.);
#4212 = PLANE('',#4213);
#4213 = AXIS2_PLACEMENT_3D('',#4214,#4215,#4216);
#4214 = CARTESIAN_POINT('',(21.92,1.13,2.4));
#4215 = DIRECTION('',(0.,0.,1.));
#4216 = DIRECTION('',(1.,0.,-0.));
#4217 = ( GEOMETRIC_REPRESENTATION_CONTEXT(3) 
GLOBAL_UNCERTAINTY_ASSIGNED_CONTEXT((#4221)) 
GLOBAL_UNIT_ASSIGNED_CONTEXT((#4218,#4219,#4220)) REPRESENTATION_CONTEXT
('Context #1','3D Context with UNIT and UNCERTAINTY') );
#4218 = ( LENGTH_UNIT() NAMED_UNIT(*) SI_UNIT(.MILLI.,.METRE.) );
#4219 = ( NAMED_UNIT(*) PLANE_ANGLE_UNIT() SI_UNIT($,.RADIAN.) );
#4220 = ( NAMED_UNIT(*) SI_UNIT($,.STERADIAN.) SOLID_ANGLE_UNIT() );
#4221 = UNCERTAINTY_MEASURE_WITH_UNIT(LENGTH_MEASURE(1.E-07),#4218,
  'distance_accuracy_value','confusion accuracy');
#4222 = CONTEXT_DEPENDENT_SHAPE_REPRESENTATION(#4223,#4225);
#4223 = ( REPRESENTATION_RELATIONSHIP('','',#4066,#10) 
REPRESENTATION_RELATIONSHIP_WITH_TRANSFORMATION(#4224) 
SHAPE_REPRESENTATION_RELATIONSHIP() );
#4224 = ITEM_DEFINED_TRANSFORMATION('','',#11,#79);
#4225 = PRODUCT_DEFINITION_SHAPE('Placement','Placement of an item',
  #4226);
#4226 = NEXT_ASSEMBLY_USAGE_OCCURRENCE('17','Header1_Pin07','',#5,#4061,
  $);
#4227 = PRODUCT_RELATED_PRODUCT_CATEGORY('part',$,(#4063));
#4228 = SHAPE_DEFINITION_REPRESENTATION(#4229,#4235);
#4229 = PRODUCT_DEFINITION_SHAPE('','',#4230);
#4230 = PRODUCT_DEFINITION('design','',#4231,#4234);
#4231 = PRODUCT_DEFINITION_FORMATION('','',#4232);
#4232 = PRODUCT('Header1_Pin08','Header1_Pin08','',(#4233));
#4233 = PRODUCT_CONTEXT('',#2,'mechanical');
#4234 = PRODUCT_DEFINITION_CONTEXT('part definition',#2,'design');
#4235 = ADVANCED_BREP_SHAPE_REPRESENTATION('',(#11,#4236),#4386);
#4236 = MANIFOLD_SOLID_BREP('',#4237);
#4237 = CLOSED_SHELL('',(#4238,#4278,#4318,#4340,#4362,#4374));
#4238 = ADVANCED_FACE('',(#4239),#4273,.F.);
#4239 = FACE_BOUND('',#4240,.F.);
#4240 = EDGE_LOOP('',(#4241,#4251,#4259,#4267));
#4241 = ORIENTED_EDGE('',*,*,#4242,.F.);
#4242 = EDGE_CURVE('',#4243,#4245,#4247,.T.);
#4243 = VERTEX_POINT('',#4244);
#4244 = CARTESIAN_POINT('',(24.46,1.13,-8.5));
#4245 = VERTEX_POINT('',#4246);
#4246 = CARTESIAN_POINT('',(24.46,1.13,2.4));
#4247 = LINE('',#4248,#4249);
#4248 = CARTESIAN_POINT('',(24.46,1.13,-8.5));
#4249 = VECTOR('',#4250,1.);
#4250 = DIRECTION('',(0.,0.,1.));
#4251 = ORIENTED_EDGE('',*,*,#4252,.T.);
#4252 = EDGE_CURVE('',#4243,#4253,#4255,.T.);
#4253 = VERTEX_POINT('',#4254);
#4254 = CARTESIAN_POINT('',(24.46,1.77,-8.5));
#4255 = LINE('',#4256,#4257);
#4256 = CARTESIAN_POINT('',(24.46,1.13,-8.5));
#4257 = VECTOR('',#4258,1.);
#4258 = DIRECTION('',(-0.,1.,0.));
#4259 = ORIENTED_EDGE('',*,*,#4260,.T.);
#4260 = EDGE_CURVE('',#4253,#4261,#4263,.T.);
#4261 = VERTEX_POINT('',#4262);
#4262 = CARTESIAN_POINT('',(24.46,1.77,2.4));
#4263 = LINE('',#4264,#4265);
#4264 = CARTESIAN_POINT('',(24.46,1.77,-8.5));
#4265 = VECTOR('',#4266,1.);
#4266 = DIRECTION('',(0.,0.,1.));
#4267 = ORIENTED_EDGE('',*,*,#4268,.F.);
#4268 = EDGE_CURVE('',#4245,#4261,#4269,.T.);
#4269 = LINE('',#4270,#4271);
#4270 = CARTESIAN_POINT('',(24.46,1.13,2.4));
#4271 = VECTOR('',#4272,1.);
#4272 = DIRECTION('',(-0.,1.,0.));
#4273 = PLANE('',#4274);
#4274 = AXIS2_PLACEMENT_3D('',#4275,#4276,#4277);
#4275 = CARTESIAN_POINT('',(24.46,1.13,-8.5));
#4276 = DIRECTION('',(1.,0.,-0.));
#4277 = DIRECTION('',(0.,0.,1.));
#4278 = ADVANCED_FACE('',(#4279),#4313,.T.);
#4279 = FACE_BOUND('',#4280,.T.);
#4280 = EDGE_LOOP('',(#4281,#4291,#4299,#4307));
#4281 = ORIENTED_EDGE('',*,*,#4282,.F.);
#4282 = EDGE_CURVE('',#4283,#4285,#4287,.T.);
#4283 = VERTEX_POINT('',#4284);
#4284 = CARTESIAN_POINT('',(25.1,1.13,-8.5));
#4285 = VERTEX_POINT('',#4286);
#4286 = CARTESIAN_POINT('',(25.1,1.13,2.4));
#4287 = LINE('',#4288,#4289);
#4288 = CARTESIAN_POINT('',(25.1,1.13,-8.5));
#4289 = VECTOR('',#4290,1.);
#4290 = DIRECTION('',(0.,0.,1.));
#4291 = ORIENTED_EDGE('',*,*,#4292,.T.);
#4292 = EDGE_CURVE('',#4283,#4293,#4295,.T.);
#4293 = VERTEX_POINT('',#4294);
#4294 = CARTESIAN_POINT('',(25.1,1.77,-8.5));
#4295 = LINE('',#4296,#4297);
#4296 = CARTESIAN_POINT('',(25.1,1.13,-8.5));
#4297 = VECTOR('',#4298,1.);
#4298 = DIRECTION('',(-0.,1.,0.));
#4299 = ORIENTED_EDGE('',*,*,#4300,.T.);
#4300 = EDGE_CURVE('',#4293,#4301,#4303,.T.);
#4301 = VERTEX_POINT('',#4302);
#4302 = CARTESIAN_POINT('',(25.1,1.77,2.4));
#4303 = LINE('',#4304,#4305);
#4304 = CARTESIAN_POINT('',(25.1,1.77,-8.5));
#4305 = VECTOR('',#4306,1.);
#4306 = DIRECTION('',(0.,0.,1.));
#4307 = ORIENTED_EDGE('',*,*,#4308,.F.);
#4308 = EDGE_CURVE('',#4285,#4301,#4309,.T.);
#4309 = LINE('',#4310,#4311);
#4310 = CARTESIAN_POINT('',(25.1,1.13,2.4));
#4311 = VECTOR('',#4312,1.);
#4312 = DIRECTION('',(-0.,1.,0.));
#4313 = PLANE('',#4314);
#4314 = AXIS2_PLACEMENT_3D('',#4315,#4316,#4317);
#4315 = CARTESIAN_POINT('',(25.1,1.13,-8.5));
#4316 = DIRECTION('',(1.,0.,-0.));
#4317 = DIRECTION('',(0.,0.,1.));
#4318 = ADVANCED_FACE('',(#4319),#4335,.F.);
#4319 = FACE_BOUND('',#4320,.F.);
#4320 = EDGE_LOOP('',(#4321,#4327,#4328,#4334));
#4321 = ORIENTED_EDGE('',*,*,#4322,.F.);
#4322 = EDGE_CURVE('',#4243,#4283,#4323,.T.);
#4323 = LINE('',#4324,#4325);
#4324 = CARTESIAN_POINT('',(24.46,1.13,-8.5));
#4325 = VECTOR('',#4326,1.);
#4326 = DIRECTION('',(1.,0.,-0.));
#4327 = ORIENTED_EDGE('',*,*,#4242,.T.);
#4328 = ORIENTED_EDGE('',*,*,#4329,.T.);
#4329 = EDGE_CURVE('',#4245,#4285,#4330,.T.);
#4330 = LINE('',#4331,#4332);
#4331 = CARTESIAN_POINT('',(24.46,1.13,2.4));
#4332 = VECTOR('',#4333,1.);
#4333 = DIRECTION('',(1.,0.,-0.));
#4334 = ORIENTED_EDGE('',*,*,#4282,.F.);
#4335 = PLANE('',#4336);
#4336 = AXIS2_PLACEMENT_3D('',#4337,#4338,#4339);
#4337 = CARTESIAN_POINT('',(24.46,1.13,-8.5));
#4338 = DIRECTION('',(-0.,1.,0.));
#4339 = DIRECTION('',(0.,0.,1.));
#4340 = ADVANCED_FACE('',(#4341),#4357,.T.);
#4341 = FACE_BOUND('',#4342,.T.);
#4342 = EDGE_LOOP('',(#4343,#4349,#4350,#4356));
#4343 = ORIENTED_EDGE('',*,*,#4344,.F.);
#4344 = EDGE_CURVE('',#4253,#4293,#4345,.T.);
#4345 = LINE('',#4346,#4347);
#4346 = CARTESIAN_POINT('',(24.46,1.77,-8.5));
#4347 = VECTOR('',#4348,1.);
#4348 = DIRECTION('',(1.,0.,-0.));
#4349 = ORIENTED_EDGE('',*,*,#4260,.T.);
#4350 = ORIENTED_EDGE('',*,*,#4351,.T.);
#4351 = EDGE_CURVE('',#4261,#4301,#4352,.T.);
#4352 = LINE('',#4353,#4354);
#4353 = CARTESIAN_POINT('',(24.46,1.77,2.4));
#4354 = VECTOR('',#4355,1.);
#4355 = DIRECTION('',(1.,0.,-0.));
#4356 = ORIENTED_EDGE('',*,*,#4300,.F.);
#4357 = PLANE('',#4358);
#4358 = AXIS2_PLACEMENT_3D('',#4359,#4360,#4361);
#4359 = CARTESIAN_POINT('',(24.46,1.77,-8.5));
#4360 = DIRECTION('',(-0.,1.,0.));
#4361 = DIRECTION('',(0.,0.,1.));
#4362 = ADVANCED_FACE('',(#4363),#4369,.F.);
#4363 = FACE_BOUND('',#4364,.F.);
#4364 = EDGE_LOOP('',(#4365,#4366,#4367,#4368));
#4365 = ORIENTED_EDGE('',*,*,#4252,.F.);
#4366 = ORIENTED_EDGE('',*,*,#4322,.T.);
#4367 = ORIENTED_EDGE('',*,*,#4292,.T.);
#4368 = ORIENTED_EDGE('',*,*,#4344,.F.);
#4369 = PLANE('',#4370);
#4370 = AXIS2_PLACEMENT_3D('',#4371,#4372,#4373);
#4371 = CARTESIAN_POINT('',(24.46,1.13,-8.5));
#4372 = DIRECTION('',(0.,0.,1.));
#4373 = DIRECTION('',(1.,0.,-0.));
#4374 = ADVANCED_FACE('',(#4375),#4381,.T.);
#4375 = FACE_BOUND('',#4376,.T.);
#4376 = EDGE_LOOP('',(#4377,#4378,#4379,#4380));
#4377 = ORIENTED_EDGE('',*,*,#4268,.F.);
#4378 = ORIENTED_EDGE('',*,*,#4329,.T.);
#4379 = ORIENTED_EDGE('',*,*,#4308,.T.);
#4380 = ORIENTED_EDGE('',*,*,#4351,.F.);
#4381 = PLANE('',#4382);
#4382 = AXIS2_PLACEMENT_3D('',#4383,#4384,#4385);
#4383 = CARTESIAN_POINT('',(24.46,1.13,2.4));
#4384 = DIRECTION('',(0.,0.,1.));
#4385 = DIRECTION('',(1.,0.,-0.));
#4386 = ( GEOMETRIC_REPRESENTATION_CONTEXT(3) 
GLOBAL_UNCERTAINTY_ASSIGNED_CONTEXT((#4390)) 
GLOBAL_UNIT_ASSIGNED_CONTEXT((#4387,#4388,#4389)) REPRESENTATION_CONTEXT
('Context #1','3D Context with UNIT and UNCERTAINTY') );
#4387 = ( LENGTH_UNIT() NAMED_UNIT(*) SI_UNIT(.MILLI.,.METRE.) );
#4388 = ( NAMED_UNIT(*) PLANE_ANGLE_UNIT() SI_UNIT($,.RADIAN.) );
#4389 = ( NAMED_UNIT(*) SI_UNIT($,.STERADIAN.) SOLID_ANGLE_UNIT() );
#4390 = UNCERTAINTY_MEASURE_WITH_UNIT(LENGTH_MEASURE(1.E-07),#4387,
  'distance_accuracy_value','confusion accuracy');
#4391 = CONTEXT_DEPENDENT_SHAPE_REPRESENTATION(#4392,#4394);
#4392 = ( REPRESENTATION_RELATIONSHIP('','',#4235,#10) 
REPRESENTATION_RELATIONSHIP_WITH_TRANSFORMATION(#4393) 
SHAPE_REPRESENTATION_RELATIONSHIP() );
#4393 = ITEM_DEFINED_TRANSFORMATION('','',#11,#83);
#4394 = PRODUCT_DEFINITION_SHAPE('Placement','Placement of an item',
  #4395);
#4395 = NEXT_ASSEMBLY_USAGE_OCCURRENCE('18','Header1_Pin08','',#5,#4230,
  $);
#4396 = PRODUCT_RELATED_PRODUCT_CATEGORY('part',$,(#4232));
#4397 = SHAPE_DEFINITION_REPRESENTATION(#4398,#4404);
#4398 = PRODUCT_DEFINITION_SHAPE('','',#4399);
#4399 = PRODUCT_DEFINITION('design','',#4400,#4403);
#4400 = PRODUCT_DEFINITION_FORMATION('','',#4401);
#4401 = PRODUCT('Header1_Pin09','Header1_Pin09','',(#4402));
#4402 = PRODUCT_CONTEXT('',#2,'mechanical');
#4403 = PRODUCT_DEFINITION_CONTEXT('part definition',#2,'design');
#4404 = ADVANCED_BREP_SHAPE_REPRESENTATION('',(#11,#4405),#4555);
#4405 = MANIFOLD_SOLID_BREP('',#4406);
#4406 = CLOSED_SHELL('',(#4407,#4447,#4487,#4509,#4531,#4543));
#4407 = ADVANCED_FACE('',(#4408),#4442,.F.);
#4408 = FACE_BOUND('',#4409,.F.);
#4409 = EDGE_LOOP('',(#4410,#4420,#4428,#4436));
#4410 = ORIENTED_EDGE('',*,*,#4411,.F.);
#4411 = EDGE_CURVE('',#4412,#4414,#4416,.T.);
#4412 = VERTEX_POINT('',#4413);
#4413 = CARTESIAN_POINT('',(27.,1.13,-8.5));
#4414 = VERTEX_POINT('',#4415);
#4415 = CARTESIAN_POINT('',(27.,1.13,2.4));
#4416 = LINE('',#4417,#4418);
#4417 = CARTESIAN_POINT('',(27.,1.13,-8.5));
#4418 = VECTOR('',#4419,1.);
#4419 = DIRECTION('',(0.,0.,1.));
#4420 = ORIENTED_EDGE('',*,*,#4421,.T.);
#4421 = EDGE_CURVE('',#4412,#4422,#4424,.T.);
#4422 = VERTEX_POINT('',#4423);
#4423 = CARTESIAN_POINT('',(27.,1.77,-8.5));
#4424 = LINE('',#4425,#4426);
#4425 = CARTESIAN_POINT('',(27.,1.13,-8.5));
#4426 = VECTOR('',#4427,1.);
#4427 = DIRECTION('',(-0.,1.,0.));
#4428 = ORIENTED_EDGE('',*,*,#4429,.T.);
#4429 = EDGE_CURVE('',#4422,#4430,#4432,.T.);
#4430 = VERTEX_POINT('',#4431);
#4431 = CARTESIAN_POINT('',(27.,1.77,2.4));
#4432 = LINE('',#4433,#4434);
#4433 = CARTESIAN_POINT('',(27.,1.77,-8.5));
#4434 = VECTOR('',#4435,1.);
#4435 = DIRECTION('',(0.,0.,1.));
#4436 = ORIENTED_EDGE('',*,*,#4437,.F.);
#4437 = EDGE_CURVE('',#4414,#4430,#4438,.T.);
#4438 = LINE('',#4439,#4440);
#4439 = CARTESIAN_POINT('',(27.,1.13,2.4));
#4440 = VECTOR('',#4441,1.);
#4441 = DIRECTION('',(-0.,1.,0.));
#4442 = PLANE('',#4443);
#4443 = AXIS2_PLACEMENT_3D('',#4444,#4445,#4446);
#4444 = CARTESIAN_POINT('',(27.,1.13,-8.5));
#4445 = DIRECTION('',(1.,0.,-0.));
#4446 = DIRECTION('',(0.,0.,1.));
#4447 = ADVANCED_FACE('',(#4448),#4482,.T.);
#4448 = FACE_BOUND('',#4449,.T.);
#4449 = EDGE_LOOP('',(#4450,#4460,#4468,#4476));
#4450 = ORIENTED_EDGE('',*,*,#4451,.F.);
#4451 = EDGE_CURVE('',#4452,#4454,#4456,.T.);
#4452 = VERTEX_POINT('',#4453);
#4453 = CARTESIAN_POINT('',(27.64,1.13,-8.5));
#4454 = VERTEX_POINT('',#4455);
#4455 = CARTESIAN_POINT('',(27.64,1.13,2.4));
#4456 = LINE('',#4457,#4458);
#4457 = CARTESIAN_POINT('',(27.64,1.13,-8.5));
#4458 = VECTOR('',#4459,1.);
#4459 = DIRECTION('',(0.,0.,1.));
#4460 = ORIENTED_EDGE('',*,*,#4461,.T.);
#4461 = EDGE_CURVE('',#4452,#4462,#4464,.T.);
#4462 = VERTEX_POINT('',#4463);
#4463 = CARTESIAN_POINT('',(27.64,1.77,-8.5));
#4464 = LINE('',#4465,#4466);
#4465 = CARTESIAN_POINT('',(27.64,1.13,-8.5));
#4466 = VECTOR('',#4467,1.);
#4467 = DIRECTION('',(-0.,1.,0.));
#4468 = ORIENTED_EDGE('',*,*,#4469,.T.);
#4469 = EDGE_CURVE('',#4462,#4470,#4472,.T.);
#4470 = VERTEX_POINT('',#4471);
#4471 = CARTESIAN_POINT('',(27.64,1.77,2.4));
#4472 = LINE('',#4473,#4474);
#4473 = CARTESIAN_POINT('',(27.64,1.77,-8.5));
#4474 = VECTOR('',#4475,1.);
#4475 = DIRECTION('',(0.,0.,1.));
#4476 = ORIENTED_EDGE('',*,*,#4477,.F.);
#4477 = EDGE_CURVE('',#4454,#4470,#4478,.T.);
#4478 = LINE('',#4479,#4480);
#4479 = CARTESIAN_POINT('',(27.64,1.13,2.4));
#4480 = VECTOR('',#4481,1.);
#4481 = DIRECTION('',(-0.,1.,0.));
#4482 = PLANE('',#4483);
#4483 = AXIS2_PLACEMENT_3D('',#4484,#4485,#4486);
#4484 = CARTESIAN_POINT('',(27.64,1.13,-8.5));
#4485 = DIRECTION('',(1.,0.,-0.));
#4486 = DIRECTION('',(0.,0.,1.));
#4487 = ADVANCED_FACE('',(#4488),#4504,.F.);
#4488 = FACE_BOUND('',#4489,.F.);
#4489 = EDGE_LOOP('',(#4490,#4496,#4497,#4503));
#4490 = ORIENTED_EDGE('',*,*,#4491,.F.);
#4491 = EDGE_CURVE('',#4412,#4452,#4492,.T.);
#4492 = LINE('',#4493,#4494);
#4493 = CARTESIAN_POINT('',(27.,1.13,-8.5));
#4494 = VECTOR('',#4495,1.);
#4495 = DIRECTION('',(1.,0.,-0.));
#4496 = ORIENTED_EDGE('',*,*,#4411,.T.);
#4497 = ORIENTED_EDGE('',*,*,#4498,.T.);
#4498 = EDGE_CURVE('',#4414,#4454,#4499,.T.);
#4499 = LINE('',#4500,#4501);
#4500 = CARTESIAN_POINT('',(27.,1.13,2.4));
#4501 = VECTOR('',#4502,1.);
#4502 = DIRECTION('',(1.,0.,-0.));
#4503 = ORIENTED_EDGE('',*,*,#4451,.F.);
#4504 = PLANE('',#4505);
#4505 = AXIS2_PLACEMENT_3D('',#4506,#4507,#4508);
#4506 = CARTESIAN_POINT('',(27.,1.13,-8.5));
#4507 = DIRECTION('',(-0.,1.,0.));
#4508 = DIRECTION('',(0.,0.,1.));
#4509 = ADVANCED_FACE('',(#4510),#4526,.T.);
#4510 = FACE_BOUND('',#4511,.T.);
#4511 = EDGE_LOOP('',(#4512,#4518,#4519,#4525));
#4512 = ORIENTED_EDGE('',*,*,#4513,.F.);
#4513 = EDGE_CURVE('',#4422,#4462,#4514,.T.);
#4514 = LINE('',#4515,#4516);
#4515 = CARTESIAN_POINT('',(27.,1.77,-8.5));
#4516 = VECTOR('',#4517,1.);
#4517 = DIRECTION('',(1.,0.,-0.));
#4518 = ORIENTED_EDGE('',*,*,#4429,.T.);
#4519 = ORIENTED_EDGE('',*,*,#4520,.T.);
#4520 = EDGE_CURVE('',#4430,#4470,#4521,.T.);
#4521 = LINE('',#4522,#4523);
#4522 = CARTESIAN_POINT('',(27.,1.77,2.4));
#4523 = VECTOR('',#4524,1.);
#4524 = DIRECTION('',(1.,0.,-0.));
#4525 = ORIENTED_EDGE('',*,*,#4469,.F.);
#4526 = PLANE('',#4527);
#4527 = AXIS2_PLACEMENT_3D('',#4528,#4529,#4530);
#4528 = CARTESIAN_POINT('',(27.,1.77,-8.5));
#4529 = DIRECTION('',(-0.,1.,0.));
#4530 = DIRECTION('',(0.,0.,1.));
#4531 = ADVANCED_FACE('',(#4532),#4538,.F.);
#4532 = FACE_BOUND('',#4533,.F.);
#4533 = EDGE_LOOP('',(#4534,#4535,#4536,#4537));
#4534 = ORIENTED_EDGE('',*,*,#4421,.F.);
#4535 = ORIENTED_EDGE('',*,*,#4491,.T.);
#4536 = ORIENTED_EDGE('',*,*,#4461,.T.);
#4537 = ORIENTED_EDGE('',*,*,#4513,.F.);
#4538 = PLANE('',#4539);
#4539 = AXIS2_PLACEMENT_3D('',#4540,#4541,#4542);
#4540 = CARTESIAN_POINT('',(27.,1.13,-8.5));
#4541 = DIRECTION('',(0.,0.,1.));
#4542 = DIRECTION('',(1.,0.,-0.));
#4543 = ADVANCED_FACE('',(#4544),#4550,.T.);
#4544 = FACE_BOUND('',#4545,.T.);
#4545 = EDGE_LOOP('',(#4546,#4547,#4548,#4549));
#4546 = ORIENTED_EDGE('',*,*,#4437,.F.);
#4547 = ORIENTED_EDGE('',*,*,#4498,.T.);
#4548 = ORIENTED_EDGE('',*,*,#4477,.T.);
#4549 = ORIENTED_EDGE('',*,*,#4520,.F.);
#4550 = PLANE('',#4551);
#4551 = AXIS2_PLACEMENT_3D('',#4552,#4553,#4554);
#4552 = CARTESIAN_POINT('',(27.,1.13,2.4));
#4553 = DIRECTION('',(0.,0.,1.));
#4554 = DIRECTION('',(1.,0.,-0.));
#4555 = ( GEOMETRIC_REPRESENTATION_CONTEXT(3) 
GLOBAL_UNCERTAINTY_ASSIGNED_CONTEXT((#4559)) 
GLOBAL_UNIT_ASSIGNED_CONTEXT((#4556,#4557,#4558)) REPRESENTATION_CONTEXT
('Context #1','3D Context with UNIT and UNCERTAINTY') );
#4556 = ( LENGTH_UNIT() NAMED_UNIT(*) SI_UNIT(.MILLI.,.METRE.) );
#4557 = ( NAMED_UNIT(*) PLANE_ANGLE_UNIT() SI_UNIT($,.RADIAN.) );
#4558 = ( NAMED_UNIT(*) SI_UNIT($,.STERADIAN.) SOLID_ANGLE_UNIT() );
#4559 = UNCERTAINTY_MEASURE_WITH_UNIT(LENGTH_MEASURE(1.E-07),#4556,
  'distance_accuracy_value','confusion accuracy');
#4560 = CONTEXT_DEPENDENT_SHAPE_REPRESENTATION(#4561,#4563);
#4561 = ( REPRESENTATION_RELATIONSHIP('','',#4404,#10) 
REPRESENTATION_RELATIONSHIP_WITH_TRANSFORMATION(#4562) 
SHAPE_REPRESENTATION_RELATIONSHIP() );
#4562 = ITEM_DEFINED_TRANSFORMATION('','',#11,#87);
#4563 = PRODUCT_DEFINITION_SHAPE('Placement','Placement of an item',
  #4564);
#4564 = NEXT_ASSEMBLY_USAGE_OCCURRENCE('19','Header1_Pin09','',#5,#4399,
  $);
#4565 = PRODUCT_RELATED_PRODUCT_CATEGORY('part',$,(#4401));
#4566 = SHAPE_DEFINITION_REPRESENTATION(#4567,#4573);
#4567 = PRODUCT_DEFINITION_SHAPE('','',#4568);
#4568 = PRODUCT_DEFINITION('design','',#4569,#4572);
#4569 = PRODUCT_DEFINITION_FORMATION('','',#4570);
#4570 = PRODUCT('Header1_Pin10','Header1_Pin10','',(#4571));
#4571 = PRODUCT_CONTEXT('',#2,'mechanical');
#4572 = PRODUCT_DEFINITION_CONTEXT('part definition',#2,'design');
#4573 = ADVANCED_BREP_SHAPE_REPRESENTATION('',(#11,#4574),#4724);
#4574 = MANIFOLD_SOLID_BREP('',#4575);
#4575 = CLOSED_SHELL('',(#4576,#4616,#4656,#4678,#4700,#4712));
#4576 = ADVANCED_FACE('',(#4577),#4611,.F.);
#4577 = FACE_BOUND('',#4578,.F.);
#4578 = EDGE_LOOP('',(#4579,#4589,#4597,#4605));
#4579 = ORIENTED_EDGE('',*,*,#4580,.F.);
#4580 = EDGE_CURVE('',#4581,#4583,#4585,.T.);
#4581 = VERTEX_POINT('',#4582);
#4582 = CARTESIAN_POINT('',(29.54,1.13,-8.5));
#4583 = VERTEX_POINT('',#4584);
#4584 = CARTESIAN_POINT('',(29.54,1.13,2.4));
#4585 = LINE('',#4586,#4587);
#4586 = CARTESIAN_POINT('',(29.54,1.13,-8.5));
#4587 = VECTOR('',#4588,1.);
#4588 = DIRECTION('',(0.,0.,1.));
#4589 = ORIENTED_EDGE('',*,*,#4590,.T.);
#4590 = EDGE_CURVE('',#4581,#4591,#4593,.T.);
#4591 = VERTEX_POINT('',#4592);
#4592 = CARTESIAN_POINT('',(29.54,1.77,-8.5));
#4593 = LINE('',#4594,#4595);
#4594 = CARTESIAN_POINT('',(29.54,1.13,-8.5));
#4595 = VECTOR('',#4596,1.);
#4596 = DIRECTION('',(-0.,1.,0.));
#4597 = ORIENTED_EDGE('',*,*,#4598,.T.);
#4598 = EDGE_CURVE('',#4591,#4599,#4601,.T.);
#4599 = VERTEX_POINT('',#4600);
#4600 = CARTESIAN_POINT('',(29.54,1.77,2.4));
#4601 = LINE('',#4602,#4603);
#4602 = CARTESIAN_POINT('',(29.54,1.77,-8.5));
#4603 = VECTOR('',#4604,1.);
#4604 = DIRECTION('',(0.,0.,1.));
#4605 = ORIENTED_EDGE('',*,*,#4606,.F.);
#4606 = EDGE_CURVE('',#4583,#4599,#4607,.T.);
#4607 = LINE('',#4608,#4609);
#4608 = CARTESIAN_POINT('',(29.54,1.13,2.4));
#4609 = VECTOR('',#4610,1.);
#4610 = DIRECTION('',(-0.,1.,0.));
#4611 = PLANE('',#4612);
#4612 = AXIS2_PLACEMENT_3D('',#4613,#4614,#4615);
#4613 = CARTESIAN_POINT('',(29.54,1.13,-8.5));
#4614 = DIRECTION('',(1.,0.,-0.));
#4615 = DIRECTION('',(0.,0.,1.));
#4616 = ADVANCED_FACE('',(#4617),#4651,.T.);
#4617 = FACE_BOUND('',#4618,.T.);
#4618 = EDGE_LOOP('',(#4619,#4629,#4637,#4645));
#4619 = ORIENTED_EDGE('',*,*,#4620,.F.);
#4620 = EDGE_CURVE('',#4621,#4623,#4625,.T.);
#4621 = VERTEX_POINT('',#4622);
#4622 = CARTESIAN_POINT('',(30.18,1.13,-8.5));
#4623 = VERTEX_POINT('',#4624);
#4624 = CARTESIAN_POINT('',(30.18,1.13,2.4));
#4625 = LINE('',#4626,#4627);
#4626 = CARTESIAN_POINT('',(30.18,1.13,-8.5));
#4627 = VECTOR('',#4628,1.);
#4628 = DIRECTION('',(0.,0.,1.));
#4629 = ORIENTED_EDGE('',*,*,#4630,.T.);
#4630 = EDGE_CURVE('',#4621,#4631,#4633,.T.);
#4631 = VERTEX_POINT('',#4632);
#4632 = CARTESIAN_POINT('',(30.18,1.77,-8.5));
#4633 = LINE('',#4634,#4635);
#4634 = CARTESIAN_POINT('',(30.18,1.13,-8.5));
#4635 = VECTOR('',#4636,1.);
#4636 = DIRECTION('',(-0.,1.,0.));
#4637 = ORIENTED_EDGE('',*,*,#4638,.T.);
#4638 = EDGE_CURVE('',#4631,#4639,#4641,.T.);
#4639 = VERTEX_POINT('',#4640);
#4640 = CARTESIAN_POINT('',(30.18,1.77,2.4));
#4641 = LINE('',#4642,#4643);
#4642 = CARTESIAN_POINT('',(30.18,1.77,-8.5));
#4643 = VECTOR('',#4644,1.);
#4644 = DIRECTION('',(0.,0.,1.));
#4645 = ORIENTED_EDGE('',*,*,#4646,.F.);
#4646 = EDGE_CURVE('',#4623,#4639,#4647,.T.);
#4647 = LINE('',#4648,#4649);
#4648 = CARTESIAN_POINT('',(30.18,1.13,2.4));
#4649 = VECTOR('',#4650,1.);
#4650 = DIRECTION('',(-0.,1.,0.));
#4651 = PLANE('',#4652);
#4652 = AXIS2_PLACEMENT_3D('',#4653,#4654,#4655);
#4653 = CARTESIAN_POINT('',(30.18,1.13,-8.5));
#4654 = DIRECTION('',(1.,0.,-0.));
#4655 = DIRECTION('',(0.,0.,1.));
#4656 = ADVANCED_FACE('',(#4657),#4673,.F.);
#4657 = FACE_BOUND('',#4658,.F.);
#4658 = EDGE_LOOP('',(#4659,#4665,#4666,#4672));
#4659 = ORIENTED_EDGE('',*,*,#4660,.F.);
#4660 = EDGE_CURVE('',#4581,#4621,#4661,.T.);
#4661 = LINE('',#4662,#4663);
#4662 = CARTESIAN_POINT('',(29.54,1.13,-8.5));
#4663 = VECTOR('',#4664,1.);
#4664 = DIRECTION('',(1.,0.,-0.));
#4665 = ORIENTED_EDGE('',*,*,#4580,.T.);
#4666 = ORIENTED_EDGE('',*,*,#4667,.T.);
#4667 = EDGE_CURVE('',#4583,#4623,#4668,.T.);
#4668 = LINE('',#4669,#4670);
#4669 = CARTESIAN_POINT('',(29.54,1.13,2.4));
#4670 = VECTOR('',#4671,1.);
#4671 = DIRECTION('',(1.,0.,-0.));
#4672 = ORIENTED_EDGE('',*,*,#4620,.F.);
#4673 = PLANE('',#4674);
#4674 = AXIS2_PLACEMENT_3D('',#4675,#4676,#4677);
#4675 = CARTESIAN_POINT('',(29.54,1.13,-8.5));
#4676 = DIRECTION('',(-0.,1.,0.));
#4677 = DIRECTION('',(0.,0.,1.));
#4678 = ADVANCED_FACE('',(#4679),#4695,.T.);
#4679 = FACE_BOUND('',#4680,.T.);
#4680 = EDGE_LOOP('',(#4681,#4687,#4688,#4694));
#4681 = ORIENTED_EDGE('',*,*,#4682,.F.);
#4682 = EDGE_CURVE('',#4591,#4631,#4683,.T.);
#4683 = LINE('',#4684,#4685);
#4684 = CARTESIAN_POINT('',(29.54,1.77,-8.5));
#4685 = VECTOR('',#4686,1.);
#4686 = DIRECTION('',(1.,0.,-0.));
#4687 = ORIENTED_EDGE('',*,*,#4598,.T.);
#4688 = ORIENTED_EDGE('',*,*,#4689,.T.);
#4689 = EDGE_CURVE('',#4599,#4639,#4690,.T.);
#4690 = LINE('',#4691,#4692);
#4691 = CARTESIAN_POINT('',(29.54,1.77,2.4));
#4692 = VECTOR('',#4693,1.);
#4693 = DIRECTION('',(1.,0.,-0.));
#4694 = ORIENTED_EDGE('',*,*,#4638,.F.);
#4695 = PLANE('',#4696);
#4696 = AXIS2_PLACEMENT_3D('',#4697,#4698,#4699);
#4697 = CARTESIAN_POINT('',(29.54,1.77,-8.5));
#4698 = DIRECTION('',(-0.,1.,0.));
#4699 = DIRECTION('',(0.,0.,1.));
#4700 = ADVANCED_FACE('',(#4701),#4707,.F.);
#4701 = FACE_BOUND('',#4702,.F.);
#4702 = EDGE_LOOP('',(#4703,#4704,#4705,#4706));
#4703 = ORIENTED_EDGE('',*,*,#4590,.F.);
#4704 = ORIENTED_EDGE('',*,*,#4660,.T.);
#4705 = ORIENTED_EDGE('',*,*,#4630,.T.);
#4706 = ORIENTED_EDGE('',*,*,#4682,.F.);
#4707 = PLANE('',#4708);
#4708 = AXIS2_PLACEMENT_3D('',#4709,#4710,#4711);
#4709 = CARTESIAN_POINT('',(29.54,1.13,-8.5));
#4710 = DIRECTION('',(0.,0.,1.));
#4711 = DIRECTION('',(1.,0.,-0.));
#4712 = ADVANCED_FACE('',(#4713),#4719,.T.);
#4713 = FACE_BOUND('',#4714,.T.);
#4714 = EDGE_LOOP('',(#4715,#4716,#4717,#4718));
#4715 = ORIENTED_EDGE('',*,*,#4606,.F.);
#4716 = ORIENTED_EDGE('',*,*,#4667,.T.);
#4717 = ORIENTED_EDGE('',*,*,#4646,.T.);
#4718 = ORIENTED_EDGE('',*,*,#4689,.F.);
#4719 = PLANE('',#4720);
#4720 = AXIS2_PLACEMENT_3D('',#4721,#4722,#4723);
#4721 = CARTESIAN_POINT('',(29.54,1.13,2.4));
#4722 = DIRECTION('',(0.,0.,1.));
#4723 = DIRECTION('',(1.,0.,-0.));
#4724 = ( GEOMETRIC_REPRESENTATION_CONTEXT(3) 
GLOBAL_UNCERTAINTY_ASSIGNED_CONTEXT((#4728)) 
GLOBAL_UNIT_ASSIGNED_CONTEXT((#4725,#4726,#4727)) REPRESENTATION_CONTEXT
('Context #1','3D Context with UNIT and UNCERTAINTY') );
#4725 = ( LENGTH_UNIT() NAMED_UNIT(*) SI_UNIT(.MILLI.,.METRE.) );
#4726 = ( NAMED_UNIT(*) PLANE_ANGLE_UNIT() SI_UNIT($,.RADIAN.) );
#4727 = ( NAMED_UNIT(*) SI_UNIT($,.STERADIAN.) SOLID_ANGLE_UNIT() );
#4728 = UNCERTAINTY_MEASURE_WITH_UNIT(LENGTH_MEASURE(1.E-07),#4725,
  'distance_accuracy_value','confusion accuracy');
#4729 = CONTEXT_DEPENDENT_SHAPE_REPRESENTATION(#4730,#4732);
#4730 = ( REPRESENTATION_RELATIONSHIP('','',#4573,#10) 
REPRESENTATION_RELATIONSHIP_WITH_TRANSFORMATION(#4731) 
SHAPE_REPRESENTATION_RELATIONSHIP() );
#4731 = ITEM_DEFINED_TRANSFORMATION('','',#11,#91);
#4732 = PRODUCT_DEFINITION_SHAPE('Placement','Placement of an item',
  #4733);
#4733 = NEXT_ASSEMBLY_USAGE_OCCURRENCE('20','Header1_Pin10','',#5,#4568,
  $);
#4734 = PRODUCT_RELATED_PRODUCT_CATEGORY('part',$,(#4570));
#4735 = SHAPE_DEFINITION_REPRESENTATION(#4736,#4742);
#4736 = PRODUCT_DEFINITION_SHAPE('','',#4737);
#4737 = PRODUCT_DEFINITION('design','',#4738,#4741);
#4738 = PRODUCT_DEFINITION_FORMATION('','',#4739);
#4739 = PRODUCT('Header1_Pin11','Header1_Pin11','',(#4740));
#4740 = PRODUCT_CONTEXT('',#2,'mechanical');
#4741 = PRODUCT_DEFINITION_CONTEXT('part definition',#2,'design');
#4742 = ADVANCED_BREP_SHAPE_REPRESENTATION('',(#11,#4743),#4893);
#4743 = MANIFOLD_SOLID_BREP('',#4744);
#4744 = CLOSED_SHELL('',(#4745,#4785,#4825,#4847,#4869,#4881));
#4745 = ADVANCED_FACE('',(#4746),#4780,.F.);
#4746 = FACE_BOUND('',#4747,.F.);
#4747 = EDGE_LOOP('',(#4748,#4758,#4766,#4774));
#4748 = ORIENTED_EDGE('',*,*,#4749,.F.);
#4749 = EDGE_CURVE('',#4750,#4752,#4754,.T.);
#4750 = VERTEX_POINT('',#4751);
#4751 = CARTESIAN_POINT('',(32.08,1.13,-8.5));
#4752 = VERTEX_POINT('',#4753);
#4753 = CARTESIAN_POINT('',(32.08,1.13,2.4));
#4754 = LINE('',#4755,#4756);
#4755 = CARTESIAN_POINT('',(32.08,1.13,-8.5));
#4756 = VECTOR('',#4757,1.);
#4757 = DIRECTION('',(0.,0.,1.));
#4758 = ORIENTED_EDGE('',*,*,#4759,.T.);
#4759 = EDGE_CURVE('',#4750,#4760,#4762,.T.);
#4760 = VERTEX_POINT('',#4761);
#4761 = CARTESIAN_POINT('',(32.08,1.77,-8.5));
#4762 = LINE('',#4763,#4764);
#4763 = CARTESIAN_POINT('',(32.08,1.13,-8.5));
#4764 = VECTOR('',#4765,1.);
#4765 = DIRECTION('',(-0.,1.,0.));
#4766 = ORIENTED_EDGE('',*,*,#4767,.T.);
#4767 = EDGE_CURVE('',#4760,#4768,#4770,.T.);
#4768 = VERTEX_POINT('',#4769);
#4769 = CARTESIAN_POINT('',(32.08,1.77,2.4));
#4770 = LINE('',#4771,#4772);
#4771 = CARTESIAN_POINT('',(32.08,1.77,-8.5));
#4772 = VECTOR('',#4773,1.);
#4773 = DIRECTION('',(0.,0.,1.));
#4774 = ORIENTED_EDGE('',*,*,#4775,.F.);
#4775 = EDGE_CURVE('',#4752,#4768,#4776,.T.);
#4776 = LINE('',#4777,#4778);
#4777 = CARTESIAN_POINT('',(32.08,1.13,2.4));
#4778 = VECTOR('',#4779,1.);
#4779 = DIRECTION('',(-0.,1.,0.));
#4780 = PLANE('',#4781);
#4781 = AXIS2_PLACEMENT_3D('',#4782,#4783,#4784);
#4782 = CARTESIAN_POINT('',(32.08,1.13,-8.5));
#4783 = DIRECTION('',(1.,0.,-0.));
#4784 = DIRECTION('',(0.,0.,1.));
#4785 = ADVANCED_FACE('',(#4786),#4820,.T.);
#4786 = FACE_BOUND('',#4787,.T.);
#4787 = EDGE_LOOP('',(#4788,#4798,#4806,#4814));
#4788 = ORIENTED_EDGE('',*,*,#4789,.F.);
#4789 = EDGE_CURVE('',#4790,#4792,#4794,.T.);
#4790 = VERTEX_POINT('',#4791);
#4791 = CARTESIAN_POINT('',(32.72,1.13,-8.5));
#4792 = VERTEX_POINT('',#4793);
#4793 = CARTESIAN_POINT('',(32.72,1.13,2.4));
#4794 = LINE('',#4795,#4796);
#4795 = CARTESIAN_POINT('',(32.72,1.13,-8.5));
#4796 = VECTOR('',#4797,1.);
#4797 = DIRECTION('',(0.,0.,1.));
#4798 = ORIENTED_EDGE('',*,*,#4799,.T.);
#4799 = EDGE_CURVE('',#4790,#4800,#4802,.T.);
#4800 = VERTEX_POINT('',#4801);
#4801 = CARTESIAN_POINT('',(32.72,1.77,-8.5));
#4802 = LINE('',#4803,#4804);
#4803 = CARTESIAN_POINT('',(32.72,1.13,-8.5));
#4804 = VECTOR('',#4805,1.);
#4805 = DIRECTION('',(-0.,1.,0.));
#4806 = ORIENTED_EDGE('',*,*,#4807,.T.);
#4807 = EDGE_CURVE('',#4800,#4808,#4810,.T.);
#4808 = VERTEX_POINT('',#4809);
#4809 = CARTESIAN_POINT('',(32.72,1.77,2.4));
#4810 = LINE('',#4811,#4812);
#4811 = CARTESIAN_POINT('',(32.72,1.77,-8.5));
#4812 = VECTOR('',#4813,1.);
#4813 = DIRECTION('',(0.,0.,1.));
#4814 = ORIENTED_EDGE('',*,*,#4815,.F.);
#4815 = EDGE_CURVE('',#4792,#4808,#4816,.T.);
#4816 = LINE('',#4817,#4818);
#4817 = CARTESIAN_POINT('',(32.72,1.13,2.4));
#4818 = VECTOR('',#4819,1.);
#4819 = DIRECTION('',(-0.,1.,0.));
#4820 = PLANE('',#4821);
#4821 = AXIS2_PLACEMENT_3D('',#4822,#4823,#4824);
#4822 = CARTESIAN_POINT('',(32.72,1.13,-8.5));
#4823 = DIRECTION('',(1.,0.,-0.));
#4824 = DIRECTION('',(0.,0.,1.));
#4825 = ADVANCED_FACE('',(#4826),#4842,.F.);
#4826 = FACE_BOUND('',#4827,.F.);
#4827 = EDGE_LOOP('',(#4828,#4834,#4835,#4841));
#4828 = ORIENTED_EDGE('',*,*,#4829,.F.);
#4829 = EDGE_CURVE('',#4750,#4790,#4830,.T.);
#4830 = LINE('',#4831,#4832);
#4831 = CARTESIAN_POINT('',(32.08,1.13,-8.5));
#4832 = VECTOR('',#4833,1.);
#4833 = DIRECTION('',(1.,0.,-0.));
#4834 = ORIENTED_EDGE('',*,*,#4749,.T.);
#4835 = ORIENTED_EDGE('',*,*,#4836,.T.);
#4836 = EDGE_CURVE('',#4752,#4792,#4837,.T.);
#4837 = LINE('',#4838,#4839);
#4838 = CARTESIAN_POINT('',(32.08,1.13,2.4));
#4839 = VECTOR('',#4840,1.);
#4840 = DIRECTION('',(1.,0.,-0.));
#4841 = ORIENTED_EDGE('',*,*,#4789,.F.);
#4842 = PLANE('',#4843);
#4843 = AXIS2_PLACEMENT_3D('',#4844,#4845,#4846);
#4844 = CARTESIAN_POINT('',(32.08,1.13,-8.5));
#4845 = DIRECTION('',(-0.,1.,0.));
#4846 = DIRECTION('',(0.,0.,1.));
#4847 = ADVANCED_FACE('',(#4848),#4864,.T.);
#4848 = FACE_BOUND('',#4849,.T.);
#4849 = EDGE_LOOP('',(#4850,#4856,#4857,#4863));
#4850 = ORIENTED_EDGE('',*,*,#4851,.F.);
#4851 = EDGE_CURVE('',#4760,#4800,#4852,.T.);
#4852 = LINE('',#4853,#4854);
#4853 = CARTESIAN_POINT('',(32.08,1.77,-8.5));
#4854 = VECTOR('',#4855,1.);
#4855 = DIRECTION('',(1.,0.,-0.));
#4856 = ORIENTED_EDGE('',*,*,#4767,.T.);
#4857 = ORIENTED_EDGE('',*,*,#4858,.T.);
#4858 = EDGE_CURVE('',#4768,#4808,#4859,.T.);
#4859 = LINE('',#4860,#4861);
#4860 = CARTESIAN_POINT('',(32.08,1.77,2.4));
#4861 = VECTOR('',#4862,1.);
#4862 = DIRECTION('',(1.,0.,-0.));
#4863 = ORIENTED_EDGE('',*,*,#4807,.F.);
#4864 = PLANE('',#4865);
#4865 = AXIS2_PLACEMENT_3D('',#4866,#4867,#4868);
#4866 = CARTESIAN_POINT('',(32.08,1.77,-8.5));
#4867 = DIRECTION('',(-0.,1.,0.));
#4868 = DIRECTION('',(0.,0.,1.));
#4869 = ADVANCED_FACE('',(#4870),#4876,.F.);
#4870 = FACE_BOUND('',#4871,.F.);
#4871 = EDGE_LOOP('',(#4872,#4873,#4874,#4875));
#4872 = ORIENTED_EDGE('',*,*,#4759,.F.);
#4873 = ORIENTED_EDGE('',*,*,#4829,.T.);
#4874 = ORIENTED_EDGE('',*,*,#4799,.T.);
#4875 = ORIENTED_EDGE('',*,*,#4851,.F.);
#4876 = PLANE('',#4877);
#4877 = AXIS2_PLACEMENT_3D('',#4878,#4879,#4880);
#4878 = CARTESIAN_POINT('',(32.08,1.13,-8.5));
#4879 = DIRECTION('',(0.,0.,1.));
#4880 = DIRECTION('',(1.,0.,-0.));
#4881 = ADVANCED_FACE('',(#4882),#4888,.T.);
#4882 = FACE_BOUND('',#4883,.T.);
#4883 = EDGE_LOOP('',(#4884,#4885,#4886,#4887));
#4884 = ORIENTED_EDGE('',*,*,#4775,.F.);
#4885 = ORIENTED_EDGE('',*,*,#4836,.T.);
#4886 = ORIENTED_EDGE('',*,*,#4815,.T.);
#4887 = ORIENTED_EDGE('',*,*,#4858,.F.);
#4888 = PLANE('',#4889);
#4889 = AXIS2_PLACEMENT_3D('',#4890,#4891,#4892);
#4890 = CARTESIAN_POINT('',(32.08,1.13,2.4));
#4891 = DIRECTION('',(0.,0.,1.));
#4892 = DIRECTION('',(1.,0.,-0.));
#4893 = ( GEOMETRIC_REPRESENTATION_CONTEXT(3) 
GLOBAL_UNCERTAINTY_ASSIGNED_CONTEXT((#4897)) 
GLOBAL_UNIT_ASSIGNED_CONTEXT((#4894,#4895,#4896)) REPRESENTATION_CONTEXT
('Context #1','3D Context with UNIT and UNCERTAINTY') );
#4894 = ( LENGTH_UNIT() NAMED_UNIT(*) SI_UNIT(.MILLI.,.METRE.) );
#4895 = ( NAMED_UNIT(*) PLANE_ANGLE_UNIT() SI_UNIT($,.RADIAN.) );
#4896 = ( NAMED_UNIT(*) SI_UNIT($,.STERADIAN.) SOLID_ANGLE_UNIT() );
#4897 = UNCERTAINTY_MEASURE_WITH_UNIT(LENGTH_MEASURE(1.E-07),#4894,
  'distance_accuracy_value','confusion accuracy');
#4898 = CONTEXT_DEPENDENT_SHAPE_REPRESENTATION(#4899,#4901);
#4899 = ( REPRESENTATION_RELATIONSHIP('','',#4742,#10) 
REPRESENTATION_RELATIONSHIP_WITH_TRANSFORMATION(#4900) 
SHAPE_REPRESENTATION_RELATIONSHIP() );
#4900 = ITEM_DEFINED_TRANSFORMATION('','',#11,#95);
#4901 = PRODUCT_DEFINITION_SHAPE('Placement','Placement of an item',
  #4902);
#4902 = NEXT_ASSEMBLY_USAGE_OCCURRENCE('21','Header1_Pin11','',#5,#4737,
  $);
#4903 = PRODUCT_RELATED_PRODUCT_CATEGORY('part',$,(#4739));
#4904 = SHAPE_DEFINITION_REPRESENTATION(#4905,#4911);
#4905 = PRODUCT_DEFINITION_SHAPE('','',#4906);
#4906 = PRODUCT_DEFINITION('design','',#4907,#4910);
#4907 = PRODUCT_DEFINITION_FORMATION('','',#4908);
#4908 = PRODUCT('Header1_Pin12','Header1_Pin12','',(#4909));
#4909 = PRODUCT_CONTEXT('',#2,'mechanical');
#4910 = PRODUCT_DEFINITION_CONTEXT('part definition',#2,'design');
#4911 = ADVANCED_BREP_SHAPE_REPRESENTATION('',(#11,#4912),#5062);
#4912 = MANIFOLD_SOLID_BREP('',#4913);
#4913 = CLOSED_SHELL('',(#4914,#4954,#4994,#5016,#5038,#5050));
#4914 = ADVANCED_FACE('',(#4915),#4949,.F.);
#4915 = FACE_BOUND('',#4916,.F.);
#4916 = EDGE_LOOP('',(#4917,#4927,#4935,#4943));
#4917 = ORIENTED_EDGE('',*,*,#4918,.F.);
#4918 = EDGE_CURVE('',#4919,#4921,#4923,.T.);
#4919 = VERTEX_POINT('',#4920);
#4920 = CARTESIAN_POINT('',(34.62,1.13,-8.5));
#4921 = VERTEX_POINT('',#4922);
#4922 = CARTESIAN_POINT('',(34.62,1.13,2.4));
#4923 = LINE('',#4924,#4925);
#4924 = CARTESIAN_POINT('',(34.62,1.13,-8.5));
#4925 = VECTOR('',#4926,1.);
#4926 = DIRECTION('',(0.,0.,1.));
#4927 = ORIENTED_EDGE('',*,*,#4928,.T.);
#4928 = EDGE_CURVE('',#4919,#4929,#4931,.T.);
#4929 = VERTEX_POINT('',#4930);
#4930 = CARTESIAN_POINT('',(34.62,1.77,-8.5));
#4931 = LINE('',#4932,#4933);
#4932 = CARTESIAN_POINT('',(34.62,1.13,-8.5));
#4933 = VECTOR('',#4934,1.);
#4934 = DIRECTION('',(-0.,1.,0.));
#4935 = ORIENTED_EDGE('',*,*,#4936,.T.);
#4936 = EDGE_CURVE('',#4929,#4937,#4939,.T.);
#4937 = VERTEX_POINT('',#4938);
#4938 = CARTESIAN_POINT('',(34.62,1.77,2.4));
#4939 = LINE('',#4940,#4941);
#4940 = CARTESIAN_POINT('',(34.62,1.77,-8.5));
#4941 = VECTOR('',#4942,1.);
#4942 = DIRECTION('',(0.,0.,1.));
#4943 = ORIENTED_EDGE('',*,*,#4944,.F.);
#4944 = EDGE_CURVE('',#4921,#4937,#4945,.T.);
#4945 = LINE('',#4946,#4947);
#4946 = CARTESIAN_POINT('',(34.62,1.13,2.4));
#4947 = VECTOR('',#4948,1.);
#4948 = DIRECTION('',(-0.,1.,0.));
#4949 = PLANE('',#4950);
#4950 = AXIS2_PLACEMENT_3D('',#4951,#4952,#4953);
#4951 = CARTESIAN_POINT('',(34.62,1.13,-8.5));
#4952 = DIRECTION('',(1.,0.,-0.));
#4953 = DIRECTION('',(0.,0.,1.));
#4954 = ADVANCED_FACE('',(#4955),#4989,.T.);
#4955 = FACE_BOUND('',#4956,.T.);
#4956 = EDGE_LOOP('',(#4957,#4967,#4975,#4983));
#4957 = ORIENTED_EDGE('',*,*,#4958,.F.);
#4958 = EDGE_CURVE('',#4959,#4961,#4963,.T.);
#4959 = VERTEX_POINT('',#4960);
#4960 = CARTESIAN_POINT('',(35.26,1.13,-8.5));
#4961 = VERTEX_POINT('',#4962);
#4962 = CARTESIAN_POINT('',(35.26,1.13,2.4));
#4963 = LINE('',#4964,#4965);
#4964 = CARTESIAN_POINT('',(35.26,1.13,-8.5));
#4965 = VECTOR('',#4966,1.);
#4966 = DIRECTION('',(0.,0.,1.));
#4967 = ORIENTED_EDGE('',*,*,#4968,.T.);
#4968 = EDGE_CURVE('',#4959,#4969,#4971,.T.);
#4969 = VERTEX_POINT('',#4970);
#4970 = CARTESIAN_POINT('',(35.26,1.77,-8.5));
#4971 = LINE('',#4972,#4973);
#4972 = CARTESIAN_POINT('',(35.26,1.13,-8.5));
#4973 = VECTOR('',#4974,1.);
#4974 = DIRECTION('',(-0.,1.,0.));
#4975 = ORIENTED_EDGE('',*,*,#4976,.T.);
#4976 = EDGE_CURVE('',#4969,#4977,#4979,.T.);
#4977 = VERTEX_POINT('',#4978);
#4978 = CARTESIAN_POINT('',(35.26,1.77,2.4));
#4979 = LINE('',#4980,#4981);
#4980 = CARTESIAN_POINT('',(35.26,1.77,-8.5));
#4981 = VECTOR('',#4982,1.);
#4982 = DIRECTION('',(0.,0.,1.));
#4983 = ORIENTED_EDGE('',*,*,#4984,.F.);
#4984 = EDGE_CURVE('',#4961,#4977,#4985,.T.);
#4985 = LINE('',#4986,#4987);
#4986 = CARTESIAN_POINT('',(35.26,1.13,2.4));
#4987 = VECTOR('',#4988,1.);
#4988 = DIRECTION('',(-0.,1.,0.));
#4989 = PLANE('',#4990);
#4990 = AXIS2_PLACEMENT_3D('',#4991,#4992,#4993);
#4991 = CARTESIAN_POINT('',(35.26,1.13,-8.5));
#4992 = DIRECTION('',(1.,0.,-0.));
#4993 = DIRECTION('',(0.,0.,1.));
#4994 = ADVANCED_FACE('',(#4995),#5011,.F.);
#4995 = FACE_BOUND('',#4996,.F.);
#4996 = EDGE_LOOP('',(#4997,#5003,#5004,#5010));
#4997 = ORIENTED_EDGE('',*,*,#4998,.F.);
#4998 = EDGE_CURVE('',#4919,#4959,#4999,.T.);
#4999 = LINE('',#5000,#5001);
#5000 = CARTESIAN_POINT('',(34.62,1.13,-8.5));
#5001 = VECTOR('',#5002,1.);
#5002 = DIRECTION('',(1.,0.,-0.));
#5003 = ORIENTED_EDGE('',*,*,#4918,.T.);
#5004 = ORIENTED_EDGE('',*,*,#5005,.T.);
#5005 = EDGE_CURVE('',#4921,#4961,#5006,.T.);
#5006 = LINE('',#5007,#5008);
#5007 = CARTESIAN_POINT('',(34.62,1.13,2.4));
#5008 = VECTOR('',#5009,1.);
#5009 = DIRECTION('',(1.,0.,-0.));
#5010 = ORIENTED_EDGE('',*,*,#4958,.F.);
#5011 = PLANE('',#5012);
#5012 = AXIS2_PLACEMENT_3D('',#5013,#5014,#5015);
#5013 = CARTESIAN_POINT('',(34.62,1.13,-8.5));
#5014 = DIRECTION('',(-0.,1.,0.));
#5015 = DIRECTION('',(0.,0.,1.));
#5016 = ADVANCED_FACE('',(#5017),#5033,.T.);
#5017 = FACE_BOUND('',#5018,.T.);
#5018 = EDGE_LOOP('',(#5019,#5025,#5026,#5032));
#5019 = ORIENTED_EDGE('',*,*,#5020,.F.);
#5020 = EDGE_CURVE('',#4929,#4969,#5021,.T.);
#5021 = LINE('',#5022,#5023);
#5022 = CARTESIAN_POINT('',(34.62,1.77,-8.5));
#5023 = VECTOR('',#5024,1.);
#5024 = DIRECTION('',(1.,0.,-0.));
#5025 = ORIENTED_EDGE('',*,*,#4936,.T.);
#5026 = ORIENTED_EDGE('',*,*,#5027,.T.);
#5027 = EDGE_CURVE('',#4937,#4977,#5028,.T.);
#5028 = LINE('',#5029,#5030);
#5029 = CARTESIAN_POINT('',(34.62,1.77,2.4));
#5030 = VECTOR('',#5031,1.);
#5031 = DIRECTION('',(1.,0.,-0.));
#5032 = ORIENTED_EDGE('',*,*,#4976,.F.);
#5033 = PLANE('',#5034);
#5034 = AXIS2_PLACEMENT_3D('',#5035,#5036,#5037);
#5035 = CARTESIAN_POINT('',(34.62,1.77,-8.5));
#5036 = DIRECTION('',(-0.,1.,0.));
#5037 = DIRECTION('',(0.,0.,1.));
#5038 = ADVANCED_FACE('',(#5039),#5045,.F.);
#5039 = FACE_BOUND('',#5040,.F.);
#5040 = EDGE_LOOP('',(#5041,#5042,#5043,#5044));
#5041 = ORIENTED_EDGE('',*,*,#4928,.F.);
#5042 = ORIENTED_EDGE('',*,*,#4998,.T.);
#5043 = ORIENTED_EDGE('',*,*,#4968,.T.);
#5044 = ORIENTED_EDGE('',*,*,#5020,.F.);
#5045 = PLANE('',#5046);
#5046 = AXIS2_PLACEMENT_3D('',#5047,#5048,#5049);
#5047 = CARTESIAN_POINT('',(34.62,1.13,-8.5));
#5048 = DIRECTION('',(0.,0.,1.));
#5049 = DIRECTION('',(1.,0.,-0.));
#5050 = ADVANCED_FACE('',(#5051),#5057,.T.);
#5051 = FACE_BOUND('',#5052,.T.);
#5052 = EDGE_LOOP('',(#5053,#5054,#5055,#5056));
#5053 = ORIENTED_EDGE('',*,*,#4944,.F.);
#5054 = ORIENTED_EDGE('',*,*,#5005,.T.);
#5055 = ORIENTED_EDGE('',*,*,#4984,.T.);
#5056 = ORIENTED_EDGE('',*,*,#5027,.F.);
#5057 = PLANE('',#5058);
#5058 = AXIS2_PLACEMENT_3D('',#5059,#5060,#5061);
#5059 = CARTESIAN_POINT('',(34.62,1.13,2.4));
#5060 = DIRECTION('',(0.,0.,1.));
#5061 = DIRECTION('',(1.,0.,-0.));
#5062 = ( GEOMETRIC_REPRESENTATION_CONTEXT(3) 
GLOBAL_UNCERTAINTY_ASSIGNED_CONTEXT((#5066)) 
GLOBAL_UNIT_ASSIGNED_CONTEXT((#5063,#5064,#5065)) REPRESENTATION_CONTEXT
('Context #1','3D Context with UNIT and UNCERTAINTY') );
#5063 = ( LENGTH_UNIT() NAMED_UNIT(*) SI_UNIT(.MILLI.,.METRE.) );
#5064 = ( NAMED_UNIT(*) PLANE_ANGLE_UNIT() SI_UNIT($,.RADIAN.) );
#5065 = ( NAMED_UNIT(*) SI_UNIT($,.STERADIAN.) SOLID_ANGLE_UNIT() );
#5066 = UNCERTAINTY_MEASURE_WITH_UNIT(LENGTH_MEASURE(1.E-07),#5063,
  'distance_accuracy_value','confusion accuracy');
#5067 = CONTEXT_DEPENDENT_SHAPE_REPRESENTATION(#5068,#5070);
#5068 = ( REPRESENTATION_RELATIONSHIP('','',#4911,#10) 
REPRESENTATION_RELATIONSHIP_WITH_TRANSFORMATION(#5069) 
SHAPE_REPRESENTATION_RELATIONSHIP() );
#5069 = ITEM_DEFINED_TRANSFORMATION('','',#11,#99);
#5070 = PRODUCT_DEFINITION_SHAPE('Placement','Placement of an item',
  #5071);
#5071 = NEXT_ASSEMBLY_USAGE_OCCURRENCE('22','Header1_Pin12','',#5,#4906,
  $);
#5072 = PRODUCT_RELATED_PRODUCT_CATEGORY('part',$,(#4908));
#5073 = SHAPE_DEFINITION_REPRESENTATION(#5074,#5080);
#5074 = PRODUCT_DEFINITION_SHAPE('','',#5075);
#5075 = PRODUCT_DEFINITION('design','',#5076,#5079);
#5076 = PRODUCT_DEFINITION_FORMATION('','',#5077);
#5077 = PRODUCT('Header1_Pin13','Header1_Pin13','',(#5078));
#5078 = PRODUCT_CONTEXT('',#2,'mechanical');
#5079 = PRODUCT_DEFINITION_CONTEXT('part definition',#2,'design');
#5080 = ADVANCED_BREP_SHAPE_REPRESENTATION('',(#11,#5081),#5231);
#5081 = MANIFOLD_SOLID_BREP('',#5082);
#5082 = CLOSED_SHELL('',(#5083,#5123,#5163,#5185,#5207,#5219));
#5083 = ADVANCED_FACE('',(#5084),#5118,.F.);
#5084 = FACE_BOUND('',#5085,.F.);
#5085 = EDGE_LOOP('',(#5086,#5096,#5104,#5112));
#5086 = ORIENTED_EDGE('',*,*,#5087,.F.);
#5087 = EDGE_CURVE('',#5088,#5090,#5092,.T.);
#5088 = VERTEX_POINT('',#5089);
#5089 = CARTESIAN_POINT('',(37.16,1.13,-8.5));
#5090 = VERTEX_POINT('',#5091);
#5091 = CARTESIAN_POINT('',(37.16,1.13,2.4));
#5092 = LINE('',#5093,#5094);
#5093 = CARTESIAN_POINT('',(37.16,1.13,-8.5));
#5094 = VECTOR('',#5095,1.);
#5095 = DIRECTION('',(0.,0.,1.));
#5096 = ORIENTED_EDGE('',*,*,#5097,.T.);
#5097 = EDGE_CURVE('',#5088,#5098,#5100,.T.);
#5098 = VERTEX_POINT('',#5099);
#5099 = CARTESIAN_POINT('',(37.16,1.77,-8.5));
#5100 = LINE('',#5101,#5102);
#5101 = CARTESIAN_POINT('',(37.16,1.13,-8.5));
#5102 = VECTOR('',#5103,1.);
#5103 = DIRECTION('',(-0.,1.,0.));
#5104 = ORIENTED_EDGE('',*,*,#5105,.T.);
#5105 = EDGE_CURVE('',#5098,#5106,#5108,.T.);
#5106 = VERTEX_POINT('',#5107);
#5107 = CARTESIAN_POINT('',(37.16,1.77,2.4));
#5108 = LINE('',#5109,#5110);
#5109 = CARTESIAN_POINT('',(37.16,1.77,-8.5));
#5110 = VECTOR('',#5111,1.);
#5111 = DIRECTION('',(0.,0.,1.));
#5112 = ORIENTED_EDGE('',*,*,#5113,.F.);
#5113 = EDGE_CURVE('',#5090,#5106,#5114,.T.);
#5114 = LINE('',#5115,#5116);
#5115 = CARTESIAN_POINT('',(37.16,1.13,2.4));
#5116 = VECTOR('',#5117,1.);
#5117 = DIRECTION('',(-0.,1.,0.));
#5118 = PLANE('',#5119);
#5119 = AXIS2_PLACEMENT_3D('',#5120,#5121,#5122);
#5120 = CARTESIAN_POINT('',(37.16,1.13,-8.5));
#5121 = DIRECTION('',(1.,0.,-0.));
#5122 = DIRECTION('',(0.,0.,1.));
#5123 = ADVANCED_FACE('',(#5124),#5158,.T.);
#5124 = FACE_BOUND('',#5125,.T.);
#5125 = EDGE_LOOP('',(#5126,#5136,#5144,#5152));
#5126 = ORIENTED_EDGE('',*,*,#5127,.F.);
#5127 = EDGE_CURVE('',#5128,#5130,#5132,.T.);
#5128 = VERTEX_POINT('',#5129);
#5129 = CARTESIAN_POINT('',(37.8,1.13,-8.5));
#5130 = VERTEX_POINT('',#5131);
#5131 = CARTESIAN_POINT('',(37.8,1.13,2.4));
#5132 = LINE('',#5133,#5134);
#5133 = CARTESIAN_POINT('',(37.8,1.13,-8.5));
#5134 = VECTOR('',#5135,1.);
#5135 = DIRECTION('',(0.,0.,1.));
#5136 = ORIENTED_EDGE('',*,*,#5137,.T.);
#5137 = EDGE_CURVE('',#5128,#5138,#5140,.T.);
#5138 = VERTEX_POINT('',#5139);
#5139 = CARTESIAN_POINT('',(37.8,1.77,-8.5));
#5140 = LINE('',#5141,#5142);
#5141 = CARTESIAN_POINT('',(37.8,1.13,-8.5));
#5142 = VECTOR('',#5143,1.);
#5143 = DIRECTION('',(-0.,1.,0.));
#5144 = ORIENTED_EDGE('',*,*,#5145,.T.);
#5145 = EDGE_CURVE('',#5138,#5146,#5148,.T.);
#5146 = VERTEX_POINT('',#5147);
#5147 = CARTESIAN_POINT('',(37.8,1.77,2.4));
#5148 = LINE('',#5149,#5150);
#5149 = CARTESIAN_POINT('',(37.8,1.77,-8.5));
#5150 = VECTOR('',#5151,1.);
#5151 = DIRECTION('',(0.,0.,1.));
#5152 = ORIENTED_EDGE('',*,*,#5153,.F.);
#5153 = EDGE_CURVE('',#5130,#5146,#5154,.T.);
#5154 = LINE('',#5155,#5156);
#5155 = CARTESIAN_POINT('',(37.8,1.13,2.4));
#5156 = VECTOR('',#5157,1.);
#5157 = DIRECTION('',(-0.,1.,0.));
#5158 = PLANE('',#5159);
#5159 = AXIS2_PLACEMENT_3D('',#5160,#5161,#5162);
#5160 = CARTESIAN_POINT('',(37.8,1.13,-8.5));
#5161 = DIRECTION('',(1.,0.,-0.));
#5162 = DIRECTION('',(0.,0.,1.));
#5163 = ADVANCED_FACE('',(#5164),#5180,.F.);
#5164 = FACE_BOUND('',#5165,.F.);
#5165 = EDGE_LOOP('',(#5166,#5172,#5173,#5179));
#5166 = ORIENTED_EDGE('',*,*,#5167,.F.);
#5167 = EDGE_CURVE('',#5088,#5128,#5168,.T.);
#5168 = LINE('',#5169,#5170);
#5169 = CARTESIAN_POINT('',(37.16,1.13,-8.5));
#5170 = VECTOR('',#5171,1.);
#5171 = DIRECTION('',(1.,0.,-0.));
#5172 = ORIENTED_EDGE('',*,*,#5087,.T.);
#5173 = ORIENTED_EDGE('',*,*,#5174,.T.);
#5174 = EDGE_CURVE('',#5090,#5130,#5175,.T.);
#5175 = LINE('',#5176,#5177);
#5176 = CARTESIAN_POINT('',(37.16,1.13,2.4));
#5177 = VECTOR('',#5178,1.);
#5178 = DIRECTION('',(1.,0.,-0.));
#5179 = ORIENTED_EDGE('',*,*,#5127,.F.);
#5180 = PLANE('',#5181);
#5181 = AXIS2_PLACEMENT_3D('',#5182,#5183,#5184);
#5182 = CARTESIAN_POINT('',(37.16,1.13,-8.5));
#5183 = DIRECTION('',(-0.,1.,0.));
#5184 = DIRECTION('',(0.,0.,1.));
#5185 = ADVANCED_FACE('',(#5186),#5202,.T.);
#5186 = FACE_BOUND('',#5187,.T.);
#5187 = EDGE_LOOP('',(#5188,#5194,#5195,#5201));
#5188 = ORIENTED_EDGE('',*,*,#5189,.F.);
#5189 = EDGE_CURVE('',#5098,#5138,#5190,.T.);
#5190 = LINE('',#5191,#5192);
#5191 = CARTESIAN_POINT('',(37.16,1.77,-8.5));
#5192 = VECTOR('',#5193,1.);
#5193 = DIRECTION('',(1.,0.,-0.));
#5194 = ORIENTED_EDGE('',*,*,#5105,.T.);
#5195 = ORIENTED_EDGE('',*,*,#5196,.T.);
#5196 = EDGE_CURVE('',#5106,#5146,#5197,.T.);
#5197 = LINE('',#5198,#5199);
#5198 = CARTESIAN_POINT('',(37.16,1.77,2.4));
#5199 = VECTOR('',#5200,1.);
#5200 = DIRECTION('',(1.,0.,-0.));
#5201 = ORIENTED_EDGE('',*,*,#5145,.F.);
#5202 = PLANE('',#5203);
#5203 = AXIS2_PLACEMENT_3D('',#5204,#5205,#5206);
#5204 = CARTESIAN_POINT('',(37.16,1.77,-8.5));
#5205 = DIRECTION('',(-0.,1.,0.));
#5206 = DIRECTION('',(0.,0.,1.));
#5207 = ADVANCED_FACE('',(#5208),#5214,.F.);
#5208 = FACE_BOUND('',#5209,.F.);
#5209 = EDGE_LOOP('',(#5210,#5211,#5212,#5213));
#5210 = ORIENTED_EDGE('',*,*,#5097,.F.);
#5211 = ORIENTED_EDGE('',*,*,#5167,.T.);
#5212 = ORIENTED_EDGE('',*,*,#5137,.T.);
#5213 = ORIENTED_EDGE('',*,*,#5189,.F.);
#5214 = PLANE('',#5215);
#5215 = AXIS2_PLACEMENT_3D('',#5216,#5217,#5218);
#5216 = CARTESIAN_POINT('',(37.16,1.13,-8.5));
#5217 = DIRECTION('',(0.,0.,1.));
#5218 = DIRECTION('',(1.,0.,-0.));
#5219 = ADVANCED_FACE('',(#5220),#5226,.T.);
#5220 = FACE_BOUND('',#5221,.T.);
#5221 = EDGE_LOOP('',(#5222,#5223,#5224,#5225));
#5222 = ORIENTED_EDGE('',*,*,#5113,.F.);
#5223 = ORIENTED_EDGE('',*,*,#5174,.T.);
#5224 = ORIENTED_EDGE('',*,*,#5153,.T.);
#5225 = ORIENTED_EDGE('',*,*,#5196,.F.);
#5226 = PLANE('',#5227);
#5227 = AXIS2_PLACEMENT_3D('',#5228,#5229,#5230);
#5228 = CARTESIAN_POINT('',(37.16,1.13,2.4));
#5229 = DIRECTION('',(0.,0.,1.));
#5230 = DIRECTION('',(1.,0.,-0.));
#5231 = ( GEOMETRIC_REPRESENTATION_CONTEXT(3) 
GLOBAL_UNCERTAINTY_ASSIGNED_CONTEXT((#5235)) 
GLOBAL_UNIT_ASSIGNED_CONTEXT((#5232,#5233,#5234)) REPRESENTATION_CONTEXT
('Context #1','3D Context with UNIT and UNCERTAINTY') );
#5232 = ( LENGTH_UNIT() NAMED_UNIT(*) SI_UNIT(.MILLI.,.METRE.) );
#5233 = ( NAMED_UNIT(*) PLANE_ANGLE_UNIT() SI_UNIT($,.RADIAN.) );
#5234 = ( NAMED_UNIT(*) SI_UNIT($,.STERADIAN.) SOLID_ANGLE_UNIT() );
#5235 = UNCERTAINTY_MEASURE_WITH_UNIT(LENGTH_MEASURE(1.E-07),#5232,
  'distance_accuracy_value','confusion accuracy');
#5236 = CONTEXT_DEPENDENT_SHAPE_REPRESENTATION(#5237,#5239);
#5237 = ( REPRESENTATION_RELATIONSHIP('','',#5080,#10) 
REPRESENTATION_RELATIONSHIP_WITH_TRANSFORMATION(#5238) 
SHAPE_REPRESENTATION_RELATIONSHIP() );
#5238 = ITEM_DEFINED_TRANSFORMATION('','',#11,#103);
#5239 = PRODUCT_DEFINITION_SHAPE('Placement','Placement of an item',
  #5240);
#5240 = NEXT_ASSEMBLY_USAGE_OCCURRENCE('23','Header1_Pin13','',#5,#5075,
  $);
#5241 = PRODUCT_RELATED_PRODUCT_CATEGORY('part',$,(#5077));
#5242 = SHAPE_DEFINITION_REPRESENTATION(#5243,#5249);
#5243 = PRODUCT_DEFINITION_SHAPE('','',#5244);
#5244 = PRODUCT_DEFINITION('design','',#5245,#5248);
#5245 = PRODUCT_DEFINITION_FORMATION('','',#5246);
#5246 = PRODUCT('Header1_Pin14','Header1_Pin14','',(#5247));
#5247 = PRODUCT_CONTEXT('',#2,'mechanical');
#5248 = PRODUCT_DEFINITION_CONTEXT('part definition',#2,'design');
#5249 = ADVANCED_BREP_SHAPE_REPRESENTATION('',(#11,#5250),#5400);
#5250 = MANIFOLD_SOLID_BREP('',#5251);
#5251 = CLOSED_SHELL('',(#5252,#5292,#5332,#5354,#5376,#5388));
#5252 = ADVANCED_FACE('',(#5253),#5287,.F.);
#5253 = FACE_BOUND('',#5254,.F.);
#5254 = EDGE_LOOP('',(#5255,#5265,#5273,#5281));
#5255 = ORIENTED_EDGE('',*,*,#5256,.F.);
#5256 = EDGE_CURVE('',#5257,#5259,#5261,.T.);
#5257 = VERTEX_POINT('',#5258);
#5258 = CARTESIAN_POINT('',(39.7,1.13,-8.5));
#5259 = VERTEX_POINT('',#5260);
#5260 = CARTESIAN_POINT('',(39.7,1.13,2.4));
#5261 = LINE('',#5262,#5263);
#5262 = CARTESIAN_POINT('',(39.7,1.13,-8.5));
#5263 = VECTOR('',#5264,1.);
#5264 = DIRECTION('',(0.,0.,1.));
#5265 = ORIENTED_EDGE('',*,*,#5266,.T.);
#5266 = EDGE_CURVE('',#5257,#5267,#5269,.T.);
#5267 = VERTEX_POINT('',#5268);
#5268 = CARTESIAN_POINT('',(39.7,1.77,-8.5));
#5269 = LINE('',#5270,#5271);
#5270 = CARTESIAN_POINT('',(39.7,1.13,-8.5));
#5271 = VECTOR('',#5272,1.);
#5272 = DIRECTION('',(-0.,1.,0.));
#5273 = ORIENTED_EDGE('',*,*,#5274,.T.);
#5274 = EDGE_CURVE('',#5267,#5275,#5277,.T.);
#5275 = VERTEX_POINT('',#5276);
#5276 = CARTESIAN_POINT('',(39.7,1.77,2.4));
#5277 = LINE('',#5278,#5279);
#5278 = CARTESIAN_POINT('',(39.7,1.77,-8.5));
#5279 = VECTOR('',#5280,1.);
#5280 = DIRECTION('',(0.,0.,1.));
#5281 = ORIENTED_EDGE('',*,*,#5282,.F.);
#5282 = EDGE_CURVE('',#5259,#5275,#5283,.T.);
#5283 = LINE('',#5284,#5285);
#5284 = CARTESIAN_POINT('',(39.7,1.13,2.4));
#5285 = VECTOR('',#5286,1.);
#5286 = DIRECTION('',(-0.,1.,0.));
#5287 = PLANE('',#5288);
#5288 = AXIS2_PLACEMENT_3D('',#5289,#5290,#5291);
#5289 = CARTESIAN_POINT('',(39.7,1.13,-8.5));
#5290 = DIRECTION('',(1.,0.,-0.));
#5291 = DIRECTION('',(0.,0.,1.));
#5292 = ADVANCED_FACE('',(#5293),#5327,.T.);
#5293 = FACE_BOUND('',#5294,.T.);
#5294 = EDGE_LOOP('',(#5295,#5305,#5313,#5321));
#5295 = ORIENTED_EDGE('',*,*,#5296,.F.);
#5296 = EDGE_CURVE('',#5297,#5299,#5301,.T.);
#5297 = VERTEX_POINT('',#5298);
#5298 = CARTESIAN_POINT('',(40.34,1.13,-8.5));
#5299 = VERTEX_POINT('',#5300);
#5300 = CARTESIAN_POINT('',(40.34,1.13,2.4));
#5301 = LINE('',#5302,#5303);
#5302 = CARTESIAN_POINT('',(40.34,1.13,-8.5));
#5303 = VECTOR('',#5304,1.);
#5304 = DIRECTION('',(0.,0.,1.));
#5305 = ORIENTED_EDGE('',*,*,#5306,.T.);
#5306 = EDGE_CURVE('',#5297,#5307,#5309,.T.);
#5307 = VERTEX_POINT('',#5308);
#5308 = CARTESIAN_POINT('',(40.34,1.77,-8.5));
#5309 = LINE('',#5310,#5311);
#5310 = CARTESIAN_POINT('',(40.34,1.13,-8.5));
#5311 = VECTOR('',#5312,1.);
#5312 = DIRECTION('',(-0.,1.,0.));
#5313 = ORIENTED_EDGE('',*,*,#5314,.T.);
#5314 = EDGE_CURVE('',#5307,#5315,#5317,.T.);
#5315 = VERTEX_POINT('',#5316);
#5316 = CARTESIAN_POINT('',(40.34,1.77,2.4));
#5317 = LINE('',#5318,#5319);
#5318 = CARTESIAN_POINT('',(40.34,1.77,-8.5));
#5319 = VECTOR('',#5320,1.);
#5320 = DIRECTION('',(0.,0.,1.));
#5321 = ORIENTED_EDGE('',*,*,#5322,.F.);
#5322 = EDGE_CURVE('',#5299,#5315,#5323,.T.);
#5323 = LINE('',#5324,#5325);
#5324 = CARTESIAN_POINT('',(40.34,1.13,2.4));
#5325 = VECTOR('',#5326,1.);
#5326 = DIRECTION('',(-0.,1.,0.));
#5327 = PLANE('',#5328);
#5328 = AXIS2_PLACEMENT_3D('',#5329,#5330,#5331);
#5329 = CARTESIAN_POINT('',(40.34,1.13,-8.5));
#5330 = DIRECTION('',(1.,0.,-0.));
#5331 = DIRECTION('',(0.,0.,1.));
#5332 = ADVANCED_FACE('',(#5333),#5349,.F.);
#5333 = FACE_BOUND('',#5334,.F.);
#5334 = EDGE_LOOP('',(#5335,#5341,#5342,#5348));
#5335 = ORIENTED_EDGE('',*,*,#5336,.F.);
#5336 = EDGE_CURVE('',#5257,#5297,#5337,.T.);
#5337 = LINE('',#5338,#5339);
#5338 = CARTESIAN_POINT('',(39.7,1.13,-8.5));
#5339 = VECTOR('',#5340,1.);
#5340 = DIRECTION('',(1.,0.,-0.));
#5341 = ORIENTED_EDGE('',*,*,#5256,.T.);
#5342 = ORIENTED_EDGE('',*,*,#5343,.T.);
#5343 = EDGE_CURVE('',#5259,#5299,#5344,.T.);
#5344 = LINE('',#5345,#5346);
#5345 = CARTESIAN_POINT('',(39.7,1.13,2.4));
#5346 = VECTOR('',#5347,1.);
#5347 = DIRECTION('',(1.,0.,-0.));
#5348 = ORIENTED_EDGE('',*,*,#5296,.F.);
#5349 = PLANE('',#5350);
#5350 = AXIS2_PLACEMENT_3D('',#5351,#5352,#5353);
#5351 = CARTESIAN_POINT('',(39.7,1.13,-8.5));
#5352 = DIRECTION('',(-0.,1.,0.));
#5353 = DIRECTION('',(0.,0.,1.));
#5354 = ADVANCED_FACE('',(#5355),#5371,.T.);
#5355 = FACE_BOUND('',#5356,.T.);
#5356 = EDGE_LOOP('',(#5357,#5363,#5364,#5370));
#5357 = ORIENTED_EDGE('',*,*,#5358,.F.);
#5358 = EDGE_CURVE('',#5267,#5307,#5359,.T.);
#5359 = LINE('',#5360,#5361);
#5360 = CARTESIAN_POINT('',(39.7,1.77,-8.5));
#5361 = VECTOR('',#5362,1.);
#5362 = DIRECTION('',(1.,0.,-0.));
#5363 = ORIENTED_EDGE('',*,*,#5274,.T.);
#5364 = ORIENTED_EDGE('',*,*,#5365,.T.);
#5365 = EDGE_CURVE('',#5275,#5315,#5366,.T.);
#5366 = LINE('',#5367,#5368);
#5367 = CARTESIAN_POINT('',(39.7,1.77,2.4));
#5368 = VECTOR('',#5369,1.);
#5369 = DIRECTION('',(1.,0.,-0.));
#5370 = ORIENTED_EDGE('',*,*,#5314,.F.);
#5371 = PLANE('',#5372);
#5372 = AXIS2_PLACEMENT_3D('',#5373,#5374,#5375);
#5373 = CARTESIAN_POINT('',(39.7,1.77,-8.5));
#5374 = DIRECTION('',(-0.,1.,0.));
#5375 = DIRECTION('',(0.,0.,1.));
#5376 = ADVANCED_FACE('',(#5377),#5383,.F.);
#5377 = FACE_BOUND('',#5378,.F.);
#5378 = EDGE_LOOP('',(#5379,#5380,#5381,#5382));
#5379 = ORIENTED_EDGE('',*,*,#5266,.F.);
#5380 = ORIENTED_EDGE('',*,*,#5336,.T.);
#5381 = ORIENTED_EDGE('',*,*,#5306,.T.);
#5382 = ORIENTED_EDGE('',*,*,#5358,.F.);
#5383 = PLANE('',#5384);
#5384 = AXIS2_PLACEMENT_3D('',#5385,#5386,#5387);
#5385 = CARTESIAN_POINT('',(39.7,1.13,-8.5));
#5386 = DIRECTION('',(0.,0.,1.));
#5387 = DIRECTION('',(1.,0.,-0.));
#5388 = ADVANCED_FACE('',(#5389),#5395,.T.);
#5389 = FACE_BOUND('',#5390,.T.);
#5390 = EDGE_LOOP('',(#5391,#5392,#5393,#5394));
#5391 = ORIENTED_EDGE('',*,*,#5282,.F.);
#5392 = ORIENTED_EDGE('',*,*,#5343,.T.);
#5393 = ORIENTED_EDGE('',*,*,#5322,.T.);
#5394 = ORIENTED_EDGE('',*,*,#5365,.F.);
#5395 = PLANE('',#5396);
#5396 = AXIS2_PLACEMENT_3D('',#5397,#5398,#5399);
#5397 = CARTESIAN_POINT('',(39.7,1.13,2.4));
#5398 = DIRECTION('',(0.,0.,1.));
#5399 = DIRECTION('',(1.,0.,-0.));
#5400 = ( GEOMETRIC_REPRESENTATION_CONTEXT(3) 
GLOBAL_UNCERTAINTY_ASSIGNED_CONTEXT((#5404)) 
GLOBAL_UNIT_ASSIGNED_CONTEXT((#5401,#5402,#5403)) REPRESENTATION_CONTEXT
('Context #1','3D Context with UNIT and UNCERTAINTY') );
#5401 = ( LENGTH_UNIT() NAMED_UNIT(*) SI_UNIT(.MILLI.,.METRE.) );
#5402 = ( NAMED_UNIT(*) PLANE_ANGLE_UNIT() SI_UNIT($,.RADIAN.) );
#5403 = ( NAMED_UNIT(*) SI_UNIT($,.STERADIAN.) SOLID_ANGLE_UNIT() );
#5404 = UNCERTAINTY_MEASURE_WITH_UNIT(LENGTH_MEASURE(1.E-07),#5401,
  'distance_accuracy_value','confusion accuracy');
#5405 = CONTEXT_DEPENDENT_SHAPE_REPRESENTATION(#5406,#5408);
#5406 = ( REPRESENTATION_RELATIONSHIP('','',#5249,#10) 
REPRESENTATION_RELATIONSHIP_WITH_TRANSFORMATION(#5407) 
SHAPE_REPRESENTATION_RELATIONSHIP() );
#5407 = ITEM_DEFINED_TRANSFORMATION('','',#11,#107);
#5408 = PRODUCT_DEFINITION_SHAPE('Placement','Placement of an item',
  #5409);
#5409 = NEXT_ASSEMBLY_USAGE_OCCURRENCE('24','Header1_Pin14','',#5,#5244,
  $);
#5410 = PRODUCT_RELATED_PRODUCT_CATEGORY('part',$,(#5246));
#5411 = SHAPE_DEFINITION_REPRESENTATION(#5412,#5418);
#5412 = PRODUCT_DEFINITION_SHAPE('','',#5413);
#5413 = PRODUCT_DEFINITION('design','',#5414,#5417);
#5414 = PRODUCT_DEFINITION_FORMATION('','',#5415);
#5415 = PRODUCT('Header1_Pin15','Header1_Pin15','',(#5416));
#5416 = PRODUCT_CONTEXT('',#2,'mechanical');
#5417 = PRODUCT_DEFINITION_CONTEXT('part definition',#2,'design');
#5418 = ADVANCED_BREP_SHAPE_REPRESENTATION('',(#11,#5419),#5569);
#5419 = MANIFOLD_SOLID_BREP('',#5420);
#5420 = CLOSED_SHELL('',(#5421,#5461,#5501,#5523,#5545,#5557));
#5421 = ADVANCED_FACE('',(#5422),#5456,.F.);
#5422 = FACE_BOUND('',#5423,.F.);
#5423 = EDGE_LOOP('',(#5424,#5434,#5442,#5450));
#5424 = ORIENTED_EDGE('',*,*,#5425,.F.);
#5425 = EDGE_CURVE('',#5426,#5428,#5430,.T.);
#5426 = VERTEX_POINT('',#5427);
#5427 = CARTESIAN_POINT('',(42.24,1.13,-8.5));
#5428 = VERTEX_POINT('',#5429);
#5429 = CARTESIAN_POINT('',(42.24,1.13,2.4));
#5430 = LINE('',#5431,#5432);
#5431 = CARTESIAN_POINT('',(42.24,1.13,-8.5));
#5432 = VECTOR('',#5433,1.);
#5433 = DIRECTION('',(0.,0.,1.));
#5434 = ORIENTED_EDGE('',*,*,#5435,.T.);
#5435 = EDGE_CURVE('',#5426,#5436,#5438,.T.);
#5436 = VERTEX_POINT('',#5437);
#5437 = CARTESIAN_POINT('',(42.24,1.77,-8.5));
#5438 = LINE('',#5439,#5440);
#5439 = CARTESIAN_POINT('',(42.24,1.13,-8.5));
#5440 = VECTOR('',#5441,1.);
#5441 = DIRECTION('',(-0.,1.,0.));
#5442 = ORIENTED_EDGE('',*,*,#5443,.T.);
#5443 = EDGE_CURVE('',#5436,#5444,#5446,.T.);
#5444 = VERTEX_POINT('',#5445);
#5445 = CARTESIAN_POINT('',(42.24,1.77,2.4));
#5446 = LINE('',#5447,#5448);
#5447 = CARTESIAN_POINT('',(42.24,1.77,-8.5));
#5448 = VECTOR('',#5449,1.);
#5449 = DIRECTION('',(0.,0.,1.));
#5450 = ORIENTED_EDGE('',*,*,#5451,.F.);
#5451 = EDGE_CURVE('',#5428,#5444,#5452,.T.);
#5452 = LINE('',#5453,#5454);
#5453 = CARTESIAN_POINT('',(42.24,1.13,2.4));
#5454 = VECTOR('',#5455,1.);
#5455 = DIRECTION('',(-0.,1.,0.));
#5456 = PLANE('',#5457);
#5457 = AXIS2_PLACEMENT_3D('',#5458,#5459,#5460);
#5458 = CARTESIAN_POINT('',(42.24,1.13,-8.5));
#5459 = DIRECTION('',(1.,0.,-0.));
#5460 = DIRECTION('',(0.,0.,1.));
#5461 = ADVANCED_FACE('',(#5462),#5496,.T.);
#5462 = FACE_BOUND('',#5463,.T.);
#5463 = EDGE_LOOP('',(#5464,#5474,#5482,#5490));
#5464 = ORIENTED_EDGE('',*,*,#5465,.F.);
#5465 = EDGE_CURVE('',#5466,#5468,#5470,.T.);
#5466 = VERTEX_POINT('',#5467);
#5467 = CARTESIAN_POINT('',(42.88,1.13,-8.5));
#5468 = VERTEX_POINT('',#5469);
#5469 = CARTESIAN_POINT('',(42.88,1.13,2.4));
#5470 = LINE('',#5471,#5472);
#5471 = CARTESIAN_POINT('',(42.88,1.13,-8.5));
#5472 = VECTOR('',#5473,1.);
#5473 = DIRECTION('',(0.,0.,1.));
#5474 = ORIENTED_EDGE('',*,*,#5475,.T.);
#5475 = EDGE_CURVE('',#5466,#5476,#5478,.T.);
#5476 = VERTEX_POINT('',#5477);
#5477 = CARTESIAN_POINT('',(42.88,1.77,-8.5));
#5478 = LINE('',#5479,#5480);
#5479 = CARTESIAN_POINT('',(42.88,1.13,-8.5));
#5480 = VECTOR('',#5481,1.);
#5481 = DIRECTION('',(-0.,1.,0.));
#5482 = ORIENTED_EDGE('',*,*,#5483,.T.);
#5483 = EDGE_CURVE('',#5476,#5484,#5486,.T.);
#5484 = VERTEX_POINT('',#5485);
#5485 = CARTESIAN_POINT('',(42.88,1.77,2.4));
#5486 = LINE('',#5487,#5488);
#5487 = CARTESIAN_POINT('',(42.88,1.77,-8.5));
#5488 = VECTOR('',#5489,1.);
#5489 = DIRECTION('',(0.,0.,1.));
#5490 = ORIENTED_EDGE('',*,*,#5491,.F.);
#5491 = EDGE_CURVE('',#5468,#5484,#5492,.T.);
#5492 = LINE('',#5493,#5494);
#5493 = CARTESIAN_POINT('',(42.88,1.13,2.4));
#5494 = VECTOR('',#5495,1.);
#5495 = DIRECTION('',(-0.,1.,0.));
#5496 = PLANE('',#5497);
#5497 = AXIS2_PLACEMENT_3D('',#5498,#5499,#5500);
#5498 = CARTESIAN_POINT('',(42.88,1.13,-8.5));
#5499 = DIRECTION('',(1.,0.,-0.));
#5500 = DIRECTION('',(0.,0.,1.));
#5501 = ADVANCED_FACE('',(#5502),#5518,.F.);
#5502 = FACE_BOUND('',#5503,.F.);
#5503 = EDGE_LOOP('',(#5504,#5510,#5511,#5517));
#5504 = ORIENTED_EDGE('',*,*,#5505,.F.);
#5505 = EDGE_CURVE('',#5426,#5466,#5506,.T.);
#5506 = LINE('',#5507,#5508);
#5507 = CARTESIAN_POINT('',(42.24,1.13,-8.5));
#5508 = VECTOR('',#5509,1.);
#5509 = DIRECTION('',(1.,0.,-0.));
#5510 = ORIENTED_EDGE('',*,*,#5425,.T.);
#5511 = ORIENTED_EDGE('',*,*,#5512,.T.);
#5512 = EDGE_CURVE('',#5428,#5468,#5513,.T.);
#5513 = LINE('',#5514,#5515);
#5514 = CARTESIAN_POINT('',(42.24,1.13,2.4));
#5515 = VECTOR('',#5516,1.);
#5516 = DIRECTION('',(1.,0.,-0.));
#5517 = ORIENTED_EDGE('',*,*,#5465,.F.);
#5518 = PLANE('',#5519);
#5519 = AXIS2_PLACEMENT_3D('',#5520,#5521,#5522);
#5520 = CARTESIAN_POINT('',(42.24,1.13,-8.5));
#5521 = DIRECTION('',(-0.,1.,0.));
#5522 = DIRECTION('',(0.,0.,1.));
#5523 = ADVANCED_FACE('',(#5524),#5540,.T.);
#5524 = FACE_BOUND('',#5525,.T.);
#5525 = EDGE_LOOP('',(#5526,#5532,#5533,#5539));
#5526 = ORIENTED_EDGE('',*,*,#5527,.F.);
#5527 = EDGE_CURVE('',#5436,#5476,#5528,.T.);
#5528 = LINE('',#5529,#5530);
#5529 = CARTESIAN_POINT('',(42.24,1.77,-8.5));
#5530 = VECTOR('',#5531,1.);
#5531 = DIRECTION('',(1.,0.,-0.));
#5532 = ORIENTED_EDGE('',*,*,#5443,.T.);
#5533 = ORIENTED_EDGE('',*,*,#5534,.T.);
#5534 = EDGE_CURVE('',#5444,#5484,#5535,.T.);
#5535 = LINE('',#5536,#5537);
#5536 = CARTESIAN_POINT('',(42.24,1.77,2.4));
#5537 = VECTOR('',#5538,1.);
#5538 = DIRECTION('',(1.,0.,-0.));
#5539 = ORIENTED_EDGE('',*,*,#5483,.F.);
#5540 = PLANE('',#5541);
#5541 = AXIS2_PLACEMENT_3D('',#5542,#5543,#5544);
#5542 = CARTESIAN_POINT('',(42.24,1.77,-8.5));
#5543 = DIRECTION('',(-0.,1.,0.));
#5544 = DIRECTION('',(0.,0.,1.));
#5545 = ADVANCED_FACE('',(#5546),#5552,.F.);
#5546 = FACE_BOUND('',#5547,.F.);
#5547 = EDGE_LOOP('',(#5548,#5549,#5550,#5551));
#5548 = ORIENTED_EDGE('',*,*,#5435,.F.);
#5549 = ORIENTED_EDGE('',*,*,#5505,.T.);
#5550 = ORIENTED_EDGE('',*,*,#5475,.T.);
#5551 = ORIENTED_EDGE('',*,*,#5527,.F.);
#5552 = PLANE('',#5553);
#5553 = AXIS2_PLACEMENT_3D('',#5554,#5555,#5556);
#5554 = CARTESIAN_POINT('',(42.24,1.13,-8.5));
#5555 = DIRECTION('',(0.,0.,1.));
#5556 = DIRECTION('',(1.,0.,-0.));
#5557 = ADVANCED_FACE('',(#5558),#5564,.T.);
#5558 = FACE_BOUND('',#5559,.T.);
#5559 = EDGE_LOOP('',(#5560,#5561,#5562,#5563));
#5560 = ORIENTED_EDGE('',*,*,#5451,.F.);
#5561 = ORIENTED_EDGE('',*,*,#5512,.T.);
#5562 = ORIENTED_EDGE('',*,*,#5491,.T.);
#5563 = ORIENTED_EDGE('',*,*,#5534,.F.);
#5564 = PLANE('',#5565);
#5565 = AXIS2_PLACEMENT_3D('',#5566,#5567,#5568);
#5566 = CARTESIAN_POINT('',(42.24,1.13,2.4));
#5567 = DIRECTION('',(0.,0.,1.));
#5568 = DIRECTION('',(1.,0.,-0.));
#5569 = ( GEOMETRIC_REPRESENTATION_CONTEXT(3) 
GLOBAL_UNCERTAINTY_ASSIGNED_CONTEXT((#5573)) 
GLOBAL_UNIT_ASSIGNED_CONTEXT((#5570,#5571,#5572)) REPRESENTATION_CONTEXT
('Context #1','3D Context with UNIT and UNCERTAINTY') );
#5570 = ( LENGTH_UNIT() NAMED_UNIT(*) SI_UNIT(.MILLI.,.METRE.) );
#5571 = ( NAMED_UNIT(*) PLANE_ANGLE_UNIT() SI_UNIT($,.RADIAN.) );
#5572 = ( NAMED_UNIT(*) SI_UNIT($,.STERADIAN.) SOLID_ANGLE_UNIT() );
#5573 = UNCERTAINTY_MEASURE_WITH_UNIT(LENGTH_MEASURE(1.E-07),#5570,
  'distance_accuracy_value','confusion accuracy');
#5574 = CONTEXT_DEPENDENT_SHAPE_REPRESENTATION(#5575,#5577);
#5575 = ( REPRESENTATION_RELATIONSHIP('','',#5418,#10) 
REPRESENTATION_RELATIONSHIP_WITH_TRANSFORMATION(#5576) 
SHAPE_REPRESENTATION_RELATIONSHIP() );
#5576 = ITEM_DEFINED_TRANSFORMATION('','',#11,#111);
#5577 = PRODUCT_DEFINITION_SHAPE('Placement','Placement of an item',
  #5578);
#5578 = NEXT_ASSEMBLY_USAGE_OCCURRENCE('25','Header1_Pin15','',#5,#5413,
  $);
#5579 = PRODUCT_RELATED_PRODUCT_CATEGORY('part',$,(#5415));
#5580 = SHAPE_DEFINITION_REPRESENTATION(#5581,#5587);
#5581 = PRODUCT_DEFINITION_SHAPE('','',#5582);
#5582 = PRODUCT_DEFINITION('design','',#5583,#5586);
#5583 = PRODUCT_DEFINITION_FORMATION('','',#5584);
#5584 = PRODUCT('Header2_Housing','Header2_Housing','',(#5585));
#5585 = PRODUCT_CONTEXT('',#2,'mechanical');
#5586 = PRODUCT_DEFINITION_CONTEXT('part definition',#2,'design');
#5587 = ADVANCED_BREP_SHAPE_REPRESENTATION('',(#11,#5588),#5738);
#5588 = MANIFOLD_SOLID_BREP('',#5589);
#5589 = CLOSED_SHELL('',(#5590,#5630,#5670,#5692,#5714,#5726));
#5590 = ADVANCED_FACE('',(#5591),#5625,.F.);
#5591 = FACE_BOUND('',#5592,.F.);
#5592 = EDGE_LOOP('',(#5593,#5603,#5611,#5619));
#5593 = ORIENTED_EDGE('',*,*,#5594,.F.);
#5594 = EDGE_CURVE('',#5595,#5597,#5599,.T.);
#5595 = VERTEX_POINT('',#5596);
#5596 = CARTESIAN_POINT('',(5.73,25.58,-2.5));
#5597 = VERTEX_POINT('',#5598);
#5598 = CARTESIAN_POINT('',(5.73,25.58,0.));
#5599 = LINE('',#5600,#5601);
#5600 = CARTESIAN_POINT('',(5.73,25.58,-2.5));
#5601 = VECTOR('',#5602,1.);
#5602 = DIRECTION('',(0.,0.,1.));
#5603 = ORIENTED_EDGE('',*,*,#5604,.T.);
#5604 = EDGE_CURVE('',#5595,#5605,#5607,.T.);
#5605 = VERTEX_POINT('',#5606);
#5606 = CARTESIAN_POINT('',(5.73,28.12,-2.5));
#5607 = LINE('',#5608,#5609);
#5608 = CARTESIAN_POINT('',(5.73,25.58,-2.5));
#5609 = VECTOR('',#5610,1.);
#5610 = DIRECTION('',(-0.,1.,0.));
#5611 = ORIENTED_EDGE('',*,*,#5612,.T.);
#5612 = EDGE_CURVE('',#5605,#5613,#5615,.T.);
#5613 = VERTEX_POINT('',#5614);
#5614 = CARTESIAN_POINT('',(5.73,28.12,0.));
#5615 = LINE('',#5616,#5617);
#5616 = CARTESIAN_POINT('',(5.73,28.12,-2.5));
#5617 = VECTOR('',#5618,1.);
#5618 = DIRECTION('',(0.,0.,1.));
#5619 = ORIENTED_EDGE('',*,*,#5620,.F.);
#5620 = EDGE_CURVE('',#5597,#5613,#5621,.T.);
#5621 = LINE('',#5622,#5623);
#5622 = CARTESIAN_POINT('',(5.73,25.58,0.));
#5623 = VECTOR('',#5624,1.);
#5624 = DIRECTION('',(-0.,1.,0.));
#5625 = PLANE('',#5626);
#5626 = AXIS2_PLACEMENT_3D('',#5627,#5628,#5629);
#5627 = CARTESIAN_POINT('',(5.73,25.58,-2.5));
#5628 = DIRECTION('',(1.,0.,-0.));
#5629 = DIRECTION('',(0.,0.,1.));
#5630 = ADVANCED_FACE('',(#5631),#5665,.T.);
#5631 = FACE_BOUND('',#5632,.T.);
#5632 = EDGE_LOOP('',(#5633,#5643,#5651,#5659));
#5633 = ORIENTED_EDGE('',*,*,#5634,.F.);
#5634 = EDGE_CURVE('',#5635,#5637,#5639,.T.);
#5635 = VERTEX_POINT('',#5636);
#5636 = CARTESIAN_POINT('',(43.83,25.58,-2.5));
#5637 = VERTEX_POINT('',#5638);
#5638 = CARTESIAN_POINT('',(43.83,25.58,0.));
#5639 = LINE('',#5640,#5641);
#5640 = CARTESIAN_POINT('',(43.83,25.58,-2.5));
#5641 = VECTOR('',#5642,1.);
#5642 = DIRECTION('',(0.,0.,1.));
#5643 = ORIENTED_EDGE('',*,*,#5644,.T.);
#5644 = EDGE_CURVE('',#5635,#5645,#5647,.T.);
#5645 = VERTEX_POINT('',#5646);
#5646 = CARTESIAN_POINT('',(43.83,28.12,-2.5));
#5647 = LINE('',#5648,#5649);
#5648 = CARTESIAN_POINT('',(43.83,25.58,-2.5));
#5649 = VECTOR('',#5650,1.);
#5650 = DIRECTION('',(-0.,1.,0.));
#5651 = ORIENTED_EDGE('',*,*,#5652,.T.);
#5652 = EDGE_CURVE('',#5645,#5653,#5655,.T.);
#5653 = VERTEX_POINT('',#5654);
#5654 = CARTESIAN_POINT('',(43.83,28.12,0.));
#5655 = LINE('',#5656,#5657);
#5656 = CARTESIAN_POINT('',(43.83,28.12,-2.5));
#5657 = VECTOR('',#5658,1.);
#5658 = DIRECTION('',(0.,0.,1.));
#5659 = ORIENTED_EDGE('',*,*,#5660,.F.);
#5660 = EDGE_CURVE('',#5637,#5653,#5661,.T.);
#5661 = LINE('',#5662,#5663);
#5662 = CARTESIAN_POINT('',(43.83,25.58,0.));
#5663 = VECTOR('',#5664,1.);
#5664 = DIRECTION('',(-0.,1.,0.));
#5665 = PLANE('',#5666);
#5666 = AXIS2_PLACEMENT_3D('',#5667,#5668,#5669);
#5667 = CARTESIAN_POINT('',(43.83,25.58,-2.5));
#5668 = DIRECTION('',(1.,0.,-0.));
#5669 = DIRECTION('',(0.,0.,1.));
#5670 = ADVANCED_FACE('',(#5671),#5687,.F.);
#5671 = FACE_BOUND('',#5672,.F.);
#5672 = EDGE_LOOP('',(#5673,#5679,#5680,#5686));
#5673 = ORIENTED_EDGE('',*,*,#5674,.F.);
#5674 = EDGE_CURVE('',#5595,#5635,#5675,.T.);
#5675 = LINE('',#5676,#5677);
#5676 = CARTESIAN_POINT('',(5.73,25.58,-2.5));
#5677 = VECTOR('',#5678,1.);
#5678 = DIRECTION('',(1.,0.,-0.));
#5679 = ORIENTED_EDGE('',*,*,#5594,.T.);
#5680 = ORIENTED_EDGE('',*,*,#5681,.T.);
#5681 = EDGE_CURVE('',#5597,#5637,#5682,.T.);
#5682 = LINE('',#5683,#5684);
#5683 = CARTESIAN_POINT('',(5.73,25.58,0.));
#5684 = VECTOR('',#5685,1.);
#5685 = DIRECTION('',(1.,0.,-0.));
#5686 = ORIENTED_EDGE('',*,*,#5634,.F.);
#5687 = PLANE('',#5688);
#5688 = AXIS2_PLACEMENT_3D('',#5689,#5690,#5691);
#5689 = CARTESIAN_POINT('',(5.73,25.58,-2.5));
#5690 = DIRECTION('',(-0.,1.,0.));
#5691 = DIRECTION('',(0.,0.,1.));
#5692 = ADVANCED_FACE('',(#5693),#5709,.T.);
#5693 = FACE_BOUND('',#5694,.T.);
#5694 = EDGE_LOOP('',(#5695,#5701,#5702,#5708));
#5695 = ORIENTED_EDGE('',*,*,#5696,.F.);
#5696 = EDGE_CURVE('',#5605,#5645,#5697,.T.);
#5697 = LINE('',#5698,#5699);
#5698 = CARTESIAN_POINT('',(5.73,28.12,-2.5));
#5699 = VECTOR('',#5700,1.);
#5700 = DIRECTION('',(1.,0.,-0.));
#5701 = ORIENTED_EDGE('',*,*,#5612,.T.);
#5702 = ORIENTED_EDGE('',*,*,#5703,.T.);
#5703 = EDGE_CURVE('',#5613,#5653,#5704,.T.);
#5704 = LINE('',#5705,#5706);
#5705 = CARTESIAN_POINT('',(5.73,28.12,0.));
#5706 = VECTOR('',#5707,1.);
#5707 = DIRECTION('',(1.,0.,-0.));
#5708 = ORIENTED_EDGE('',*,*,#5652,.F.);
#5709 = PLANE('',#5710);
#5710 = AXIS2_PLACEMENT_3D('',#5711,#5712,#5713);
#5711 = CARTESIAN_POINT('',(5.73,28.12,-2.5));
#5712 = DIRECTION('',(-0.,1.,0.));
#5713 = DIRECTION('',(0.,0.,1.));
#5714 = ADVANCED_FACE('',(#5715),#5721,.F.);
#5715 = FACE_BOUND('',#5716,.F.);
#5716 = EDGE_LOOP('',(#5717,#5718,#5719,#5720));
#5717 = ORIENTED_EDGE('',*,*,#5604,.F.);
#5718 = ORIENTED_EDGE('',*,*,#5674,.T.);
#5719 = ORIENTED_EDGE('',*,*,#5644,.T.);
#5720 = ORIENTED_EDGE('',*,*,#5696,.F.);
#5721 = PLANE('',#5722);
#5722 = AXIS2_PLACEMENT_3D('',#5723,#5724,#5725);
#5723 = CARTESIAN_POINT('',(5.73,25.58,-2.5));
#5724 = DIRECTION('',(0.,0.,1.));
#5725 = DIRECTION('',(1.,0.,-0.));
#5726 = ADVANCED_FACE('',(#5727),#5733,.T.);
#5727 = FACE_BOUND('',#5728,.T.);
#5728 = EDGE_LOOP('',(#5729,#5730,#5731,#5732));
#5729 = ORIENTED_EDGE('',*,*,#5620,.F.);
#5730 = ORIENTED_EDGE('',*,*,#5681,.T.);
#5731 = ORIENTED_EDGE('',*,*,#5660,.T.);
#5732 = ORIENTED_EDGE('',*,*,#5703,.F.);
#5733 = PLANE('',#5734);
#5734 = AXIS2_PLACEMENT_3D('',#5735,#5736,#5737);
#5735 = CARTESIAN_POINT('',(5.73,25.58,0.));
#5736 = DIRECTION('',(0.,0.,1.));
#5737 = DIRECTION('',(1.,0.,-0.));
#5738 = ( GEOMETRIC_REPRESENTATION_CONTEXT(3) 
GLOBAL_UNCERTAINTY_ASSIGNED_CONTEXT((#5742)) 
GLOBAL_UNIT_ASSIGNED_CONTEXT((#5739,#5740,#5741)) REPRESENTATION_CONTEXT
('Context #1','3D Context with UNIT and UNCERTAINTY') );
#5739 = ( LENGTH_UNIT() NAMED_UNIT(*) SI_UNIT(.MILLI.,.METRE.) );
#5740 = ( NAMED_UNIT(*) PLANE_ANGLE_UNIT() SI_UNIT($,.RADIAN.) );
#5741 = ( NAMED_UNIT(*) SI_UNIT($,.STERADIAN.) SOLID_ANGLE_UNIT() );
#5742 = UNCERTAINTY_MEASURE_WITH_UNIT(LENGTH_MEASURE(1.E-07),#5739,
  'distance_accuracy_value','confusion accuracy');
#5743 = CONTEXT_DEPENDENT_SHAPE_REPRESENTATION(#5744,#5746);
#5744 = ( REPRESENTATION_RELATIONSHIP('','',#5587,#10) 
REPRESENTATION_RELATIONSHIP_WITH_TRANSFORMATION(#5745) 
SHAPE_REPRESENTATION_RELATIONSHIP() );
#5745 = ITEM_DEFINED_TRANSFORMATION('','',#11,#115);
#5746 = PRODUCT_DEFINITION_SHAPE('Placement','Placement of an item',
  #5747);
#5747 = NEXT_ASSEMBLY_USAGE_OCCURRENCE('26','Header2_Housing','',#5,
  #5582,$);
#5748 = PRODUCT_RELATED_PRODUCT_CATEGORY('part',$,(#5584));
#5749 = SHAPE_DEFINITION_REPRESENTATION(#5750,#5756);
#5750 = PRODUCT_DEFINITION_SHAPE('','',#5751);
#5751 = PRODUCT_DEFINITION('design','',#5752,#5755);
#5752 = PRODUCT_DEFINITION_FORMATION('','',#5753);
#5753 = PRODUCT('Header2_Pin01','Header2_Pin01','',(#5754));
#5754 = PRODUCT_CONTEXT('',#2,'mechanical');
#5755 = PRODUCT_DEFINITION_CONTEXT('part definition',#2,'design');
#5756 = ADVANCED_BREP_SHAPE_REPRESENTATION('',(#11,#5757),#5907);
#5757 = MANIFOLD_SOLID_BREP('',#5758);
#5758 = CLOSED_SHELL('',(#5759,#5799,#5839,#5861,#5883,#5895));
#5759 = ADVANCED_FACE('',(#5760),#5794,.F.);
#5760 = FACE_BOUND('',#5761,.F.);
#5761 = EDGE_LOOP('',(#5762,#5772,#5780,#5788));
#5762 = ORIENTED_EDGE('',*,*,#5763,.F.);
#5763 = EDGE_CURVE('',#5764,#5766,#5768,.T.);
#5764 = VERTEX_POINT('',#5765);
#5765 = CARTESIAN_POINT('',(6.68,26.53,-8.5));
#5766 = VERTEX_POINT('',#5767);
#5767 = CARTESIAN_POINT('',(6.68,26.53,2.4));
#5768 = LINE('',#5769,#5770);
#5769 = CARTESIAN_POINT('',(6.68,26.53,-8.5));
#5770 = VECTOR('',#5771,1.);
#5771 = DIRECTION('',(0.,0.,1.));
#5772 = ORIENTED_EDGE('',*,*,#5773,.T.);
#5773 = EDGE_CURVE('',#5764,#5774,#5776,.T.);
#5774 = VERTEX_POINT('',#5775);
#5775 = CARTESIAN_POINT('',(6.68,27.17,-8.5));
#5776 = LINE('',#5777,#5778);
#5777 = CARTESIAN_POINT('',(6.68,26.53,-8.5));
#5778 = VECTOR('',#5779,1.);
#5779 = DIRECTION('',(-0.,1.,0.));
#5780 = ORIENTED_EDGE('',*,*,#5781,.T.);
#5781 = EDGE_CURVE('',#5774,#5782,#5784,.T.);
#5782 = VERTEX_POINT('',#5783);
#5783 = CARTESIAN_POINT('',(6.68,27.17,2.4));
#5784 = LINE('',#5785,#5786);
#5785 = CARTESIAN_POINT('',(6.68,27.17,-8.5));
#5786 = VECTOR('',#5787,1.);
#5787 = DIRECTION('',(0.,0.,1.));
#5788 = ORIENTED_EDGE('',*,*,#5789,.F.);
#5789 = EDGE_CURVE('',#5766,#5782,#5790,.T.);
#5790 = LINE('',#5791,#5792);
#5791 = CARTESIAN_POINT('',(6.68,26.53,2.4));
#5792 = VECTOR('',#5793,1.);
#5793 = DIRECTION('',(-0.,1.,0.));
#5794 = PLANE('',#5795);
#5795 = AXIS2_PLACEMENT_3D('',#5796,#5797,#5798);
#5796 = CARTESIAN_POINT('',(6.68,26.53,-8.5));
#5797 = DIRECTION('',(1.,0.,-0.));
#5798 = DIRECTION('',(0.,0.,1.));
#5799 = ADVANCED_FACE('',(#5800),#5834,.T.);
#5800 = FACE_BOUND('',#5801,.T.);
#5801 = EDGE_LOOP('',(#5802,#5812,#5820,#5828));
#5802 = ORIENTED_EDGE('',*,*,#5803,.F.);
#5803 = EDGE_CURVE('',#5804,#5806,#5808,.T.);
#5804 = VERTEX_POINT('',#5805);
#5805 = CARTESIAN_POINT('',(7.32,26.53,-8.5));
#5806 = VERTEX_POINT('',#5807);
#5807 = CARTESIAN_POINT('',(7.32,26.53,2.4));
#5808 = LINE('',#5809,#5810);
#5809 = CARTESIAN_POINT('',(7.32,26.53,-8.5));
#5810 = VECTOR('',#5811,1.);
#5811 = DIRECTION('',(0.,0.,1.));
#5812 = ORIENTED_EDGE('',*,*,#5813,.T.);
#5813 = EDGE_CURVE('',#5804,#5814,#5816,.T.);
#5814 = VERTEX_POINT('',#5815);
#5815 = CARTESIAN_POINT('',(7.32,27.17,-8.5));
#5816 = LINE('',#5817,#5818);
#5817 = CARTESIAN_POINT('',(7.32,26.53,-8.5));
#5818 = VECTOR('',#5819,1.);
#5819 = DIRECTION('',(-0.,1.,0.));
#5820 = ORIENTED_EDGE('',*,*,#5821,.T.);
#5821 = EDGE_CURVE('',#5814,#5822,#5824,.T.);
#5822 = VERTEX_POINT('',#5823);
#5823 = CARTESIAN_POINT('',(7.32,27.17,2.4));
#5824 = LINE('',#5825,#5826);
#5825 = CARTESIAN_POINT('',(7.32,27.17,-8.5));
#5826 = VECTOR('',#5827,1.);
#5827 = DIRECTION('',(0.,0.,1.));
#5828 = ORIENTED_EDGE('',*,*,#5829,.F.);
#5829 = EDGE_CURVE('',#5806,#5822,#5830,.T.);
#5830 = LINE('',#5831,#5832);
#5831 = CARTESIAN_POINT('',(7.32,26.53,2.4));
#5832 = VECTOR('',#5833,1.);
#5833 = DIRECTION('',(-0.,1.,0.));
#5834 = PLANE('',#5835);
#5835 = AXIS2_PLACEMENT_3D('',#5836,#5837,#5838);
#5836 = CARTESIAN_POINT('',(7.32,26.53,-8.5));
#5837 = DIRECTION('',(1.,0.,-0.));
#5838 = DIRECTION('',(0.,0.,1.));
#5839 = ADVANCED_FACE('',(#5840),#5856,.F.);
#5840 = FACE_BOUND('',#5841,.F.);
#5841 = EDGE_LOOP('',(#5842,#5848,#5849,#5855));
#5842 = ORIENTED_EDGE('',*,*,#5843,.F.);
#5843 = EDGE_CURVE('',#5764,#5804,#5844,.T.);
#5844 = LINE('',#5845,#5846);
#5845 = CARTESIAN_POINT('',(6.68,26.53,-8.5));
#5846 = VECTOR('',#5847,1.);
#5847 = DIRECTION('',(1.,0.,-0.));
#5848 = ORIENTED_EDGE('',*,*,#5763,.T.);
#5849 = ORIENTED_EDGE('',*,*,#5850,.T.);
#5850 = EDGE_CURVE('',#5766,#5806,#5851,.T.);
#5851 = LINE('',#5852,#5853);
#5852 = CARTESIAN_POINT('',(6.68,26.53,2.4));
#5853 = VECTOR('',#5854,1.);
#5854 = DIRECTION('',(1.,0.,-0.));
#5855 = ORIENTED_EDGE('',*,*,#5803,.F.);
#5856 = PLANE('',#5857);
#5857 = AXIS2_PLACEMENT_3D('',#5858,#5859,#5860);
#5858 = CARTESIAN_POINT('',(6.68,26.53,-8.5));
#5859 = DIRECTION('',(-0.,1.,0.));
#5860 = DIRECTION('',(0.,0.,1.));
#5861 = ADVANCED_FACE('',(#5862),#5878,.T.);
#5862 = FACE_BOUND('',#5863,.T.);
#5863 = EDGE_LOOP('',(#5864,#5870,#5871,#5877));
#5864 = ORIENTED_EDGE('',*,*,#5865,.F.);
#5865 = EDGE_CURVE('',#5774,#5814,#5866,.T.);
#5866 = LINE('',#5867,#5868);
#5867 = CARTESIAN_POINT('',(6.68,27.17,-8.5));
#5868 = VECTOR('',#5869,1.);
#5869 = DIRECTION('',(1.,0.,-0.));
#5870 = ORIENTED_EDGE('',*,*,#5781,.T.);
#5871 = ORIENTED_EDGE('',*,*,#5872,.T.);
#5872 = EDGE_CURVE('',#5782,#5822,#5873,.T.);
#5873 = LINE('',#5874,#5875);
#5874 = CARTESIAN_POINT('',(6.68,27.17,2.4));
#5875 = VECTOR('',#5876,1.);
#5876 = DIRECTION('',(1.,0.,-0.));
#5877 = ORIENTED_EDGE('',*,*,#5821,.F.);
#5878 = PLANE('',#5879);
#5879 = AXIS2_PLACEMENT_3D('',#5880,#5881,#5882);
#5880 = CARTESIAN_POINT('',(6.68,27.17,-8.5));
#5881 = DIRECTION('',(-0.,1.,0.));
#5882 = DIRECTION('',(0.,0.,1.));
#5883 = ADVANCED_FACE('',(#5884),#5890,.F.);
#5884 = FACE_BOUND('',#5885,.F.);
#5885 = EDGE_LOOP('',(#5886,#5887,#5888,#5889));
#5886 = ORIENTED_EDGE('',*,*,#5773,.F.);
#5887 = ORIENTED_EDGE('',*,*,#5843,.T.);
#5888 = ORIENTED_EDGE('',*,*,#5813,.T.);
#5889 = ORIENTED_EDGE('',*,*,#5865,.F.);
#5890 = PLANE('',#5891);
#5891 = AXIS2_PLACEMENT_3D('',#5892,#5893,#5894);
#5892 = CARTESIAN_POINT('',(6.68,26.53,-8.5));
#5893 = DIRECTION('',(0.,0.,1.));
#5894 = DIRECTION('',(1.,0.,-0.));
#5895 = ADVANCED_FACE('',(#5896),#5902,.T.);
#5896 = FACE_BOUND('',#5897,.T.);
#5897 = EDGE_LOOP('',(#5898,#5899,#5900,#5901));
#5898 = ORIENTED_EDGE('',*,*,#5789,.F.);
#5899 = ORIENTED_EDGE('',*,*,#5850,.T.);
#5900 = ORIENTED_EDGE('',*,*,#5829,.T.);
#5901 = ORIENTED_EDGE('',*,*,#5872,.F.);
#5902 = PLANE('',#5903);
#5903 = AXIS2_PLACEMENT_3D('',#5904,#5905,#5906);
#5904 = CARTESIAN_POINT('',(6.68,26.53,2.4));
#5905 = DIRECTION('',(0.,0.,1.));
#5906 = DIRECTION('',(1.,0.,-0.));
#5907 = ( GEOMETRIC_REPRESENTATION_CONTEXT(3) 
GLOBAL_UNCERTAINTY_ASSIGNED_CONTEXT((#5911)) 
GLOBAL_UNIT_ASSIGNED_CONTEXT((#5908,#5909,#5910)) REPRESENTATION_CONTEXT
('Context #1','3D Context with UNIT and UNCERTAINTY') );
#5908 = ( LENGTH_UNIT() NAMED_UNIT(*) SI_UNIT(.MILLI.,.METRE.) );
#5909 = ( NAMED_UNIT(*) PLANE_ANGLE_UNIT() SI_UNIT($,.RADIAN.) );
#5910 = ( NAMED_UNIT(*) SI_UNIT($,.STERADIAN.) SOLID_ANGLE_UNIT() );
#5911 = UNCERTAINTY_MEASURE_WITH_UNIT(LENGTH_MEASURE(1.E-07),#5908,
  'distance_accuracy_value','confusion accuracy');
#5912 = CONTEXT_DEPENDENT_SHAPE_REPRESENTATION(#5913,#5915);
#5913 = ( REPRESENTATION_RELATIONSHIP('','',#5756,#10) 
REPRESENTATION_RELATIONSHIP_WITH_TRANSFORMATION(#5914) 
SHAPE_REPRESENTATION_RELATIONSHIP() );
#5914 = ITEM_DEFINED_TRANSFORMATION('','',#11,#119);
#5915 = PRODUCT_DEFINITION_SHAPE('Placement','Placement of an item',
  #5916);
#5916 = NEXT_ASSEMBLY_USAGE_OCCURRENCE('27','Header2_Pin01','',#5,#5751,
  $);
#5917 = PRODUCT_RELATED_PRODUCT_CATEGORY('part',$,(#5753));
#5918 = SHAPE_DEFINITION_REPRESENTATION(#5919,#5925);
#5919 = PRODUCT_DEFINITION_SHAPE('','',#5920);
#5920 = PRODUCT_DEFINITION('design','',#5921,#5924);
#5921 = PRODUCT_DEFINITION_FORMATION('','',#5922);
#5922 = PRODUCT('Header2_Pin02','Header2_Pin02','',(#5923));
#5923 = PRODUCT_CONTEXT('',#2,'mechanical');
#5924 = PRODUCT_DEFINITION_CONTEXT('part definition',#2,'design');
#5925 = ADVANCED_BREP_SHAPE_REPRESENTATION('',(#11,#5926),#6076);
#5926 = MANIFOLD_SOLID_BREP('',#5927);
#5927 = CLOSED_SHELL('',(#5928,#5968,#6008,#6030,#6052,#6064));
#5928 = ADVANCED_FACE('',(#5929),#5963,.F.);
#5929 = FACE_BOUND('',#5930,.F.);
#5930 = EDGE_LOOP('',(#5931,#5941,#5949,#5957));
#5931 = ORIENTED_EDGE('',*,*,#5932,.F.);
#5932 = EDGE_CURVE('',#5933,#5935,#5937,.T.);
#5933 = VERTEX_POINT('',#5934);
#5934 = CARTESIAN_POINT('',(9.22,26.53,-8.5));
#5935 = VERTEX_POINT('',#5936);
#5936 = CARTESIAN_POINT('',(9.22,26.53,2.4));
#5937 = LINE('',#5938,#5939);
#5938 = CARTESIAN_POINT('',(9.22,26.53,-8.5));
#5939 = VECTOR('',#5940,1.);
#5940 = DIRECTION('',(0.,0.,1.));
#5941 = ORIENTED_EDGE('',*,*,#5942,.T.);
#5942 = EDGE_CURVE('',#5933,#5943,#5945,.T.);
#5943 = VERTEX_POINT('',#5944);
#5944 = CARTESIAN_POINT('',(9.22,27.17,-8.5));
#5945 = LINE('',#5946,#5947);
#5946 = CARTESIAN_POINT('',(9.22,26.53,-8.5));
#5947 = VECTOR('',#5948,1.);
#5948 = DIRECTION('',(-0.,1.,0.));
#5949 = ORIENTED_EDGE('',*,*,#5950,.T.);
#5950 = EDGE_CURVE('',#5943,#5951,#5953,.T.);
#5951 = VERTEX_POINT('',#5952);
#5952 = CARTESIAN_POINT('',(9.22,27.17,2.4));
#5953 = LINE('',#5954,#5955);
#5954 = CARTESIAN_POINT('',(9.22,27.17,-8.5));
#5955 = VECTOR('',#5956,1.);
#5956 = DIRECTION('',(0.,0.,1.));
#5957 = ORIENTED_EDGE('',*,*,#5958,.F.);
#5958 = EDGE_CURVE('',#5935,#5951,#5959,.T.);
#5959 = LINE('',#5960,#5961);
#5960 = CARTESIAN_POINT('',(9.22,26.53,2.4));
#5961 = VECTOR('',#5962,1.);
#5962 = DIRECTION('',(-0.,1.,0.));
#5963 = PLANE('',#5964);
#5964 = AXIS2_PLACEMENT_3D('',#5965,#5966,#5967);
#5965 = CARTESIAN_POINT('',(9.22,26.53,-8.5));
#5966 = DIRECTION('',(1.,0.,-0.));
#5967 = DIRECTION('',(0.,0.,1.));
#5968 = ADVANCED_FACE('',(#5969),#6003,.T.);
#5969 = FACE_BOUND('',#5970,.T.);
#5970 = EDGE_LOOP('',(#5971,#5981,#5989,#5997));
#5971 = ORIENTED_EDGE('',*,*,#5972,.F.);
#5972 = EDGE_CURVE('',#5973,#5975,#5977,.T.);
#5973 = VERTEX_POINT('',#5974);
#5974 = CARTESIAN_POINT('',(9.86,26.53,-8.5));
#5975 = VERTEX_POINT('',#5976);
#5976 = CARTESIAN_POINT('',(9.86,26.53,2.4));
#5977 = LINE('',#5978,#5979);
#5978 = CARTESIAN_POINT('',(9.86,26.53,-8.5));
#5979 = VECTOR('',#5980,1.);
#5980 = DIRECTION('',(0.,0.,1.));
#5981 = ORIENTED_EDGE('',*,*,#5982,.T.);
#5982 = EDGE_CURVE('',#5973,#5983,#5985,.T.);
#5983 = VERTEX_POINT('',#5984);
#5984 = CARTESIAN_POINT('',(9.86,27.17,-8.5));
#5985 = LINE('',#5986,#5987);
#5986 = CARTESIAN_POINT('',(9.86,26.53,-8.5));
#5987 = VECTOR('',#5988,1.);
#5988 = DIRECTION('',(-0.,1.,0.));
#5989 = ORIENTED_EDGE('',*,*,#5990,.T.);
#5990 = EDGE_CURVE('',#5983,#5991,#5993,.T.);
#5991 = VERTEX_POINT('',#5992);
#5992 = CARTESIAN_POINT('',(9.86,27.17,2.4));
#5993 = LINE('',#5994,#5995);
#5994 = CARTESIAN_POINT('',(9.86,27.17,-8.5));
#5995 = VECTOR('',#5996,1.);
#5996 = DIRECTION('',(0.,0.,1.));
#5997 = ORIENTED_EDGE('',*,*,#5998,.F.);
#5998 = EDGE_CURVE('',#5975,#5991,#5999,.T.);
#5999 = LINE('',#6000,#6001);
#6000 = CARTESIAN_POINT('',(9.86,26.53,2.4));
#6001 = VECTOR('',#6002,1.);
#6002 = DIRECTION('',(-0.,1.,0.));
#6003 = PLANE('',#6004);
#6004 = AXIS2_PLACEMENT_3D('',#6005,#6006,#6007);
#6005 = CARTESIAN_POINT('',(9.86,26.53,-8.5));
#6006 = DIRECTION('',(1.,0.,-0.));
#6007 = DIRECTION('',(0.,0.,1.));
#6008 = ADVANCED_FACE('',(#6009),#6025,.F.);
#6009 = FACE_BOUND('',#6010,.F.);
#6010 = EDGE_LOOP('',(#6011,#6017,#6018,#6024));
#6011 = ORIENTED_EDGE('',*,*,#6012,.F.);
#6012 = EDGE_CURVE('',#5933,#5973,#6013,.T.);
#6013 = LINE('',#6014,#6015);
#6014 = CARTESIAN_POINT('',(9.22,26.53,-8.5));
#6015 = VECTOR('',#6016,1.);
#6016 = DIRECTION('',(1.,0.,-0.));
#6017 = ORIENTED_EDGE('',*,*,#5932,.T.);
#6018 = ORIENTED_EDGE('',*,*,#6019,.T.);
#6019 = EDGE_CURVE('',#5935,#5975,#6020,.T.);
#6020 = LINE('',#6021,#6022);
#6021 = CARTESIAN_POINT('',(9.22,26.53,2.4));
#6022 = VECTOR('',#6023,1.);
#6023 = DIRECTION('',(1.,0.,-0.));
#6024 = ORIENTED_EDGE('',*,*,#5972,.F.);
#6025 = PLANE('',#6026);
#6026 = AXIS2_PLACEMENT_3D('',#6027,#6028,#6029);
#6027 = CARTESIAN_POINT('',(9.22,26.53,-8.5));
#6028 = DIRECTION('',(-0.,1.,0.));
#6029 = DIRECTION('',(0.,0.,1.));
#6030 = ADVANCED_FACE('',(#6031),#6047,.T.);
#6031 = FACE_BOUND('',#6032,.T.);
#6032 = EDGE_LOOP('',(#6033,#6039,#6040,#6046));
#6033 = ORIENTED_EDGE('',*,*,#6034,.F.);
#6034 = EDGE_CURVE('',#5943,#5983,#6035,.T.);
#6035 = LINE('',#6036,#6037);
#6036 = CARTESIAN_POINT('',(9.22,27.17,-8.5));
#6037 = VECTOR('',#6038,1.);
#6038 = DIRECTION('',(1.,0.,-0.));
#6039 = ORIENTED_EDGE('',*,*,#5950,.T.);
#6040 = ORIENTED_EDGE('',*,*,#6041,.T.);
#6041 = EDGE_CURVE('',#5951,#5991,#6042,.T.);
#6042 = LINE('',#6043,#6044);
#6043 = CARTESIAN_POINT('',(9.22,27.17,2.4));
#6044 = VECTOR('',#6045,1.);
#6045 = DIRECTION('',(1.,0.,-0.));
#6046 = ORIENTED_EDGE('',*,*,#5990,.F.);
#6047 = PLANE('',#6048);
#6048 = AXIS2_PLACEMENT_3D('',#6049,#6050,#6051);
#6049 = CARTESIAN_POINT('',(9.22,27.17,-8.5));
#6050 = DIRECTION('',(-0.,1.,0.));
#6051 = DIRECTION('',(0.,0.,1.));
#6052 = ADVANCED_FACE('',(#6053),#6059,.F.);
#6053 = FACE_BOUND('',#6054,.F.);
#6054 = EDGE_LOOP('',(#6055,#6056,#6057,#6058));
#6055 = ORIENTED_EDGE('',*,*,#5942,.F.);
#6056 = ORIENTED_EDGE('',*,*,#6012,.T.);
#6057 = ORIENTED_EDGE('',*,*,#5982,.T.);
#6058 = ORIENTED_EDGE('',*,*,#6034,.F.);
#6059 = PLANE('',#6060);
#6060 = AXIS2_PLACEMENT_3D('',#6061,#6062,#6063);
#6061 = CARTESIAN_POINT('',(9.22,26.53,-8.5));
#6062 = DIRECTION('',(0.,0.,1.));
#6063 = DIRECTION('',(1.,0.,-0.));
#6064 = ADVANCED_FACE('',(#6065),#6071,.T.);
#6065 = FACE_BOUND('',#6066,.T.);
#6066 = EDGE_LOOP('',(#6067,#6068,#6069,#6070));
#6067 = ORIENTED_EDGE('',*,*,#5958,.F.);
#6068 = ORIENTED_EDGE('',*,*,#6019,.T.);
#6069 = ORIENTED_EDGE('',*,*,#5998,.T.);
#6070 = ORIENTED_EDGE('',*,*,#6041,.F.);
#6071 = PLANE('',#6072);
#6072 = AXIS2_PLACEMENT_3D('',#6073,#6074,#6075);
#6073 = CARTESIAN_POINT('',(9.22,26.53,2.4));
#6074 = DIRECTION('',(0.,0.,1.));
#6075 = DIRECTION('',(1.,0.,-0.));
#6076 = ( GEOMETRIC_REPRESENTATION_CONTEXT(3) 
GLOBAL_UNCERTAINTY_ASSIGNED_CONTEXT((#6080)) 
GLOBAL_UNIT_ASSIGNED_CONTEXT((#6077,#6078,#6079)) REPRESENTATION_CONTEXT
('Context #1','3D Context with UNIT and UNCERTAINTY') );
#6077 = ( LENGTH_UNIT() NAMED_UNIT(*) SI_UNIT(.MILLI.,.METRE.) );
#6078 = ( NAMED_UNIT(*) PLANE_ANGLE_UNIT() SI_UNIT($,.RADIAN.) );
#6079 = ( NAMED_UNIT(*) SI_UNIT($,.STERADIAN.) SOLID_ANGLE_UNIT() );
#6080 = UNCERTAINTY_MEASURE_WITH_UNIT(LENGTH_MEASURE(1.E-07),#6077,
  'distance_accuracy_value','confusion accuracy');
#6081 = CONTEXT_DEPENDENT_SHAPE_REPRESENTATION(#6082,#6084);
#6082 = ( REPRESENTATION_RELATIONSHIP('','',#5925,#10) 
REPRESENTATION_RELATIONSHIP_WITH_TRANSFORMATION(#6083) 
SHAPE_REPRESENTATION_RELATIONSHIP() );
#6083 = ITEM_DEFINED_TRANSFORMATION('','',#11,#123);
#6084 = PRODUCT_DEFINITION_SHAPE('Placement','Placement of an item',
  #6085);
#6085 = NEXT_ASSEMBLY_USAGE_OCCURRENCE('28','Header2_Pin02','',#5,#5920,
  $);
#6086 = PRODUCT_RELATED_PRODUCT_CATEGORY('part',$,(#5922));
#6087 = SHAPE_DEFINITION_REPRESENTATION(#6088,#6094);
#6088 = PRODUCT_DEFINITION_SHAPE('','',#6089);
#6089 = PRODUCT_DEFINITION('design','',#6090,#6093);
#6090 = PRODUCT_DEFINITION_FORMATION('','',#6091);
#6091 = PRODUCT('Header2_Pin03','Header2_Pin03','',(#6092));
#6092 = PRODUCT_CONTEXT('',#2,'mechanical');
#6093 = PRODUCT_DEFINITION_CONTEXT('part definition',#2,'design');
#6094 = ADVANCED_BREP_SHAPE_REPRESENTATION('',(#11,#6095),#6245);
#6095 = MANIFOLD_SOLID_BREP('',#6096);
#6096 = CLOSED_SHELL('',(#6097,#6137,#6177,#6199,#6221,#6233));
#6097 = ADVANCED_FACE('',(#6098),#6132,.F.);
#6098 = FACE_BOUND('',#6099,.F.);
#6099 = EDGE_LOOP('',(#6100,#6110,#6118,#6126));
#6100 = ORIENTED_EDGE('',*,*,#6101,.F.);
#6101 = EDGE_CURVE('',#6102,#6104,#6106,.T.);
#6102 = VERTEX_POINT('',#6103);
#6103 = CARTESIAN_POINT('',(11.76,26.53,-8.5));
#6104 = VERTEX_POINT('',#6105);
#6105 = CARTESIAN_POINT('',(11.76,26.53,2.4));
#6106 = LINE('',#6107,#6108);
#6107 = CARTESIAN_POINT('',(11.76,26.53,-8.5));
#6108 = VECTOR('',#6109,1.);
#6109 = DIRECTION('',(0.,0.,1.));
#6110 = ORIENTED_EDGE('',*,*,#6111,.T.);
#6111 = EDGE_CURVE('',#6102,#6112,#6114,.T.);
#6112 = VERTEX_POINT('',#6113);
#6113 = CARTESIAN_POINT('',(11.76,27.17,-8.5));
#6114 = LINE('',#6115,#6116);
#6115 = CARTESIAN_POINT('',(11.76,26.53,-8.5));
#6116 = VECTOR('',#6117,1.);
#6117 = DIRECTION('',(-0.,1.,0.));
#6118 = ORIENTED_EDGE('',*,*,#6119,.T.);
#6119 = EDGE_CURVE('',#6112,#6120,#6122,.T.);
#6120 = VERTEX_POINT('',#6121);
#6121 = CARTESIAN_POINT('',(11.76,27.17,2.4));
#6122 = LINE('',#6123,#6124);
#6123 = CARTESIAN_POINT('',(11.76,27.17,-8.5));
#6124 = VECTOR('',#6125,1.);
#6125 = DIRECTION('',(0.,0.,1.));
#6126 = ORIENTED_EDGE('',*,*,#6127,.F.);
#6127 = EDGE_CURVE('',#6104,#6120,#6128,.T.);
#6128 = LINE('',#6129,#6130);
#6129 = CARTESIAN_POINT('',(11.76,26.53,2.4));
#6130 = VECTOR('',#6131,1.);
#6131 = DIRECTION('',(-0.,1.,0.));
#6132 = PLANE('',#6133);
#6133 = AXIS2_PLACEMENT_3D('',#6134,#6135,#6136);
#6134 = CARTESIAN_POINT('',(11.76,26.53,-8.5));
#6135 = DIRECTION('',(1.,0.,-0.));
#6136 = DIRECTION('',(0.,0.,1.));
#6137 = ADVANCED_FACE('',(#6138),#6172,.T.);
#6138 = FACE_BOUND('',#6139,.T.);
#6139 = EDGE_LOOP('',(#6140,#6150,#6158,#6166));
#6140 = ORIENTED_EDGE('',*,*,#6141,.F.);
#6141 = EDGE_CURVE('',#6142,#6144,#6146,.T.);
#6142 = VERTEX_POINT('',#6143);
#6143 = CARTESIAN_POINT('',(12.4,26.53,-8.5));
#6144 = VERTEX_POINT('',#6145);
#6145 = CARTESIAN_POINT('',(12.4,26.53,2.4));
#6146 = LINE('',#6147,#6148);
#6147 = CARTESIAN_POINT('',(12.4,26.53,-8.5));
#6148 = VECTOR('',#6149,1.);
#6149 = DIRECTION('',(0.,0.,1.));
#6150 = ORIENTED_EDGE('',*,*,#6151,.T.);
#6151 = EDGE_CURVE('',#6142,#6152,#6154,.T.);
#6152 = VERTEX_POINT('',#6153);
#6153 = CARTESIAN_POINT('',(12.4,27.17,-8.5));
#6154 = LINE('',#6155,#6156);
#6155 = CARTESIAN_POINT('',(12.4,26.53,-8.5));
#6156 = VECTOR('',#6157,1.);
#6157 = DIRECTION('',(-0.,1.,0.));
#6158 = ORIENTED_EDGE('',*,*,#6159,.T.);
#6159 = EDGE_CURVE('',#6152,#6160,#6162,.T.);
#6160 = VERTEX_POINT('',#6161);
#6161 = CARTESIAN_POINT('',(12.4,27.17,2.4));
#6162 = LINE('',#6163,#6164);
#6163 = CARTESIAN_POINT('',(12.4,27.17,-8.5));
#6164 = VECTOR('',#6165,1.);
#6165 = DIRECTION('',(0.,0.,1.));
#6166 = ORIENTED_EDGE('',*,*,#6167,.F.);
#6167 = EDGE_CURVE('',#6144,#6160,#6168,.T.);
#6168 = LINE('',#6169,#6170);
#6169 = CARTESIAN_POINT('',(12.4,26.53,2.4));
#6170 = VECTOR('',#6171,1.);
#6171 = DIRECTION('',(-0.,1.,0.));
#6172 = PLANE('',#6173);
#6173 = AXIS2_PLACEMENT_3D('',#6174,#6175,#6176);
#6174 = CARTESIAN_POINT('',(12.4,26.53,-8.5));
#6175 = DIRECTION('',(1.,0.,-0.));
#6176 = DIRECTION('',(0.,0.,1.));
#6177 = ADVANCED_FACE('',(#6178),#6194,.F.);
#6178 = FACE_BOUND('',#6179,.F.);
#6179 = EDGE_LOOP('',(#6180,#6186,#6187,#6193));
#6180 = ORIENTED_EDGE('',*,*,#6181,.F.);
#6181 = EDGE_CURVE('',#6102,#6142,#6182,.T.);
#6182 = LINE('',#6183,#6184);
#6183 = CARTESIAN_POINT('',(11.76,26.53,-8.5));
#6184 = VECTOR('',#6185,1.);
#6185 = DIRECTION('',(1.,0.,-0.));
#6186 = ORIENTED_EDGE('',*,*,#6101,.T.);
#6187 = ORIENTED_EDGE('',*,*,#6188,.T.);
#6188 = EDGE_CURVE('',#6104,#6144,#6189,.T.);
#6189 = LINE('',#6190,#6191);
#6190 = CARTESIAN_POINT('',(11.76,26.53,2.4));
#6191 = VECTOR('',#6192,1.);
#6192 = DIRECTION('',(1.,0.,-0.));
#6193 = ORIENTED_EDGE('',*,*,#6141,.F.);
#6194 = PLANE('',#6195);
#6195 = AXIS2_PLACEMENT_3D('',#6196,#6197,#6198);
#6196 = CARTESIAN_POINT('',(11.76,26.53,-8.5));
#6197 = DIRECTION('',(-0.,1.,0.));
#6198 = DIRECTION('',(0.,0.,1.));
#6199 = ADVANCED_FACE('',(#6200),#6216,.T.);
#6200 = FACE_BOUND('',#6201,.T.);
#6201 = EDGE_LOOP('',(#6202,#6208,#6209,#6215));
#6202 = ORIENTED_EDGE('',*,*,#6203,.F.);
#6203 = EDGE_CURVE('',#6112,#6152,#6204,.T.);
#6204 = LINE('',#6205,#6206);
#6205 = CARTESIAN_POINT('',(11.76,27.17,-8.5));
#6206 = VECTOR('',#6207,1.);
#6207 = DIRECTION('',(1.,0.,-0.));
#6208 = ORIENTED_EDGE('',*,*,#6119,.T.);
#6209 = ORIENTED_EDGE('',*,*,#6210,.T.);
#6210 = EDGE_CURVE('',#6120,#6160,#6211,.T.);
#6211 = LINE('',#6212,#6213);
#6212 = CARTESIAN_POINT('',(11.76,27.17,2.4));
#6213 = VECTOR('',#6214,1.);
#6214 = DIRECTION('',(1.,0.,-0.));
#6215 = ORIENTED_EDGE('',*,*,#6159,.F.);
#6216 = PLANE('',#6217);
#6217 = AXIS2_PLACEMENT_3D('',#6218,#6219,#6220);
#6218 = CARTESIAN_POINT('',(11.76,27.17,-8.5));
#6219 = DIRECTION('',(-0.,1.,0.));
#6220 = DIRECTION('',(0.,0.,1.));
#6221 = ADVANCED_FACE('',(#6222),#6228,.F.);
#6222 = FACE_BOUND('',#6223,.F.);
#6223 = EDGE_LOOP('',(#6224,#6225,#6226,#6227));
#6224 = ORIENTED_EDGE('',*,*,#6111,.F.);
#6225 = ORIENTED_EDGE('',*,*,#6181,.T.);
#6226 = ORIENTED_EDGE('',*,*,#6151,.T.);
#6227 = ORIENTED_EDGE('',*,*,#6203,.F.);
#6228 = PLANE('',#6229);
#6229 = AXIS2_PLACEMENT_3D('',#6230,#6231,#6232);
#6230 = CARTESIAN_POINT('',(11.76,26.53,-8.5));
#6231 = DIRECTION('',(0.,0.,1.));
#6232 = DIRECTION('',(1.,0.,-0.));
#6233 = ADVANCED_FACE('',(#6234),#6240,.T.);
#6234 = FACE_BOUND('',#6235,.T.);
#6235 = EDGE_LOOP('',(#6236,#6237,#6238,#6239));
#6236 = ORIENTED_EDGE('',*,*,#6127,.F.);
#6237 = ORIENTED_EDGE('',*,*,#6188,.T.);
#6238 = ORIENTED_EDGE('',*,*,#6167,.T.);
#6239 = ORIENTED_EDGE('',*,*,#6210,.F.);
#6240 = PLANE('',#6241);
#6241 = AXIS2_PLACEMENT_3D('',#6242,#6243,#6244);
#6242 = CARTESIAN_POINT('',(11.76,26.53,2.4));
#6243 = DIRECTION('',(0.,0.,1.));
#6244 = DIRECTION('',(1.,0.,-0.));
#6245 = ( GEOMETRIC_REPRESENTATION_CONTEXT(3) 
GLOBAL_UNCERTAINTY_ASSIGNED_CONTEXT((#6249)) 
GLOBAL_UNIT_ASSIGNED_CONTEXT((#6246,#6247,#6248)) REPRESENTATION_CONTEXT
('Context #1','3D Context with UNIT and UNCERTAINTY') );
#6246 = ( LENGTH_UNIT() NAMED_UNIT(*) SI_UNIT(.MILLI.,.METRE.) );
#6247 = ( NAMED_UNIT(*) PLANE_ANGLE_UNIT() SI_UNIT($,.RADIAN.) );
#6248 = ( NAMED_UNIT(*) SI_UNIT($,.STERADIAN.) SOLID_ANGLE_UNIT() );
#6249 = UNCERTAINTY_MEASURE_WITH_UNIT(LENGTH_MEASURE(1.E-07),#6246,
  'distance_accuracy_value','confusion accuracy');
#6250 = CONTEXT_DEPENDENT_SHAPE_REPRESENTATION(#6251,#6253);
#6251 = ( REPRESENTATION_RELATIONSHIP('','',#6094,#10) 
REPRESENTATION_RELATIONSHIP_WITH_TRANSFORMATION(#6252) 
SHAPE_REPRESENTATION_RELATIONSHIP() );
#6252 = ITEM_DEFINED_TRANSFORMATION('','',#11,#127);
#6253 = PRODUCT_DEFINITION_SHAPE('Placement','Placement of an item',
  #6254);
#6254 = NEXT_ASSEMBLY_USAGE_OCCURRENCE('29','Header2_Pin03','',#5,#6089,
  $);
#6255 = PRODUCT_RELATED_PRODUCT_CATEGORY('part',$,(#6091));
#6256 = SHAPE_DEFINITION_REPRESENTATION(#6257,#6263);
#6257 = PRODUCT_DEFINITION_SHAPE('','',#6258);
#6258 = PRODUCT_DEFINITION('design','',#6259,#6262);
#6259 = PRODUCT_DEFINITION_FORMATION('','',#6260);
#6260 = PRODUCT('Header2_Pin04','Header2_Pin04','',(#6261));
#6261 = PRODUCT_CONTEXT('',#2,'mechanical');
#6262 = PRODUCT_DEFINITION_CONTEXT('part definition',#2,'design');
#6263 = ADVANCED_BREP_SHAPE_REPRESENTATION('',(#11,#6264),#6414);
#6264 = MANIFOLD_SOLID_BREP('',#6265);
#6265 = CLOSED_SHELL('',(#6266,#6306,#6346,#6368,#6390,#6402));
#6266 = ADVANCED_FACE('',(#6267),#6301,.F.);
#6267 = FACE_BOUND('',#6268,.F.);
#6268 = EDGE_LOOP('',(#6269,#6279,#6287,#6295));
#6269 = ORIENTED_EDGE('',*,*,#6270,.F.);
#6270 = EDGE_CURVE('',#6271,#6273,#6275,.T.);
#6271 = VERTEX_POINT('',#6272);
#6272 = CARTESIAN_POINT('',(14.3,26.53,-8.5));
#6273 = VERTEX_POINT('',#6274);
#6274 = CARTESIAN_POINT('',(14.3,26.53,2.4));
#6275 = LINE('',#6276,#6277);
#6276 = CARTESIAN_POINT('',(14.3,26.53,-8.5));
#6277 = VECTOR('',#6278,1.);
#6278 = DIRECTION('',(0.,0.,1.));
#6279 = ORIENTED_EDGE('',*,*,#6280,.T.);
#6280 = EDGE_CURVE('',#6271,#6281,#6283,.T.);
#6281 = VERTEX_POINT('',#6282);
#6282 = CARTESIAN_POINT('',(14.3,27.17,-8.5));
#6283 = LINE('',#6284,#6285);
#6284 = CARTESIAN_POINT('',(14.3,26.53,-8.5));
#6285 = VECTOR('',#6286,1.);
#6286 = DIRECTION('',(-0.,1.,0.));
#6287 = ORIENTED_EDGE('',*,*,#6288,.T.);
#6288 = EDGE_CURVE('',#6281,#6289,#6291,.T.);
#6289 = VERTEX_POINT('',#6290);
#6290 = CARTESIAN_POINT('',(14.3,27.17,2.4));
#6291 = LINE('',#6292,#6293);
#6292 = CARTESIAN_POINT('',(14.3,27.17,-8.5));
#6293 = VECTOR('',#6294,1.);
#6294 = DIRECTION('',(0.,0.,1.));
#6295 = ORIENTED_EDGE('',*,*,#6296,.F.);
#6296 = EDGE_CURVE('',#6273,#6289,#6297,.T.);
#6297 = LINE('',#6298,#6299);
#6298 = CARTESIAN_POINT('',(14.3,26.53,2.4));
#6299 = VECTOR('',#6300,1.);
#6300 = DIRECTION('',(-0.,1.,0.));
#6301 = PLANE('',#6302);
#6302 = AXIS2_PLACEMENT_3D('',#6303,#6304,#6305);
#6303 = CARTESIAN_POINT('',(14.3,26.53,-8.5));
#6304 = DIRECTION('',(1.,0.,-0.));
#6305 = DIRECTION('',(0.,0.,1.));
#6306 = ADVANCED_FACE('',(#6307),#6341,.T.);
#6307 = FACE_BOUND('',#6308,.T.);
#6308 = EDGE_LOOP('',(#6309,#6319,#6327,#6335));
#6309 = ORIENTED_EDGE('',*,*,#6310,.F.);
#6310 = EDGE_CURVE('',#6311,#6313,#6315,.T.);
#6311 = VERTEX_POINT('',#6312);
#6312 = CARTESIAN_POINT('',(14.94,26.53,-8.5));
#6313 = VERTEX_POINT('',#6314);
#6314 = CARTESIAN_POINT('',(14.94,26.53,2.4));
#6315 = LINE('',#6316,#6317);
#6316 = CARTESIAN_POINT('',(14.94,26.53,-8.5));
#6317 = VECTOR('',#6318,1.);
#6318 = DIRECTION('',(0.,0.,1.));
#6319 = ORIENTED_EDGE('',*,*,#6320,.T.);
#6320 = EDGE_CURVE('',#6311,#6321,#6323,.T.);
#6321 = VERTEX_POINT('',#6322);
#6322 = CARTESIAN_POINT('',(14.94,27.17,-8.5));
#6323 = LINE('',#6324,#6325);
#6324 = CARTESIAN_POINT('',(14.94,26.53,-8.5));
#6325 = VECTOR('',#6326,1.);
#6326 = DIRECTION('',(-0.,1.,0.));
#6327 = ORIENTED_EDGE('',*,*,#6328,.T.);
#6328 = EDGE_CURVE('',#6321,#6329,#6331,.T.);
#6329 = VERTEX_POINT('',#6330);
#6330 = CARTESIAN_POINT('',(14.94,27.17,2.4));
#6331 = LINE('',#6332,#6333);
#6332 = CARTESIAN_POINT('',(14.94,27.17,-8.5));
#6333 = VECTOR('',#6334,1.);
#6334 = DIRECTION('',(0.,0.,1.));
#6335 = ORIENTED_EDGE('',*,*,#6336,.F.);
#6336 = EDGE_CURVE('',#6313,#6329,#6337,.T.);
#6337 = LINE('',#6338,#6339);
#6338 = CARTESIAN_POINT('',(14.94,26.53,2.4));
#6339 = VECTOR('',#6340,1.);
#6340 = DIRECTION('',(-0.,1.,0.));
#6341 = PLANE('',#6342);
#6342 = AXIS2_PLACEMENT_3D('',#6343,#6344,#6345);
#6343 = CARTESIAN_POINT('',(14.94,26.53,-8.5));
#6344 = DIRECTION('',(1.,0.,-0.));
#6345 = DIRECTION('',(0.,0.,1.));
#6346 = ADVANCED_FACE('',(#6347),#6363,.F.);
#6347 = FACE_BOUND('',#6348,.F.);
#6348 = EDGE_LOOP('',(#6349,#6355,#6356,#6362));
#6349 = ORIENTED_EDGE('',*,*,#6350,.F.);
#6350 = EDGE_CURVE('',#6271,#6311,#6351,.T.);
#6351 = LINE('',#6352,#6353);
#6352 = CARTESIAN_POINT('',(14.3,26.53,-8.5));
#6353 = VECTOR('',#6354,1.);
#6354 = DIRECTION('',(1.,0.,-0.));
#6355 = ORIENTED_EDGE('',*,*,#6270,.T.);
#6356 = ORIENTED_EDGE('',*,*,#6357,.T.);
#6357 = EDGE_CURVE('',#6273,#6313,#6358,.T.);
#6358 = LINE('',#6359,#6360);
#6359 = CARTESIAN_POINT('',(14.3,26.53,2.4));
#6360 = VECTOR('',#6361,1.);
#6361 = DIRECTION('',(1.,0.,-0.));
#6362 = ORIENTED_EDGE('',*,*,#6310,.F.);
#6363 = PLANE('',#6364);
#6364 = AXIS2_PLACEMENT_3D('',#6365,#6366,#6367);
#6365 = CARTESIAN_POINT('',(14.3,26.53,-8.5));
#6366 = DIRECTION('',(-0.,1.,0.));
#6367 = DIRECTION('',(0.,0.,1.));
#6368 = ADVANCED_FACE('',(#6369),#6385,.T.);
#6369 = FACE_BOUND('',#6370,.T.);
#6370 = EDGE_LOOP('',(#6371,#6377,#6378,#6384));
#6371 = ORIENTED_EDGE('',*,*,#6372,.F.);
#6372 = EDGE_CURVE('',#6281,#6321,#6373,.T.);
#6373 = LINE('',#6374,#6375);
#6374 = CARTESIAN_POINT('',(14.3,27.17,-8.5));
#6375 = VECTOR('',#6376,1.);
#6376 = DIRECTION('',(1.,0.,-0.));
#6377 = ORIENTED_EDGE('',*,*,#6288,.T.);
#6378 = ORIENTED_EDGE('',*,*,#6379,.T.);
#6379 = EDGE_CURVE('',#6289,#6329,#6380,.T.);
#6380 = LINE('',#6381,#6382);
#6381 = CARTESIAN_POINT('',(14.3,27.17,2.4));
#6382 = VECTOR('',#6383,1.);
#6383 = DIRECTION('',(1.,0.,-0.));
#6384 = ORIENTED_EDGE('',*,*,#6328,.F.);
#6385 = PLANE('',#6386);
#6386 = AXIS2_PLACEMENT_3D('',#6387,#6388,#6389);
#6387 = CARTESIAN_POINT('',(14.3,27.17,-8.5));
#6388 = DIRECTION('',(-0.,1.,0.));
#6389 = DIRECTION('',(0.,0.,1.));
#6390 = ADVANCED_FACE('',(#6391),#6397,.F.);
#6391 = FACE_BOUND('',#6392,.F.);
#6392 = EDGE_LOOP('',(#6393,#6394,#6395,#6396));
#6393 = ORIENTED_EDGE('',*,*,#6280,.F.);
#6394 = ORIENTED_EDGE('',*,*,#6350,.T.);
#6395 = ORIENTED_EDGE('',*,*,#6320,.T.);
#6396 = ORIENTED_EDGE('',*,*,#6372,.F.);
#6397 = PLANE('',#6398);
#6398 = AXIS2_PLACEMENT_3D('',#6399,#6400,#6401);
#6399 = CARTESIAN_POINT('',(14.3,26.53,-8.5));
#6400 = DIRECTION('',(0.,0.,1.));
#6401 = DIRECTION('',(1.,0.,-0.));
#6402 = ADVANCED_FACE('',(#6403),#6409,.T.);
#6403 = FACE_BOUND('',#6404,.T.);
#6404 = EDGE_LOOP('',(#6405,#6406,#6407,#6408));
#6405 = ORIENTED_EDGE('',*,*,#6296,.F.);
#6406 = ORIENTED_EDGE('',*,*,#6357,.T.);
#6407 = ORIENTED_EDGE('',*,*,#6336,.T.);
#6408 = ORIENTED_EDGE('',*,*,#6379,.F.);
#6409 = PLANE('',#6410);
#6410 = AXIS2_PLACEMENT_3D('',#6411,#6412,#6413);
#6411 = CARTESIAN_POINT('',(14.3,26.53,2.4));
#6412 = DIRECTION('',(0.,0.,1.));
#6413 = DIRECTION('',(1.,0.,-0.));
#6414 = ( GEOMETRIC_REPRESENTATION_CONTEXT(3) 
GLOBAL_UNCERTAINTY_ASSIGNED_CONTEXT((#6418)) 
GLOBAL_UNIT_ASSIGNED_CONTEXT((#6415,#6416,#6417)) REPRESENTATION_CONTEXT
('Context #1','3D Context with UNIT and UNCERTAINTY') );
#6415 = ( LENGTH_UNIT() NAMED_UNIT(*) SI_UNIT(.MILLI.,.METRE.) );
#6416 = ( NAMED_UNIT(*) PLANE_ANGLE_UNIT() SI_UNIT($,.RADIAN.) );
#6417 = ( NAMED_UNIT(*) SI_UNIT($,.STERADIAN.) SOLID_ANGLE_UNIT() );
#6418 = UNCERTAINTY_MEASURE_WITH_UNIT(LENGTH_MEASURE(1.E-07),#6415,
  'distance_accuracy_value','confusion accuracy');
#6419 = CONTEXT_DEPENDENT_SHAPE_REPRESENTATION(#6420,#6422);
#6420 = ( REPRESENTATION_RELATIONSHIP('','',#6263,#10) 
REPRESENTATION_RELATIONSHIP_WITH_TRANSFORMATION(#6421) 
SHAPE_REPRESENTATION_RELATIONSHIP() );
#6421 = ITEM_DEFINED_TRANSFORMATION('','',#11,#131);
#6422 = PRODUCT_DEFINITION_SHAPE('Placement','Placement of an item',
  #6423);
#6423 = NEXT_ASSEMBLY_USAGE_OCCURRENCE('30','Header2_Pin04','',#5,#6258,
  $);
#6424 = PRODUCT_RELATED_PRODUCT_CATEGORY('part',$,(#6260));
#6425 = SHAPE_DEFINITION_REPRESENTATION(#6426,#6432);
#6426 = PRODUCT_DEFINITION_SHAPE('','',#6427);
#6427 = PRODUCT_DEFINITION('design','',#6428,#6431);
#6428 = PRODUCT_DEFINITION_FORMATION('','',#6429);
#6429 = PRODUCT('Header2_Pin05','Header2_Pin05','',(#6430));
#6430 = PRODUCT_CONTEXT('',#2,'mechanical');
#6431 = PRODUCT_DEFINITION_CONTEXT('part definition',#2,'design');
#6432 = ADVANCED_BREP_SHAPE_REPRESENTATION('',(#11,#6433),#6583);
#6433 = MANIFOLD_SOLID_BREP('',#6434);
#6434 = CLOSED_SHELL('',(#6435,#6475,#6515,#6537,#6559,#6571));
#6435 = ADVANCED_FACE('',(#6436),#6470,.F.);
#6436 = FACE_BOUND('',#6437,.F.);
#6437 = EDGE_LOOP('',(#6438,#6448,#6456,#6464));
#6438 = ORIENTED_EDGE('',*,*,#6439,.F.);
#6439 = EDGE_CURVE('',#6440,#6442,#6444,.T.);
#6440 = VERTEX_POINT('',#6441);
#6441 = CARTESIAN_POINT('',(16.84,26.53,-8.5));
#6442 = VERTEX_POINT('',#6443);
#6443 = CARTESIAN_POINT('',(16.84,26.53,2.4));
#6444 = LINE('',#6445,#6446);
#6445 = CARTESIAN_POINT('',(16.84,26.53,-8.5));
#6446 = VECTOR('',#6447,1.);
#6447 = DIRECTION('',(0.,0.,1.));
#6448 = ORIENTED_EDGE('',*,*,#6449,.T.);
#6449 = EDGE_CURVE('',#6440,#6450,#6452,.T.);
#6450 = VERTEX_POINT('',#6451);
#6451 = CARTESIAN_POINT('',(16.84,27.17,-8.5));
#6452 = LINE('',#6453,#6454);
#6453 = CARTESIAN_POINT('',(16.84,26.53,-8.5));
#6454 = VECTOR('',#6455,1.);
#6455 = DIRECTION('',(-0.,1.,0.));
#6456 = ORIENTED_EDGE('',*,*,#6457,.T.);
#6457 = EDGE_CURVE('',#6450,#6458,#6460,.T.);
#6458 = VERTEX_POINT('',#6459);
#6459 = CARTESIAN_POINT('',(16.84,27.17,2.4));
#6460 = LINE('',#6461,#6462);
#6461 = CARTESIAN_POINT('',(16.84,27.17,-8.5));
#6462 = VECTOR('',#6463,1.);
#6463 = DIRECTION('',(0.,0.,1.));
#6464 = ORIENTED_EDGE('',*,*,#6465,.F.);
#6465 = EDGE_CURVE('',#6442,#6458,#6466,.T.);
#6466 = LINE('',#6467,#6468);
#6467 = CARTESIAN_POINT('',(16.84,26.53,2.4));
#6468 = VECTOR('',#6469,1.);
#6469 = DIRECTION('',(-0.,1.,0.));
#6470 = PLANE('',#6471);
#6471 = AXIS2_PLACEMENT_3D('',#6472,#6473,#6474);
#6472 = CARTESIAN_POINT('',(16.84,26.53,-8.5));
#6473 = DIRECTION('',(1.,0.,-0.));
#6474 = DIRECTION('',(0.,0.,1.));
#6475 = ADVANCED_FACE('',(#6476),#6510,.T.);
#6476 = FACE_BOUND('',#6477,.T.);
#6477 = EDGE_LOOP('',(#6478,#6488,#6496,#6504));
#6478 = ORIENTED_EDGE('',*,*,#6479,.F.);
#6479 = EDGE_CURVE('',#6480,#6482,#6484,.T.);
#6480 = VERTEX_POINT('',#6481);
#6481 = CARTESIAN_POINT('',(17.48,26.53,-8.5));
#6482 = VERTEX_POINT('',#6483);
#6483 = CARTESIAN_POINT('',(17.48,26.53,2.4));
#6484 = LINE('',#6485,#6486);
#6485 = CARTESIAN_POINT('',(17.48,26.53,-8.5));
#6486 = VECTOR('',#6487,1.);
#6487 = DIRECTION('',(0.,0.,1.));
#6488 = ORIENTED_EDGE('',*,*,#6489,.T.);
#6489 = EDGE_CURVE('',#6480,#6490,#6492,.T.);
#6490 = VERTEX_POINT('',#6491);
#6491 = CARTESIAN_POINT('',(17.48,27.17,-8.5));
#6492 = LINE('',#6493,#6494);
#6493 = CARTESIAN_POINT('',(17.48,26.53,-8.5));
#6494 = VECTOR('',#6495,1.);
#6495 = DIRECTION('',(-0.,1.,0.));
#6496 = ORIENTED_EDGE('',*,*,#6497,.T.);
#6497 = EDGE_CURVE('',#6490,#6498,#6500,.T.);
#6498 = VERTEX_POINT('',#6499);
#6499 = CARTESIAN_POINT('',(17.48,27.17,2.4));
#6500 = LINE('',#6501,#6502);
#6501 = CARTESIAN_POINT('',(17.48,27.17,-8.5));
#6502 = VECTOR('',#6503,1.);
#6503 = DIRECTION('',(0.,0.,1.));
#6504 = ORIENTED_EDGE('',*,*,#6505,.F.);
#6505 = EDGE_CURVE('',#6482,#6498,#6506,.T.);
#6506 = LINE('',#6507,#6508);
#6507 = CARTESIAN_POINT('',(17.48,26.53,2.4));
#6508 = VECTOR('',#6509,1.);
#6509 = DIRECTION('',(-0.,1.,0.));
#6510 = PLANE('',#6511);
#6511 = AXIS2_PLACEMENT_3D('',#6512,#6513,#6514);
#6512 = CARTESIAN_POINT('',(17.48,26.53,-8.5));
#6513 = DIRECTION('',(1.,0.,-0.));
#6514 = DIRECTION('',(0.,0.,1.));
#6515 = ADVANCED_FACE('',(#6516),#6532,.F.);
#6516 = FACE_BOUND('',#6517,.F.);
#6517 = EDGE_LOOP('',(#6518,#6524,#6525,#6531));
#6518 = ORIENTED_EDGE('',*,*,#6519,.F.);
#6519 = EDGE_CURVE('',#6440,#6480,#6520,.T.);
#6520 = LINE('',#6521,#6522);
#6521 = CARTESIAN_POINT('',(16.84,26.53,-8.5));
#6522 = VECTOR('',#6523,1.);
#6523 = DIRECTION('',(1.,0.,-0.));
#6524 = ORIENTED_EDGE('',*,*,#6439,.T.);
#6525 = ORIENTED_EDGE('',*,*,#6526,.T.);
#6526 = EDGE_CURVE('',#6442,#6482,#6527,.T.);
#6527 = LINE('',#6528,#6529);
#6528 = CARTESIAN_POINT('',(16.84,26.53,2.4));
#6529 = VECTOR('',#6530,1.);
#6530 = DIRECTION('',(1.,0.,-0.));
#6531 = ORIENTED_EDGE('',*,*,#6479,.F.);
#6532 = PLANE('',#6533);
#6533 = AXIS2_PLACEMENT_3D('',#6534,#6535,#6536);
#6534 = CARTESIAN_POINT('',(16.84,26.53,-8.5));
#6535 = DIRECTION('',(-0.,1.,0.));
#6536 = DIRECTION('',(0.,0.,1.));
#6537 = ADVANCED_FACE('',(#6538),#6554,.T.);
#6538 = FACE_BOUND('',#6539,.T.);
#6539 = EDGE_LOOP('',(#6540,#6546,#6547,#6553));
#6540 = ORIENTED_EDGE('',*,*,#6541,.F.);
#6541 = EDGE_CURVE('',#6450,#6490,#6542,.T.);
#6542 = LINE('',#6543,#6544);
#6543 = CARTESIAN_POINT('',(16.84,27.17,-8.5));
#6544 = VECTOR('',#6545,1.);
#6545 = DIRECTION('',(1.,0.,-0.));
#6546 = ORIENTED_EDGE('',*,*,#6457,.T.);
#6547 = ORIENTED_EDGE('',*,*,#6548,.T.);
#6548 = EDGE_CURVE('',#6458,#6498,#6549,.T.);
#6549 = LINE('',#6550,#6551);
#6550 = CARTESIAN_POINT('',(16.84,27.17,2.4));
#6551 = VECTOR('',#6552,1.);
#6552 = DIRECTION('',(1.,0.,-0.));
#6553 = ORIENTED_EDGE('',*,*,#6497,.F.);
#6554 = PLANE('',#6555);
#6555 = AXIS2_PLACEMENT_3D('',#6556,#6557,#6558);
#6556 = CARTESIAN_POINT('',(16.84,27.17,-8.5));
#6557 = DIRECTION('',(-0.,1.,0.));
#6558 = DIRECTION('',(0.,0.,1.));
#6559 = ADVANCED_FACE('',(#6560),#6566,.F.);
#6560 = FACE_BOUND('',#6561,.F.);
#6561 = EDGE_LOOP('',(#6562,#6563,#6564,#6565));
#6562 = ORIENTED_EDGE('',*,*,#6449,.F.);
#6563 = ORIENTED_EDGE('',*,*,#6519,.T.);
#6564 = ORIENTED_EDGE('',*,*,#6489,.T.);
#6565 = ORIENTED_EDGE('',*,*,#6541,.F.);
#6566 = PLANE('',#6567);
#6567 = AXIS2_PLACEMENT_3D('',#6568,#6569,#6570);
#6568 = CARTESIAN_POINT('',(16.84,26.53,-8.5));
#6569 = DIRECTION('',(0.,0.,1.));
#6570 = DIRECTION('',(1.,0.,-0.));
#6571 = ADVANCED_FACE('',(#6572),#6578,.T.);
#6572 = FACE_BOUND('',#6573,.T.);
#6573 = EDGE_LOOP('',(#6574,#6575,#6576,#6577));
#6574 = ORIENTED_EDGE('',*,*,#6465,.F.);
#6575 = ORIENTED_EDGE('',*,*,#6526,.T.);
#6576 = ORIENTED_EDGE('',*,*,#6505,.T.);
#6577 = ORIENTED_EDGE('',*,*,#6548,.F.);
#6578 = PLANE('',#6579);
#6579 = AXIS2_PLACEMENT_3D('',#6580,#6581,#6582);
#6580 = CARTESIAN_POINT('',(16.84,26.53,2.4));
#6581 = DIRECTION('',(0.,0.,1.));
#6582 = DIRECTION('',(1.,0.,-0.));
#6583 = ( GEOMETRIC_REPRESENTATION_CONTEXT(3) 
GLOBAL_UNCERTAINTY_ASSIGNED_CONTEXT((#6587)) 
GLOBAL_UNIT_ASSIGNED_CONTEXT((#6584,#6585,#6586)) REPRESENTATION_CONTEXT
('Context #1','3D Context with UNIT and UNCERTAINTY') );
#6584 = ( LENGTH_UNIT() NAMED_UNIT(*) SI_UNIT(.MILLI.,.METRE.) );
#6585 = ( NAMED_UNIT(*) PLANE_ANGLE_UNIT() SI_UNIT($,.RADIAN.) );
#6586 = ( NAMED_UNIT(*) SI_UNIT($,.STERADIAN.) SOLID_ANGLE_UNIT() );
#6587 = UNCERTAINTY_MEASURE_WITH_UNIT(LENGTH_MEASURE(1.E-07),#6584,
  'distance_accuracy_value','confusion accuracy');
#6588 = CONTEXT_DEPENDENT_SHAPE_REPRESENTATION(#6589,#6591);
#6589 = ( REPRESENTATION_RELATIONSHIP('','',#6432,#10) 
REPRESENTATION_RELATIONSHIP_WITH_TRANSFORMATION(#6590) 
SHAPE_REPRESENTATION_RELATIONSHIP() );
#6590 = ITEM_DEFINED_TRANSFORMATION('','',#11,#135);
#6591 = PRODUCT_DEFINITION_SHAPE('Placement','Placement of an item',
  #6592);
#6592 = NEXT_ASSEMBLY_USAGE_OCCURRENCE('31','Header2_Pin05','',#5,#6427,
  $);
#6593 = PRODUCT_RELATED_PRODUCT_CATEGORY('part',$,(#6429));
#6594 = SHAPE_DEFINITION_REPRESENTATION(#6595,#6601);
#6595 = PRODUCT_DEFINITION_SHAPE('','',#6596);
#6596 = PRODUCT_DEFINITION('design','',#6597,#6600);
#6597 = PRODUCT_DEFINITION_FORMATION('','',#6598);
#6598 = PRODUCT('Header2_Pin06','Header2_Pin06','',(#6599));
#6599 = PRODUCT_CONTEXT('',#2,'mechanical');
#6600 = PRODUCT_DEFINITION_CONTEXT('part definition',#2,'design');
#6601 = ADVANCED_BREP_SHAPE_REPRESENTATION('',(#11,#6602),#6752);
#6602 = MANIFOLD_SOLID_BREP('',#6603);
#6603 = CLOSED_SHELL('',(#6604,#6644,#6684,#6706,#6728,#6740));
#6604 = ADVANCED_FACE('',(#6605),#6639,.F.);
#6605 = FACE_BOUND('',#6606,.F.);
#6606 = EDGE_LOOP('',(#6607,#6617,#6625,#6633));
#6607 = ORIENTED_EDGE('',*,*,#6608,.F.);
#6608 = EDGE_CURVE('',#6609,#6611,#6613,.T.);
#6609 = VERTEX_POINT('',#6610);
#6610 = CARTESIAN_POINT('',(19.38,26.53,-8.5));
#6611 = VERTEX_POINT('',#6612);
#6612 = CARTESIAN_POINT('',(19.38,26.53,2.4));
#6613 = LINE('',#6614,#6615);
#6614 = CARTESIAN_POINT('',(19.38,26.53,-8.5));
#6615 = VECTOR('',#6616,1.);
#6616 = DIRECTION('',(0.,0.,1.));
#6617 = ORIENTED_EDGE('',*,*,#6618,.T.);
#6618 = EDGE_CURVE('',#6609,#6619,#6621,.T.);
#6619 = VERTEX_POINT('',#6620);
#6620 = CARTESIAN_POINT('',(19.38,27.17,-8.5));
#6621 = LINE('',#6622,#6623);
#6622 = CARTESIAN_POINT('',(19.38,26.53,-8.5));
#6623 = VECTOR('',#6624,1.);
#6624 = DIRECTION('',(-0.,1.,0.));
#6625 = ORIENTED_EDGE('',*,*,#6626,.T.);
#6626 = EDGE_CURVE('',#6619,#6627,#6629,.T.);
#6627 = VERTEX_POINT('',#6628);
#6628 = CARTESIAN_POINT('',(19.38,27.17,2.4));
#6629 = LINE('',#6630,#6631);
#6630 = CARTESIAN_POINT('',(19.38,27.17,-8.5));
#6631 = VECTOR('',#6632,1.);
#6632 = DIRECTION('',(0.,0.,1.));
#6633 = ORIENTED_EDGE('',*,*,#6634,.F.);
#6634 = EDGE_CURVE('',#6611,#6627,#6635,.T.);
#6635 = LINE('',#6636,#6637);
#6636 = CARTESIAN_POINT('',(19.38,26.53,2.4));
#6637 = VECTOR('',#6638,1.);
#6638 = DIRECTION('',(-0.,1.,0.));
#6639 = PLANE('',#6640);
#6640 = AXIS2_PLACEMENT_3D('',#6641,#6642,#6643);
#6641 = CARTESIAN_POINT('',(19.38,26.53,-8.5));
#6642 = DIRECTION('',(1.,0.,-0.));
#6643 = DIRECTION('',(0.,0.,1.));
#6644 = ADVANCED_FACE('',(#6645),#6679,.T.);
#6645 = FACE_BOUND('',#6646,.T.);
#6646 = EDGE_LOOP('',(#6647,#6657,#6665,#6673));
#6647 = ORIENTED_EDGE('',*,*,#6648,.F.);
#6648 = EDGE_CURVE('',#6649,#6651,#6653,.T.);
#6649 = VERTEX_POINT('',#6650);
#6650 = CARTESIAN_POINT('',(20.02,26.53,-8.5));
#6651 = VERTEX_POINT('',#6652);
#6652 = CARTESIAN_POINT('',(20.02,26.53,2.4));
#6653 = LINE('',#6654,#6655);
#6654 = CARTESIAN_POINT('',(20.02,26.53,-8.5));
#6655 = VECTOR('',#6656,1.);
#6656 = DIRECTION('',(0.,0.,1.));
#6657 = ORIENTED_EDGE('',*,*,#6658,.T.);
#6658 = EDGE_CURVE('',#6649,#6659,#6661,.T.);
#6659 = VERTEX_POINT('',#6660);
#6660 = CARTESIAN_POINT('',(20.02,27.17,-8.5));
#6661 = LINE('',#6662,#6663);
#6662 = CARTESIAN_POINT('',(20.02,26.53,-8.5));
#6663 = VECTOR('',#6664,1.);
#6664 = DIRECTION('',(-0.,1.,0.));
#6665 = ORIENTED_EDGE('',*,*,#6666,.T.);
#6666 = EDGE_CURVE('',#6659,#6667,#6669,.T.);
#6667 = VERTEX_POINT('',#6668);
#6668 = CARTESIAN_POINT('',(20.02,27.17,2.4));
#6669 = LINE('',#6670,#6671);
#6670 = CARTESIAN_POINT('',(20.02,27.17,-8.5));
#6671 = VECTOR('',#6672,1.);
#6672 = DIRECTION('',(0.,0.,1.));
#6673 = ORIENTED_EDGE('',*,*,#6674,.F.);
#6674 = EDGE_CURVE('',#6651,#6667,#6675,.T.);
#6675 = LINE('',#6676,#6677);
#6676 = CARTESIAN_POINT('',(20.02,26.53,2.4));
#6677 = VECTOR('',#6678,1.);
#6678 = DIRECTION('',(-0.,1.,0.));
#6679 = PLANE('',#6680);
#6680 = AXIS2_PLACEMENT_3D('',#6681,#6682,#6683);
#6681 = CARTESIAN_POINT('',(20.02,26.53,-8.5));
#6682 = DIRECTION('',(1.,0.,-0.));
#6683 = DIRECTION('',(0.,0.,1.));
#6684 = ADVANCED_FACE('',(#6685),#6701,.F.);
#6685 = FACE_BOUND('',#6686,.F.);
#6686 = EDGE_LOOP('',(#6687,#6693,#6694,#6700));
#6687 = ORIENTED_EDGE('',*,*,#6688,.F.);
#6688 = EDGE_CURVE('',#6609,#6649,#6689,.T.);
#6689 = LINE('',#6690,#6691);
#6690 = CARTESIAN_POINT('',(19.38,26.53,-8.5));
#6691 = VECTOR('',#6692,1.);
#6692 = DIRECTION('',(1.,0.,-0.));
#6693 = ORIENTED_EDGE('',*,*,#6608,.T.);
#6694 = ORIENTED_EDGE('',*,*,#6695,.T.);
#6695 = EDGE_CURVE('',#6611,#6651,#6696,.T.);
#6696 = LINE('',#6697,#6698);
#6697 = CARTESIAN_POINT('',(19.38,26.53,2.4));
#6698 = VECTOR('',#6699,1.);
#6699 = DIRECTION('',(1.,0.,-0.));
#6700 = ORIENTED_EDGE('',*,*,#6648,.F.);
#6701 = PLANE('',#6702);
#6702 = AXIS2_PLACEMENT_3D('',#6703,#6704,#6705);
#6703 = CARTESIAN_POINT('',(19.38,26.53,-8.5));
#6704 = DIRECTION('',(-0.,1.,0.));
#6705 = DIRECTION('',(0.,0.,1.));
#6706 = ADVANCED_FACE('',(#6707),#6723,.T.);
#6707 = FACE_BOUND('',#6708,.T.);
#6708 = EDGE_LOOP('',(#6709,#6715,#6716,#6722));
#6709 = ORIENTED_EDGE('',*,*,#6710,.F.);
#6710 = EDGE_CURVE('',#6619,#6659,#6711,.T.);
#6711 = LINE('',#6712,#6713);
#6712 = CARTESIAN_POINT('',(19.38,27.17,-8.5));
#6713 = VECTOR('',#6714,1.);
#6714 = DIRECTION('',(1.,0.,-0.));
#6715 = ORIENTED_EDGE('',*,*,#6626,.T.);
#6716 = ORIENTED_EDGE('',*,*,#6717,.T.);
#6717 = EDGE_CURVE('',#6627,#6667,#6718,.T.);
#6718 = LINE('',#6719,#6720);
#6719 = CARTESIAN_POINT('',(19.38,27.17,2.4));
#6720 = VECTOR('',#6721,1.);
#6721 = DIRECTION('',(1.,0.,-0.));
#6722 = ORIENTED_EDGE('',*,*,#6666,.F.);
#6723 = PLANE('',#6724);
#6724 = AXIS2_PLACEMENT_3D('',#6725,#6726,#6727);
#6725 = CARTESIAN_POINT('',(19.38,27.17,-8.5));
#6726 = DIRECTION('',(-0.,1.,0.));
#6727 = DIRECTION('',(0.,0.,1.));
#6728 = ADVANCED_FACE('',(#6729),#6735,.F.);
#6729 = FACE_BOUND('',#6730,.F.);
#6730 = EDGE_LOOP('',(#6731,#6732,#6733,#6734));
#6731 = ORIENTED_EDGE('',*,*,#6618,.F.);
#6732 = ORIENTED_EDGE('',*,*,#6688,.T.);
#6733 = ORIENTED_EDGE('',*,*,#6658,.T.);
#6734 = ORIENTED_EDGE('',*,*,#6710,.F.);
#6735 = PLANE('',#6736);
#6736 = AXIS2_PLACEMENT_3D('',#6737,#6738,#6739);
#6737 = CARTESIAN_POINT('',(19.38,26.53,-8.5));
#6738 = DIRECTION('',(0.,0.,1.));
#6739 = DIRECTION('',(1.,0.,-0.));
#6740 = ADVANCED_FACE('',(#6741),#6747,.T.);
#6741 = FACE_BOUND('',#6742,.T.);
#6742 = EDGE_LOOP('',(#6743,#6744,#6745,#6746));
#6743 = ORIENTED_EDGE('',*,*,#6634,.F.);
#6744 = ORIENTED_EDGE('',*,*,#6695,.T.);
#6745 = ORIENTED_EDGE('',*,*,#6674,.T.);
#6746 = ORIENTED_EDGE('',*,*,#6717,.F.);
#6747 = PLANE('',#6748);
#6748 = AXIS2_PLACEMENT_3D('',#6749,#6750,#6751);
#6749 = CARTESIAN_POINT('',(19.38,26.53,2.4));
#6750 = DIRECTION('',(0.,0.,1.));
#6751 = DIRECTION('',(1.,0.,-0.));
#6752 = ( GEOMETRIC_REPRESENTATION_CONTEXT(3) 
GLOBAL_UNCERTAINTY_ASSIGNED_CONTEXT((#6756)) 
GLOBAL_UNIT_ASSIGNED_CONTEXT((#6753,#6754,#6755)) REPRESENTATION_CONTEXT
('Context #1','3D Context with UNIT and UNCERTAINTY') );
#6753 = ( LENGTH_UNIT() NAMED_UNIT(*) SI_UNIT(.MILLI.,.METRE.) );
#6754 = ( NAMED_UNIT(*) PLANE_ANGLE_UNIT() SI_UNIT($,.RADIAN.) );
#6755 = ( NAMED_UNIT(*) SI_UNIT($,.STERADIAN.) SOLID_ANGLE_UNIT() );
#6756 = UNCERTAINTY_MEASURE_WITH_UNIT(LENGTH_MEASURE(1.E-07),#6753,
  'distance_accuracy_value','confusion accuracy');
#6757 = CONTEXT_DEPENDENT_SHAPE_REPRESENTATION(#6758,#6760);
#6758 = ( REPRESENTATION_RELATIONSHIP('','',#6601,#10) 
REPRESENTATION_RELATIONSHIP_WITH_TRANSFORMATION(#6759) 
SHAPE_REPRESENTATION_RELATIONSHIP() );
#6759 = ITEM_DEFINED_TRANSFORMATION('','',#11,#139);
#6760 = PRODUCT_DEFINITION_SHAPE('Placement','Placement of an item',
  #6761);
#6761 = NEXT_ASSEMBLY_USAGE_OCCURRENCE('32','Header2_Pin06','',#5,#6596,
  $);
#6762 = PRODUCT_RELATED_PRODUCT_CATEGORY('part',$,(#6598));
#6763 = SHAPE_DEFINITION_REPRESENTATION(#6764,#6770);
#6764 = PRODUCT_DEFINITION_SHAPE('','',#6765);
#6765 = PRODUCT_DEFINITION('design','',#6766,#6769);
#6766 = PRODUCT_DEFINITION_FORMATION('','',#6767);
#6767 = PRODUCT('Header2_Pin08','Header2_Pin08','',(#6768));
#6768 = PRODUCT_CONTEXT('',#2,'mechanical');
#6769 = PRODUCT_DEFINITION_CONTEXT('part definition',#2,'design');
#6770 = ADVANCED_BREP_SHAPE_REPRESENTATION('',(#11,#6771),#6921);
#6771 = MANIFOLD_SOLID_BREP('',#6772);
#6772 = CLOSED_SHELL('',(#6773,#6813,#6853,#6875,#6897,#6909));
#6773 = ADVANCED_FACE('',(#6774),#6808,.F.);
#6774 = FACE_BOUND('',#6775,.F.);
#6775 = EDGE_LOOP('',(#6776,#6786,#6794,#6802));
#6776 = ORIENTED_EDGE('',*,*,#6777,.F.);
#6777 = EDGE_CURVE('',#6778,#6780,#6782,.T.);
#6778 = VERTEX_POINT('',#6779);
#6779 = CARTESIAN_POINT('',(24.46,26.53,-8.5));
#6780 = VERTEX_POINT('',#6781);
#6781 = CARTESIAN_POINT('',(24.46,26.53,2.4));
#6782 = LINE('',#6783,#6784);
#6783 = CARTESIAN_POINT('',(24.46,26.53,-8.5));
#6784 = VECTOR('',#6785,1.);
#6785 = DIRECTION('',(0.,0.,1.));
#6786 = ORIENTED_EDGE('',*,*,#6787,.T.);
#6787 = EDGE_CURVE('',#6778,#6788,#6790,.T.);
#6788 = VERTEX_POINT('',#6789);
#6789 = CARTESIAN_POINT('',(24.46,27.17,-8.5));
#6790 = LINE('',#6791,#6792);
#6791 = CARTESIAN_POINT('',(24.46,26.53,-8.5));
#6792 = VECTOR('',#6793,1.);
#6793 = DIRECTION('',(-0.,1.,0.));
#6794 = ORIENTED_EDGE('',*,*,#6795,.T.);
#6795 = EDGE_CURVE('',#6788,#6796,#6798,.T.);
#6796 = VERTEX_POINT('',#6797);
#6797 = CARTESIAN_POINT('',(24.46,27.17,2.4));
#6798 = LINE('',#6799,#6800);
#6799 = CARTESIAN_POINT('',(24.46,27.17,-8.5));
#6800 = VECTOR('',#6801,1.);
#6801 = DIRECTION('',(0.,0.,1.));
#6802 = ORIENTED_EDGE('',*,*,#6803,.F.);
#6803 = EDGE_CURVE('',#6780,#6796,#6804,.T.);
#6804 = LINE('',#6805,#6806);
#6805 = CARTESIAN_POINT('',(24.46,26.53,2.4));
#6806 = VECTOR('',#6807,1.);
#6807 = DIRECTION('',(-0.,1.,0.));
#6808 = PLANE('',#6809);
#6809 = AXIS2_PLACEMENT_3D('',#6810,#6811,#6812);
#6810 = CARTESIAN_POINT('',(24.46,26.53,-8.5));
#6811 = DIRECTION('',(1.,0.,-0.));
#6812 = DIRECTION('',(0.,0.,1.));
#6813 = ADVANCED_FACE('',(#6814),#6848,.T.);
#6814 = FACE_BOUND('',#6815,.T.);
#6815 = EDGE_LOOP('',(#6816,#6826,#6834,#6842));
#6816 = ORIENTED_EDGE('',*,*,#6817,.F.);
#6817 = EDGE_CURVE('',#6818,#6820,#6822,.T.);
#6818 = VERTEX_POINT('',#6819);
#6819 = CARTESIAN_POINT('',(25.1,26.53,-8.5));
#6820 = VERTEX_POINT('',#6821);
#6821 = CARTESIAN_POINT('',(25.1,26.53,2.4));
#6822 = LINE('',#6823,#6824);
#6823 = CARTESIAN_POINT('',(25.1,26.53,-8.5));
#6824 = VECTOR('',#6825,1.);
#6825 = DIRECTION('',(0.,0.,1.));
#6826 = ORIENTED_EDGE('',*,*,#6827,.T.);
#6827 = EDGE_CURVE('',#6818,#6828,#6830,.T.);
#6828 = VERTEX_POINT('',#6829);
#6829 = CARTESIAN_POINT('',(25.1,27.17,-8.5));
#6830 = LINE('',#6831,#6832);
#6831 = CARTESIAN_POINT('',(25.1,26.53,-8.5));
#6832 = VECTOR('',#6833,1.);
#6833 = DIRECTION('',(-0.,1.,0.));
#6834 = ORIENTED_EDGE('',*,*,#6835,.T.);
#6835 = EDGE_CURVE('',#6828,#6836,#6838,.T.);
#6836 = VERTEX_POINT('',#6837);
#6837 = CARTESIAN_POINT('',(25.1,27.17,2.4));
#6838 = LINE('',#6839,#6840);
#6839 = CARTESIAN_POINT('',(25.1,27.17,-8.5));
#6840 = VECTOR('',#6841,1.);
#6841 = DIRECTION('',(0.,0.,1.));
#6842 = ORIENTED_EDGE('',*,*,#6843,.F.);
#6843 = EDGE_CURVE('',#6820,#6836,#6844,.T.);
#6844 = LINE('',#6845,#6846);
#6845 = CARTESIAN_POINT('',(25.1,26.53,2.4));
#6846 = VECTOR('',#6847,1.);
#6847 = DIRECTION('',(-0.,1.,0.));
#6848 = PLANE('',#6849);
#6849 = AXIS2_PLACEMENT_3D('',#6850,#6851,#6852);
#6850 = CARTESIAN_POINT('',(25.1,26.53,-8.5));
#6851 = DIRECTION('',(1.,0.,-0.));
#6852 = DIRECTION('',(0.,0.,1.));
#6853 = ADVANCED_FACE('',(#6854),#6870,.F.);
#6854 = FACE_BOUND('',#6855,.F.);
#6855 = EDGE_LOOP('',(#6856,#6862,#6863,#6869));
#6856 = ORIENTED_EDGE('',*,*,#6857,.F.);
#6857 = EDGE_CURVE('',#6778,#6818,#6858,.T.);
#6858 = LINE('',#6859,#6860);
#6859 = CARTESIAN_POINT('',(24.46,26.53,-8.5));
#6860 = VECTOR('',#6861,1.);
#6861 = DIRECTION('',(1.,0.,-0.));
#6862 = ORIENTED_EDGE('',*,*,#6777,.T.);
#6863 = ORIENTED_EDGE('',*,*,#6864,.T.);
#6864 = EDGE_CURVE('',#6780,#6820,#6865,.T.);
#6865 = LINE('',#6866,#6867);
#6866 = CARTESIAN_POINT('',(24.46,26.53,2.4));
#6867 = VECTOR('',#6868,1.);
#6868 = DIRECTION('',(1.,0.,-0.));
#6869 = ORIENTED_EDGE('',*,*,#6817,.F.);
#6870 = PLANE('',#6871);
#6871 = AXIS2_PLACEMENT_3D('',#6872,#6873,#6874);
#6872 = CARTESIAN_POINT('',(24.46,26.53,-8.5));
#6873 = DIRECTION('',(-0.,1.,0.));
#6874 = DIRECTION('',(0.,0.,1.));
#6875 = ADVANCED_FACE('',(#6876),#6892,.T.);
#6876 = FACE_BOUND('',#6877,.T.);
#6877 = EDGE_LOOP('',(#6878,#6884,#6885,#6891));
#6878 = ORIENTED_EDGE('',*,*,#6879,.F.);
#6879 = EDGE_CURVE('',#6788,#6828,#6880,.T.);
#6880 = LINE('',#6881,#6882);
#6881 = CARTESIAN_POINT('',(24.46,27.17,-8.5));
#6882 = VECTOR('',#6883,1.);
#6883 = DIRECTION('',(1.,0.,-0.));
#6884 = ORIENTED_EDGE('',*,*,#6795,.T.);
#6885 = ORIENTED_EDGE('',*,*,#6886,.T.);
#6886 = EDGE_CURVE('',#6796,#6836,#6887,.T.);
#6887 = LINE('',#6888,#6889);
#6888 = CARTESIAN_POINT('',(24.46,27.17,2.4));
#6889 = VECTOR('',#6890,1.);
#6890 = DIRECTION('',(1.,0.,-0.));
#6891 = ORIENTED_EDGE('',*,*,#6835,.F.);
#6892 = PLANE('',#6893);
#6893 = AXIS2_PLACEMENT_3D('',#6894,#6895,#6896);
#6894 = CARTESIAN_POINT('',(24.46,27.17,-8.5));
#6895 = DIRECTION('',(-0.,1.,0.));
#6896 = DIRECTION('',(0.,0.,1.));
#6897 = ADVANCED_FACE('',(#6898),#6904,.F.);
#6898 = FACE_BOUND('',#6899,.F.);
#6899 = EDGE_LOOP('',(#6900,#6901,#6902,#6903));
#6900 = ORIENTED_EDGE('',*,*,#6787,.F.);
#6901 = ORIENTED_EDGE('',*,*,#6857,.T.);
#6902 = ORIENTED_EDGE('',*,*,#6827,.T.);
#6903 = ORIENTED_EDGE('',*,*,#6879,.F.);
#6904 = PLANE('',#6905);
#6905 = AXIS2_PLACEMENT_3D('',#6906,#6907,#6908);
#6906 = CARTESIAN_POINT('',(24.46,26.53,-8.5));
#6907 = DIRECTION('',(0.,0.,1.));
#6908 = DIRECTION('',(1.,0.,-0.));
#6909 = ADVANCED_FACE('',(#6910),#6916,.T.);
#6910 = FACE_BOUND('',#6911,.T.);
#6911 = EDGE_LOOP('',(#6912,#6913,#6914,#6915));
#6912 = ORIENTED_EDGE('',*,*,#6803,.F.);
#6913 = ORIENTED_EDGE('',*,*,#6864,.T.);
#6914 = ORIENTED_EDGE('',*,*,#6843,.T.);
#6915 = ORIENTED_EDGE('',*,*,#6886,.F.);
#6916 = PLANE('',#6917);
#6917 = AXIS2_PLACEMENT_3D('',#6918,#6919,#6920);
#6918 = CARTESIAN_POINT('',(24.46,26.53,2.4));
#6919 = DIRECTION('',(0.,0.,1.));
#6920 = DIRECTION('',(1.,0.,-0.));
#6921 = ( GEOMETRIC_REPRESENTATION_CONTEXT(3) 
GLOBAL_UNCERTAINTY_ASSIGNED_CONTEXT((#6925)) 
GLOBAL_UNIT_ASSIGNED_CONTEXT((#6922,#6923,#6924)) REPRESENTATION_CONTEXT
('Context #1','3D Context with UNIT and UNCERTAINTY') );
#6922 = ( LENGTH_UNIT() NAMED_UNIT(*) SI_UNIT(.MILLI.,.METRE.) );
#6923 = ( NAMED_UNIT(*) PLANE_ANGLE_UNIT() SI_UNIT($,.RADIAN.) );
#6924 = ( NAMED_UNIT(*) SI_UNIT($,.STERADIAN.) SOLID_ANGLE_UNIT() );
#6925 = UNCERTAINTY_MEASURE_WITH_UNIT(LENGTH_MEASURE(1.E-07),#6922,
  'distance_accuracy_value','confusion accuracy');
#6926 = CONTEXT_DEPENDENT_SHAPE_REPRESENTATION(#6927,#6929);
#6927 = ( REPRESENTATION_RELATIONSHIP('','',#6770,#10) 
REPRESENTATION_RELATIONSHIP_WITH_TRANSFORMATION(#6928) 
SHAPE_REPRESENTATION_RELATIONSHIP() );
#6928 = ITEM_DEFINED_TRANSFORMATION('','',#11,#143);
#6929 = PRODUCT_DEFINITION_SHAPE('Placement','Placement of an item',
  #6930);
#6930 = NEXT_ASSEMBLY_USAGE_OCCURRENCE('33','Header2_Pin08','',#5,#6765,
  $);
#6931 = PRODUCT_RELATED_PRODUCT_CATEGORY('part',$,(#6767));
#6932 = SHAPE_DEFINITION_REPRESENTATION(#6933,#6939);
#6933 = PRODUCT_DEFINITION_SHAPE('','',#6934);
#6934 = PRODUCT_DEFINITION('design','',#6935,#6938);
#6935 = PRODUCT_DEFINITION_FORMATION('','',#6936);
#6936 = PRODUCT('Header2_Pin09','Header2_Pin09','',(#6937));
#6937 = PRODUCT_CONTEXT('',#2,'mechanical');
#6938 = PRODUCT_DEFINITION_CONTEXT('part definition',#2,'design');
#6939 = ADVANCED_BREP_SHAPE_REPRESENTATION('',(#11,#6940),#7090);
#6940 = MANIFOLD_SOLID_BREP('',#6941);
#6941 = CLOSED_SHELL('',(#6942,#6982,#7022,#7044,#7066,#7078));
#6942 = ADVANCED_FACE('',(#6943),#6977,.F.);
#6943 = FACE_BOUND('',#6944,.F.);
#6944 = EDGE_LOOP('',(#6945,#6955,#6963,#6971));
#6945 = ORIENTED_EDGE('',*,*,#6946,.F.);
#6946 = EDGE_CURVE('',#6947,#6949,#6951,.T.);
#6947 = VERTEX_POINT('',#6948);
#6948 = CARTESIAN_POINT('',(27.,26.53,-8.5));
#6949 = VERTEX_POINT('',#6950);
#6950 = CARTESIAN_POINT('',(27.,26.53,2.4));
#6951 = LINE('',#6952,#6953);
#6952 = CARTESIAN_POINT('',(27.,26.53,-8.5));
#6953 = VECTOR('',#6954,1.);
#6954 = DIRECTION('',(0.,0.,1.));
#6955 = ORIENTED_EDGE('',*,*,#6956,.T.);
#6956 = EDGE_CURVE('',#6947,#6957,#6959,.T.);
#6957 = VERTEX_POINT('',#6958);
#6958 = CARTESIAN_POINT('',(27.,27.17,-8.5));
#6959 = LINE('',#6960,#6961);
#6960 = CARTESIAN_POINT('',(27.,26.53,-8.5));
#6961 = VECTOR('',#6962,1.);
#6962 = DIRECTION('',(-0.,1.,0.));
#6963 = ORIENTED_EDGE('',*,*,#6964,.T.);
#6964 = EDGE_CURVE('',#6957,#6965,#6967,.T.);
#6965 = VERTEX_POINT('',#6966);
#6966 = CARTESIAN_POINT('',(27.,27.17,2.4));
#6967 = LINE('',#6968,#6969);
#6968 = CARTESIAN_POINT('',(27.,27.17,-8.5));
#6969 = VECTOR('',#6970,1.);
#6970 = DIRECTION('',(0.,0.,1.));
#6971 = ORIENTED_EDGE('',*,*,#6972,.F.);
#6972 = EDGE_CURVE('',#6949,#6965,#6973,.T.);
#6973 = LINE('',#6974,#6975);
#6974 = CARTESIAN_POINT('',(27.,26.53,2.4));
#6975 = VECTOR('',#6976,1.);
#6976 = DIRECTION('',(-0.,1.,0.));
#6977 = PLANE('',#6978);
#6978 = AXIS2_PLACEMENT_3D('',#6979,#6980,#6981);
#6979 = CARTESIAN_POINT('',(27.,26.53,-8.5));
#6980 = DIRECTION('',(1.,0.,-0.));
#6981 = DIRECTION('',(0.,0.,1.));
#6982 = ADVANCED_FACE('',(#6983),#7017,.T.);
#6983 = FACE_BOUND('',#6984,.T.);
#6984 = EDGE_LOOP('',(#6985,#6995,#7003,#7011));
#6985 = ORIENTED_EDGE('',*,*,#6986,.F.);
#6986 = EDGE_CURVE('',#6987,#6989,#6991,.T.);
#6987 = VERTEX_POINT('',#6988);
#6988 = CARTESIAN_POINT('',(27.64,26.53,-8.5));
#6989 = VERTEX_POINT('',#6990);
#6990 = CARTESIAN_POINT('',(27.64,26.53,2.4));
#6991 = LINE('',#6992,#6993);
#6992 = CARTESIAN_POINT('',(27.64,26.53,-8.5));
#6993 = VECTOR('',#6994,1.);
#6994 = DIRECTION('',(0.,0.,1.));
#6995 = ORIENTED_EDGE('',*,*,#6996,.T.);
#6996 = EDGE_CURVE('',#6987,#6997,#6999,.T.);
#6997 = VERTEX_POINT('',#6998);
#6998 = CARTESIAN_POINT('',(27.64,27.17,-8.5));
#6999 = LINE('',#7000,#7001);
#7000 = CARTESIAN_POINT('',(27.64,26.53,-8.5));
#7001 = VECTOR('',#7002,1.);
#7002 = DIRECTION('',(-0.,1.,0.));
#7003 = ORIENTED_EDGE('',*,*,#7004,.T.);
#7004 = EDGE_CURVE('',#6997,#7005,#7007,.T.);
#7005 = VERTEX_POINT('',#7006);
#7006 = CARTESIAN_POINT('',(27.64,27.17,2.4));
#7007 = LINE('',#7008,#7009);
#7008 = CARTESIAN_POINT('',(27.64,27.17,-8.5));
#7009 = VECTOR('',#7010,1.);
#7010 = DIRECTION('',(0.,0.,1.));
#7011 = ORIENTED_EDGE('',*,*,#7012,.F.);
#7012 = EDGE_CURVE('',#6989,#7005,#7013,.T.);
#7013 = LINE('',#7014,#7015);
#7014 = CARTESIAN_POINT('',(27.64,26.53,2.4));
#7015 = VECTOR('',#7016,1.);
#7016 = DIRECTION('',(-0.,1.,0.));
#7017 = PLANE('',#7018);
#7018 = AXIS2_PLACEMENT_3D('',#7019,#7020,#7021);
#7019 = CARTESIAN_POINT('',(27.64,26.53,-8.5));
#7020 = DIRECTION('',(1.,0.,-0.));
#7021 = DIRECTION('',(0.,0.,1.));
#7022 = ADVANCED_FACE('',(#7023),#7039,.F.);
#7023 = FACE_BOUND('',#7024,.F.);
#7024 = EDGE_LOOP('',(#7025,#7031,#7032,#7038));
#7025 = ORIENTED_EDGE('',*,*,#7026,.F.);
#7026 = EDGE_CURVE('',#6947,#6987,#7027,.T.);
#7027 = LINE('',#7028,#7029);
#7028 = CARTESIAN_POINT('',(27.,26.53,-8.5));
#7029 = VECTOR('',#7030,1.);
#7030 = DIRECTION('',(1.,0.,-0.));
#7031 = ORIENTED_EDGE('',*,*,#6946,.T.);
#7032 = ORIENTED_EDGE('',*,*,#7033,.T.);
#7033 = EDGE_CURVE('',#6949,#6989,#7034,.T.);
#7034 = LINE('',#7035,#7036);
#7035 = CARTESIAN_POINT('',(27.,26.53,2.4));
#7036 = VECTOR('',#7037,1.);
#7037 = DIRECTION('',(1.,0.,-0.));
#7038 = ORIENTED_EDGE('',*,*,#6986,.F.);
#7039 = PLANE('',#7040);
#7040 = AXIS2_PLACEMENT_3D('',#7041,#7042,#7043);
#7041 = CARTESIAN_POINT('',(27.,26.53,-8.5));
#7042 = DIRECTION('',(-0.,1.,0.));
#7043 = DIRECTION('',(0.,0.,1.));
#7044 = ADVANCED_FACE('',(#7045),#7061,.T.);
#7045 = FACE_BOUND('',#7046,.T.);
#7046 = EDGE_LOOP('',(#7047,#7053,#7054,#7060));
#7047 = ORIENTED_EDGE('',*,*,#7048,.F.);
#7048 = EDGE_CURVE('',#6957,#6997,#7049,.T.);
#7049 = LINE('',#7050,#7051);
#7050 = CARTESIAN_POINT('',(27.,27.17,-8.5));
#7051 = VECTOR('',#7052,1.);
#7052 = DIRECTION('',(1.,0.,-0.));
#7053 = ORIENTED_EDGE('',*,*,#6964,.T.);
#7054 = ORIENTED_EDGE('',*,*,#7055,.T.);
#7055 = EDGE_CURVE('',#6965,#7005,#7056,.T.);
#7056 = LINE('',#7057,#7058);
#7057 = CARTESIAN_POINT('',(27.,27.17,2.4));
#7058 = VECTOR('',#7059,1.);
#7059 = DIRECTION('',(1.,0.,-0.));
#7060 = ORIENTED_EDGE('',*,*,#7004,.F.);
#7061 = PLANE('',#7062);
#7062 = AXIS2_PLACEMENT_3D('',#7063,#7064,#7065);
#7063 = CARTESIAN_POINT('',(27.,27.17,-8.5));
#7064 = DIRECTION('',(-0.,1.,0.));
#7065 = DIRECTION('',(0.,0.,1.));
#7066 = ADVANCED_FACE('',(#7067),#7073,.F.);
#7067 = FACE_BOUND('',#7068,.F.);
#7068 = EDGE_LOOP('',(#7069,#7070,#7071,#7072));
#7069 = ORIENTED_EDGE('',*,*,#6956,.F.);
#7070 = ORIENTED_EDGE('',*,*,#7026,.T.);
#7071 = ORIENTED_EDGE('',*,*,#6996,.T.);
#7072 = ORIENTED_EDGE('',*,*,#7048,.F.);
#7073 = PLANE('',#7074);
#7074 = AXIS2_PLACEMENT_3D('',#7075,#7076,#7077);
#7075 = CARTESIAN_POINT('',(27.,26.53,-8.5));
#7076 = DIRECTION('',(0.,0.,1.));
#7077 = DIRECTION('',(1.,0.,-0.));
#7078 = ADVANCED_FACE('',(#7079),#7085,.T.);
#7079 = FACE_BOUND('',#7080,.T.);
#7080 = EDGE_LOOP('',(#7081,#7082,#7083,#7084));
#7081 = ORIENTED_EDGE('',*,*,#6972,.F.);
#7082 = ORIENTED_EDGE('',*,*,#7033,.T.);
#7083 = ORIENTED_EDGE('',*,*,#7012,.T.);
#7084 = ORIENTED_EDGE('',*,*,#7055,.F.);
#7085 = PLANE('',#7086);
#7086 = AXIS2_PLACEMENT_3D('',#7087,#7088,#7089);
#7087 = CARTESIAN_POINT('',(27.,26.53,2.4));
#7088 = DIRECTION('',(0.,0.,1.));
#7089 = DIRECTION('',(1.,0.,-0.));
#7090 = ( GEOMETRIC_REPRESENTATION_CONTEXT(3) 
GLOBAL_UNCERTAINTY_ASSIGNED_CONTEXT((#7094)) 
GLOBAL_UNIT_ASSIGNED_CONTEXT((#7091,#7092,#7093)) REPRESENTATION_CONTEXT
('Context #1','3D Context with UNIT and UNCERTAINTY') );
#7091 = ( LENGTH_UNIT() NAMED_UNIT(*) SI_UNIT(.MILLI.,.METRE.) );
#7092 = ( NAMED_UNIT(*) PLANE_ANGLE_UNIT() SI_UNIT($,.RADIAN.) );
#7093 = ( NAMED_UNIT(*) SI_UNIT($,.STERADIAN.) SOLID_ANGLE_UNIT() );
#7094 = UNCERTAINTY_MEASURE_WITH_UNIT(LENGTH_MEASURE(1.E-07),#7091,
  'distance_accuracy_value','confusion accuracy');
#7095 = CONTEXT_DEPENDENT_SHAPE_REPRESENTATION(#7096,#7098);
#7096 = ( REPRESENTATION_RELATIONSHIP('','',#6939,#10) 
REPRESENTATION_RELATIONSHIP_WITH_TRANSFORMATION(#7097) 
SHAPE_REPRESENTATION_RELATIONSHIP() );
#7097 = ITEM_DEFINED_TRANSFORMATION('','',#11,#147);
#7098 = PRODUCT_DEFINITION_SHAPE('Placement','Placement of an item',
  #7099);
#7099 = NEXT_ASSEMBLY_USAGE_OCCURRENCE('34','Header2_Pin09','',#5,#6934,
  $);
#7100 = PRODUCT_RELATED_PRODUCT_CATEGORY('part',$,(#6936));
#7101 = SHAPE_DEFINITION_REPRESENTATION(#7102,#7108);
#7102 = PRODUCT_DEFINITION_SHAPE('','',#7103);
#7103 = PRODUCT_DEFINITION('design','',#7104,#7107);
#7104 = PRODUCT_DEFINITION_FORMATION('','',#7105);
#7105 = PRODUCT('Header2_Pin10','Header2_Pin10','',(#7106));
#7106 = PRODUCT_CONTEXT('',#2,'mechanical');
#7107 = PRODUCT_DEFINITION_CONTEXT('part definition',#2,'design');
#7108 = ADVANCED_BREP_SHAPE_REPRESENTATION('',(#11,#7109),#7259);
#7109 = MANIFOLD_SOLID_BREP('',#7110);
#7110 = CLOSED_SHELL('',(#7111,#7151,#7191,#7213,#7235,#7247));
#7111 = ADVANCED_FACE('',(#7112),#7146,.F.);
#7112 = FACE_BOUND('',#7113,.F.);
#7113 = EDGE_LOOP('',(#7114,#7124,#7132,#7140));
#7114 = ORIENTED_EDGE('',*,*,#7115,.F.);
#7115 = EDGE_CURVE('',#7116,#7118,#7120,.T.);
#7116 = VERTEX_POINT('',#7117);
#7117 = CARTESIAN_POINT('',(29.54,26.53,-8.5));
#7118 = VERTEX_POINT('',#7119);
#7119 = CARTESIAN_POINT('',(29.54,26.53,2.4));
#7120 = LINE('',#7121,#7122);
#7121 = CARTESIAN_POINT('',(29.54,26.53,-8.5));
#7122 = VECTOR('',#7123,1.);
#7123 = DIRECTION('',(0.,0.,1.));
#7124 = ORIENTED_EDGE('',*,*,#7125,.T.);
#7125 = EDGE_CURVE('',#7116,#7126,#7128,.T.);
#7126 = VERTEX_POINT('',#7127);
#7127 = CARTESIAN_POINT('',(29.54,27.17,-8.5));
#7128 = LINE('',#7129,#7130);
#7129 = CARTESIAN_POINT('',(29.54,26.53,-8.5));
#7130 = VECTOR('',#7131,1.);
#7131 = DIRECTION('',(-0.,1.,0.));
#7132 = ORIENTED_EDGE('',*,*,#7133,.T.);
#7133 = EDGE_CURVE('',#7126,#7134,#7136,.T.);
#7134 = VERTEX_POINT('',#7135);
#7135 = CARTESIAN_POINT('',(29.54,27.17,2.4));
#7136 = LINE('',#7137,#7138);
#7137 = CARTESIAN_POINT('',(29.54,27.17,-8.5));
#7138 = VECTOR('',#7139,1.);
#7139 = DIRECTION('',(0.,0.,1.));
#7140 = ORIENTED_EDGE('',*,*,#7141,.F.);
#7141 = EDGE_CURVE('',#7118,#7134,#7142,.T.);
#7142 = LINE('',#7143,#7144);
#7143 = CARTESIAN_POINT('',(29.54,26.53,2.4));
#7144 = VECTOR('',#7145,1.);
#7145 = DIRECTION('',(-0.,1.,0.));
#7146 = PLANE('',#7147);
#7147 = AXIS2_PLACEMENT_3D('',#7148,#7149,#7150);
#7148 = CARTESIAN_POINT('',(29.54,26.53,-8.5));
#7149 = DIRECTION('',(1.,0.,-0.));
#7150 = DIRECTION('',(0.,0.,1.));
#7151 = ADVANCED_FACE('',(#7152),#7186,.T.);
#7152 = FACE_BOUND('',#7153,.T.);
#7153 = EDGE_LOOP('',(#7154,#7164,#7172,#7180));
#7154 = ORIENTED_EDGE('',*,*,#7155,.F.);
#7155 = EDGE_CURVE('',#7156,#7158,#7160,.T.);
#7156 = VERTEX_POINT('',#7157);
#7157 = CARTESIAN_POINT('',(30.18,26.53,-8.5));
#7158 = VERTEX_POINT('',#7159);
#7159 = CARTESIAN_POINT('',(30.18,26.53,2.4));
#7160 = LINE('',#7161,#7162);
#7161 = CARTESIAN_POINT('',(30.18,26.53,-8.5));
#7162 = VECTOR('',#7163,1.);
#7163 = DIRECTION('',(0.,0.,1.));
#7164 = ORIENTED_EDGE('',*,*,#7165,.T.);
#7165 = EDGE_CURVE('',#7156,#7166,#7168,.T.);
#7166 = VERTEX_POINT('',#7167);
#7167 = CARTESIAN_POINT('',(30.18,27.17,-8.5));
#7168 = LINE('',#7169,#7170);
#7169 = CARTESIAN_POINT('',(30.18,26.53,-8.5));
#7170 = VECTOR('',#7171,1.);
#7171 = DIRECTION('',(-0.,1.,0.));
#7172 = ORIENTED_EDGE('',*,*,#7173,.T.);
#7173 = EDGE_CURVE('',#7166,#7174,#7176,.T.);
#7174 = VERTEX_POINT('',#7175);
#7175 = CARTESIAN_POINT('',(30.18,27.17,2.4));
#7176 = LINE('',#7177,#7178);
#7177 = CARTESIAN_POINT('',(30.18,27.17,-8.5));
#7178 = VECTOR('',#7179,1.);
#7179 = DIRECTION('',(0.,0.,1.));
#7180 = ORIENTED_EDGE('',*,*,#7181,.F.);
#7181 = EDGE_CURVE('',#7158,#7174,#7182,.T.);
#7182 = LINE('',#7183,#7184);
#7183 = CARTESIAN_POINT('',(30.18,26.53,2.4));
#7184 = VECTOR('',#7185,1.);
#7185 = DIRECTION('',(-0.,1.,0.));
#7186 = PLANE('',#7187);
#7187 = AXIS2_PLACEMENT_3D('',#7188,#7189,#7190);
#7188 = CARTESIAN_POINT('',(30.18,26.53,-8.5));
#7189 = DIRECTION('',(1.,0.,-0.));
#7190 = DIRECTION('',(0.,0.,1.));
#7191 = ADVANCED_FACE('',(#7192),#7208,.F.);
#7192 = FACE_BOUND('',#7193,.F.);
#7193 = EDGE_LOOP('',(#7194,#7200,#7201,#7207));
#7194 = ORIENTED_EDGE('',*,*,#7195,.F.);
#7195 = EDGE_CURVE('',#7116,#7156,#7196,.T.);
#7196 = LINE('',#7197,#7198);
#7197 = CARTESIAN_POINT('',(29.54,26.53,-8.5));
#7198 = VECTOR('',#7199,1.);
#7199 = DIRECTION('',(1.,0.,-0.));
#7200 = ORIENTED_EDGE('',*,*,#7115,.T.);
#7201 = ORIENTED_EDGE('',*,*,#7202,.T.);
#7202 = EDGE_CURVE('',#7118,#7158,#7203,.T.);
#7203 = LINE('',#7204,#7205);
#7204 = CARTESIAN_POINT('',(29.54,26.53,2.4));
#7205 = VECTOR('',#7206,1.);
#7206 = DIRECTION('',(1.,0.,-0.));
#7207 = ORIENTED_EDGE('',*,*,#7155,.F.);
#7208 = PLANE('',#7209);
#7209 = AXIS2_PLACEMENT_3D('',#7210,#7211,#7212);
#7210 = CARTESIAN_POINT('',(29.54,26.53,-8.5));
#7211 = DIRECTION('',(-0.,1.,0.));
#7212 = DIRECTION('',(0.,0.,1.));
#7213 = ADVANCED_FACE('',(#7214),#7230,.T.);
#7214 = FACE_BOUND('',#7215,.T.);
#7215 = EDGE_LOOP('',(#7216,#7222,#7223,#7229));
#7216 = ORIENTED_EDGE('',*,*,#7217,.F.);
#7217 = EDGE_CURVE('',#7126,#7166,#7218,.T.);
#7218 = LINE('',#7219,#7220);
#7219 = CARTESIAN_POINT('',(29.54,27.17,-8.5));
#7220 = VECTOR('',#7221,1.);
#7221 = DIRECTION('',(1.,0.,-0.));
#7222 = ORIENTED_EDGE('',*,*,#7133,.T.);
#7223 = ORIENTED_EDGE('',*,*,#7224,.T.);
#7224 = EDGE_CURVE('',#7134,#7174,#7225,.T.);
#7225 = LINE('',#7226,#7227);
#7226 = CARTESIAN_POINT('',(29.54,27.17,2.4));
#7227 = VECTOR('',#7228,1.);
#7228 = DIRECTION('',(1.,0.,-0.));
#7229 = ORIENTED_EDGE('',*,*,#7173,.F.);
#7230 = PLANE('',#7231);
#7231 = AXIS2_PLACEMENT_3D('',#7232,#7233,#7234);
#7232 = CARTESIAN_POINT('',(29.54,27.17,-8.5));
#7233 = DIRECTION('',(-0.,1.,0.));
#7234 = DIRECTION('',(0.,0.,1.));
#7235 = ADVANCED_FACE('',(#7236),#7242,.F.);
#7236 = FACE_BOUND('',#7237,.F.);
#7237 = EDGE_LOOP('',(#7238,#7239,#7240,#7241));
#7238 = ORIENTED_EDGE('',*,*,#7125,.F.);
#7239 = ORIENTED_EDGE('',*,*,#7195,.T.);
#7240 = ORIENTED_EDGE('',*,*,#7165,.T.);
#7241 = ORIENTED_EDGE('',*,*,#7217,.F.);
#7242 = PLANE('',#7243);
#7243 = AXIS2_PLACEMENT_3D('',#7244,#7245,#7246);
#7244 = CARTESIAN_POINT('',(29.54,26.53,-8.5));
#7245 = DIRECTION('',(0.,0.,1.));
#7246 = DIRECTION('',(1.,0.,-0.));
#7247 = ADVANCED_FACE('',(#7248),#7254,.T.);
#7248 = FACE_BOUND('',#7249,.T.);
#7249 = EDGE_LOOP('',(#7250,#7251,#7252,#7253));
#7250 = ORIENTED_EDGE('',*,*,#7141,.F.);
#7251 = ORIENTED_EDGE('',*,*,#7202,.T.);
#7252 = ORIENTED_EDGE('',*,*,#7181,.T.);
#7253 = ORIENTED_EDGE('',*,*,#7224,.F.);
#7254 = PLANE('',#7255);
#7255 = AXIS2_PLACEMENT_3D('',#7256,#7257,#7258);
#7256 = CARTESIAN_POINT('',(29.54,26.53,2.4));
#7257 = DIRECTION('',(0.,0.,1.));
#7258 = DIRECTION('',(1.,0.,-0.));
#7259 = ( GEOMETRIC_REPRESENTATION_CONTEXT(3) 
GLOBAL_UNCERTAINTY_ASSIGNED_CONTEXT((#7263)) 
GLOBAL_UNIT_ASSIGNED_CONTEXT((#7260,#7261,#7262)) REPRESENTATION_CONTEXT
('Context #1','3D Context with UNIT and UNCERTAINTY') );
#7260 = ( LENGTH_UNIT() NAMED_UNIT(*) SI_UNIT(.MILLI.,.METRE.) );
#7261 = ( NAMED_UNIT(*) PLANE_ANGLE_UNIT() SI_UNIT($,.RADIAN.) );
#7262 = ( NAMED_UNIT(*) SI_UNIT($,.STERADIAN.) SOLID_ANGLE_UNIT() );
#7263 = UNCERTAINTY_MEASURE_WITH_UNIT(LENGTH_MEASURE(1.E-07),#7260,
  'distance_accuracy_value','confusion accuracy');
#7264 = CONTEXT_DEPENDENT_SHAPE_REPRESENTATION(#7265,#7267);
#7265 = ( REPRESENTATION_RELATIONSHIP('','',#7108,#10) 
REPRESENTATION_RELATIONSHIP_WITH_TRANSFORMATION(#7266) 
SHAPE_REPRESENTATION_RELATIONSHIP() );
#7266 = ITEM_DEFINED_TRANSFORMATION('','',#11,#151);
#7267 = PRODUCT_DEFINITION_SHAPE('Placement','Placement of an item',
  #7268);
#7268 = NEXT_ASSEMBLY_USAGE_OCCURRENCE('35','Header2_Pin10','',#5,#7103,
  $);
#7269 = PRODUCT_RELATED_PRODUCT_CATEGORY('part',$,(#7105));
#7270 = SHAPE_DEFINITION_REPRESENTATION(#7271,#7277);
#7271 = PRODUCT_DEFINITION_SHAPE('','',#7272);
#7272 = PRODUCT_DEFINITION('design','',#7273,#7276);
#7273 = PRODUCT_DEFINITION_FORMATION('','',#7274);
#7274 = PRODUCT('Header2_Pin11','Header2_Pin11','',(#7275));
#7275 = PRODUCT_CONTEXT('',#2,'mechanical');
#7276 = PRODUCT_DEFINITION_CONTEXT('part definition',#2,'design');
#7277 = ADVANCED_BREP_SHAPE_REPRESENTATION('',(#11,#7278),#7428);
#7278 = MANIFOLD_SOLID_BREP('',#7279);
#7279 = CLOSED_SHELL('',(#7280,#7320,#7360,#7382,#7404,#7416));
#7280 = ADVANCED_FACE('',(#7281),#7315,.F.);
#7281 = FACE_BOUND('',#7282,.F.);
#7282 = EDGE_LOOP('',(#7283,#7293,#7301,#7309));
#7283 = ORIENTED_EDGE('',*,*,#7284,.F.);
#7284 = EDGE_CURVE('',#7285,#7287,#7289,.T.);
#7285 = VERTEX_POINT('',#7286);
#7286 = CARTESIAN_POINT('',(32.08,26.53,-8.5));
#7287 = VERTEX_POINT('',#7288);
#7288 = CARTESIAN_POINT('',(32.08,26.53,2.4));
#7289 = LINE('',#7290,#7291);
#7290 = CARTESIAN_POINT('',(32.08,26.53,-8.5));
#7291 = VECTOR('',#7292,1.);
#7292 = DIRECTION('',(0.,0.,1.));
#7293 = ORIENTED_EDGE('',*,*,#7294,.T.);
#7294 = EDGE_CURVE('',#7285,#7295,#7297,.T.);
#7295 = VERTEX_POINT('',#7296);
#7296 = CARTESIAN_POINT('',(32.08,27.17,-8.5));
#7297 = LINE('',#7298,#7299);
#7298 = CARTESIAN_POINT('',(32.08,26.53,-8.5));
#7299 = VECTOR('',#7300,1.);
#7300 = DIRECTION('',(-0.,1.,0.));
#7301 = ORIENTED_EDGE('',*,*,#7302,.T.);
#7302 = EDGE_CURVE('',#7295,#7303,#7305,.T.);
#7303 = VERTEX_POINT('',#7304);
#7304 = CARTESIAN_POINT('',(32.08,27.17,2.4));
#7305 = LINE('',#7306,#7307);
#7306 = CARTESIAN_POINT('',(32.08,27.17,-8.5));
#7307 = VECTOR('',#7308,1.);
#7308 = DIRECTION('',(0.,0.,1.));
#7309 = ORIENTED_EDGE('',*,*,#7310,.F.);
#7310 = EDGE_CURVE('',#7287,#7303,#7311,.T.);
#7311 = LINE('',#7312,#7313);
#7312 = CARTESIAN_POINT('',(32.08,26.53,2.4));
#7313 = VECTOR('',#7314,1.);
#7314 = DIRECTION('',(-0.,1.,0.));
#7315 = PLANE('',#7316);
#7316 = AXIS2_PLACEMENT_3D('',#7317,#7318,#7319);
#7317 = CARTESIAN_POINT('',(32.08,26.53,-8.5));
#7318 = DIRECTION('',(1.,0.,-0.));
#7319 = DIRECTION('',(0.,0.,1.));
#7320 = ADVANCED_FACE('',(#7321),#7355,.T.);
#7321 = FACE_BOUND('',#7322,.T.);
#7322 = EDGE_LOOP('',(#7323,#7333,#7341,#7349));
#7323 = ORIENTED_EDGE('',*,*,#7324,.F.);
#7324 = EDGE_CURVE('',#7325,#7327,#7329,.T.);
#7325 = VERTEX_POINT('',#7326);
#7326 = CARTESIAN_POINT('',(32.72,26.53,-8.5));
#7327 = VERTEX_POINT('',#7328);
#7328 = CARTESIAN_POINT('',(32.72,26.53,2.4));
#7329 = LINE('',#7330,#7331);
#7330 = CARTESIAN_POINT('',(32.72,26.53,-8.5));
#7331 = VECTOR('',#7332,1.);
#7332 = DIRECTION('',(0.,0.,1.));
#7333 = ORIENTED_EDGE('',*,*,#7334,.T.);
#7334 = EDGE_CURVE('',#7325,#7335,#7337,.T.);
#7335 = VERTEX_POINT('',#7336);
#7336 = CARTESIAN_POINT('',(32.72,27.17,-8.5));
#7337 = LINE('',#7338,#7339);
#7338 = CARTESIAN_POINT('',(32.72,26.53,-8.5));
#7339 = VECTOR('',#7340,1.);
#7340 = DIRECTION('',(-0.,1.,0.));
#7341 = ORIENTED_EDGE('',*,*,#7342,.T.);
#7342 = EDGE_CURVE('',#7335,#7343,#7345,.T.);
#7343 = VERTEX_POINT('',#7344);
#7344 = CARTESIAN_POINT('',(32.72,27.17,2.4));
#7345 = LINE('',#7346,#7347);
#7346 = CARTESIAN_POINT('',(32.72,27.17,-8.5));
#7347 = VECTOR('',#7348,1.);
#7348 = DIRECTION('',(0.,0.,1.));
#7349 = ORIENTED_EDGE('',*,*,#7350,.F.);
#7350 = EDGE_CURVE('',#7327,#7343,#7351,.T.);
#7351 = LINE('',#7352,#7353);
#7352 = CARTESIAN_POINT('',(32.72,26.53,2.4));
#7353 = VECTOR('',#7354,1.);
#7354 = DIRECTION('',(-0.,1.,0.));
#7355 = PLANE('',#7356);
#7356 = AXIS2_PLACEMENT_3D('',#7357,#7358,#7359);
#7357 = CARTESIAN_POINT('',(32.72,26.53,-8.5));
#7358 = DIRECTION('',(1.,0.,-0.));
#7359 = DIRECTION('',(0.,0.,1.));
#7360 = ADVANCED_FACE('',(#7361),#7377,.F.);
#7361 = FACE_BOUND('',#7362,.F.);
#7362 = EDGE_LOOP('',(#7363,#7369,#7370,#7376));
#7363 = ORIENTED_EDGE('',*,*,#7364,.F.);
#7364 = EDGE_CURVE('',#7285,#7325,#7365,.T.);
#7365 = LINE('',#7366,#7367);
#7366 = CARTESIAN_POINT('',(32.08,26.53,-8.5));
#7367 = VECTOR('',#7368,1.);
#7368 = DIRECTION('',(1.,0.,-0.));
#7369 = ORIENTED_EDGE('',*,*,#7284,.T.);
#7370 = ORIENTED_EDGE('',*,*,#7371,.T.);
#7371 = EDGE_CURVE('',#7287,#7327,#7372,.T.);
#7372 = LINE('',#7373,#7374);
#7373 = CARTESIAN_POINT('',(32.08,26.53,2.4));
#7374 = VECTOR('',#7375,1.);
#7375 = DIRECTION('',(1.,0.,-0.));
#7376 = ORIENTED_EDGE('',*,*,#7324,.F.);
#7377 = PLANE('',#7378);
#7378 = AXIS2_PLACEMENT_3D('',#7379,#7380,#7381);
#7379 = CARTESIAN_POINT('',(32.08,26.53,-8.5));
#7380 = DIRECTION('',(-0.,1.,0.));
#7381 = DIRECTION('',(0.,0.,1.));
#7382 = ADVANCED_FACE('',(#7383),#7399,.T.);
#7383 = FACE_BOUND('',#7384,.T.);
#7384 = EDGE_LOOP('',(#7385,#7391,#7392,#7398));
#7385 = ORIENTED_EDGE('',*,*,#7386,.F.);
#7386 = EDGE_CURVE('',#7295,#7335,#7387,.T.);
#7387 = LINE('',#7388,#7389);
#7388 = CARTESIAN_POINT('',(32.08,27.17,-8.5));
#7389 = VECTOR('',#7390,1.);
#7390 = DIRECTION('',(1.,0.,-0.));
#7391 = ORIENTED_EDGE('',*,*,#7302,.T.);
#7392 = ORIENTED_EDGE('',*,*,#7393,.T.);
#7393 = EDGE_CURVE('',#7303,#7343,#7394,.T.);
#7394 = LINE('',#7395,#7396);
#7395 = CARTESIAN_POINT('',(32.08,27.17,2.4));
#7396 = VECTOR('',#7397,1.);
#7397 = DIRECTION('',(1.,0.,-0.));
#7398 = ORIENTED_EDGE('',*,*,#7342,.F.);
#7399 = PLANE('',#7400);
#7400 = AXIS2_PLACEMENT_3D('',#7401,#7402,#7403);
#7401 = CARTESIAN_POINT('',(32.08,27.17,-8.5));
#7402 = DIRECTION('',(-0.,1.,0.));
#7403 = DIRECTION('',(0.,0.,1.));
#7404 = ADVANCED_FACE('',(#7405),#7411,.F.);
#7405 = FACE_BOUND('',#7406,.F.);
#7406 = EDGE_LOOP('',(#7407,#7408,#7409,#7410));
#7407 = ORIENTED_EDGE('',*,*,#7294,.F.);
#7408 = ORIENTED_EDGE('',*,*,#7364,.T.);
#7409 = ORIENTED_EDGE('',*,*,#7334,.T.);
#7410 = ORIENTED_EDGE('',*,*,#7386,.F.);
#7411 = PLANE('',#7412);
#7412 = AXIS2_PLACEMENT_3D('',#7413,#7414,#7415);
#7413 = CARTESIAN_POINT('',(32.08,26.53,-8.5));
#7414 = DIRECTION('',(0.,0.,1.));
#7415 = DIRECTION('',(1.,0.,-0.));
#7416 = ADVANCED_FACE('',(#7417),#7423,.T.);
#7417 = FACE_BOUND('',#7418,.T.);
#7418 = EDGE_LOOP('',(#7419,#7420,#7421,#7422));
#7419 = ORIENTED_EDGE('',*,*,#7310,.F.);
#7420 = ORIENTED_EDGE('',*,*,#7371,.T.);
#7421 = ORIENTED_EDGE('',*,*,#7350,.T.);
#7422 = ORIENTED_EDGE('',*,*,#7393,.F.);
#7423 = PLANE('',#7424);
#7424 = AXIS2_PLACEMENT_3D('',#7425,#7426,#7427);
#7425 = CARTESIAN_POINT('',(32.08,26.53,2.4));
#7426 = DIRECTION('',(0.,0.,1.));
#7427 = DIRECTION('',(1.,0.,-0.));
#7428 = ( GEOMETRIC_REPRESENTATION_CONTEXT(3) 
GLOBAL_UNCERTAINTY_ASSIGNED_CONTEXT((#7432)) 
GLOBAL_UNIT_ASSIGNED_CONTEXT((#7429,#7430,#7431)) REPRESENTATION_CONTEXT
('Context #1','3D Context with UNIT and UNCERTAINTY') );
#7429 = ( LENGTH_UNIT() NAMED_UNIT(*) SI_UNIT(.MILLI.,.METRE.) );
#7430 = ( NAMED_UNIT(*) PLANE_ANGLE_UNIT() SI_UNIT($,.RADIAN.) );
#7431 = ( NAMED_UNIT(*) SI_UNIT($,.STERADIAN.) SOLID_ANGLE_UNIT() );
#7432 = UNCERTAINTY_MEASURE_WITH_UNIT(LENGTH_MEASURE(1.E-07),#7429,
  'distance_accuracy_value','confusion accuracy');
#7433 = CONTEXT_DEPENDENT_SHAPE_REPRESENTATION(#7434,#7436);
#7434 = ( REPRESENTATION_RELATIONSHIP('','',#7277,#10) 
REPRESENTATION_RELATIONSHIP_WITH_TRANSFORMATION(#7435) 
SHAPE_REPRESENTATION_RELATIONSHIP() );
#7435 = ITEM_DEFINED_TRANSFORMATION('','',#11,#155);
#7436 = PRODUCT_DEFINITION_SHAPE('Placement','Placement of an item',
  #7437);
#7437 = NEXT_ASSEMBLY_USAGE_OCCURRENCE('36','Header2_Pin11','',#5,#7272,
  $);
#7438 = PRODUCT_RELATED_PRODUCT_CATEGORY('part',$,(#7274));
#7439 = SHAPE_DEFINITION_REPRESENTATION(#7440,#7446);
#7440 = PRODUCT_DEFINITION_SHAPE('','',#7441);
#7441 = PRODUCT_DEFINITION('design','',#7442,#7445);
#7442 = PRODUCT_DEFINITION_FORMATION('','',#7443);
#7443 = PRODUCT('Header2_Pin12','Header2_Pin12','',(#7444));
#7444 = PRODUCT_CONTEXT('',#2,'mechanical');
#7445 = PRODUCT_DEFINITION_CONTEXT('part definition',#2,'design');
#7446 = ADVANCED_BREP_SHAPE_REPRESENTATION('',(#11,#7447),#7597);
#7447 = MANIFOLD_SOLID_BREP('',#7448);
#7448 = CLOSED_SHELL('',(#7449,#7489,#7529,#7551,#7573,#7585));
#7449 = ADVANCED_FACE('',(#7450),#7484,.F.);
#7450 = FACE_BOUND('',#7451,.F.);
#7451 = EDGE_LOOP('',(#7452,#7462,#7470,#7478));
#7452 = ORIENTED_EDGE('',*,*,#7453,.F.);
#7453 = EDGE_CURVE('',#7454,#7456,#7458,.T.);
#7454 = VERTEX_POINT('',#7455);
#7455 = CARTESIAN_POINT('',(34.62,26.53,-8.5));
#7456 = VERTEX_POINT('',#7457);
#7457 = CARTESIAN_POINT('',(34.62,26.53,2.4));
#7458 = LINE('',#7459,#7460);
#7459 = CARTESIAN_POINT('',(34.62,26.53,-8.5));
#7460 = VECTOR('',#7461,1.);
#7461 = DIRECTION('',(0.,0.,1.));
#7462 = ORIENTED_EDGE('',*,*,#7463,.T.);
#7463 = EDGE_CURVE('',#7454,#7464,#7466,.T.);
#7464 = VERTEX_POINT('',#7465);
#7465 = CARTESIAN_POINT('',(34.62,27.17,-8.5));
#7466 = LINE('',#7467,#7468);
#7467 = CARTESIAN_POINT('',(34.62,26.53,-8.5));
#7468 = VECTOR('',#7469,1.);
#7469 = DIRECTION('',(-0.,1.,0.));
#7470 = ORIENTED_EDGE('',*,*,#7471,.T.);
#7471 = EDGE_CURVE('',#7464,#7472,#7474,.T.);
#7472 = VERTEX_POINT('',#7473);
#7473 = CARTESIAN_POINT('',(34.62,27.17,2.4));
#7474 = LINE('',#7475,#7476);
#7475 = CARTESIAN_POINT('',(34.62,27.17,-8.5));
#7476 = VECTOR('',#7477,1.);
#7477 = DIRECTION('',(0.,0.,1.));
#7478 = ORIENTED_EDGE('',*,*,#7479,.F.);
#7479 = EDGE_CURVE('',#7456,#7472,#7480,.T.);
#7480 = LINE('',#7481,#7482);
#7481 = CARTESIAN_POINT('',(34.62,26.53,2.4));
#7482 = VECTOR('',#7483,1.);
#7483 = DIRECTION('',(-0.,1.,0.));
#7484 = PLANE('',#7485);
#7485 = AXIS2_PLACEMENT_3D('',#7486,#7487,#7488);
#7486 = CARTESIAN_POINT('',(34.62,26.53,-8.5));
#7487 = DIRECTION('',(1.,0.,-0.));
#7488 = DIRECTION('',(0.,0.,1.));
#7489 = ADVANCED_FACE('',(#7490),#7524,.T.);
#7490 = FACE_BOUND('',#7491,.T.);
#7491 = EDGE_LOOP('',(#7492,#7502,#7510,#7518));
#7492 = ORIENTED_EDGE('',*,*,#7493,.F.);
#7493 = EDGE_CURVE('',#7494,#7496,#7498,.T.);
#7494 = VERTEX_POINT('',#7495);
#7495 = CARTESIAN_POINT('',(35.26,26.53,-8.5));
#7496 = VERTEX_POINT('',#7497);
#7497 = CARTESIAN_POINT('',(35.26,26.53,2.4));
#7498 = LINE('',#7499,#7500);
#7499 = CARTESIAN_POINT('',(35.26,26.53,-8.5));
#7500 = VECTOR('',#7501,1.);
#7501 = DIRECTION('',(0.,0.,1.));
#7502 = ORIENTED_EDGE('',*,*,#7503,.T.);
#7503 = EDGE_CURVE('',#7494,#7504,#7506,.T.);
#7504 = VERTEX_POINT('',#7505);
#7505 = CARTESIAN_POINT('',(35.26,27.17,-8.5));
#7506 = LINE('',#7507,#7508);
#7507 = CARTESIAN_POINT('',(35.26,26.53,-8.5));
#7508 = VECTOR('',#7509,1.);
#7509 = DIRECTION('',(-0.,1.,0.));
#7510 = ORIENTED_EDGE('',*,*,#7511,.T.);
#7511 = EDGE_CURVE('',#7504,#7512,#7514,.T.);
#7512 = VERTEX_POINT('',#7513);
#7513 = CARTESIAN_POINT('',(35.26,27.17,2.4));
#7514 = LINE('',#7515,#7516);
#7515 = CARTESIAN_POINT('',(35.26,27.17,-8.5));
#7516 = VECTOR('',#7517,1.);
#7517 = DIRECTION('',(0.,0.,1.));
#7518 = ORIENTED_EDGE('',*,*,#7519,.F.);
#7519 = EDGE_CURVE('',#7496,#7512,#7520,.T.);
#7520 = LINE('',#7521,#7522);
#7521 = CARTESIAN_POINT('',(35.26,26.53,2.4));
#7522 = VECTOR('',#7523,1.);
#7523 = DIRECTION('',(-0.,1.,0.));
#7524 = PLANE('',#7525);
#7525 = AXIS2_PLACEMENT_3D('',#7526,#7527,#7528);
#7526 = CARTESIAN_POINT('',(35.26,26.53,-8.5));
#7527 = DIRECTION('',(1.,0.,-0.));
#7528 = DIRECTION('',(0.,0.,1.));
#7529 = ADVANCED_FACE('',(#7530),#7546,.F.);
#7530 = FACE_BOUND('',#7531,.F.);
#7531 = EDGE_LOOP('',(#7532,#7538,#7539,#7545));
#7532 = ORIENTED_EDGE('',*,*,#7533,.F.);
#7533 = EDGE_CURVE('',#7454,#7494,#7534,.T.);
#7534 = LINE('',#7535,#7536);
#7535 = CARTESIAN_POINT('',(34.62,26.53,-8.5));
#7536 = VECTOR('',#7537,1.);
#7537 = DIRECTION('',(1.,0.,-0.));
#7538 = ORIENTED_EDGE('',*,*,#7453,.T.);
#7539 = ORIENTED_EDGE('',*,*,#7540,.T.);
#7540 = EDGE_CURVE('',#7456,#7496,#7541,.T.);
#7541 = LINE('',#7542,#7543);
#7542 = CARTESIAN_POINT('',(34.62,26.53,2.4));
#7543 = VECTOR('',#7544,1.);
#7544 = DIRECTION('',(1.,0.,-0.));
#7545 = ORIENTED_EDGE('',*,*,#7493,.F.);
#7546 = PLANE('',#7547);
#7547 = AXIS2_PLACEMENT_3D('',#7548,#7549,#7550);
#7548 = CARTESIAN_POINT('',(34.62,26.53,-8.5));
#7549 = DIRECTION('',(-0.,1.,0.));
#7550 = DIRECTION('',(0.,0.,1.));
#7551 = ADVANCED_FACE('',(#7552),#7568,.T.);
#7552 = FACE_BOUND('',#7553,.T.);
#7553 = EDGE_LOOP('',(#7554,#7560,#7561,#7567));
#7554 = ORIENTED_EDGE('',*,*,#7555,.F.);
#7555 = EDGE_CURVE('',#7464,#7504,#7556,.T.);
#7556 = LINE('',#7557,#7558);
#7557 = CARTESIAN_POINT('',(34.62,27.17,-8.5));
#7558 = VECTOR('',#7559,1.);
#7559 = DIRECTION('',(1.,0.,-0.));
#7560 = ORIENTED_EDGE('',*,*,#7471,.T.);
#7561 = ORIENTED_EDGE('',*,*,#7562,.T.);
#7562 = EDGE_CURVE('',#7472,#7512,#7563,.T.);
#7563 = LINE('',#7564,#7565);
#7564 = CARTESIAN_POINT('',(34.62,27.17,2.4));
#7565 = VECTOR('',#7566,1.);
#7566 = DIRECTION('',(1.,0.,-0.));
#7567 = ORIENTED_EDGE('',*,*,#7511,.F.);
#7568 = PLANE('',#7569);
#7569 = AXIS2_PLACEMENT_3D('',#7570,#7571,#7572);
#7570 = CARTESIAN_POINT('',(34.62,27.17,-8.5));
#7571 = DIRECTION('',(-0.,1.,0.));
#7572 = DIRECTION('',(0.,0.,1.));
#7573 = ADVANCED_FACE('',(#7574),#7580,.F.);
#7574 = FACE_BOUND('',#7575,.F.);
#7575 = EDGE_LOOP('',(#7576,#7577,#7578,#7579));
#7576 = ORIENTED_EDGE('',*,*,#7463,.F.);
#7577 = ORIENTED_EDGE('',*,*,#7533,.T.);
#7578 = ORIENTED_EDGE('',*,*,#7503,.T.);
#7579 = ORIENTED_EDGE('',*,*,#7555,.F.);
#7580 = PLANE('',#7581);
#7581 = AXIS2_PLACEMENT_3D('',#7582,#7583,#7584);
#7582 = CARTESIAN_POINT('',(34.62,26.53,-8.5));
#7583 = DIRECTION('',(0.,0.,1.));
#7584 = DIRECTION('',(1.,0.,-0.));
#7585 = ADVANCED_FACE('',(#7586),#7592,.T.);
#7586 = FACE_BOUND('',#7587,.T.);
#7587 = EDGE_LOOP('',(#7588,#7589,#7590,#7591));
#7588 = ORIENTED_EDGE('',*,*,#7479,.F.);
#7589 = ORIENTED_EDGE('',*,*,#7540,.T.);
#7590 = ORIENTED_EDGE('',*,*,#7519,.T.);
#7591 = ORIENTED_EDGE('',*,*,#7562,.F.);
#7592 = PLANE('',#7593);
#7593 = AXIS2_PLACEMENT_3D('',#7594,#7595,#7596);
#7594 = CARTESIAN_POINT('',(34.62,26.53,2.4));
#7595 = DIRECTION('',(0.,0.,1.));
#7596 = DIRECTION('',(1.,0.,-0.));
#7597 = ( GEOMETRIC_REPRESENTATION_CONTEXT(3) 
GLOBAL_UNCERTAINTY_ASSIGNED_CONTEXT((#7601)) 
GLOBAL_UNIT_ASSIGNED_CONTEXT((#7598,#7599,#7600)) REPRESENTATION_CONTEXT
('Context #1','3D Context with UNIT and UNCERTAINTY') );
#7598 = ( LENGTH_UNIT() NAMED_UNIT(*) SI_UNIT(.MILLI.,.METRE.) );
#7599 = ( NAMED_UNIT(*) PLANE_ANGLE_UNIT() SI_UNIT($,.RADIAN.) );
#7600 = ( NAMED_UNIT(*) SI_UNIT($,.STERADIAN.) SOLID_ANGLE_UNIT() );
#7601 = UNCERTAINTY_MEASURE_WITH_UNIT(LENGTH_MEASURE(1.E-07),#7598,
  'distance_accuracy_value','confusion accuracy');
#7602 = CONTEXT_DEPENDENT_SHAPE_REPRESENTATION(#7603,#7605);
#7603 = ( REPRESENTATION_RELATIONSHIP('','',#7446,#10) 
REPRESENTATION_RELATIONSHIP_WITH_TRANSFORMATION(#7604) 
SHAPE_REPRESENTATION_RELATIONSHIP() );
#7604 = ITEM_DEFINED_TRANSFORMATION('','',#11,#159);
#7605 = PRODUCT_DEFINITION_SHAPE('Placement','Placement of an item',
  #7606);
#7606 = NEXT_ASSEMBLY_USAGE_OCCURRENCE('37','Header2_Pin12','',#5,#7441,
  $);
#7607 = PRODUCT_RELATED_PRODUCT_CATEGORY('part',$,(#7443));
#7608 = SHAPE_DEFINITION_REPRESENTATION(#7609,#7615);
#7609 = PRODUCT_DEFINITION_SHAPE('','',#7610);
#7610 = PRODUCT_DEFINITION('design','',#7611,#7614);
#7611 = PRODUCT_DEFINITION_FORMATION('','',#7612);
#7612 = PRODUCT('Header2_Pin13','Header2_Pin13','',(#7613));
#7613 = PRODUCT_CONTEXT('',#2,'mechanical');
#7614 = PRODUCT_DEFINITION_CONTEXT('part definition',#2,'design');
#7615 = ADVANCED_BREP_SHAPE_REPRESENTATION('',(#11,#7616),#7766);
#7616 = MANIFOLD_SOLID_BREP('',#7617);
#7617 = CLOSED_SHELL('',(#7618,#7658,#7698,#7720,#7742,#7754));
#7618 = ADVANCED_FACE('',(#7619),#7653,.F.);
#7619 = FACE_BOUND('',#7620,.F.);
#7620 = EDGE_LOOP('',(#7621,#7631,#7639,#7647));
#7621 = ORIENTED_EDGE('',*,*,#7622,.F.);
#7622 = EDGE_CURVE('',#7623,#7625,#7627,.T.);
#7623 = VERTEX_POINT('',#7624);
#7624 = CARTESIAN_POINT('',(37.16,26.53,-8.5));
#7625 = VERTEX_POINT('',#7626);
#7626 = CARTESIAN_POINT('',(37.16,26.53,2.4));
#7627 = LINE('',#7628,#7629);
#7628 = CARTESIAN_POINT('',(37.16,26.53,-8.5));
#7629 = VECTOR('',#7630,1.);
#7630 = DIRECTION('',(0.,0.,1.));
#7631 = ORIENTED_EDGE('',*,*,#7632,.T.);
#7632 = EDGE_CURVE('',#7623,#7633,#7635,.T.);
#7633 = VERTEX_POINT('',#7634);
#7634 = CARTESIAN_POINT('',(37.16,27.17,-8.5));
#7635 = LINE('',#7636,#7637);
#7636 = CARTESIAN_POINT('',(37.16,26.53,-8.5));
#7637 = VECTOR('',#7638,1.);
#7638 = DIRECTION('',(-0.,1.,0.));
#7639 = ORIENTED_EDGE('',*,*,#7640,.T.);
#7640 = EDGE_CURVE('',#7633,#7641,#7643,.T.);
#7641 = VERTEX_POINT('',#7642);
#7642 = CARTESIAN_POINT('',(37.16,27.17,2.4));
#7643 = LINE('',#7644,#7645);
#7644 = CARTESIAN_POINT('',(37.16,27.17,-8.5));
#7645 = VECTOR('',#7646,1.);
#7646 = DIRECTION('',(0.,0.,1.));
#7647 = ORIENTED_EDGE('',*,*,#7648,.F.);
#7648 = EDGE_CURVE('',#7625,#7641,#7649,.T.);
#7649 = LINE('',#7650,#7651);
#7650 = CARTESIAN_POINT('',(37.16,26.53,2.4));
#7651 = VECTOR('',#7652,1.);
#7652 = DIRECTION('',(-0.,1.,0.));
#7653 = PLANE('',#7654);
#7654 = AXIS2_PLACEMENT_3D('',#7655,#7656,#7657);
#7655 = CARTESIAN_POINT('',(37.16,26.53,-8.5));
#7656 = DIRECTION('',(1.,0.,-0.));
#7657 = DIRECTION('',(0.,0.,1.));
#7658 = ADVANCED_FACE('',(#7659),#7693,.T.);
#7659 = FACE_BOUND('',#7660,.T.);
#7660 = EDGE_LOOP('',(#7661,#7671,#7679,#7687));
#7661 = ORIENTED_EDGE('',*,*,#7662,.F.);
#7662 = EDGE_CURVE('',#7663,#7665,#7667,.T.);
#7663 = VERTEX_POINT('',#7664);
#7664 = CARTESIAN_POINT('',(37.8,26.53,-8.5));
#7665 = VERTEX_POINT('',#7666);
#7666 = CARTESIAN_POINT('',(37.8,26.53,2.4));
#7667 = LINE('',#7668,#7669);
#7668 = CARTESIAN_POINT('',(37.8,26.53,-8.5));
#7669 = VECTOR('',#7670,1.);
#7670 = DIRECTION('',(0.,0.,1.));
#7671 = ORIENTED_EDGE('',*,*,#7672,.T.);
#7672 = EDGE_CURVE('',#7663,#7673,#7675,.T.);
#7673 = VERTEX_POINT('',#7674);
#7674 = CARTESIAN_POINT('',(37.8,27.17,-8.5));
#7675 = LINE('',#7676,#7677);
#7676 = CARTESIAN_POINT('',(37.8,26.53,-8.5));
#7677 = VECTOR('',#7678,1.);
#7678 = DIRECTION('',(-0.,1.,0.));
#7679 = ORIENTED_EDGE('',*,*,#7680,.T.);
#7680 = EDGE_CURVE('',#7673,#7681,#7683,.T.);
#7681 = VERTEX_POINT('',#7682);
#7682 = CARTESIAN_POINT('',(37.8,27.17,2.4));
#7683 = LINE('',#7684,#7685);
#7684 = CARTESIAN_POINT('',(37.8,27.17,-8.5));
#7685 = VECTOR('',#7686,1.);
#7686 = DIRECTION('',(0.,0.,1.));
#7687 = ORIENTED_EDGE('',*,*,#7688,.F.);
#7688 = EDGE_CURVE('',#7665,#7681,#7689,.T.);
#7689 = LINE('',#7690,#7691);
#7690 = CARTESIAN_POINT('',(37.8,26.53,2.4));
#7691 = VECTOR('',#7692,1.);
#7692 = DIRECTION('',(-0.,1.,0.));
#7693 = PLANE('',#7694);
#7694 = AXIS2_PLACEMENT_3D('',#7695,#7696,#7697);
#7695 = CARTESIAN_POINT('',(37.8,26.53,-8.5));
#7696 = DIRECTION('',(1.,0.,-0.));
#7697 = DIRECTION('',(0.,0.,1.));
#7698 = ADVANCED_FACE('',(#7699),#7715,.F.);
#7699 = FACE_BOUND('',#7700,.F.);
#7700 = EDGE_LOOP('',(#7701,#7707,#7708,#7714));
#7701 = ORIENTED_EDGE('',*,*,#7702,.F.);
#7702 = EDGE_CURVE('',#7623,#7663,#7703,.T.);
#7703 = LINE('',#7704,#7705);
#7704 = CARTESIAN_POINT('',(37.16,26.53,-8.5));
#7705 = VECTOR('',#7706,1.);
#7706 = DIRECTION('',(1.,0.,-0.));
#7707 = ORIENTED_EDGE('',*,*,#7622,.T.);
#7708 = ORIENTED_EDGE('',*,*,#7709,.T.);
#7709 = EDGE_CURVE('',#7625,#7665,#7710,.T.);
#7710 = LINE('',#7711,#7712);
#7711 = CARTESIAN_POINT('',(37.16,26.53,2.4));
#7712 = VECTOR('',#7713,1.);
#7713 = DIRECTION('',(1.,0.,-0.));
#7714 = ORIENTED_EDGE('',*,*,#7662,.F.);
#7715 = PLANE('',#7716);
#7716 = AXIS2_PLACEMENT_3D('',#7717,#7718,#7719);
#7717 = CARTESIAN_POINT('',(37.16,26.53,-8.5));
#7718 = DIRECTION('',(-0.,1.,0.));
#7719 = DIRECTION('',(0.,0.,1.));
#7720 = ADVANCED_FACE('',(#7721),#7737,.T.);
#7721 = FACE_BOUND('',#7722,.T.);
#7722 = EDGE_LOOP('',(#7723,#7729,#7730,#7736));
#7723 = ORIENTED_EDGE('',*,*,#7724,.F.);
#7724 = EDGE_CURVE('',#7633,#7673,#7725,.T.);
#7725 = LINE('',#7726,#7727);
#7726 = CARTESIAN_POINT('',(37.16,27.17,-8.5));
#7727 = VECTOR('',#7728,1.);
#7728 = DIRECTION('',(1.,0.,-0.));
#7729 = ORIENTED_EDGE('',*,*,#7640,.T.);
#7730 = ORIENTED_EDGE('',*,*,#7731,.T.);
#7731 = EDGE_CURVE('',#7641,#7681,#7732,.T.);
#7732 = LINE('',#7733,#7734);
#7733 = CARTESIAN_POINT('',(37.16,27.17,2.4));
#7734 = VECTOR('',#7735,1.);
#7735 = DIRECTION('',(1.,0.,-0.));
#7736 = ORIENTED_EDGE('',*,*,#7680,.F.);
#7737 = PLANE('',#7738);
#7738 = AXIS2_PLACEMENT_3D('',#7739,#7740,#7741);
#7739 = CARTESIAN_POINT('',(37.16,27.17,-8.5));
#7740 = DIRECTION('',(-0.,1.,0.));
#7741 = DIRECTION('',(0.,0.,1.));
#7742 = ADVANCED_FACE('',(#7743),#7749,.F.);
#7743 = FACE_BOUND('',#7744,.F.);
#7744 = EDGE_LOOP('',(#7745,#7746,#7747,#7748));
#7745 = ORIENTED_EDGE('',*,*,#7632,.F.);
#7746 = ORIENTED_EDGE('',*,*,#7702,.T.);
#7747 = ORIENTED_EDGE('',*,*,#7672,.T.);
#7748 = ORIENTED_EDGE('',*,*,#7724,.F.);
#7749 = PLANE('',#7750);
#7750 = AXIS2_PLACEMENT_3D('',#7751,#7752,#7753);
#7751 = CARTESIAN_POINT('',(37.16,26.53,-8.5));
#7752 = DIRECTION('',(0.,0.,1.));
#7753 = DIRECTION('',(1.,0.,-0.));
#7754 = ADVANCED_FACE('',(#7755),#7761,.T.);
#7755 = FACE_BOUND('',#7756,.T.);
#7756 = EDGE_LOOP('',(#7757,#7758,#7759,#7760));
#7757 = ORIENTED_EDGE('',*,*,#7648,.F.);
#7758 = ORIENTED_EDGE('',*,*,#7709,.T.);
#7759 = ORIENTED_EDGE('',*,*,#7688,.T.);
#7760 = ORIENTED_EDGE('',*,*,#7731,.F.);
#7761 = PLANE('',#7762);
#7762 = AXIS2_PLACEMENT_3D('',#7763,#7764,#7765);
#7763 = CARTESIAN_POINT('',(37.16,26.53,2.4));
#7764 = DIRECTION('',(0.,0.,1.));
#7765 = DIRECTION('',(1.,0.,-0.));
#7766 = ( GEOMETRIC_REPRESENTATION_CONTEXT(3) 
GLOBAL_UNCERTAINTY_ASSIGNED_CONTEXT((#7770)) 
GLOBAL_UNIT_ASSIGNED_CONTEXT((#7767,#7768,#7769)) REPRESENTATION_CONTEXT
('Context #1','3D Context with UNIT and UNCERTAINTY') );
#7767 = ( LENGTH_UNIT() NAMED_UNIT(*) SI_UNIT(.MILLI.,.METRE.) );
#7768 = ( NAMED_UNIT(*) PLANE_ANGLE_UNIT() SI_UNIT($,.RADIAN.) );
#7769 = ( NAMED_UNIT(*) SI_UNIT($,.STERADIAN.) SOLID_ANGLE_UNIT() );
#7770 = UNCERTAINTY_MEASURE_WITH_UNIT(LENGTH_MEASURE(1.E-07),#7767,
  'distance_accuracy_value','confusion accuracy');
#7771 = CONTEXT_DEPENDENT_SHAPE_REPRESENTATION(#7772,#7774);
#7772 = ( REPRESENTATION_RELATIONSHIP('','',#7615,#10) 
REPRESENTATION_RELATIONSHIP_WITH_TRANSFORMATION(#7773) 
SHAPE_REPRESENTATION_RELATIONSHIP() );
#7773 = ITEM_DEFINED_TRANSFORMATION('','',#11,#163);
#7774 = PRODUCT_DEFINITION_SHAPE('Placement','Placement of an item',
  #7775);
#7775 = NEXT_ASSEMBLY_USAGE_OCCURRENCE('38','Header2_Pin13','',#5,#7610,
  $);
#7776 = PRODUCT_RELATED_PRODUCT_CATEGORY('part',$,(#7612));
#7777 = SHAPE_DEFINITION_REPRESENTATION(#7778,#7784);
#7778 = PRODUCT_DEFINITION_SHAPE('','',#7779);
#7779 = PRODUCT_DEFINITION('design','',#7780,#7783);
#7780 = PRODUCT_DEFINITION_FORMATION('','',#7781);
#7781 = PRODUCT('Header2_Pin14','Header2_Pin14','',(#7782));
#7782 = PRODUCT_CONTEXT('',#2,'mechanical');
#7783 = PRODUCT_DEFINITION_CONTEXT('part definition',#2,'design');
#7784 = ADVANCED_BREP_SHAPE_REPRESENTATION('',(#11,#7785),#7935);
#7785 = MANIFOLD_SOLID_BREP('',#7786);
#7786 = CLOSED_SHELL('',(#7787,#7827,#7867,#7889,#7911,#7923));
#7787 = ADVANCED_FACE('',(#7788),#7822,.F.);
#7788 = FACE_BOUND('',#7789,.F.);
#7789 = EDGE_LOOP('',(#7790,#7800,#7808,#7816));
#7790 = ORIENTED_EDGE('',*,*,#7791,.F.);
#7791 = EDGE_CURVE('',#7792,#7794,#7796,.T.);
#7792 = VERTEX_POINT('',#7793);
#7793 = CARTESIAN_POINT('',(39.7,26.53,-8.5));
#7794 = VERTEX_POINT('',#7795);
#7795 = CARTESIAN_POINT('',(39.7,26.53,2.4));
#7796 = LINE('',#7797,#7798);
#7797 = CARTESIAN_POINT('',(39.7,26.53,-8.5));
#7798 = VECTOR('',#7799,1.);
#7799 = DIRECTION('',(0.,0.,1.));
#7800 = ORIENTED_EDGE('',*,*,#7801,.T.);
#7801 = EDGE_CURVE('',#7792,#7802,#7804,.T.);
#7802 = VERTEX_POINT('',#7803);
#7803 = CARTESIAN_POINT('',(39.7,27.17,-8.5));
#7804 = LINE('',#7805,#7806);
#7805 = CARTESIAN_POINT('',(39.7,26.53,-8.5));
#7806 = VECTOR('',#7807,1.);
#7807 = DIRECTION('',(-0.,1.,0.));
#7808 = ORIENTED_EDGE('',*,*,#7809,.T.);
#7809 = EDGE_CURVE('',#7802,#7810,#7812,.T.);
#7810 = VERTEX_POINT('',#7811);
#7811 = CARTESIAN_POINT('',(39.7,27.17,2.4));
#7812 = LINE('',#7813,#7814);
#7813 = CARTESIAN_POINT('',(39.7,27.17,-8.5));
#7814 = VECTOR('',#7815,1.);
#7815 = DIRECTION('',(0.,0.,1.));
#7816 = ORIENTED_EDGE('',*,*,#7817,.F.);
#7817 = EDGE_CURVE('',#7794,#7810,#7818,.T.);
#7818 = LINE('',#7819,#7820);
#7819 = CARTESIAN_POINT('',(39.7,26.53,2.4));
#7820 = VECTOR('',#7821,1.);
#7821 = DIRECTION('',(-0.,1.,0.));
#7822 = PLANE('',#7823);
#7823 = AXIS2_PLACEMENT_3D('',#7824,#7825,#7826);
#7824 = CARTESIAN_POINT('',(39.7,26.53,-8.5));
#7825 = DIRECTION('',(1.,0.,-0.));
#7826 = DIRECTION('',(0.,0.,1.));
#7827 = ADVANCED_FACE('',(#7828),#7862,.T.);
#7828 = FACE_BOUND('',#7829,.T.);
#7829 = EDGE_LOOP('',(#7830,#7840,#7848,#7856));
#7830 = ORIENTED_EDGE('',*,*,#7831,.F.);
#7831 = EDGE_CURVE('',#7832,#7834,#7836,.T.);
#7832 = VERTEX_POINT('',#7833);
#7833 = CARTESIAN_POINT('',(40.34,26.53,-8.5));
#7834 = VERTEX_POINT('',#7835);
#7835 = CARTESIAN_POINT('',(40.34,26.53,2.4));
#7836 = LINE('',#7837,#7838);
#7837 = CARTESIAN_POINT('',(40.34,26.53,-8.5));
#7838 = VECTOR('',#7839,1.);
#7839 = DIRECTION('',(0.,0.,1.));
#7840 = ORIENTED_EDGE('',*,*,#7841,.T.);
#7841 = EDGE_CURVE('',#7832,#7842,#7844,.T.);
#7842 = VERTEX_POINT('',#7843);
#7843 = CARTESIAN_POINT('',(40.34,27.17,-8.5));
#7844 = LINE('',#7845,#7846);
#7845 = CARTESIAN_POINT('',(40.34,26.53,-8.5));
#7846 = VECTOR('',#7847,1.);
#7847 = DIRECTION('',(-0.,1.,0.));
#7848 = ORIENTED_EDGE('',*,*,#7849,.T.);
#7849 = EDGE_CURVE('',#7842,#7850,#7852,.T.);
#7850 = VERTEX_POINT('',#7851);
#7851 = CARTESIAN_POINT('',(40.34,27.17,2.4));
#7852 = LINE('',#7853,#7854);
#7853 = CARTESIAN_POINT('',(40.34,27.17,-8.5));
#7854 = VECTOR('',#7855,1.);
#7855 = DIRECTION('',(0.,0.,1.));
#7856 = ORIENTED_EDGE('',*,*,#7857,.F.);
#7857 = EDGE_CURVE('',#7834,#7850,#7858,.T.);
#7858 = LINE('',#7859,#7860);
#7859 = CARTESIAN_POINT('',(40.34,26.53,2.4));
#7860 = VECTOR('',#7861,1.);
#7861 = DIRECTION('',(-0.,1.,0.));
#7862 = PLANE('',#7863);
#7863 = AXIS2_PLACEMENT_3D('',#7864,#7865,#7866);
#7864 = CARTESIAN_POINT('',(40.34,26.53,-8.5));
#7865 = DIRECTION('',(1.,0.,-0.));
#7866 = DIRECTION('',(0.,0.,1.));
#7867 = ADVANCED_FACE('',(#7868),#7884,.F.);
#7868 = FACE_BOUND('',#7869,.F.);
#7869 = EDGE_LOOP('',(#7870,#7876,#7877,#7883));
#7870 = ORIENTED_EDGE('',*,*,#7871,.F.);
#7871 = EDGE_CURVE('',#7792,#7832,#7872,.T.);
#7872 = LINE('',#7873,#7874);
#7873 = CARTESIAN_POINT('',(39.7,26.53,-8.5));
#7874 = VECTOR('',#7875,1.);
#7875 = DIRECTION('',(1.,0.,-0.));
#7876 = ORIENTED_EDGE('',*,*,#7791,.T.);
#7877 = ORIENTED_EDGE('',*,*,#7878,.T.);
#7878 = EDGE_CURVE('',#7794,#7834,#7879,.T.);
#7879 = LINE('',#7880,#7881);
#7880 = CARTESIAN_POINT('',(39.7,26.53,2.4));
#7881 = VECTOR('',#7882,1.);
#7882 = DIRECTION('',(1.,0.,-0.));
#7883 = ORIENTED_EDGE('',*,*,#7831,.F.);
#7884 = PLANE('',#7885);
#7885 = AXIS2_PLACEMENT_3D('',#7886,#7887,#7888);
#7886 = CARTESIAN_POINT('',(39.7,26.53,-8.5));
#7887 = DIRECTION('',(-0.,1.,0.));
#7888 = DIRECTION('',(0.,0.,1.));
#7889 = ADVANCED_FACE('',(#7890),#7906,.T.);
#7890 = FACE_BOUND('',#7891,.T.);
#7891 = EDGE_LOOP('',(#7892,#7898,#7899,#7905));
#7892 = ORIENTED_EDGE('',*,*,#7893,.F.);
#7893 = EDGE_CURVE('',#7802,#7842,#7894,.T.);
#7894 = LINE('',#7895,#7896);
#7895 = CARTESIAN_POINT('',(39.7,27.17,-8.5));
#7896 = VECTOR('',#7897,1.);
#7897 = DIRECTION('',(1.,0.,-0.));
#7898 = ORIENTED_EDGE('',*,*,#7809,.T.);
#7899 = ORIENTED_EDGE('',*,*,#7900,.T.);
#7900 = EDGE_CURVE('',#7810,#7850,#7901,.T.);
#7901 = LINE('',#7902,#7903);
#7902 = CARTESIAN_POINT('',(39.7,27.17,2.4));
#7903 = VECTOR('',#7904,1.);
#7904 = DIRECTION('',(1.,0.,-0.));
#7905 = ORIENTED_EDGE('',*,*,#7849,.F.);
#7906 = PLANE('',#7907);
#7907 = AXIS2_PLACEMENT_3D('',#7908,#7909,#7910);
#7908 = CARTESIAN_POINT('',(39.7,27.17,-8.5));
#7909 = DIRECTION('',(-0.,1.,0.));
#7910 = DIRECTION('',(0.,0.,1.));
#7911 = ADVANCED_FACE('',(#7912),#7918,.F.);
#7912 = FACE_BOUND('',#7913,.F.);
#7913 = EDGE_LOOP('',(#7914,#7915,#7916,#7917));
#7914 = ORIENTED_EDGE('',*,*,#7801,.F.);
#7915 = ORIENTED_EDGE('',*,*,#7871,.T.);
#7916 = ORIENTED_EDGE('',*,*,#7841,.T.);
#7917 = ORIENTED_EDGE('',*,*,#7893,.F.);
#7918 = PLANE('',#7919);
#7919 = AXIS2_PLACEMENT_3D('',#7920,#7921,#7922);
#7920 = CARTESIAN_POINT('',(39.7,26.53,-8.5));
#7921 = DIRECTION('',(0.,0.,1.));
#7922 = DIRECTION('',(1.,0.,-0.));
#7923 = ADVANCED_FACE('',(#7924),#7930,.T.);
#7924 = FACE_BOUND('',#7925,.T.);
#7925 = EDGE_LOOP('',(#7926,#7927,#7928,#7929));
#7926 = ORIENTED_EDGE('',*,*,#7817,.F.);
#7927 = ORIENTED_EDGE('',*,*,#7878,.T.);
#7928 = ORIENTED_EDGE('',*,*,#7857,.T.);
#7929 = ORIENTED_EDGE('',*,*,#7900,.F.);
#7930 = PLANE('',#7931);
#7931 = AXIS2_PLACEMENT_3D('',#7932,#7933,#7934);
#7932 = CARTESIAN_POINT('',(39.7,26.53,2.4));
#7933 = DIRECTION('',(0.,0.,1.));
#7934 = DIRECTION('',(1.,0.,-0.));
#7935 = ( GEOMETRIC_REPRESENTATION_CONTEXT(3) 
GLOBAL_UNCERTAINTY_ASSIGNED_CONTEXT((#7939)) 
GLOBAL_UNIT_ASSIGNED_CONTEXT((#7936,#7937,#7938)) REPRESENTATION_CONTEXT
('Context #1','3D Context with UNIT and UNCERTAINTY') );
#7936 = ( LENGTH_UNIT() NAMED_UNIT(*) SI_UNIT(.MILLI.,.METRE.) );
#7937 = ( NAMED_UNIT(*) PLANE_ANGLE_UNIT() SI_UNIT($,.RADIAN.) );
#7938 = ( NAMED_UNIT(*) SI_UNIT($,.STERADIAN.) SOLID_ANGLE_UNIT() );
#7939 = UNCERTAINTY_MEASURE_WITH_UNIT(LENGTH_MEASURE(1.E-07),#7936,
  'distance_accuracy_value','confusion accuracy');
#7940 = CONTEXT_DEPENDENT_SHAPE_REPRESENTATION(#7941,#7943);
#7941 = ( REPRESENTATION_RELATIONSHIP('','',#7784,#10) 
REPRESENTATION_RELATIONSHIP_WITH_TRANSFORMATION(#7942) 
SHAPE_REPRESENTATION_RELATIONSHIP() );
#7942 = ITEM_DEFINED_TRANSFORMATION('','',#11,#167);
#7943 = PRODUCT_DEFINITION_SHAPE('Placement','Placement of an item',
  #7944);
#7944 = NEXT_ASSEMBLY_USAGE_OCCURRENCE('39','Header2_Pin14','',#5,#7779,
  $);
#7945 = PRODUCT_RELATED_PRODUCT_CATEGORY('part',$,(#7781));
#7946 = SHAPE_DEFINITION_REPRESENTATION(#7947,#7953);
#7947 = PRODUCT_DEFINITION_SHAPE('','',#7948);
#7948 = PRODUCT_DEFINITION('design','',#7949,#7952);
#7949 = PRODUCT_DEFINITION_FORMATION('','',#7950);
#7950 = PRODUCT('Header2_Pin15','Header2_Pin15','',(#7951));
#7951 = PRODUCT_CONTEXT('',#2,'mechanical');
#7952 = PRODUCT_DEFINITION_CONTEXT('part definition',#2,'design');
#7953 = ADVANCED_BREP_SHAPE_REPRESENTATION('',(#11,#7954),#8104);
#7954 = MANIFOLD_SOLID_BREP('',#7955);
#7955 = CLOSED_SHELL('',(#7956,#7996,#8036,#8058,#8080,#8092));
#7956 = ADVANCED_FACE('',(#7957),#7991,.F.);
#7957 = FACE_BOUND('',#7958,.F.);
#7958 = EDGE_LOOP('',(#7959,#7969,#7977,#7985));
#7959 = ORIENTED_EDGE('',*,*,#7960,.F.);
#7960 = EDGE_CURVE('',#7961,#7963,#7965,.T.);
#7961 = VERTEX_POINT('',#7962);
#7962 = CARTESIAN_POINT('',(42.24,26.53,-8.5));
#7963 = VERTEX_POINT('',#7964);
#7964 = CARTESIAN_POINT('',(42.24,26.53,2.4));
#7965 = LINE('',#7966,#7967);
#7966 = CARTESIAN_POINT('',(42.24,26.53,-8.5));
#7967 = VECTOR('',#7968,1.);
#7968 = DIRECTION('',(0.,0.,1.));
#7969 = ORIENTED_EDGE('',*,*,#7970,.T.);
#7970 = EDGE_CURVE('',#7961,#7971,#7973,.T.);
#7971 = VERTEX_POINT('',#7972);
#7972 = CARTESIAN_POINT('',(42.24,27.17,-8.5));
#7973 = LINE('',#7974,#7975);
#7974 = CARTESIAN_POINT('',(42.24,26.53,-8.5));
#7975 = VECTOR('',#7976,1.);
#7976 = DIRECTION('',(-0.,1.,0.));
#7977 = ORIENTED_EDGE('',*,*,#7978,.T.);
#7978 = EDGE_CURVE('',#7971,#7979,#7981,.T.);
#7979 = VERTEX_POINT('',#7980);
#7980 = CARTESIAN_POINT('',(42.24,27.17,2.4));
#7981 = LINE('',#7982,#7983);
#7982 = CARTESIAN_POINT('',(42.24,27.17,-8.5));
#7983 = VECTOR('',#7984,1.);
#7984 = DIRECTION('',(0.,0.,1.));
#7985 = ORIENTED_EDGE('',*,*,#7986,.F.);
#7986 = EDGE_CURVE('',#7963,#7979,#7987,.T.);
#7987 = LINE('',#7988,#7989);
#7988 = CARTESIAN_POINT('',(42.24,26.53,2.4));
#7989 = VECTOR('',#7990,1.);
#7990 = DIRECTION('',(-0.,1.,0.));
#7991 = PLANE('',#7992);
#7992 = AXIS2_PLACEMENT_3D('',#7993,#7994,#7995);
#7993 = CARTESIAN_POINT('',(42.24,26.53,-8.5));
#7994 = DIRECTION('',(1.,0.,-0.));
#7995 = DIRECTION('',(0.,0.,1.));
#7996 = ADVANCED_FACE('',(#7997),#8031,.T.);
#7997 = FACE_BOUND('',#7998,.T.);
#7998 = EDGE_LOOP('',(#7999,#8009,#8017,#8025));
#7999 = ORIENTED_EDGE('',*,*,#8000,.F.);
#8000 = EDGE_CURVE('',#8001,#8003,#8005,.T.);
#8001 = VERTEX_POINT('',#8002);
#8002 = CARTESIAN_POINT('',(42.88,26.53,-8.5));
#8003 = VERTEX_POINT('',#8004);
#8004 = CARTESIAN_POINT('',(42.88,26.53,2.4));
#8005 = LINE('',#8006,#8007);
#8006 = CARTESIAN_POINT('',(42.88,26.53,-8.5));
#8007 = VECTOR('',#8008,1.);
#8008 = DIRECTION('',(0.,0.,1.));
#8009 = ORIENTED_EDGE('',*,*,#8010,.T.);
#8010 = EDGE_CURVE('',#8001,#8011,#8013,.T.);
#8011 = VERTEX_POINT('',#8012);
#8012 = CARTESIAN_POINT('',(42.88,27.17,-8.5));
#8013 = LINE('',#8014,#8015);
#8014 = CARTESIAN_POINT('',(42.88,26.53,-8.5));
#8015 = VECTOR('',#8016,1.);
#8016 = DIRECTION('',(-0.,1.,0.));
#8017 = ORIENTED_EDGE('',*,*,#8018,.T.);
#8018 = EDGE_CURVE('',#8011,#8019,#8021,.T.);
#8019 = VERTEX_POINT('',#8020);
#8020 = CARTESIAN_POINT('',(42.88,27.17,2.4));
#8021 = LINE('',#8022,#8023);
#8022 = CARTESIAN_POINT('',(42.88,27.17,-8.5));
#8023 = VECTOR('',#8024,1.);
#8024 = DIRECTION('',(0.,0.,1.));
#8025 = ORIENTED_EDGE('',*,*,#8026,.F.);
#8026 = EDGE_CURVE('',#8003,#8019,#8027,.T.);
#8027 = LINE('',#8028,#8029);
#8028 = CARTESIAN_POINT('',(42.88,26.53,2.4));
#8029 = VECTOR('',#8030,1.);
#8030 = DIRECTION('',(-0.,1.,0.));
#8031 = PLANE('',#8032);
#8032 = AXIS2_PLACEMENT_3D('',#8033,#8034,#8035);
#8033 = CARTESIAN_POINT('',(42.88,26.53,-8.5));
#8034 = DIRECTION('',(1.,0.,-0.));
#8035 = DIRECTION('',(0.,0.,1.));
#8036 = ADVANCED_FACE('',(#8037),#8053,.F.);
#8037 = FACE_BOUND('',#8038,.F.);
#8038 = EDGE_LOOP('',(#8039,#8045,#8046,#8052));
#8039 = ORIENTED_EDGE('',*,*,#8040,.F.);
#8040 = EDGE_CURVE('',#7961,#8001,#8041,.T.);
#8041 = LINE('',#8042,#8043);
#8042 = CARTESIAN_POINT('',(42.24,26.53,-8.5));
#8043 = VECTOR('',#8044,1.);
#8044 = DIRECTION('',(1.,0.,-0.));
#8045 = ORIENTED_EDGE('',*,*,#7960,.T.);
#8046 = ORIENTED_EDGE('',*,*,#8047,.T.);
#8047 = EDGE_CURVE('',#7963,#8003,#8048,.T.);
#8048 = LINE('',#8049,#8050);
#8049 = CARTESIAN_POINT('',(42.24,26.53,2.4));
#8050 = VECTOR('',#8051,1.);
#8051 = DIRECTION('',(1.,0.,-0.));
#8052 = ORIENTED_EDGE('',*,*,#8000,.F.);
#8053 = PLANE('',#8054);
#8054 = AXIS2_PLACEMENT_3D('',#8055,#8056,#8057);
#8055 = CARTESIAN_POINT('',(42.24,26.53,-8.5));
#8056 = DIRECTION('',(-0.,1.,0.));
#8057 = DIRECTION('',(0.,0.,1.));
#8058 = ADVANCED_FACE('',(#8059),#8075,.T.);
#8059 = FACE_BOUND('',#8060,.T.);
#8060 = EDGE_LOOP('',(#8061,#8067,#8068,#8074));
#8061 = ORIENTED_EDGE('',*,*,#8062,.F.);
#8062 = EDGE_CURVE('',#7971,#8011,#8063,.T.);
#8063 = LINE('',#8064,#8065);
#8064 = CARTESIAN_POINT('',(42.24,27.17,-8.5));
#8065 = VECTOR('',#8066,1.);
#8066 = DIRECTION('',(1.,0.,-0.));
#8067 = ORIENTED_EDGE('',*,*,#7978,.T.);
#8068 = ORIENTED_EDGE('',*,*,#8069,.T.);
#8069 = EDGE_CURVE('',#7979,#8019,#8070,.T.);
#8070 = LINE('',#8071,#8072);
#8071 = CARTESIAN_POINT('',(42.24,27.17,2.4));
#8072 = VECTOR('',#8073,1.);
#8073 = DIRECTION('',(1.,0.,-0.));
#8074 = ORIENTED_EDGE('',*,*,#8018,.F.);
#8075 = PLANE('',#8076);
#8076 = AXIS2_PLACEMENT_3D('',#8077,#8078,#8079);
#8077 = CARTESIAN_POINT('',(42.24,27.17,-8.5));
#8078 = DIRECTION('',(-0.,1.,0.));
#8079 = DIRECTION('',(0.,0.,1.));
#8080 = ADVANCED_FACE('',(#8081),#8087,.F.);
#8081 = FACE_BOUND('',#8082,.F.);
#8082 = EDGE_LOOP('',(#8083,#8084,#8085,#8086));
#8083 = ORIENTED_EDGE('',*,*,#7970,.F.);
#8084 = ORIENTED_EDGE('',*,*,#8040,.T.);
#8085 = ORIENTED_EDGE('',*,*,#8010,.T.);
#8086 = ORIENTED_EDGE('',*,*,#8062,.F.);
#8087 = PLANE('',#8088);
#8088 = AXIS2_PLACEMENT_3D('',#8089,#8090,#8091);
#8089 = CARTESIAN_POINT('',(42.24,26.53,-8.5));
#8090 = DIRECTION('',(0.,0.,1.));
#8091 = DIRECTION('',(1.,0.,-0.));
#8092 = ADVANCED_FACE('',(#8093),#8099,.T.);
#8093 = FACE_BOUND('',#8094,.T.);
#8094 = EDGE_LOOP('',(#8095,#8096,#8097,#8098));
#8095 = ORIENTED_EDGE('',*,*,#7986,.F.);
#8096 = ORIENTED_EDGE('',*,*,#8047,.T.);
#8097 = ORIENTED_EDGE('',*,*,#8026,.T.);
#8098 = ORIENTED_EDGE('',*,*,#8069,.F.);
#8099 = PLANE('',#8100);
#8100 = AXIS2_PLACEMENT_3D('',#8101,#8102,#8103);
#8101 = CARTESIAN_POINT('',(42.24,26.53,2.4));
#8102 = DIRECTION('',(0.,0.,1.));
#8103 = DIRECTION('',(1.,0.,-0.));
#8104 = ( GEOMETRIC_REPRESENTATION_CONTEXT(3) 
GLOBAL_UNCERTAINTY_ASSIGNED_CONTEXT((#8108)) 
GLOBAL_UNIT_ASSIGNED_CONTEXT((#8105,#8106,#8107)) REPRESENTATION_CONTEXT
('Context #1','3D Context with UNIT and UNCERTAINTY') );
#8105 = ( LENGTH_UNIT() NAMED_UNIT(*) SI_UNIT(.MILLI.,.METRE.) );
#8106 = ( NAMED_UNIT(*) PLANE_ANGLE_UNIT() SI_UNIT($,.RADIAN.) );
#8107 = ( NAMED_UNIT(*) SI_UNIT($,.STERADIAN.) SOLID_ANGLE_UNIT() );
#8108 = UNCERTAINTY_MEASURE_WITH_UNIT(LENGTH_MEASURE(1.E-07),#8105,
  'distance_accuracy_value','confusion accuracy');
#8109 = CONTEXT_DEPENDENT_SHAPE_REPRESENTATION(#8110,#8112);
#8110 = ( REPRESENTATION_RELATIONSHIP('','',#7953,#10) 
REPRESENTATION_RELATIONSHIP_WITH_TRANSFORMATION(#8111) 
SHAPE_REPRESENTATION_RELATIONSHIP() );
#8111 = ITEM_DEFINED_TRANSFORMATION('','',#11,#171);
#8112 = PRODUCT_DEFINITION_SHAPE('Placement','Placement of an item',
  #8113);
#8113 = NEXT_ASSEMBLY_USAGE_OCCURRENCE('40','Header2_Pin15','',#5,#7948,
  $);
#8114 = PRODUCT_RELATED_PRODUCT_CATEGORY('part',$,(#7950));
#8115 = SHAPE_DEFINITION_REPRESENTATION(#8116,#8122);
#8116 = PRODUCT_DEFINITION_SHAPE('','',#8117);
#8117 = PRODUCT_DEFINITION('design','',#8118,#8121);
#8118 = PRODUCT_DEFINITION_FORMATION('','',#8119);
#8119 = PRODUCT('Fillet','Fillet','',(#8120));
#8120 = PRODUCT_CONTEXT('',#2,'mechanical');
#8121 = PRODUCT_DEFINITION_CONTEXT('part definition',#2,'design');
#8122 = ADVANCED_BREP_SHAPE_REPRESENTATION('',(#11,#8123),#9583);
#8123 = MANIFOLD_SOLID_BREP('',#8124);
#8124 = CLOSED_SHELL('',(#8125,#8165,#8562,#8587,#8612,#8993,#9010,#9027
    ,#9044,#9061,#9073,#9090,#9107,#9124,#9141,#9158,#9175,#9192,#9209,
    #9226,#9243,#9260,#9277,#9294,#9311,#9328,#9345,#9362,#9379,#9396,
    #9413,#9430,#9447,#9464,#9481,#9498,#9515,#9532,#9549,#9566));
#8125 = ADVANCED_FACE('',(#8126),#8160,.F.);
#8126 = FACE_BOUND('',#8127,.F.);
#8127 = EDGE_LOOP('',(#8128,#8138,#8146,#8154));
#8128 = ORIENTED_EDGE('',*,*,#8129,.F.);
#8129 = EDGE_CURVE('',#8130,#8132,#8134,.T.);
#8130 = VERTEX_POINT('',#8131);
#8131 = CARTESIAN_POINT('',(-4.440892098501E-16,3.,1.6));
#8132 = VERTEX_POINT('',#8133);
#8133 = CARTESIAN_POINT('',(-4.440892098501E-16,25.3,1.6));
#8134 = LINE('',#8135,#8136);
#8135 = CARTESIAN_POINT('',(0.,0.,1.6));
#8136 = VECTOR('',#8137,1.);
#8137 = DIRECTION('',(0.,1.,0.));
#8138 = ORIENTED_EDGE('',*,*,#8139,.F.);
#8139 = EDGE_CURVE('',#8140,#8130,#8142,.T.);
#8140 = VERTEX_POINT('',#8141);
#8141 = CARTESIAN_POINT('',(-4.440892098501E-16,3.,0.));
#8142 = LINE('',#8143,#8144);
#8143 = CARTESIAN_POINT('',(-4.440892098501E-16,3.,0.));
#8144 = VECTOR('',#8145,1.);
#8145 = DIRECTION('',(0.,0.,1.));
#8146 = ORIENTED_EDGE('',*,*,#8147,.T.);
#8147 = EDGE_CURVE('',#8140,#8148,#8150,.T.);
#8148 = VERTEX_POINT('',#8149);
#8149 = CARTESIAN_POINT('',(-4.440892098501E-16,25.3,0.));
#8150 = LINE('',#8151,#8152);
#8151 = CARTESIAN_POINT('',(0.,0.,0.));
#8152 = VECTOR('',#8153,1.);
#8153 = DIRECTION('',(0.,1.,0.));
#8154 = ORIENTED_EDGE('',*,*,#8155,.T.);
#8155 = EDGE_CURVE('',#8148,#8132,#8156,.T.);
#8156 = LINE('',#8157,#8158);
#8157 = CARTESIAN_POINT('',(-4.440892098501E-16,25.3,0.));
#8158 = VECTOR('',#8159,1.);
#8159 = DIRECTION('',(0.,0.,1.));
#8160 = PLANE('',#8161);
#8161 = AXIS2_PLACEMENT_3D('',#8162,#8163,#8164);
#8162 = CARTESIAN_POINT('',(0.,0.,0.));
#8163 = DIRECTION('',(1.,0.,0.));
#8164 = DIRECTION('',(0.,0.,1.));
#8165 = ADVANCED_FACE('',(#8166,#8227,#8238,#8249,#8260,#8271,#8282,
    #8293,#8304,#8315,#8326,#8337,#8348,#8359,#8370,#8381,#8392,#8403,
    #8414,#8425,#8436,#8447,#8458,#8469,#8480,#8491,#8502,#8513,#8524,
    #8535,#8546),#8557,.T.);
#8166 = FACE_BOUND('',#8167,.T.);
#8167 = EDGE_LOOP('',(#8168,#8169,#8178,#8186,#8195,#8203,#8212,#8220));
#8168 = ORIENTED_EDGE('',*,*,#8129,.F.);
#8169 = ORIENTED_EDGE('',*,*,#8170,.T.);
#8170 = EDGE_CURVE('',#8130,#8171,#8173,.T.);
#8171 = VERTEX_POINT('',#8172);
#8172 = CARTESIAN_POINT('',(3.,-4.440892098501E-16,1.6));
#8173 = CIRCLE('',#8174,3.);
#8174 = AXIS2_PLACEMENT_3D('',#8175,#8176,#8177);
#8175 = CARTESIAN_POINT('',(3.,3.,1.6));
#8176 = DIRECTION('',(0.,0.,1.));
#8177 = DIRECTION('',(0.,-1.,0.));
#8178 = ORIENTED_EDGE('',*,*,#8179,.T.);
#8179 = EDGE_CURVE('',#8171,#8180,#8182,.T.);
#8180 = VERTEX_POINT('',#8181);
#8181 = CARTESIAN_POINT('',(48.5,-4.440892098501E-16,1.6));
#8182 = LINE('',#8183,#8184);
#8183 = CARTESIAN_POINT('',(0.,0.,1.6));
#8184 = VECTOR('',#8185,1.);
#8185 = DIRECTION('',(1.,0.,0.));
#8186 = ORIENTED_EDGE('',*,*,#8187,.T.);
#8187 = EDGE_CURVE('',#8180,#8188,#8190,.T.);
#8188 = VERTEX_POINT('',#8189);
#8189 = CARTESIAN_POINT('',(51.5,3.,1.6));
#8190 = CIRCLE('',#8191,3.);
#8191 = AXIS2_PLACEMENT_3D('',#8192,#8193,#8194);
#8192 = CARTESIAN_POINT('',(48.5,3.,1.6));
#8193 = DIRECTION('',(0.,0.,1.));
#8194 = DIRECTION('',(0.,-1.,0.));
#8195 = ORIENTED_EDGE('',*,*,#8196,.T.);
#8196 = EDGE_CURVE('',#8188,#8197,#8199,.T.);
#8197 = VERTEX_POINT('',#8198);
#8198 = CARTESIAN_POINT('',(51.5,25.3,1.6));
#8199 = LINE('',#8200,#8201);
#8200 = CARTESIAN_POINT('',(51.5,0.,1.6));
#8201 = VECTOR('',#8202,1.);
#8202 = DIRECTION('',(0.,1.,0.));
#8203 = ORIENTED_EDGE('',*,*,#8204,.F.);
#8204 = EDGE_CURVE('',#8205,#8197,#8207,.T.);
#8205 = VERTEX_POINT('',#8206);
#8206 = CARTESIAN_POINT('',(48.5,28.3,1.6));
#8207 = CIRCLE('',#8208,3.);
#8208 = AXIS2_PLACEMENT_3D('',#8209,#8210,#8211);
#8209 = CARTESIAN_POINT('',(48.5,25.3,1.6));
#8210 = DIRECTION('',(-0.,-0.,-1.));
#8211 = DIRECTION('',(0.,-1.,0.));
#8212 = ORIENTED_EDGE('',*,*,#8213,.F.);
#8213 = EDGE_CURVE('',#8214,#8205,#8216,.T.);
#8214 = VERTEX_POINT('',#8215);
#8215 = CARTESIAN_POINT('',(3.,28.3,1.6));
#8216 = LINE('',#8217,#8218);
#8217 = CARTESIAN_POINT('',(0.,28.3,1.6));
#8218 = VECTOR('',#8219,1.);
#8219 = DIRECTION('',(1.,0.,0.));
#8220 = ORIENTED_EDGE('',*,*,#8221,.F.);
#8221 = EDGE_CURVE('',#8132,#8214,#8222,.T.);
#8222 = CIRCLE('',#8223,3.);
#8223 = AXIS2_PLACEMENT_3D('',#8224,#8225,#8226);
#8224 = CARTESIAN_POINT('',(3.,25.3,1.6));
#8225 = DIRECTION('',(-0.,-0.,-1.));
#8226 = DIRECTION('',(0.,-1.,0.));
#8227 = FACE_BOUND('',#8228,.T.);
#8228 = EDGE_LOOP('',(#8229));
#8229 = ORIENTED_EDGE('',*,*,#8230,.F.);
#8230 = EDGE_CURVE('',#8231,#8231,#8233,.T.);
#8231 = VERTEX_POINT('',#8232);
#8232 = CARTESIAN_POINT('',(7.5,1.45,1.6));
#8233 = CIRCLE('',#8234,0.5);
#8234 = AXIS2_PLACEMENT_3D('',#8235,#8236,#8237);
#8235 = CARTESIAN_POINT('',(7.,1.45,1.6));
#8236 = DIRECTION('',(0.,0.,1.));
#8237 = DIRECTION('',(1.,0.,0.));
#8238 = FACE_BOUND('',#8239,.T.);
#8239 = EDGE_LOOP('',(#8240));
#8240 = ORIENTED_EDGE('',*,*,#8241,.F.);
#8241 = EDGE_CURVE('',#8242,#8242,#8244,.T.);
#8242 = VERTEX_POINT('',#8243);
#8243 = CARTESIAN_POINT('',(10.04,1.45,1.6));
#8244 = CIRCLE('',#8245,0.5);
#8245 = AXIS2_PLACEMENT_3D('',#8246,#8247,#8248);
#8246 = CARTESIAN_POINT('',(9.54,1.45,1.6));
#8247 = DIRECTION('',(0.,0.,1.));
#8248 = DIRECTION('',(1.,0.,0.));
#8249 = FACE_BOUND('',#8250,.T.);
#8250 = EDGE_LOOP('',(#8251));
#8251 = ORIENTED_EDGE('',*,*,#8252,.F.);
#8252 = EDGE_CURVE('',#8253,#8253,#8255,.T.);
#8253 = VERTEX_POINT('',#8254);
#8254 = CARTESIAN_POINT('',(12.58,1.45,1.6));
#8255 = CIRCLE('',#8256,0.5);
#8256 = AXIS2_PLACEMENT_3D('',#8257,#8258,#8259);
#8257 = CARTESIAN_POINT('',(12.08,1.45,1.6));
#8258 = DIRECTION('',(0.,0.,1.));
#8259 = DIRECTION('',(1.,0.,0.));
#8260 = FACE_BOUND('',#8261,.T.);
#8261 = EDGE_LOOP('',(#8262));
#8262 = ORIENTED_EDGE('',*,*,#8263,.F.);
#8263 = EDGE_CURVE('',#8264,#8264,#8266,.T.);
#8264 = VERTEX_POINT('',#8265);
#8265 = CARTESIAN_POINT('',(15.12,1.45,1.6));
#8266 = CIRCLE('',#8267,0.5);
#8267 = AXIS2_PLACEMENT_3D('',#8268,#8269,#8270);
#8268 = CARTESIAN_POINT('',(14.62,1.45,1.6));
#8269 = DIRECTION('',(0.,0.,1.));
#8270 = DIRECTION('',(1.,0.,0.));
#8271 = FACE_BOUND('',#8272,.T.);
#8272 = EDGE_LOOP('',(#8273));
#8273 = ORIENTED_EDGE('',*,*,#8274,.F.);
#8274 = EDGE_CURVE('',#8275,#8275,#8277,.T.);
#8275 = VERTEX_POINT('',#8276);
#8276 = CARTESIAN_POINT('',(17.66,1.45,1.6));
#8277 = CIRCLE('',#8278,0.5);
#8278 = AXIS2_PLACEMENT_3D('',#8279,#8280,#8281);
#8279 = CARTESIAN_POINT('',(17.16,1.45,1.6));
#8280 = DIRECTION('',(0.,0.,1.));
#8281 = DIRECTION('',(1.,0.,0.));
#8282 = FACE_BOUND('',#8283,.T.);
#8283 = EDGE_LOOP('',(#8284));
#8284 = ORIENTED_EDGE('',*,*,#8285,.F.);
#8285 = EDGE_CURVE('',#8286,#8286,#8288,.T.);
#8286 = VERTEX_POINT('',#8287);
#8287 = CARTESIAN_POINT('',(20.2,1.45,1.6));
#8288 = CIRCLE('',#8289,0.5);
#8289 = AXIS2_PLACEMENT_3D('',#8290,#8291,#8292);
#8290 = CARTESIAN_POINT('',(19.7,1.45,1.6));
#8291 = DIRECTION('',(0.,0.,1.));
#8292 = DIRECTION('',(1.,0.,0.));
#8293 = FACE_BOUND('',#8294,.T.);
#8294 = EDGE_LOOP('',(#8295));
#8295 = ORIENTED_EDGE('',*,*,#8296,.F.);
#8296 = EDGE_CURVE('',#8297,#8297,#8299,.T.);
#8297 = VERTEX_POINT('',#8298);
#8298 = CARTESIAN_POINT('',(22.74,1.45,1.6));
#8299 = CIRCLE('',#8300,0.5);
#8300 = AXIS2_PLACEMENT_3D('',#8301,#8302,#8303);
#8301 = CARTESIAN_POINT('',(22.24,1.45,1.6));
#8302 = DIRECTION('',(0.,0.,1.));
#8303 = DIRECTION('',(1.,0.,0.));
#8304 = FACE_BOUND('',#8305,.T.);
#8305 = EDGE_LOOP('',(#8306));
#8306 = ORIENTED_EDGE('',*,*,#8307,.F.);
#8307 = EDGE_CURVE('',#8308,#8308,#8310,.T.);
#8308 = VERTEX_POINT('',#8309);
#8309 = CARTESIAN_POINT('',(25.28,1.45,1.6));
#8310 = CIRCLE('',#8311,0.5);
#8311 = AXIS2_PLACEMENT_3D('',#8312,#8313,#8314);
#8312 = CARTESIAN_POINT('',(24.78,1.45,1.6));
#8313 = DIRECTION('',(0.,0.,1.));
#8314 = DIRECTION('',(1.,0.,0.));
#8315 = FACE_BOUND('',#8316,.T.);
#8316 = EDGE_LOOP('',(#8317));
#8317 = ORIENTED_EDGE('',*,*,#8318,.F.);
#8318 = EDGE_CURVE('',#8319,#8319,#8321,.T.);
#8319 = VERTEX_POINT('',#8320);
#8320 = CARTESIAN_POINT('',(27.82,1.45,1.6));
#8321 = CIRCLE('',#8322,0.5);
#8322 = AXIS2_PLACEMENT_3D('',#8323,#8324,#8325);
#8323 = CARTESIAN_POINT('',(27.32,1.45,1.6));
#8324 = DIRECTION('',(0.,0.,1.));
#8325 = DIRECTION('',(1.,0.,0.));
#8326 = FACE_BOUND('',#8327,.T.);
#8327 = EDGE_LOOP('',(#8328));
#8328 = ORIENTED_EDGE('',*,*,#8329,.F.);
#8329 = EDGE_CURVE('',#8330,#8330,#8332,.T.);
#8330 = VERTEX_POINT('',#8331);
#8331 = CARTESIAN_POINT('',(30.36,1.45,1.6));
#8332 = CIRCLE('',#8333,0.5);
#8333 = AXIS2_PLACEMENT_3D('',#8334,#8335,#8336);
#8334 = CARTESIAN_POINT('',(29.86,1.45,1.6));
#8335 = DIRECTION('',(0.,0.,1.));
#8336 = DIRECTION('',(1.,0.,0.));
#8337 = FACE_BOUND('',#8338,.T.);
#8338 = EDGE_LOOP('',(#8339));
#8339 = ORIENTED_EDGE('',*,*,#8340,.F.);
#8340 = EDGE_CURVE('',#8341,#8341,#8343,.T.);
#8341 = VERTEX_POINT('',#8342);
#8342 = CARTESIAN_POINT('',(32.9,1.45,1.6));
#8343 = CIRCLE('',#8344,0.5);
#8344 = AXIS2_PLACEMENT_3D('',#8345,#8346,#8347);
#8345 = CARTESIAN_POINT('',(32.4,1.45,1.6));
#8346 = DIRECTION('',(0.,0.,1.));
#8347 = DIRECTION('',(1.,0.,0.));
#8348 = FACE_BOUND('',#8349,.T.);
#8349 = EDGE_LOOP('',(#8350));
#8350 = ORIENTED_EDGE('',*,*,#8351,.F.);
#8351 = EDGE_CURVE('',#8352,#8352,#8354,.T.);
#8352 = VERTEX_POINT('',#8353);
#8353 = CARTESIAN_POINT('',(35.44,1.45,1.6));
#8354 = CIRCLE('',#8355,0.5);
#8355 = AXIS2_PLACEMENT_3D('',#8356,#8357,#8358);
#8356 = CARTESIAN_POINT('',(34.94,1.45,1.6));
#8357 = DIRECTION('',(0.,0.,1.));
#8358 = DIRECTION('',(1.,0.,0.));
#8359 = FACE_BOUND('',#8360,.T.);
#8360 = EDGE_LOOP('',(#8361));
#8361 = ORIENTED_EDGE('',*,*,#8362,.F.);
#8362 = EDGE_CURVE('',#8363,#8363,#8365,.T.);
#8363 = VERTEX_POINT('',#8364);
#8364 = CARTESIAN_POINT('',(37.98,1.45,1.6));
#8365 = CIRCLE('',#8366,0.5);
#8366 = AXIS2_PLACEMENT_3D('',#8367,#8368,#8369);
#8367 = CARTESIAN_POINT('',(37.48,1.45,1.6));
#8368 = DIRECTION('',(0.,0.,1.));
#8369 = DIRECTION('',(1.,0.,0.));
#8370 = FACE_BOUND('',#8371,.T.);
#8371 = EDGE_LOOP('',(#8372));
#8372 = ORIENTED_EDGE('',*,*,#8373,.F.);
#8373 = EDGE_CURVE('',#8374,#8374,#8376,.T.);
#8374 = VERTEX_POINT('',#8375);
#8375 = CARTESIAN_POINT('',(40.52,1.45,1.6));
#8376 = CIRCLE('',#8377,0.5);
#8377 = AXIS2_PLACEMENT_3D('',#8378,#8379,#8380);
#8378 = CARTESIAN_POINT('',(40.02,1.45,1.6));
#8379 = DIRECTION('',(0.,0.,1.));
#8380 = DIRECTION('',(1.,0.,0.));
#8381 = FACE_BOUND('',#8382,.T.);
#8382 = EDGE_LOOP('',(#8383));
#8383 = ORIENTED_EDGE('',*,*,#8384,.F.);
#8384 = EDGE_CURVE('',#8385,#8385,#8387,.T.);
#8385 = VERTEX_POINT('',#8386);
#8386 = CARTESIAN_POINT('',(43.06,1.45,1.6));
#8387 = CIRCLE('',#8388,0.5);
#8388 = AXIS2_PLACEMENT_3D('',#8389,#8390,#8391);
#8389 = CARTESIAN_POINT('',(42.56,1.45,1.6));
#8390 = DIRECTION('',(0.,0.,1.));
#8391 = DIRECTION('',(1.,0.,0.));
#8392 = FACE_BOUND('',#8393,.T.);
#8393 = EDGE_LOOP('',(#8394));
#8394 = ORIENTED_EDGE('',*,*,#8395,.F.);
#8395 = EDGE_CURVE('',#8396,#8396,#8398,.T.);
#8396 = VERTEX_POINT('',#8397);
#8397 = CARTESIAN_POINT('',(7.5,26.85,1.6));
#8398 = CIRCLE('',#8399,0.5);
#8399 = AXIS2_PLACEMENT_3D('',#8400,#8401,#8402);
#8400 = CARTESIAN_POINT('',(7.,26.85,1.6));
#8401 = DIRECTION('',(0.,0.,1.));
#8402 = DIRECTION('',(1.,0.,0.));
#8403 = FACE_BOUND('',#8404,.T.);
#8404 = EDGE_LOOP('',(#8405));
#8405 = ORIENTED_EDGE('',*,*,#8406,.F.);
#8406 = EDGE_CURVE('',#8407,#8407,#8409,.T.);
#8407 = VERTEX_POINT('',#8408);
#8408 = CARTESIAN_POINT('',(10.04,26.85,1.6));
#8409 = CIRCLE('',#8410,0.5);
#8410 = AXIS2_PLACEMENT_3D('',#8411,#8412,#8413);
#8411 = CARTESIAN_POINT('',(9.54,26.85,1.6));
#8412 = DIRECTION('',(0.,0.,1.));
#8413 = DIRECTION('',(1.,0.,0.));
#8414 = FACE_BOUND('',#8415,.T.);
#8415 = EDGE_LOOP('',(#8416));
#8416 = ORIENTED_EDGE('',*,*,#8417,.F.);
#8417 = EDGE_CURVE('',#8418,#8418,#8420,.T.);
#8418 = VERTEX_POINT('',#8419);
#8419 = CARTESIAN_POINT('',(12.58,26.85,1.6));
#8420 = CIRCLE('',#8421,0.5);
#8421 = AXIS2_PLACEMENT_3D('',#8422,#8423,#8424);
#8422 = CARTESIAN_POINT('',(12.08,26.85,1.6));
#8423 = DIRECTION('',(0.,0.,1.));
#8424 = DIRECTION('',(1.,0.,0.));
#8425 = FACE_BOUND('',#8426,.T.);
#8426 = EDGE_LOOP('',(#8427));
#8427 = ORIENTED_EDGE('',*,*,#8428,.F.);
#8428 = EDGE_CURVE('',#8429,#8429,#8431,.T.);
#8429 = VERTEX_POINT('',#8430);
#8430 = CARTESIAN_POINT('',(15.12,26.85,1.6));
#8431 = CIRCLE('',#8432,0.5);
#8432 = AXIS2_PLACEMENT_3D('',#8433,#8434,#8435);
#8433 = CARTESIAN_POINT('',(14.62,26.85,1.6));
#8434 = DIRECTION('',(0.,0.,1.));
#8435 = DIRECTION('',(1.,0.,0.));
#8436 = FACE_BOUND('',#8437,.T.);
#8437 = EDGE_LOOP('',(#8438));
#8438 = ORIENTED_EDGE('',*,*,#8439,.F.);
#8439 = EDGE_CURVE('',#8440,#8440,#8442,.T.);
#8440 = VERTEX_POINT('',#8441);
#8441 = CARTESIAN_POINT('',(17.66,26.85,1.6));
#8442 = CIRCLE('',#8443,0.5);
#8443 = AXIS2_PLACEMENT_3D('',#8444,#8445,#8446);
#8444 = CARTESIAN_POINT('',(17.16,26.85,1.6));
#8445 = DIRECTION('',(0.,0.,1.));
#8446 = DIRECTION('',(1.,0.,0.));
#8447 = FACE_BOUND('',#8448,.T.);
#8448 = EDGE_LOOP('',(#8449));
#8449 = ORIENTED_EDGE('',*,*,#8450,.F.);
#8450 = EDGE_CURVE('',#8451,#8451,#8453,.T.);
#8451 = VERTEX_POINT('',#8452);
#8452 = CARTESIAN_POINT('',(20.2,26.85,1.6));
#8453 = CIRCLE('',#8454,0.5);
#8454 = AXIS2_PLACEMENT_3D('',#8455,#8456,#8457);
#8455 = CARTESIAN_POINT('',(19.7,26.85,1.6));
#8456 = DIRECTION('',(0.,0.,1.));
#8457 = DIRECTION('',(1.,0.,0.));
#8458 = FACE_BOUND('',#8459,.T.);
#8459 = EDGE_LOOP('',(#8460));
#8460 = ORIENTED_EDGE('',*,*,#8461,.F.);
#8461 = EDGE_CURVE('',#8462,#8462,#8464,.T.);
#8462 = VERTEX_POINT('',#8463);
#8463 = CARTESIAN_POINT('',(22.74,26.85,1.6));
#8464 = CIRCLE('',#8465,0.5);
#8465 = AXIS2_PLACEMENT_3D('',#8466,#8467,#8468);
#8466 = CARTESIAN_POINT('',(22.24,26.85,1.6));
#8467 = DIRECTION('',(0.,0.,1.));
#8468 = DIRECTION('',(1.,0.,0.));
#8469 = FACE_BOUND('',#8470,.T.);
#8470 = EDGE_LOOP('',(#8471));
#8471 = ORIENTED_EDGE('',*,*,#8472,.F.);
#8472 = EDGE_CURVE('',#8473,#8473,#8475,.T.);
#8473 = VERTEX_POINT('',#8474);
#8474 = CARTESIAN_POINT('',(25.28,26.85,1.6));
#8475 = CIRCLE('',#8476,0.5);
#8476 = AXIS2_PLACEMENT_3D('',#8477,#8478,#8479);
#8477 = CARTESIAN_POINT('',(24.78,26.85,1.6));
#8478 = DIRECTION('',(0.,0.,1.));
#8479 = DIRECTION('',(1.,0.,0.));
#8480 = FACE_BOUND('',#8481,.T.);
#8481 = EDGE_LOOP('',(#8482));
#8482 = ORIENTED_EDGE('',*,*,#8483,.F.);
#8483 = EDGE_CURVE('',#8484,#8484,#8486,.T.);
#8484 = VERTEX_POINT('',#8485);
#8485 = CARTESIAN_POINT('',(27.82,26.85,1.6));
#8486 = CIRCLE('',#8487,0.5);
#8487 = AXIS2_PLACEMENT_3D('',#8488,#8489,#8490);
#8488 = CARTESIAN_POINT('',(27.32,26.85,1.6));
#8489 = DIRECTION('',(0.,0.,1.));
#8490 = DIRECTION('',(1.,0.,0.));
#8491 = FACE_BOUND('',#8492,.T.);
#8492 = EDGE_LOOP('',(#8493));
#8493 = ORIENTED_EDGE('',*,*,#8494,.F.);
#8494 = EDGE_CURVE('',#8495,#8495,#8497,.T.);
#8495 = VERTEX_POINT('',#8496);
#8496 = CARTESIAN_POINT('',(30.36,26.85,1.6));
#8497 = CIRCLE('',#8498,0.5);
#8498 = AXIS2_PLACEMENT_3D('',#8499,#8500,#8501);
#8499 = CARTESIAN_POINT('',(29.86,26.85,1.6));
#8500 = DIRECTION('',(0.,0.,1.));
#8501 = DIRECTION('',(1.,0.,0.));
#8502 = FACE_BOUND('',#8503,.T.);
#8503 = EDGE_LOOP('',(#8504));
#8504 = ORIENTED_EDGE('',*,*,#8505,.F.);
#8505 = EDGE_CURVE('',#8506,#8506,#8508,.T.);
#8506 = VERTEX_POINT('',#8507);
#8507 = CARTESIAN_POINT('',(32.9,26.85,1.6));
#8508 = CIRCLE('',#8509,0.5);
#8509 = AXIS2_PLACEMENT_3D('',#8510,#8511,#8512);
#8510 = CARTESIAN_POINT('',(32.4,26.85,1.6));
#8511 = DIRECTION('',(0.,0.,1.));
#8512 = DIRECTION('',(1.,0.,0.));
#8513 = FACE_BOUND('',#8514,.T.);
#8514 = EDGE_LOOP('',(#8515));
#8515 = ORIENTED_EDGE('',*,*,#8516,.F.);
#8516 = EDGE_CURVE('',#8517,#8517,#8519,.T.);
#8517 = VERTEX_POINT('',#8518);
#8518 = CARTESIAN_POINT('',(35.44,26.85,1.6));
#8519 = CIRCLE('',#8520,0.5);
#8520 = AXIS2_PLACEMENT_3D('',#8521,#8522,#8523);
#8521 = CARTESIAN_POINT('',(34.94,26.85,1.6));
#8522 = DIRECTION('',(0.,0.,1.));
#8523 = DIRECTION('',(1.,0.,0.));
#8524 = FACE_BOUND('',#8525,.T.);
#8525 = EDGE_LOOP('',(#8526));
#8526 = ORIENTED_EDGE('',*,*,#8527,.F.);
#8527 = EDGE_CURVE('',#8528,#8528,#8530,.T.);
#8528 = VERTEX_POINT('',#8529);
#8529 = CARTESIAN_POINT('',(37.98,26.85,1.6));
#8530 = CIRCLE('',#8531,0.5);
#8531 = AXIS2_PLACEMENT_3D('',#8532,#8533,#8534);
#8532 = CARTESIAN_POINT('',(37.48,26.85,1.6));
#8533 = DIRECTION('',(0.,0.,1.));
#8534 = DIRECTION('',(1.,0.,0.));
#8535 = FACE_BOUND('',#8536,.T.);
#8536 = EDGE_LOOP('',(#8537));
#8537 = ORIENTED_EDGE('',*,*,#8538,.F.);
#8538 = EDGE_CURVE('',#8539,#8539,#8541,.T.);
#8539 = VERTEX_POINT('',#8540);
#8540 = CARTESIAN_POINT('',(40.52,26.85,1.6));
#8541 = CIRCLE('',#8542,0.5);
#8542 = AXIS2_PLACEMENT_3D('',#8543,#8544,#8545);
#8543 = CARTESIAN_POINT('',(40.02,26.85,1.6));
#8544 = DIRECTION('',(0.,0.,1.));
#8545 = DIRECTION('',(1.,0.,0.));
#8546 = FACE_BOUND('',#8547,.T.);
#8547 = EDGE_LOOP('',(#8548));
#8548 = ORIENTED_EDGE('',*,*,#8549,.F.);
#8549 = EDGE_CURVE('',#8550,#8550,#8552,.T.);
#8550 = VERTEX_POINT('',#8551);
#8551 = CARTESIAN_POINT('',(43.06,26.85,1.6));
#8552 = CIRCLE('',#8553,0.5);
#8553 = AXIS2_PLACEMENT_3D('',#8554,#8555,#8556);
#8554 = CARTESIAN_POINT('',(42.56,26.85,1.6));
#8555 = DIRECTION('',(0.,0.,1.));
#8556 = DIRECTION('',(1.,0.,0.));
#8557 = PLANE('',#8558);
#8558 = AXIS2_PLACEMENT_3D('',#8559,#8560,#8561);
#8559 = CARTESIAN_POINT('',(0.,0.,1.6));
#8560 = DIRECTION('',(0.,0.,1.));
#8561 = DIRECTION('',(1.,0.,0.));
#8562 = ADVANCED_FACE('',(#8563),#8582,.T.);
#8563 = FACE_BOUND('',#8564,.T.);
#8564 = EDGE_LOOP('',(#8565,#8574,#8580,#8581));
#8565 = ORIENTED_EDGE('',*,*,#8566,.T.);
#8566 = EDGE_CURVE('',#8140,#8567,#8569,.T.);
#8567 = VERTEX_POINT('',#8568);
#8568 = CARTESIAN_POINT('',(3.,-4.440892098501E-16,0.));
#8569 = CIRCLE('',#8570,3.);
#8570 = AXIS2_PLACEMENT_3D('',#8571,#8572,#8573);
#8571 = CARTESIAN_POINT('',(3.,3.,0.));
#8572 = DIRECTION('',(0.,0.,1.));
#8573 = DIRECTION('',(0.,-1.,0.));
#8574 = ORIENTED_EDGE('',*,*,#8575,.T.);
#8575 = EDGE_CURVE('',#8567,#8171,#8576,.T.);
#8576 = LINE('',#8577,#8578);
#8577 = CARTESIAN_POINT('',(3.,-4.440892098501E-16,0.));
#8578 = VECTOR('',#8579,1.);
#8579 = DIRECTION('',(0.,0.,1.));
#8580 = ORIENTED_EDGE('',*,*,#8170,.F.);
#8581 = ORIENTED_EDGE('',*,*,#8139,.F.);
#8582 = CYLINDRICAL_SURFACE('',#8583,3.);
#8583 = AXIS2_PLACEMENT_3D('',#8584,#8585,#8586);
#8584 = CARTESIAN_POINT('',(3.,3.,0.));
#8585 = DIRECTION('',(0.,0.,1.));
#8586 = DIRECTION('',(-1.,-0.,0.));
#8587 = ADVANCED_FACE('',(#8588),#8607,.T.);
#8588 = FACE_BOUND('',#8589,.F.);
#8589 = EDGE_LOOP('',(#8590,#8599,#8605,#8606));
#8590 = ORIENTED_EDGE('',*,*,#8591,.T.);
#8591 = EDGE_CURVE('',#8148,#8592,#8594,.T.);
#8592 = VERTEX_POINT('',#8593);
#8593 = CARTESIAN_POINT('',(3.,28.3,0.));
#8594 = CIRCLE('',#8595,3.);
#8595 = AXIS2_PLACEMENT_3D('',#8596,#8597,#8598);
#8596 = CARTESIAN_POINT('',(3.,25.3,0.));
#8597 = DIRECTION('',(-0.,-0.,-1.));
#8598 = DIRECTION('',(0.,-1.,0.));
#8599 = ORIENTED_EDGE('',*,*,#8600,.T.);
#8600 = EDGE_CURVE('',#8592,#8214,#8601,.T.);
#8601 = LINE('',#8602,#8603);
#8602 = CARTESIAN_POINT('',(3.,28.3,0.));
#8603 = VECTOR('',#8604,1.);
#8604 = DIRECTION('',(0.,0.,1.));
#8605 = ORIENTED_EDGE('',*,*,#8221,.F.);
#8606 = ORIENTED_EDGE('',*,*,#8155,.F.);
#8607 = CYLINDRICAL_SURFACE('',#8608,3.);
#8608 = AXIS2_PLACEMENT_3D('',#8609,#8610,#8611);
#8609 = CARTESIAN_POINT('',(3.,25.3,0.));
#8610 = DIRECTION('',(0.,0.,1.));
#8611 = DIRECTION('',(-1.,-0.,0.));
#8612 = ADVANCED_FACE('',(#8613,#8658,#8669,#8680,#8691,#8702,#8713,
    #8724,#8735,#8746,#8757,#8768,#8779,#8790,#8801,#8812,#8823,#8834,
    #8845,#8856,#8867,#8878,#8889,#8900,#8911,#8922,#8933,#8944,#8955,
    #8966,#8977),#8988,.F.);
#8613 = FACE_BOUND('',#8614,.F.);
#8614 = EDGE_LOOP('',(#8615,#8616,#8617,#8625,#8634,#8642,#8651,#8657));
#8615 = ORIENTED_EDGE('',*,*,#8147,.F.);
#8616 = ORIENTED_EDGE('',*,*,#8566,.T.);
#8617 = ORIENTED_EDGE('',*,*,#8618,.T.);
#8618 = EDGE_CURVE('',#8567,#8619,#8621,.T.);
#8619 = VERTEX_POINT('',#8620);
#8620 = CARTESIAN_POINT('',(48.5,-4.440892098501E-16,0.));
#8621 = LINE('',#8622,#8623);
#8622 = CARTESIAN_POINT('',(0.,0.,0.));
#8623 = VECTOR('',#8624,1.);
#8624 = DIRECTION('',(1.,0.,0.));
#8625 = ORIENTED_EDGE('',*,*,#8626,.T.);
#8626 = EDGE_CURVE('',#8619,#8627,#8629,.T.);
#8627 = VERTEX_POINT('',#8628);
#8628 = CARTESIAN_POINT('',(51.5,3.,0.));
#8629 = CIRCLE('',#8630,3.);
#8630 = AXIS2_PLACEMENT_3D('',#8631,#8632,#8633);
#8631 = CARTESIAN_POINT('',(48.5,3.,0.));
#8632 = DIRECTION('',(0.,0.,1.));
#8633 = DIRECTION('',(0.,-1.,0.));
#8634 = ORIENTED_EDGE('',*,*,#8635,.T.);
#8635 = EDGE_CURVE('',#8627,#8636,#8638,.T.);
#8636 = VERTEX_POINT('',#8637);
#8637 = CARTESIAN_POINT('',(51.5,25.3,0.));
#8638 = LINE('',#8639,#8640);
#8639 = CARTESIAN_POINT('',(51.5,0.,0.));
#8640 = VECTOR('',#8641,1.);
#8641 = DIRECTION('',(0.,1.,0.));
#8642 = ORIENTED_EDGE('',*,*,#8643,.F.);
#8643 = EDGE_CURVE('',#8644,#8636,#8646,.T.);
#8644 = VERTEX_POINT('',#8645);
#8645 = CARTESIAN_POINT('',(48.5,28.3,0.));
#8646 = CIRCLE('',#8647,3.);
#8647 = AXIS2_PLACEMENT_3D('',#8648,#8649,#8650);
#8648 = CARTESIAN_POINT('',(48.5,25.3,0.));
#8649 = DIRECTION('',(-0.,-0.,-1.));
#8650 = DIRECTION('',(0.,-1.,0.));
#8651 = ORIENTED_EDGE('',*,*,#8652,.F.);
#8652 = EDGE_CURVE('',#8592,#8644,#8653,.T.);
#8653 = LINE('',#8654,#8655);
#8654 = CARTESIAN_POINT('',(0.,28.3,0.));
#8655 = VECTOR('',#8656,1.);
#8656 = DIRECTION('',(1.,0.,0.));
#8657 = ORIENTED_EDGE('',*,*,#8591,.F.);
#8658 = FACE_BOUND('',#8659,.F.);
#8659 = EDGE_LOOP('',(#8660));
#8660 = ORIENTED_EDGE('',*,*,#8661,.F.);
#8661 = EDGE_CURVE('',#8662,#8662,#8664,.T.);
#8662 = VERTEX_POINT('',#8663);
#8663 = CARTESIAN_POINT('',(7.5,1.45,0.));
#8664 = CIRCLE('',#8665,0.5);
#8665 = AXIS2_PLACEMENT_3D('',#8666,#8667,#8668);
#8666 = CARTESIAN_POINT('',(7.,1.45,0.));
#8667 = DIRECTION('',(0.,0.,1.));
#8668 = DIRECTION('',(1.,0.,0.));
#8669 = FACE_BOUND('',#8670,.F.);
#8670 = EDGE_LOOP('',(#8671));
#8671 = ORIENTED_EDGE('',*,*,#8672,.F.);
#8672 = EDGE_CURVE('',#8673,#8673,#8675,.T.);
#8673 = VERTEX_POINT('',#8674);
#8674 = CARTESIAN_POINT('',(10.04,1.45,0.));
#8675 = CIRCLE('',#8676,0.5);
#8676 = AXIS2_PLACEMENT_3D('',#8677,#8678,#8679);
#8677 = CARTESIAN_POINT('',(9.54,1.45,0.));
#8678 = DIRECTION('',(0.,0.,1.));
#8679 = DIRECTION('',(1.,0.,0.));
#8680 = FACE_BOUND('',#8681,.F.);
#8681 = EDGE_LOOP('',(#8682));
#8682 = ORIENTED_EDGE('',*,*,#8683,.F.);
#8683 = EDGE_CURVE('',#8684,#8684,#8686,.T.);
#8684 = VERTEX_POINT('',#8685);
#8685 = CARTESIAN_POINT('',(12.58,1.45,0.));
#8686 = CIRCLE('',#8687,0.5);
#8687 = AXIS2_PLACEMENT_3D('',#8688,#8689,#8690);
#8688 = CARTESIAN_POINT('',(12.08,1.45,0.));
#8689 = DIRECTION('',(0.,0.,1.));
#8690 = DIRECTION('',(1.,0.,0.));
#8691 = FACE_BOUND('',#8692,.F.);
#8692 = EDGE_LOOP('',(#8693));
#8693 = ORIENTED_EDGE('',*,*,#8694,.F.);
#8694 = EDGE_CURVE('',#8695,#8695,#8697,.T.);
#8695 = VERTEX_POINT('',#8696);
#8696 = CARTESIAN_POINT('',(15.12,1.45,0.));
#8697 = CIRCLE('',#8698,0.5);
#8698 = AXIS2_PLACEMENT_3D('',#8699,#8700,#8701);
#8699 = CARTESIAN_POINT('',(14.62,1.45,0.));
#8700 = DIRECTION('',(0.,0.,1.));
#8701 = DIRECTION('',(1.,0.,0.));
#8702 = FACE_BOUND('',#8703,.F.);
#8703 = EDGE_LOOP('',(#8704));
#8704 = ORIENTED_EDGE('',*,*,#8705,.F.);
#8705 = EDGE_CURVE('',#8706,#8706,#8708,.T.);
#8706 = VERTEX_POINT('',#8707);
#8707 = CARTESIAN_POINT('',(17.66,1.45,0.));
#8708 = CIRCLE('',#8709,0.5);
#8709 = AXIS2_PLACEMENT_3D('',#8710,#8711,#8712);
#8710 = CARTESIAN_POINT('',(17.16,1.45,0.));
#8711 = DIRECTION('',(0.,0.,1.));
#8712 = DIRECTION('',(1.,0.,0.));
#8713 = FACE_BOUND('',#8714,.F.);
#8714 = EDGE_LOOP('',(#8715));
#8715 = ORIENTED_EDGE('',*,*,#8716,.F.);
#8716 = EDGE_CURVE('',#8717,#8717,#8719,.T.);
#8717 = VERTEX_POINT('',#8718);
#8718 = CARTESIAN_POINT('',(20.2,1.45,0.));
#8719 = CIRCLE('',#8720,0.5);
#8720 = AXIS2_PLACEMENT_3D('',#8721,#8722,#8723);
#8721 = CARTESIAN_POINT('',(19.7,1.45,0.));
#8722 = DIRECTION('',(0.,0.,1.));
#8723 = DIRECTION('',(1.,0.,0.));
#8724 = FACE_BOUND('',#8725,.F.);
#8725 = EDGE_LOOP('',(#8726));
#8726 = ORIENTED_EDGE('',*,*,#8727,.F.);
#8727 = EDGE_CURVE('',#8728,#8728,#8730,.T.);
#8728 = VERTEX_POINT('',#8729);
#8729 = CARTESIAN_POINT('',(22.74,1.45,0.));
#8730 = CIRCLE('',#8731,0.5);
#8731 = AXIS2_PLACEMENT_3D('',#8732,#8733,#8734);
#8732 = CARTESIAN_POINT('',(22.24,1.45,0.));
#8733 = DIRECTION('',(0.,0.,1.));
#8734 = DIRECTION('',(1.,0.,0.));
#8735 = FACE_BOUND('',#8736,.F.);
#8736 = EDGE_LOOP('',(#8737));
#8737 = ORIENTED_EDGE('',*,*,#8738,.F.);
#8738 = EDGE_CURVE('',#8739,#8739,#8741,.T.);
#8739 = VERTEX_POINT('',#8740);
#8740 = CARTESIAN_POINT('',(25.28,1.45,0.));
#8741 = CIRCLE('',#8742,0.5);
#8742 = AXIS2_PLACEMENT_3D('',#8743,#8744,#8745);
#8743 = CARTESIAN_POINT('',(24.78,1.45,0.));
#8744 = DIRECTION('',(0.,0.,1.));
#8745 = DIRECTION('',(1.,0.,0.));
#8746 = FACE_BOUND('',#8747,.F.);
#8747 = EDGE_LOOP('',(#8748));
#8748 = ORIENTED_EDGE('',*,*,#8749,.F.);
#8749 = EDGE_CURVE('',#8750,#8750,#8752,.T.);
#8750 = VERTEX_POINT('',#8751);
#8751 = CARTESIAN_POINT('',(27.82,1.45,0.));
#8752 = CIRCLE('',#8753,0.5);
#8753 = AXIS2_PLACEMENT_3D('',#8754,#8755,#8756);
#8754 = CARTESIAN_POINT('',(27.32,1.45,0.));
#8755 = DIRECTION('',(0.,0.,1.));
#8756 = DIRECTION('',(1.,0.,0.));
#8757 = FACE_BOUND('',#8758,.F.);
#8758 = EDGE_LOOP('',(#8759));
#8759 = ORIENTED_EDGE('',*,*,#8760,.F.);
#8760 = EDGE_CURVE('',#8761,#8761,#8763,.T.);
#8761 = VERTEX_POINT('',#8762);
#8762 = CARTESIAN_POINT('',(30.36,1.45,0.));
#8763 = CIRCLE('',#8764,0.5);
#8764 = AXIS2_PLACEMENT_3D('',#8765,#8766,#8767);
#8765 = CARTESIAN_POINT('',(29.86,1.45,0.));
#8766 = DIRECTION('',(0.,0.,1.));
#8767 = DIRECTION('',(1.,0.,0.));
#8768 = FACE_BOUND('',#8769,.F.);
#8769 = EDGE_LOOP('',(#8770));
#8770 = ORIENTED_EDGE('',*,*,#8771,.F.);
#8771 = EDGE_CURVE('',#8772,#8772,#8774,.T.);
#8772 = VERTEX_POINT('',#8773);
#8773 = CARTESIAN_POINT('',(32.9,1.45,0.));
#8774 = CIRCLE('',#8775,0.5);
#8775 = AXIS2_PLACEMENT_3D('',#8776,#8777,#8778);
#8776 = CARTESIAN_POINT('',(32.4,1.45,0.));
#8777 = DIRECTION('',(0.,0.,1.));
#8778 = DIRECTION('',(1.,0.,0.));
#8779 = FACE_BOUND('',#8780,.F.);
#8780 = EDGE_LOOP('',(#8781));
#8781 = ORIENTED_EDGE('',*,*,#8782,.F.);
#8782 = EDGE_CURVE('',#8783,#8783,#8785,.T.);
#8783 = VERTEX_POINT('',#8784);
#8784 = CARTESIAN_POINT('',(35.44,1.45,0.));
#8785 = CIRCLE('',#8786,0.5);
#8786 = AXIS2_PLACEMENT_3D('',#8787,#8788,#8789);
#8787 = CARTESIAN_POINT('',(34.94,1.45,0.));
#8788 = DIRECTION('',(0.,0.,1.));
#8789 = DIRECTION('',(1.,0.,0.));
#8790 = FACE_BOUND('',#8791,.F.);
#8791 = EDGE_LOOP('',(#8792));
#8792 = ORIENTED_EDGE('',*,*,#8793,.F.);
#8793 = EDGE_CURVE('',#8794,#8794,#8796,.T.);
#8794 = VERTEX_POINT('',#8795);
#8795 = CARTESIAN_POINT('',(37.98,1.45,0.));
#8796 = CIRCLE('',#8797,0.5);
#8797 = AXIS2_PLACEMENT_3D('',#8798,#8799,#8800);
#8798 = CARTESIAN_POINT('',(37.48,1.45,0.));
#8799 = DIRECTION('',(0.,0.,1.));
#8800 = DIRECTION('',(1.,0.,0.));
#8801 = FACE_BOUND('',#8802,.F.);
#8802 = EDGE_LOOP('',(#8803));
#8803 = ORIENTED_EDGE('',*,*,#8804,.F.);
#8804 = EDGE_CURVE('',#8805,#8805,#8807,.T.);
#8805 = VERTEX_POINT('',#8806);
#8806 = CARTESIAN_POINT('',(40.52,1.45,0.));
#8807 = CIRCLE('',#8808,0.5);
#8808 = AXIS2_PLACEMENT_3D('',#8809,#8810,#8811);
#8809 = CARTESIAN_POINT('',(40.02,1.45,0.));
#8810 = DIRECTION('',(0.,0.,1.));
#8811 = DIRECTION('',(1.,0.,0.));
#8812 = FACE_BOUND('',#8813,.F.);
#8813 = EDGE_LOOP('',(#8814));
#8814 = ORIENTED_EDGE('',*,*,#8815,.F.);
#8815 = EDGE_CURVE('',#8816,#8816,#8818,.T.);
#8816 = VERTEX_POINT('',#8817);
#8817 = CARTESIAN_POINT('',(43.06,1.45,0.));
#8818 = CIRCLE('',#8819,0.5);
#8819 = AXIS2_PLACEMENT_3D('',#8820,#8821,#8822);
#8820 = CARTESIAN_POINT('',(42.56,1.45,0.));
#8821 = DIRECTION('',(0.,0.,1.));
#8822 = DIRECTION('',(1.,0.,0.));
#8823 = FACE_BOUND('',#8824,.F.);
#8824 = EDGE_LOOP('',(#8825));
#8825 = ORIENTED_EDGE('',*,*,#8826,.F.);
#8826 = EDGE_CURVE('',#8827,#8827,#8829,.T.);
#8827 = VERTEX_POINT('',#8828);
#8828 = CARTESIAN_POINT('',(7.5,26.85,0.));
#8829 = CIRCLE('',#8830,0.5);
#8830 = AXIS2_PLACEMENT_3D('',#8831,#8832,#8833);
#8831 = CARTESIAN_POINT('',(7.,26.85,0.));
#8832 = DIRECTION('',(0.,0.,1.));
#8833 = DIRECTION('',(1.,0.,0.));
#8834 = FACE_BOUND('',#8835,.F.);
#8835 = EDGE_LOOP('',(#8836));
#8836 = ORIENTED_EDGE('',*,*,#8837,.F.);
#8837 = EDGE_CURVE('',#8838,#8838,#8840,.T.);
#8838 = VERTEX_POINT('',#8839);
#8839 = CARTESIAN_POINT('',(10.04,26.85,0.));
#8840 = CIRCLE('',#8841,0.5);
#8841 = AXIS2_PLACEMENT_3D('',#8842,#8843,#8844);
#8842 = CARTESIAN_POINT('',(9.54,26.85,0.));
#8843 = DIRECTION('',(0.,0.,1.));
#8844 = DIRECTION('',(1.,0.,0.));
#8845 = FACE_BOUND('',#8846,.F.);
#8846 = EDGE_LOOP('',(#8847));
#8847 = ORIENTED_EDGE('',*,*,#8848,.F.);
#8848 = EDGE_CURVE('',#8849,#8849,#8851,.T.);
#8849 = VERTEX_POINT('',#8850);
#8850 = CARTESIAN_POINT('',(12.58,26.85,0.));
#8851 = CIRCLE('',#8852,0.5);
#8852 = AXIS2_PLACEMENT_3D('',#8853,#8854,#8855);
#8853 = CARTESIAN_POINT('',(12.08,26.85,0.));
#8854 = DIRECTION('',(0.,0.,1.));
#8855 = DIRECTION('',(1.,0.,0.));
#8856 = FACE_BOUND('',#8857,.F.);
#8857 = EDGE_LOOP('',(#8858));
#8858 = ORIENTED_EDGE('',*,*,#8859,.F.);
#8859 = EDGE_CURVE('',#8860,#8860,#8862,.T.);
#8860 = VERTEX_POINT('',#8861);
#8861 = CARTESIAN_POINT('',(15.12,26.85,0.));
#8862 = CIRCLE('',#8863,0.5);
#8863 = AXIS2_PLACEMENT_3D('',#8864,#8865,#8866);
#8864 = CARTESIAN_POINT('',(14.62,26.85,0.));
#8865 = DIRECTION('',(0.,0.,1.));
#8866 = DIRECTION('',(1.,0.,0.));
#8867 = FACE_BOUND('',#8868,.F.);
#8868 = EDGE_LOOP('',(#8869));
#8869 = ORIENTED_EDGE('',*,*,#8870,.F.);
#8870 = EDGE_CURVE('',#8871,#8871,#8873,.T.);
#8871 = VERTEX_POINT('',#8872);
#8872 = CARTESIAN_POINT('',(17.66,26.85,0.));
#8873 = CIRCLE('',#8874,0.5);
#8874 = AXIS2_PLACEMENT_3D('',#8875,#8876,#8877);
#8875 = CARTESIAN_POINT('',(17.16,26.85,0.));
#8876 = DIRECTION('',(0.,0.,1.));
#8877 = DIRECTION('',(1.,0.,0.));
#8878 = FACE_BOUND('',#8879,.F.);
#8879 = EDGE_LOOP('',(#8880));
#8880 = ORIENTED_EDGE('',*,*,#8881,.F.);
#8881 = EDGE_CURVE('',#8882,#8882,#8884,.T.);
#8882 = VERTEX_POINT('',#8883);
#8883 = CARTESIAN_POINT('',(20.2,26.85,0.));
#8884 = CIRCLE('',#8885,0.5);
#8885 = AXIS2_PLACEMENT_3D('',#8886,#8887,#8888);
#8886 = CARTESIAN_POINT('',(19.7,26.85,0.));
#8887 = DIRECTION('',(0.,0.,1.));
#8888 = DIRECTION('',(1.,0.,0.));
#8889 = FACE_BOUND('',#8890,.F.);
#8890 = EDGE_LOOP('',(#8891));
#8891 = ORIENTED_EDGE('',*,*,#8892,.F.);
#8892 = EDGE_CURVE('',#8893,#8893,#8895,.T.);
#8893 = VERTEX_POINT('',#8894);
#8894 = CARTESIAN_POINT('',(22.74,26.85,0.));
#8895 = CIRCLE('',#8896,0.5);
#8896 = AXIS2_PLACEMENT_3D('',#8897,#8898,#8899);
#8897 = CARTESIAN_POINT('',(22.24,26.85,0.));
#8898 = DIRECTION('',(0.,0.,1.));
#8899 = DIRECTION('',(1.,0.,0.));
#8900 = FACE_BOUND('',#8901,.F.);
#8901 = EDGE_LOOP('',(#8902));
#8902 = ORIENTED_EDGE('',*,*,#8903,.F.);
#8903 = EDGE_CURVE('',#8904,#8904,#8906,.T.);
#8904 = VERTEX_POINT('',#8905);
#8905 = CARTESIAN_POINT('',(25.28,26.85,0.));
#8906 = CIRCLE('',#8907,0.5);
#8907 = AXIS2_PLACEMENT_3D('',#8908,#8909,#8910);
#8908 = CARTESIAN_POINT('',(24.78,26.85,0.));
#8909 = DIRECTION('',(0.,0.,1.));
#8910 = DIRECTION('',(1.,0.,0.));
#8911 = FACE_BOUND('',#8912,.F.);
#8912 = EDGE_LOOP('',(#8913));
#8913 = ORIENTED_EDGE('',*,*,#8914,.F.);
#8914 = EDGE_CURVE('',#8915,#8915,#8917,.T.);
#8915 = VERTEX_POINT('',#8916);
#8916 = CARTESIAN_POINT('',(27.82,26.85,0.));
#8917 = CIRCLE('',#8918,0.5);
#8918 = AXIS2_PLACEMENT_3D('',#8919,#8920,#8921);
#8919 = CARTESIAN_POINT('',(27.32,26.85,0.));
#8920 = DIRECTION('',(0.,0.,1.));
#8921 = DIRECTION('',(1.,0.,0.));
#8922 = FACE_BOUND('',#8923,.F.);
#8923 = EDGE_LOOP('',(#8924));
#8924 = ORIENTED_EDGE('',*,*,#8925,.F.);
#8925 = EDGE_CURVE('',#8926,#8926,#8928,.T.);
#8926 = VERTEX_POINT('',#8927);
#8927 = CARTESIAN_POINT('',(30.36,26.85,0.));
#8928 = CIRCLE('',#8929,0.5);
#8929 = AXIS2_PLACEMENT_3D('',#8930,#8931,#8932);
#8930 = CARTESIAN_POINT('',(29.86,26.85,0.));
#8931 = DIRECTION('',(0.,0.,1.));
#8932 = DIRECTION('',(1.,0.,0.));
#8933 = FACE_BOUND('',#8934,.F.);
#8934 = EDGE_LOOP('',(#8935));
#8935 = ORIENTED_EDGE('',*,*,#8936,.F.);
#8936 = EDGE_CURVE('',#8937,#8937,#8939,.T.);
#8937 = VERTEX_POINT('',#8938);
#8938 = CARTESIAN_POINT('',(32.9,26.85,0.));
#8939 = CIRCLE('',#8940,0.5);
#8940 = AXIS2_PLACEMENT_3D('',#8941,#8942,#8943);
#8941 = CARTESIAN_POINT('',(32.4,26.85,0.));
#8942 = DIRECTION('',(0.,0.,1.));
#8943 = DIRECTION('',(1.,0.,0.));
#8944 = FACE_BOUND('',#8945,.F.);
#8945 = EDGE_LOOP('',(#8946));
#8946 = ORIENTED_EDGE('',*,*,#8947,.F.);
#8947 = EDGE_CURVE('',#8948,#8948,#8950,.T.);
#8948 = VERTEX_POINT('',#8949);
#8949 = CARTESIAN_POINT('',(35.44,26.85,0.));
#8950 = CIRCLE('',#8951,0.5);
#8951 = AXIS2_PLACEMENT_3D('',#8952,#8953,#8954);
#8952 = CARTESIAN_POINT('',(34.94,26.85,0.));
#8953 = DIRECTION('',(0.,0.,1.));
#8954 = DIRECTION('',(1.,0.,0.));
#8955 = FACE_BOUND('',#8956,.F.);
#8956 = EDGE_LOOP('',(#8957));
#8957 = ORIENTED_EDGE('',*,*,#8958,.F.);
#8958 = EDGE_CURVE('',#8959,#8959,#8961,.T.);
#8959 = VERTEX_POINT('',#8960);
#8960 = CARTESIAN_POINT('',(37.98,26.85,0.));
#8961 = CIRCLE('',#8962,0.5);
#8962 = AXIS2_PLACEMENT_3D('',#8963,#8964,#8965);
#8963 = CARTESIAN_POINT('',(37.48,26.85,0.));
#8964 = DIRECTION('',(0.,0.,1.));
#8965 = DIRECTION('',(1.,0.,0.));
#8966 = FACE_BOUND('',#8967,.F.);
#8967 = EDGE_LOOP('',(#8968));
#8968 = ORIENTED_EDGE('',*,*,#8969,.F.);
#8969 = EDGE_CURVE('',#8970,#8970,#8972,.T.);
#8970 = VERTEX_POINT('',#8971);
#8971 = CARTESIAN_POINT('',(40.52,26.85,0.));
#8972 = CIRCLE('',#8973,0.5);
#8973 = AXIS2_PLACEMENT_3D('',#8974,#8975,#8976);
#8974 = CARTESIAN_POINT('',(40.02,26.85,0.));
#8975 = DIRECTION('',(0.,0.,1.));
#8976 = DIRECTION('',(1.,0.,0.));
#8977 = FACE_BOUND('',#8978,.F.);
#8978 = EDGE_LOOP('',(#8979));
#8979 = ORIENTED_EDGE('',*,*,#8980,.F.);
#8980 = EDGE_CURVE('',#8981,#8981,#8983,.T.);
#8981 = VERTEX_POINT('',#8982);
#8982 = CARTESIAN_POINT('',(43.06,26.85,0.));
#8983 = CIRCLE('',#8984,0.5);
#8984 = AXIS2_PLACEMENT_3D('',#8985,#8986,#8987);
#8985 = CARTESIAN_POINT('',(42.56,26.85,0.));
#8986 = DIRECTION('',(0.,0.,1.));
#8987 = DIRECTION('',(1.,0.,0.));
#8988 = PLANE('',#8989);
#8989 = AXIS2_PLACEMENT_3D('',#8990,#8991,#8992);
#8990 = CARTESIAN_POINT('',(0.,0.,0.));
#8991 = DIRECTION('',(0.,0.,1.));
#8992 = DIRECTION('',(1.,0.,0.));
#8993 = ADVANCED_FACE('',(#8994),#9005,.F.);
#8994 = FACE_BOUND('',#8995,.F.);
#8995 = EDGE_LOOP('',(#8996,#8997,#8998,#8999));
#8996 = ORIENTED_EDGE('',*,*,#8618,.F.);
#8997 = ORIENTED_EDGE('',*,*,#8575,.T.);
#8998 = ORIENTED_EDGE('',*,*,#8179,.T.);
#8999 = ORIENTED_EDGE('',*,*,#9000,.F.);
#9000 = EDGE_CURVE('',#8619,#8180,#9001,.T.);
#9001 = LINE('',#9002,#9003);
#9002 = CARTESIAN_POINT('',(48.5,-4.440892098501E-16,0.));
#9003 = VECTOR('',#9004,1.);
#9004 = DIRECTION('',(0.,0.,1.));
#9005 = PLANE('',#9006);
#9006 = AXIS2_PLACEMENT_3D('',#9007,#9008,#9009);
#9007 = CARTESIAN_POINT('',(0.,0.,0.));
#9008 = DIRECTION('',(0.,1.,0.));
#9009 = DIRECTION('',(0.,0.,1.));
#9010 = ADVANCED_FACE('',(#9011),#9022,.T.);
#9011 = FACE_BOUND('',#9012,.T.);
#9012 = EDGE_LOOP('',(#9013,#9014,#9015,#9016));
#9013 = ORIENTED_EDGE('',*,*,#8652,.F.);
#9014 = ORIENTED_EDGE('',*,*,#8600,.T.);
#9015 = ORIENTED_EDGE('',*,*,#8213,.T.);
#9016 = ORIENTED_EDGE('',*,*,#9017,.F.);
#9017 = EDGE_CURVE('',#8644,#8205,#9018,.T.);
#9018 = LINE('',#9019,#9020);
#9019 = CARTESIAN_POINT('',(48.5,28.3,0.));
#9020 = VECTOR('',#9021,1.);
#9021 = DIRECTION('',(0.,0.,1.));
#9022 = PLANE('',#9023);
#9023 = AXIS2_PLACEMENT_3D('',#9024,#9025,#9026);
#9024 = CARTESIAN_POINT('',(0.,28.3,0.));
#9025 = DIRECTION('',(0.,1.,0.));
#9026 = DIRECTION('',(0.,0.,1.));
#9027 = ADVANCED_FACE('',(#9028),#9039,.T.);
#9028 = FACE_BOUND('',#9029,.T.);
#9029 = EDGE_LOOP('',(#9030,#9031,#9037,#9038));
#9030 = ORIENTED_EDGE('',*,*,#8626,.T.);
#9031 = ORIENTED_EDGE('',*,*,#9032,.T.);
#9032 = EDGE_CURVE('',#8627,#8188,#9033,.T.);
#9033 = LINE('',#9034,#9035);
#9034 = CARTESIAN_POINT('',(51.5,3.,0.));
#9035 = VECTOR('',#9036,1.);
#9036 = DIRECTION('',(0.,0.,1.));
#9037 = ORIENTED_EDGE('',*,*,#8187,.F.);
#9038 = ORIENTED_EDGE('',*,*,#9000,.F.);
#9039 = CYLINDRICAL_SURFACE('',#9040,3.);
#9040 = AXIS2_PLACEMENT_3D('',#9041,#9042,#9043);
#9041 = CARTESIAN_POINT('',(48.5,3.,0.));
#9042 = DIRECTION('',(0.,0.,1.));
#9043 = DIRECTION('',(0.,-1.,0.));
#9044 = ADVANCED_FACE('',(#9045),#9056,.T.);
#9045 = FACE_BOUND('',#9046,.F.);
#9046 = EDGE_LOOP('',(#9047,#9048,#9054,#9055));
#9047 = ORIENTED_EDGE('',*,*,#8643,.T.);
#9048 = ORIENTED_EDGE('',*,*,#9049,.T.);
#9049 = EDGE_CURVE('',#8636,#8197,#9050,.T.);
#9050 = LINE('',#9051,#9052);
#9051 = CARTESIAN_POINT('',(51.5,25.3,0.));
#9052 = VECTOR('',#9053,1.);
#9053 = DIRECTION('',(0.,0.,1.));
#9054 = ORIENTED_EDGE('',*,*,#8204,.F.);
#9055 = ORIENTED_EDGE('',*,*,#9017,.F.);
#9056 = CYLINDRICAL_SURFACE('',#9057,3.);
#9057 = AXIS2_PLACEMENT_3D('',#9058,#9059,#9060);
#9058 = CARTESIAN_POINT('',(48.5,25.3,0.));
#9059 = DIRECTION('',(0.,0.,1.));
#9060 = DIRECTION('',(0.,1.,0.));
#9061 = ADVANCED_FACE('',(#9062),#9068,.T.);
#9062 = FACE_BOUND('',#9063,.T.);
#9063 = EDGE_LOOP('',(#9064,#9065,#9066,#9067));
#9064 = ORIENTED_EDGE('',*,*,#8196,.F.);
#9065 = ORIENTED_EDGE('',*,*,#9032,.F.);
#9066 = ORIENTED_EDGE('',*,*,#8635,.T.);
#9067 = ORIENTED_EDGE('',*,*,#9049,.T.);
#9068 = PLANE('',#9069);
#9069 = AXIS2_PLACEMENT_3D('',#9070,#9071,#9072);
#9070 = CARTESIAN_POINT('',(51.5,0.,0.));
#9071 = DIRECTION('',(1.,0.,0.));
#9072 = DIRECTION('',(0.,0.,1.));
#9073 = ADVANCED_FACE('',(#9074),#9085,.F.);
#9074 = FACE_BOUND('',#9075,.F.);
#9075 = EDGE_LOOP('',(#9076,#9077,#9083,#9084));
#9076 = ORIENTED_EDGE('',*,*,#8230,.F.);
#9077 = ORIENTED_EDGE('',*,*,#9078,.F.);
#9078 = EDGE_CURVE('',#8662,#8231,#9079,.T.);
#9079 = LINE('',#9080,#9081);
#9080 = CARTESIAN_POINT('',(7.5,1.45,-0.1));
#9081 = VECTOR('',#9082,1.);
#9082 = DIRECTION('',(0.,0.,1.));
#9083 = ORIENTED_EDGE('',*,*,#8661,.T.);
#9084 = ORIENTED_EDGE('',*,*,#9078,.T.);
#9085 = CYLINDRICAL_SURFACE('',#9086,0.5);
#9086 = AXIS2_PLACEMENT_3D('',#9087,#9088,#9089);
#9087 = CARTESIAN_POINT('',(7.,1.45,-0.1));
#9088 = DIRECTION('',(0.,0.,1.));
#9089 = DIRECTION('',(1.,0.,0.));
#9090 = ADVANCED_FACE('',(#9091),#9102,.F.);
#9091 = FACE_BOUND('',#9092,.F.);
#9092 = EDGE_LOOP('',(#9093,#9094,#9100,#9101));
#9093 = ORIENTED_EDGE('',*,*,#8241,.F.);
#9094 = ORIENTED_EDGE('',*,*,#9095,.F.);
#9095 = EDGE_CURVE('',#8673,#8242,#9096,.T.);
#9096 = LINE('',#9097,#9098);
#9097 = CARTESIAN_POINT('',(10.04,1.45,-0.1));
#9098 = VECTOR('',#9099,1.);
#9099 = DIRECTION('',(0.,0.,1.));
#9100 = ORIENTED_EDGE('',*,*,#8672,.T.);
#9101 = ORIENTED_EDGE('',*,*,#9095,.T.);
#9102 = CYLINDRICAL_SURFACE('',#9103,0.5);
#9103 = AXIS2_PLACEMENT_3D('',#9104,#9105,#9106);
#9104 = CARTESIAN_POINT('',(9.54,1.45,-0.1));
#9105 = DIRECTION('',(0.,0.,1.));
#9106 = DIRECTION('',(1.,0.,0.));
#9107 = ADVANCED_FACE('',(#9108),#9119,.F.);
#9108 = FACE_BOUND('',#9109,.F.);
#9109 = EDGE_LOOP('',(#9110,#9111,#9117,#9118));
#9110 = ORIENTED_EDGE('',*,*,#8252,.F.);
#9111 = ORIENTED_EDGE('',*,*,#9112,.F.);
#9112 = EDGE_CURVE('',#8684,#8253,#9113,.T.);
#9113 = LINE('',#9114,#9115);
#9114 = CARTESIAN_POINT('',(12.58,1.45,-0.1));
#9115 = VECTOR('',#9116,1.);
#9116 = DIRECTION('',(0.,0.,1.));
#9117 = ORIENTED_EDGE('',*,*,#8683,.T.);
#9118 = ORIENTED_EDGE('',*,*,#9112,.T.);
#9119 = CYLINDRICAL_SURFACE('',#9120,0.5);
#9120 = AXIS2_PLACEMENT_3D('',#9121,#9122,#9123);
#9121 = CARTESIAN_POINT('',(12.08,1.45,-0.1));
#9122 = DIRECTION('',(0.,0.,1.));
#9123 = DIRECTION('',(1.,0.,0.));
#9124 = ADVANCED_FACE('',(#9125),#9136,.F.);
#9125 = FACE_BOUND('',#9126,.F.);
#9126 = EDGE_LOOP('',(#9127,#9128,#9134,#9135));
#9127 = ORIENTED_EDGE('',*,*,#8263,.F.);
#9128 = ORIENTED_EDGE('',*,*,#9129,.F.);
#9129 = EDGE_CURVE('',#8695,#8264,#9130,.T.);
#9130 = LINE('',#9131,#9132);
#9131 = CARTESIAN_POINT('',(15.12,1.45,-0.1));
#9132 = VECTOR('',#9133,1.);
#9133 = DIRECTION('',(0.,0.,1.));
#9134 = ORIENTED_EDGE('',*,*,#8694,.T.);
#9135 = ORIENTED_EDGE('',*,*,#9129,.T.);
#9136 = CYLINDRICAL_SURFACE('',#9137,0.5);
#9137 = AXIS2_PLACEMENT_3D('',#9138,#9139,#9140);
#9138 = CARTESIAN_POINT('',(14.62,1.45,-0.1));
#9139 = DIRECTION('',(0.,0.,1.));
#9140 = DIRECTION('',(1.,0.,0.));
#9141 = ADVANCED_FACE('',(#9142),#9153,.F.);
#9142 = FACE_BOUND('',#9143,.F.);
#9143 = EDGE_LOOP('',(#9144,#9145,#9151,#9152));
#9144 = ORIENTED_EDGE('',*,*,#8274,.F.);
#9145 = ORIENTED_EDGE('',*,*,#9146,.F.);
#9146 = EDGE_CURVE('',#8706,#8275,#9147,.T.);
#9147 = LINE('',#9148,#9149);
#9148 = CARTESIAN_POINT('',(17.66,1.45,-0.1));
#9149 = VECTOR('',#9150,1.);
#9150 = DIRECTION('',(0.,0.,1.));
#9151 = ORIENTED_EDGE('',*,*,#8705,.T.);
#9152 = ORIENTED_EDGE('',*,*,#9146,.T.);
#9153 = CYLINDRICAL_SURFACE('',#9154,0.5);
#9154 = AXIS2_PLACEMENT_3D('',#9155,#9156,#9157);
#9155 = CARTESIAN_POINT('',(17.16,1.45,-0.1));
#9156 = DIRECTION('',(0.,0.,1.));
#9157 = DIRECTION('',(1.,0.,0.));
#9158 = ADVANCED_FACE('',(#9159),#9170,.F.);
#9159 = FACE_BOUND('',#9160,.F.);
#9160 = EDGE_LOOP('',(#9161,#9162,#9168,#9169));
#9161 = ORIENTED_EDGE('',*,*,#8285,.F.);
#9162 = ORIENTED_EDGE('',*,*,#9163,.F.);
#9163 = EDGE_CURVE('',#8717,#8286,#9164,.T.);
#9164 = LINE('',#9165,#9166);
#9165 = CARTESIAN_POINT('',(20.2,1.45,-0.1));
#9166 = VECTOR('',#9167,1.);
#9167 = DIRECTION('',(0.,0.,1.));
#9168 = ORIENTED_EDGE('',*,*,#8716,.T.);
#9169 = ORIENTED_EDGE('',*,*,#9163,.T.);
#9170 = CYLINDRICAL_SURFACE('',#9171,0.5);
#9171 = AXIS2_PLACEMENT_3D('',#9172,#9173,#9174);
#9172 = CARTESIAN_POINT('',(19.7,1.45,-0.1));
#9173 = DIRECTION('',(0.,0.,1.));
#9174 = DIRECTION('',(1.,0.,0.));
#9175 = ADVANCED_FACE('',(#9176),#9187,.F.);
#9176 = FACE_BOUND('',#9177,.F.);
#9177 = EDGE_LOOP('',(#9178,#9179,#9185,#9186));
#9178 = ORIENTED_EDGE('',*,*,#8296,.F.);
#9179 = ORIENTED_EDGE('',*,*,#9180,.F.);
#9180 = EDGE_CURVE('',#8728,#8297,#9181,.T.);
#9181 = LINE('',#9182,#9183);
#9182 = CARTESIAN_POINT('',(22.74,1.45,-0.1));
#9183 = VECTOR('',#9184,1.);
#9184 = DIRECTION('',(0.,0.,1.));
#9185 = ORIENTED_EDGE('',*,*,#8727,.T.);
#9186 = ORIENTED_EDGE('',*,*,#9180,.T.);
#9187 = CYLINDRICAL_SURFACE('',#9188,0.5);
#9188 = AXIS2_PLACEMENT_3D('',#9189,#9190,#9191);
#9189 = CARTESIAN_POINT('',(22.24,1.45,-0.1));
#9190 = DIRECTION('',(0.,0.,1.));
#9191 = DIRECTION('',(1.,0.,0.));
#9192 = ADVANCED_FACE('',(#9193),#9204,.F.);
#9193 = FACE_BOUND('',#9194,.F.);
#9194 = EDGE_LOOP('',(#9195,#9196,#9202,#9203));
#9195 = ORIENTED_EDGE('',*,*,#8307,.F.);
#9196 = ORIENTED_EDGE('',*,*,#9197,.F.);
#9197 = EDGE_CURVE('',#8739,#8308,#9198,.T.);
#9198 = LINE('',#9199,#9200);
#9199 = CARTESIAN_POINT('',(25.28,1.45,-0.1));
#9200 = VECTOR('',#9201,1.);
#9201 = DIRECTION('',(0.,0.,1.));
#9202 = ORIENTED_EDGE('',*,*,#8738,.T.);
#9203 = ORIENTED_EDGE('',*,*,#9197,.T.);
#9204 = CYLINDRICAL_SURFACE('',#9205,0.5);
#9205 = AXIS2_PLACEMENT_3D('',#9206,#9207,#9208);
#9206 = CARTESIAN_POINT('',(24.78,1.45,-0.1));
#9207 = DIRECTION('',(0.,0.,1.));
#9208 = DIRECTION('',(1.,0.,0.));
#9209 = ADVANCED_FACE('',(#9210),#9221,.F.);
#9210 = FACE_BOUND('',#9211,.F.);
#9211 = EDGE_LOOP('',(#9212,#9213,#9219,#9220));
#9212 = ORIENTED_EDGE('',*,*,#8318,.F.);
#9213 = ORIENTED_EDGE('',*,*,#9214,.F.);
#9214 = EDGE_CURVE('',#8750,#8319,#9215,.T.);
#9215 = LINE('',#9216,#9217);
#9216 = CARTESIAN_POINT('',(27.82,1.45,-0.1));
#9217 = VECTOR('',#9218,1.);
#9218 = DIRECTION('',(0.,0.,1.));
#9219 = ORIENTED_EDGE('',*,*,#8749,.T.);
#9220 = ORIENTED_EDGE('',*,*,#9214,.T.);
#9221 = CYLINDRICAL_SURFACE('',#9222,0.5);
#9222 = AXIS2_PLACEMENT_3D('',#9223,#9224,#9225);
#9223 = CARTESIAN_POINT('',(27.32,1.45,-0.1));
#9224 = DIRECTION('',(0.,0.,1.));
#9225 = DIRECTION('',(1.,0.,0.));
#9226 = ADVANCED_FACE('',(#9227),#9238,.F.);
#9227 = FACE_BOUND('',#9228,.F.);
#9228 = EDGE_LOOP('',(#9229,#9230,#9236,#9237));
#9229 = ORIENTED_EDGE('',*,*,#8329,.F.);
#9230 = ORIENTED_EDGE('',*,*,#9231,.F.);
#9231 = EDGE_CURVE('',#8761,#8330,#9232,.T.);
#9232 = LINE('',#9233,#9234);
#9233 = CARTESIAN_POINT('',(30.36,1.45,-0.1));
#9234 = VECTOR('',#9235,1.);
#9235 = DIRECTION('',(0.,0.,1.));
#9236 = ORIENTED_EDGE('',*,*,#8760,.T.);
#9237 = ORIENTED_EDGE('',*,*,#9231,.T.);
#9238 = CYLINDRICAL_SURFACE('',#9239,0.5);
#9239 = AXIS2_PLACEMENT_3D('',#9240,#9241,#9242);
#9240 = CARTESIAN_POINT('',(29.86,1.45,-0.1));
#9241 = DIRECTION('',(0.,0.,1.));
#9242 = DIRECTION('',(1.,0.,0.));
#9243 = ADVANCED_FACE('',(#9244),#9255,.F.);
#9244 = FACE_BOUND('',#9245,.F.);
#9245 = EDGE_LOOP('',(#9246,#9247,#9253,#9254));
#9246 = ORIENTED_EDGE('',*,*,#8340,.F.);
#9247 = ORIENTED_EDGE('',*,*,#9248,.F.);
#9248 = EDGE_CURVE('',#8772,#8341,#9249,.T.);
#9249 = LINE('',#9250,#9251);
#9250 = CARTESIAN_POINT('',(32.9,1.45,-0.1));
#9251 = VECTOR('',#9252,1.);
#9252 = DIRECTION('',(0.,0.,1.));
#9253 = ORIENTED_EDGE('',*,*,#8771,.T.);
#9254 = ORIENTED_EDGE('',*,*,#9248,.T.);
#9255 = CYLINDRICAL_SURFACE('',#9256,0.5);
#9256 = AXIS2_PLACEMENT_3D('',#9257,#9258,#9259);
#9257 = CARTESIAN_POINT('',(32.4,1.45,-0.1));
#9258 = DIRECTION('',(0.,0.,1.));
#9259 = DIRECTION('',(1.,0.,0.));
#9260 = ADVANCED_FACE('',(#9261),#9272,.F.);
#9261 = FACE_BOUND('',#9262,.F.);
#9262 = EDGE_LOOP('',(#9263,#9264,#9270,#9271));
#9263 = ORIENTED_EDGE('',*,*,#8351,.F.);
#9264 = ORIENTED_EDGE('',*,*,#9265,.F.);
#9265 = EDGE_CURVE('',#8783,#8352,#9266,.T.);
#9266 = LINE('',#9267,#9268);
#9267 = CARTESIAN_POINT('',(35.44,1.45,-0.1));
#9268 = VECTOR('',#9269,1.);
#9269 = DIRECTION('',(0.,0.,1.));
#9270 = ORIENTED_EDGE('',*,*,#8782,.T.);
#9271 = ORIENTED_EDGE('',*,*,#9265,.T.);
#9272 = CYLINDRICAL_SURFACE('',#9273,0.5);
#9273 = AXIS2_PLACEMENT_3D('',#9274,#9275,#9276);
#9274 = CARTESIAN_POINT('',(34.94,1.45,-0.1));
#9275 = DIRECTION('',(0.,0.,1.));
#9276 = DIRECTION('',(1.,0.,0.));
#9277 = ADVANCED_FACE('',(#9278),#9289,.F.);
#9278 = FACE_BOUND('',#9279,.F.);
#9279 = EDGE_LOOP('',(#9280,#9281,#9287,#9288));
#9280 = ORIENTED_EDGE('',*,*,#8362,.F.);
#9281 = ORIENTED_EDGE('',*,*,#9282,.F.);
#9282 = EDGE_CURVE('',#8794,#8363,#9283,.T.);
#9283 = LINE('',#9284,#9285);
#9284 = CARTESIAN_POINT('',(37.98,1.45,-0.1));
#9285 = VECTOR('',#9286,1.);
#9286 = DIRECTION('',(0.,0.,1.));
#9287 = ORIENTED_EDGE('',*,*,#8793,.T.);
#9288 = ORIENTED_EDGE('',*,*,#9282,.T.);
#9289 = CYLINDRICAL_SURFACE('',#9290,0.5);
#9290 = AXIS2_PLACEMENT_3D('',#9291,#9292,#9293);
#9291 = CARTESIAN_POINT('',(37.48,1.45,-0.1));
#9292 = DIRECTION('',(0.,0.,1.));
#9293 = DIRECTION('',(1.,0.,0.));
#9294 = ADVANCED_FACE('',(#9295),#9306,.F.);
#9295 = FACE_BOUND('',#9296,.F.);
#9296 = EDGE_LOOP('',(#9297,#9298,#9304,#9305));
#9297 = ORIENTED_EDGE('',*,*,#8373,.F.);
#9298 = ORIENTED_EDGE('',*,*,#9299,.F.);
#9299 = EDGE_CURVE('',#8805,#8374,#9300,.T.);
#9300 = LINE('',#9301,#9302);
#9301 = CARTESIAN_POINT('',(40.52,1.45,-0.1));
#9302 = VECTOR('',#9303,1.);
#9303 = DIRECTION('',(0.,0.,1.));
#9304 = ORIENTED_EDGE('',*,*,#8804,.T.);
#9305 = ORIENTED_EDGE('',*,*,#9299,.T.);
#9306 = CYLINDRICAL_SURFACE('',#9307,0.5);
#9307 = AXIS2_PLACEMENT_3D('',#9308,#9309,#9310);
#9308 = CARTESIAN_POINT('',(40.02,1.45,-0.1));
#9309 = DIRECTION('',(0.,0.,1.));
#9310 = DIRECTION('',(1.,0.,0.));
#9311 = ADVANCED_FACE('',(#9312),#9323,.F.);
#9312 = FACE_BOUND('',#9313,.F.);
#9313 = EDGE_LOOP('',(#9314,#9315,#9321,#9322));
#9314 = ORIENTED_EDGE('',*,*,#8384,.F.);
#9315 = ORIENTED_EDGE('',*,*,#9316,.F.);
#9316 = EDGE_CURVE('',#8816,#8385,#9317,.T.);
#9317 = LINE('',#9318,#9319);
#9318 = CARTESIAN_POINT('',(43.06,1.45,-0.1));
#9319 = VECTOR('',#9320,1.);
#9320 = DIRECTION('',(0.,0.,1.));
#9321 = ORIENTED_EDGE('',*,*,#8815,.T.);
#9322 = ORIENTED_EDGE('',*,*,#9316,.T.);
#9323 = CYLINDRICAL_SURFACE('',#9324,0.5);
#9324 = AXIS2_PLACEMENT_3D('',#9325,#9326,#9327);
#9325 = CARTESIAN_POINT('',(42.56,1.45,-0.1));
#9326 = DIRECTION('',(0.,0.,1.));
#9327 = DIRECTION('',(1.,0.,0.));
#9328 = ADVANCED_FACE('',(#9329),#9340,.F.);
#9329 = FACE_BOUND('',#9330,.F.);
#9330 = EDGE_LOOP('',(#9331,#9332,#9338,#9339));
#9331 = ORIENTED_EDGE('',*,*,#8395,.F.);
#9332 = ORIENTED_EDGE('',*,*,#9333,.F.);
#9333 = EDGE_CURVE('',#8827,#8396,#9334,.T.);
#9334 = LINE('',#9335,#9336);
#9335 = CARTESIAN_POINT('',(7.5,26.85,-0.1));
#9336 = VECTOR('',#9337,1.);
#9337 = DIRECTION('',(0.,0.,1.));
#9338 = ORIENTED_EDGE('',*,*,#8826,.T.);
#9339 = ORIENTED_EDGE('',*,*,#9333,.T.);
#9340 = CYLINDRICAL_SURFACE('',#9341,0.5);
#9341 = AXIS2_PLACEMENT_3D('',#9342,#9343,#9344);
#9342 = CARTESIAN_POINT('',(7.,26.85,-0.1));
#9343 = DIRECTION('',(0.,0.,1.));
#9344 = DIRECTION('',(1.,0.,0.));
#9345 = ADVANCED_FACE('',(#9346),#9357,.F.);
#9346 = FACE_BOUND('',#9347,.F.);
#9347 = EDGE_LOOP('',(#9348,#9349,#9355,#9356));
#9348 = ORIENTED_EDGE('',*,*,#8406,.F.);
#9349 = ORIENTED_EDGE('',*,*,#9350,.F.);
#9350 = EDGE_CURVE('',#8838,#8407,#9351,.T.);
#9351 = LINE('',#9352,#9353);
#9352 = CARTESIAN_POINT('',(10.04,26.85,-0.1));
#9353 = VECTOR('',#9354,1.);
#9354 = DIRECTION('',(0.,0.,1.));
#9355 = ORIENTED_EDGE('',*,*,#8837,.T.);
#9356 = ORIENTED_EDGE('',*,*,#9350,.T.);
#9357 = CYLINDRICAL_SURFACE('',#9358,0.5);
#9358 = AXIS2_PLACEMENT_3D('',#9359,#9360,#9361);
#9359 = CARTESIAN_POINT('',(9.54,26.85,-0.1));
#9360 = DIRECTION('',(0.,0.,1.));
#9361 = DIRECTION('',(1.,0.,0.));
#9362 = ADVANCED_FACE('',(#9363),#9374,.F.);
#9363 = FACE_BOUND('',#9364,.F.);
#9364 = EDGE_LOOP('',(#9365,#9366,#9372,#9373));
#9365 = ORIENTED_EDGE('',*,*,#8417,.F.);
#9366 = ORIENTED_EDGE('',*,*,#9367,.F.);
#9367 = EDGE_CURVE('',#8849,#8418,#9368,.T.);
#9368 = LINE('',#9369,#9370);
#9369 = CARTESIAN_POINT('',(12.58,26.85,-0.1));
#9370 = VECTOR('',#9371,1.);
#9371 = DIRECTION('',(0.,0.,1.));
#9372 = ORIENTED_EDGE('',*,*,#8848,.T.);
#9373 = ORIENTED_EDGE('',*,*,#9367,.T.);
#9374 = CYLINDRICAL_SURFACE('',#9375,0.5);
#9375 = AXIS2_PLACEMENT_3D('',#9376,#9377,#9378);
#9376 = CARTESIAN_POINT('',(12.08,26.85,-0.1));
#9377 = DIRECTION('',(0.,0.,1.));
#9378 = DIRECTION('',(1.,0.,0.));
#9379 = ADVANCED_FACE('',(#9380),#9391,.F.);
#9380 = FACE_BOUND('',#9381,.F.);
#9381 = EDGE_LOOP('',(#9382,#9383,#9389,#9390));
#9382 = ORIENTED_EDGE('',*,*,#8428,.F.);
#9383 = ORIENTED_EDGE('',*,*,#9384,.F.);
#9384 = EDGE_CURVE('',#8860,#8429,#9385,.T.);
#9385 = LINE('',#9386,#9387);
#9386 = CARTESIAN_POINT('',(15.12,26.85,-0.1));
#9387 = VECTOR('',#9388,1.);
#9388 = DIRECTION('',(0.,0.,1.));
#9389 = ORIENTED_EDGE('',*,*,#8859,.T.);
#9390 = ORIENTED_EDGE('',*,*,#9384,.T.);
#9391 = CYLINDRICAL_SURFACE('',#9392,0.5);
#9392 = AXIS2_PLACEMENT_3D('',#9393,#9394,#9395);
#9393 = CARTESIAN_POINT('',(14.62,26.85,-0.1));
#9394 = DIRECTION('',(0.,0.,1.));
#9395 = DIRECTION('',(1.,0.,0.));
#9396 = ADVANCED_FACE('',(#9397),#9408,.F.);
#9397 = FACE_BOUND('',#9398,.F.);
#9398 = EDGE_LOOP('',(#9399,#9400,#9406,#9407));
#9399 = ORIENTED_EDGE('',*,*,#8439,.F.);
#9400 = ORIENTED_EDGE('',*,*,#9401,.F.);
#9401 = EDGE_CURVE('',#8871,#8440,#9402,.T.);
#9402 = LINE('',#9403,#9404);
#9403 = CARTESIAN_POINT('',(17.66,26.85,-0.1));
#9404 = VECTOR('',#9405,1.);
#9405 = DIRECTION('',(0.,0.,1.));
#9406 = ORIENTED_EDGE('',*,*,#8870,.T.);
#9407 = ORIENTED_EDGE('',*,*,#9401,.T.);
#9408 = CYLINDRICAL_SURFACE('',#9409,0.5);
#9409 = AXIS2_PLACEMENT_3D('',#9410,#9411,#9412);
#9410 = CARTESIAN_POINT('',(17.16,26.85,-0.1));
#9411 = DIRECTION('',(0.,0.,1.));
#9412 = DIRECTION('',(1.,0.,0.));
#9413 = ADVANCED_FACE('',(#9414),#9425,.F.);
#9414 = FACE_BOUND('',#9415,.F.);
#9415 = EDGE_LOOP('',(#9416,#9417,#9423,#9424));
#9416 = ORIENTED_EDGE('',*,*,#8450,.F.);
#9417 = ORIENTED_EDGE('',*,*,#9418,.F.);
#9418 = EDGE_CURVE('',#8882,#8451,#9419,.T.);
#9419 = LINE('',#9420,#9421);
#9420 = CARTESIAN_POINT('',(20.2,26.85,-0.1));
#9421 = VECTOR('',#9422,1.);
#9422 = DIRECTION('',(0.,0.,1.));
#9423 = ORIENTED_EDGE('',*,*,#8881,.T.);
#9424 = ORIENTED_EDGE('',*,*,#9418,.T.);
#9425 = CYLINDRICAL_SURFACE('',#9426,0.5);
#9426 = AXIS2_PLACEMENT_3D('',#9427,#9428,#9429);
#9427 = CARTESIAN_POINT('',(19.7,26.85,-0.1));
#9428 = DIRECTION('',(0.,0.,1.));
#9429 = DIRECTION('',(1.,0.,0.));
#9430 = ADVANCED_FACE('',(#9431),#9442,.F.);
#9431 = FACE_BOUND('',#9432,.F.);
#9432 = EDGE_LOOP('',(#9433,#9434,#9440,#9441));
#9433 = ORIENTED_EDGE('',*,*,#8461,.F.);
#9434 = ORIENTED_EDGE('',*,*,#9435,.F.);
#9435 = EDGE_CURVE('',#8893,#8462,#9436,.T.);
#9436 = LINE('',#9437,#9438);
#9437 = CARTESIAN_POINT('',(22.74,26.85,-0.1));
#9438 = VECTOR('',#9439,1.);
#9439 = DIRECTION('',(0.,0.,1.));
#9440 = ORIENTED_EDGE('',*,*,#8892,.T.);
#9441 = ORIENTED_EDGE('',*,*,#9435,.T.);
#9442 = CYLINDRICAL_SURFACE('',#9443,0.5);
#9443 = AXIS2_PLACEMENT_3D('',#9444,#9445,#9446);
#9444 = CARTESIAN_POINT('',(22.24,26.85,-0.1));
#9445 = DIRECTION('',(0.,0.,1.));
#9446 = DIRECTION('',(1.,0.,0.));
#9447 = ADVANCED_FACE('',(#9448),#9459,.F.);
#9448 = FACE_BOUND('',#9449,.F.);
#9449 = EDGE_LOOP('',(#9450,#9451,#9457,#9458));
#9450 = ORIENTED_EDGE('',*,*,#8472,.F.);
#9451 = ORIENTED_EDGE('',*,*,#9452,.F.);
#9452 = EDGE_CURVE('',#8904,#8473,#9453,.T.);
#9453 = LINE('',#9454,#9455);
#9454 = CARTESIAN_POINT('',(25.28,26.85,-0.1));
#9455 = VECTOR('',#9456,1.);
#9456 = DIRECTION('',(0.,0.,1.));
#9457 = ORIENTED_EDGE('',*,*,#8903,.T.);
#9458 = ORIENTED_EDGE('',*,*,#9452,.T.);
#9459 = CYLINDRICAL_SURFACE('',#9460,0.5);
#9460 = AXIS2_PLACEMENT_3D('',#9461,#9462,#9463);
#9461 = CARTESIAN_POINT('',(24.78,26.85,-0.1));
#9462 = DIRECTION('',(0.,0.,1.));
#9463 = DIRECTION('',(1.,0.,0.));
#9464 = ADVANCED_FACE('',(#9465),#9476,.F.);
#9465 = FACE_BOUND('',#9466,.F.);
#9466 = EDGE_LOOP('',(#9467,#9468,#9474,#9475));
#9467 = ORIENTED_EDGE('',*,*,#8483,.F.);
#9468 = ORIENTED_EDGE('',*,*,#9469,.F.);
#9469 = EDGE_CURVE('',#8915,#8484,#9470,.T.);
#9470 = LINE('',#9471,#9472);
#9471 = CARTESIAN_POINT('',(27.82,26.85,-0.1));
#9472 = VECTOR('',#9473,1.);
#9473 = DIRECTION('',(0.,0.,1.));
#9474 = ORIENTED_EDGE('',*,*,#8914,.T.);
#9475 = ORIENTED_EDGE('',*,*,#9469,.T.);
#9476 = CYLINDRICAL_SURFACE('',#9477,0.5);
#9477 = AXIS2_PLACEMENT_3D('',#9478,#9479,#9480);
#9478 = CARTESIAN_POINT('',(27.32,26.85,-0.1));
#9479 = DIRECTION('',(0.,0.,1.));
#9480 = DIRECTION('',(1.,0.,0.));
#9481 = ADVANCED_FACE('',(#9482),#9493,.F.);
#9482 = FACE_BOUND('',#9483,.F.);
#9483 = EDGE_LOOP('',(#9484,#9485,#9491,#9492));
#9484 = ORIENTED_EDGE('',*,*,#8494,.F.);
#9485 = ORIENTED_EDGE('',*,*,#9486,.F.);
#9486 = EDGE_CURVE('',#8926,#8495,#9487,.T.);
#9487 = LINE('',#9488,#9489);
#9488 = CARTESIAN_POINT('',(30.36,26.85,-0.1));
#9489 = VECTOR('',#9490,1.);
#9490 = DIRECTION('',(0.,0.,1.));
#9491 = ORIENTED_EDGE('',*,*,#8925,.T.);
#9492 = ORIENTED_EDGE('',*,*,#9486,.T.);
#9493 = CYLINDRICAL_SURFACE('',#9494,0.5);
#9494 = AXIS2_PLACEMENT_3D('',#9495,#9496,#9497);
#9495 = CARTESIAN_POINT('',(29.86,26.85,-0.1));
#9496 = DIRECTION('',(0.,0.,1.));
#9497 = DIRECTION('',(1.,0.,0.));
#9498 = ADVANCED_FACE('',(#9499),#9510,.F.);
#9499 = FACE_BOUND('',#9500,.F.);
#9500 = EDGE_LOOP('',(#9501,#9502,#9508,#9509));
#9501 = ORIENTED_EDGE('',*,*,#8505,.F.);
#9502 = ORIENTED_EDGE('',*,*,#9503,.F.);
#9503 = EDGE_CURVE('',#8937,#8506,#9504,.T.);
#9504 = LINE('',#9505,#9506);
#9505 = CARTESIAN_POINT('',(32.9,26.85,-0.1));
#9506 = VECTOR('',#9507,1.);
#9507 = DIRECTION('',(0.,0.,1.));
#9508 = ORIENTED_EDGE('',*,*,#8936,.T.);
#9509 = ORIENTED_EDGE('',*,*,#9503,.T.);
#9510 = CYLINDRICAL_SURFACE('',#9511,0.5);
#9511 = AXIS2_PLACEMENT_3D('',#9512,#9513,#9514);
#9512 = CARTESIAN_POINT('',(32.4,26.85,-0.1));
#9513 = DIRECTION('',(0.,0.,1.));
#9514 = DIRECTION('',(1.,0.,0.));
#9515 = ADVANCED_FACE('',(#9516),#9527,.F.);
#9516 = FACE_BOUND('',#9517,.F.);
#9517 = EDGE_LOOP('',(#9518,#9519,#9525,#9526));
#9518 = ORIENTED_EDGE('',*,*,#8516,.F.);
#9519 = ORIENTED_EDGE('',*,*,#9520,.F.);
#9520 = EDGE_CURVE('',#8948,#8517,#9521,.T.);
#9521 = LINE('',#9522,#9523);
#9522 = CARTESIAN_POINT('',(35.44,26.85,-0.1));
#9523 = VECTOR('',#9524,1.);
#9524 = DIRECTION('',(0.,0.,1.));
#9525 = ORIENTED_EDGE('',*,*,#8947,.T.);
#9526 = ORIENTED_EDGE('',*,*,#9520,.T.);
#9527 = CYLINDRICAL_SURFACE('',#9528,0.5);
#9528 = AXIS2_PLACEMENT_3D('',#9529,#9530,#9531);
#9529 = CARTESIAN_POINT('',(34.94,26.85,-0.1));
#9530 = DIRECTION('',(0.,0.,1.));
#9531 = DIRECTION('',(1.,0.,0.));
#9532 = ADVANCED_FACE('',(#9533),#9544,.F.);
#9533 = FACE_BOUND('',#9534,.F.);
#9534 = EDGE_LOOP('',(#9535,#9536,#9542,#9543));
#9535 = ORIENTED_EDGE('',*,*,#8527,.F.);
#9536 = ORIENTED_EDGE('',*,*,#9537,.F.);
#9537 = EDGE_CURVE('',#8959,#8528,#9538,.T.);
#9538 = LINE('',#9539,#9540);
#9539 = CARTESIAN_POINT('',(37.98,26.85,-0.1));
#9540 = VECTOR('',#9541,1.);
#9541 = DIRECTION('',(0.,0.,1.));
#9542 = ORIENTED_EDGE('',*,*,#8958,.T.);
#9543 = ORIENTED_EDGE('',*,*,#9537,.T.);
#9544 = CYLINDRICAL_SURFACE('',#9545,0.5);
#9545 = AXIS2_PLACEMENT_3D('',#9546,#9547,#9548);
#9546 = CARTESIAN_POINT('',(37.48,26.85,-0.1));
#9547 = DIRECTION('',(0.,0.,1.));
#9548 = DIRECTION('',(1.,0.,0.));
#9549 = ADVANCED_FACE('',(#9550),#9561,.F.);
#9550 = FACE_BOUND('',#9551,.F.);
#9551 = EDGE_LOOP('',(#9552,#9553,#9559,#9560));
#9552 = ORIENTED_EDGE('',*,*,#8538,.F.);
#9553 = ORIENTED_EDGE('',*,*,#9554,.F.);
#9554 = EDGE_CURVE('',#8970,#8539,#9555,.T.);
#9555 = LINE('',#9556,#9557);
#9556 = CARTESIAN_POINT('',(40.52,26.85,-0.1));
#9557 = VECTOR('',#9558,1.);
#9558 = DIRECTION('',(0.,0.,1.));
#9559 = ORIENTED_EDGE('',*,*,#8969,.T.);
#9560 = ORIENTED_EDGE('',*,*,#9554,.T.);
#9561 = CYLINDRICAL_SURFACE('',#9562,0.5);
#9562 = AXIS2_PLACEMENT_3D('',#9563,#9564,#9565);
#9563 = CARTESIAN_POINT('',(40.02,26.85,-0.1));
#9564 = DIRECTION('',(0.,0.,1.));
#9565 = DIRECTION('',(1.,0.,0.));
#9566 = ADVANCED_FACE('',(#9567),#9578,.F.);
#9567 = FACE_BOUND('',#9568,.F.);
#9568 = EDGE_LOOP('',(#9569,#9570,#9576,#9577));
#9569 = ORIENTED_EDGE('',*,*,#8549,.F.);
#9570 = ORIENTED_EDGE('',*,*,#9571,.F.);
#9571 = EDGE_CURVE('',#8981,#8550,#9572,.T.);
#9572 = LINE('',#9573,#9574);
#9573 = CARTESIAN_POINT('',(43.06,26.85,-0.1));
#9574 = VECTOR('',#9575,1.);
#9575 = DIRECTION('',(0.,0.,1.));
#9576 = ORIENTED_EDGE('',*,*,#8980,.T.);
#9577 = ORIENTED_EDGE('',*,*,#9571,.T.);
#9578 = CYLINDRICAL_SURFACE('',#9579,0.5);
#9579 = AXIS2_PLACEMENT_3D('',#9580,#9581,#9582);
#9580 = CARTESIAN_POINT('',(42.56,26.85,-0.1));
#9581 = DIRECTION('',(0.,0.,1.));
#9582 = DIRECTION('',(1.,0.,0.));
#9583 = ( GEOMETRIC_REPRESENTATION_CONTEXT(3) 
GLOBAL_UNCERTAINTY_ASSIGNED_CONTEXT((#9587)) 
GLOBAL_UNIT_ASSIGNED_CONTEXT((#9584,#9585,#9586)) REPRESENTATION_CONTEXT
('Context #1','3D Context with UNIT and UNCERTAINTY') );
#9584 = ( LENGTH_UNIT() NAMED_UNIT(*) SI_UNIT(.MILLI.,.METRE.) );
#9585 = ( NAMED_UNIT(*) PLANE_ANGLE_UNIT() SI_UNIT($,.RADIAN.) );
#9586 = ( NAMED_UNIT(*) SI_UNIT($,.STERADIAN.) SOLID_ANGLE_UNIT() );
#9587 = UNCERTAINTY_MEASURE_WITH_UNIT(LENGTH_MEASURE(1.E-07),#9584,
  'distance_accuracy_value','confusion accuracy');
#9588 = CONTEXT_DEPENDENT_SHAPE_REPRESENTATION(#9589,#9591);
#9589 = ( REPRESENTATION_RELATIONSHIP('','',#8122,#10) 
REPRESENTATION_RELATIONSHIP_WITH_TRANSFORMATION(#9590) 
SHAPE_REPRESENTATION_RELATIONSHIP() );
#9590 = ITEM_DEFINED_TRANSFORMATION('','',#11,#175);
#9591 = PRODUCT_DEFINITION_SHAPE('Placement','Placement of an item',
  #9592);
#9592 = NEXT_ASSEMBLY_USAGE_OCCURRENCE('41','Fillet','',#5,#8117,$);
#9593 = PRODUCT_RELATED_PRODUCT_CATEGORY('part',$,(#8119));
#9594 = MECHANICAL_DESIGN_GEOMETRIC_PRESENTATION_REPRESENTATION('',(
    #9595),#2358);
#9595 = STYLED_ITEM('color',(#9596),#2208);
#9596 = PRESENTATION_STYLE_ASSIGNMENT((#9597,#9603));
#9597 = SURFACE_STYLE_USAGE(.BOTH.,#9598);
#9598 = SURFACE_SIDE_STYLE('',(#9599));
#9599 = SURFACE_STYLE_FILL_AREA(#9600);
#9600 = FILL_AREA_STYLE('',(#9601));
#9601 = FILL_AREA_STYLE_COLOUR('',#9602);
#9602 = COLOUR_RGB('',0.447058818107,0.474509808674,0.501960817233);
#9603 = CURVE_STYLE('',#9604,POSITIVE_LENGTH_MEASURE(0.1),#9605);
#9604 = DRAUGHTING_PRE_DEFINED_CURVE_FONT('continuous');
#9605 = COLOUR_RGB('',9.803921802644E-02,9.803921802644E-02,
  9.803921802644E-02);
#9606 = MECHANICAL_DESIGN_GEOMETRIC_PRESENTATION_REPRESENTATION('',(
    #9607),#7935);
#9607 = STYLED_ITEM('color',(#9608),#7785);
#9608 = PRESENTATION_STYLE_ASSIGNMENT((#9609,#9614));
#9609 = SURFACE_STYLE_USAGE(.BOTH.,#9610);
#9610 = SURFACE_SIDE_STYLE('',(#9611));
#9611 = SURFACE_STYLE_FILL_AREA(#9612);
#9612 = FILL_AREA_STYLE('',(#9613));
#9613 = FILL_AREA_STYLE_COLOUR('',#9602);
#9614 = CURVE_STYLE('',#9615,POSITIVE_LENGTH_MEASURE(0.1),#9605);
#9615 = DRAUGHTING_PRE_DEFINED_CURVE_FONT('continuous');
#9616 = MECHANICAL_DESIGN_GEOMETRIC_PRESENTATION_REPRESENTATION('',(
    #9617),#7766);
#9617 = STYLED_ITEM('color',(#9618),#7616);
#9618 = PRESENTATION_STYLE_ASSIGNMENT((#9619,#9624));
#9619 = SURFACE_STYLE_USAGE(.BOTH.,#9620);
#9620 = SURFACE_SIDE_STYLE('',(#9621));
#9621 = SURFACE_STYLE_FILL_AREA(#9622);
#9622 = FILL_AREA_STYLE('',(#9623));
#9623 = FILL_AREA_STYLE_COLOUR('',#9602);
#9624 = CURVE_STYLE('',#9625,POSITIVE_LENGTH_MEASURE(0.1),#9605);
#9625 = DRAUGHTING_PRE_DEFINED_CURVE_FONT('continuous');
#9626 = MECHANICAL_DESIGN_GEOMETRIC_PRESENTATION_REPRESENTATION('',(
    #9627),#6245);
#9627 = STYLED_ITEM('color',(#9628),#6095);
#9628 = PRESENTATION_STYLE_ASSIGNMENT((#9629,#9634));
#9629 = SURFACE_STYLE_USAGE(.BOTH.,#9630);
#9630 = SURFACE_SIDE_STYLE('',(#9631));
#9631 = SURFACE_STYLE_FILL_AREA(#9632);
#9632 = FILL_AREA_STYLE('',(#9633));
#9633 = FILL_AREA_STYLE_COLOUR('',#9602);
#9634 = CURVE_STYLE('',#9635,POSITIVE_LENGTH_MEASURE(0.1),#9605);
#9635 = DRAUGHTING_PRE_DEFINED_CURVE_FONT('continuous');
#9636 = MECHANICAL_DESIGN_GEOMETRIC_PRESENTATION_REPRESENTATION('',(
    #9637),#9583);
#9637 = STYLED_ITEM('color',(#9638),#8123);
#9638 = PRESENTATION_STYLE_ASSIGNMENT((#9639,#9645));
#9639 = SURFACE_STYLE_USAGE(.BOTH.,#9640);
#9640 = SURFACE_SIDE_STYLE('',(#9641));
#9641 = SURFACE_STYLE_FILL_AREA(#9642);
#9642 = FILL_AREA_STYLE('',(#9643));
#9643 = FILL_AREA_STYLE_COLOUR('',#9644);
#9644 = COLOUR_RGB('',3.137254979461E-02,0.227450982423,
  9.411764799993E-02);
#9645 = CURVE_STYLE('',#9646,POSITIVE_LENGTH_MEASURE(0.1),#9605);
#9646 = DRAUGHTING_PRE_DEFINED_CURVE_FONT('continuous');
#9647 = MECHANICAL_DESIGN_GEOMETRIC_PRESENTATION_REPRESENTATION('',(
    #9648),#3710);
#9648 = STYLED_ITEM('color',(#9649),#3560);
#9649 = PRESENTATION_STYLE_ASSIGNMENT((#9650,#9655));
#9650 = SURFACE_STYLE_USAGE(.BOTH.,#9651);
#9651 = SURFACE_SIDE_STYLE('',(#9652));
#9652 = SURFACE_STYLE_FILL_AREA(#9653);
#9653 = FILL_AREA_STYLE('',(#9654));
#9654 = FILL_AREA_STYLE_COLOUR('',#9602);
#9655 = CURVE_STYLE('',#9656,POSITIVE_LENGTH_MEASURE(0.1),#9605);
#9656 = DRAUGHTING_PRE_DEFINED_CURVE_FONT('continuous');
#9657 = MECHANICAL_DESIGN_GEOMETRIC_PRESENTATION_REPRESENTATION('',(
    #9658),#2189);
#9658 = STYLED_ITEM('color',(#9659),#2039);
#9659 = PRESENTATION_STYLE_ASSIGNMENT((#9660,#9665));
#9660 = SURFACE_STYLE_USAGE(.BOTH.,#9661);
#9661 = SURFACE_SIDE_STYLE('',(#9662));
#9662 = SURFACE_STYLE_FILL_AREA(#9663);
#9663 = FILL_AREA_STYLE('',(#9664));
#9664 = FILL_AREA_STYLE_COLOUR('',#9602);
#9665 = CURVE_STYLE('',#9666,POSITIVE_LENGTH_MEASURE(0.1),#9605);
#9666 = DRAUGHTING_PRE_DEFINED_CURVE_FONT('continuous');
#9667 = MECHANICAL_DESIGN_GEOMETRIC_PRESENTATION_REPRESENTATION('',(
    #9668),#6752);
#9668 = STYLED_ITEM('color',(#9669),#6602);
#9669 = PRESENTATION_STYLE_ASSIGNMENT((#9670,#9675));
#9670 = SURFACE_STYLE_USAGE(.BOTH.,#9671);
#9671 = SURFACE_SIDE_STYLE('',(#9672));
#9672 = SURFACE_STYLE_FILL_AREA(#9673);
#9673 = FILL_AREA_STYLE('',(#9674));
#9674 = FILL_AREA_STYLE_COLOUR('',#9602);
#9675 = CURVE_STYLE('',#9676,POSITIVE_LENGTH_MEASURE(0.1),#9605);
#9676 = DRAUGHTING_PRE_DEFINED_CURVE_FONT('continuous');
#9677 = MECHANICAL_DESIGN_GEOMETRIC_PRESENTATION_REPRESENTATION('',(
    #9678),#6414);
#9678 = STYLED_ITEM('color',(#9679),#6264);
#9679 = PRESENTATION_STYLE_ASSIGNMENT((#9680,#9685));
#9680 = SURFACE_STYLE_USAGE(.BOTH.,#9681);
#9681 = SURFACE_SIDE_STYLE('',(#9682));
#9682 = SURFACE_STYLE_FILL_AREA(#9683);
#9683 = FILL_AREA_STYLE('',(#9684));
#9684 = FILL_AREA_STYLE_COLOUR('',#9602);
#9685 = CURVE_STYLE('',#9686,POSITIVE_LENGTH_MEASURE(0.1),#9605);
#9686 = DRAUGHTING_PRE_DEFINED_CURVE_FONT('continuous');
#9687 = MECHANICAL_DESIGN_GEOMETRIC_PRESENTATION_REPRESENTATION('',(
    #9688),#6583);
#9688 = STYLED_ITEM('color',(#9689),#6433);
#9689 = PRESENTATION_STYLE_ASSIGNMENT((#9690,#9695));
#9690 = SURFACE_STYLE_USAGE(.BOTH.,#9691);
#9691 = SURFACE_SIDE_STYLE('',(#9692));
#9692 = SURFACE_STYLE_FILL_AREA(#9693);
#9693 = FILL_AREA_STYLE('',(#9694));
#9694 = FILL_AREA_STYLE_COLOUR('',#9602);
#9695 = CURVE_STYLE('',#9696,POSITIVE_LENGTH_MEASURE(0.1),#9605);
#9696 = DRAUGHTING_PRE_DEFINED_CURVE_FONT('continuous');
#9697 = MECHANICAL_DESIGN_GEOMETRIC_PRESENTATION_REPRESENTATION('',(
    #9698),#5738);
#9698 = STYLED_ITEM('color',(#9699),#5588);
#9699 = PRESENTATION_STYLE_ASSIGNMENT((#9700,#9705));
#9700 = SURFACE_STYLE_USAGE(.BOTH.,#9701);
#9701 = SURFACE_SIDE_STYLE('',(#9702));
#9702 = SURFACE_STYLE_FILL_AREA(#9703);
#9703 = FILL_AREA_STYLE('',(#9704));
#9704 = FILL_AREA_STYLE_COLOUR('',#9602);
#9705 = CURVE_STYLE('',#9706,POSITIVE_LENGTH_MEASURE(0.1),#9605);
#9706 = DRAUGHTING_PRE_DEFINED_CURVE_FONT('continuous');
#9707 = MECHANICAL_DESIGN_GEOMETRIC_PRESENTATION_REPRESENTATION('',(
    #9708),#343);
#9708 = STYLED_ITEM('color',(#9709),#193);
#9709 = PRESENTATION_STYLE_ASSIGNMENT((#9710,#9715));
#9710 = SURFACE_STYLE_USAGE(.BOTH.,#9711);
#9711 = SURFACE_SIDE_STYLE('',(#9712));
#9712 = SURFACE_STYLE_FILL_AREA(#9713);
#9713 = FILL_AREA_STYLE('',(#9714));
#9714 = FILL_AREA_STYLE_COLOUR('',#9602);
#9715 = CURVE_STYLE('',#9716,POSITIVE_LENGTH_MEASURE(0.1),#9605);
#9716 = DRAUGHTING_PRE_DEFINED_CURVE_FONT('continuous');
#9717 = MECHANICAL_DESIGN_GEOMETRIC_PRESENTATION_REPRESENTATION('',(
    #9718),#4217);
#9718 = STYLED_ITEM('color',(#9719),#4067);
#9719 = PRESENTATION_STYLE_ASSIGNMENT((#9720,#9725));
#9720 = SURFACE_STYLE_USAGE(.BOTH.,#9721);
#9721 = SURFACE_SIDE_STYLE('',(#9722));
#9722 = SURFACE_STYLE_FILL_AREA(#9723);
#9723 = FILL_AREA_STYLE('',(#9724));
#9724 = FILL_AREA_STYLE_COLOUR('',#9602);
#9725 = CURVE_STYLE('',#9726,POSITIVE_LENGTH_MEASURE(0.1),#9605);
#9726 = DRAUGHTING_PRE_DEFINED_CURVE_FONT('continuous');
#9727 = MECHANICAL_DESIGN_GEOMETRIC_PRESENTATION_REPRESENTATION('',(
    #9728),#3879);
#9728 = STYLED_ITEM('color',(#9729),#3729);
#9729 = PRESENTATION_STYLE_ASSIGNMENT((#9730,#9735));
#9730 = SURFACE_STYLE_USAGE(.BOTH.,#9731);
#9731 = SURFACE_SIDE_STYLE('',(#9732));
#9732 = SURFACE_STYLE_FILL_AREA(#9733);
#9733 = FILL_AREA_STYLE('',(#9734));
#9734 = FILL_AREA_STYLE_COLOUR('',#9602);
#9735 = CURVE_STYLE('',#9736,POSITIVE_LENGTH_MEASURE(0.1),#9605);
#9736 = DRAUGHTING_PRE_DEFINED_CURVE_FONT('continuous');
#9737 = MECHANICAL_DESIGN_GEOMETRIC_PRESENTATION_REPRESENTATION('',(
    #9738),#6921);
#9738 = STYLED_ITEM('color',(#9739),#6771);
#9739 = PRESENTATION_STYLE_ASSIGNMENT((#9740,#9745));
#9740 = SURFACE_STYLE_USAGE(.BOTH.,#9741);
#9741 = SURFACE_SIDE_STYLE('',(#9742));
#9742 = SURFACE_STYLE_FILL_AREA(#9743);
#9743 = FILL_AREA_STYLE('',(#9744));
#9744 = FILL_AREA_STYLE_COLOUR('',#9602);
#9745 = CURVE_STYLE('',#9746,POSITIVE_LENGTH_MEASURE(0.1),#9605);
#9746 = DRAUGHTING_PRE_DEFINED_CURVE_FONT('continuous');
#9747 = MECHANICAL_DESIGN_GEOMETRIC_PRESENTATION_REPRESENTATION('',(
    #9748),#3034);
#9748 = STYLED_ITEM('color',(#9749),#2884);
#9749 = PRESENTATION_STYLE_ASSIGNMENT((#9750,#9755));
#9750 = SURFACE_STYLE_USAGE(.BOTH.,#9751);
#9751 = SURFACE_SIDE_STYLE('',(#9752));
#9752 = SURFACE_STYLE_FILL_AREA(#9753);
#9753 = FILL_AREA_STYLE('',(#9754));
#9754 = FILL_AREA_STYLE_COLOUR('',#9602);
#9755 = CURVE_STYLE('',#9756,POSITIVE_LENGTH_MEASURE(0.1),#9605);
#9756 = DRAUGHTING_PRE_DEFINED_CURVE_FONT('continuous');
#9757 = MECHANICAL_DESIGN_GEOMETRIC_PRESENTATION_REPRESENTATION('',(
    #9758),#5062);
#9758 = STYLED_ITEM('color',(#9759),#4912);
#9759 = PRESENTATION_STYLE_ASSIGNMENT((#9760,#9765));
#9760 = SURFACE_STYLE_USAGE(.BOTH.,#9761);
#9761 = SURFACE_SIDE_STYLE('',(#9762));
#9762 = SURFACE_STYLE_FILL_AREA(#9763);
#9763 = FILL_AREA_STYLE('',(#9764));
#9764 = FILL_AREA_STYLE_COLOUR('',#9602);
#9765 = CURVE_STYLE('',#9766,POSITIVE_LENGTH_MEASURE(0.1),#9605);
#9766 = DRAUGHTING_PRE_DEFINED_CURVE_FONT('continuous');
#9767 = MECHANICAL_DESIGN_GEOMETRIC_PRESENTATION_REPRESENTATION('',(
    #9768),#4724);
#9768 = STYLED_ITEM('color',(#9769),#4574);
#9769 = PRESENTATION_STYLE_ASSIGNMENT((#9770,#9775));
#9770 = SURFACE_STYLE_USAGE(.BOTH.,#9771);
#9771 = SURFACE_SIDE_STYLE('',(#9772));
#9772 = SURFACE_STYLE_FILL_AREA(#9773);
#9773 = FILL_AREA_STYLE('',(#9774));
#9774 = FILL_AREA_STYLE_COLOUR('',#9602);
#9775 = CURVE_STYLE('',#9776,POSITIVE_LENGTH_MEASURE(0.1),#9605);
#9776 = DRAUGHTING_PRE_DEFINED_CURVE_FONT('continuous');
#9777 = MECHANICAL_DESIGN_GEOMETRIC_PRESENTATION_REPRESENTATION('',(
    #9778),#2696);
#9778 = STYLED_ITEM('color',(#9779),#2546);
#9779 = PRESENTATION_STYLE_ASSIGNMENT((#9780,#9785));
#9780 = SURFACE_STYLE_USAGE(.BOTH.,#9781);
#9781 = SURFACE_SIDE_STYLE('',(#9782));
#9782 = SURFACE_STYLE_FILL_AREA(#9783);
#9783 = FILL_AREA_STYLE('',(#9784));
#9784 = FILL_AREA_STYLE_COLOUR('',#9602);
#9785 = CURVE_STYLE('',#9786,POSITIVE_LENGTH_MEASURE(0.1),#9605);
#9786 = DRAUGHTING_PRE_DEFINED_CURVE_FONT('continuous');
#9787 = MECHANICAL_DESIGN_GEOMETRIC_PRESENTATION_REPRESENTATION('',(
    #9788),#3203);
#9788 = STYLED_ITEM('color',(#9789),#3053);
#9789 = PRESENTATION_STYLE_ASSIGNMENT((#9790,#9795));
#9790 = SURFACE_STYLE_USAGE(.BOTH.,#9791);
#9791 = SURFACE_SIDE_STYLE('',(#9792));
#9792 = SURFACE_STYLE_FILL_AREA(#9793);
#9793 = FILL_AREA_STYLE('',(#9794));
#9794 = FILL_AREA_STYLE_COLOUR('',#9602);
#9795 = CURVE_STYLE('',#9796,POSITIVE_LENGTH_MEASURE(0.1),#9605);
#9796 = DRAUGHTING_PRE_DEFINED_CURVE_FONT('continuous');
#9797 = MECHANICAL_DESIGN_GEOMETRIC_PRESENTATION_REPRESENTATION('',(
    #9798),#5231);
#9798 = STYLED_ITEM('color',(#9799),#5081);
#9799 = PRESENTATION_STYLE_ASSIGNMENT((#9800,#9805));
#9800 = SURFACE_STYLE_USAGE(.BOTH.,#9801);
#9801 = SURFACE_SIDE_STYLE('',(#9802));
#9802 = SURFACE_STYLE_FILL_AREA(#9803);
#9803 = FILL_AREA_STYLE('',(#9804));
#9804 = FILL_AREA_STYLE_COLOUR('',#9602);
#9805 = CURVE_STYLE('',#9806,POSITIVE_LENGTH_MEASURE(0.1),#9605);
#9806 = DRAUGHTING_PRE_DEFINED_CURVE_FONT('continuous');
#9807 = MECHANICAL_DESIGN_GEOMETRIC_PRESENTATION_REPRESENTATION('',(
    #9808),#5569);
#9808 = STYLED_ITEM('color',(#9809),#5419);
#9809 = PRESENTATION_STYLE_ASSIGNMENT((#9810,#9815));
#9810 = SURFACE_STYLE_USAGE(.BOTH.,#9811);
#9811 = SURFACE_SIDE_STYLE('',(#9812));
#9812 = SURFACE_STYLE_FILL_AREA(#9813);
#9813 = FILL_AREA_STYLE('',(#9814));
#9814 = FILL_AREA_STYLE_COLOUR('',#9602);
#9815 = CURVE_STYLE('',#9816,POSITIVE_LENGTH_MEASURE(0.1),#9605);
#9816 = DRAUGHTING_PRE_DEFINED_CURVE_FONT('continuous');
#9817 = MECHANICAL_DESIGN_GEOMETRIC_PRESENTATION_REPRESENTATION('',(
    #9818),#7259);
#9818 = STYLED_ITEM('color',(#9819),#7109);
#9819 = PRESENTATION_STYLE_ASSIGNMENT((#9820,#9825));
#9820 = SURFACE_STYLE_USAGE(.BOTH.,#9821);
#9821 = SURFACE_SIDE_STYLE('',(#9822));
#9822 = SURFACE_STYLE_FILL_AREA(#9823);
#9823 = FILL_AREA_STYLE('',(#9824));
#9824 = FILL_AREA_STYLE_COLOUR('',#9602);
#9825 = CURVE_STYLE('',#9826,POSITIVE_LENGTH_MEASURE(0.1),#9605);
#9826 = DRAUGHTING_PRE_DEFINED_CURVE_FONT('continuous');
#9827 = MECHANICAL_DESIGN_GEOMETRIC_PRESENTATION_REPRESENTATION('',(
    #9828),#3541);
#9828 = STYLED_ITEM('color',(#9829),#3391);
#9829 = PRESENTATION_STYLE_ASSIGNMENT((#9830,#9835));
#9830 = SURFACE_STYLE_USAGE(.BOTH.,#9831);
#9831 = SURFACE_SIDE_STYLE('',(#9832));
#9832 = SURFACE_STYLE_FILL_AREA(#9833);
#9833 = FILL_AREA_STYLE('',(#9834));
#9834 = FILL_AREA_STYLE_COLOUR('',#9602);
#9835 = CURVE_STYLE('',#9836,POSITIVE_LENGTH_MEASURE(0.1),#9605);
#9836 = DRAUGHTING_PRE_DEFINED_CURVE_FONT('continuous');
#9837 = MECHANICAL_DESIGN_GEOMETRIC_PRESENTATION_REPRESENTATION('',(
    #9838),#1851);
#9838 = STYLED_ITEM('color',(#9839),#1701);
#9839 = PRESENTATION_STYLE_ASSIGNMENT((#9840,#9845));
#9840 = SURFACE_STYLE_USAGE(.BOTH.,#9841);
#9841 = SURFACE_SIDE_STYLE('',(#9842));
#9842 = SURFACE_STYLE_FILL_AREA(#9843);
#9843 = FILL_AREA_STYLE('',(#9844));
#9844 = FILL_AREA_STYLE_COLOUR('',#9602);
#9845 = CURVE_STYLE('',#9846,POSITIVE_LENGTH_MEASURE(0.1),#9605);
#9846 = DRAUGHTING_PRE_DEFINED_CURVE_FONT('continuous');
#9847 = MECHANICAL_DESIGN_GEOMETRIC_PRESENTATION_REPRESENTATION('',(
    #9848),#4048);
#9848 = STYLED_ITEM('color',(#9849),#3898);
#9849 = PRESENTATION_STYLE_ASSIGNMENT((#9850,#9855));
#9850 = SURFACE_STYLE_USAGE(.BOTH.,#9851);
#9851 = SURFACE_SIDE_STYLE('',(#9852));
#9852 = SURFACE_STYLE_FILL_AREA(#9853);
#9853 = FILL_AREA_STYLE('',(#9854));
#9854 = FILL_AREA_STYLE_COLOUR('',#9602);
#9855 = CURVE_STYLE('',#9856,POSITIVE_LENGTH_MEASURE(0.1),#9605);
#9856 = DRAUGHTING_PRE_DEFINED_CURVE_FONT('continuous');
#9857 = MECHANICAL_DESIGN_GEOMETRIC_PRESENTATION_REPRESENTATION('',(
    #9858),#2865);
#9858 = STYLED_ITEM('color',(#9859),#2715);
#9859 = PRESENTATION_STYLE_ASSIGNMENT((#9860,#9865));
#9860 = SURFACE_STYLE_USAGE(.BOTH.,#9861);
#9861 = SURFACE_SIDE_STYLE('',(#9862));
#9862 = SURFACE_STYLE_FILL_AREA(#9863);
#9863 = FILL_AREA_STYLE('',(#9864));
#9864 = FILL_AREA_STYLE_COLOUR('',#9602);
#9865 = CURVE_STYLE('',#9866,POSITIVE_LENGTH_MEASURE(0.1),#9605);
#9866 = DRAUGHTING_PRE_DEFINED_CURVE_FONT('continuous');
#9867 = MECHANICAL_DESIGN_GEOMETRIC_PRESENTATION_REPRESENTATION('',(
    #9868),#4893);
#9868 = STYLED_ITEM('color',(#9869),#4743);
#9869 = PRESENTATION_STYLE_ASSIGNMENT((#9870,#9875));
#9870 = SURFACE_STYLE_USAGE(.BOTH.,#9871);
#9871 = SURFACE_SIDE_STYLE('',(#9872));
#9872 = SURFACE_STYLE_FILL_AREA(#9873);
#9873 = FILL_AREA_STYLE('',(#9874));
#9874 = FILL_AREA_STYLE_COLOUR('',#9602);
#9875 = CURVE_STYLE('',#9876,POSITIVE_LENGTH_MEASURE(0.1),#9605);
#9876 = DRAUGHTING_PRE_DEFINED_CURVE_FONT('continuous');
#9877 = MECHANICAL_DESIGN_GEOMETRIC_PRESENTATION_REPRESENTATION('',(
    #9878),#2527);
#9878 = STYLED_ITEM('color',(#9879),#2377);
#9879 = PRESENTATION_STYLE_ASSIGNMENT((#9880,#9885));
#9880 = SURFACE_STYLE_USAGE(.BOTH.,#9881);
#9881 = SURFACE_SIDE_STYLE('',(#9882));
#9882 = SURFACE_STYLE_FILL_AREA(#9883);
#9883 = FILL_AREA_STYLE('',(#9884));
#9884 = FILL_AREA_STYLE_COLOUR('',#9602);
#9885 = CURVE_STYLE('',#9886,POSITIVE_LENGTH_MEASURE(0.1),#9605);
#9886 = DRAUGHTING_PRE_DEFINED_CURVE_FONT('continuous');
#9887 = MECHANICAL_DESIGN_GEOMETRIC_PRESENTATION_REPRESENTATION('',(
    #9888),#4386);
#9888 = STYLED_ITEM('color',(#9889),#4236);
#9889 = PRESENTATION_STYLE_ASSIGNMENT((#9890,#9895));
#9890 = SURFACE_STYLE_USAGE(.BOTH.,#9891);
#9891 = SURFACE_SIDE_STYLE('',(#9892));
#9892 = SURFACE_STYLE_FILL_AREA(#9893);
#9893 = FILL_AREA_STYLE('',(#9894));
#9894 = FILL_AREA_STYLE_COLOUR('',#9602);
#9895 = CURVE_STYLE('',#9896,POSITIVE_LENGTH_MEASURE(0.1),#9605);
#9896 = DRAUGHTING_PRE_DEFINED_CURVE_FONT('continuous');
#9897 = MECHANICAL_DESIGN_GEOMETRIC_PRESENTATION_REPRESENTATION('',(
    #9898),#2020);
#9898 = STYLED_ITEM('color',(#9899),#1870);
#9899 = PRESENTATION_STYLE_ASSIGNMENT((#9900,#9905));
#9900 = SURFACE_STYLE_USAGE(.BOTH.,#9901);
#9901 = SURFACE_SIDE_STYLE('',(#9902));
#9902 = SURFACE_STYLE_FILL_AREA(#9903);
#9903 = FILL_AREA_STYLE('',(#9904));
#9904 = FILL_AREA_STYLE_COLOUR('',#9602);
#9905 = CURVE_STYLE('',#9906,POSITIVE_LENGTH_MEASURE(0.1),#9605);
#9906 = DRAUGHTING_PRE_DEFINED_CURVE_FONT('continuous');
#9907 = MECHANICAL_DESIGN_GEOMETRIC_PRESENTATION_REPRESENTATION('',(
    #9908),#3372);
#9908 = STYLED_ITEM('color',(#9909),#3222);
#9909 = PRESENTATION_STYLE_ASSIGNMENT((#9910,#9915));
#9910 = SURFACE_STYLE_USAGE(.BOTH.,#9911);
#9911 = SURFACE_SIDE_STYLE('',(#9912));
#9912 = SURFACE_STYLE_FILL_AREA(#9913);
#9913 = FILL_AREA_STYLE('',(#9914));
#9914 = FILL_AREA_STYLE_COLOUR('',#9602);
#9915 = CURVE_STYLE('',#9916,POSITIVE_LENGTH_MEASURE(0.1),#9605);
#9916 = DRAUGHTING_PRE_DEFINED_CURVE_FONT('continuous');
#9917 = MECHANICAL_DESIGN_GEOMETRIC_PRESENTATION_REPRESENTATION('',(
    #9918),#5907);
#9918 = STYLED_ITEM('color',(#9919),#5757);
#9919 = PRESENTATION_STYLE_ASSIGNMENT((#9920,#9925));
#9920 = SURFACE_STYLE_USAGE(.BOTH.,#9921);
#9921 = SURFACE_SIDE_STYLE('',(#9922));
#9922 = SURFACE_STYLE_FILL_AREA(#9923);
#9923 = FILL_AREA_STYLE('',(#9924));
#9924 = FILL_AREA_STYLE_COLOUR('',#9602);
#9925 = CURVE_STYLE('',#9926,POSITIVE_LENGTH_MEASURE(0.1),#9605);
#9926 = DRAUGHTING_PRE_DEFINED_CURVE_FONT('continuous');
#9927 = MECHANICAL_DESIGN_GEOMETRIC_PRESENTATION_REPRESENTATION('',(
    #9928),#4555);
#9928 = STYLED_ITEM('color',(#9929),#4405);
#9929 = PRESENTATION_STYLE_ASSIGNMENT((#9930,#9935));
#9930 = SURFACE_STYLE_USAGE(.BOTH.,#9931);
#9931 = SURFACE_SIDE_STYLE('',(#9932));
#9932 = SURFACE_STYLE_FILL_AREA(#9933);
#9933 = FILL_AREA_STYLE('',(#9934));
#9934 = FILL_AREA_STYLE_COLOUR('',#9602);
#9935 = CURVE_STYLE('',#9936,POSITIVE_LENGTH_MEASURE(0.1),#9605);
#9936 = DRAUGHTING_PRE_DEFINED_CURVE_FONT('continuous');
#9937 = MECHANICAL_DESIGN_GEOMETRIC_PRESENTATION_REPRESENTATION('',(
    #9938),#7090);
#9938 = STYLED_ITEM('color',(#9939),#6940);
#9939 = PRESENTATION_STYLE_ASSIGNMENT((#9940,#9945));
#9940 = SURFACE_STYLE_USAGE(.BOTH.,#9941);
#9941 = SURFACE_SIDE_STYLE('',(#9942));
#9942 = SURFACE_STYLE_FILL_AREA(#9943);
#9943 = FILL_AREA_STYLE('',(#9944));
#9944 = FILL_AREA_STYLE_COLOUR('',#9602);
#9945 = CURVE_STYLE('',#9946,POSITIVE_LENGTH_MEASURE(0.1),#9605);
#9946 = DRAUGHTING_PRE_DEFINED_CURVE_FONT('continuous');
#9947 = MECHANICAL_DESIGN_GEOMETRIC_PRESENTATION_REPRESENTATION('',(
    #9948),#8104);
#9948 = STYLED_ITEM('color',(#9949),#7954);
#9949 = PRESENTATION_STYLE_ASSIGNMENT((#9950,#9955));
#9950 = SURFACE_STYLE_USAGE(.BOTH.,#9951);
#9951 = SURFACE_SIDE_STYLE('',(#9952));
#9952 = SURFACE_STYLE_FILL_AREA(#9953);
#9953 = FILL_AREA_STYLE('',(#9954));
#9954 = FILL_AREA_STYLE_COLOUR('',#9602);
#9955 = CURVE_STYLE('',#9956,POSITIVE_LENGTH_MEASURE(0.1),#9605);
#9956 = DRAUGHTING_PRE_DEFINED_CURVE_FONT('continuous');
#9957 = MECHANICAL_DESIGN_GEOMETRIC_PRESENTATION_REPRESENTATION('',(
    #9958),#7428);
#9958 = STYLED_ITEM('color',(#9959),#7278);
#9959 = PRESENTATION_STYLE_ASSIGNMENT((#9960,#9965));
#9960 = SURFACE_STYLE_USAGE(.BOTH.,#9961);
#9961 = SURFACE_SIDE_STYLE('',(#9962));
#9962 = SURFACE_STYLE_FILL_AREA(#9963);
#9963 = FILL_AREA_STYLE('',(#9964));
#9964 = FILL_AREA_STYLE_COLOUR('',#9602);
#9965 = CURVE_STYLE('',#9966,POSITIVE_LENGTH_MEASURE(0.1),#9605);
#9966 = DRAUGHTING_PRE_DEFINED_CURVE_FONT('continuous');
#9967 = MECHANICAL_DESIGN_GEOMETRIC_PRESENTATION_REPRESENTATION('',(
    #9968),#5400);
#9968 = STYLED_ITEM('color',(#9969),#5250);
#9969 = PRESENTATION_STYLE_ASSIGNMENT((#9970,#9975));
#9970 = SURFACE_STYLE_USAGE(.BOTH.,#9971);
#9971 = SURFACE_SIDE_STYLE('',(#9972));
#9972 = SURFACE_STYLE_FILL_AREA(#9973);
#9973 = FILL_AREA_STYLE('',(#9974));
#9974 = FILL_AREA_STYLE_COLOUR('',#9602);
#9975 = CURVE_STYLE('',#9976,POSITIVE_LENGTH_MEASURE(0.1),#9605);
#9976 = DRAUGHTING_PRE_DEFINED_CURVE_FONT('continuous');
#9977 = MECHANICAL_DESIGN_GEOMETRIC_PRESENTATION_REPRESENTATION('',(
    #9978),#7597);
#9978 = STYLED_ITEM('color',(#9979),#7447);
#9979 = PRESENTATION_STYLE_ASSIGNMENT((#9980,#9985));
#9980 = SURFACE_STYLE_USAGE(.BOTH.,#9981);
#9981 = SURFACE_SIDE_STYLE('',(#9982));
#9982 = SURFACE_STYLE_FILL_AREA(#9983);
#9983 = FILL_AREA_STYLE('',(#9984));
#9984 = FILL_AREA_STYLE_COLOUR('',#9602);
#9985 = CURVE_STYLE('',#9986,POSITIVE_LENGTH_MEASURE(0.1),#9605);
#9986 = DRAUGHTING_PRE_DEFINED_CURVE_FONT('continuous');
#9987 = MECHANICAL_DESIGN_GEOMETRIC_PRESENTATION_REPRESENTATION('',(
    #9988),#6076);
#9988 = STYLED_ITEM('color',(#9989),#5926);
#9989 = PRESENTATION_STYLE_ASSIGNMENT((#9990,#9995));
#9990 = SURFACE_STYLE_USAGE(.BOTH.,#9991);
#9991 = SURFACE_SIDE_STYLE('',(#9992));
#9992 = SURFACE_STYLE_FILL_AREA(#9993);
#9993 = FILL_AREA_STYLE('',(#9994));
#9994 = FILL_AREA_STYLE_COLOUR('',#9602);
#9995 = CURVE_STYLE('',#9996,POSITIVE_LENGTH_MEASURE(0.1),#9605);
#9996 = DRAUGHTING_PRE_DEFINED_CURVE_FONT('continuous');
#9997 = MECHANICAL_DESIGN_GEOMETRIC_PRESENTATION_REPRESENTATION('',(
    #9998),#1682);
#9998 = STYLED_ITEM('color',(#9999),#362);
#9999 = PRESENTATION_STYLE_ASSIGNMENT((#10000,#10005));
#10000 = SURFACE_STYLE_USAGE(.BOTH.,#10001);
#10001 = SURFACE_SIDE_STYLE('',(#10002));
#10002 = SURFACE_STYLE_FILL_AREA(#10003);
#10003 = FILL_AREA_STYLE('',(#10004));
#10004 = FILL_AREA_STYLE_COLOUR('',#9644);
#10005 = CURVE_STYLE('',#10006,POSITIVE_LENGTH_MEASURE(0.1),#9605);
#10006 = DRAUGHTING_PRE_DEFINED_CURVE_FONT('continuous');
ENDSEC;
END-ISO-10303-21;
