ISO-10303-21;
HEADER;
FILE_DESCRIPTION(('FreeCAD Model'),'2;1');
FILE_NAME('Open CASCADE Shape Model','2026-10-04T12:13:40',('Author'),(
    ''),'Open CASCADE STEP processor 7.8','FreeCAD','Unknown');
FILE_SCHEMA(('AUTOMOTIVE_DESIGN { 1 0 10303 214 1 1 1 1 }'));
ENDSEC;
DATA;
#1 = APPLICATION_PROTOCOL_DEFINITION('international standard',
  'automotive_design',2000,#2);
#2 = APPLICATION_CONTEXT(
  'core data for automotive mechanical design processes');
#3 = SHAPE_DEFINITION_REPRESENTATION(#4,#10);
#4 = PRODUCT_DEFINITION_SHAPE('','',#5);
#5 = PRODUCT_DEFINITION('design','',#6,#9);
#6 = PRODUCT_DEFINITION_FORMATION('','',#7);
#7 = PRODUCT('L298N_Module','L298N_Module','',(#8));
#8 = PRODUCT_CONTEXT('',#2,'mechanical');
#9 = PRODUCT_DEFINITION_CONTEXT('part definition',#2,'design');
#10 = SHAPE_REPRESENTATION('',(#11,#15,#19,#23,#27,#31,#35,#39,#43,#47,
    #51,#55,#59,#63,#67,#71,#75,#79,#83,#87,#91,#95,#99,#103,#107,#111,
    #115,#119,#123,#127,#131,#135,#139,#143,#147,#151,#155,#159,#163,
    #167,#171,#175,#179,#183,#187,#191,#195,#199,#203,#207,#211,#215,
    #219),#223);
#11 = AXIS2_PLACEMENT_3D('',#12,#13,#14);
#12 = CARTESIAN_POINT('',(0.,0.,0.));
#13 = DIRECTION('',(0.,0.,1.));
#14 = DIRECTION('',(1.,0.,-0.));
#15 = AXIS2_PLACEMENT_3D('',#16,#17,#18);
#16 = CARTESIAN_POINT('',(0.,0.,0.));
#17 = DIRECTION('',(0.,0.,1.));
#18 = DIRECTION('',(1.,0.,0.));
#19 = AXIS2_PLACEMENT_3D('',#20,#21,#22);
#20 = CARTESIAN_POINT('',(0.,0.,0.));
#21 = DIRECTION('',(0.,0.,1.));
#22 = DIRECTION('',(1.,0.,0.));
#23 = AXIS2_PLACEMENT_3D('',#24,#25,#26);
#24 = CARTESIAN_POINT('',(0.,0.,0.));
#25 = DIRECTION('',(0.,0.,1.));
#26 = DIRECTION('',(1.,0.,0.));
#27 = AXIS2_PLACEMENT_3D('',#28,#29,#30);
#28 = CARTESIAN_POINT('',(0.,0.,0.));
#29 = DIRECTION('',(0.,0.,1.));
#30 = DIRECTION('',(1.,0.,0.));
#31 = AXIS2_PLACEMENT_3D('',#32,#33,#34);
#32 = CARTESIAN_POINT('',(0.,0.,0.));
#33 = DIRECTION('',(0.,0.,1.));
#34 = DIRECTION('',(1.,0.,0.));
#35 = AXIS2_PLACEMENT_3D('',#36,#37,#38);
#36 = CARTESIAN_POINT('',(0.,0.,0.));
#37 = DIRECTION('',(0.,0.,1.));
#38 = DIRECTION('',(1.,0.,0.));
#39 = AXIS2_PLACEMENT_3D('',#40,#41,#42);
#40 = CARTESIAN_POINT('',(3.5,0.5,1.6));
#41 = DIRECTION('',(0.,0.,1.));
#42 = DIRECTION('',(1.,0.,0.));
#43 = AXIS2_PLACEMENT_3D('',#44,#45,#46);
#44 = CARTESIAN_POINT('',(3.5,0.5,1.6));
#45 = DIRECTION('',(0.,0.,1.));
#46 = DIRECTION('',(1.,0.,0.));
#47 = AXIS2_PLACEMENT_3D('',#48,#49,#50);
#48 = CARTESIAN_POINT('',(0.5,23.16,1.6));
#49 = DIRECTION('',(-0.,0.,1.));
#50 = DIRECTION('',(2.22044604925E-16,-1.,0.));
#51 = AXIS2_PLACEMENT_3D('',#52,#53,#54);
#52 = CARTESIAN_POINT('',(0.5,23.16,1.6));
#53 = DIRECTION('',(-0.,0.,1.));
#54 = DIRECTION('',(2.22044604925E-16,-1.,0.));
#55 = AXIS2_PLACEMENT_3D('',#56,#57,#58);
#56 = CARTESIAN_POINT('',(42.5,13.,1.6));
#57 = DIRECTION('',(0.,-0.,1.));
#58 = DIRECTION('',(2.22044604925E-16,1.,0.));
#59 = AXIS2_PLACEMENT_3D('',#60,#61,#62);
#60 = CARTESIAN_POINT('',(42.5,13.,1.6));
#61 = DIRECTION('',(0.,-0.,1.));
#62 = DIRECTION('',(2.22044604925E-16,1.,0.));
#63 = AXIS2_PLACEMENT_3D('',#64,#65,#66);
#64 = CARTESIAN_POINT('',(0.,0.,0.));
#65 = DIRECTION('',(0.,0.,1.));
#66 = DIRECTION('',(1.,0.,0.));
#67 = AXIS2_PLACEMENT_3D('',#68,#69,#70);
#68 = CARTESIAN_POINT('',(0.,0.,0.));
#69 = DIRECTION('',(0.,0.,1.));
#70 = DIRECTION('',(1.,0.,0.));
#71 = AXIS2_PLACEMENT_3D('',#72,#73,#74);
#72 = CARTESIAN_POINT('',(0.,0.,0.));
#73 = DIRECTION('',(0.,0.,1.));
#74 = DIRECTION('',(1.,0.,0.));
#75 = AXIS2_PLACEMENT_3D('',#76,#77,#78);
#76 = CARTESIAN_POINT('',(0.,0.,0.));
#77 = DIRECTION('',(0.,0.,1.));
#78 = DIRECTION('',(1.,0.,0.));
#79 = AXIS2_PLACEMENT_3D('',#80,#81,#82);
#80 = CARTESIAN_POINT('',(0.,0.,0.));
#81 = DIRECTION('',(0.,0.,1.));
#82 = DIRECTION('',(1.,0.,0.));
#83 = AXIS2_PLACEMENT_3D('',#84,#85,#86);
#84 = CARTESIAN_POINT('',(0.,0.,0.));
#85 = DIRECTION('',(0.,0.,1.));
#86 = DIRECTION('',(1.,0.,0.));
#87 = AXIS2_PLACEMENT_3D('',#88,#89,#90);
#88 = CARTESIAN_POINT('',(0.,0.,0.));
#89 = DIRECTION('',(0.,0.,1.));
#90 = DIRECTION('',(1.,0.,0.));
#91 = AXIS2_PLACEMENT_3D('',#92,#93,#94);
#92 = CARTESIAN_POINT('',(0.,0.,0.));
#93 = DIRECTION('',(0.,0.,1.));
#94 = DIRECTION('',(1.,0.,0.));
#95 = AXIS2_PLACEMENT_3D('',#96,#97,#98);
#96 = CARTESIAN_POINT('',(0.,0.,0.));
#97 = DIRECTION('',(0.,0.,1.));
#98 = DIRECTION('',(1.,0.,0.));
#99 = AXIS2_PLACEMENT_3D('',#100,#101,#102);
#100 = CARTESIAN_POINT('',(0.,0.,0.));
#101 = DIRECTION('',(0.,0.,1.));
#102 = DIRECTION('',(1.,0.,0.));
#103 = AXIS2_PLACEMENT_3D('',#104,#105,#106);
#104 = CARTESIAN_POINT('',(0.,0.,0.));
#105 = DIRECTION('',(0.,0.,1.));
#106 = DIRECTION('',(1.,0.,0.));
#107 = AXIS2_PLACEMENT_3D('',#108,#109,#110);
#108 = CARTESIAN_POINT('',(0.,0.,0.));
#109 = DIRECTION('',(0.,0.,1.));
#110 = DIRECTION('',(1.,0.,0.));
#111 = AXIS2_PLACEMENT_3D('',#112,#113,#114);
#112 = CARTESIAN_POINT('',(0.,0.,0.));
#113 = DIRECTION('',(0.,0.,1.));
#114 = DIRECTION('',(1.,0.,0.));
#115 = AXIS2_PLACEMENT_3D('',#116,#117,#118);
#116 = CARTESIAN_POINT('',(0.,0.,0.));
#117 = DIRECTION('',(0.,0.,1.));
#118 = DIRECTION('',(1.,0.,0.));
#119 = AXIS2_PLACEMENT_3D('',#120,#121,#122);
#120 = CARTESIAN_POINT('',(0.,0.,0.));
#121 = DIRECTION('',(0.,0.,1.));
#122 = DIRECTION('',(1.,0.,0.));
#123 = AXIS2_PLACEMENT_3D('',#124,#125,#126);
#124 = CARTESIAN_POINT('',(0.,0.,0.));
#125 = DIRECTION('',(0.,0.,1.));
#126 = DIRECTION('',(1.,0.,0.));
#127 = AXIS2_PLACEMENT_3D('',#128,#129,#130);
#128 = CARTESIAN_POINT('',(0.,0.,0.));
#129 = DIRECTION('',(0.,0.,1.));
#130 = DIRECTION('',(1.,0.,0.));
#131 = AXIS2_PLACEMENT_3D('',#132,#133,#134);
#132 = CARTESIAN_POINT('',(0.,0.,0.));
#133 = DIRECTION('',(0.,0.,1.));
#134 = DIRECTION('',(1.,0.,0.));
#135 = AXIS2_PLACEMENT_3D('',#136,#137,#138);
#136 = CARTESIAN_POINT('',(0.,0.,0.));
#137 = DIRECTION('',(0.,0.,1.));
#138 = DIRECTION('',(1.,0.,0.));
#139 = AXIS2_PLACEMENT_3D('',#140,#141,#142);
#140 = CARTESIAN_POINT('',(0.,0.,0.));
#141 = DIRECTION('',(0.,0.,1.));
#142 = DIRECTION('',(1.,0.,0.));
#143 = AXIS2_PLACEMENT_3D('',#144,#145,#146);
#144 = CARTESIAN_POINT('',(0.,0.,0.));
#145 = DIRECTION('',(0.,0.,1.));
#146 = DIRECTION('',(1.,0.,0.));
#147 = AXIS2_PLACEMENT_3D('',#148,#149,#150);
#148 = CARTESIAN_POINT('',(0.,0.,0.));
#149 = DIRECTION('',(0.,0.,1.));
#150 = DIRECTION('',(1.,0.,0.));
#151 = AXIS2_PLACEMENT_3D('',#152,#153,#154);
#152 = CARTESIAN_POINT('',(0.,0.,0.));
#153 = DIRECTION('',(0.,0.,1.));
#154 = DIRECTION('',(1.,0.,0.));
#155 = AXIS2_PLACEMENT_3D('',#156,#157,#158);
#156 = CARTESIAN_POINT('',(0.,0.,0.));
#157 = DIRECTION('',(0.,0.,1.));
#158 = DIRECTION('',(1.,0.,0.));
#159 = AXIS2_PLACEMENT_3D('',#160,#161,#162);
#160 = CARTESIAN_POINT('',(0.,0.,0.));
#161 = DIRECTION('',(0.,0.,1.));
#162 = DIRECTION('',(1.,0.,0.));
#163 = AXIS2_PLACEMENT_3D('',#164,#165,#166);
#164 = CARTESIAN_POINT('',(0.,0.,0.));
#165 = DIRECTION('',(0.,0.,1.));
#166 = DIRECTION('',(1.,0.,0.));
#167 = AXIS2_PLACEMENT_3D('',#168,#169,#170);
#168 = CARTESIAN_POINT('',(0.,0.,0.));
#169 = DIRECTION('',(0.,0.,1.));
#170 = DIRECTION('',(1.,0.,0.));
#171 = AXIS2_PLACEMENT_3D('',#172,#173,#174);
#172 = CARTESIAN_POINT('',(0.,0.,0.));
#173 = DIRECTION('',(0.,0.,1.));
#174 = DIRECTION('',(1.,0.,0.));
#175 = AXIS2_PLACEMENT_3D('',#176,#177,#178);
#176 = CARTESIAN_POINT('',(0.,0.,0.));
#177 = DIRECTION('',(0.,0.,1.));
#178 = DIRECTION('',(1.,0.,0.));
#179 = AXIS2_PLACEMENT_3D('',#180,#181,#182);
#180 = CARTESIAN_POINT('',(0.,0.,0.));
#181 = DIRECTION('',(0.,0.,1.));
#182 = DIRECTION('',(1.,0.,0.));
#183 = AXIS2_PLACEMENT_3D('',#184,#185,#186);
#184 = CARTESIAN_POINT('',(0.,0.,0.));
#185 = DIRECTION('',(0.,0.,1.));
#186 = DIRECTION('',(1.,0.,0.));
#187 = AXIS2_PLACEMENT_3D('',#188,#189,#190);
#188 = CARTESIAN_POINT('',(0.,0.,0.));
#189 = DIRECTION('',(0.,0.,1.));
#190 = DIRECTION('',(1.,0.,0.));
#191 = AXIS2_PLACEMENT_3D('',#192,#193,#194);
#192 = CARTESIAN_POINT('',(0.,0.,0.));
#193 = DIRECTION('',(0.,0.,1.));
#194 = DIRECTION('',(1.,0.,0.));
#195 = AXIS2_PLACEMENT_3D('',#196,#197,#198);
#196 = CARTESIAN_POINT('',(0.,0.,0.));
#197 = DIRECTION('',(0.,0.,1.));
#198 = DIRECTION('',(1.,0.,0.));
#199 = AXIS2_PLACEMENT_3D('',#200,#201,#202);
#200 = CARTESIAN_POINT('',(0.,0.,0.));
#201 = DIRECTION('',(0.,0.,1.));
#202 = DIRECTION('',(1.,0.,0.));
#203 = AXIS2_PLACEMENT_3D('',#204,#205,#206);
#204 = CARTESIAN_POINT('',(0.,0.,0.));
#205 = DIRECTION('',(0.,0.,1.));
#206 = DIRECTION('',(1.,0.,0.));
#207 = AXIS2_PLACEMENT_3D('',#208,#209,#210);
#208 = CARTESIAN_POINT('',(0.,0.,0.));
#209 = DIRECTION('',(0.,0.,1.));
#210 = DIRECTION('',(1.,0.,0.));
#211 = AXIS2_PLACEMENT_3D('',#212,#213,#214);
#212 = CARTESIAN_POINT('',(0.,0.,0.));
#213 = DIRECTION('',(0.,0.,1.));
#214 = DIRECTION('',(1.,0.,0.));
#215 = AXIS2_PLACEMENT_3D('',#216,#217,#218);
#216 = CARTESIAN_POINT('',(0.,0.,0.));
#217 = DIRECTION('',(0.,0.,1.));
#218 = DIRECTION('',(1.,0.,0.));
#219 = AXIS2_PLACEMENT_3D('',#220,#221,#222);
#220 = CARTESIAN_POINT('',(0.,0.,0.));
#221 = DIRECTION('',(0.,0.,1.));
#222 = DIRECTION('',(1.,0.,0.));
#223 = ( GEOMETRIC_REPRESENTATION_CONTEXT(3) 
GLOBAL_UNCERTAINTY_ASSIGNED_CONTEXT((#227)) GLOBAL_UNIT_ASSIGNED_CONTEXT
((#224,#225,#226)) REPRESENTATION_CONTEXT('Context #1',
  '3D Context with UNIT and UNCERTAINTY') );
#224 = ( LENGTH_UNIT() NAMED_UNIT(*) SI_UNIT(.MILLI.,.METRE.) );
#225 = ( NAMED_UNIT(*) PLANE_ANGLE_UNIT() SI_UNIT($,.RADIAN.) );
#226 = ( NAMED_UNIT(*) SI_UNIT($,.STERADIAN.) SOLID_ANGLE_UNIT() );
#227 = UNCERTAINTY_MEASURE_WITH_UNIT(LENGTH_MEASURE(1.E-07),#224,
  'distance_accuracy_value','confusion accuracy');
#228 = PRODUCT_RELATED_PRODUCT_CATEGORY('part',$,(#7));
#229 = SHAPE_DEFINITION_REPRESENTATION(#230,#236);
#230 = PRODUCT_DEFINITION_SHAPE('','',#231);
#231 = PRODUCT_DEFINITION('design','',#232,#235);
#232 = PRODUCT_DEFINITION_FORMATION('','',#233);
#233 = PRODUCT('PCB','PCB','',(#234));
#234 = PRODUCT_CONTEXT('',#2,'mechanical');
#235 = PRODUCT_DEFINITION_CONTEXT('part definition',#2,'design');
#236 = ADVANCED_BREP_SHAPE_REPRESENTATION('',(#11,#237),#543);
#237 = MANIFOLD_SOLID_BREP('',#238);
#238 = CLOSED_SHELL('',(#239,#279,#310,#378,#402,#463,#475,#492,#509,
    #526));
#239 = ADVANCED_FACE('',(#240),#274,.F.);
#240 = FACE_BOUND('',#241,.F.);
#241 = EDGE_LOOP('',(#242,#252,#260,#268));
#242 = ORIENTED_EDGE('',*,*,#243,.F.);
#243 = EDGE_CURVE('',#244,#246,#248,.T.);
#244 = VERTEX_POINT('',#245);
#245 = CARTESIAN_POINT('',(0.,0.,0.));
#246 = VERTEX_POINT('',#247);
#247 = CARTESIAN_POINT('',(0.,0.,1.6));
#248 = LINE('',#249,#250);
#249 = CARTESIAN_POINT('',(0.,0.,0.));
#250 = VECTOR('',#251,1.);
#251 = DIRECTION('',(0.,0.,1.));
#252 = ORIENTED_EDGE('',*,*,#253,.T.);
#253 = EDGE_CURVE('',#244,#254,#256,.T.);
#254 = VERTEX_POINT('',#255);
#255 = CARTESIAN_POINT('',(0.,43.,0.));
#256 = LINE('',#257,#258);
#257 = CARTESIAN_POINT('',(0.,0.,0.));
#258 = VECTOR('',#259,1.);
#259 = DIRECTION('',(-0.,1.,0.));
#260 = ORIENTED_EDGE('',*,*,#261,.T.);
#261 = EDGE_CURVE('',#254,#262,#264,.T.);
#262 = VERTEX_POINT('',#263);
#263 = CARTESIAN_POINT('',(0.,43.,1.6));
#264 = LINE('',#265,#266);
#265 = CARTESIAN_POINT('',(0.,43.,0.));
#266 = VECTOR('',#267,1.);
#267 = DIRECTION('',(0.,0.,1.));
#268 = ORIENTED_EDGE('',*,*,#269,.F.);
#269 = EDGE_CURVE('',#246,#262,#270,.T.);
#270 = LINE('',#271,#272);
#271 = CARTESIAN_POINT('',(0.,0.,1.6));
#272 = VECTOR('',#273,1.);
#273 = DIRECTION('',(-0.,1.,0.));
#274 = PLANE('',#275);
#275 = AXIS2_PLACEMENT_3D('',#276,#277,#278);
#276 = CARTESIAN_POINT('',(0.,0.,0.));
#277 = DIRECTION('',(1.,0.,-0.));
#278 = DIRECTION('',(0.,0.,1.));
#279 = ADVANCED_FACE('',(#280),#305,.F.);
#280 = FACE_BOUND('',#281,.F.);
#281 = EDGE_LOOP('',(#282,#290,#291,#299));
#282 = ORIENTED_EDGE('',*,*,#283,.F.);
#283 = EDGE_CURVE('',#244,#284,#286,.T.);
#284 = VERTEX_POINT('',#285);
#285 = CARTESIAN_POINT('',(43.,0.,0.));
#286 = LINE('',#287,#288);
#287 = CARTESIAN_POINT('',(0.,0.,0.));
#288 = VECTOR('',#289,1.);
#289 = DIRECTION('',(1.,0.,-0.));
#290 = ORIENTED_EDGE('',*,*,#243,.T.);
#291 = ORIENTED_EDGE('',*,*,#292,.T.);
#292 = EDGE_CURVE('',#246,#293,#295,.T.);
#293 = VERTEX_POINT('',#294);
#294 = CARTESIAN_POINT('',(43.,0.,1.6));
#295 = LINE('',#296,#297);
#296 = CARTESIAN_POINT('',(0.,0.,1.6));
#297 = VECTOR('',#298,1.);
#298 = DIRECTION('',(1.,0.,-0.));
#299 = ORIENTED_EDGE('',*,*,#300,.F.);
#300 = EDGE_CURVE('',#284,#293,#301,.T.);
#301 = LINE('',#302,#303);
#302 = CARTESIAN_POINT('',(43.,0.,0.));
#303 = VECTOR('',#304,1.);
#304 = DIRECTION('',(0.,0.,1.));
#305 = PLANE('',#306);
#306 = AXIS2_PLACEMENT_3D('',#307,#308,#309);
#307 = CARTESIAN_POINT('',(0.,0.,0.));
#308 = DIRECTION('',(-0.,1.,0.));
#309 = DIRECTION('',(0.,0.,1.));
#310 = ADVANCED_FACE('',(#311,#329,#340,#351,#362),#373,.T.);
#311 = FACE_BOUND('',#312,.T.);
#312 = EDGE_LOOP('',(#313,#314,#315,#323));
#313 = ORIENTED_EDGE('',*,*,#269,.F.);
#314 = ORIENTED_EDGE('',*,*,#292,.T.);
#315 = ORIENTED_EDGE('',*,*,#316,.T.);
#316 = EDGE_CURVE('',#293,#317,#319,.T.);
#317 = VERTEX_POINT('',#318);
#318 = CARTESIAN_POINT('',(43.,43.,1.6));
#319 = LINE('',#320,#321);
#320 = CARTESIAN_POINT('',(43.,0.,1.6));
#321 = VECTOR('',#322,1.);
#322 = DIRECTION('',(-0.,1.,0.));
#323 = ORIENTED_EDGE('',*,*,#324,.F.);
#324 = EDGE_CURVE('',#262,#317,#325,.T.);
#325 = LINE('',#326,#327);
#326 = CARTESIAN_POINT('',(0.,43.,1.6));
#327 = VECTOR('',#328,1.);
#328 = DIRECTION('',(1.,0.,-0.));
#329 = FACE_BOUND('',#330,.T.);
#330 = EDGE_LOOP('',(#331));
#331 = ORIENTED_EDGE('',*,*,#332,.F.);
#332 = EDGE_CURVE('',#333,#333,#335,.T.);
#333 = VERTEX_POINT('',#334);
#334 = CARTESIAN_POINT('',(4.6,3.,1.6));
#335 = CIRCLE('',#336,1.6);
#336 = AXIS2_PLACEMENT_3D('',#337,#338,#339);
#337 = CARTESIAN_POINT('',(3.,3.,1.6));
#338 = DIRECTION('',(0.,0.,1.));
#339 = DIRECTION('',(1.,0.,-0.));
#340 = FACE_BOUND('',#341,.T.);
#341 = EDGE_LOOP('',(#342));
#342 = ORIENTED_EDGE('',*,*,#343,.F.);
#343 = EDGE_CURVE('',#344,#344,#346,.T.);
#344 = VERTEX_POINT('',#345);
#345 = CARTESIAN_POINT('',(41.6,3.,1.6));
#346 = CIRCLE('',#347,1.6);
#347 = AXIS2_PLACEMENT_3D('',#348,#349,#350);
#348 = CARTESIAN_POINT('',(40.,3.,1.6));
#349 = DIRECTION('',(0.,0.,1.));
#350 = DIRECTION('',(1.,0.,-0.));
#351 = FACE_BOUND('',#352,.T.);
#352 = EDGE_LOOP('',(#353));
#353 = ORIENTED_EDGE('',*,*,#354,.F.);
#354 = EDGE_CURVE('',#355,#355,#357,.T.);
#355 = VERTEX_POINT('',#356);
#356 = CARTESIAN_POINT('',(4.6,40.,1.6));
#357 = CIRCLE('',#358,1.6);
#358 = AXIS2_PLACEMENT_3D('',#359,#360,#361);
#359 = CARTESIAN_POINT('',(3.,40.,1.6));
#360 = DIRECTION('',(0.,0.,1.));
#361 = DIRECTION('',(1.,0.,-0.));
#362 = FACE_BOUND('',#363,.T.);
#363 = EDGE_LOOP('',(#364));
#364 = ORIENTED_EDGE('',*,*,#365,.F.);
#365 = EDGE_CURVE('',#366,#366,#368,.T.);
#366 = VERTEX_POINT('',#367);
#367 = CARTESIAN_POINT('',(41.6,40.,1.6));
#368 = CIRCLE('',#369,1.6);
#369 = AXIS2_PLACEMENT_3D('',#370,#371,#372);
#370 = CARTESIAN_POINT('',(40.,40.,1.6));
#371 = DIRECTION('',(0.,0.,1.));
#372 = DIRECTION('',(1.,0.,-0.));
#373 = PLANE('',#374);
#374 = AXIS2_PLACEMENT_3D('',#375,#376,#377);
#375 = CARTESIAN_POINT('',(0.,0.,1.6));
#376 = DIRECTION('',(0.,0.,1.));
#377 = DIRECTION('',(1.,0.,-0.));
#378 = ADVANCED_FACE('',(#379),#397,.T.);
#379 = FACE_BOUND('',#380,.T.);
#380 = EDGE_LOOP('',(#381,#389,#390,#391));
#381 = ORIENTED_EDGE('',*,*,#382,.F.);
#382 = EDGE_CURVE('',#254,#383,#385,.T.);
#383 = VERTEX_POINT('',#384);
#384 = CARTESIAN_POINT('',(43.,43.,0.));
#385 = LINE('',#386,#387);
#386 = CARTESIAN_POINT('',(0.,43.,0.));
#387 = VECTOR('',#388,1.);
#388 = DIRECTION('',(1.,0.,-0.));
#389 = ORIENTED_EDGE('',*,*,#261,.T.);
#390 = ORIENTED_EDGE('',*,*,#324,.T.);
#391 = ORIENTED_EDGE('',*,*,#392,.F.);
#392 = EDGE_CURVE('',#383,#317,#393,.T.);
#393 = LINE('',#394,#395);
#394 = CARTESIAN_POINT('',(43.,43.,0.));
#395 = VECTOR('',#396,1.);
#396 = DIRECTION('',(0.,0.,1.));
#397 = PLANE('',#398);
#398 = AXIS2_PLACEMENT_3D('',#399,#400,#401);
#399 = CARTESIAN_POINT('',(0.,43.,0.));
#400 = DIRECTION('',(-0.,1.,0.));
#401 = DIRECTION('',(0.,0.,1.));
#402 = ADVANCED_FACE('',(#403,#414,#425,#436,#447),#458,.F.);
#403 = FACE_BOUND('',#404,.F.);
#404 = EDGE_LOOP('',(#405,#406,#407,#413));
#405 = ORIENTED_EDGE('',*,*,#253,.F.);
#406 = ORIENTED_EDGE('',*,*,#283,.T.);
#407 = ORIENTED_EDGE('',*,*,#408,.T.);
#408 = EDGE_CURVE('',#284,#383,#409,.T.);
#409 = LINE('',#410,#411);
#410 = CARTESIAN_POINT('',(43.,0.,0.));
#411 = VECTOR('',#412,1.);
#412 = DIRECTION('',(-0.,1.,0.));
#413 = ORIENTED_EDGE('',*,*,#382,.F.);
#414 = FACE_BOUND('',#415,.F.);
#415 = EDGE_LOOP('',(#416));
#416 = ORIENTED_EDGE('',*,*,#417,.F.);
#417 = EDGE_CURVE('',#418,#418,#420,.T.);
#418 = VERTEX_POINT('',#419);
#419 = CARTESIAN_POINT('',(4.6,3.,0.));
#420 = CIRCLE('',#421,1.6);
#421 = AXIS2_PLACEMENT_3D('',#422,#423,#424);
#422 = CARTESIAN_POINT('',(3.,3.,0.));
#423 = DIRECTION('',(0.,0.,1.));
#424 = DIRECTION('',(1.,0.,-0.));
#425 = FACE_BOUND('',#426,.F.);
#426 = EDGE_LOOP('',(#427));
#427 = ORIENTED_EDGE('',*,*,#428,.F.);
#428 = EDGE_CURVE('',#429,#429,#431,.T.);
#429 = VERTEX_POINT('',#430);
#430 = CARTESIAN_POINT('',(41.6,3.,0.));
#431 = CIRCLE('',#432,1.6);
#432 = AXIS2_PLACEMENT_3D('',#433,#434,#435);
#433 = CARTESIAN_POINT('',(40.,3.,0.));
#434 = DIRECTION('',(0.,0.,1.));
#435 = DIRECTION('',(1.,0.,-0.));
#436 = FACE_BOUND('',#437,.F.);
#437 = EDGE_LOOP('',(#438));
#438 = ORIENTED_EDGE('',*,*,#439,.F.);
#439 = EDGE_CURVE('',#440,#440,#442,.T.);
#440 = VERTEX_POINT('',#441);
#441 = CARTESIAN_POINT('',(4.6,40.,0.));
#442 = CIRCLE('',#443,1.6);
#443 = AXIS2_PLACEMENT_3D('',#444,#445,#446);
#444 = CARTESIAN_POINT('',(3.,40.,0.));
#445 = DIRECTION('',(0.,0.,1.));
#446 = DIRECTION('',(1.,0.,-0.));
#447 = FACE_BOUND('',#448,.F.);
#448 = EDGE_LOOP('',(#449));
#449 = ORIENTED_EDGE('',*,*,#450,.F.);
#450 = EDGE_CURVE('',#451,#451,#453,.T.);
#451 = VERTEX_POINT('',#452);
#452 = CARTESIAN_POINT('',(41.6,40.,0.));
#453 = CIRCLE('',#454,1.6);
#454 = AXIS2_PLACEMENT_3D('',#455,#456,#457);
#455 = CARTESIAN_POINT('',(40.,40.,0.));
#456 = DIRECTION('',(0.,0.,1.));
#457 = DIRECTION('',(1.,0.,-0.));
#458 = PLANE('',#459);
#459 = AXIS2_PLACEMENT_3D('',#460,#461,#462);
#460 = CARTESIAN_POINT('',(0.,0.,0.));
#461 = DIRECTION('',(0.,0.,1.));
#462 = DIRECTION('',(1.,0.,-0.));
#463 = ADVANCED_FACE('',(#464),#470,.T.);
#464 = FACE_BOUND('',#465,.T.);
#465 = EDGE_LOOP('',(#466,#467,#468,#469));
#466 = ORIENTED_EDGE('',*,*,#300,.F.);
#467 = ORIENTED_EDGE('',*,*,#408,.T.);
#468 = ORIENTED_EDGE('',*,*,#392,.T.);
#469 = ORIENTED_EDGE('',*,*,#316,.F.);
#470 = PLANE('',#471);
#471 = AXIS2_PLACEMENT_3D('',#472,#473,#474);
#472 = CARTESIAN_POINT('',(43.,0.,0.));
#473 = DIRECTION('',(1.,0.,-0.));
#474 = DIRECTION('',(0.,0.,1.));
#475 = ADVANCED_FACE('',(#476),#487,.F.);
#476 = FACE_BOUND('',#477,.F.);
#477 = EDGE_LOOP('',(#478,#479,#485,#486));
#478 = ORIENTED_EDGE('',*,*,#332,.F.);
#479 = ORIENTED_EDGE('',*,*,#480,.F.);
#480 = EDGE_CURVE('',#418,#333,#481,.T.);
#481 = LINE('',#482,#483);
#482 = CARTESIAN_POINT('',(4.6,3.,-1.));
#483 = VECTOR('',#484,1.);
#484 = DIRECTION('',(0.,0.,1.));
#485 = ORIENTED_EDGE('',*,*,#417,.T.);
#486 = ORIENTED_EDGE('',*,*,#480,.T.);
#487 = CYLINDRICAL_SURFACE('',#488,1.6);
#488 = AXIS2_PLACEMENT_3D('',#489,#490,#491);
#489 = CARTESIAN_POINT('',(3.,3.,-1.));
#490 = DIRECTION('',(0.,0.,1.));
#491 = DIRECTION('',(1.,0.,-0.));
#492 = ADVANCED_FACE('',(#493),#504,.F.);
#493 = FACE_BOUND('',#494,.F.);
#494 = EDGE_LOOP('',(#495,#496,#502,#503));
#495 = ORIENTED_EDGE('',*,*,#343,.F.);
#496 = ORIENTED_EDGE('',*,*,#497,.F.);
#497 = EDGE_CURVE('',#429,#344,#498,.T.);
#498 = LINE('',#499,#500);
#499 = CARTESIAN_POINT('',(41.6,3.,-1.));
#500 = VECTOR('',#501,1.);
#501 = DIRECTION('',(0.,0.,1.));
#502 = ORIENTED_EDGE('',*,*,#428,.T.);
#503 = ORIENTED_EDGE('',*,*,#497,.T.);
#504 = CYLINDRICAL_SURFACE('',#505,1.6);
#505 = AXIS2_PLACEMENT_3D('',#506,#507,#508);
#506 = CARTESIAN_POINT('',(40.,3.,-1.));
#507 = DIRECTION('',(0.,0.,1.));
#508 = DIRECTION('',(1.,0.,-0.));
#509 = ADVANCED_FACE('',(#510),#521,.F.);
#510 = FACE_BOUND('',#511,.F.);
#511 = EDGE_LOOP('',(#512,#513,#519,#520));
#512 = ORIENTED_EDGE('',*,*,#354,.F.);
#513 = ORIENTED_EDGE('',*,*,#514,.F.);
#514 = EDGE_CURVE('',#440,#355,#515,.T.);
#515 = LINE('',#516,#517);
#516 = CARTESIAN_POINT('',(4.6,40.,-1.));
#517 = VECTOR('',#518,1.);
#518 = DIRECTION('',(0.,0.,1.));
#519 = ORIENTED_EDGE('',*,*,#439,.T.);
#520 = ORIENTED_EDGE('',*,*,#514,.T.);
#521 = CYLINDRICAL_SURFACE('',#522,1.6);
#522 = AXIS2_PLACEMENT_3D('',#523,#524,#525);
#523 = CARTESIAN_POINT('',(3.,40.,-1.));
#524 = DIRECTION('',(0.,0.,1.));
#525 = DIRECTION('',(1.,0.,-0.));
#526 = ADVANCED_FACE('',(#527),#538,.F.);
#527 = FACE_BOUND('',#528,.F.);
#528 = EDGE_LOOP('',(#529,#530,#536,#537));
#529 = ORIENTED_EDGE('',*,*,#365,.F.);
#530 = ORIENTED_EDGE('',*,*,#531,.F.);
#531 = EDGE_CURVE('',#451,#366,#532,.T.);
#532 = LINE('',#533,#534);
#533 = CARTESIAN_POINT('',(41.6,40.,-1.));
#534 = VECTOR('',#535,1.);
#535 = DIRECTION('',(0.,0.,1.));
#536 = ORIENTED_EDGE('',*,*,#450,.T.);
#537 = ORIENTED_EDGE('',*,*,#531,.T.);
#538 = CYLINDRICAL_SURFACE('',#539,1.6);
#539 = AXIS2_PLACEMENT_3D('',#540,#541,#542);
#540 = CARTESIAN_POINT('',(40.,40.,-1.));
#541 = DIRECTION('',(0.,0.,1.));
#542 = DIRECTION('',(1.,0.,-0.));
#543 = ( GEOMETRIC_REPRESENTATION_CONTEXT(3) 
GLOBAL_UNCERTAINTY_ASSIGNED_CONTEXT((#547)) GLOBAL_UNIT_ASSIGNED_CONTEXT
((#544,#545,#546)) REPRESENTATION_CONTEXT('Context #1',
  '3D Context with UNIT and UNCERTAINTY') );
#544 = ( LENGTH_UNIT() NAMED_UNIT(*) SI_UNIT(.MILLI.,.METRE.) );
#545 = ( NAMED_UNIT(*) PLANE_ANGLE_UNIT() SI_UNIT($,.RADIAN.) );
#546 = ( NAMED_UNIT(*) SI_UNIT($,.STERADIAN.) SOLID_ANGLE_UNIT() );
#547 = UNCERTAINTY_MEASURE_WITH_UNIT(LENGTH_MEASURE(1.E-07),#544,
  'distance_accuracy_value','confusion accuracy');
#548 = CONTEXT_DEPENDENT_SHAPE_REPRESENTATION(#549,#551);
#549 = ( REPRESENTATION_RELATIONSHIP('','',#236,#10) 
REPRESENTATION_RELATIONSHIP_WITH_TRANSFORMATION(#550) 
SHAPE_REPRESENTATION_RELATIONSHIP() );
#550 = ITEM_DEFINED_TRANSFORMATION('','',#11,#15);
#551 = PRODUCT_DEFINITION_SHAPE('Placement','Placement of an item',#552
  );
#552 = NEXT_ASSEMBLY_USAGE_OCCURRENCE('1','PCB','',#5,#231,$);
#553 = PRODUCT_RELATED_PRODUCT_CATEGORY('part',$,(#233));
#554 = SHAPE_DEFINITION_REPRESENTATION(#555,#561);
#555 = PRODUCT_DEFINITION_SHAPE('','',#556);
#556 = PRODUCT_DEFINITION('design','',#557,#560);
#557 = PRODUCT_DEFINITION_FORMATION('','',#558);
#558 = PRODUCT('Heatsink','Heatsink','',(#559));
#559 = PRODUCT_CONTEXT('',#2,'mechanical');
#560 = PRODUCT_DEFINITION_CONTEXT('part definition',#2,'design');
#561 = ADVANCED_BREP_SHAPE_REPRESENTATION('',(#11,#562),#1504);
#562 = MANIFOLD_SOLID_BREP('',#563);
#563 = CLOSED_SHELL('',(#564,#604,#635,#659,#875,#906,#930,#954,#971,
    #1002,#1026,#1050,#1067,#1098,#1122,#1146,#1163,#1194,#1218,#1242,
    #1259,#1290,#1314,#1338,#1355,#1386,#1410,#1434,#1451,#1492));
#564 = ADVANCED_FACE('',(#565),#599,.T.);
#565 = FACE_BOUND('',#566,.T.);
#566 = EDGE_LOOP('',(#567,#577,#585,#593));
#567 = ORIENTED_EDGE('',*,*,#568,.T.);
#568 = EDGE_CURVE('',#569,#571,#573,.T.);
#569 = VERTEX_POINT('',#570);
#570 = CARTESIAN_POINT('',(10.,23.,1.6));
#571 = VERTEX_POINT('',#572);
#572 = CARTESIAN_POINT('',(10.,23.,26.6));
#573 = LINE('',#574,#575);
#574 = CARTESIAN_POINT('',(10.,23.,1.6));
#575 = VECTOR('',#576,1.);
#576 = DIRECTION('',(0.,0.,1.));
#577 = ORIENTED_EDGE('',*,*,#578,.T.);
#578 = EDGE_CURVE('',#571,#579,#581,.T.);
#579 = VERTEX_POINT('',#580);
#580 = CARTESIAN_POINT('',(10.,39.,26.6));
#581 = LINE('',#582,#583);
#582 = CARTESIAN_POINT('',(10.,23.,26.6));
#583 = VECTOR('',#584,1.);
#584 = DIRECTION('',(-0.,1.,0.));
#585 = ORIENTED_EDGE('',*,*,#586,.F.);
#586 = EDGE_CURVE('',#587,#579,#589,.T.);
#587 = VERTEX_POINT('',#588);
#588 = CARTESIAN_POINT('',(10.,39.,1.6));
#589 = LINE('',#590,#591);
#590 = CARTESIAN_POINT('',(10.,39.,1.6));
#591 = VECTOR('',#592,1.);
#592 = DIRECTION('',(0.,0.,1.));
#593 = ORIENTED_EDGE('',*,*,#594,.F.);
#594 = EDGE_CURVE('',#569,#587,#595,.T.);
#595 = LINE('',#596,#597);
#596 = CARTESIAN_POINT('',(10.,23.,1.6));
#597 = VECTOR('',#598,1.);
#598 = DIRECTION('',(-0.,1.,0.));
#599 = PLANE('',#600);
#600 = AXIS2_PLACEMENT_3D('',#601,#602,#603);
#601 = CARTESIAN_POINT('',(10.,31.,14.1));
#602 = DIRECTION('',(-1.,-0.,-0.));
#603 = DIRECTION('',(0.,0.,-1.));
#604 = ADVANCED_FACE('',(#605),#630,.F.);
#605 = FACE_BOUND('',#606,.T.);
#606 = EDGE_LOOP('',(#607,#615,#623,#629));
#607 = ORIENTED_EDGE('',*,*,#608,.T.);
#608 = EDGE_CURVE('',#569,#609,#611,.T.);
#609 = VERTEX_POINT('',#610);
#610 = CARTESIAN_POINT('',(33.,23.,1.6));
#611 = LINE('',#612,#613);
#612 = CARTESIAN_POINT('',(10.,23.,1.6));
#613 = VECTOR('',#614,1.);
#614 = DIRECTION('',(1.,0.,-0.));
#615 = ORIENTED_EDGE('',*,*,#616,.T.);
#616 = EDGE_CURVE('',#609,#617,#619,.T.);
#617 = VERTEX_POINT('',#618);
#618 = CARTESIAN_POINT('',(33.,23.,26.6));
#619 = LINE('',#620,#621);
#620 = CARTESIAN_POINT('',(33.,23.,1.6));
#621 = VECTOR('',#622,1.);
#622 = DIRECTION('',(0.,0.,1.));
#623 = ORIENTED_EDGE('',*,*,#624,.F.);
#624 = EDGE_CURVE('',#571,#617,#625,.T.);
#625 = LINE('',#626,#627);
#626 = CARTESIAN_POINT('',(10.,23.,26.6));
#627 = VECTOR('',#628,1.);
#628 = DIRECTION('',(1.,0.,-0.));
#629 = ORIENTED_EDGE('',*,*,#568,.F.);
#630 = PLANE('',#631);
#631 = AXIS2_PLACEMENT_3D('',#632,#633,#634);
#632 = CARTESIAN_POINT('',(10.,23.,1.6));
#633 = DIRECTION('',(-0.,1.,0.));
#634 = DIRECTION('',(0.,0.,1.));
#635 = ADVANCED_FACE('',(#636),#654,.T.);
#636 = FACE_BOUND('',#637,.T.);
#637 = EDGE_LOOP('',(#638,#639,#647,#653));
#638 = ORIENTED_EDGE('',*,*,#594,.T.);
#639 = ORIENTED_EDGE('',*,*,#640,.T.);
#640 = EDGE_CURVE('',#587,#641,#643,.T.);
#641 = VERTEX_POINT('',#642);
#642 = CARTESIAN_POINT('',(33.,39.,1.6));
#643 = LINE('',#644,#645);
#644 = CARTESIAN_POINT('',(10.,39.,1.6));
#645 = VECTOR('',#646,1.);
#646 = DIRECTION('',(1.,0.,-0.));
#647 = ORIENTED_EDGE('',*,*,#648,.F.);
#648 = EDGE_CURVE('',#609,#641,#649,.T.);
#649 = LINE('',#650,#651);
#650 = CARTESIAN_POINT('',(33.,23.,1.6));
#651 = VECTOR('',#652,1.);
#652 = DIRECTION('',(-0.,1.,0.));
#653 = ORIENTED_EDGE('',*,*,#608,.F.);
#654 = PLANE('',#655);
#655 = AXIS2_PLACEMENT_3D('',#656,#657,#658);
#656 = CARTESIAN_POINT('',(21.5,31.,1.6));
#657 = DIRECTION('',(-0.,-0.,-1.));
#658 = DIRECTION('',(-1.,0.,0.));
#659 = ADVANCED_FACE('',(#660),#870,.T.);
#660 = FACE_BOUND('',#661,.T.);
#661 = EDGE_LOOP('',(#662,#663,#664,#672,#680,#688,#696,#704,#712,#720,
    #728,#736,#744,#752,#760,#768,#776,#784,#792,#800,#808,#816,#824,
    #832,#840,#848,#856,#864));
#662 = ORIENTED_EDGE('',*,*,#578,.F.);
#663 = ORIENTED_EDGE('',*,*,#624,.T.);
#664 = ORIENTED_EDGE('',*,*,#665,.T.);
#665 = EDGE_CURVE('',#617,#666,#668,.T.);
#666 = VERTEX_POINT('',#667);
#667 = CARTESIAN_POINT('',(33.,39.,26.6));
#668 = LINE('',#669,#670);
#669 = CARTESIAN_POINT('',(33.,23.,26.6));
#670 = VECTOR('',#671,1.);
#671 = DIRECTION('',(-0.,1.,0.));
#672 = ORIENTED_EDGE('',*,*,#673,.F.);
#673 = EDGE_CURVE('',#674,#666,#676,.T.);
#674 = VERTEX_POINT('',#675);
#675 = CARTESIAN_POINT('',(31.6,39.,26.6));
#676 = LINE('',#677,#678);
#677 = CARTESIAN_POINT('',(31.6,39.,26.6));
#678 = VECTOR('',#679,1.);
#679 = DIRECTION('',(1.,0.,-0.));
#680 = ORIENTED_EDGE('',*,*,#681,.F.);
#681 = EDGE_CURVE('',#682,#674,#684,.T.);
#682 = VERTEX_POINT('',#683);
#683 = CARTESIAN_POINT('',(31.6,26.,26.6));
#684 = LINE('',#685,#686);
#685 = CARTESIAN_POINT('',(31.6,23.,26.6));
#686 = VECTOR('',#687,1.);
#687 = DIRECTION('',(-0.,1.,0.));
#688 = ORIENTED_EDGE('',*,*,#689,.F.);
#689 = EDGE_CURVE('',#690,#682,#692,.T.);
#690 = VERTEX_POINT('',#691);
#691 = CARTESIAN_POINT('',(29.4,26.,26.6));
#692 = LINE('',#693,#694);
#693 = CARTESIAN_POINT('',(10.,26.,26.6));
#694 = VECTOR('',#695,1.);
#695 = DIRECTION('',(1.,0.,-0.));
#696 = ORIENTED_EDGE('',*,*,#697,.T.);
#697 = EDGE_CURVE('',#690,#698,#700,.T.);
#698 = VERTEX_POINT('',#699);
#699 = CARTESIAN_POINT('',(29.4,39.,26.6));
#700 = LINE('',#701,#702);
#701 = CARTESIAN_POINT('',(29.4,23.,26.6));
#702 = VECTOR('',#703,1.);
#703 = DIRECTION('',(-0.,1.,0.));
#704 = ORIENTED_EDGE('',*,*,#705,.F.);
#705 = EDGE_CURVE('',#706,#698,#708,.T.);
#706 = VERTEX_POINT('',#707);
#707 = CARTESIAN_POINT('',(28.,39.,26.6));
#708 = LINE('',#709,#710);
#709 = CARTESIAN_POINT('',(28.,39.,26.6));
#710 = VECTOR('',#711,1.);
#711 = DIRECTION('',(1.,0.,-0.));
#712 = ORIENTED_EDGE('',*,*,#713,.F.);
#713 = EDGE_CURVE('',#714,#706,#716,.T.);
#714 = VERTEX_POINT('',#715);
#715 = CARTESIAN_POINT('',(28.,26.,26.6));
#716 = LINE('',#717,#718);
#717 = CARTESIAN_POINT('',(28.,23.,26.6));
#718 = VECTOR('',#719,1.);
#719 = DIRECTION('',(-0.,1.,0.));
#720 = ORIENTED_EDGE('',*,*,#721,.F.);
#721 = EDGE_CURVE('',#722,#714,#724,.T.);
#722 = VERTEX_POINT('',#723);
#723 = CARTESIAN_POINT('',(25.8,26.,26.6));
#724 = LINE('',#725,#726);
#725 = CARTESIAN_POINT('',(10.,26.,26.6));
#726 = VECTOR('',#727,1.);
#727 = DIRECTION('',(1.,0.,-0.));
#728 = ORIENTED_EDGE('',*,*,#729,.T.);
#729 = EDGE_CURVE('',#722,#730,#732,.T.);
#730 = VERTEX_POINT('',#731);
#731 = CARTESIAN_POINT('',(25.8,39.,26.6));
#732 = LINE('',#733,#734);
#733 = CARTESIAN_POINT('',(25.8,23.,26.6));
#734 = VECTOR('',#735,1.);
#735 = DIRECTION('',(-0.,1.,0.));
#736 = ORIENTED_EDGE('',*,*,#737,.F.);
#737 = EDGE_CURVE('',#738,#730,#740,.T.);
#738 = VERTEX_POINT('',#739);
#739 = CARTESIAN_POINT('',(24.4,39.,26.6));
#740 = LINE('',#741,#742);
#741 = CARTESIAN_POINT('',(24.4,39.,26.6));
#742 = VECTOR('',#743,1.);
#743 = DIRECTION('',(1.,0.,-0.));
#744 = ORIENTED_EDGE('',*,*,#745,.F.);
#745 = EDGE_CURVE('',#746,#738,#748,.T.);
#746 = VERTEX_POINT('',#747);
#747 = CARTESIAN_POINT('',(24.4,26.,26.6));
#748 = LINE('',#749,#750);
#749 = CARTESIAN_POINT('',(24.4,23.,26.6));
#750 = VECTOR('',#751,1.);
#751 = DIRECTION('',(-0.,1.,0.));
#752 = ORIENTED_EDGE('',*,*,#753,.F.);
#753 = EDGE_CURVE('',#754,#746,#756,.T.);
#754 = VERTEX_POINT('',#755);
#755 = CARTESIAN_POINT('',(22.2,26.,26.6));
#756 = LINE('',#757,#758);
#757 = CARTESIAN_POINT('',(10.,26.,26.6));
#758 = VECTOR('',#759,1.);
#759 = DIRECTION('',(1.,0.,-0.));
#760 = ORIENTED_EDGE('',*,*,#761,.T.);
#761 = EDGE_CURVE('',#754,#762,#764,.T.);
#762 = VERTEX_POINT('',#763);
#763 = CARTESIAN_POINT('',(22.2,39.,26.6));
#764 = LINE('',#765,#766);
#765 = CARTESIAN_POINT('',(22.2,23.,26.6));
#766 = VECTOR('',#767,1.);
#767 = DIRECTION('',(-0.,1.,0.));
#768 = ORIENTED_EDGE('',*,*,#769,.F.);
#769 = EDGE_CURVE('',#770,#762,#772,.T.);
#770 = VERTEX_POINT('',#771);
#771 = CARTESIAN_POINT('',(20.8,39.,26.6));
#772 = LINE('',#773,#774);
#773 = CARTESIAN_POINT('',(20.8,39.,26.6));
#774 = VECTOR('',#775,1.);
#775 = DIRECTION('',(1.,0.,-0.));
#776 = ORIENTED_EDGE('',*,*,#777,.F.);
#777 = EDGE_CURVE('',#778,#770,#780,.T.);
#778 = VERTEX_POINT('',#779);
#779 = CARTESIAN_POINT('',(20.8,26.,26.6));
#780 = LINE('',#781,#782);
#781 = CARTESIAN_POINT('',(20.8,23.,26.6));
#782 = VECTOR('',#783,1.);
#783 = DIRECTION('',(-0.,1.,0.));
#784 = ORIENTED_EDGE('',*,*,#785,.F.);
#785 = EDGE_CURVE('',#786,#778,#788,.T.);
#786 = VERTEX_POINT('',#787);
#787 = CARTESIAN_POINT('',(18.6,26.,26.6));
#788 = LINE('',#789,#790);
#789 = CARTESIAN_POINT('',(10.,26.,26.6));
#790 = VECTOR('',#791,1.);
#791 = DIRECTION('',(1.,0.,-0.));
#792 = ORIENTED_EDGE('',*,*,#793,.T.);
#793 = EDGE_CURVE('',#786,#794,#796,.T.);
#794 = VERTEX_POINT('',#795);
#795 = CARTESIAN_POINT('',(18.6,39.,26.6));
#796 = LINE('',#797,#798);
#797 = CARTESIAN_POINT('',(18.6,23.,26.6));
#798 = VECTOR('',#799,1.);
#799 = DIRECTION('',(-0.,1.,0.));
#800 = ORIENTED_EDGE('',*,*,#801,.F.);
#801 = EDGE_CURVE('',#802,#794,#804,.T.);
#802 = VERTEX_POINT('',#803);
#803 = CARTESIAN_POINT('',(17.2,39.,26.6));
#804 = LINE('',#805,#806);
#805 = CARTESIAN_POINT('',(17.2,39.,26.6));
#806 = VECTOR('',#807,1.);
#807 = DIRECTION('',(1.,0.,-0.));
#808 = ORIENTED_EDGE('',*,*,#809,.F.);
#809 = EDGE_CURVE('',#810,#802,#812,.T.);
#810 = VERTEX_POINT('',#811);
#811 = CARTESIAN_POINT('',(17.2,26.,26.6));
#812 = LINE('',#813,#814);
#813 = CARTESIAN_POINT('',(17.2,23.,26.6));
#814 = VECTOR('',#815,1.);
#815 = DIRECTION('',(-0.,1.,0.));
#816 = ORIENTED_EDGE('',*,*,#817,.F.);
#817 = EDGE_CURVE('',#818,#810,#820,.T.);
#818 = VERTEX_POINT('',#819);
#819 = CARTESIAN_POINT('',(15.,26.,26.6));
#820 = LINE('',#821,#822);
#821 = CARTESIAN_POINT('',(10.,26.,26.6));
#822 = VECTOR('',#823,1.);
#823 = DIRECTION('',(1.,0.,-0.));
#824 = ORIENTED_EDGE('',*,*,#825,.T.);
#825 = EDGE_CURVE('',#818,#826,#828,.T.);
#826 = VERTEX_POINT('',#827);
#827 = CARTESIAN_POINT('',(15.,39.,26.6));
#828 = LINE('',#829,#830);
#829 = CARTESIAN_POINT('',(15.,23.,26.6));
#830 = VECTOR('',#831,1.);
#831 = DIRECTION('',(-0.,1.,0.));
#832 = ORIENTED_EDGE('',*,*,#833,.F.);
#833 = EDGE_CURVE('',#834,#826,#836,.T.);
#834 = VERTEX_POINT('',#835);
#835 = CARTESIAN_POINT('',(13.6,39.,26.6));
#836 = LINE('',#837,#838);
#837 = CARTESIAN_POINT('',(13.6,39.,26.6));
#838 = VECTOR('',#839,1.);
#839 = DIRECTION('',(1.,0.,-0.));
#840 = ORIENTED_EDGE('',*,*,#841,.F.);
#841 = EDGE_CURVE('',#842,#834,#844,.T.);
#842 = VERTEX_POINT('',#843);
#843 = CARTESIAN_POINT('',(13.6,26.,26.6));
#844 = LINE('',#845,#846);
#845 = CARTESIAN_POINT('',(13.6,23.,26.6));
#846 = VECTOR('',#847,1.);
#847 = DIRECTION('',(-0.,1.,0.));
#848 = ORIENTED_EDGE('',*,*,#849,.F.);
#849 = EDGE_CURVE('',#850,#842,#852,.T.);
#850 = VERTEX_POINT('',#851);
#851 = CARTESIAN_POINT('',(11.4,26.,26.6));
#852 = LINE('',#853,#854);
#853 = CARTESIAN_POINT('',(10.,26.,26.6));
#854 = VECTOR('',#855,1.);
#855 = DIRECTION('',(1.,0.,-0.));
#856 = ORIENTED_EDGE('',*,*,#857,.T.);
#857 = EDGE_CURVE('',#850,#858,#860,.T.);
#858 = VERTEX_POINT('',#859);
#859 = CARTESIAN_POINT('',(11.4,39.,26.6));
#860 = LINE('',#861,#862);
#861 = CARTESIAN_POINT('',(11.4,23.,26.6));
#862 = VECTOR('',#863,1.);
#863 = DIRECTION('',(-0.,1.,0.));
#864 = ORIENTED_EDGE('',*,*,#865,.F.);
#865 = EDGE_CURVE('',#579,#858,#866,.T.);
#866 = LINE('',#867,#868);
#867 = CARTESIAN_POINT('',(10.,39.,26.6));
#868 = VECTOR('',#869,1.);
#869 = DIRECTION('',(1.,0.,-0.));
#870 = PLANE('',#871);
#871 = AXIS2_PLACEMENT_3D('',#872,#873,#874);
#872 = CARTESIAN_POINT('',(21.5,31.266666666667,26.6));
#873 = DIRECTION('',(0.,0.,1.));
#874 = DIRECTION('',(1.,0.,-0.));
#875 = ADVANCED_FACE('',(#876),#901,.T.);
#876 = FACE_BOUND('',#877,.T.);
#877 = EDGE_LOOP('',(#878,#879,#887,#895));
#878 = ORIENTED_EDGE('',*,*,#697,.F.);
#879 = ORIENTED_EDGE('',*,*,#880,.T.);
#880 = EDGE_CURVE('',#690,#881,#883,.T.);
#881 = VERTEX_POINT('',#882);
#882 = CARTESIAN_POINT('',(29.4,26.,3.6));
#883 = LINE('',#884,#885);
#884 = CARTESIAN_POINT('',(29.4,26.,1.6));
#885 = VECTOR('',#886,1.);
#886 = DIRECTION('',(-0.,0.,-1.));
#887 = ORIENTED_EDGE('',*,*,#888,.F.);
#888 = EDGE_CURVE('',#889,#881,#891,.T.);
#889 = VERTEX_POINT('',#890);
#890 = CARTESIAN_POINT('',(29.4,39.,3.6));
#891 = LINE('',#892,#893);
#892 = CARTESIAN_POINT('',(29.4,23.,3.6));
#893 = VECTOR('',#894,1.);
#894 = DIRECTION('',(0.,-1.,0.));
#895 = ORIENTED_EDGE('',*,*,#896,.T.);
#896 = EDGE_CURVE('',#889,#698,#897,.T.);
#897 = LINE('',#898,#899);
#898 = CARTESIAN_POINT('',(29.4,39.,1.6));
#899 = VECTOR('',#900,1.);
#900 = DIRECTION('',(0.,0.,1.));
#901 = PLANE('',#902);
#902 = AXIS2_PLACEMENT_3D('',#903,#904,#905);
#903 = CARTESIAN_POINT('',(29.4,23.,1.6));
#904 = DIRECTION('',(1.,0.,-0.));
#905 = DIRECTION('',(0.,0.,1.));
#906 = ADVANCED_FACE('',(#907),#925,.T.);
#907 = FACE_BOUND('',#908,.T.);
#908 = EDGE_LOOP('',(#909,#917,#918,#919));
#909 = ORIENTED_EDGE('',*,*,#910,.F.);
#910 = EDGE_CURVE('',#881,#911,#913,.T.);
#911 = VERTEX_POINT('',#912);
#912 = CARTESIAN_POINT('',(31.6,26.,3.6));
#913 = LINE('',#914,#915);
#914 = CARTESIAN_POINT('',(10.,26.,3.6));
#915 = VECTOR('',#916,1.);
#916 = DIRECTION('',(1.,0.,-0.));
#917 = ORIENTED_EDGE('',*,*,#880,.F.);
#918 = ORIENTED_EDGE('',*,*,#689,.T.);
#919 = ORIENTED_EDGE('',*,*,#920,.T.);
#920 = EDGE_CURVE('',#682,#911,#921,.T.);
#921 = LINE('',#922,#923);
#922 = CARTESIAN_POINT('',(31.6,26.,1.6));
#923 = VECTOR('',#924,1.);
#924 = DIRECTION('',(-0.,0.,-1.));
#925 = PLANE('',#926);
#926 = AXIS2_PLACEMENT_3D('',#927,#928,#929);
#927 = CARTESIAN_POINT('',(10.,26.,1.6));
#928 = DIRECTION('',(-0.,1.,0.));
#929 = DIRECTION('',(0.,0.,1.));
#930 = ADVANCED_FACE('',(#931),#949,.T.);
#931 = FACE_BOUND('',#932,.T.);
#932 = EDGE_LOOP('',(#933,#941,#942,#943));
#933 = ORIENTED_EDGE('',*,*,#934,.F.);
#934 = EDGE_CURVE('',#889,#935,#937,.T.);
#935 = VERTEX_POINT('',#936);
#936 = CARTESIAN_POINT('',(31.6,39.,3.6));
#937 = LINE('',#938,#939);
#938 = CARTESIAN_POINT('',(10.,39.,3.6));
#939 = VECTOR('',#940,1.);
#940 = DIRECTION('',(1.,0.,-0.));
#941 = ORIENTED_EDGE('',*,*,#888,.T.);
#942 = ORIENTED_EDGE('',*,*,#910,.T.);
#943 = ORIENTED_EDGE('',*,*,#944,.F.);
#944 = EDGE_CURVE('',#935,#911,#945,.T.);
#945 = LINE('',#946,#947);
#946 = CARTESIAN_POINT('',(31.6,23.,3.6));
#947 = VECTOR('',#948,1.);
#948 = DIRECTION('',(0.,-1.,0.));
#949 = PLANE('',#950);
#950 = AXIS2_PLACEMENT_3D('',#951,#952,#953);
#951 = CARTESIAN_POINT('',(10.,23.,3.6));
#952 = DIRECTION('',(0.,0.,1.));
#953 = DIRECTION('',(1.,0.,-0.));
#954 = ADVANCED_FACE('',(#955),#966,.F.);
#955 = FACE_BOUND('',#956,.F.);
#956 = EDGE_LOOP('',(#957,#958,#959,#960));
#957 = ORIENTED_EDGE('',*,*,#681,.F.);
#958 = ORIENTED_EDGE('',*,*,#920,.T.);
#959 = ORIENTED_EDGE('',*,*,#944,.F.);
#960 = ORIENTED_EDGE('',*,*,#961,.T.);
#961 = EDGE_CURVE('',#935,#674,#962,.T.);
#962 = LINE('',#963,#964);
#963 = CARTESIAN_POINT('',(31.6,39.,1.6));
#964 = VECTOR('',#965,1.);
#965 = DIRECTION('',(0.,0.,1.));
#966 = PLANE('',#967);
#967 = AXIS2_PLACEMENT_3D('',#968,#969,#970);
#968 = CARTESIAN_POINT('',(31.6,23.,1.6));
#969 = DIRECTION('',(1.,0.,-0.));
#970 = DIRECTION('',(0.,0.,1.));
#971 = ADVANCED_FACE('',(#972),#997,.T.);
#972 = FACE_BOUND('',#973,.T.);
#973 = EDGE_LOOP('',(#974,#975,#983,#991));
#974 = ORIENTED_EDGE('',*,*,#729,.F.);
#975 = ORIENTED_EDGE('',*,*,#976,.T.);
#976 = EDGE_CURVE('',#722,#977,#979,.T.);
#977 = VERTEX_POINT('',#978);
#978 = CARTESIAN_POINT('',(25.8,26.,3.6));
#979 = LINE('',#980,#981);
#980 = CARTESIAN_POINT('',(25.8,26.,1.6));
#981 = VECTOR('',#982,1.);
#982 = DIRECTION('',(-0.,0.,-1.));
#983 = ORIENTED_EDGE('',*,*,#984,.F.);
#984 = EDGE_CURVE('',#985,#977,#987,.T.);
#985 = VERTEX_POINT('',#986);
#986 = CARTESIAN_POINT('',(25.8,39.,3.6));
#987 = LINE('',#988,#989);
#988 = CARTESIAN_POINT('',(25.8,23.,3.6));
#989 = VECTOR('',#990,1.);
#990 = DIRECTION('',(0.,-1.,0.));
#991 = ORIENTED_EDGE('',*,*,#992,.T.);
#992 = EDGE_CURVE('',#985,#730,#993,.T.);
#993 = LINE('',#994,#995);
#994 = CARTESIAN_POINT('',(25.8,39.,1.6));
#995 = VECTOR('',#996,1.);
#996 = DIRECTION('',(0.,0.,1.));
#997 = PLANE('',#998);
#998 = AXIS2_PLACEMENT_3D('',#999,#1000,#1001);
#999 = CARTESIAN_POINT('',(25.8,23.,1.6));
#1000 = DIRECTION('',(1.,0.,-0.));
#1001 = DIRECTION('',(0.,0.,1.));
#1002 = ADVANCED_FACE('',(#1003),#1021,.T.);
#1003 = FACE_BOUND('',#1004,.T.);
#1004 = EDGE_LOOP('',(#1005,#1013,#1014,#1015));
#1005 = ORIENTED_EDGE('',*,*,#1006,.F.);
#1006 = EDGE_CURVE('',#977,#1007,#1009,.T.);
#1007 = VERTEX_POINT('',#1008);
#1008 = CARTESIAN_POINT('',(28.,26.,3.6));
#1009 = LINE('',#1010,#1011);
#1010 = CARTESIAN_POINT('',(10.,26.,3.6));
#1011 = VECTOR('',#1012,1.);
#1012 = DIRECTION('',(1.,0.,-0.));
#1013 = ORIENTED_EDGE('',*,*,#976,.F.);
#1014 = ORIENTED_EDGE('',*,*,#721,.T.);
#1015 = ORIENTED_EDGE('',*,*,#1016,.T.);
#1016 = EDGE_CURVE('',#714,#1007,#1017,.T.);
#1017 = LINE('',#1018,#1019);
#1018 = CARTESIAN_POINT('',(28.,26.,1.6));
#1019 = VECTOR('',#1020,1.);
#1020 = DIRECTION('',(-0.,0.,-1.));
#1021 = PLANE('',#1022);
#1022 = AXIS2_PLACEMENT_3D('',#1023,#1024,#1025);
#1023 = CARTESIAN_POINT('',(10.,26.,1.6));
#1024 = DIRECTION('',(-0.,1.,0.));
#1025 = DIRECTION('',(0.,0.,1.));
#1026 = ADVANCED_FACE('',(#1027),#1045,.T.);
#1027 = FACE_BOUND('',#1028,.T.);
#1028 = EDGE_LOOP('',(#1029,#1037,#1038,#1039));
#1029 = ORIENTED_EDGE('',*,*,#1030,.F.);
#1030 = EDGE_CURVE('',#985,#1031,#1033,.T.);
#1031 = VERTEX_POINT('',#1032);
#1032 = CARTESIAN_POINT('',(28.,39.,3.6));
#1033 = LINE('',#1034,#1035);
#1034 = CARTESIAN_POINT('',(10.,39.,3.6));
#1035 = VECTOR('',#1036,1.);
#1036 = DIRECTION('',(1.,0.,-0.));
#1037 = ORIENTED_EDGE('',*,*,#984,.T.);
#1038 = ORIENTED_EDGE('',*,*,#1006,.T.);
#1039 = ORIENTED_EDGE('',*,*,#1040,.F.);
#1040 = EDGE_CURVE('',#1031,#1007,#1041,.T.);
#1041 = LINE('',#1042,#1043);
#1042 = CARTESIAN_POINT('',(28.,23.,3.6));
#1043 = VECTOR('',#1044,1.);
#1044 = DIRECTION('',(0.,-1.,0.));
#1045 = PLANE('',#1046);
#1046 = AXIS2_PLACEMENT_3D('',#1047,#1048,#1049);
#1047 = CARTESIAN_POINT('',(10.,23.,3.6));
#1048 = DIRECTION('',(0.,0.,1.));
#1049 = DIRECTION('',(1.,0.,-0.));
#1050 = ADVANCED_FACE('',(#1051),#1062,.F.);
#1051 = FACE_BOUND('',#1052,.F.);
#1052 = EDGE_LOOP('',(#1053,#1054,#1055,#1056));
#1053 = ORIENTED_EDGE('',*,*,#713,.F.);
#1054 = ORIENTED_EDGE('',*,*,#1016,.T.);
#1055 = ORIENTED_EDGE('',*,*,#1040,.F.);
#1056 = ORIENTED_EDGE('',*,*,#1057,.T.);
#1057 = EDGE_CURVE('',#1031,#706,#1058,.T.);
#1058 = LINE('',#1059,#1060);
#1059 = CARTESIAN_POINT('',(28.,39.,1.6));
#1060 = VECTOR('',#1061,1.);
#1061 = DIRECTION('',(0.,0.,1.));
#1062 = PLANE('',#1063);
#1063 = AXIS2_PLACEMENT_3D('',#1064,#1065,#1066);
#1064 = CARTESIAN_POINT('',(28.,23.,1.6));
#1065 = DIRECTION('',(1.,0.,-0.));
#1066 = DIRECTION('',(0.,0.,1.));
#1067 = ADVANCED_FACE('',(#1068),#1093,.T.);
#1068 = FACE_BOUND('',#1069,.T.);
#1069 = EDGE_LOOP('',(#1070,#1071,#1079,#1087));
#1070 = ORIENTED_EDGE('',*,*,#761,.F.);
#1071 = ORIENTED_EDGE('',*,*,#1072,.T.);
#1072 = EDGE_CURVE('',#754,#1073,#1075,.T.);
#1073 = VERTEX_POINT('',#1074);
#1074 = CARTESIAN_POINT('',(22.2,26.,3.6));
#1075 = LINE('',#1076,#1077);
#1076 = CARTESIAN_POINT('',(22.2,26.,1.6));
#1077 = VECTOR('',#1078,1.);
#1078 = DIRECTION('',(-0.,0.,-1.));
#1079 = ORIENTED_EDGE('',*,*,#1080,.F.);
#1080 = EDGE_CURVE('',#1081,#1073,#1083,.T.);
#1081 = VERTEX_POINT('',#1082);
#1082 = CARTESIAN_POINT('',(22.2,39.,3.6));
#1083 = LINE('',#1084,#1085);
#1084 = CARTESIAN_POINT('',(22.2,23.,3.6));
#1085 = VECTOR('',#1086,1.);
#1086 = DIRECTION('',(0.,-1.,0.));
#1087 = ORIENTED_EDGE('',*,*,#1088,.T.);
#1088 = EDGE_CURVE('',#1081,#762,#1089,.T.);
#1089 = LINE('',#1090,#1091);
#1090 = CARTESIAN_POINT('',(22.2,39.,1.6));
#1091 = VECTOR('',#1092,1.);
#1092 = DIRECTION('',(0.,0.,1.));
#1093 = PLANE('',#1094);
#1094 = AXIS2_PLACEMENT_3D('',#1095,#1096,#1097);
#1095 = CARTESIAN_POINT('',(22.2,23.,1.6));
#1096 = DIRECTION('',(1.,0.,-0.));
#1097 = DIRECTION('',(0.,0.,1.));
#1098 = ADVANCED_FACE('',(#1099),#1117,.T.);
#1099 = FACE_BOUND('',#1100,.T.);
#1100 = EDGE_LOOP('',(#1101,#1109,#1110,#1111));
#1101 = ORIENTED_EDGE('',*,*,#1102,.F.);
#1102 = EDGE_CURVE('',#1073,#1103,#1105,.T.);
#1103 = VERTEX_POINT('',#1104);
#1104 = CARTESIAN_POINT('',(24.4,26.,3.6));
#1105 = LINE('',#1106,#1107);
#1106 = CARTESIAN_POINT('',(10.,26.,3.6));
#1107 = VECTOR('',#1108,1.);
#1108 = DIRECTION('',(1.,0.,-0.));
#1109 = ORIENTED_EDGE('',*,*,#1072,.F.);
#1110 = ORIENTED_EDGE('',*,*,#753,.T.);
#1111 = ORIENTED_EDGE('',*,*,#1112,.T.);
#1112 = EDGE_CURVE('',#746,#1103,#1113,.T.);
#1113 = LINE('',#1114,#1115);
#1114 = CARTESIAN_POINT('',(24.4,26.,1.6));
#1115 = VECTOR('',#1116,1.);
#1116 = DIRECTION('',(-0.,0.,-1.));
#1117 = PLANE('',#1118);
#1118 = AXIS2_PLACEMENT_3D('',#1119,#1120,#1121);
#1119 = CARTESIAN_POINT('',(10.,26.,1.6));
#1120 = DIRECTION('',(-0.,1.,0.));
#1121 = DIRECTION('',(0.,0.,1.));
#1122 = ADVANCED_FACE('',(#1123),#1141,.T.);
#1123 = FACE_BOUND('',#1124,.T.);
#1124 = EDGE_LOOP('',(#1125,#1133,#1134,#1135));
#1125 = ORIENTED_EDGE('',*,*,#1126,.F.);
#1126 = EDGE_CURVE('',#1081,#1127,#1129,.T.);
#1127 = VERTEX_POINT('',#1128);
#1128 = CARTESIAN_POINT('',(24.4,39.,3.6));
#1129 = LINE('',#1130,#1131);
#1130 = CARTESIAN_POINT('',(10.,39.,3.6));
#1131 = VECTOR('',#1132,1.);
#1132 = DIRECTION('',(1.,0.,-0.));
#1133 = ORIENTED_EDGE('',*,*,#1080,.T.);
#1134 = ORIENTED_EDGE('',*,*,#1102,.T.);
#1135 = ORIENTED_EDGE('',*,*,#1136,.F.);
#1136 = EDGE_CURVE('',#1127,#1103,#1137,.T.);
#1137 = LINE('',#1138,#1139);
#1138 = CARTESIAN_POINT('',(24.4,23.,3.6));
#1139 = VECTOR('',#1140,1.);
#1140 = DIRECTION('',(0.,-1.,0.));
#1141 = PLANE('',#1142);
#1142 = AXIS2_PLACEMENT_3D('',#1143,#1144,#1145);
#1143 = CARTESIAN_POINT('',(10.,23.,3.6));
#1144 = DIRECTION('',(0.,0.,1.));
#1145 = DIRECTION('',(1.,0.,-0.));
#1146 = ADVANCED_FACE('',(#1147),#1158,.F.);
#1147 = FACE_BOUND('',#1148,.F.);
#1148 = EDGE_LOOP('',(#1149,#1150,#1151,#1152));
#1149 = ORIENTED_EDGE('',*,*,#745,.F.);
#1150 = ORIENTED_EDGE('',*,*,#1112,.T.);
#1151 = ORIENTED_EDGE('',*,*,#1136,.F.);
#1152 = ORIENTED_EDGE('',*,*,#1153,.T.);
#1153 = EDGE_CURVE('',#1127,#738,#1154,.T.);
#1154 = LINE('',#1155,#1156);
#1155 = CARTESIAN_POINT('',(24.4,39.,1.6));
#1156 = VECTOR('',#1157,1.);
#1157 = DIRECTION('',(0.,0.,1.));
#1158 = PLANE('',#1159);
#1159 = AXIS2_PLACEMENT_3D('',#1160,#1161,#1162);
#1160 = CARTESIAN_POINT('',(24.4,23.,1.6));
#1161 = DIRECTION('',(1.,0.,-0.));
#1162 = DIRECTION('',(0.,0.,1.));
#1163 = ADVANCED_FACE('',(#1164),#1189,.T.);
#1164 = FACE_BOUND('',#1165,.T.);
#1165 = EDGE_LOOP('',(#1166,#1167,#1175,#1183));
#1166 = ORIENTED_EDGE('',*,*,#793,.F.);
#1167 = ORIENTED_EDGE('',*,*,#1168,.T.);
#1168 = EDGE_CURVE('',#786,#1169,#1171,.T.);
#1169 = VERTEX_POINT('',#1170);
#1170 = CARTESIAN_POINT('',(18.6,26.,3.6));
#1171 = LINE('',#1172,#1173);
#1172 = CARTESIAN_POINT('',(18.6,26.,1.6));
#1173 = VECTOR('',#1174,1.);
#1174 = DIRECTION('',(-0.,0.,-1.));
#1175 = ORIENTED_EDGE('',*,*,#1176,.F.);
#1176 = EDGE_CURVE('',#1177,#1169,#1179,.T.);
#1177 = VERTEX_POINT('',#1178);
#1178 = CARTESIAN_POINT('',(18.6,39.,3.6));
#1179 = LINE('',#1180,#1181);
#1180 = CARTESIAN_POINT('',(18.6,23.,3.6));
#1181 = VECTOR('',#1182,1.);
#1182 = DIRECTION('',(0.,-1.,0.));
#1183 = ORIENTED_EDGE('',*,*,#1184,.T.);
#1184 = EDGE_CURVE('',#1177,#794,#1185,.T.);
#1185 = LINE('',#1186,#1187);
#1186 = CARTESIAN_POINT('',(18.6,39.,1.6));
#1187 = VECTOR('',#1188,1.);
#1188 = DIRECTION('',(0.,0.,1.));
#1189 = PLANE('',#1190);
#1190 = AXIS2_PLACEMENT_3D('',#1191,#1192,#1193);
#1191 = CARTESIAN_POINT('',(18.6,23.,1.6));
#1192 = DIRECTION('',(1.,0.,-0.));
#1193 = DIRECTION('',(0.,0.,1.));
#1194 = ADVANCED_FACE('',(#1195),#1213,.T.);
#1195 = FACE_BOUND('',#1196,.T.);
#1196 = EDGE_LOOP('',(#1197,#1205,#1206,#1207));
#1197 = ORIENTED_EDGE('',*,*,#1198,.F.);
#1198 = EDGE_CURVE('',#1169,#1199,#1201,.T.);
#1199 = VERTEX_POINT('',#1200);
#1200 = CARTESIAN_POINT('',(20.8,26.,3.6));
#1201 = LINE('',#1202,#1203);
#1202 = CARTESIAN_POINT('',(10.,26.,3.6));
#1203 = VECTOR('',#1204,1.);
#1204 = DIRECTION('',(1.,0.,-0.));
#1205 = ORIENTED_EDGE('',*,*,#1168,.F.);
#1206 = ORIENTED_EDGE('',*,*,#785,.T.);
#1207 = ORIENTED_EDGE('',*,*,#1208,.T.);
#1208 = EDGE_CURVE('',#778,#1199,#1209,.T.);
#1209 = LINE('',#1210,#1211);
#1210 = CARTESIAN_POINT('',(20.8,26.,1.6));
#1211 = VECTOR('',#1212,1.);
#1212 = DIRECTION('',(-0.,0.,-1.));
#1213 = PLANE('',#1214);
#1214 = AXIS2_PLACEMENT_3D('',#1215,#1216,#1217);
#1215 = CARTESIAN_POINT('',(10.,26.,1.6));
#1216 = DIRECTION('',(-0.,1.,0.));
#1217 = DIRECTION('',(0.,0.,1.));
#1218 = ADVANCED_FACE('',(#1219),#1237,.T.);
#1219 = FACE_BOUND('',#1220,.T.);
#1220 = EDGE_LOOP('',(#1221,#1229,#1230,#1231));
#1221 = ORIENTED_EDGE('',*,*,#1222,.F.);
#1222 = EDGE_CURVE('',#1177,#1223,#1225,.T.);
#1223 = VERTEX_POINT('',#1224);
#1224 = CARTESIAN_POINT('',(20.8,39.,3.6));
#1225 = LINE('',#1226,#1227);
#1226 = CARTESIAN_POINT('',(10.,39.,3.6));
#1227 = VECTOR('',#1228,1.);
#1228 = DIRECTION('',(1.,0.,-0.));
#1229 = ORIENTED_EDGE('',*,*,#1176,.T.);
#1230 = ORIENTED_EDGE('',*,*,#1198,.T.);
#1231 = ORIENTED_EDGE('',*,*,#1232,.F.);
#1232 = EDGE_CURVE('',#1223,#1199,#1233,.T.);
#1233 = LINE('',#1234,#1235);
#1234 = CARTESIAN_POINT('',(20.8,23.,3.6));
#1235 = VECTOR('',#1236,1.);
#1236 = DIRECTION('',(0.,-1.,0.));
#1237 = PLANE('',#1238);
#1238 = AXIS2_PLACEMENT_3D('',#1239,#1240,#1241);
#1239 = CARTESIAN_POINT('',(10.,23.,3.6));
#1240 = DIRECTION('',(0.,0.,1.));
#1241 = DIRECTION('',(1.,0.,-0.));
#1242 = ADVANCED_FACE('',(#1243),#1254,.F.);
#1243 = FACE_BOUND('',#1244,.F.);
#1244 = EDGE_LOOP('',(#1245,#1246,#1247,#1248));
#1245 = ORIENTED_EDGE('',*,*,#777,.F.);
#1246 = ORIENTED_EDGE('',*,*,#1208,.T.);
#1247 = ORIENTED_EDGE('',*,*,#1232,.F.);
#1248 = ORIENTED_EDGE('',*,*,#1249,.T.);
#1249 = EDGE_CURVE('',#1223,#770,#1250,.T.);
#1250 = LINE('',#1251,#1252);
#1251 = CARTESIAN_POINT('',(20.8,39.,1.6));
#1252 = VECTOR('',#1253,1.);
#1253 = DIRECTION('',(0.,0.,1.));
#1254 = PLANE('',#1255);
#1255 = AXIS2_PLACEMENT_3D('',#1256,#1257,#1258);
#1256 = CARTESIAN_POINT('',(20.8,23.,1.6));
#1257 = DIRECTION('',(1.,0.,-0.));
#1258 = DIRECTION('',(0.,0.,1.));
#1259 = ADVANCED_FACE('',(#1260),#1285,.T.);
#1260 = FACE_BOUND('',#1261,.T.);
#1261 = EDGE_LOOP('',(#1262,#1263,#1271,#1279));
#1262 = ORIENTED_EDGE('',*,*,#825,.F.);
#1263 = ORIENTED_EDGE('',*,*,#1264,.T.);
#1264 = EDGE_CURVE('',#818,#1265,#1267,.T.);
#1265 = VERTEX_POINT('',#1266);
#1266 = CARTESIAN_POINT('',(15.,26.,3.6));
#1267 = LINE('',#1268,#1269);
#1268 = CARTESIAN_POINT('',(15.,26.,1.6));
#1269 = VECTOR('',#1270,1.);
#1270 = DIRECTION('',(-0.,0.,-1.));
#1271 = ORIENTED_EDGE('',*,*,#1272,.F.);
#1272 = EDGE_CURVE('',#1273,#1265,#1275,.T.);
#1273 = VERTEX_POINT('',#1274);
#1274 = CARTESIAN_POINT('',(15.,39.,3.6));
#1275 = LINE('',#1276,#1277);
#1276 = CARTESIAN_POINT('',(15.,23.,3.6));
#1277 = VECTOR('',#1278,1.);
#1278 = DIRECTION('',(0.,-1.,0.));
#1279 = ORIENTED_EDGE('',*,*,#1280,.T.);
#1280 = EDGE_CURVE('',#1273,#826,#1281,.T.);
#1281 = LINE('',#1282,#1283);
#1282 = CARTESIAN_POINT('',(15.,39.,1.6));
#1283 = VECTOR('',#1284,1.);
#1284 = DIRECTION('',(0.,0.,1.));
#1285 = PLANE('',#1286);
#1286 = AXIS2_PLACEMENT_3D('',#1287,#1288,#1289);
#1287 = CARTESIAN_POINT('',(15.,23.,1.6));
#1288 = DIRECTION('',(1.,0.,-0.));
#1289 = DIRECTION('',(0.,0.,1.));
#1290 = ADVANCED_FACE('',(#1291),#1309,.T.);
#1291 = FACE_BOUND('',#1292,.T.);
#1292 = EDGE_LOOP('',(#1293,#1301,#1302,#1303));
#1293 = ORIENTED_EDGE('',*,*,#1294,.F.);
#1294 = EDGE_CURVE('',#1265,#1295,#1297,.T.);
#1295 = VERTEX_POINT('',#1296);
#1296 = CARTESIAN_POINT('',(17.2,26.,3.6));
#1297 = LINE('',#1298,#1299);
#1298 = CARTESIAN_POINT('',(10.,26.,3.6));
#1299 = VECTOR('',#1300,1.);
#1300 = DIRECTION('',(1.,0.,-0.));
#1301 = ORIENTED_EDGE('',*,*,#1264,.F.);
#1302 = ORIENTED_EDGE('',*,*,#817,.T.);
#1303 = ORIENTED_EDGE('',*,*,#1304,.T.);
#1304 = EDGE_CURVE('',#810,#1295,#1305,.T.);
#1305 = LINE('',#1306,#1307);
#1306 = CARTESIAN_POINT('',(17.2,26.,1.6));
#1307 = VECTOR('',#1308,1.);
#1308 = DIRECTION('',(-0.,0.,-1.));
#1309 = PLANE('',#1310);
#1310 = AXIS2_PLACEMENT_3D('',#1311,#1312,#1313);
#1311 = CARTESIAN_POINT('',(10.,26.,1.6));
#1312 = DIRECTION('',(-0.,1.,0.));
#1313 = DIRECTION('',(0.,0.,1.));
#1314 = ADVANCED_FACE('',(#1315),#1333,.T.);
#1315 = FACE_BOUND('',#1316,.T.);
#1316 = EDGE_LOOP('',(#1317,#1325,#1326,#1327));
#1317 = ORIENTED_EDGE('',*,*,#1318,.F.);
#1318 = EDGE_CURVE('',#1273,#1319,#1321,.T.);
#1319 = VERTEX_POINT('',#1320);
#1320 = CARTESIAN_POINT('',(17.2,39.,3.6));
#1321 = LINE('',#1322,#1323);
#1322 = CARTESIAN_POINT('',(10.,39.,3.6));
#1323 = VECTOR('',#1324,1.);
#1324 = DIRECTION('',(1.,0.,-0.));
#1325 = ORIENTED_EDGE('',*,*,#1272,.T.);
#1326 = ORIENTED_EDGE('',*,*,#1294,.T.);
#1327 = ORIENTED_EDGE('',*,*,#1328,.F.);
#1328 = EDGE_CURVE('',#1319,#1295,#1329,.T.);
#1329 = LINE('',#1330,#1331);
#1330 = CARTESIAN_POINT('',(17.2,23.,3.6));
#1331 = VECTOR('',#1332,1.);
#1332 = DIRECTION('',(0.,-1.,0.));
#1333 = PLANE('',#1334);
#1334 = AXIS2_PLACEMENT_3D('',#1335,#1336,#1337);
#1335 = CARTESIAN_POINT('',(10.,23.,3.6));
#1336 = DIRECTION('',(0.,0.,1.));
#1337 = DIRECTION('',(1.,0.,-0.));
#1338 = ADVANCED_FACE('',(#1339),#1350,.F.);
#1339 = FACE_BOUND('',#1340,.F.);
#1340 = EDGE_LOOP('',(#1341,#1342,#1343,#1344));
#1341 = ORIENTED_EDGE('',*,*,#809,.F.);
#1342 = ORIENTED_EDGE('',*,*,#1304,.T.);
#1343 = ORIENTED_EDGE('',*,*,#1328,.F.);
#1344 = ORIENTED_EDGE('',*,*,#1345,.T.);
#1345 = EDGE_CURVE('',#1319,#802,#1346,.T.);
#1346 = LINE('',#1347,#1348);
#1347 = CARTESIAN_POINT('',(17.2,39.,1.6));
#1348 = VECTOR('',#1349,1.);
#1349 = DIRECTION('',(0.,0.,1.));
#1350 = PLANE('',#1351);
#1351 = AXIS2_PLACEMENT_3D('',#1352,#1353,#1354);
#1352 = CARTESIAN_POINT('',(17.2,23.,1.6));
#1353 = DIRECTION('',(1.,0.,-0.));
#1354 = DIRECTION('',(0.,0.,1.));
#1355 = ADVANCED_FACE('',(#1356),#1381,.T.);
#1356 = FACE_BOUND('',#1357,.T.);
#1357 = EDGE_LOOP('',(#1358,#1359,#1367,#1375));
#1358 = ORIENTED_EDGE('',*,*,#857,.F.);
#1359 = ORIENTED_EDGE('',*,*,#1360,.T.);
#1360 = EDGE_CURVE('',#850,#1361,#1363,.T.);
#1361 = VERTEX_POINT('',#1362);
#1362 = CARTESIAN_POINT('',(11.4,26.,3.6));
#1363 = LINE('',#1364,#1365);
#1364 = CARTESIAN_POINT('',(11.4,26.,1.6));
#1365 = VECTOR('',#1366,1.);
#1366 = DIRECTION('',(-0.,0.,-1.));
#1367 = ORIENTED_EDGE('',*,*,#1368,.F.);
#1368 = EDGE_CURVE('',#1369,#1361,#1371,.T.);
#1369 = VERTEX_POINT('',#1370);
#1370 = CARTESIAN_POINT('',(11.4,39.,3.6));
#1371 = LINE('',#1372,#1373);
#1372 = CARTESIAN_POINT('',(11.4,23.,3.6));
#1373 = VECTOR('',#1374,1.);
#1374 = DIRECTION('',(0.,-1.,0.));
#1375 = ORIENTED_EDGE('',*,*,#1376,.T.);
#1376 = EDGE_CURVE('',#1369,#858,#1377,.T.);
#1377 = LINE('',#1378,#1379);
#1378 = CARTESIAN_POINT('',(11.4,39.,1.6));
#1379 = VECTOR('',#1380,1.);
#1380 = DIRECTION('',(0.,0.,1.));
#1381 = PLANE('',#1382);
#1382 = AXIS2_PLACEMENT_3D('',#1383,#1384,#1385);
#1383 = CARTESIAN_POINT('',(11.4,23.,1.6));
#1384 = DIRECTION('',(1.,0.,-0.));
#1385 = DIRECTION('',(0.,0.,1.));
#1386 = ADVANCED_FACE('',(#1387),#1405,.T.);
#1387 = FACE_BOUND('',#1388,.T.);
#1388 = EDGE_LOOP('',(#1389,#1397,#1398,#1399));
#1389 = ORIENTED_EDGE('',*,*,#1390,.F.);
#1390 = EDGE_CURVE('',#1361,#1391,#1393,.T.);
#1391 = VERTEX_POINT('',#1392);
#1392 = CARTESIAN_POINT('',(13.6,26.,3.6));
#1393 = LINE('',#1394,#1395);
#1394 = CARTESIAN_POINT('',(10.,26.,3.6));
#1395 = VECTOR('',#1396,1.);
#1396 = DIRECTION('',(1.,0.,-0.));
#1397 = ORIENTED_EDGE('',*,*,#1360,.F.);
#1398 = ORIENTED_EDGE('',*,*,#849,.T.);
#1399 = ORIENTED_EDGE('',*,*,#1400,.T.);
#1400 = EDGE_CURVE('',#842,#1391,#1401,.T.);
#1401 = LINE('',#1402,#1403);
#1402 = CARTESIAN_POINT('',(13.6,26.,1.6));
#1403 = VECTOR('',#1404,1.);
#1404 = DIRECTION('',(-0.,0.,-1.));
#1405 = PLANE('',#1406);
#1406 = AXIS2_PLACEMENT_3D('',#1407,#1408,#1409);
#1407 = CARTESIAN_POINT('',(10.,26.,1.6));
#1408 = DIRECTION('',(-0.,1.,0.));
#1409 = DIRECTION('',(0.,0.,1.));
#1410 = ADVANCED_FACE('',(#1411),#1429,.T.);
#1411 = FACE_BOUND('',#1412,.T.);
#1412 = EDGE_LOOP('',(#1413,#1421,#1422,#1423));
#1413 = ORIENTED_EDGE('',*,*,#1414,.F.);
#1414 = EDGE_CURVE('',#1369,#1415,#1417,.T.);
#1415 = VERTEX_POINT('',#1416);
#1416 = CARTESIAN_POINT('',(13.6,39.,3.6));
#1417 = LINE('',#1418,#1419);
#1418 = CARTESIAN_POINT('',(10.,39.,3.6));
#1419 = VECTOR('',#1420,1.);
#1420 = DIRECTION('',(1.,0.,-0.));
#1421 = ORIENTED_EDGE('',*,*,#1368,.T.);
#1422 = ORIENTED_EDGE('',*,*,#1390,.T.);
#1423 = ORIENTED_EDGE('',*,*,#1424,.F.);
#1424 = EDGE_CURVE('',#1415,#1391,#1425,.T.);
#1425 = LINE('',#1426,#1427);
#1426 = CARTESIAN_POINT('',(13.6,23.,3.6));
#1427 = VECTOR('',#1428,1.);
#1428 = DIRECTION('',(0.,-1.,0.));
#1429 = PLANE('',#1430);
#1430 = AXIS2_PLACEMENT_3D('',#1431,#1432,#1433);
#1431 = CARTESIAN_POINT('',(10.,23.,3.6));
#1432 = DIRECTION('',(0.,0.,1.));
#1433 = DIRECTION('',(1.,0.,-0.));
#1434 = ADVANCED_FACE('',(#1435),#1446,.F.);
#1435 = FACE_BOUND('',#1436,.F.);
#1436 = EDGE_LOOP('',(#1437,#1438,#1439,#1440));
#1437 = ORIENTED_EDGE('',*,*,#841,.F.);
#1438 = ORIENTED_EDGE('',*,*,#1400,.T.);
#1439 = ORIENTED_EDGE('',*,*,#1424,.F.);
#1440 = ORIENTED_EDGE('',*,*,#1441,.T.);
#1441 = EDGE_CURVE('',#1415,#834,#1442,.T.);
#1442 = LINE('',#1443,#1444);
#1443 = CARTESIAN_POINT('',(13.6,39.,1.6));
#1444 = VECTOR('',#1445,1.);
#1445 = DIRECTION('',(0.,0.,1.));
#1446 = PLANE('',#1447);
#1447 = AXIS2_PLACEMENT_3D('',#1448,#1449,#1450);
#1448 = CARTESIAN_POINT('',(13.6,23.,1.6));
#1449 = DIRECTION('',(1.,0.,-0.));
#1450 = DIRECTION('',(0.,0.,1.));
#1451 = ADVANCED_FACE('',(#1452),#1487,.T.);
#1452 = FACE_BOUND('',#1453,.T.);
#1453 = EDGE_LOOP('',(#1454,#1455,#1456,#1457,#1458,#1459,#1460,#1461,
    #1462,#1463,#1464,#1465,#1466,#1467,#1468,#1469,#1470,#1471,#1472,
    #1473,#1474,#1475,#1476,#1477,#1478,#1479,#1480,#1481));
#1454 = ORIENTED_EDGE('',*,*,#640,.F.);
#1455 = ORIENTED_EDGE('',*,*,#586,.T.);
#1456 = ORIENTED_EDGE('',*,*,#865,.T.);
#1457 = ORIENTED_EDGE('',*,*,#1376,.F.);
#1458 = ORIENTED_EDGE('',*,*,#1414,.T.);
#1459 = ORIENTED_EDGE('',*,*,#1441,.T.);
#1460 = ORIENTED_EDGE('',*,*,#833,.T.);
#1461 = ORIENTED_EDGE('',*,*,#1280,.F.);
#1462 = ORIENTED_EDGE('',*,*,#1318,.T.);
#1463 = ORIENTED_EDGE('',*,*,#1345,.T.);
#1464 = ORIENTED_EDGE('',*,*,#801,.T.);
#1465 = ORIENTED_EDGE('',*,*,#1184,.F.);
#1466 = ORIENTED_EDGE('',*,*,#1222,.T.);
#1467 = ORIENTED_EDGE('',*,*,#1249,.T.);
#1468 = ORIENTED_EDGE('',*,*,#769,.T.);
#1469 = ORIENTED_EDGE('',*,*,#1088,.F.);
#1470 = ORIENTED_EDGE('',*,*,#1126,.T.);
#1471 = ORIENTED_EDGE('',*,*,#1153,.T.);
#1472 = ORIENTED_EDGE('',*,*,#737,.T.);
#1473 = ORIENTED_EDGE('',*,*,#992,.F.);
#1474 = ORIENTED_EDGE('',*,*,#1030,.T.);
#1475 = ORIENTED_EDGE('',*,*,#1057,.T.);
#1476 = ORIENTED_EDGE('',*,*,#705,.T.);
#1477 = ORIENTED_EDGE('',*,*,#896,.F.);
#1478 = ORIENTED_EDGE('',*,*,#934,.T.);
#1479 = ORIENTED_EDGE('',*,*,#961,.T.);
#1480 = ORIENTED_EDGE('',*,*,#673,.T.);
#1481 = ORIENTED_EDGE('',*,*,#1482,.F.);
#1482 = EDGE_CURVE('',#641,#666,#1483,.T.);
#1483 = LINE('',#1484,#1485);
#1484 = CARTESIAN_POINT('',(33.,39.,1.6));
#1485 = VECTOR('',#1486,1.);
#1486 = DIRECTION('',(0.,0.,1.));
#1487 = PLANE('',#1488);
#1488 = AXIS2_PLACEMENT_3D('',#1489,#1490,#1491);
#1489 = CARTESIAN_POINT('',(21.5,39.,14.025806451613));
#1490 = DIRECTION('',(0.,1.,0.));
#1491 = DIRECTION('',(0.,-0.,1.));
#1492 = ADVANCED_FACE('',(#1493),#1499,.T.);
#1493 = FACE_BOUND('',#1494,.T.);
#1494 = EDGE_LOOP('',(#1495,#1496,#1497,#1498));
#1495 = ORIENTED_EDGE('',*,*,#616,.F.);
#1496 = ORIENTED_EDGE('',*,*,#648,.T.);
#1497 = ORIENTED_EDGE('',*,*,#1482,.T.);
#1498 = ORIENTED_EDGE('',*,*,#665,.F.);
#1499 = PLANE('',#1500);
#1500 = AXIS2_PLACEMENT_3D('',#1501,#1502,#1503);
#1501 = CARTESIAN_POINT('',(33.,31.,14.1));
#1502 = DIRECTION('',(1.,0.,0.));
#1503 = DIRECTION('',(-0.,0.,1.));
#1504 = ( GEOMETRIC_REPRESENTATION_CONTEXT(3) 
GLOBAL_UNCERTAINTY_ASSIGNED_CONTEXT((#1508)) 
GLOBAL_UNIT_ASSIGNED_CONTEXT((#1505,#1506,#1507)) REPRESENTATION_CONTEXT
('Context #1','3D Context with UNIT and UNCERTAINTY') );
#1505 = ( LENGTH_UNIT() NAMED_UNIT(*) SI_UNIT(.MILLI.,.METRE.) );
#1506 = ( NAMED_UNIT(*) PLANE_ANGLE_UNIT() SI_UNIT($,.RADIAN.) );
#1507 = ( NAMED_UNIT(*) SI_UNIT($,.STERADIAN.) SOLID_ANGLE_UNIT() );
#1508 = UNCERTAINTY_MEASURE_WITH_UNIT(LENGTH_MEASURE(1.E-07),#1505,
  'distance_accuracy_value','confusion accuracy');
#1509 = CONTEXT_DEPENDENT_SHAPE_REPRESENTATION(#1510,#1512);
#1510 = ( REPRESENTATION_RELATIONSHIP('','',#561,#10) 
REPRESENTATION_RELATIONSHIP_WITH_TRANSFORMATION(#1511) 
SHAPE_REPRESENTATION_RELATIONSHIP() );
#1511 = ITEM_DEFINED_TRANSFORMATION('','',#11,#19);
#1512 = PRODUCT_DEFINITION_SHAPE('Placement','Placement of an item',
  #1513);
#1513 = NEXT_ASSEMBLY_USAGE_OCCURRENCE('2','Heatsink','',#5,#556,$);
#1514 = PRODUCT_RELATED_PRODUCT_CATEGORY('part',$,(#558));
#1515 = SHAPE_DEFINITION_REPRESENTATION(#1516,#1522);
#1516 = PRODUCT_DEFINITION_SHAPE('','',#1517);
#1517 = PRODUCT_DEFINITION('design','',#1518,#1521);
#1518 = PRODUCT_DEFINITION_FORMATION('','',#1519);
#1519 = PRODUCT('L298N','L298N','',(#1520));
#1520 = PRODUCT_CONTEXT('',#2,'mechanical');
#1521 = PRODUCT_DEFINITION_CONTEXT('part definition',#2,'design');
#1522 = ADVANCED_BREP_SHAPE_REPRESENTATION('',(#11,#1523),#1673);
#1523 = MANIFOLD_SOLID_BREP('',#1524);
#1524 = CLOSED_SHELL('',(#1525,#1565,#1605,#1627,#1649,#1661));
#1525 = ADVANCED_FACE('',(#1526),#1560,.F.);
#1526 = FACE_BOUND('',#1527,.F.);
#1527 = EDGE_LOOP('',(#1528,#1538,#1546,#1554));
#1528 = ORIENTED_EDGE('',*,*,#1529,.F.);
#1529 = EDGE_CURVE('',#1530,#1532,#1534,.T.);
#1530 = VERTEX_POINT('',#1531);
#1531 = CARTESIAN_POINT('',(11.5,18.,6.6));
#1532 = VERTEX_POINT('',#1533);
#1533 = CARTESIAN_POINT('',(11.5,18.,17.3));
#1534 = LINE('',#1535,#1536);
#1535 = CARTESIAN_POINT('',(11.5,18.,6.6));
#1536 = VECTOR('',#1537,1.);
#1537 = DIRECTION('',(0.,0.,1.));
#1538 = ORIENTED_EDGE('',*,*,#1539,.T.);
#1539 = EDGE_CURVE('',#1530,#1540,#1542,.T.);
#1540 = VERTEX_POINT('',#1541);
#1541 = CARTESIAN_POINT('',(11.5,23.,6.6));
#1542 = LINE('',#1543,#1544);
#1543 = CARTESIAN_POINT('',(11.5,18.,6.6));
#1544 = VECTOR('',#1545,1.);
#1545 = DIRECTION('',(-0.,1.,0.));
#1546 = ORIENTED_EDGE('',*,*,#1547,.T.);
#1547 = EDGE_CURVE('',#1540,#1548,#1550,.T.);
#1548 = VERTEX_POINT('',#1549);
#1549 = CARTESIAN_POINT('',(11.5,23.,17.3));
#1550 = LINE('',#1551,#1552);
#1551 = CARTESIAN_POINT('',(11.5,23.,6.6));
#1552 = VECTOR('',#1553,1.);
#1553 = DIRECTION('',(0.,0.,1.));
#1554 = ORIENTED_EDGE('',*,*,#1555,.F.);
#1555 = EDGE_CURVE('',#1532,#1548,#1556,.T.);
#1556 = LINE('',#1557,#1558);
#1557 = CARTESIAN_POINT('',(11.5,18.,17.3));
#1558 = VECTOR('',#1559,1.);
#1559 = DIRECTION('',(-0.,1.,0.));
#1560 = PLANE('',#1561);
#1561 = AXIS2_PLACEMENT_3D('',#1562,#1563,#1564);
#1562 = CARTESIAN_POINT('',(11.5,18.,6.6));
#1563 = DIRECTION('',(1.,0.,-0.));
#1564 = DIRECTION('',(0.,0.,1.));
#1565 = ADVANCED_FACE('',(#1566),#1600,.T.);
#1566 = FACE_BOUND('',#1567,.T.);
#1567 = EDGE_LOOP('',(#1568,#1578,#1586,#1594));
#1568 = ORIENTED_EDGE('',*,*,#1569,.F.);
#1569 = EDGE_CURVE('',#1570,#1572,#1574,.T.);
#1570 = VERTEX_POINT('',#1571);
#1571 = CARTESIAN_POINT('',(31.5,18.,6.6));
#1572 = VERTEX_POINT('',#1573);
#1573 = CARTESIAN_POINT('',(31.5,18.,17.3));
#1574 = LINE('',#1575,#1576);
#1575 = CARTESIAN_POINT('',(31.5,18.,6.6));
#1576 = VECTOR('',#1577,1.);
#1577 = DIRECTION('',(0.,0.,1.));
#1578 = ORIENTED_EDGE('',*,*,#1579,.T.);
#1579 = EDGE_CURVE('',#1570,#1580,#1582,.T.);
#1580 = VERTEX_POINT('',#1581);
#1581 = CARTESIAN_POINT('',(31.5,23.,6.6));
#1582 = LINE('',#1583,#1584);
#1583 = CARTESIAN_POINT('',(31.5,18.,6.6));
#1584 = VECTOR('',#1585,1.);
#1585 = DIRECTION('',(-0.,1.,0.));
#1586 = ORIENTED_EDGE('',*,*,#1587,.T.);
#1587 = EDGE_CURVE('',#1580,#1588,#1590,.T.);
#1588 = VERTEX_POINT('',#1589);
#1589 = CARTESIAN_POINT('',(31.5,23.,17.3));
#1590 = LINE('',#1591,#1592);
#1591 = CARTESIAN_POINT('',(31.5,23.,6.6));
#1592 = VECTOR('',#1593,1.);
#1593 = DIRECTION('',(0.,0.,1.));
#1594 = ORIENTED_EDGE('',*,*,#1595,.F.);
#1595 = EDGE_CURVE('',#1572,#1588,#1596,.T.);
#1596 = LINE('',#1597,#1598);
#1597 = CARTESIAN_POINT('',(31.5,18.,17.3));
#1598 = VECTOR('',#1599,1.);
#1599 = DIRECTION('',(-0.,1.,0.));
#1600 = PLANE('',#1601);
#1601 = AXIS2_PLACEMENT_3D('',#1602,#1603,#1604);
#1602 = CARTESIAN_POINT('',(31.5,18.,6.6));
#1603 = DIRECTION('',(1.,0.,-0.));
#1604 = DIRECTION('',(0.,0.,1.));
#1605 = ADVANCED_FACE('',(#1606),#1622,.F.);
#1606 = FACE_BOUND('',#1607,.F.);
#1607 = EDGE_LOOP('',(#1608,#1614,#1615,#1621));
#1608 = ORIENTED_EDGE('',*,*,#1609,.F.);
#1609 = EDGE_CURVE('',#1530,#1570,#1610,.T.);
#1610 = LINE('',#1611,#1612);
#1611 = CARTESIAN_POINT('',(11.5,18.,6.6));
#1612 = VECTOR('',#1613,1.);
#1613 = DIRECTION('',(1.,0.,-0.));
#1614 = ORIENTED_EDGE('',*,*,#1529,.T.);
#1615 = ORIENTED_EDGE('',*,*,#1616,.T.);
#1616 = EDGE_CURVE('',#1532,#1572,#1617,.T.);
#1617 = LINE('',#1618,#1619);
#1618 = CARTESIAN_POINT('',(11.5,18.,17.3));
#1619 = VECTOR('',#1620,1.);
#1620 = DIRECTION('',(1.,0.,-0.));
#1621 = ORIENTED_EDGE('',*,*,#1569,.F.);
#1622 = PLANE('',#1623);
#1623 = AXIS2_PLACEMENT_3D('',#1624,#1625,#1626);
#1624 = CARTESIAN_POINT('',(11.5,18.,6.6));
#1625 = DIRECTION('',(-0.,1.,0.));
#1626 = DIRECTION('',(0.,0.,1.));
#1627 = ADVANCED_FACE('',(#1628),#1644,.T.);
#1628 = FACE_BOUND('',#1629,.T.);
#1629 = EDGE_LOOP('',(#1630,#1636,#1637,#1643));
#1630 = ORIENTED_EDGE('',*,*,#1631,.F.);
#1631 = EDGE_CURVE('',#1540,#1580,#1632,.T.);
#1632 = LINE('',#1633,#1634);
#1633 = CARTESIAN_POINT('',(11.5,23.,6.6));
#1634 = VECTOR('',#1635,1.);
#1635 = DIRECTION('',(1.,0.,-0.));
#1636 = ORIENTED_EDGE('',*,*,#1547,.T.);
#1637 = ORIENTED_EDGE('',*,*,#1638,.T.);
#1638 = EDGE_CURVE('',#1548,#1588,#1639,.T.);
#1639 = LINE('',#1640,#1641);
#1640 = CARTESIAN_POINT('',(11.5,23.,17.3));
#1641 = VECTOR('',#1642,1.);
#1642 = DIRECTION('',(1.,0.,-0.));
#1643 = ORIENTED_EDGE('',*,*,#1587,.F.);
#1644 = PLANE('',#1645);
#1645 = AXIS2_PLACEMENT_3D('',#1646,#1647,#1648);
#1646 = CARTESIAN_POINT('',(11.5,23.,6.6));
#1647 = DIRECTION('',(-0.,1.,0.));
#1648 = DIRECTION('',(0.,0.,1.));
#1649 = ADVANCED_FACE('',(#1650),#1656,.F.);
#1650 = FACE_BOUND('',#1651,.F.);
#1651 = EDGE_LOOP('',(#1652,#1653,#1654,#1655));
#1652 = ORIENTED_EDGE('',*,*,#1539,.F.);
#1653 = ORIENTED_EDGE('',*,*,#1609,.T.);
#1654 = ORIENTED_EDGE('',*,*,#1579,.T.);
#1655 = ORIENTED_EDGE('',*,*,#1631,.F.);
#1656 = PLANE('',#1657);
#1657 = AXIS2_PLACEMENT_3D('',#1658,#1659,#1660);
#1658 = CARTESIAN_POINT('',(11.5,18.,6.6));
#1659 = DIRECTION('',(0.,0.,1.));
#1660 = DIRECTION('',(1.,0.,-0.));
#1661 = ADVANCED_FACE('',(#1662),#1668,.T.);
#1662 = FACE_BOUND('',#1663,.T.);
#1663 = EDGE_LOOP('',(#1664,#1665,#1666,#1667));
#1664 = ORIENTED_EDGE('',*,*,#1555,.F.);
#1665 = ORIENTED_EDGE('',*,*,#1616,.T.);
#1666 = ORIENTED_EDGE('',*,*,#1595,.T.);
#1667 = ORIENTED_EDGE('',*,*,#1638,.F.);
#1668 = PLANE('',#1669);
#1669 = AXIS2_PLACEMENT_3D('',#1670,#1671,#1672);
#1670 = CARTESIAN_POINT('',(11.5,18.,17.3));
#1671 = DIRECTION('',(0.,0.,1.));
#1672 = DIRECTION('',(1.,0.,-0.));
#1673 = ( GEOMETRIC_REPRESENTATION_CONTEXT(3) 
GLOBAL_UNCERTAINTY_ASSIGNED_CONTEXT((#1677)) 
GLOBAL_UNIT_ASSIGNED_CONTEXT((#1674,#1675,#1676)) REPRESENTATION_CONTEXT
('Context #1','3D Context with UNIT and UNCERTAINTY') );
#1674 = ( LENGTH_UNIT() NAMED_UNIT(*) SI_UNIT(.MILLI.,.METRE.) );
#1675 = ( NAMED_UNIT(*) PLANE_ANGLE_UNIT() SI_UNIT($,.RADIAN.) );
#1676 = ( NAMED_UNIT(*) SI_UNIT($,.STERADIAN.) SOLID_ANGLE_UNIT() );
#1677 = UNCERTAINTY_MEASURE_WITH_UNIT(LENGTH_MEASURE(1.E-07),#1674,
  'distance_accuracy_value','confusion accuracy');
#1678 = CONTEXT_DEPENDENT_SHAPE_REPRESENTATION(#1679,#1681);
#1679 = ( REPRESENTATION_RELATIONSHIP('','',#1522,#10) 
REPRESENTATION_RELATIONSHIP_WITH_TRANSFORMATION(#1680) 
SHAPE_REPRESENTATION_RELATIONSHIP() );
#1680 = ITEM_DEFINED_TRANSFORMATION('','',#11,#23);
#1681 = PRODUCT_DEFINITION_SHAPE('Placement','Placement of an item',
  #1682);
#1682 = NEXT_ASSEMBLY_USAGE_OCCURRENCE('3','L298N','',#5,#1517,$);
#1683 = PRODUCT_RELATED_PRODUCT_CATEGORY('part',$,(#1519));
#1684 = SHAPE_DEFINITION_REPRESENTATION(#1685,#1691);
#1685 = PRODUCT_DEFINITION_SHAPE('','',#1686);
#1686 = PRODUCT_DEFINITION('design','',#1687,#1690);
#1687 = PRODUCT_DEFINITION_FORMATION('','',#1688);
#1688 = PRODUCT('L298N_tab','L298N_tab','',(#1689));
#1689 = PRODUCT_CONTEXT('',#2,'mechanical');
#1690 = PRODUCT_DEFINITION_CONTEXT('part definition',#2,'design');
#1691 = ADVANCED_BREP_SHAPE_REPRESENTATION('',(#11,#1692),#1881);
#1692 = MANIFOLD_SOLID_BREP('',#1693);
#1693 = CLOSED_SHELL('',(#1694,#1734,#1776,#1800,#1835,#1852,#1864));
#1694 = ADVANCED_FACE('',(#1695),#1729,.F.);
#1695 = FACE_BOUND('',#1696,.F.);
#1696 = EDGE_LOOP('',(#1697,#1707,#1715,#1723));
#1697 = ORIENTED_EDGE('',*,*,#1698,.F.);
#1698 = EDGE_CURVE('',#1699,#1701,#1703,.T.);
#1699 = VERTEX_POINT('',#1700);
#1700 = CARTESIAN_POINT('',(11.5,21.4,17.3));
#1701 = VERTEX_POINT('',#1702);
#1702 = CARTESIAN_POINT('',(11.5,21.4,23.8));
#1703 = LINE('',#1704,#1705);
#1704 = CARTESIAN_POINT('',(11.5,21.4,17.3));
#1705 = VECTOR('',#1706,1.);
#1706 = DIRECTION('',(0.,0.,1.));
#1707 = ORIENTED_EDGE('',*,*,#1708,.T.);
#1708 = EDGE_CURVE('',#1699,#1709,#1711,.T.);
#1709 = VERTEX_POINT('',#1710);
#1710 = CARTESIAN_POINT('',(11.5,23.,17.3));
#1711 = LINE('',#1712,#1713);
#1712 = CARTESIAN_POINT('',(11.5,21.4,17.3));
#1713 = VECTOR('',#1714,1.);
#1714 = DIRECTION('',(-0.,1.,0.));
#1715 = ORIENTED_EDGE('',*,*,#1716,.T.);
#1716 = EDGE_CURVE('',#1709,#1717,#1719,.T.);
#1717 = VERTEX_POINT('',#1718);
#1718 = CARTESIAN_POINT('',(11.5,23.,23.8));
#1719 = LINE('',#1720,#1721);
#1720 = CARTESIAN_POINT('',(11.5,23.,17.3));
#1721 = VECTOR('',#1722,1.);
#1722 = DIRECTION('',(0.,0.,1.));
#1723 = ORIENTED_EDGE('',*,*,#1724,.F.);
#1724 = EDGE_CURVE('',#1701,#1717,#1725,.T.);
#1725 = LINE('',#1726,#1727);
#1726 = CARTESIAN_POINT('',(11.5,21.4,23.8));
#1727 = VECTOR('',#1728,1.);
#1728 = DIRECTION('',(-0.,1.,0.));
#1729 = PLANE('',#1730);
#1730 = AXIS2_PLACEMENT_3D('',#1731,#1732,#1733);
#1731 = CARTESIAN_POINT('',(11.5,21.4,17.3));
#1732 = DIRECTION('',(1.,0.,-0.));
#1733 = DIRECTION('',(0.,0.,1.));
#1734 = ADVANCED_FACE('',(#1735,#1760),#1771,.F.);
#1735 = FACE_BOUND('',#1736,.F.);
#1736 = EDGE_LOOP('',(#1737,#1745,#1746,#1754));
#1737 = ORIENTED_EDGE('',*,*,#1738,.F.);
#1738 = EDGE_CURVE('',#1699,#1739,#1741,.T.);
#1739 = VERTEX_POINT('',#1740);
#1740 = CARTESIAN_POINT('',(31.5,21.4,17.3));
#1741 = LINE('',#1742,#1743);
#1742 = CARTESIAN_POINT('',(11.5,21.4,17.3));
#1743 = VECTOR('',#1744,1.);
#1744 = DIRECTION('',(1.,0.,-0.));
#1745 = ORIENTED_EDGE('',*,*,#1698,.T.);
#1746 = ORIENTED_EDGE('',*,*,#1747,.T.);
#1747 = EDGE_CURVE('',#1701,#1748,#1750,.T.);
#1748 = VERTEX_POINT('',#1749);
#1749 = CARTESIAN_POINT('',(31.5,21.4,23.8));
#1750 = LINE('',#1751,#1752);
#1751 = CARTESIAN_POINT('',(11.5,21.4,23.8));
#1752 = VECTOR('',#1753,1.);
#1753 = DIRECTION('',(1.,0.,-0.));
#1754 = ORIENTED_EDGE('',*,*,#1755,.F.);
#1755 = EDGE_CURVE('',#1739,#1748,#1756,.T.);
#1756 = LINE('',#1757,#1758);
#1757 = CARTESIAN_POINT('',(31.5,21.4,17.3));
#1758 = VECTOR('',#1759,1.);
#1759 = DIRECTION('',(0.,0.,1.));
#1760 = FACE_BOUND('',#1761,.F.);
#1761 = EDGE_LOOP('',(#1762));
#1762 = ORIENTED_EDGE('',*,*,#1763,.F.);
#1763 = EDGE_CURVE('',#1764,#1764,#1766,.T.);
#1764 = VERTEX_POINT('',#1765);
#1765 = CARTESIAN_POINT('',(21.5,21.4,22.4));
#1766 = CIRCLE('',#1767,1.6);
#1767 = AXIS2_PLACEMENT_3D('',#1768,#1769,#1770);
#1768 = CARTESIAN_POINT('',(21.5,21.4,20.8));
#1769 = DIRECTION('',(0.,1.,0.));
#1770 = DIRECTION('',(0.,-0.,1.));
#1771 = PLANE('',#1772);
#1772 = AXIS2_PLACEMENT_3D('',#1773,#1774,#1775);
#1773 = CARTESIAN_POINT('',(11.5,21.4,17.3));
#1774 = DIRECTION('',(-0.,1.,0.));
#1775 = DIRECTION('',(0.,0.,1.));
#1776 = ADVANCED_FACE('',(#1777),#1795,.T.);
#1777 = FACE_BOUND('',#1778,.T.);
#1778 = EDGE_LOOP('',(#1779,#1780,#1781,#1789));
#1779 = ORIENTED_EDGE('',*,*,#1724,.F.);
#1780 = ORIENTED_EDGE('',*,*,#1747,.T.);
#1781 = ORIENTED_EDGE('',*,*,#1782,.T.);
#1782 = EDGE_CURVE('',#1748,#1783,#1785,.T.);
#1783 = VERTEX_POINT('',#1784);
#1784 = CARTESIAN_POINT('',(31.5,23.,23.8));
#1785 = LINE('',#1786,#1787);
#1786 = CARTESIAN_POINT('',(31.5,21.4,23.8));
#1787 = VECTOR('',#1788,1.);
#1788 = DIRECTION('',(-0.,1.,0.));
#1789 = ORIENTED_EDGE('',*,*,#1790,.F.);
#1790 = EDGE_CURVE('',#1717,#1783,#1791,.T.);
#1791 = LINE('',#1792,#1793);
#1792 = CARTESIAN_POINT('',(11.5,23.,23.8));
#1793 = VECTOR('',#1794,1.);
#1794 = DIRECTION('',(1.,0.,-0.));
#1795 = PLANE('',#1796);
#1796 = AXIS2_PLACEMENT_3D('',#1797,#1798,#1799);
#1797 = CARTESIAN_POINT('',(11.5,21.4,23.8));
#1798 = DIRECTION('',(0.,0.,1.));
#1799 = DIRECTION('',(1.,0.,-0.));
#1800 = ADVANCED_FACE('',(#1801,#1819),#1830,.T.);
#1801 = FACE_BOUND('',#1802,.T.);
#1802 = EDGE_LOOP('',(#1803,#1811,#1812,#1813));
#1803 = ORIENTED_EDGE('',*,*,#1804,.F.);
#1804 = EDGE_CURVE('',#1709,#1805,#1807,.T.);
#1805 = VERTEX_POINT('',#1806);
#1806 = CARTESIAN_POINT('',(31.5,23.,17.3));
#1807 = LINE('',#1808,#1809);
#1808 = CARTESIAN_POINT('',(11.5,23.,17.3));
#1809 = VECTOR('',#1810,1.);
#1810 = DIRECTION('',(1.,0.,-0.));
#1811 = ORIENTED_EDGE('',*,*,#1716,.T.);
#1812 = ORIENTED_EDGE('',*,*,#1790,.T.);
#1813 = ORIENTED_EDGE('',*,*,#1814,.F.);
#1814 = EDGE_CURVE('',#1805,#1783,#1815,.T.);
#1815 = LINE('',#1816,#1817);
#1816 = CARTESIAN_POINT('',(31.5,23.,17.3));
#1817 = VECTOR('',#1818,1.);
#1818 = DIRECTION('',(0.,0.,1.));
#1819 = FACE_BOUND('',#1820,.T.);
#1820 = EDGE_LOOP('',(#1821));
#1821 = ORIENTED_EDGE('',*,*,#1822,.F.);
#1822 = EDGE_CURVE('',#1823,#1823,#1825,.T.);
#1823 = VERTEX_POINT('',#1824);
#1824 = CARTESIAN_POINT('',(21.5,23.,22.4));
#1825 = CIRCLE('',#1826,1.6);
#1826 = AXIS2_PLACEMENT_3D('',#1827,#1828,#1829);
#1827 = CARTESIAN_POINT('',(21.5,23.,20.8));
#1828 = DIRECTION('',(0.,1.,0.));
#1829 = DIRECTION('',(0.,-0.,1.));
#1830 = PLANE('',#1831);
#1831 = AXIS2_PLACEMENT_3D('',#1832,#1833,#1834);
#1832 = CARTESIAN_POINT('',(11.5,23.,17.3));
#1833 = DIRECTION('',(-0.,1.,0.));
#1834 = DIRECTION('',(0.,0.,1.));
#1835 = ADVANCED_FACE('',(#1836),#1847,.F.);
#1836 = FACE_BOUND('',#1837,.F.);
#1837 = EDGE_LOOP('',(#1838,#1839,#1840,#1846));
#1838 = ORIENTED_EDGE('',*,*,#1708,.F.);
#1839 = ORIENTED_EDGE('',*,*,#1738,.T.);
#1840 = ORIENTED_EDGE('',*,*,#1841,.T.);
#1841 = EDGE_CURVE('',#1739,#1805,#1842,.T.);
#1842 = LINE('',#1843,#1844);
#1843 = CARTESIAN_POINT('',(31.5,21.4,17.3));
#1844 = VECTOR('',#1845,1.);
#1845 = DIRECTION('',(-0.,1.,0.));
#1846 = ORIENTED_EDGE('',*,*,#1804,.F.);
#1847 = PLANE('',#1848);
#1848 = AXIS2_PLACEMENT_3D('',#1849,#1850,#1851);
#1849 = CARTESIAN_POINT('',(11.5,21.4,17.3));
#1850 = DIRECTION('',(0.,0.,1.));
#1851 = DIRECTION('',(1.,0.,-0.));
#1852 = ADVANCED_FACE('',(#1853),#1859,.T.);
#1853 = FACE_BOUND('',#1854,.T.);
#1854 = EDGE_LOOP('',(#1855,#1856,#1857,#1858));
#1855 = ORIENTED_EDGE('',*,*,#1755,.F.);
#1856 = ORIENTED_EDGE('',*,*,#1841,.T.);
#1857 = ORIENTED_EDGE('',*,*,#1814,.T.);
#1858 = ORIENTED_EDGE('',*,*,#1782,.F.);
#1859 = PLANE('',#1860);
#1860 = AXIS2_PLACEMENT_3D('',#1861,#1862,#1863);
#1861 = CARTESIAN_POINT('',(31.5,21.4,17.3));
#1862 = DIRECTION('',(1.,0.,-0.));
#1863 = DIRECTION('',(0.,0.,1.));
#1864 = ADVANCED_FACE('',(#1865),#1876,.F.);
#1865 = FACE_BOUND('',#1866,.F.);
#1866 = EDGE_LOOP('',(#1867,#1868,#1874,#1875));
#1867 = ORIENTED_EDGE('',*,*,#1822,.F.);
#1868 = ORIENTED_EDGE('',*,*,#1869,.F.);
#1869 = EDGE_CURVE('',#1764,#1823,#1870,.T.);
#1870 = LINE('',#1871,#1872);
#1871 = CARTESIAN_POINT('',(21.5,21.,22.4));
#1872 = VECTOR('',#1873,1.);
#1873 = DIRECTION('',(0.,1.,0.));
#1874 = ORIENTED_EDGE('',*,*,#1763,.T.);
#1875 = ORIENTED_EDGE('',*,*,#1869,.T.);
#1876 = CYLINDRICAL_SURFACE('',#1877,1.6);
#1877 = AXIS2_PLACEMENT_3D('',#1878,#1879,#1880);
#1878 = CARTESIAN_POINT('',(21.5,21.,20.8));
#1879 = DIRECTION('',(0.,1.,0.));
#1880 = DIRECTION('',(0.,-0.,1.));
#1881 = ( GEOMETRIC_REPRESENTATION_CONTEXT(3) 
GLOBAL_UNCERTAINTY_ASSIGNED_CONTEXT((#1885)) 
GLOBAL_UNIT_ASSIGNED_CONTEXT((#1882,#1883,#1884)) REPRESENTATION_CONTEXT
('Context #1','3D Context with UNIT and UNCERTAINTY') );
#1882 = ( LENGTH_UNIT() NAMED_UNIT(*) SI_UNIT(.MILLI.,.METRE.) );
#1883 = ( NAMED_UNIT(*) PLANE_ANGLE_UNIT() SI_UNIT($,.RADIAN.) );
#1884 = ( NAMED_UNIT(*) SI_UNIT($,.STERADIAN.) SOLID_ANGLE_UNIT() );
#1885 = UNCERTAINTY_MEASURE_WITH_UNIT(LENGTH_MEASURE(1.E-07),#1882,
  'distance_accuracy_value','confusion accuracy');
#1886 = CONTEXT_DEPENDENT_SHAPE_REPRESENTATION(#1887,#1889);
#1887 = ( REPRESENTATION_RELATIONSHIP('','',#1691,#10) 
REPRESENTATION_RELATIONSHIP_WITH_TRANSFORMATION(#1888) 
SHAPE_REPRESENTATION_RELATIONSHIP() );
#1888 = ITEM_DEFINED_TRANSFORMATION('','',#11,#27);
#1889 = PRODUCT_DEFINITION_SHAPE('Placement','Placement of an item',
  #1890);
#1890 = NEXT_ASSEMBLY_USAGE_OCCURRENCE('4','L298N_tab','',#5,#1686,$);
#1891 = PRODUCT_RELATED_PRODUCT_CATEGORY('part',$,(#1688));
#1892 = SHAPE_DEFINITION_REPRESENTATION(#1893,#1899);
#1893 = PRODUCT_DEFINITION_SHAPE('','',#1894);
#1894 = PRODUCT_DEFINITION('design','',#1895,#1898);
#1895 = PRODUCT_DEFINITION_FORMATION('','',#1896);
#1896 = PRODUCT('L298N_leads','L298N_leads','',(#1897));
#1897 = PRODUCT_CONTEXT('',#2,'mechanical');
#1898 = PRODUCT_DEFINITION_CONTEXT('part definition',#2,'design');
#1899 = SHAPE_REPRESENTATION('',(#11,#1900,#2050,#2200,#2350,#2500,#2650
    ,#2800,#2950,#3100,#3250,#3400,#3550,#3700,#3850,#4000),#4150);
#1900 = MANIFOLD_SOLID_BREP('',#1901);
#1901 = CLOSED_SHELL('',(#1902,#1942,#1982,#2004,#2026,#2038));
#1902 = ADVANCED_FACE('',(#1903),#1937,.F.);
#1903 = FACE_BOUND('',#1904,.F.);
#1904 = EDGE_LOOP('',(#1905,#1915,#1923,#1931));
#1905 = ORIENTED_EDGE('',*,*,#1906,.F.);
#1906 = EDGE_CURVE('',#1907,#1909,#1911,.T.);
#1907 = VERTEX_POINT('',#1908);
#1908 = CARTESIAN_POINT('',(12.36,20.5,0.));
#1909 = VERTEX_POINT('',#1910);
#1910 = CARTESIAN_POINT('',(12.36,20.5,6.7));
#1911 = LINE('',#1912,#1913);
#1912 = CARTESIAN_POINT('',(12.36,20.5,0.));
#1913 = VECTOR('',#1914,1.);
#1914 = DIRECTION('',(0.,0.,1.));
#1915 = ORIENTED_EDGE('',*,*,#1916,.T.);
#1916 = EDGE_CURVE('',#1907,#1917,#1919,.T.);
#1917 = VERTEX_POINT('',#1918);
#1918 = CARTESIAN_POINT('',(12.36,20.9,0.));
#1919 = LINE('',#1920,#1921);
#1920 = CARTESIAN_POINT('',(12.36,20.5,0.));
#1921 = VECTOR('',#1922,1.);
#1922 = DIRECTION('',(-0.,1.,0.));
#1923 = ORIENTED_EDGE('',*,*,#1924,.T.);
#1924 = EDGE_CURVE('',#1917,#1925,#1927,.T.);
#1925 = VERTEX_POINT('',#1926);
#1926 = CARTESIAN_POINT('',(12.36,20.9,6.7));
#1927 = LINE('',#1928,#1929);
#1928 = CARTESIAN_POINT('',(12.36,20.9,0.));
#1929 = VECTOR('',#1930,1.);
#1930 = DIRECTION('',(0.,0.,1.));
#1931 = ORIENTED_EDGE('',*,*,#1932,.F.);
#1932 = EDGE_CURVE('',#1909,#1925,#1933,.T.);
#1933 = LINE('',#1934,#1935);
#1934 = CARTESIAN_POINT('',(12.36,20.5,6.7));
#1935 = VECTOR('',#1936,1.);
#1936 = DIRECTION('',(-0.,1.,0.));
#1937 = PLANE('',#1938);
#1938 = AXIS2_PLACEMENT_3D('',#1939,#1940,#1941);
#1939 = CARTESIAN_POINT('',(12.36,20.5,0.));
#1940 = DIRECTION('',(1.,0.,-0.));
#1941 = DIRECTION('',(0.,0.,1.));
#1942 = ADVANCED_FACE('',(#1943),#1977,.T.);
#1943 = FACE_BOUND('',#1944,.T.);
#1944 = EDGE_LOOP('',(#1945,#1955,#1963,#1971));
#1945 = ORIENTED_EDGE('',*,*,#1946,.F.);
#1946 = EDGE_CURVE('',#1947,#1949,#1951,.T.);
#1947 = VERTEX_POINT('',#1948);
#1948 = CARTESIAN_POINT('',(12.86,20.5,0.));
#1949 = VERTEX_POINT('',#1950);
#1950 = CARTESIAN_POINT('',(12.86,20.5,6.7));
#1951 = LINE('',#1952,#1953);
#1952 = CARTESIAN_POINT('',(12.86,20.5,0.));
#1953 = VECTOR('',#1954,1.);
#1954 = DIRECTION('',(0.,0.,1.));
#1955 = ORIENTED_EDGE('',*,*,#1956,.T.);
#1956 = EDGE_CURVE('',#1947,#1957,#1959,.T.);
#1957 = VERTEX_POINT('',#1958);
#1958 = CARTESIAN_POINT('',(12.86,20.9,0.));
#1959 = LINE('',#1960,#1961);
#1960 = CARTESIAN_POINT('',(12.86,20.5,0.));
#1961 = VECTOR('',#1962,1.);
#1962 = DIRECTION('',(-0.,1.,0.));
#1963 = ORIENTED_EDGE('',*,*,#1964,.T.);
#1964 = EDGE_CURVE('',#1957,#1965,#1967,.T.);
#1965 = VERTEX_POINT('',#1966);
#1966 = CARTESIAN_POINT('',(12.86,20.9,6.7));
#1967 = LINE('',#1968,#1969);
#1968 = CARTESIAN_POINT('',(12.86,20.9,0.));
#1969 = VECTOR('',#1970,1.);
#1970 = DIRECTION('',(0.,0.,1.));
#1971 = ORIENTED_EDGE('',*,*,#1972,.F.);
#1972 = EDGE_CURVE('',#1949,#1965,#1973,.T.);
#1973 = LINE('',#1974,#1975);
#1974 = CARTESIAN_POINT('',(12.86,20.5,6.7));
#1975 = VECTOR('',#1976,1.);
#1976 = DIRECTION('',(-0.,1.,0.));
#1977 = PLANE('',#1978);
#1978 = AXIS2_PLACEMENT_3D('',#1979,#1980,#1981);
#1979 = CARTESIAN_POINT('',(12.86,20.5,0.));
#1980 = DIRECTION('',(1.,0.,-0.));
#1981 = DIRECTION('',(0.,0.,1.));
#1982 = ADVANCED_FACE('',(#1983),#1999,.F.);
#1983 = FACE_BOUND('',#1984,.F.);
#1984 = EDGE_LOOP('',(#1985,#1991,#1992,#1998));
#1985 = ORIENTED_EDGE('',*,*,#1986,.F.);
#1986 = EDGE_CURVE('',#1907,#1947,#1987,.T.);
#1987 = LINE('',#1988,#1989);
#1988 = CARTESIAN_POINT('',(12.36,20.5,0.));
#1989 = VECTOR('',#1990,1.);
#1990 = DIRECTION('',(1.,0.,-0.));
#1991 = ORIENTED_EDGE('',*,*,#1906,.T.);
#1992 = ORIENTED_EDGE('',*,*,#1993,.T.);
#1993 = EDGE_CURVE('',#1909,#1949,#1994,.T.);
#1994 = LINE('',#1995,#1996);
#1995 = CARTESIAN_POINT('',(12.36,20.5,6.7));
#1996 = VECTOR('',#1997,1.);
#1997 = DIRECTION('',(1.,0.,-0.));
#1998 = ORIENTED_EDGE('',*,*,#1946,.F.);
#1999 = PLANE('',#2000);
#2000 = AXIS2_PLACEMENT_3D('',#2001,#2002,#2003);
#2001 = CARTESIAN_POINT('',(12.36,20.5,0.));
#2002 = DIRECTION('',(-0.,1.,0.));
#2003 = DIRECTION('',(0.,0.,1.));
#2004 = ADVANCED_FACE('',(#2005),#2021,.T.);
#2005 = FACE_BOUND('',#2006,.T.);
#2006 = EDGE_LOOP('',(#2007,#2013,#2014,#2020));
#2007 = ORIENTED_EDGE('',*,*,#2008,.F.);
#2008 = EDGE_CURVE('',#1917,#1957,#2009,.T.);
#2009 = LINE('',#2010,#2011);
#2010 = CARTESIAN_POINT('',(12.36,20.9,0.));
#2011 = VECTOR('',#2012,1.);
#2012 = DIRECTION('',(1.,0.,-0.));
#2013 = ORIENTED_EDGE('',*,*,#1924,.T.);
#2014 = ORIENTED_EDGE('',*,*,#2015,.T.);
#2015 = EDGE_CURVE('',#1925,#1965,#2016,.T.);
#2016 = LINE('',#2017,#2018);
#2017 = CARTESIAN_POINT('',(12.36,20.9,6.7));
#2018 = VECTOR('',#2019,1.);
#2019 = DIRECTION('',(1.,0.,-0.));
#2020 = ORIENTED_EDGE('',*,*,#1964,.F.);
#2021 = PLANE('',#2022);
#2022 = AXIS2_PLACEMENT_3D('',#2023,#2024,#2025);
#2023 = CARTESIAN_POINT('',(12.36,20.9,0.));
#2024 = DIRECTION('',(-0.,1.,0.));
#2025 = DIRECTION('',(0.,0.,1.));
#2026 = ADVANCED_FACE('',(#2027),#2033,.F.);
#2027 = FACE_BOUND('',#2028,.F.);
#2028 = EDGE_LOOP('',(#2029,#2030,#2031,#2032));
#2029 = ORIENTED_EDGE('',*,*,#1916,.F.);
#2030 = ORIENTED_EDGE('',*,*,#1986,.T.);
#2031 = ORIENTED_EDGE('',*,*,#1956,.T.);
#2032 = ORIENTED_EDGE('',*,*,#2008,.F.);
#2033 = PLANE('',#2034);
#2034 = AXIS2_PLACEMENT_3D('',#2035,#2036,#2037);
#2035 = CARTESIAN_POINT('',(12.36,20.5,0.));
#2036 = DIRECTION('',(0.,0.,1.));
#2037 = DIRECTION('',(1.,0.,-0.));
#2038 = ADVANCED_FACE('',(#2039),#2045,.T.);
#2039 = FACE_BOUND('',#2040,.T.);
#2040 = EDGE_LOOP('',(#2041,#2042,#2043,#2044));
#2041 = ORIENTED_EDGE('',*,*,#1932,.F.);
#2042 = ORIENTED_EDGE('',*,*,#1993,.T.);
#2043 = ORIENTED_EDGE('',*,*,#1972,.T.);
#2044 = ORIENTED_EDGE('',*,*,#2015,.F.);
#2045 = PLANE('',#2046);
#2046 = AXIS2_PLACEMENT_3D('',#2047,#2048,#2049);
#2047 = CARTESIAN_POINT('',(12.36,20.5,6.7));
#2048 = DIRECTION('',(0.,0.,1.));
#2049 = DIRECTION('',(1.,0.,-0.));
#2050 = MANIFOLD_SOLID_BREP('',#2051);
#2051 = CLOSED_SHELL('',(#2052,#2092,#2132,#2154,#2176,#2188));
#2052 = ADVANCED_FACE('',(#2053),#2087,.F.);
#2053 = FACE_BOUND('',#2054,.F.);
#2054 = EDGE_LOOP('',(#2055,#2065,#2073,#2081));
#2055 = ORIENTED_EDGE('',*,*,#2056,.F.);
#2056 = EDGE_CURVE('',#2057,#2059,#2061,.T.);
#2057 = VERTEX_POINT('',#2058);
#2058 = CARTESIAN_POINT('',(13.63,18.5,0.));
#2059 = VERTEX_POINT('',#2060);
#2060 = CARTESIAN_POINT('',(13.63,18.5,6.7));
#2061 = LINE('',#2062,#2063);
#2062 = CARTESIAN_POINT('',(13.63,18.5,0.));
#2063 = VECTOR('',#2064,1.);
#2064 = DIRECTION('',(0.,0.,1.));
#2065 = ORIENTED_EDGE('',*,*,#2066,.T.);
#2066 = EDGE_CURVE('',#2057,#2067,#2069,.T.);
#2067 = VERTEX_POINT('',#2068);
#2068 = CARTESIAN_POINT('',(13.63,18.9,0.));
#2069 = LINE('',#2070,#2071);
#2070 = CARTESIAN_POINT('',(13.63,18.5,0.));
#2071 = VECTOR('',#2072,1.);
#2072 = DIRECTION('',(-0.,1.,0.));
#2073 = ORIENTED_EDGE('',*,*,#2074,.T.);
#2074 = EDGE_CURVE('',#2067,#2075,#2077,.T.);
#2075 = VERTEX_POINT('',#2076);
#2076 = CARTESIAN_POINT('',(13.63,18.9,6.7));
#2077 = LINE('',#2078,#2079);
#2078 = CARTESIAN_POINT('',(13.63,18.9,0.));
#2079 = VECTOR('',#2080,1.);
#2080 = DIRECTION('',(0.,0.,1.));
#2081 = ORIENTED_EDGE('',*,*,#2082,.F.);
#2082 = EDGE_CURVE('',#2059,#2075,#2083,.T.);
#2083 = LINE('',#2084,#2085);
#2084 = CARTESIAN_POINT('',(13.63,18.5,6.7));
#2085 = VECTOR('',#2086,1.);
#2086 = DIRECTION('',(-0.,1.,0.));
#2087 = PLANE('',#2088);
#2088 = AXIS2_PLACEMENT_3D('',#2089,#2090,#2091);
#2089 = CARTESIAN_POINT('',(13.63,18.5,0.));
#2090 = DIRECTION('',(1.,0.,-0.));
#2091 = DIRECTION('',(0.,0.,1.));
#2092 = ADVANCED_FACE('',(#2093),#2127,.T.);
#2093 = FACE_BOUND('',#2094,.T.);
#2094 = EDGE_LOOP('',(#2095,#2105,#2113,#2121));
#2095 = ORIENTED_EDGE('',*,*,#2096,.F.);
#2096 = EDGE_CURVE('',#2097,#2099,#2101,.T.);
#2097 = VERTEX_POINT('',#2098);
#2098 = CARTESIAN_POINT('',(14.13,18.5,0.));
#2099 = VERTEX_POINT('',#2100);
#2100 = CARTESIAN_POINT('',(14.13,18.5,6.7));
#2101 = LINE('',#2102,#2103);
#2102 = CARTESIAN_POINT('',(14.13,18.5,0.));
#2103 = VECTOR('',#2104,1.);
#2104 = DIRECTION('',(0.,0.,1.));
#2105 = ORIENTED_EDGE('',*,*,#2106,.T.);
#2106 = EDGE_CURVE('',#2097,#2107,#2109,.T.);
#2107 = VERTEX_POINT('',#2108);
#2108 = CARTESIAN_POINT('',(14.13,18.9,0.));
#2109 = LINE('',#2110,#2111);
#2110 = CARTESIAN_POINT('',(14.13,18.5,0.));
#2111 = VECTOR('',#2112,1.);
#2112 = DIRECTION('',(-0.,1.,0.));
#2113 = ORIENTED_EDGE('',*,*,#2114,.T.);
#2114 = EDGE_CURVE('',#2107,#2115,#2117,.T.);
#2115 = VERTEX_POINT('',#2116);
#2116 = CARTESIAN_POINT('',(14.13,18.9,6.7));
#2117 = LINE('',#2118,#2119);
#2118 = CARTESIAN_POINT('',(14.13,18.9,0.));
#2119 = VECTOR('',#2120,1.);
#2120 = DIRECTION('',(0.,0.,1.));
#2121 = ORIENTED_EDGE('',*,*,#2122,.F.);
#2122 = EDGE_CURVE('',#2099,#2115,#2123,.T.);
#2123 = LINE('',#2124,#2125);
#2124 = CARTESIAN_POINT('',(14.13,18.5,6.7));
#2125 = VECTOR('',#2126,1.);
#2126 = DIRECTION('',(-0.,1.,0.));
#2127 = PLANE('',#2128);
#2128 = AXIS2_PLACEMENT_3D('',#2129,#2130,#2131);
#2129 = CARTESIAN_POINT('',(14.13,18.5,0.));
#2130 = DIRECTION('',(1.,0.,-0.));
#2131 = DIRECTION('',(0.,0.,1.));
#2132 = ADVANCED_FACE('',(#2133),#2149,.F.);
#2133 = FACE_BOUND('',#2134,.F.);
#2134 = EDGE_LOOP('',(#2135,#2141,#2142,#2148));
#2135 = ORIENTED_EDGE('',*,*,#2136,.F.);
#2136 = EDGE_CURVE('',#2057,#2097,#2137,.T.);
#2137 = LINE('',#2138,#2139);
#2138 = CARTESIAN_POINT('',(13.63,18.5,0.));
#2139 = VECTOR('',#2140,1.);
#2140 = DIRECTION('',(1.,0.,-0.));
#2141 = ORIENTED_EDGE('',*,*,#2056,.T.);
#2142 = ORIENTED_EDGE('',*,*,#2143,.T.);
#2143 = EDGE_CURVE('',#2059,#2099,#2144,.T.);
#2144 = LINE('',#2145,#2146);
#2145 = CARTESIAN_POINT('',(13.63,18.5,6.7));
#2146 = VECTOR('',#2147,1.);
#2147 = DIRECTION('',(1.,0.,-0.));
#2148 = ORIENTED_EDGE('',*,*,#2096,.F.);
#2149 = PLANE('',#2150);
#2150 = AXIS2_PLACEMENT_3D('',#2151,#2152,#2153);
#2151 = CARTESIAN_POINT('',(13.63,18.5,0.));
#2152 = DIRECTION('',(-0.,1.,0.));
#2153 = DIRECTION('',(0.,0.,1.));
#2154 = ADVANCED_FACE('',(#2155),#2171,.T.);
#2155 = FACE_BOUND('',#2156,.T.);
#2156 = EDGE_LOOP('',(#2157,#2163,#2164,#2170));
#2157 = ORIENTED_EDGE('',*,*,#2158,.F.);
#2158 = EDGE_CURVE('',#2067,#2107,#2159,.T.);
#2159 = LINE('',#2160,#2161);
#2160 = CARTESIAN_POINT('',(13.63,18.9,0.));
#2161 = VECTOR('',#2162,1.);
#2162 = DIRECTION('',(1.,0.,-0.));
#2163 = ORIENTED_EDGE('',*,*,#2074,.T.);
#2164 = ORIENTED_EDGE('',*,*,#2165,.T.);
#2165 = EDGE_CURVE('',#2075,#2115,#2166,.T.);
#2166 = LINE('',#2167,#2168);
#2167 = CARTESIAN_POINT('',(13.63,18.9,6.7));
#2168 = VECTOR('',#2169,1.);
#2169 = DIRECTION('',(1.,0.,-0.));
#2170 = ORIENTED_EDGE('',*,*,#2114,.F.);
#2171 = PLANE('',#2172);
#2172 = AXIS2_PLACEMENT_3D('',#2173,#2174,#2175);
#2173 = CARTESIAN_POINT('',(13.63,18.9,0.));
#2174 = DIRECTION('',(-0.,1.,0.));
#2175 = DIRECTION('',(0.,0.,1.));
#2176 = ADVANCED_FACE('',(#2177),#2183,.F.);
#2177 = FACE_BOUND('',#2178,.F.);
#2178 = EDGE_LOOP('',(#2179,#2180,#2181,#2182));
#2179 = ORIENTED_EDGE('',*,*,#2066,.F.);
#2180 = ORIENTED_EDGE('',*,*,#2136,.T.);
#2181 = ORIENTED_EDGE('',*,*,#2106,.T.);
#2182 = ORIENTED_EDGE('',*,*,#2158,.F.);
#2183 = PLANE('',#2184);
#2184 = AXIS2_PLACEMENT_3D('',#2185,#2186,#2187);
#2185 = CARTESIAN_POINT('',(13.63,18.5,0.));
#2186 = DIRECTION('',(0.,0.,1.));
#2187 = DIRECTION('',(1.,0.,-0.));
#2188 = ADVANCED_FACE('',(#2189),#2195,.T.);
#2189 = FACE_BOUND('',#2190,.T.);
#2190 = EDGE_LOOP('',(#2191,#2192,#2193,#2194));
#2191 = ORIENTED_EDGE('',*,*,#2082,.F.);
#2192 = ORIENTED_EDGE('',*,*,#2143,.T.);
#2193 = ORIENTED_EDGE('',*,*,#2122,.T.);
#2194 = ORIENTED_EDGE('',*,*,#2165,.F.);
#2195 = PLANE('',#2196);
#2196 = AXIS2_PLACEMENT_3D('',#2197,#2198,#2199);
#2197 = CARTESIAN_POINT('',(13.63,18.5,6.7));
#2198 = DIRECTION('',(0.,0.,1.));
#2199 = DIRECTION('',(1.,0.,-0.));
#2200 = MANIFOLD_SOLID_BREP('',#2201);
#2201 = CLOSED_SHELL('',(#2202,#2242,#2282,#2304,#2326,#2338));
#2202 = ADVANCED_FACE('',(#2203),#2237,.F.);
#2203 = FACE_BOUND('',#2204,.F.);
#2204 = EDGE_LOOP('',(#2205,#2215,#2223,#2231));
#2205 = ORIENTED_EDGE('',*,*,#2206,.F.);
#2206 = EDGE_CURVE('',#2207,#2209,#2211,.T.);
#2207 = VERTEX_POINT('',#2208);
#2208 = CARTESIAN_POINT('',(14.9,20.5,0.));
#2209 = VERTEX_POINT('',#2210);
#2210 = CARTESIAN_POINT('',(14.9,20.5,6.7));
#2211 = LINE('',#2212,#2213);
#2212 = CARTESIAN_POINT('',(14.9,20.5,0.));
#2213 = VECTOR('',#2214,1.);
#2214 = DIRECTION('',(0.,0.,1.));
#2215 = ORIENTED_EDGE('',*,*,#2216,.T.);
#2216 = EDGE_CURVE('',#2207,#2217,#2219,.T.);
#2217 = VERTEX_POINT('',#2218);
#2218 = CARTESIAN_POINT('',(14.9,20.9,0.));
#2219 = LINE('',#2220,#2221);
#2220 = CARTESIAN_POINT('',(14.9,20.5,0.));
#2221 = VECTOR('',#2222,1.);
#2222 = DIRECTION('',(-0.,1.,0.));
#2223 = ORIENTED_EDGE('',*,*,#2224,.T.);
#2224 = EDGE_CURVE('',#2217,#2225,#2227,.T.);
#2225 = VERTEX_POINT('',#2226);
#2226 = CARTESIAN_POINT('',(14.9,20.9,6.7));
#2227 = LINE('',#2228,#2229);
#2228 = CARTESIAN_POINT('',(14.9,20.9,0.));
#2229 = VECTOR('',#2230,1.);
#2230 = DIRECTION('',(0.,0.,1.));
#2231 = ORIENTED_EDGE('',*,*,#2232,.F.);
#2232 = EDGE_CURVE('',#2209,#2225,#2233,.T.);
#2233 = LINE('',#2234,#2235);
#2234 = CARTESIAN_POINT('',(14.9,20.5,6.7));
#2235 = VECTOR('',#2236,1.);
#2236 = DIRECTION('',(-0.,1.,0.));
#2237 = PLANE('',#2238);
#2238 = AXIS2_PLACEMENT_3D('',#2239,#2240,#2241);
#2239 = CARTESIAN_POINT('',(14.9,20.5,0.));
#2240 = DIRECTION('',(1.,0.,-0.));
#2241 = DIRECTION('',(0.,0.,1.));
#2242 = ADVANCED_FACE('',(#2243),#2277,.T.);
#2243 = FACE_BOUND('',#2244,.T.);
#2244 = EDGE_LOOP('',(#2245,#2255,#2263,#2271));
#2245 = ORIENTED_EDGE('',*,*,#2246,.F.);
#2246 = EDGE_CURVE('',#2247,#2249,#2251,.T.);
#2247 = VERTEX_POINT('',#2248);
#2248 = CARTESIAN_POINT('',(15.4,20.5,0.));
#2249 = VERTEX_POINT('',#2250);
#2250 = CARTESIAN_POINT('',(15.4,20.5,6.7));
#2251 = LINE('',#2252,#2253);
#2252 = CARTESIAN_POINT('',(15.4,20.5,0.));
#2253 = VECTOR('',#2254,1.);
#2254 = DIRECTION('',(0.,0.,1.));
#2255 = ORIENTED_EDGE('',*,*,#2256,.T.);
#2256 = EDGE_CURVE('',#2247,#2257,#2259,.T.);
#2257 = VERTEX_POINT('',#2258);
#2258 = CARTESIAN_POINT('',(15.4,20.9,0.));
#2259 = LINE('',#2260,#2261);
#2260 = CARTESIAN_POINT('',(15.4,20.5,0.));
#2261 = VECTOR('',#2262,1.);
#2262 = DIRECTION('',(-0.,1.,0.));
#2263 = ORIENTED_EDGE('',*,*,#2264,.T.);
#2264 = EDGE_CURVE('',#2257,#2265,#2267,.T.);
#2265 = VERTEX_POINT('',#2266);
#2266 = CARTESIAN_POINT('',(15.4,20.9,6.7));
#2267 = LINE('',#2268,#2269);
#2268 = CARTESIAN_POINT('',(15.4,20.9,0.));
#2269 = VECTOR('',#2270,1.);
#2270 = DIRECTION('',(0.,0.,1.));
#2271 = ORIENTED_EDGE('',*,*,#2272,.F.);
#2272 = EDGE_CURVE('',#2249,#2265,#2273,.T.);
#2273 = LINE('',#2274,#2275);
#2274 = CARTESIAN_POINT('',(15.4,20.5,6.7));
#2275 = VECTOR('',#2276,1.);
#2276 = DIRECTION('',(-0.,1.,0.));
#2277 = PLANE('',#2278);
#2278 = AXIS2_PLACEMENT_3D('',#2279,#2280,#2281);
#2279 = CARTESIAN_POINT('',(15.4,20.5,0.));
#2280 = DIRECTION('',(1.,0.,-0.));
#2281 = DIRECTION('',(0.,0.,1.));
#2282 = ADVANCED_FACE('',(#2283),#2299,.F.);
#2283 = FACE_BOUND('',#2284,.F.);
#2284 = EDGE_LOOP('',(#2285,#2291,#2292,#2298));
#2285 = ORIENTED_EDGE('',*,*,#2286,.F.);
#2286 = EDGE_CURVE('',#2207,#2247,#2287,.T.);
#2287 = LINE('',#2288,#2289);
#2288 = CARTESIAN_POINT('',(14.9,20.5,0.));
#2289 = VECTOR('',#2290,1.);
#2290 = DIRECTION('',(1.,0.,-0.));
#2291 = ORIENTED_EDGE('',*,*,#2206,.T.);
#2292 = ORIENTED_EDGE('',*,*,#2293,.T.);
#2293 = EDGE_CURVE('',#2209,#2249,#2294,.T.);
#2294 = LINE('',#2295,#2296);
#2295 = CARTESIAN_POINT('',(14.9,20.5,6.7));
#2296 = VECTOR('',#2297,1.);
#2297 = DIRECTION('',(1.,0.,-0.));
#2298 = ORIENTED_EDGE('',*,*,#2246,.F.);
#2299 = PLANE('',#2300);
#2300 = AXIS2_PLACEMENT_3D('',#2301,#2302,#2303);
#2301 = CARTESIAN_POINT('',(14.9,20.5,0.));
#2302 = DIRECTION('',(-0.,1.,0.));
#2303 = DIRECTION('',(0.,0.,1.));
#2304 = ADVANCED_FACE('',(#2305),#2321,.T.);
#2305 = FACE_BOUND('',#2306,.T.);
#2306 = EDGE_LOOP('',(#2307,#2313,#2314,#2320));
#2307 = ORIENTED_EDGE('',*,*,#2308,.F.);
#2308 = EDGE_CURVE('',#2217,#2257,#2309,.T.);
#2309 = LINE('',#2310,#2311);
#2310 = CARTESIAN_POINT('',(14.9,20.9,0.));
#2311 = VECTOR('',#2312,1.);
#2312 = DIRECTION('',(1.,0.,-0.));
#2313 = ORIENTED_EDGE('',*,*,#2224,.T.);
#2314 = ORIENTED_EDGE('',*,*,#2315,.T.);
#2315 = EDGE_CURVE('',#2225,#2265,#2316,.T.);
#2316 = LINE('',#2317,#2318);
#2317 = CARTESIAN_POINT('',(14.9,20.9,6.7));
#2318 = VECTOR('',#2319,1.);
#2319 = DIRECTION('',(1.,0.,-0.));
#2320 = ORIENTED_EDGE('',*,*,#2264,.F.);
#2321 = PLANE('',#2322);
#2322 = AXIS2_PLACEMENT_3D('',#2323,#2324,#2325);
#2323 = CARTESIAN_POINT('',(14.9,20.9,0.));
#2324 = DIRECTION('',(-0.,1.,0.));
#2325 = DIRECTION('',(0.,0.,1.));
#2326 = ADVANCED_FACE('',(#2327),#2333,.F.);
#2327 = FACE_BOUND('',#2328,.F.);
#2328 = EDGE_LOOP('',(#2329,#2330,#2331,#2332));
#2329 = ORIENTED_EDGE('',*,*,#2216,.F.);
#2330 = ORIENTED_EDGE('',*,*,#2286,.T.);
#2331 = ORIENTED_EDGE('',*,*,#2256,.T.);
#2332 = ORIENTED_EDGE('',*,*,#2308,.F.);
#2333 = PLANE('',#2334);
#2334 = AXIS2_PLACEMENT_3D('',#2335,#2336,#2337);
#2335 = CARTESIAN_POINT('',(14.9,20.5,0.));
#2336 = DIRECTION('',(0.,0.,1.));
#2337 = DIRECTION('',(1.,0.,-0.));
#2338 = ADVANCED_FACE('',(#2339),#2345,.T.);
#2339 = FACE_BOUND('',#2340,.T.);
#2340 = EDGE_LOOP('',(#2341,#2342,#2343,#2344));
#2341 = ORIENTED_EDGE('',*,*,#2232,.F.);
#2342 = ORIENTED_EDGE('',*,*,#2293,.T.);
#2343 = ORIENTED_EDGE('',*,*,#2272,.T.);
#2344 = ORIENTED_EDGE('',*,*,#2315,.F.);
#2345 = PLANE('',#2346);
#2346 = AXIS2_PLACEMENT_3D('',#2347,#2348,#2349);
#2347 = CARTESIAN_POINT('',(14.9,20.5,6.7));
#2348 = DIRECTION('',(0.,0.,1.));
#2349 = DIRECTION('',(1.,0.,-0.));
#2350 = MANIFOLD_SOLID_BREP('',#2351);
#2351 = CLOSED_SHELL('',(#2352,#2392,#2432,#2454,#2476,#2488));
#2352 = ADVANCED_FACE('',(#2353),#2387,.F.);
#2353 = FACE_BOUND('',#2354,.F.);
#2354 = EDGE_LOOP('',(#2355,#2365,#2373,#2381));
#2355 = ORIENTED_EDGE('',*,*,#2356,.F.);
#2356 = EDGE_CURVE('',#2357,#2359,#2361,.T.);
#2357 = VERTEX_POINT('',#2358);
#2358 = CARTESIAN_POINT('',(16.17,18.5,0.));
#2359 = VERTEX_POINT('',#2360);
#2360 = CARTESIAN_POINT('',(16.17,18.5,6.7));
#2361 = LINE('',#2362,#2363);
#2362 = CARTESIAN_POINT('',(16.17,18.5,0.));
#2363 = VECTOR('',#2364,1.);
#2364 = DIRECTION('',(0.,0.,1.));
#2365 = ORIENTED_EDGE('',*,*,#2366,.T.);
#2366 = EDGE_CURVE('',#2357,#2367,#2369,.T.);
#2367 = VERTEX_POINT('',#2368);
#2368 = CARTESIAN_POINT('',(16.17,18.9,0.));
#2369 = LINE('',#2370,#2371);
#2370 = CARTESIAN_POINT('',(16.17,18.5,0.));
#2371 = VECTOR('',#2372,1.);
#2372 = DIRECTION('',(-0.,1.,0.));
#2373 = ORIENTED_EDGE('',*,*,#2374,.T.);
#2374 = EDGE_CURVE('',#2367,#2375,#2377,.T.);
#2375 = VERTEX_POINT('',#2376);
#2376 = CARTESIAN_POINT('',(16.17,18.9,6.7));
#2377 = LINE('',#2378,#2379);
#2378 = CARTESIAN_POINT('',(16.17,18.9,0.));
#2379 = VECTOR('',#2380,1.);
#2380 = DIRECTION('',(0.,0.,1.));
#2381 = ORIENTED_EDGE('',*,*,#2382,.F.);
#2382 = EDGE_CURVE('',#2359,#2375,#2383,.T.);
#2383 = LINE('',#2384,#2385);
#2384 = CARTESIAN_POINT('',(16.17,18.5,6.7));
#2385 = VECTOR('',#2386,1.);
#2386 = DIRECTION('',(-0.,1.,0.));
#2387 = PLANE('',#2388);
#2388 = AXIS2_PLACEMENT_3D('',#2389,#2390,#2391);
#2389 = CARTESIAN_POINT('',(16.17,18.5,0.));
#2390 = DIRECTION('',(1.,0.,-0.));
#2391 = DIRECTION('',(0.,0.,1.));
#2392 = ADVANCED_FACE('',(#2393),#2427,.T.);
#2393 = FACE_BOUND('',#2394,.T.);
#2394 = EDGE_LOOP('',(#2395,#2405,#2413,#2421));
#2395 = ORIENTED_EDGE('',*,*,#2396,.F.);
#2396 = EDGE_CURVE('',#2397,#2399,#2401,.T.);
#2397 = VERTEX_POINT('',#2398);
#2398 = CARTESIAN_POINT('',(16.67,18.5,0.));
#2399 = VERTEX_POINT('',#2400);
#2400 = CARTESIAN_POINT('',(16.67,18.5,6.7));
#2401 = LINE('',#2402,#2403);
#2402 = CARTESIAN_POINT('',(16.67,18.5,0.));
#2403 = VECTOR('',#2404,1.);
#2404 = DIRECTION('',(0.,0.,1.));
#2405 = ORIENTED_EDGE('',*,*,#2406,.T.);
#2406 = EDGE_CURVE('',#2397,#2407,#2409,.T.);
#2407 = VERTEX_POINT('',#2408);
#2408 = CARTESIAN_POINT('',(16.67,18.9,0.));
#2409 = LINE('',#2410,#2411);
#2410 = CARTESIAN_POINT('',(16.67,18.5,0.));
#2411 = VECTOR('',#2412,1.);
#2412 = DIRECTION('',(-0.,1.,0.));
#2413 = ORIENTED_EDGE('',*,*,#2414,.T.);
#2414 = EDGE_CURVE('',#2407,#2415,#2417,.T.);
#2415 = VERTEX_POINT('',#2416);
#2416 = CARTESIAN_POINT('',(16.67,18.9,6.7));
#2417 = LINE('',#2418,#2419);
#2418 = CARTESIAN_POINT('',(16.67,18.9,0.));
#2419 = VECTOR('',#2420,1.);
#2420 = DIRECTION('',(0.,0.,1.));
#2421 = ORIENTED_EDGE('',*,*,#2422,.F.);
#2422 = EDGE_CURVE('',#2399,#2415,#2423,.T.);
#2423 = LINE('',#2424,#2425);
#2424 = CARTESIAN_POINT('',(16.67,18.5,6.7));
#2425 = VECTOR('',#2426,1.);
#2426 = DIRECTION('',(-0.,1.,0.));
#2427 = PLANE('',#2428);
#2428 = AXIS2_PLACEMENT_3D('',#2429,#2430,#2431);
#2429 = CARTESIAN_POINT('',(16.67,18.5,0.));
#2430 = DIRECTION('',(1.,0.,-0.));
#2431 = DIRECTION('',(0.,0.,1.));
#2432 = ADVANCED_FACE('',(#2433),#2449,.F.);
#2433 = FACE_BOUND('',#2434,.F.);
#2434 = EDGE_LOOP('',(#2435,#2441,#2442,#2448));
#2435 = ORIENTED_EDGE('',*,*,#2436,.F.);
#2436 = EDGE_CURVE('',#2357,#2397,#2437,.T.);
#2437 = LINE('',#2438,#2439);
#2438 = CARTESIAN_POINT('',(16.17,18.5,0.));
#2439 = VECTOR('',#2440,1.);
#2440 = DIRECTION('',(1.,0.,-0.));
#2441 = ORIENTED_EDGE('',*,*,#2356,.T.);
#2442 = ORIENTED_EDGE('',*,*,#2443,.T.);
#2443 = EDGE_CURVE('',#2359,#2399,#2444,.T.);
#2444 = LINE('',#2445,#2446);
#2445 = CARTESIAN_POINT('',(16.17,18.5,6.7));
#2446 = VECTOR('',#2447,1.);
#2447 = DIRECTION('',(1.,0.,-0.));
#2448 = ORIENTED_EDGE('',*,*,#2396,.F.);
#2449 = PLANE('',#2450);
#2450 = AXIS2_PLACEMENT_3D('',#2451,#2452,#2453);
#2451 = CARTESIAN_POINT('',(16.17,18.5,0.));
#2452 = DIRECTION('',(-0.,1.,0.));
#2453 = DIRECTION('',(0.,0.,1.));
#2454 = ADVANCED_FACE('',(#2455),#2471,.T.);
#2455 = FACE_BOUND('',#2456,.T.);
#2456 = EDGE_LOOP('',(#2457,#2463,#2464,#2470));
#2457 = ORIENTED_EDGE('',*,*,#2458,.F.);
#2458 = EDGE_CURVE('',#2367,#2407,#2459,.T.);
#2459 = LINE('',#2460,#2461);
#2460 = CARTESIAN_POINT('',(16.17,18.9,0.));
#2461 = VECTOR('',#2462,1.);
#2462 = DIRECTION('',(1.,0.,-0.));
#2463 = ORIENTED_EDGE('',*,*,#2374,.T.);
#2464 = ORIENTED_EDGE('',*,*,#2465,.T.);
#2465 = EDGE_CURVE('',#2375,#2415,#2466,.T.);
#2466 = LINE('',#2467,#2468);
#2467 = CARTESIAN_POINT('',(16.17,18.9,6.7));
#2468 = VECTOR('',#2469,1.);
#2469 = DIRECTION('',(1.,0.,-0.));
#2470 = ORIENTED_EDGE('',*,*,#2414,.F.);
#2471 = PLANE('',#2472);
#2472 = AXIS2_PLACEMENT_3D('',#2473,#2474,#2475);
#2473 = CARTESIAN_POINT('',(16.17,18.9,0.));
#2474 = DIRECTION('',(-0.,1.,0.));
#2475 = DIRECTION('',(0.,0.,1.));
#2476 = ADVANCED_FACE('',(#2477),#2483,.F.);
#2477 = FACE_BOUND('',#2478,.F.);
#2478 = EDGE_LOOP('',(#2479,#2480,#2481,#2482));
#2479 = ORIENTED_EDGE('',*,*,#2366,.F.);
#2480 = ORIENTED_EDGE('',*,*,#2436,.T.);
#2481 = ORIENTED_EDGE('',*,*,#2406,.T.);
#2482 = ORIENTED_EDGE('',*,*,#2458,.F.);
#2483 = PLANE('',#2484);
#2484 = AXIS2_PLACEMENT_3D('',#2485,#2486,#2487);
#2485 = CARTESIAN_POINT('',(16.17,18.5,0.));
#2486 = DIRECTION('',(0.,0.,1.));
#2487 = DIRECTION('',(1.,0.,-0.));
#2488 = ADVANCED_FACE('',(#2489),#2495,.T.);
#2489 = FACE_BOUND('',#2490,.T.);
#2490 = EDGE_LOOP('',(#2491,#2492,#2493,#2494));
#2491 = ORIENTED_EDGE('',*,*,#2382,.F.);
#2492 = ORIENTED_EDGE('',*,*,#2443,.T.);
#2493 = ORIENTED_EDGE('',*,*,#2422,.T.);
#2494 = ORIENTED_EDGE('',*,*,#2465,.F.);
#2495 = PLANE('',#2496);
#2496 = AXIS2_PLACEMENT_3D('',#2497,#2498,#2499);
#2497 = CARTESIAN_POINT('',(16.17,18.5,6.7));
#2498 = DIRECTION('',(0.,0.,1.));
#2499 = DIRECTION('',(1.,0.,-0.));
#2500 = MANIFOLD_SOLID_BREP('',#2501);
#2501 = CLOSED_SHELL('',(#2502,#2542,#2582,#2604,#2626,#2638));
#2502 = ADVANCED_FACE('',(#2503),#2537,.F.);
#2503 = FACE_BOUND('',#2504,.F.);
#2504 = EDGE_LOOP('',(#2505,#2515,#2523,#2531));
#2505 = ORIENTED_EDGE('',*,*,#2506,.F.);
#2506 = EDGE_CURVE('',#2507,#2509,#2511,.T.);
#2507 = VERTEX_POINT('',#2508);
#2508 = CARTESIAN_POINT('',(17.44,20.5,0.));
#2509 = VERTEX_POINT('',#2510);
#2510 = CARTESIAN_POINT('',(17.44,20.5,6.7));
#2511 = LINE('',#2512,#2513);
#2512 = CARTESIAN_POINT('',(17.44,20.5,0.));
#2513 = VECTOR('',#2514,1.);
#2514 = DIRECTION('',(0.,0.,1.));
#2515 = ORIENTED_EDGE('',*,*,#2516,.T.);
#2516 = EDGE_CURVE('',#2507,#2517,#2519,.T.);
#2517 = VERTEX_POINT('',#2518);
#2518 = CARTESIAN_POINT('',(17.44,20.9,0.));
#2519 = LINE('',#2520,#2521);
#2520 = CARTESIAN_POINT('',(17.44,20.5,0.));
#2521 = VECTOR('',#2522,1.);
#2522 = DIRECTION('',(-0.,1.,0.));
#2523 = ORIENTED_EDGE('',*,*,#2524,.T.);
#2524 = EDGE_CURVE('',#2517,#2525,#2527,.T.);
#2525 = VERTEX_POINT('',#2526);
#2526 = CARTESIAN_POINT('',(17.44,20.9,6.7));
#2527 = LINE('',#2528,#2529);
#2528 = CARTESIAN_POINT('',(17.44,20.9,0.));
#2529 = VECTOR('',#2530,1.);
#2530 = DIRECTION('',(0.,0.,1.));
#2531 = ORIENTED_EDGE('',*,*,#2532,.F.);
#2532 = EDGE_CURVE('',#2509,#2525,#2533,.T.);
#2533 = LINE('',#2534,#2535);
#2534 = CARTESIAN_POINT('',(17.44,20.5,6.7));
#2535 = VECTOR('',#2536,1.);
#2536 = DIRECTION('',(-0.,1.,0.));
#2537 = PLANE('',#2538);
#2538 = AXIS2_PLACEMENT_3D('',#2539,#2540,#2541);
#2539 = CARTESIAN_POINT('',(17.44,20.5,0.));
#2540 = DIRECTION('',(1.,0.,-0.));
#2541 = DIRECTION('',(0.,0.,1.));
#2542 = ADVANCED_FACE('',(#2543),#2577,.T.);
#2543 = FACE_BOUND('',#2544,.T.);
#2544 = EDGE_LOOP('',(#2545,#2555,#2563,#2571));
#2545 = ORIENTED_EDGE('',*,*,#2546,.F.);
#2546 = EDGE_CURVE('',#2547,#2549,#2551,.T.);
#2547 = VERTEX_POINT('',#2548);
#2548 = CARTESIAN_POINT('',(17.94,20.5,0.));
#2549 = VERTEX_POINT('',#2550);
#2550 = CARTESIAN_POINT('',(17.94,20.5,6.7));
#2551 = LINE('',#2552,#2553);
#2552 = CARTESIAN_POINT('',(17.94,20.5,0.));
#2553 = VECTOR('',#2554,1.);
#2554 = DIRECTION('',(0.,0.,1.));
#2555 = ORIENTED_EDGE('',*,*,#2556,.T.);
#2556 = EDGE_CURVE('',#2547,#2557,#2559,.T.);
#2557 = VERTEX_POINT('',#2558);
#2558 = CARTESIAN_POINT('',(17.94,20.9,0.));
#2559 = LINE('',#2560,#2561);
#2560 = CARTESIAN_POINT('',(17.94,20.5,0.));
#2561 = VECTOR('',#2562,1.);
#2562 = DIRECTION('',(-0.,1.,0.));
#2563 = ORIENTED_EDGE('',*,*,#2564,.T.);
#2564 = EDGE_CURVE('',#2557,#2565,#2567,.T.);
#2565 = VERTEX_POINT('',#2566);
#2566 = CARTESIAN_POINT('',(17.94,20.9,6.7));
#2567 = LINE('',#2568,#2569);
#2568 = CARTESIAN_POINT('',(17.94,20.9,0.));
#2569 = VECTOR('',#2570,1.);
#2570 = DIRECTION('',(0.,0.,1.));
#2571 = ORIENTED_EDGE('',*,*,#2572,.F.);
#2572 = EDGE_CURVE('',#2549,#2565,#2573,.T.);
#2573 = LINE('',#2574,#2575);
#2574 = CARTESIAN_POINT('',(17.94,20.5,6.7));
#2575 = VECTOR('',#2576,1.);
#2576 = DIRECTION('',(-0.,1.,0.));
#2577 = PLANE('',#2578);
#2578 = AXIS2_PLACEMENT_3D('',#2579,#2580,#2581);
#2579 = CARTESIAN_POINT('',(17.94,20.5,0.));
#2580 = DIRECTION('',(1.,0.,-0.));
#2581 = DIRECTION('',(0.,0.,1.));
#2582 = ADVANCED_FACE('',(#2583),#2599,.F.);
#2583 = FACE_BOUND('',#2584,.F.);
#2584 = EDGE_LOOP('',(#2585,#2591,#2592,#2598));
#2585 = ORIENTED_EDGE('',*,*,#2586,.F.);
#2586 = EDGE_CURVE('',#2507,#2547,#2587,.T.);
#2587 = LINE('',#2588,#2589);
#2588 = CARTESIAN_POINT('',(17.44,20.5,0.));
#2589 = VECTOR('',#2590,1.);
#2590 = DIRECTION('',(1.,0.,-0.));
#2591 = ORIENTED_EDGE('',*,*,#2506,.T.);
#2592 = ORIENTED_EDGE('',*,*,#2593,.T.);
#2593 = EDGE_CURVE('',#2509,#2549,#2594,.T.);
#2594 = LINE('',#2595,#2596);
#2595 = CARTESIAN_POINT('',(17.44,20.5,6.7));
#2596 = VECTOR('',#2597,1.);
#2597 = DIRECTION('',(1.,0.,-0.));
#2598 = ORIENTED_EDGE('',*,*,#2546,.F.);
#2599 = PLANE('',#2600);
#2600 = AXIS2_PLACEMENT_3D('',#2601,#2602,#2603);
#2601 = CARTESIAN_POINT('',(17.44,20.5,0.));
#2602 = DIRECTION('',(-0.,1.,0.));
#2603 = DIRECTION('',(0.,0.,1.));
#2604 = ADVANCED_FACE('',(#2605),#2621,.T.);
#2605 = FACE_BOUND('',#2606,.T.);
#2606 = EDGE_LOOP('',(#2607,#2613,#2614,#2620));
#2607 = ORIENTED_EDGE('',*,*,#2608,.F.);
#2608 = EDGE_CURVE('',#2517,#2557,#2609,.T.);
#2609 = LINE('',#2610,#2611);
#2610 = CARTESIAN_POINT('',(17.44,20.9,0.));
#2611 = VECTOR('',#2612,1.);
#2612 = DIRECTION('',(1.,0.,-0.));
#2613 = ORIENTED_EDGE('',*,*,#2524,.T.);
#2614 = ORIENTED_EDGE('',*,*,#2615,.T.);
#2615 = EDGE_CURVE('',#2525,#2565,#2616,.T.);
#2616 = LINE('',#2617,#2618);
#2617 = CARTESIAN_POINT('',(17.44,20.9,6.7));
#2618 = VECTOR('',#2619,1.);
#2619 = DIRECTION('',(1.,0.,-0.));
#2620 = ORIENTED_EDGE('',*,*,#2564,.F.);
#2621 = PLANE('',#2622);
#2622 = AXIS2_PLACEMENT_3D('',#2623,#2624,#2625);
#2623 = CARTESIAN_POINT('',(17.44,20.9,0.));
#2624 = DIRECTION('',(-0.,1.,0.));
#2625 = DIRECTION('',(0.,0.,1.));
#2626 = ADVANCED_FACE('',(#2627),#2633,.F.);
#2627 = FACE_BOUND('',#2628,.F.);
#2628 = EDGE_LOOP('',(#2629,#2630,#2631,#2632));
#2629 = ORIENTED_EDGE('',*,*,#2516,.F.);
#2630 = ORIENTED_EDGE('',*,*,#2586,.T.);
#2631 = ORIENTED_EDGE('',*,*,#2556,.T.);
#2632 = ORIENTED_EDGE('',*,*,#2608,.F.);
#2633 = PLANE('',#2634);
#2634 = AXIS2_PLACEMENT_3D('',#2635,#2636,#2637);
#2635 = CARTESIAN_POINT('',(17.44,20.5,0.));
#2636 = DIRECTION('',(0.,0.,1.));
#2637 = DIRECTION('',(1.,0.,-0.));
#2638 = ADVANCED_FACE('',(#2639),#2645,.T.);
#2639 = FACE_BOUND('',#2640,.T.);
#2640 = EDGE_LOOP('',(#2641,#2642,#2643,#2644));
#2641 = ORIENTED_EDGE('',*,*,#2532,.F.);
#2642 = ORIENTED_EDGE('',*,*,#2593,.T.);
#2643 = ORIENTED_EDGE('',*,*,#2572,.T.);
#2644 = ORIENTED_EDGE('',*,*,#2615,.F.);
#2645 = PLANE('',#2646);
#2646 = AXIS2_PLACEMENT_3D('',#2647,#2648,#2649);
#2647 = CARTESIAN_POINT('',(17.44,20.5,6.7));
#2648 = DIRECTION('',(0.,0.,1.));
#2649 = DIRECTION('',(1.,0.,-0.));
#2650 = MANIFOLD_SOLID_BREP('',#2651);
#2651 = CLOSED_SHELL('',(#2652,#2692,#2732,#2754,#2776,#2788));
#2652 = ADVANCED_FACE('',(#2653),#2687,.F.);
#2653 = FACE_BOUND('',#2654,.F.);
#2654 = EDGE_LOOP('',(#2655,#2665,#2673,#2681));
#2655 = ORIENTED_EDGE('',*,*,#2656,.F.);
#2656 = EDGE_CURVE('',#2657,#2659,#2661,.T.);
#2657 = VERTEX_POINT('',#2658);
#2658 = CARTESIAN_POINT('',(18.71,18.5,0.));
#2659 = VERTEX_POINT('',#2660);
#2660 = CARTESIAN_POINT('',(18.71,18.5,6.7));
#2661 = LINE('',#2662,#2663);
#2662 = CARTESIAN_POINT('',(18.71,18.5,0.));
#2663 = VECTOR('',#2664,1.);
#2664 = DIRECTION('',(0.,0.,1.));
#2665 = ORIENTED_EDGE('',*,*,#2666,.T.);
#2666 = EDGE_CURVE('',#2657,#2667,#2669,.T.);
#2667 = VERTEX_POINT('',#2668);
#2668 = CARTESIAN_POINT('',(18.71,18.9,0.));
#2669 = LINE('',#2670,#2671);
#2670 = CARTESIAN_POINT('',(18.71,18.5,0.));
#2671 = VECTOR('',#2672,1.);
#2672 = DIRECTION('',(-0.,1.,0.));
#2673 = ORIENTED_EDGE('',*,*,#2674,.T.);
#2674 = EDGE_CURVE('',#2667,#2675,#2677,.T.);
#2675 = VERTEX_POINT('',#2676);
#2676 = CARTESIAN_POINT('',(18.71,18.9,6.7));
#2677 = LINE('',#2678,#2679);
#2678 = CARTESIAN_POINT('',(18.71,18.9,0.));
#2679 = VECTOR('',#2680,1.);
#2680 = DIRECTION('',(0.,0.,1.));
#2681 = ORIENTED_EDGE('',*,*,#2682,.F.);
#2682 = EDGE_CURVE('',#2659,#2675,#2683,.T.);
#2683 = LINE('',#2684,#2685);
#2684 = CARTESIAN_POINT('',(18.71,18.5,6.7));
#2685 = VECTOR('',#2686,1.);
#2686 = DIRECTION('',(-0.,1.,0.));
#2687 = PLANE('',#2688);
#2688 = AXIS2_PLACEMENT_3D('',#2689,#2690,#2691);
#2689 = CARTESIAN_POINT('',(18.71,18.5,0.));
#2690 = DIRECTION('',(1.,0.,-0.));
#2691 = DIRECTION('',(0.,0.,1.));
#2692 = ADVANCED_FACE('',(#2693),#2727,.T.);
#2693 = FACE_BOUND('',#2694,.T.);
#2694 = EDGE_LOOP('',(#2695,#2705,#2713,#2721));
#2695 = ORIENTED_EDGE('',*,*,#2696,.F.);
#2696 = EDGE_CURVE('',#2697,#2699,#2701,.T.);
#2697 = VERTEX_POINT('',#2698);
#2698 = CARTESIAN_POINT('',(19.21,18.5,0.));
#2699 = VERTEX_POINT('',#2700);
#2700 = CARTESIAN_POINT('',(19.21,18.5,6.7));
#2701 = LINE('',#2702,#2703);
#2702 = CARTESIAN_POINT('',(19.21,18.5,0.));
#2703 = VECTOR('',#2704,1.);
#2704 = DIRECTION('',(0.,0.,1.));
#2705 = ORIENTED_EDGE('',*,*,#2706,.T.);
#2706 = EDGE_CURVE('',#2697,#2707,#2709,.T.);
#2707 = VERTEX_POINT('',#2708);
#2708 = CARTESIAN_POINT('',(19.21,18.9,0.));
#2709 = LINE('',#2710,#2711);
#2710 = CARTESIAN_POINT('',(19.21,18.5,0.));
#2711 = VECTOR('',#2712,1.);
#2712 = DIRECTION('',(-0.,1.,0.));
#2713 = ORIENTED_EDGE('',*,*,#2714,.T.);
#2714 = EDGE_CURVE('',#2707,#2715,#2717,.T.);
#2715 = VERTEX_POINT('',#2716);
#2716 = CARTESIAN_POINT('',(19.21,18.9,6.7));
#2717 = LINE('',#2718,#2719);
#2718 = CARTESIAN_POINT('',(19.21,18.9,0.));
#2719 = VECTOR('',#2720,1.);
#2720 = DIRECTION('',(0.,0.,1.));
#2721 = ORIENTED_EDGE('',*,*,#2722,.F.);
#2722 = EDGE_CURVE('',#2699,#2715,#2723,.T.);
#2723 = LINE('',#2724,#2725);
#2724 = CARTESIAN_POINT('',(19.21,18.5,6.7));
#2725 = VECTOR('',#2726,1.);
#2726 = DIRECTION('',(-0.,1.,0.));
#2727 = PLANE('',#2728);
#2728 = AXIS2_PLACEMENT_3D('',#2729,#2730,#2731);
#2729 = CARTESIAN_POINT('',(19.21,18.5,0.));
#2730 = DIRECTION('',(1.,0.,-0.));
#2731 = DIRECTION('',(0.,0.,1.));
#2732 = ADVANCED_FACE('',(#2733),#2749,.F.);
#2733 = FACE_BOUND('',#2734,.F.);
#2734 = EDGE_LOOP('',(#2735,#2741,#2742,#2748));
#2735 = ORIENTED_EDGE('',*,*,#2736,.F.);
#2736 = EDGE_CURVE('',#2657,#2697,#2737,.T.);
#2737 = LINE('',#2738,#2739);
#2738 = CARTESIAN_POINT('',(18.71,18.5,0.));
#2739 = VECTOR('',#2740,1.);
#2740 = DIRECTION('',(1.,0.,-0.));
#2741 = ORIENTED_EDGE('',*,*,#2656,.T.);
#2742 = ORIENTED_EDGE('',*,*,#2743,.T.);
#2743 = EDGE_CURVE('',#2659,#2699,#2744,.T.);
#2744 = LINE('',#2745,#2746);
#2745 = CARTESIAN_POINT('',(18.71,18.5,6.7));
#2746 = VECTOR('',#2747,1.);
#2747 = DIRECTION('',(1.,0.,-0.));
#2748 = ORIENTED_EDGE('',*,*,#2696,.F.);
#2749 = PLANE('',#2750);
#2750 = AXIS2_PLACEMENT_3D('',#2751,#2752,#2753);
#2751 = CARTESIAN_POINT('',(18.71,18.5,0.));
#2752 = DIRECTION('',(-0.,1.,0.));
#2753 = DIRECTION('',(0.,0.,1.));
#2754 = ADVANCED_FACE('',(#2755),#2771,.T.);
#2755 = FACE_BOUND('',#2756,.T.);
#2756 = EDGE_LOOP('',(#2757,#2763,#2764,#2770));
#2757 = ORIENTED_EDGE('',*,*,#2758,.F.);
#2758 = EDGE_CURVE('',#2667,#2707,#2759,.T.);
#2759 = LINE('',#2760,#2761);
#2760 = CARTESIAN_POINT('',(18.71,18.9,0.));
#2761 = VECTOR('',#2762,1.);
#2762 = DIRECTION('',(1.,0.,-0.));
#2763 = ORIENTED_EDGE('',*,*,#2674,.T.);
#2764 = ORIENTED_EDGE('',*,*,#2765,.T.);
#2765 = EDGE_CURVE('',#2675,#2715,#2766,.T.);
#2766 = LINE('',#2767,#2768);
#2767 = CARTESIAN_POINT('',(18.71,18.9,6.7));
#2768 = VECTOR('',#2769,1.);
#2769 = DIRECTION('',(1.,0.,-0.));
#2770 = ORIENTED_EDGE('',*,*,#2714,.F.);
#2771 = PLANE('',#2772);
#2772 = AXIS2_PLACEMENT_3D('',#2773,#2774,#2775);
#2773 = CARTESIAN_POINT('',(18.71,18.9,0.));
#2774 = DIRECTION('',(-0.,1.,0.));
#2775 = DIRECTION('',(0.,0.,1.));
#2776 = ADVANCED_FACE('',(#2777),#2783,.F.);
#2777 = FACE_BOUND('',#2778,.F.);
#2778 = EDGE_LOOP('',(#2779,#2780,#2781,#2782));
#2779 = ORIENTED_EDGE('',*,*,#2666,.F.);
#2780 = ORIENTED_EDGE('',*,*,#2736,.T.);
#2781 = ORIENTED_EDGE('',*,*,#2706,.T.);
#2782 = ORIENTED_EDGE('',*,*,#2758,.F.);
#2783 = PLANE('',#2784);
#2784 = AXIS2_PLACEMENT_3D('',#2785,#2786,#2787);
#2785 = CARTESIAN_POINT('',(18.71,18.5,0.));
#2786 = DIRECTION('',(0.,0.,1.));
#2787 = DIRECTION('',(1.,0.,-0.));
#2788 = ADVANCED_FACE('',(#2789),#2795,.T.);
#2789 = FACE_BOUND('',#2790,.T.);
#2790 = EDGE_LOOP('',(#2791,#2792,#2793,#2794));
#2791 = ORIENTED_EDGE('',*,*,#2682,.F.);
#2792 = ORIENTED_EDGE('',*,*,#2743,.T.);
#2793 = ORIENTED_EDGE('',*,*,#2722,.T.);
#2794 = ORIENTED_EDGE('',*,*,#2765,.F.);
#2795 = PLANE('',#2796);
#2796 = AXIS2_PLACEMENT_3D('',#2797,#2798,#2799);
#2797 = CARTESIAN_POINT('',(18.71,18.5,6.7));
#2798 = DIRECTION('',(0.,0.,1.));
#2799 = DIRECTION('',(1.,0.,-0.));
#2800 = MANIFOLD_SOLID_BREP('',#2801);
#2801 = CLOSED_SHELL('',(#2802,#2842,#2882,#2904,#2926,#2938));
#2802 = ADVANCED_FACE('',(#2803),#2837,.F.);
#2803 = FACE_BOUND('',#2804,.F.);
#2804 = EDGE_LOOP('',(#2805,#2815,#2823,#2831));
#2805 = ORIENTED_EDGE('',*,*,#2806,.F.);
#2806 = EDGE_CURVE('',#2807,#2809,#2811,.T.);
#2807 = VERTEX_POINT('',#2808);
#2808 = CARTESIAN_POINT('',(19.98,20.5,0.));
#2809 = VERTEX_POINT('',#2810);
#2810 = CARTESIAN_POINT('',(19.98,20.5,6.7));
#2811 = LINE('',#2812,#2813);
#2812 = CARTESIAN_POINT('',(19.98,20.5,0.));
#2813 = VECTOR('',#2814,1.);
#2814 = DIRECTION('',(0.,0.,1.));
#2815 = ORIENTED_EDGE('',*,*,#2816,.T.);
#2816 = EDGE_CURVE('',#2807,#2817,#2819,.T.);
#2817 = VERTEX_POINT('',#2818);
#2818 = CARTESIAN_POINT('',(19.98,20.9,0.));
#2819 = LINE('',#2820,#2821);
#2820 = CARTESIAN_POINT('',(19.98,20.5,0.));
#2821 = VECTOR('',#2822,1.);
#2822 = DIRECTION('',(-0.,1.,0.));
#2823 = ORIENTED_EDGE('',*,*,#2824,.T.);
#2824 = EDGE_CURVE('',#2817,#2825,#2827,.T.);
#2825 = VERTEX_POINT('',#2826);
#2826 = CARTESIAN_POINT('',(19.98,20.9,6.7));
#2827 = LINE('',#2828,#2829);
#2828 = CARTESIAN_POINT('',(19.98,20.9,0.));
#2829 = VECTOR('',#2830,1.);
#2830 = DIRECTION('',(0.,0.,1.));
#2831 = ORIENTED_EDGE('',*,*,#2832,.F.);
#2832 = EDGE_CURVE('',#2809,#2825,#2833,.T.);
#2833 = LINE('',#2834,#2835);
#2834 = CARTESIAN_POINT('',(19.98,20.5,6.7));
#2835 = VECTOR('',#2836,1.);
#2836 = DIRECTION('',(-0.,1.,0.));
#2837 = PLANE('',#2838);
#2838 = AXIS2_PLACEMENT_3D('',#2839,#2840,#2841);
#2839 = CARTESIAN_POINT('',(19.98,20.5,0.));
#2840 = DIRECTION('',(1.,0.,-0.));
#2841 = DIRECTION('',(0.,0.,1.));
#2842 = ADVANCED_FACE('',(#2843),#2877,.T.);
#2843 = FACE_BOUND('',#2844,.T.);
#2844 = EDGE_LOOP('',(#2845,#2855,#2863,#2871));
#2845 = ORIENTED_EDGE('',*,*,#2846,.F.);
#2846 = EDGE_CURVE('',#2847,#2849,#2851,.T.);
#2847 = VERTEX_POINT('',#2848);
#2848 = CARTESIAN_POINT('',(20.48,20.5,0.));
#2849 = VERTEX_POINT('',#2850);
#2850 = CARTESIAN_POINT('',(20.48,20.5,6.7));
#2851 = LINE('',#2852,#2853);
#2852 = CARTESIAN_POINT('',(20.48,20.5,0.));
#2853 = VECTOR('',#2854,1.);
#2854 = DIRECTION('',(0.,0.,1.));
#2855 = ORIENTED_EDGE('',*,*,#2856,.T.);
#2856 = EDGE_CURVE('',#2847,#2857,#2859,.T.);
#2857 = VERTEX_POINT('',#2858);
#2858 = CARTESIAN_POINT('',(20.48,20.9,0.));
#2859 = LINE('',#2860,#2861);
#2860 = CARTESIAN_POINT('',(20.48,20.5,0.));
#2861 = VECTOR('',#2862,1.);
#2862 = DIRECTION('',(-0.,1.,0.));
#2863 = ORIENTED_EDGE('',*,*,#2864,.T.);
#2864 = EDGE_CURVE('',#2857,#2865,#2867,.T.);
#2865 = VERTEX_POINT('',#2866);
#2866 = CARTESIAN_POINT('',(20.48,20.9,6.7));
#2867 = LINE('',#2868,#2869);
#2868 = CARTESIAN_POINT('',(20.48,20.9,0.));
#2869 = VECTOR('',#2870,1.);
#2870 = DIRECTION('',(0.,0.,1.));
#2871 = ORIENTED_EDGE('',*,*,#2872,.F.);
#2872 = EDGE_CURVE('',#2849,#2865,#2873,.T.);
#2873 = LINE('',#2874,#2875);
#2874 = CARTESIAN_POINT('',(20.48,20.5,6.7));
#2875 = VECTOR('',#2876,1.);
#2876 = DIRECTION('',(-0.,1.,0.));
#2877 = PLANE('',#2878);
#2878 = AXIS2_PLACEMENT_3D('',#2879,#2880,#2881);
#2879 = CARTESIAN_POINT('',(20.48,20.5,0.));
#2880 = DIRECTION('',(1.,0.,-0.));
#2881 = DIRECTION('',(0.,0.,1.));
#2882 = ADVANCED_FACE('',(#2883),#2899,.F.);
#2883 = FACE_BOUND('',#2884,.F.);
#2884 = EDGE_LOOP('',(#2885,#2891,#2892,#2898));
#2885 = ORIENTED_EDGE('',*,*,#2886,.F.);
#2886 = EDGE_CURVE('',#2807,#2847,#2887,.T.);
#2887 = LINE('',#2888,#2889);
#2888 = CARTESIAN_POINT('',(19.98,20.5,0.));
#2889 = VECTOR('',#2890,1.);
#2890 = DIRECTION('',(1.,0.,-0.));
#2891 = ORIENTED_EDGE('',*,*,#2806,.T.);
#2892 = ORIENTED_EDGE('',*,*,#2893,.T.);
#2893 = EDGE_CURVE('',#2809,#2849,#2894,.T.);
#2894 = LINE('',#2895,#2896);
#2895 = CARTESIAN_POINT('',(19.98,20.5,6.7));
#2896 = VECTOR('',#2897,1.);
#2897 = DIRECTION('',(1.,0.,-0.));
#2898 = ORIENTED_EDGE('',*,*,#2846,.F.);
#2899 = PLANE('',#2900);
#2900 = AXIS2_PLACEMENT_3D('',#2901,#2902,#2903);
#2901 = CARTESIAN_POINT('',(19.98,20.5,0.));
#2902 = DIRECTION('',(-0.,1.,0.));
#2903 = DIRECTION('',(0.,0.,1.));
#2904 = ADVANCED_FACE('',(#2905),#2921,.T.);
#2905 = FACE_BOUND('',#2906,.T.);
#2906 = EDGE_LOOP('',(#2907,#2913,#2914,#2920));
#2907 = ORIENTED_EDGE('',*,*,#2908,.F.);
#2908 = EDGE_CURVE('',#2817,#2857,#2909,.T.);
#2909 = LINE('',#2910,#2911);
#2910 = CARTESIAN_POINT('',(19.98,20.9,0.));
#2911 = VECTOR('',#2912,1.);
#2912 = DIRECTION('',(1.,0.,-0.));
#2913 = ORIENTED_EDGE('',*,*,#2824,.T.);
#2914 = ORIENTED_EDGE('',*,*,#2915,.T.);
#2915 = EDGE_CURVE('',#2825,#2865,#2916,.T.);
#2916 = LINE('',#2917,#2918);
#2917 = CARTESIAN_POINT('',(19.98,20.9,6.7));
#2918 = VECTOR('',#2919,1.);
#2919 = DIRECTION('',(1.,0.,-0.));
#2920 = ORIENTED_EDGE('',*,*,#2864,.F.);
#2921 = PLANE('',#2922);
#2922 = AXIS2_PLACEMENT_3D('',#2923,#2924,#2925);
#2923 = CARTESIAN_POINT('',(19.98,20.9,0.));
#2924 = DIRECTION('',(-0.,1.,0.));
#2925 = DIRECTION('',(0.,0.,1.));
#2926 = ADVANCED_FACE('',(#2927),#2933,.F.);
#2927 = FACE_BOUND('',#2928,.F.);
#2928 = EDGE_LOOP('',(#2929,#2930,#2931,#2932));
#2929 = ORIENTED_EDGE('',*,*,#2816,.F.);
#2930 = ORIENTED_EDGE('',*,*,#2886,.T.);
#2931 = ORIENTED_EDGE('',*,*,#2856,.T.);
#2932 = ORIENTED_EDGE('',*,*,#2908,.F.);
#2933 = PLANE('',#2934);
#2934 = AXIS2_PLACEMENT_3D('',#2935,#2936,#2937);
#2935 = CARTESIAN_POINT('',(19.98,20.5,0.));
#2936 = DIRECTION('',(0.,0.,1.));
#2937 = DIRECTION('',(1.,0.,-0.));
#2938 = ADVANCED_FACE('',(#2939),#2945,.T.);
#2939 = FACE_BOUND('',#2940,.T.);
#2940 = EDGE_LOOP('',(#2941,#2942,#2943,#2944));
#2941 = ORIENTED_EDGE('',*,*,#2832,.F.);
#2942 = ORIENTED_EDGE('',*,*,#2893,.T.);
#2943 = ORIENTED_EDGE('',*,*,#2872,.T.);
#2944 = ORIENTED_EDGE('',*,*,#2915,.F.);
#2945 = PLANE('',#2946);
#2946 = AXIS2_PLACEMENT_3D('',#2947,#2948,#2949);
#2947 = CARTESIAN_POINT('',(19.98,20.5,6.7));
#2948 = DIRECTION('',(0.,0.,1.));
#2949 = DIRECTION('',(1.,0.,-0.));
#2950 = MANIFOLD_SOLID_BREP('',#2951);
#2951 = CLOSED_SHELL('',(#2952,#2992,#3032,#3054,#3076,#3088));
#2952 = ADVANCED_FACE('',(#2953),#2987,.F.);
#2953 = FACE_BOUND('',#2954,.F.);
#2954 = EDGE_LOOP('',(#2955,#2965,#2973,#2981));
#2955 = ORIENTED_EDGE('',*,*,#2956,.F.);
#2956 = EDGE_CURVE('',#2957,#2959,#2961,.T.);
#2957 = VERTEX_POINT('',#2958);
#2958 = CARTESIAN_POINT('',(21.25,18.5,0.));
#2959 = VERTEX_POINT('',#2960);
#2960 = CARTESIAN_POINT('',(21.25,18.5,6.7));
#2961 = LINE('',#2962,#2963);
#2962 = CARTESIAN_POINT('',(21.25,18.5,0.));
#2963 = VECTOR('',#2964,1.);
#2964 = DIRECTION('',(0.,0.,1.));
#2965 = ORIENTED_EDGE('',*,*,#2966,.T.);
#2966 = EDGE_CURVE('',#2957,#2967,#2969,.T.);
#2967 = VERTEX_POINT('',#2968);
#2968 = CARTESIAN_POINT('',(21.25,18.9,0.));
#2969 = LINE('',#2970,#2971);
#2970 = CARTESIAN_POINT('',(21.25,18.5,0.));
#2971 = VECTOR('',#2972,1.);
#2972 = DIRECTION('',(-0.,1.,0.));
#2973 = ORIENTED_EDGE('',*,*,#2974,.T.);
#2974 = EDGE_CURVE('',#2967,#2975,#2977,.T.);
#2975 = VERTEX_POINT('',#2976);
#2976 = CARTESIAN_POINT('',(21.25,18.9,6.7));
#2977 = LINE('',#2978,#2979);
#2978 = CARTESIAN_POINT('',(21.25,18.9,0.));
#2979 = VECTOR('',#2980,1.);
#2980 = DIRECTION('',(0.,0.,1.));
#2981 = ORIENTED_EDGE('',*,*,#2982,.F.);
#2982 = EDGE_CURVE('',#2959,#2975,#2983,.T.);
#2983 = LINE('',#2984,#2985);
#2984 = CARTESIAN_POINT('',(21.25,18.5,6.7));
#2985 = VECTOR('',#2986,1.);
#2986 = DIRECTION('',(-0.,1.,0.));
#2987 = PLANE('',#2988);
#2988 = AXIS2_PLACEMENT_3D('',#2989,#2990,#2991);
#2989 = CARTESIAN_POINT('',(21.25,18.5,0.));
#2990 = DIRECTION('',(1.,0.,-0.));
#2991 = DIRECTION('',(0.,0.,1.));
#2992 = ADVANCED_FACE('',(#2993),#3027,.T.);
#2993 = FACE_BOUND('',#2994,.T.);
#2994 = EDGE_LOOP('',(#2995,#3005,#3013,#3021));
#2995 = ORIENTED_EDGE('',*,*,#2996,.F.);
#2996 = EDGE_CURVE('',#2997,#2999,#3001,.T.);
#2997 = VERTEX_POINT('',#2998);
#2998 = CARTESIAN_POINT('',(21.75,18.5,0.));
#2999 = VERTEX_POINT('',#3000);
#3000 = CARTESIAN_POINT('',(21.75,18.5,6.7));
#3001 = LINE('',#3002,#3003);
#3002 = CARTESIAN_POINT('',(21.75,18.5,0.));
#3003 = VECTOR('',#3004,1.);
#3004 = DIRECTION('',(0.,0.,1.));
#3005 = ORIENTED_EDGE('',*,*,#3006,.T.);
#3006 = EDGE_CURVE('',#2997,#3007,#3009,.T.);
#3007 = VERTEX_POINT('',#3008);
#3008 = CARTESIAN_POINT('',(21.75,18.9,0.));
#3009 = LINE('',#3010,#3011);
#3010 = CARTESIAN_POINT('',(21.75,18.5,0.));
#3011 = VECTOR('',#3012,1.);
#3012 = DIRECTION('',(-0.,1.,0.));
#3013 = ORIENTED_EDGE('',*,*,#3014,.T.);
#3014 = EDGE_CURVE('',#3007,#3015,#3017,.T.);
#3015 = VERTEX_POINT('',#3016);
#3016 = CARTESIAN_POINT('',(21.75,18.9,6.7));
#3017 = LINE('',#3018,#3019);
#3018 = CARTESIAN_POINT('',(21.75,18.9,0.));
#3019 = VECTOR('',#3020,1.);
#3020 = DIRECTION('',(0.,0.,1.));
#3021 = ORIENTED_EDGE('',*,*,#3022,.F.);
#3022 = EDGE_CURVE('',#2999,#3015,#3023,.T.);
#3023 = LINE('',#3024,#3025);
#3024 = CARTESIAN_POINT('',(21.75,18.5,6.7));
#3025 = VECTOR('',#3026,1.);
#3026 = DIRECTION('',(-0.,1.,0.));
#3027 = PLANE('',#3028);
#3028 = AXIS2_PLACEMENT_3D('',#3029,#3030,#3031);
#3029 = CARTESIAN_POINT('',(21.75,18.5,0.));
#3030 = DIRECTION('',(1.,0.,-0.));
#3031 = DIRECTION('',(0.,0.,1.));
#3032 = ADVANCED_FACE('',(#3033),#3049,.F.);
#3033 = FACE_BOUND('',#3034,.F.);
#3034 = EDGE_LOOP('',(#3035,#3041,#3042,#3048));
#3035 = ORIENTED_EDGE('',*,*,#3036,.F.);
#3036 = EDGE_CURVE('',#2957,#2997,#3037,.T.);
#3037 = LINE('',#3038,#3039);
#3038 = CARTESIAN_POINT('',(21.25,18.5,0.));
#3039 = VECTOR('',#3040,1.);
#3040 = DIRECTION('',(1.,0.,-0.));
#3041 = ORIENTED_EDGE('',*,*,#2956,.T.);
#3042 = ORIENTED_EDGE('',*,*,#3043,.T.);
#3043 = EDGE_CURVE('',#2959,#2999,#3044,.T.);
#3044 = LINE('',#3045,#3046);
#3045 = CARTESIAN_POINT('',(21.25,18.5,6.7));
#3046 = VECTOR('',#3047,1.);
#3047 = DIRECTION('',(1.,0.,-0.));
#3048 = ORIENTED_EDGE('',*,*,#2996,.F.);
#3049 = PLANE('',#3050);
#3050 = AXIS2_PLACEMENT_3D('',#3051,#3052,#3053);
#3051 = CARTESIAN_POINT('',(21.25,18.5,0.));
#3052 = DIRECTION('',(-0.,1.,0.));
#3053 = DIRECTION('',(0.,0.,1.));
#3054 = ADVANCED_FACE('',(#3055),#3071,.T.);
#3055 = FACE_BOUND('',#3056,.T.);
#3056 = EDGE_LOOP('',(#3057,#3063,#3064,#3070));
#3057 = ORIENTED_EDGE('',*,*,#3058,.F.);
#3058 = EDGE_CURVE('',#2967,#3007,#3059,.T.);
#3059 = LINE('',#3060,#3061);
#3060 = CARTESIAN_POINT('',(21.25,18.9,0.));
#3061 = VECTOR('',#3062,1.);
#3062 = DIRECTION('',(1.,0.,-0.));
#3063 = ORIENTED_EDGE('',*,*,#2974,.T.);
#3064 = ORIENTED_EDGE('',*,*,#3065,.T.);
#3065 = EDGE_CURVE('',#2975,#3015,#3066,.T.);
#3066 = LINE('',#3067,#3068);
#3067 = CARTESIAN_POINT('',(21.25,18.9,6.7));
#3068 = VECTOR('',#3069,1.);
#3069 = DIRECTION('',(1.,0.,-0.));
#3070 = ORIENTED_EDGE('',*,*,#3014,.F.);
#3071 = PLANE('',#3072);
#3072 = AXIS2_PLACEMENT_3D('',#3073,#3074,#3075);
#3073 = CARTESIAN_POINT('',(21.25,18.9,0.));
#3074 = DIRECTION('',(-0.,1.,0.));
#3075 = DIRECTION('',(0.,0.,1.));
#3076 = ADVANCED_FACE('',(#3077),#3083,.F.);
#3077 = FACE_BOUND('',#3078,.F.);
#3078 = EDGE_LOOP('',(#3079,#3080,#3081,#3082));
#3079 = ORIENTED_EDGE('',*,*,#2966,.F.);
#3080 = ORIENTED_EDGE('',*,*,#3036,.T.);
#3081 = ORIENTED_EDGE('',*,*,#3006,.T.);
#3082 = ORIENTED_EDGE('',*,*,#3058,.F.);
#3083 = PLANE('',#3084);
#3084 = AXIS2_PLACEMENT_3D('',#3085,#3086,#3087);
#3085 = CARTESIAN_POINT('',(21.25,18.5,0.));
#3086 = DIRECTION('',(0.,0.,1.));
#3087 = DIRECTION('',(1.,0.,-0.));
#3088 = ADVANCED_FACE('',(#3089),#3095,.T.);
#3089 = FACE_BOUND('',#3090,.T.);
#3090 = EDGE_LOOP('',(#3091,#3092,#3093,#3094));
#3091 = ORIENTED_EDGE('',*,*,#2982,.F.);
#3092 = ORIENTED_EDGE('',*,*,#3043,.T.);
#3093 = ORIENTED_EDGE('',*,*,#3022,.T.);
#3094 = ORIENTED_EDGE('',*,*,#3065,.F.);
#3095 = PLANE('',#3096);
#3096 = AXIS2_PLACEMENT_3D('',#3097,#3098,#3099);
#3097 = CARTESIAN_POINT('',(21.25,18.5,6.7));
#3098 = DIRECTION('',(0.,0.,1.));
#3099 = DIRECTION('',(1.,0.,-0.));
#3100 = MANIFOLD_SOLID_BREP('',#3101);
#3101 = CLOSED_SHELL('',(#3102,#3142,#3182,#3204,#3226,#3238));
#3102 = ADVANCED_FACE('',(#3103),#3137,.F.);
#3103 = FACE_BOUND('',#3104,.F.);
#3104 = EDGE_LOOP('',(#3105,#3115,#3123,#3131));
#3105 = ORIENTED_EDGE('',*,*,#3106,.F.);
#3106 = EDGE_CURVE('',#3107,#3109,#3111,.T.);
#3107 = VERTEX_POINT('',#3108);
#3108 = CARTESIAN_POINT('',(22.52,20.5,0.));
#3109 = VERTEX_POINT('',#3110);
#3110 = CARTESIAN_POINT('',(22.52,20.5,6.7));
#3111 = LINE('',#3112,#3113);
#3112 = CARTESIAN_POINT('',(22.52,20.5,0.));
#3113 = VECTOR('',#3114,1.);
#3114 = DIRECTION('',(0.,0.,1.));
#3115 = ORIENTED_EDGE('',*,*,#3116,.T.);
#3116 = EDGE_CURVE('',#3107,#3117,#3119,.T.);
#3117 = VERTEX_POINT('',#3118);
#3118 = CARTESIAN_POINT('',(22.52,20.9,0.));
#3119 = LINE('',#3120,#3121);
#3120 = CARTESIAN_POINT('',(22.52,20.5,0.));
#3121 = VECTOR('',#3122,1.);
#3122 = DIRECTION('',(-0.,1.,0.));
#3123 = ORIENTED_EDGE('',*,*,#3124,.T.);
#3124 = EDGE_CURVE('',#3117,#3125,#3127,.T.);
#3125 = VERTEX_POINT('',#3126);
#3126 = CARTESIAN_POINT('',(22.52,20.9,6.7));
#3127 = LINE('',#3128,#3129);
#3128 = CARTESIAN_POINT('',(22.52,20.9,0.));
#3129 = VECTOR('',#3130,1.);
#3130 = DIRECTION('',(0.,0.,1.));
#3131 = ORIENTED_EDGE('',*,*,#3132,.F.);
#3132 = EDGE_CURVE('',#3109,#3125,#3133,.T.);
#3133 = LINE('',#3134,#3135);
#3134 = CARTESIAN_POINT('',(22.52,20.5,6.7));
#3135 = VECTOR('',#3136,1.);
#3136 = DIRECTION('',(-0.,1.,0.));
#3137 = PLANE('',#3138);
#3138 = AXIS2_PLACEMENT_3D('',#3139,#3140,#3141);
#3139 = CARTESIAN_POINT('',(22.52,20.5,0.));
#3140 = DIRECTION('',(1.,0.,-0.));
#3141 = DIRECTION('',(0.,0.,1.));
#3142 = ADVANCED_FACE('',(#3143),#3177,.T.);
#3143 = FACE_BOUND('',#3144,.T.);
#3144 = EDGE_LOOP('',(#3145,#3155,#3163,#3171));
#3145 = ORIENTED_EDGE('',*,*,#3146,.F.);
#3146 = EDGE_CURVE('',#3147,#3149,#3151,.T.);
#3147 = VERTEX_POINT('',#3148);
#3148 = CARTESIAN_POINT('',(23.02,20.5,0.));
#3149 = VERTEX_POINT('',#3150);
#3150 = CARTESIAN_POINT('',(23.02,20.5,6.7));
#3151 = LINE('',#3152,#3153);
#3152 = CARTESIAN_POINT('',(23.02,20.5,0.));
#3153 = VECTOR('',#3154,1.);
#3154 = DIRECTION('',(0.,0.,1.));
#3155 = ORIENTED_EDGE('',*,*,#3156,.T.);
#3156 = EDGE_CURVE('',#3147,#3157,#3159,.T.);
#3157 = VERTEX_POINT('',#3158);
#3158 = CARTESIAN_POINT('',(23.02,20.9,0.));
#3159 = LINE('',#3160,#3161);
#3160 = CARTESIAN_POINT('',(23.02,20.5,0.));
#3161 = VECTOR('',#3162,1.);
#3162 = DIRECTION('',(-0.,1.,0.));
#3163 = ORIENTED_EDGE('',*,*,#3164,.T.);
#3164 = EDGE_CURVE('',#3157,#3165,#3167,.T.);
#3165 = VERTEX_POINT('',#3166);
#3166 = CARTESIAN_POINT('',(23.02,20.9,6.7));
#3167 = LINE('',#3168,#3169);
#3168 = CARTESIAN_POINT('',(23.02,20.9,0.));
#3169 = VECTOR('',#3170,1.);
#3170 = DIRECTION('',(0.,0.,1.));
#3171 = ORIENTED_EDGE('',*,*,#3172,.F.);
#3172 = EDGE_CURVE('',#3149,#3165,#3173,.T.);
#3173 = LINE('',#3174,#3175);
#3174 = CARTESIAN_POINT('',(23.02,20.5,6.7));
#3175 = VECTOR('',#3176,1.);
#3176 = DIRECTION('',(-0.,1.,0.));
#3177 = PLANE('',#3178);
#3178 = AXIS2_PLACEMENT_3D('',#3179,#3180,#3181);
#3179 = CARTESIAN_POINT('',(23.02,20.5,0.));
#3180 = DIRECTION('',(1.,0.,-0.));
#3181 = DIRECTION('',(0.,0.,1.));
#3182 = ADVANCED_FACE('',(#3183),#3199,.F.);
#3183 = FACE_BOUND('',#3184,.F.);
#3184 = EDGE_LOOP('',(#3185,#3191,#3192,#3198));
#3185 = ORIENTED_EDGE('',*,*,#3186,.F.);
#3186 = EDGE_CURVE('',#3107,#3147,#3187,.T.);
#3187 = LINE('',#3188,#3189);
#3188 = CARTESIAN_POINT('',(22.52,20.5,0.));
#3189 = VECTOR('',#3190,1.);
#3190 = DIRECTION('',(1.,0.,-0.));
#3191 = ORIENTED_EDGE('',*,*,#3106,.T.);
#3192 = ORIENTED_EDGE('',*,*,#3193,.T.);
#3193 = EDGE_CURVE('',#3109,#3149,#3194,.T.);
#3194 = LINE('',#3195,#3196);
#3195 = CARTESIAN_POINT('',(22.52,20.5,6.7));
#3196 = VECTOR('',#3197,1.);
#3197 = DIRECTION('',(1.,0.,-0.));
#3198 = ORIENTED_EDGE('',*,*,#3146,.F.);
#3199 = PLANE('',#3200);
#3200 = AXIS2_PLACEMENT_3D('',#3201,#3202,#3203);
#3201 = CARTESIAN_POINT('',(22.52,20.5,0.));
#3202 = DIRECTION('',(-0.,1.,0.));
#3203 = DIRECTION('',(0.,0.,1.));
#3204 = ADVANCED_FACE('',(#3205),#3221,.T.);
#3205 = FACE_BOUND('',#3206,.T.);
#3206 = EDGE_LOOP('',(#3207,#3213,#3214,#3220));
#3207 = ORIENTED_EDGE('',*,*,#3208,.F.);
#3208 = EDGE_CURVE('',#3117,#3157,#3209,.T.);
#3209 = LINE('',#3210,#3211);
#3210 = CARTESIAN_POINT('',(22.52,20.9,0.));
#3211 = VECTOR('',#3212,1.);
#3212 = DIRECTION('',(1.,0.,-0.));
#3213 = ORIENTED_EDGE('',*,*,#3124,.T.);
#3214 = ORIENTED_EDGE('',*,*,#3215,.T.);
#3215 = EDGE_CURVE('',#3125,#3165,#3216,.T.);
#3216 = LINE('',#3217,#3218);
#3217 = CARTESIAN_POINT('',(22.52,20.9,6.7));
#3218 = VECTOR('',#3219,1.);
#3219 = DIRECTION('',(1.,0.,-0.));
#3220 = ORIENTED_EDGE('',*,*,#3164,.F.);
#3221 = PLANE('',#3222);
#3222 = AXIS2_PLACEMENT_3D('',#3223,#3224,#3225);
#3223 = CARTESIAN_POINT('',(22.52,20.9,0.));
#3224 = DIRECTION('',(-0.,1.,0.));
#3225 = DIRECTION('',(0.,0.,1.));
#3226 = ADVANCED_FACE('',(#3227),#3233,.F.);
#3227 = FACE_BOUND('',#3228,.F.);
#3228 = EDGE_LOOP('',(#3229,#3230,#3231,#3232));
#3229 = ORIENTED_EDGE('',*,*,#3116,.F.);
#3230 = ORIENTED_EDGE('',*,*,#3186,.T.);
#3231 = ORIENTED_EDGE('',*,*,#3156,.T.);
#3232 = ORIENTED_EDGE('',*,*,#3208,.F.);
#3233 = PLANE('',#3234);
#3234 = AXIS2_PLACEMENT_3D('',#3235,#3236,#3237);
#3235 = CARTESIAN_POINT('',(22.52,20.5,0.));
#3236 = DIRECTION('',(0.,0.,1.));
#3237 = DIRECTION('',(1.,0.,-0.));
#3238 = ADVANCED_FACE('',(#3239),#3245,.T.);
#3239 = FACE_BOUND('',#3240,.T.);
#3240 = EDGE_LOOP('',(#3241,#3242,#3243,#3244));
#3241 = ORIENTED_EDGE('',*,*,#3132,.F.);
#3242 = ORIENTED_EDGE('',*,*,#3193,.T.);
#3243 = ORIENTED_EDGE('',*,*,#3172,.T.);
#3244 = ORIENTED_EDGE('',*,*,#3215,.F.);
#3245 = PLANE('',#3246);
#3246 = AXIS2_PLACEMENT_3D('',#3247,#3248,#3249);
#3247 = CARTESIAN_POINT('',(22.52,20.5,6.7));
#3248 = DIRECTION('',(0.,0.,1.));
#3249 = DIRECTION('',(1.,0.,-0.));
#3250 = MANIFOLD_SOLID_BREP('',#3251);
#3251 = CLOSED_SHELL('',(#3252,#3292,#3332,#3354,#3376,#3388));
#3252 = ADVANCED_FACE('',(#3253),#3287,.F.);
#3253 = FACE_BOUND('',#3254,.F.);
#3254 = EDGE_LOOP('',(#3255,#3265,#3273,#3281));
#3255 = ORIENTED_EDGE('',*,*,#3256,.F.);
#3256 = EDGE_CURVE('',#3257,#3259,#3261,.T.);
#3257 = VERTEX_POINT('',#3258);
#3258 = CARTESIAN_POINT('',(23.79,18.5,0.));
#3259 = VERTEX_POINT('',#3260);
#3260 = CARTESIAN_POINT('',(23.79,18.5,6.7));
#3261 = LINE('',#3262,#3263);
#3262 = CARTESIAN_POINT('',(23.79,18.5,0.));
#3263 = VECTOR('',#3264,1.);
#3264 = DIRECTION('',(0.,0.,1.));
#3265 = ORIENTED_EDGE('',*,*,#3266,.T.);
#3266 = EDGE_CURVE('',#3257,#3267,#3269,.T.);
#3267 = VERTEX_POINT('',#3268);
#3268 = CARTESIAN_POINT('',(23.79,18.9,0.));
#3269 = LINE('',#3270,#3271);
#3270 = CARTESIAN_POINT('',(23.79,18.5,0.));
#3271 = VECTOR('',#3272,1.);
#3272 = DIRECTION('',(-0.,1.,0.));
#3273 = ORIENTED_EDGE('',*,*,#3274,.T.);
#3274 = EDGE_CURVE('',#3267,#3275,#3277,.T.);
#3275 = VERTEX_POINT('',#3276);
#3276 = CARTESIAN_POINT('',(23.79,18.9,6.7));
#3277 = LINE('',#3278,#3279);
#3278 = CARTESIAN_POINT('',(23.79,18.9,0.));
#3279 = VECTOR('',#3280,1.);
#3280 = DIRECTION('',(0.,0.,1.));
#3281 = ORIENTED_EDGE('',*,*,#3282,.F.);
#3282 = EDGE_CURVE('',#3259,#3275,#3283,.T.);
#3283 = LINE('',#3284,#3285);
#3284 = CARTESIAN_POINT('',(23.79,18.5,6.7));
#3285 = VECTOR('',#3286,1.);
#3286 = DIRECTION('',(-0.,1.,0.));
#3287 = PLANE('',#3288);
#3288 = AXIS2_PLACEMENT_3D('',#3289,#3290,#3291);
#3289 = CARTESIAN_POINT('',(23.79,18.5,0.));
#3290 = DIRECTION('',(1.,0.,-0.));
#3291 = DIRECTION('',(0.,0.,1.));
#3292 = ADVANCED_FACE('',(#3293),#3327,.T.);
#3293 = FACE_BOUND('',#3294,.T.);
#3294 = EDGE_LOOP('',(#3295,#3305,#3313,#3321));
#3295 = ORIENTED_EDGE('',*,*,#3296,.F.);
#3296 = EDGE_CURVE('',#3297,#3299,#3301,.T.);
#3297 = VERTEX_POINT('',#3298);
#3298 = CARTESIAN_POINT('',(24.29,18.5,0.));
#3299 = VERTEX_POINT('',#3300);
#3300 = CARTESIAN_POINT('',(24.29,18.5,6.7));
#3301 = LINE('',#3302,#3303);
#3302 = CARTESIAN_POINT('',(24.29,18.5,0.));
#3303 = VECTOR('',#3304,1.);
#3304 = DIRECTION('',(0.,0.,1.));
#3305 = ORIENTED_EDGE('',*,*,#3306,.T.);
#3306 = EDGE_CURVE('',#3297,#3307,#3309,.T.);
#3307 = VERTEX_POINT('',#3308);
#3308 = CARTESIAN_POINT('',(24.29,18.9,0.));
#3309 = LINE('',#3310,#3311);
#3310 = CARTESIAN_POINT('',(24.29,18.5,0.));
#3311 = VECTOR('',#3312,1.);
#3312 = DIRECTION('',(-0.,1.,0.));
#3313 = ORIENTED_EDGE('',*,*,#3314,.T.);
#3314 = EDGE_CURVE('',#3307,#3315,#3317,.T.);
#3315 = VERTEX_POINT('',#3316);
#3316 = CARTESIAN_POINT('',(24.29,18.9,6.7));
#3317 = LINE('',#3318,#3319);
#3318 = CARTESIAN_POINT('',(24.29,18.9,0.));
#3319 = VECTOR('',#3320,1.);
#3320 = DIRECTION('',(0.,0.,1.));
#3321 = ORIENTED_EDGE('',*,*,#3322,.F.);
#3322 = EDGE_CURVE('',#3299,#3315,#3323,.T.);
#3323 = LINE('',#3324,#3325);
#3324 = CARTESIAN_POINT('',(24.29,18.5,6.7));
#3325 = VECTOR('',#3326,1.);
#3326 = DIRECTION('',(-0.,1.,0.));
#3327 = PLANE('',#3328);
#3328 = AXIS2_PLACEMENT_3D('',#3329,#3330,#3331);
#3329 = CARTESIAN_POINT('',(24.29,18.5,0.));
#3330 = DIRECTION('',(1.,0.,-0.));
#3331 = DIRECTION('',(0.,0.,1.));
#3332 = ADVANCED_FACE('',(#3333),#3349,.F.);
#3333 = FACE_BOUND('',#3334,.F.);
#3334 = EDGE_LOOP('',(#3335,#3341,#3342,#3348));
#3335 = ORIENTED_EDGE('',*,*,#3336,.F.);
#3336 = EDGE_CURVE('',#3257,#3297,#3337,.T.);
#3337 = LINE('',#3338,#3339);
#3338 = CARTESIAN_POINT('',(23.79,18.5,0.));
#3339 = VECTOR('',#3340,1.);
#3340 = DIRECTION('',(1.,0.,-0.));
#3341 = ORIENTED_EDGE('',*,*,#3256,.T.);
#3342 = ORIENTED_EDGE('',*,*,#3343,.T.);
#3343 = EDGE_CURVE('',#3259,#3299,#3344,.T.);
#3344 = LINE('',#3345,#3346);
#3345 = CARTESIAN_POINT('',(23.79,18.5,6.7));
#3346 = VECTOR('',#3347,1.);
#3347 = DIRECTION('',(1.,0.,-0.));
#3348 = ORIENTED_EDGE('',*,*,#3296,.F.);
#3349 = PLANE('',#3350);
#3350 = AXIS2_PLACEMENT_3D('',#3351,#3352,#3353);
#3351 = CARTESIAN_POINT('',(23.79,18.5,0.));
#3352 = DIRECTION('',(-0.,1.,0.));
#3353 = DIRECTION('',(0.,0.,1.));
#3354 = ADVANCED_FACE('',(#3355),#3371,.T.);
#3355 = FACE_BOUND('',#3356,.T.);
#3356 = EDGE_LOOP('',(#3357,#3363,#3364,#3370));
#3357 = ORIENTED_EDGE('',*,*,#3358,.F.);
#3358 = EDGE_CURVE('',#3267,#3307,#3359,.T.);
#3359 = LINE('',#3360,#3361);
#3360 = CARTESIAN_POINT('',(23.79,18.9,0.));
#3361 = VECTOR('',#3362,1.);
#3362 = DIRECTION('',(1.,0.,-0.));
#3363 = ORIENTED_EDGE('',*,*,#3274,.T.);
#3364 = ORIENTED_EDGE('',*,*,#3365,.T.);
#3365 = EDGE_CURVE('',#3275,#3315,#3366,.T.);
#3366 = LINE('',#3367,#3368);
#3367 = CARTESIAN_POINT('',(23.79,18.9,6.7));
#3368 = VECTOR('',#3369,1.);
#3369 = DIRECTION('',(1.,0.,-0.));
#3370 = ORIENTED_EDGE('',*,*,#3314,.F.);
#3371 = PLANE('',#3372);
#3372 = AXIS2_PLACEMENT_3D('',#3373,#3374,#3375);
#3373 = CARTESIAN_POINT('',(23.79,18.9,0.));
#3374 = DIRECTION('',(-0.,1.,0.));
#3375 = DIRECTION('',(0.,0.,1.));
#3376 = ADVANCED_FACE('',(#3377),#3383,.F.);
#3377 = FACE_BOUND('',#3378,.F.);
#3378 = EDGE_LOOP('',(#3379,#3380,#3381,#3382));
#3379 = ORIENTED_EDGE('',*,*,#3266,.F.);
#3380 = ORIENTED_EDGE('',*,*,#3336,.T.);
#3381 = ORIENTED_EDGE('',*,*,#3306,.T.);
#3382 = ORIENTED_EDGE('',*,*,#3358,.F.);
#3383 = PLANE('',#3384);
#3384 = AXIS2_PLACEMENT_3D('',#3385,#3386,#3387);
#3385 = CARTESIAN_POINT('',(23.79,18.5,0.));
#3386 = DIRECTION('',(0.,0.,1.));
#3387 = DIRECTION('',(1.,0.,-0.));
#3388 = ADVANCED_FACE('',(#3389),#3395,.T.);
#3389 = FACE_BOUND('',#3390,.T.);
#3390 = EDGE_LOOP('',(#3391,#3392,#3393,#3394));
#3391 = ORIENTED_EDGE('',*,*,#3282,.F.);
#3392 = ORIENTED_EDGE('',*,*,#3343,.T.);
#3393 = ORIENTED_EDGE('',*,*,#3322,.T.);
#3394 = ORIENTED_EDGE('',*,*,#3365,.F.);
#3395 = PLANE('',#3396);
#3396 = AXIS2_PLACEMENT_3D('',#3397,#3398,#3399);
#3397 = CARTESIAN_POINT('',(23.79,18.5,6.7));
#3398 = DIRECTION('',(0.,0.,1.));
#3399 = DIRECTION('',(1.,0.,-0.));
#3400 = MANIFOLD_SOLID_BREP('',#3401);
#3401 = CLOSED_SHELL('',(#3402,#3442,#3482,#3504,#3526,#3538));
#3402 = ADVANCED_FACE('',(#3403),#3437,.F.);
#3403 = FACE_BOUND('',#3404,.F.);
#3404 = EDGE_LOOP('',(#3405,#3415,#3423,#3431));
#3405 = ORIENTED_EDGE('',*,*,#3406,.F.);
#3406 = EDGE_CURVE('',#3407,#3409,#3411,.T.);
#3407 = VERTEX_POINT('',#3408);
#3408 = CARTESIAN_POINT('',(25.06,20.5,0.));
#3409 = VERTEX_POINT('',#3410);
#3410 = CARTESIAN_POINT('',(25.06,20.5,6.7));
#3411 = LINE('',#3412,#3413);
#3412 = CARTESIAN_POINT('',(25.06,20.5,0.));
#3413 = VECTOR('',#3414,1.);
#3414 = DIRECTION('',(0.,0.,1.));
#3415 = ORIENTED_EDGE('',*,*,#3416,.T.);
#3416 = EDGE_CURVE('',#3407,#3417,#3419,.T.);
#3417 = VERTEX_POINT('',#3418);
#3418 = CARTESIAN_POINT('',(25.06,20.9,0.));
#3419 = LINE('',#3420,#3421);
#3420 = CARTESIAN_POINT('',(25.06,20.5,0.));
#3421 = VECTOR('',#3422,1.);
#3422 = DIRECTION('',(-0.,1.,0.));
#3423 = ORIENTED_EDGE('',*,*,#3424,.T.);
#3424 = EDGE_CURVE('',#3417,#3425,#3427,.T.);
#3425 = VERTEX_POINT('',#3426);
#3426 = CARTESIAN_POINT('',(25.06,20.9,6.7));
#3427 = LINE('',#3428,#3429);
#3428 = CARTESIAN_POINT('',(25.06,20.9,0.));
#3429 = VECTOR('',#3430,1.);
#3430 = DIRECTION('',(0.,0.,1.));
#3431 = ORIENTED_EDGE('',*,*,#3432,.F.);
#3432 = EDGE_CURVE('',#3409,#3425,#3433,.T.);
#3433 = LINE('',#3434,#3435);
#3434 = CARTESIAN_POINT('',(25.06,20.5,6.7));
#3435 = VECTOR('',#3436,1.);
#3436 = DIRECTION('',(-0.,1.,0.));
#3437 = PLANE('',#3438);
#3438 = AXIS2_PLACEMENT_3D('',#3439,#3440,#3441);
#3439 = CARTESIAN_POINT('',(25.06,20.5,0.));
#3440 = DIRECTION('',(1.,0.,-0.));
#3441 = DIRECTION('',(0.,0.,1.));
#3442 = ADVANCED_FACE('',(#3443),#3477,.T.);
#3443 = FACE_BOUND('',#3444,.T.);
#3444 = EDGE_LOOP('',(#3445,#3455,#3463,#3471));
#3445 = ORIENTED_EDGE('',*,*,#3446,.F.);
#3446 = EDGE_CURVE('',#3447,#3449,#3451,.T.);
#3447 = VERTEX_POINT('',#3448);
#3448 = CARTESIAN_POINT('',(25.56,20.5,0.));
#3449 = VERTEX_POINT('',#3450);
#3450 = CARTESIAN_POINT('',(25.56,20.5,6.7));
#3451 = LINE('',#3452,#3453);
#3452 = CARTESIAN_POINT('',(25.56,20.5,0.));
#3453 = VECTOR('',#3454,1.);
#3454 = DIRECTION('',(0.,0.,1.));
#3455 = ORIENTED_EDGE('',*,*,#3456,.T.);
#3456 = EDGE_CURVE('',#3447,#3457,#3459,.T.);
#3457 = VERTEX_POINT('',#3458);
#3458 = CARTESIAN_POINT('',(25.56,20.9,0.));
#3459 = LINE('',#3460,#3461);
#3460 = CARTESIAN_POINT('',(25.56,20.5,0.));
#3461 = VECTOR('',#3462,1.);
#3462 = DIRECTION('',(-0.,1.,0.));
#3463 = ORIENTED_EDGE('',*,*,#3464,.T.);
#3464 = EDGE_CURVE('',#3457,#3465,#3467,.T.);
#3465 = VERTEX_POINT('',#3466);
#3466 = CARTESIAN_POINT('',(25.56,20.9,6.7));
#3467 = LINE('',#3468,#3469);
#3468 = CARTESIAN_POINT('',(25.56,20.9,0.));
#3469 = VECTOR('',#3470,1.);
#3470 = DIRECTION('',(0.,0.,1.));
#3471 = ORIENTED_EDGE('',*,*,#3472,.F.);
#3472 = EDGE_CURVE('',#3449,#3465,#3473,.T.);
#3473 = LINE('',#3474,#3475);
#3474 = CARTESIAN_POINT('',(25.56,20.5,6.7));
#3475 = VECTOR('',#3476,1.);
#3476 = DIRECTION('',(-0.,1.,0.));
#3477 = PLANE('',#3478);
#3478 = AXIS2_PLACEMENT_3D('',#3479,#3480,#3481);
#3479 = CARTESIAN_POINT('',(25.56,20.5,0.));
#3480 = DIRECTION('',(1.,0.,-0.));
#3481 = DIRECTION('',(0.,0.,1.));
#3482 = ADVANCED_FACE('',(#3483),#3499,.F.);
#3483 = FACE_BOUND('',#3484,.F.);
#3484 = EDGE_LOOP('',(#3485,#3491,#3492,#3498));
#3485 = ORIENTED_EDGE('',*,*,#3486,.F.);
#3486 = EDGE_CURVE('',#3407,#3447,#3487,.T.);
#3487 = LINE('',#3488,#3489);
#3488 = CARTESIAN_POINT('',(25.06,20.5,0.));
#3489 = VECTOR('',#3490,1.);
#3490 = DIRECTION('',(1.,0.,-0.));
#3491 = ORIENTED_EDGE('',*,*,#3406,.T.);
#3492 = ORIENTED_EDGE('',*,*,#3493,.T.);
#3493 = EDGE_CURVE('',#3409,#3449,#3494,.T.);
#3494 = LINE('',#3495,#3496);
#3495 = CARTESIAN_POINT('',(25.06,20.5,6.7));
#3496 = VECTOR('',#3497,1.);
#3497 = DIRECTION('',(1.,0.,-0.));
#3498 = ORIENTED_EDGE('',*,*,#3446,.F.);
#3499 = PLANE('',#3500);
#3500 = AXIS2_PLACEMENT_3D('',#3501,#3502,#3503);
#3501 = CARTESIAN_POINT('',(25.06,20.5,0.));
#3502 = DIRECTION('',(-0.,1.,0.));
#3503 = DIRECTION('',(0.,0.,1.));
#3504 = ADVANCED_FACE('',(#3505),#3521,.T.);
#3505 = FACE_BOUND('',#3506,.T.);
#3506 = EDGE_LOOP('',(#3507,#3513,#3514,#3520));
#3507 = ORIENTED_EDGE('',*,*,#3508,.F.);
#3508 = EDGE_CURVE('',#3417,#3457,#3509,.T.);
#3509 = LINE('',#3510,#3511);
#3510 = CARTESIAN_POINT('',(25.06,20.9,0.));
#3511 = VECTOR('',#3512,1.);
#3512 = DIRECTION('',(1.,0.,-0.));
#3513 = ORIENTED_EDGE('',*,*,#3424,.T.);
#3514 = ORIENTED_EDGE('',*,*,#3515,.T.);
#3515 = EDGE_CURVE('',#3425,#3465,#3516,.T.);
#3516 = LINE('',#3517,#3518);
#3517 = CARTESIAN_POINT('',(25.06,20.9,6.7));
#3518 = VECTOR('',#3519,1.);
#3519 = DIRECTION('',(1.,0.,-0.));
#3520 = ORIENTED_EDGE('',*,*,#3464,.F.);
#3521 = PLANE('',#3522);
#3522 = AXIS2_PLACEMENT_3D('',#3523,#3524,#3525);
#3523 = CARTESIAN_POINT('',(25.06,20.9,0.));
#3524 = DIRECTION('',(-0.,1.,0.));
#3525 = DIRECTION('',(0.,0.,1.));
#3526 = ADVANCED_FACE('',(#3527),#3533,.F.);
#3527 = FACE_BOUND('',#3528,.F.);
#3528 = EDGE_LOOP('',(#3529,#3530,#3531,#3532));
#3529 = ORIENTED_EDGE('',*,*,#3416,.F.);
#3530 = ORIENTED_EDGE('',*,*,#3486,.T.);
#3531 = ORIENTED_EDGE('',*,*,#3456,.T.);
#3532 = ORIENTED_EDGE('',*,*,#3508,.F.);
#3533 = PLANE('',#3534);
#3534 = AXIS2_PLACEMENT_3D('',#3535,#3536,#3537);
#3535 = CARTESIAN_POINT('',(25.06,20.5,0.));
#3536 = DIRECTION('',(0.,0.,1.));
#3537 = DIRECTION('',(1.,0.,-0.));
#3538 = ADVANCED_FACE('',(#3539),#3545,.T.);
#3539 = FACE_BOUND('',#3540,.T.);
#3540 = EDGE_LOOP('',(#3541,#3542,#3543,#3544));
#3541 = ORIENTED_EDGE('',*,*,#3432,.F.);
#3542 = ORIENTED_EDGE('',*,*,#3493,.T.);
#3543 = ORIENTED_EDGE('',*,*,#3472,.T.);
#3544 = ORIENTED_EDGE('',*,*,#3515,.F.);
#3545 = PLANE('',#3546);
#3546 = AXIS2_PLACEMENT_3D('',#3547,#3548,#3549);
#3547 = CARTESIAN_POINT('',(25.06,20.5,6.7));
#3548 = DIRECTION('',(0.,0.,1.));
#3549 = DIRECTION('',(1.,0.,-0.));
#3550 = MANIFOLD_SOLID_BREP('',#3551);
#3551 = CLOSED_SHELL('',(#3552,#3592,#3632,#3654,#3676,#3688));
#3552 = ADVANCED_FACE('',(#3553),#3587,.F.);
#3553 = FACE_BOUND('',#3554,.F.);
#3554 = EDGE_LOOP('',(#3555,#3565,#3573,#3581));
#3555 = ORIENTED_EDGE('',*,*,#3556,.F.);
#3556 = EDGE_CURVE('',#3557,#3559,#3561,.T.);
#3557 = VERTEX_POINT('',#3558);
#3558 = CARTESIAN_POINT('',(26.33,18.5,0.));
#3559 = VERTEX_POINT('',#3560);
#3560 = CARTESIAN_POINT('',(26.33,18.5,6.7));
#3561 = LINE('',#3562,#3563);
#3562 = CARTESIAN_POINT('',(26.33,18.5,0.));
#3563 = VECTOR('',#3564,1.);
#3564 = DIRECTION('',(0.,0.,1.));
#3565 = ORIENTED_EDGE('',*,*,#3566,.T.);
#3566 = EDGE_CURVE('',#3557,#3567,#3569,.T.);
#3567 = VERTEX_POINT('',#3568);
#3568 = CARTESIAN_POINT('',(26.33,18.9,0.));
#3569 = LINE('',#3570,#3571);
#3570 = CARTESIAN_POINT('',(26.33,18.5,0.));
#3571 = VECTOR('',#3572,1.);
#3572 = DIRECTION('',(-0.,1.,0.));
#3573 = ORIENTED_EDGE('',*,*,#3574,.T.);
#3574 = EDGE_CURVE('',#3567,#3575,#3577,.T.);
#3575 = VERTEX_POINT('',#3576);
#3576 = CARTESIAN_POINT('',(26.33,18.9,6.7));
#3577 = LINE('',#3578,#3579);
#3578 = CARTESIAN_POINT('',(26.33,18.9,0.));
#3579 = VECTOR('',#3580,1.);
#3580 = DIRECTION('',(0.,0.,1.));
#3581 = ORIENTED_EDGE('',*,*,#3582,.F.);
#3582 = EDGE_CURVE('',#3559,#3575,#3583,.T.);
#3583 = LINE('',#3584,#3585);
#3584 = CARTESIAN_POINT('',(26.33,18.5,6.7));
#3585 = VECTOR('',#3586,1.);
#3586 = DIRECTION('',(-0.,1.,0.));
#3587 = PLANE('',#3588);
#3588 = AXIS2_PLACEMENT_3D('',#3589,#3590,#3591);
#3589 = CARTESIAN_POINT('',(26.33,18.5,0.));
#3590 = DIRECTION('',(1.,0.,-0.));
#3591 = DIRECTION('',(0.,0.,1.));
#3592 = ADVANCED_FACE('',(#3593),#3627,.T.);
#3593 = FACE_BOUND('',#3594,.T.);
#3594 = EDGE_LOOP('',(#3595,#3605,#3613,#3621));
#3595 = ORIENTED_EDGE('',*,*,#3596,.F.);
#3596 = EDGE_CURVE('',#3597,#3599,#3601,.T.);
#3597 = VERTEX_POINT('',#3598);
#3598 = CARTESIAN_POINT('',(26.83,18.5,0.));
#3599 = VERTEX_POINT('',#3600);
#3600 = CARTESIAN_POINT('',(26.83,18.5,6.7));
#3601 = LINE('',#3602,#3603);
#3602 = CARTESIAN_POINT('',(26.83,18.5,0.));
#3603 = VECTOR('',#3604,1.);
#3604 = DIRECTION('',(0.,0.,1.));
#3605 = ORIENTED_EDGE('',*,*,#3606,.T.);
#3606 = EDGE_CURVE('',#3597,#3607,#3609,.T.);
#3607 = VERTEX_POINT('',#3608);
#3608 = CARTESIAN_POINT('',(26.83,18.9,0.));
#3609 = LINE('',#3610,#3611);
#3610 = CARTESIAN_POINT('',(26.83,18.5,0.));
#3611 = VECTOR('',#3612,1.);
#3612 = DIRECTION('',(-0.,1.,0.));
#3613 = ORIENTED_EDGE('',*,*,#3614,.T.);
#3614 = EDGE_CURVE('',#3607,#3615,#3617,.T.);
#3615 = VERTEX_POINT('',#3616);
#3616 = CARTESIAN_POINT('',(26.83,18.9,6.7));
#3617 = LINE('',#3618,#3619);
#3618 = CARTESIAN_POINT('',(26.83,18.9,0.));
#3619 = VECTOR('',#3620,1.);
#3620 = DIRECTION('',(0.,0.,1.));
#3621 = ORIENTED_EDGE('',*,*,#3622,.F.);
#3622 = EDGE_CURVE('',#3599,#3615,#3623,.T.);
#3623 = LINE('',#3624,#3625);
#3624 = CARTESIAN_POINT('',(26.83,18.5,6.7));
#3625 = VECTOR('',#3626,1.);
#3626 = DIRECTION('',(-0.,1.,0.));
#3627 = PLANE('',#3628);
#3628 = AXIS2_PLACEMENT_3D('',#3629,#3630,#3631);
#3629 = CARTESIAN_POINT('',(26.83,18.5,0.));
#3630 = DIRECTION('',(1.,0.,-0.));
#3631 = DIRECTION('',(0.,0.,1.));
#3632 = ADVANCED_FACE('',(#3633),#3649,.F.);
#3633 = FACE_BOUND('',#3634,.F.);
#3634 = EDGE_LOOP('',(#3635,#3641,#3642,#3648));
#3635 = ORIENTED_EDGE('',*,*,#3636,.F.);
#3636 = EDGE_CURVE('',#3557,#3597,#3637,.T.);
#3637 = LINE('',#3638,#3639);
#3638 = CARTESIAN_POINT('',(26.33,18.5,0.));
#3639 = VECTOR('',#3640,1.);
#3640 = DIRECTION('',(1.,0.,-0.));
#3641 = ORIENTED_EDGE('',*,*,#3556,.T.);
#3642 = ORIENTED_EDGE('',*,*,#3643,.T.);
#3643 = EDGE_CURVE('',#3559,#3599,#3644,.T.);
#3644 = LINE('',#3645,#3646);
#3645 = CARTESIAN_POINT('',(26.33,18.5,6.7));
#3646 = VECTOR('',#3647,1.);
#3647 = DIRECTION('',(1.,0.,-0.));
#3648 = ORIENTED_EDGE('',*,*,#3596,.F.);
#3649 = PLANE('',#3650);
#3650 = AXIS2_PLACEMENT_3D('',#3651,#3652,#3653);
#3651 = CARTESIAN_POINT('',(26.33,18.5,0.));
#3652 = DIRECTION('',(-0.,1.,0.));
#3653 = DIRECTION('',(0.,0.,1.));
#3654 = ADVANCED_FACE('',(#3655),#3671,.T.);
#3655 = FACE_BOUND('',#3656,.T.);
#3656 = EDGE_LOOP('',(#3657,#3663,#3664,#3670));
#3657 = ORIENTED_EDGE('',*,*,#3658,.F.);
#3658 = EDGE_CURVE('',#3567,#3607,#3659,.T.);
#3659 = LINE('',#3660,#3661);
#3660 = CARTESIAN_POINT('',(26.33,18.9,0.));
#3661 = VECTOR('',#3662,1.);
#3662 = DIRECTION('',(1.,0.,-0.));
#3663 = ORIENTED_EDGE('',*,*,#3574,.T.);
#3664 = ORIENTED_EDGE('',*,*,#3665,.T.);
#3665 = EDGE_CURVE('',#3575,#3615,#3666,.T.);
#3666 = LINE('',#3667,#3668);
#3667 = CARTESIAN_POINT('',(26.33,18.9,6.7));
#3668 = VECTOR('',#3669,1.);
#3669 = DIRECTION('',(1.,0.,-0.));
#3670 = ORIENTED_EDGE('',*,*,#3614,.F.);
#3671 = PLANE('',#3672);
#3672 = AXIS2_PLACEMENT_3D('',#3673,#3674,#3675);
#3673 = CARTESIAN_POINT('',(26.33,18.9,0.));
#3674 = DIRECTION('',(-0.,1.,0.));
#3675 = DIRECTION('',(0.,0.,1.));
#3676 = ADVANCED_FACE('',(#3677),#3683,.F.);
#3677 = FACE_BOUND('',#3678,.F.);
#3678 = EDGE_LOOP('',(#3679,#3680,#3681,#3682));
#3679 = ORIENTED_EDGE('',*,*,#3566,.F.);
#3680 = ORIENTED_EDGE('',*,*,#3636,.T.);
#3681 = ORIENTED_EDGE('',*,*,#3606,.T.);
#3682 = ORIENTED_EDGE('',*,*,#3658,.F.);
#3683 = PLANE('',#3684);
#3684 = AXIS2_PLACEMENT_3D('',#3685,#3686,#3687);
#3685 = CARTESIAN_POINT('',(26.33,18.5,0.));
#3686 = DIRECTION('',(0.,0.,1.));
#3687 = DIRECTION('',(1.,0.,-0.));
#3688 = ADVANCED_FACE('',(#3689),#3695,.T.);
#3689 = FACE_BOUND('',#3690,.T.);
#3690 = EDGE_LOOP('',(#3691,#3692,#3693,#3694));
#3691 = ORIENTED_EDGE('',*,*,#3582,.F.);
#3692 = ORIENTED_EDGE('',*,*,#3643,.T.);
#3693 = ORIENTED_EDGE('',*,*,#3622,.T.);
#3694 = ORIENTED_EDGE('',*,*,#3665,.F.);
#3695 = PLANE('',#3696);
#3696 = AXIS2_PLACEMENT_3D('',#3697,#3698,#3699);
#3697 = CARTESIAN_POINT('',(26.33,18.5,6.7));
#3698 = DIRECTION('',(0.,0.,1.));
#3699 = DIRECTION('',(1.,0.,-0.));
#3700 = MANIFOLD_SOLID_BREP('',#3701);
#3701 = CLOSED_SHELL('',(#3702,#3742,#3782,#3804,#3826,#3838));
#3702 = ADVANCED_FACE('',(#3703),#3737,.F.);
#3703 = FACE_BOUND('',#3704,.F.);
#3704 = EDGE_LOOP('',(#3705,#3715,#3723,#3731));
#3705 = ORIENTED_EDGE('',*,*,#3706,.F.);
#3706 = EDGE_CURVE('',#3707,#3709,#3711,.T.);
#3707 = VERTEX_POINT('',#3708);
#3708 = CARTESIAN_POINT('',(27.6,20.5,0.));
#3709 = VERTEX_POINT('',#3710);
#3710 = CARTESIAN_POINT('',(27.6,20.5,6.7));
#3711 = LINE('',#3712,#3713);
#3712 = CARTESIAN_POINT('',(27.6,20.5,0.));
#3713 = VECTOR('',#3714,1.);
#3714 = DIRECTION('',(0.,0.,1.));
#3715 = ORIENTED_EDGE('',*,*,#3716,.T.);
#3716 = EDGE_CURVE('',#3707,#3717,#3719,.T.);
#3717 = VERTEX_POINT('',#3718);
#3718 = CARTESIAN_POINT('',(27.6,20.9,0.));
#3719 = LINE('',#3720,#3721);
#3720 = CARTESIAN_POINT('',(27.6,20.5,0.));
#3721 = VECTOR('',#3722,1.);
#3722 = DIRECTION('',(-0.,1.,0.));
#3723 = ORIENTED_EDGE('',*,*,#3724,.T.);
#3724 = EDGE_CURVE('',#3717,#3725,#3727,.T.);
#3725 = VERTEX_POINT('',#3726);
#3726 = CARTESIAN_POINT('',(27.6,20.9,6.7));
#3727 = LINE('',#3728,#3729);
#3728 = CARTESIAN_POINT('',(27.6,20.9,0.));
#3729 = VECTOR('',#3730,1.);
#3730 = DIRECTION('',(0.,0.,1.));
#3731 = ORIENTED_EDGE('',*,*,#3732,.F.);
#3732 = EDGE_CURVE('',#3709,#3725,#3733,.T.);
#3733 = LINE('',#3734,#3735);
#3734 = CARTESIAN_POINT('',(27.6,20.5,6.7));
#3735 = VECTOR('',#3736,1.);
#3736 = DIRECTION('',(-0.,1.,0.));
#3737 = PLANE('',#3738);
#3738 = AXIS2_PLACEMENT_3D('',#3739,#3740,#3741);
#3739 = CARTESIAN_POINT('',(27.6,20.5,0.));
#3740 = DIRECTION('',(1.,0.,-0.));
#3741 = DIRECTION('',(0.,0.,1.));
#3742 = ADVANCED_FACE('',(#3743),#3777,.T.);
#3743 = FACE_BOUND('',#3744,.T.);
#3744 = EDGE_LOOP('',(#3745,#3755,#3763,#3771));
#3745 = ORIENTED_EDGE('',*,*,#3746,.F.);
#3746 = EDGE_CURVE('',#3747,#3749,#3751,.T.);
#3747 = VERTEX_POINT('',#3748);
#3748 = CARTESIAN_POINT('',(28.1,20.5,0.));
#3749 = VERTEX_POINT('',#3750);
#3750 = CARTESIAN_POINT('',(28.1,20.5,6.7));
#3751 = LINE('',#3752,#3753);
#3752 = CARTESIAN_POINT('',(28.1,20.5,0.));
#3753 = VECTOR('',#3754,1.);
#3754 = DIRECTION('',(0.,0.,1.));
#3755 = ORIENTED_EDGE('',*,*,#3756,.T.);
#3756 = EDGE_CURVE('',#3747,#3757,#3759,.T.);
#3757 = VERTEX_POINT('',#3758);
#3758 = CARTESIAN_POINT('',(28.1,20.9,0.));
#3759 = LINE('',#3760,#3761);
#3760 = CARTESIAN_POINT('',(28.1,20.5,0.));
#3761 = VECTOR('',#3762,1.);
#3762 = DIRECTION('',(-0.,1.,0.));
#3763 = ORIENTED_EDGE('',*,*,#3764,.T.);
#3764 = EDGE_CURVE('',#3757,#3765,#3767,.T.);
#3765 = VERTEX_POINT('',#3766);
#3766 = CARTESIAN_POINT('',(28.1,20.9,6.7));
#3767 = LINE('',#3768,#3769);
#3768 = CARTESIAN_POINT('',(28.1,20.9,0.));
#3769 = VECTOR('',#3770,1.);
#3770 = DIRECTION('',(0.,0.,1.));
#3771 = ORIENTED_EDGE('',*,*,#3772,.F.);
#3772 = EDGE_CURVE('',#3749,#3765,#3773,.T.);
#3773 = LINE('',#3774,#3775);
#3774 = CARTESIAN_POINT('',(28.1,20.5,6.7));
#3775 = VECTOR('',#3776,1.);
#3776 = DIRECTION('',(-0.,1.,0.));
#3777 = PLANE('',#3778);
#3778 = AXIS2_PLACEMENT_3D('',#3779,#3780,#3781);
#3779 = CARTESIAN_POINT('',(28.1,20.5,0.));
#3780 = DIRECTION('',(1.,0.,-0.));
#3781 = DIRECTION('',(0.,0.,1.));
#3782 = ADVANCED_FACE('',(#3783),#3799,.F.);
#3783 = FACE_BOUND('',#3784,.F.);
#3784 = EDGE_LOOP('',(#3785,#3791,#3792,#3798));
#3785 = ORIENTED_EDGE('',*,*,#3786,.F.);
#3786 = EDGE_CURVE('',#3707,#3747,#3787,.T.);
#3787 = LINE('',#3788,#3789);
#3788 = CARTESIAN_POINT('',(27.6,20.5,0.));
#3789 = VECTOR('',#3790,1.);
#3790 = DIRECTION('',(1.,0.,-0.));
#3791 = ORIENTED_EDGE('',*,*,#3706,.T.);
#3792 = ORIENTED_EDGE('',*,*,#3793,.T.);
#3793 = EDGE_CURVE('',#3709,#3749,#3794,.T.);
#3794 = LINE('',#3795,#3796);
#3795 = CARTESIAN_POINT('',(27.6,20.5,6.7));
#3796 = VECTOR('',#3797,1.);
#3797 = DIRECTION('',(1.,0.,-0.));
#3798 = ORIENTED_EDGE('',*,*,#3746,.F.);
#3799 = PLANE('',#3800);
#3800 = AXIS2_PLACEMENT_3D('',#3801,#3802,#3803);
#3801 = CARTESIAN_POINT('',(27.6,20.5,0.));
#3802 = DIRECTION('',(-0.,1.,0.));
#3803 = DIRECTION('',(0.,0.,1.));
#3804 = ADVANCED_FACE('',(#3805),#3821,.T.);
#3805 = FACE_BOUND('',#3806,.T.);
#3806 = EDGE_LOOP('',(#3807,#3813,#3814,#3820));
#3807 = ORIENTED_EDGE('',*,*,#3808,.F.);
#3808 = EDGE_CURVE('',#3717,#3757,#3809,.T.);
#3809 = LINE('',#3810,#3811);
#3810 = CARTESIAN_POINT('',(27.6,20.9,0.));
#3811 = VECTOR('',#3812,1.);
#3812 = DIRECTION('',(1.,0.,-0.));
#3813 = ORIENTED_EDGE('',*,*,#3724,.T.);
#3814 = ORIENTED_EDGE('',*,*,#3815,.T.);
#3815 = EDGE_CURVE('',#3725,#3765,#3816,.T.);
#3816 = LINE('',#3817,#3818);
#3817 = CARTESIAN_POINT('',(27.6,20.9,6.7));
#3818 = VECTOR('',#3819,1.);
#3819 = DIRECTION('',(1.,0.,-0.));
#3820 = ORIENTED_EDGE('',*,*,#3764,.F.);
#3821 = PLANE('',#3822);
#3822 = AXIS2_PLACEMENT_3D('',#3823,#3824,#3825);
#3823 = CARTESIAN_POINT('',(27.6,20.9,0.));
#3824 = DIRECTION('',(-0.,1.,0.));
#3825 = DIRECTION('',(0.,0.,1.));
#3826 = ADVANCED_FACE('',(#3827),#3833,.F.);
#3827 = FACE_BOUND('',#3828,.F.);
#3828 = EDGE_LOOP('',(#3829,#3830,#3831,#3832));
#3829 = ORIENTED_EDGE('',*,*,#3716,.F.);
#3830 = ORIENTED_EDGE('',*,*,#3786,.T.);
#3831 = ORIENTED_EDGE('',*,*,#3756,.T.);
#3832 = ORIENTED_EDGE('',*,*,#3808,.F.);
#3833 = PLANE('',#3834);
#3834 = AXIS2_PLACEMENT_3D('',#3835,#3836,#3837);
#3835 = CARTESIAN_POINT('',(27.6,20.5,0.));
#3836 = DIRECTION('',(0.,0.,1.));
#3837 = DIRECTION('',(1.,0.,-0.));
#3838 = ADVANCED_FACE('',(#3839),#3845,.T.);
#3839 = FACE_BOUND('',#3840,.T.);
#3840 = EDGE_LOOP('',(#3841,#3842,#3843,#3844));
#3841 = ORIENTED_EDGE('',*,*,#3732,.F.);
#3842 = ORIENTED_EDGE('',*,*,#3793,.T.);
#3843 = ORIENTED_EDGE('',*,*,#3772,.T.);
#3844 = ORIENTED_EDGE('',*,*,#3815,.F.);
#3845 = PLANE('',#3846);
#3846 = AXIS2_PLACEMENT_3D('',#3847,#3848,#3849);
#3847 = CARTESIAN_POINT('',(27.6,20.5,6.7));
#3848 = DIRECTION('',(0.,0.,1.));
#3849 = DIRECTION('',(1.,0.,-0.));
#3850 = MANIFOLD_SOLID_BREP('',#3851);
#3851 = CLOSED_SHELL('',(#3852,#3892,#3932,#3954,#3976,#3988));
#3852 = ADVANCED_FACE('',(#3853),#3887,.F.);
#3853 = FACE_BOUND('',#3854,.F.);
#3854 = EDGE_LOOP('',(#3855,#3865,#3873,#3881));
#3855 = ORIENTED_EDGE('',*,*,#3856,.F.);
#3856 = EDGE_CURVE('',#3857,#3859,#3861,.T.);
#3857 = VERTEX_POINT('',#3858);
#3858 = CARTESIAN_POINT('',(28.87,18.5,0.));
#3859 = VERTEX_POINT('',#3860);
#3860 = CARTESIAN_POINT('',(28.87,18.5,6.7));
#3861 = LINE('',#3862,#3863);
#3862 = CARTESIAN_POINT('',(28.87,18.5,0.));
#3863 = VECTOR('',#3864,1.);
#3864 = DIRECTION('',(0.,0.,1.));
#3865 = ORIENTED_EDGE('',*,*,#3866,.T.);
#3866 = EDGE_CURVE('',#3857,#3867,#3869,.T.);
#3867 = VERTEX_POINT('',#3868);
#3868 = CARTESIAN_POINT('',(28.87,18.9,0.));
#3869 = LINE('',#3870,#3871);
#3870 = CARTESIAN_POINT('',(28.87,18.5,0.));
#3871 = VECTOR('',#3872,1.);
#3872 = DIRECTION('',(-0.,1.,0.));
#3873 = ORIENTED_EDGE('',*,*,#3874,.T.);
#3874 = EDGE_CURVE('',#3867,#3875,#3877,.T.);
#3875 = VERTEX_POINT('',#3876);
#3876 = CARTESIAN_POINT('',(28.87,18.9,6.7));
#3877 = LINE('',#3878,#3879);
#3878 = CARTESIAN_POINT('',(28.87,18.9,0.));
#3879 = VECTOR('',#3880,1.);
#3880 = DIRECTION('',(0.,0.,1.));
#3881 = ORIENTED_EDGE('',*,*,#3882,.F.);
#3882 = EDGE_CURVE('',#3859,#3875,#3883,.T.);
#3883 = LINE('',#3884,#3885);
#3884 = CARTESIAN_POINT('',(28.87,18.5,6.7));
#3885 = VECTOR('',#3886,1.);
#3886 = DIRECTION('',(-0.,1.,0.));
#3887 = PLANE('',#3888);
#3888 = AXIS2_PLACEMENT_3D('',#3889,#3890,#3891);
#3889 = CARTESIAN_POINT('',(28.87,18.5,0.));
#3890 = DIRECTION('',(1.,0.,-0.));
#3891 = DIRECTION('',(0.,0.,1.));
#3892 = ADVANCED_FACE('',(#3893),#3927,.T.);
#3893 = FACE_BOUND('',#3894,.T.);
#3894 = EDGE_LOOP('',(#3895,#3905,#3913,#3921));
#3895 = ORIENTED_EDGE('',*,*,#3896,.F.);
#3896 = EDGE_CURVE('',#3897,#3899,#3901,.T.);
#3897 = VERTEX_POINT('',#3898);
#3898 = CARTESIAN_POINT('',(29.37,18.5,0.));
#3899 = VERTEX_POINT('',#3900);
#3900 = CARTESIAN_POINT('',(29.37,18.5,6.7));
#3901 = LINE('',#3902,#3903);
#3902 = CARTESIAN_POINT('',(29.37,18.5,0.));
#3903 = VECTOR('',#3904,1.);
#3904 = DIRECTION('',(0.,0.,1.));
#3905 = ORIENTED_EDGE('',*,*,#3906,.T.);
#3906 = EDGE_CURVE('',#3897,#3907,#3909,.T.);
#3907 = VERTEX_POINT('',#3908);
#3908 = CARTESIAN_POINT('',(29.37,18.9,0.));
#3909 = LINE('',#3910,#3911);
#3910 = CARTESIAN_POINT('',(29.37,18.5,0.));
#3911 = VECTOR('',#3912,1.);
#3912 = DIRECTION('',(-0.,1.,0.));
#3913 = ORIENTED_EDGE('',*,*,#3914,.T.);
#3914 = EDGE_CURVE('',#3907,#3915,#3917,.T.);
#3915 = VERTEX_POINT('',#3916);
#3916 = CARTESIAN_POINT('',(29.37,18.9,6.7));
#3917 = LINE('',#3918,#3919);
#3918 = CARTESIAN_POINT('',(29.37,18.9,0.));
#3919 = VECTOR('',#3920,1.);
#3920 = DIRECTION('',(0.,0.,1.));
#3921 = ORIENTED_EDGE('',*,*,#3922,.F.);
#3922 = EDGE_CURVE('',#3899,#3915,#3923,.T.);
#3923 = LINE('',#3924,#3925);
#3924 = CARTESIAN_POINT('',(29.37,18.5,6.7));
#3925 = VECTOR('',#3926,1.);
#3926 = DIRECTION('',(-0.,1.,0.));
#3927 = PLANE('',#3928);
#3928 = AXIS2_PLACEMENT_3D('',#3929,#3930,#3931);
#3929 = CARTESIAN_POINT('',(29.37,18.5,0.));
#3930 = DIRECTION('',(1.,0.,-0.));
#3931 = DIRECTION('',(0.,0.,1.));
#3932 = ADVANCED_FACE('',(#3933),#3949,.F.);
#3933 = FACE_BOUND('',#3934,.F.);
#3934 = EDGE_LOOP('',(#3935,#3941,#3942,#3948));
#3935 = ORIENTED_EDGE('',*,*,#3936,.F.);
#3936 = EDGE_CURVE('',#3857,#3897,#3937,.T.);
#3937 = LINE('',#3938,#3939);
#3938 = CARTESIAN_POINT('',(28.87,18.5,0.));
#3939 = VECTOR('',#3940,1.);
#3940 = DIRECTION('',(1.,0.,-0.));
#3941 = ORIENTED_EDGE('',*,*,#3856,.T.);
#3942 = ORIENTED_EDGE('',*,*,#3943,.T.);
#3943 = EDGE_CURVE('',#3859,#3899,#3944,.T.);
#3944 = LINE('',#3945,#3946);
#3945 = CARTESIAN_POINT('',(28.87,18.5,6.7));
#3946 = VECTOR('',#3947,1.);
#3947 = DIRECTION('',(1.,0.,-0.));
#3948 = ORIENTED_EDGE('',*,*,#3896,.F.);
#3949 = PLANE('',#3950);
#3950 = AXIS2_PLACEMENT_3D('',#3951,#3952,#3953);
#3951 = CARTESIAN_POINT('',(28.87,18.5,0.));
#3952 = DIRECTION('',(-0.,1.,0.));
#3953 = DIRECTION('',(0.,0.,1.));
#3954 = ADVANCED_FACE('',(#3955),#3971,.T.);
#3955 = FACE_BOUND('',#3956,.T.);
#3956 = EDGE_LOOP('',(#3957,#3963,#3964,#3970));
#3957 = ORIENTED_EDGE('',*,*,#3958,.F.);
#3958 = EDGE_CURVE('',#3867,#3907,#3959,.T.);
#3959 = LINE('',#3960,#3961);
#3960 = CARTESIAN_POINT('',(28.87,18.9,0.));
#3961 = VECTOR('',#3962,1.);
#3962 = DIRECTION('',(1.,0.,-0.));
#3963 = ORIENTED_EDGE('',*,*,#3874,.T.);
#3964 = ORIENTED_EDGE('',*,*,#3965,.T.);
#3965 = EDGE_CURVE('',#3875,#3915,#3966,.T.);
#3966 = LINE('',#3967,#3968);
#3967 = CARTESIAN_POINT('',(28.87,18.9,6.7));
#3968 = VECTOR('',#3969,1.);
#3969 = DIRECTION('',(1.,0.,-0.));
#3970 = ORIENTED_EDGE('',*,*,#3914,.F.);
#3971 = PLANE('',#3972);
#3972 = AXIS2_PLACEMENT_3D('',#3973,#3974,#3975);
#3973 = CARTESIAN_POINT('',(28.87,18.9,0.));
#3974 = DIRECTION('',(-0.,1.,0.));
#3975 = DIRECTION('',(0.,0.,1.));
#3976 = ADVANCED_FACE('',(#3977),#3983,.F.);
#3977 = FACE_BOUND('',#3978,.F.);
#3978 = EDGE_LOOP('',(#3979,#3980,#3981,#3982));
#3979 = ORIENTED_EDGE('',*,*,#3866,.F.);
#3980 = ORIENTED_EDGE('',*,*,#3936,.T.);
#3981 = ORIENTED_EDGE('',*,*,#3906,.T.);
#3982 = ORIENTED_EDGE('',*,*,#3958,.F.);
#3983 = PLANE('',#3984);
#3984 = AXIS2_PLACEMENT_3D('',#3985,#3986,#3987);
#3985 = CARTESIAN_POINT('',(28.87,18.5,0.));
#3986 = DIRECTION('',(0.,0.,1.));
#3987 = DIRECTION('',(1.,0.,-0.));
#3988 = ADVANCED_FACE('',(#3989),#3995,.T.);
#3989 = FACE_BOUND('',#3990,.T.);
#3990 = EDGE_LOOP('',(#3991,#3992,#3993,#3994));
#3991 = ORIENTED_EDGE('',*,*,#3882,.F.);
#3992 = ORIENTED_EDGE('',*,*,#3943,.T.);
#3993 = ORIENTED_EDGE('',*,*,#3922,.T.);
#3994 = ORIENTED_EDGE('',*,*,#3965,.F.);
#3995 = PLANE('',#3996);
#3996 = AXIS2_PLACEMENT_3D('',#3997,#3998,#3999);
#3997 = CARTESIAN_POINT('',(28.87,18.5,6.7));
#3998 = DIRECTION('',(0.,0.,1.));
#3999 = DIRECTION('',(1.,0.,-0.));
#4000 = MANIFOLD_SOLID_BREP('',#4001);
#4001 = CLOSED_SHELL('',(#4002,#4042,#4082,#4104,#4126,#4138));
#4002 = ADVANCED_FACE('',(#4003),#4037,.F.);
#4003 = FACE_BOUND('',#4004,.F.);
#4004 = EDGE_LOOP('',(#4005,#4015,#4023,#4031));
#4005 = ORIENTED_EDGE('',*,*,#4006,.F.);
#4006 = EDGE_CURVE('',#4007,#4009,#4011,.T.);
#4007 = VERTEX_POINT('',#4008);
#4008 = CARTESIAN_POINT('',(30.14,20.5,0.));
#4009 = VERTEX_POINT('',#4010);
#4010 = CARTESIAN_POINT('',(30.14,20.5,6.7));
#4011 = LINE('',#4012,#4013);
#4012 = CARTESIAN_POINT('',(30.14,20.5,0.));
#4013 = VECTOR('',#4014,1.);
#4014 = DIRECTION('',(0.,0.,1.));
#4015 = ORIENTED_EDGE('',*,*,#4016,.T.);
#4016 = EDGE_CURVE('',#4007,#4017,#4019,.T.);
#4017 = VERTEX_POINT('',#4018);
#4018 = CARTESIAN_POINT('',(30.14,20.9,0.));
#4019 = LINE('',#4020,#4021);
#4020 = CARTESIAN_POINT('',(30.14,20.5,0.));
#4021 = VECTOR('',#4022,1.);
#4022 = DIRECTION('',(-0.,1.,0.));
#4023 = ORIENTED_EDGE('',*,*,#4024,.T.);
#4024 = EDGE_CURVE('',#4017,#4025,#4027,.T.);
#4025 = VERTEX_POINT('',#4026);
#4026 = CARTESIAN_POINT('',(30.14,20.9,6.7));
#4027 = LINE('',#4028,#4029);
#4028 = CARTESIAN_POINT('',(30.14,20.9,0.));
#4029 = VECTOR('',#4030,1.);
#4030 = DIRECTION('',(0.,0.,1.));
#4031 = ORIENTED_EDGE('',*,*,#4032,.F.);
#4032 = EDGE_CURVE('',#4009,#4025,#4033,.T.);
#4033 = LINE('',#4034,#4035);
#4034 = CARTESIAN_POINT('',(30.14,20.5,6.7));
#4035 = VECTOR('',#4036,1.);
#4036 = DIRECTION('',(-0.,1.,0.));
#4037 = PLANE('',#4038);
#4038 = AXIS2_PLACEMENT_3D('',#4039,#4040,#4041);
#4039 = CARTESIAN_POINT('',(30.14,20.5,0.));
#4040 = DIRECTION('',(1.,0.,-0.));
#4041 = DIRECTION('',(0.,0.,1.));
#4042 = ADVANCED_FACE('',(#4043),#4077,.T.);
#4043 = FACE_BOUND('',#4044,.T.);
#4044 = EDGE_LOOP('',(#4045,#4055,#4063,#4071));
#4045 = ORIENTED_EDGE('',*,*,#4046,.F.);
#4046 = EDGE_CURVE('',#4047,#4049,#4051,.T.);
#4047 = VERTEX_POINT('',#4048);
#4048 = CARTESIAN_POINT('',(30.64,20.5,0.));
#4049 = VERTEX_POINT('',#4050);
#4050 = CARTESIAN_POINT('',(30.64,20.5,6.7));
#4051 = LINE('',#4052,#4053);
#4052 = CARTESIAN_POINT('',(30.64,20.5,0.));
#4053 = VECTOR('',#4054,1.);
#4054 = DIRECTION('',(0.,0.,1.));
#4055 = ORIENTED_EDGE('',*,*,#4056,.T.);
#4056 = EDGE_CURVE('',#4047,#4057,#4059,.T.);
#4057 = VERTEX_POINT('',#4058);
#4058 = CARTESIAN_POINT('',(30.64,20.9,0.));
#4059 = LINE('',#4060,#4061);
#4060 = CARTESIAN_POINT('',(30.64,20.5,0.));
#4061 = VECTOR('',#4062,1.);
#4062 = DIRECTION('',(-0.,1.,0.));
#4063 = ORIENTED_EDGE('',*,*,#4064,.T.);
#4064 = EDGE_CURVE('',#4057,#4065,#4067,.T.);
#4065 = VERTEX_POINT('',#4066);
#4066 = CARTESIAN_POINT('',(30.64,20.9,6.7));
#4067 = LINE('',#4068,#4069);
#4068 = CARTESIAN_POINT('',(30.64,20.9,0.));
#4069 = VECTOR('',#4070,1.);
#4070 = DIRECTION('',(0.,0.,1.));
#4071 = ORIENTED_EDGE('',*,*,#4072,.F.);
#4072 = EDGE_CURVE('',#4049,#4065,#4073,.T.);
#4073 = LINE('',#4074,#4075);
#4074 = CARTESIAN_POINT('',(30.64,20.5,6.7));
#4075 = VECTOR('',#4076,1.);
#4076 = DIRECTION('',(-0.,1.,0.));
#4077 = PLANE('',#4078);
#4078 = AXIS2_PLACEMENT_3D('',#4079,#4080,#4081);
#4079 = CARTESIAN_POINT('',(30.64,20.5,0.));
#4080 = DIRECTION('',(1.,0.,-0.));
#4081 = DIRECTION('',(0.,0.,1.));
#4082 = ADVANCED_FACE('',(#4083),#4099,.F.);
#4083 = FACE_BOUND('',#4084,.F.);
#4084 = EDGE_LOOP('',(#4085,#4091,#4092,#4098));
#4085 = ORIENTED_EDGE('',*,*,#4086,.F.);
#4086 = EDGE_CURVE('',#4007,#4047,#4087,.T.);
#4087 = LINE('',#4088,#4089);
#4088 = CARTESIAN_POINT('',(30.14,20.5,0.));
#4089 = VECTOR('',#4090,1.);
#4090 = DIRECTION('',(1.,0.,-0.));
#4091 = ORIENTED_EDGE('',*,*,#4006,.T.);
#4092 = ORIENTED_EDGE('',*,*,#4093,.T.);
#4093 = EDGE_CURVE('',#4009,#4049,#4094,.T.);
#4094 = LINE('',#4095,#4096);
#4095 = CARTESIAN_POINT('',(30.14,20.5,6.7));
#4096 = VECTOR('',#4097,1.);
#4097 = DIRECTION('',(1.,0.,-0.));
#4098 = ORIENTED_EDGE('',*,*,#4046,.F.);
#4099 = PLANE('',#4100);
#4100 = AXIS2_PLACEMENT_3D('',#4101,#4102,#4103);
#4101 = CARTESIAN_POINT('',(30.14,20.5,0.));
#4102 = DIRECTION('',(-0.,1.,0.));
#4103 = DIRECTION('',(0.,0.,1.));
#4104 = ADVANCED_FACE('',(#4105),#4121,.T.);
#4105 = FACE_BOUND('',#4106,.T.);
#4106 = EDGE_LOOP('',(#4107,#4113,#4114,#4120));
#4107 = ORIENTED_EDGE('',*,*,#4108,.F.);
#4108 = EDGE_CURVE('',#4017,#4057,#4109,.T.);
#4109 = LINE('',#4110,#4111);
#4110 = CARTESIAN_POINT('',(30.14,20.9,0.));
#4111 = VECTOR('',#4112,1.);
#4112 = DIRECTION('',(1.,0.,-0.));
#4113 = ORIENTED_EDGE('',*,*,#4024,.T.);
#4114 = ORIENTED_EDGE('',*,*,#4115,.T.);
#4115 = EDGE_CURVE('',#4025,#4065,#4116,.T.);
#4116 = LINE('',#4117,#4118);
#4117 = CARTESIAN_POINT('',(30.14,20.9,6.7));
#4118 = VECTOR('',#4119,1.);
#4119 = DIRECTION('',(1.,0.,-0.));
#4120 = ORIENTED_EDGE('',*,*,#4064,.F.);
#4121 = PLANE('',#4122);
#4122 = AXIS2_PLACEMENT_3D('',#4123,#4124,#4125);
#4123 = CARTESIAN_POINT('',(30.14,20.9,0.));
#4124 = DIRECTION('',(-0.,1.,0.));
#4125 = DIRECTION('',(0.,0.,1.));
#4126 = ADVANCED_FACE('',(#4127),#4133,.F.);
#4127 = FACE_BOUND('',#4128,.F.);
#4128 = EDGE_LOOP('',(#4129,#4130,#4131,#4132));
#4129 = ORIENTED_EDGE('',*,*,#4016,.F.);
#4130 = ORIENTED_EDGE('',*,*,#4086,.T.);
#4131 = ORIENTED_EDGE('',*,*,#4056,.T.);
#4132 = ORIENTED_EDGE('',*,*,#4108,.F.);
#4133 = PLANE('',#4134);
#4134 = AXIS2_PLACEMENT_3D('',#4135,#4136,#4137);
#4135 = CARTESIAN_POINT('',(30.14,20.5,0.));
#4136 = DIRECTION('',(0.,0.,1.));
#4137 = DIRECTION('',(1.,0.,-0.));
#4138 = ADVANCED_FACE('',(#4139),#4145,.T.);
#4139 = FACE_BOUND('',#4140,.T.);
#4140 = EDGE_LOOP('',(#4141,#4142,#4143,#4144));
#4141 = ORIENTED_EDGE('',*,*,#4032,.F.);
#4142 = ORIENTED_EDGE('',*,*,#4093,.T.);
#4143 = ORIENTED_EDGE('',*,*,#4072,.T.);
#4144 = ORIENTED_EDGE('',*,*,#4115,.F.);
#4145 = PLANE('',#4146);
#4146 = AXIS2_PLACEMENT_3D('',#4147,#4148,#4149);
#4147 = CARTESIAN_POINT('',(30.14,20.5,6.7));
#4148 = DIRECTION('',(0.,0.,1.));
#4149 = DIRECTION('',(1.,0.,-0.));
#4150 = ( GEOMETRIC_REPRESENTATION_CONTEXT(3) 
GLOBAL_UNCERTAINTY_ASSIGNED_CONTEXT((#4154)) 
GLOBAL_UNIT_ASSIGNED_CONTEXT((#4151,#4152,#4153)) REPRESENTATION_CONTEXT
('Context #1','3D Context with UNIT and UNCERTAINTY') );
#4151 = ( LENGTH_UNIT() NAMED_UNIT(*) SI_UNIT(.MILLI.,.METRE.) );
#4152 = ( NAMED_UNIT(*) PLANE_ANGLE_UNIT() SI_UNIT($,.RADIAN.) );
#4153 = ( NAMED_UNIT(*) SI_UNIT($,.STERADIAN.) SOLID_ANGLE_UNIT() );
#4154 = UNCERTAINTY_MEASURE_WITH_UNIT(LENGTH_MEASURE(1.E-07),#4151,
  'distance_accuracy_value','confusion accuracy');
#4155 = CONTEXT_DEPENDENT_SHAPE_REPRESENTATION(#4156,#4158);
#4156 = ( REPRESENTATION_RELATIONSHIP('','',#1899,#10) 
REPRESENTATION_RELATIONSHIP_WITH_TRANSFORMATION(#4157) 
SHAPE_REPRESENTATION_RELATIONSHIP() );
#4157 = ITEM_DEFINED_TRANSFORMATION('','',#11,#31);
#4158 = PRODUCT_DEFINITION_SHAPE('Placement','Placement of an item',
  #4159);
#4159 = NEXT_ASSEMBLY_USAGE_OCCURRENCE('5','L298N_leads','',#5,#1894,$);
#4160 = PRODUCT_RELATED_PRODUCT_CATEGORY('part',$,(#1896));
#4161 = SHAPE_DEFINITION_REPRESENTATION(#4162,#4168);
#4162 = PRODUCT_DEFINITION_SHAPE('','',#4163);
#4163 = PRODUCT_DEFINITION('design','',#4164,#4167);
#4164 = PRODUCT_DEFINITION_FORMATION('','',#4165);
#4165 = PRODUCT('Heatsink_screw','Heatsink_screw','',(#4166));
#4166 = PRODUCT_CONTEXT('',#2,'mechanical');
#4167 = PRODUCT_DEFINITION_CONTEXT('part definition',#2,'design');
#4168 = ADVANCED_BREP_SHAPE_REPRESENTATION('',(#11,#4169),#4222);
#4169 = MANIFOLD_SOLID_BREP('',#4170);
#4170 = CLOSED_SHELL('',(#4171,#4204,#4213));
#4171 = ADVANCED_FACE('',(#4172),#4199,.T.);
#4172 = FACE_BOUND('',#4173,.T.);
#4173 = EDGE_LOOP('',(#4174,#4183,#4191,#4198));
#4174 = ORIENTED_EDGE('',*,*,#4175,.F.);
#4175 = EDGE_CURVE('',#4176,#4176,#4178,.T.);
#4176 = VERTEX_POINT('',#4177);
#4177 = CARTESIAN_POINT('',(21.5,19.8,18.2));
#4178 = CIRCLE('',#4179,2.6);
#4179 = AXIS2_PLACEMENT_3D('',#4180,#4181,#4182);
#4180 = CARTESIAN_POINT('',(21.5,19.8,20.8));
#4181 = DIRECTION('',(0.,-1.,0.));
#4182 = DIRECTION('',(0.,-0.,-1.));
#4183 = ORIENTED_EDGE('',*,*,#4184,.F.);
#4184 = EDGE_CURVE('',#4185,#4176,#4187,.T.);
#4185 = VERTEX_POINT('',#4186);
#4186 = CARTESIAN_POINT('',(21.5,21.4,18.2));
#4187 = LINE('',#4188,#4189);
#4188 = CARTESIAN_POINT('',(21.5,21.4,18.2));
#4189 = VECTOR('',#4190,1.);
#4190 = DIRECTION('',(0.,-1.,0.));
#4191 = ORIENTED_EDGE('',*,*,#4192,.T.);
#4192 = EDGE_CURVE('',#4185,#4185,#4193,.T.);
#4193 = CIRCLE('',#4194,2.6);
#4194 = AXIS2_PLACEMENT_3D('',#4195,#4196,#4197);
#4195 = CARTESIAN_POINT('',(21.5,21.4,20.8));
#4196 = DIRECTION('',(0.,-1.,0.));
#4197 = DIRECTION('',(0.,-0.,-1.));
#4198 = ORIENTED_EDGE('',*,*,#4184,.T.);
#4199 = CYLINDRICAL_SURFACE('',#4200,2.6);
#4200 = AXIS2_PLACEMENT_3D('',#4201,#4202,#4203);
#4201 = CARTESIAN_POINT('',(21.5,21.4,20.8));
#4202 = DIRECTION('',(0.,-1.,0.));
#4203 = DIRECTION('',(0.,-0.,-1.));
#4204 = ADVANCED_FACE('',(#4205),#4208,.T.);
#4205 = FACE_BOUND('',#4206,.T.);
#4206 = EDGE_LOOP('',(#4207));
#4207 = ORIENTED_EDGE('',*,*,#4175,.T.);
#4208 = PLANE('',#4209);
#4209 = AXIS2_PLACEMENT_3D('',#4210,#4211,#4212);
#4210 = CARTESIAN_POINT('',(21.5,19.8,20.8));
#4211 = DIRECTION('',(0.,-1.,0.));
#4212 = DIRECTION('',(0.,-0.,-1.));
#4213 = ADVANCED_FACE('',(#4214),#4217,.F.);
#4214 = FACE_BOUND('',#4215,.T.);
#4215 = EDGE_LOOP('',(#4216));
#4216 = ORIENTED_EDGE('',*,*,#4192,.F.);
#4217 = PLANE('',#4218);
#4218 = AXIS2_PLACEMENT_3D('',#4219,#4220,#4221);
#4219 = CARTESIAN_POINT('',(21.5,21.4,20.8));
#4220 = DIRECTION('',(0.,-1.,0.));
#4221 = DIRECTION('',(0.,-0.,-1.));
#4222 = ( GEOMETRIC_REPRESENTATION_CONTEXT(3) 
GLOBAL_UNCERTAINTY_ASSIGNED_CONTEXT((#4226)) 
GLOBAL_UNIT_ASSIGNED_CONTEXT((#4223,#4224,#4225)) REPRESENTATION_CONTEXT
('Context #1','3D Context with UNIT and UNCERTAINTY') );
#4223 = ( LENGTH_UNIT() NAMED_UNIT(*) SI_UNIT(.MILLI.,.METRE.) );
#4224 = ( NAMED_UNIT(*) PLANE_ANGLE_UNIT() SI_UNIT($,.RADIAN.) );
#4225 = ( NAMED_UNIT(*) SI_UNIT($,.STERADIAN.) SOLID_ANGLE_UNIT() );
#4226 = UNCERTAINTY_MEASURE_WITH_UNIT(LENGTH_MEASURE(1.E-07),#4223,
  'distance_accuracy_value','confusion accuracy');
#4227 = CONTEXT_DEPENDENT_SHAPE_REPRESENTATION(#4228,#4230);
#4228 = ( REPRESENTATION_RELATIONSHIP('','',#4168,#10) 
REPRESENTATION_RELATIONSHIP_WITH_TRANSFORMATION(#4229) 
SHAPE_REPRESENTATION_RELATIONSHIP() );
#4229 = ITEM_DEFINED_TRANSFORMATION('','',#11,#35);
#4230 = PRODUCT_DEFINITION_SHAPE('Placement','Placement of an item',
  #4231);
#4231 = NEXT_ASSEMBLY_USAGE_OCCURRENCE('6','Heatsink_screw','',#5,#4163,
  $);
#4232 = PRODUCT_RELATED_PRODUCT_CATEGORY('part',$,(#4165));
#4233 = SHAPE_DEFINITION_REPRESENTATION(#4234,#4240);
#4234 = PRODUCT_DEFINITION_SHAPE('','',#4235);
#4235 = PRODUCT_DEFINITION('design','',#4236,#4239);
#4236 = PRODUCT_DEFINITION_FORMATION('','',#4237);
#4237 = PRODUCT('TB_Power','TB_Power','',(#4238));
#4238 = PRODUCT_CONTEXT('',#2,'mechanical');
#4239 = PRODUCT_DEFINITION_CONTEXT('part definition',#2,'design');
#4240 = ADVANCED_BREP_SHAPE_REPRESENTATION('',(#11,#4241),#4952);
#4241 = MANIFOLD_SOLID_BREP('',#4242);
#4242 = CLOSED_SHELL('',(#4243,#4283,#4416,#4473,#4497,#4514,#4526,#4557
    ,#4581,#4605,#4622,#4653,#4677,#4701,#4718,#4749,#4773,#4797,#4814,
    #4839,#4864,#4889,#4901,#4913,#4925,#4934,#4943));
#4243 = ADVANCED_FACE('',(#4244),#4278,.F.);
#4244 = FACE_BOUND('',#4245,.F.);
#4245 = EDGE_LOOP('',(#4246,#4256,#4264,#4272));
#4246 = ORIENTED_EDGE('',*,*,#4247,.F.);
#4247 = EDGE_CURVE('',#4248,#4250,#4252,.T.);
#4248 = VERTEX_POINT('',#4249);
#4249 = CARTESIAN_POINT('',(0.,0.,0.));
#4250 = VERTEX_POINT('',#4251);
#4251 = CARTESIAN_POINT('',(0.,0.,10.));
#4252 = LINE('',#4253,#4254);
#4253 = CARTESIAN_POINT('',(0.,0.,0.));
#4254 = VECTOR('',#4255,1.);
#4255 = DIRECTION('',(0.,0.,1.));
#4256 = ORIENTED_EDGE('',*,*,#4257,.T.);
#4257 = EDGE_CURVE('',#4248,#4258,#4260,.T.);
#4258 = VERTEX_POINT('',#4259);
#4259 = CARTESIAN_POINT('',(0.,7.6,0.));
#4260 = LINE('',#4261,#4262);
#4261 = CARTESIAN_POINT('',(0.,0.,0.));
#4262 = VECTOR('',#4263,1.);
#4263 = DIRECTION('',(-0.,1.,0.));
#4264 = ORIENTED_EDGE('',*,*,#4265,.T.);
#4265 = EDGE_CURVE('',#4258,#4266,#4268,.T.);
#4266 = VERTEX_POINT('',#4267);
#4267 = CARTESIAN_POINT('',(0.,7.6,10.));
#4268 = LINE('',#4269,#4270);
#4269 = CARTESIAN_POINT('',(0.,7.6,0.));
#4270 = VECTOR('',#4271,1.);
#4271 = DIRECTION('',(0.,0.,1.));
#4272 = ORIENTED_EDGE('',*,*,#4273,.F.);
#4273 = EDGE_CURVE('',#4250,#4266,#4274,.T.);
#4274 = LINE('',#4275,#4276);
#4275 = CARTESIAN_POINT('',(0.,0.,10.));
#4276 = VECTOR('',#4277,1.);
#4277 = DIRECTION('',(-0.,1.,0.));
#4278 = PLANE('',#4279);
#4279 = AXIS2_PLACEMENT_3D('',#4280,#4281,#4282);
#4280 = CARTESIAN_POINT('',(0.,0.,0.));
#4281 = DIRECTION('',(1.,0.,-0.));
#4282 = DIRECTION('',(0.,0.,1.));
#4283 = ADVANCED_FACE('',(#4284,#4309,#4343,#4377),#4411,.F.);
#4284 = FACE_BOUND('',#4285,.F.);
#4285 = EDGE_LOOP('',(#4286,#4294,#4295,#4303));
#4286 = ORIENTED_EDGE('',*,*,#4287,.F.);
#4287 = EDGE_CURVE('',#4248,#4288,#4290,.T.);
#4288 = VERTEX_POINT('',#4289);
#4289 = CARTESIAN_POINT('',(15.24,0.,0.));
#4290 = LINE('',#4291,#4292);
#4291 = CARTESIAN_POINT('',(0.,0.,0.));
#4292 = VECTOR('',#4293,1.);
#4293 = DIRECTION('',(1.,0.,-0.));
#4294 = ORIENTED_EDGE('',*,*,#4247,.T.);
#4295 = ORIENTED_EDGE('',*,*,#4296,.T.);
#4296 = EDGE_CURVE('',#4250,#4297,#4299,.T.);
#4297 = VERTEX_POINT('',#4298);
#4298 = CARTESIAN_POINT('',(15.24,0.,10.));
#4299 = LINE('',#4300,#4301);
#4300 = CARTESIAN_POINT('',(0.,0.,10.));
#4301 = VECTOR('',#4302,1.);
#4302 = DIRECTION('',(1.,0.,-0.));
#4303 = ORIENTED_EDGE('',*,*,#4304,.F.);
#4304 = EDGE_CURVE('',#4288,#4297,#4305,.T.);
#4305 = LINE('',#4306,#4307);
#4306 = CARTESIAN_POINT('',(15.24,0.,0.));
#4307 = VECTOR('',#4308,1.);
#4308 = DIRECTION('',(0.,0.,1.));
#4309 = FACE_BOUND('',#4310,.F.);
#4310 = EDGE_LOOP('',(#4311,#4321,#4329,#4337));
#4311 = ORIENTED_EDGE('',*,*,#4312,.F.);
#4312 = EDGE_CURVE('',#4313,#4315,#4317,.T.);
#4313 = VERTEX_POINT('',#4314);
#4314 = CARTESIAN_POINT('',(0.79,0.,5.));
#4315 = VERTEX_POINT('',#4316);
#4316 = CARTESIAN_POINT('',(4.29,0.,5.));
#4317 = LINE('',#4318,#4319);
#4318 = CARTESIAN_POINT('',(0.395,0.,5.));
#4319 = VECTOR('',#4320,1.);
#4320 = DIRECTION('',(1.,0.,-0.));
#4321 = ORIENTED_EDGE('',*,*,#4322,.T.);
#4322 = EDGE_CURVE('',#4313,#4323,#4325,.T.);
#4323 = VERTEX_POINT('',#4324);
#4324 = CARTESIAN_POINT('',(0.79,0.,1.5));
#4325 = LINE('',#4326,#4327);
#4326 = CARTESIAN_POINT('',(0.79,0.,0.75));
#4327 = VECTOR('',#4328,1.);
#4328 = DIRECTION('',(-0.,0.,-1.));
#4329 = ORIENTED_EDGE('',*,*,#4330,.T.);
#4330 = EDGE_CURVE('',#4323,#4331,#4333,.T.);
#4331 = VERTEX_POINT('',#4332);
#4332 = CARTESIAN_POINT('',(4.29,0.,1.5));
#4333 = LINE('',#4334,#4335);
#4334 = CARTESIAN_POINT('',(0.395,0.,1.5));
#4335 = VECTOR('',#4336,1.);
#4336 = DIRECTION('',(1.,0.,-0.));
#4337 = ORIENTED_EDGE('',*,*,#4338,.F.);
#4338 = EDGE_CURVE('',#4315,#4331,#4339,.T.);
#4339 = LINE('',#4340,#4341);
#4340 = CARTESIAN_POINT('',(4.29,0.,0.75));
#4341 = VECTOR('',#4342,1.);
#4342 = DIRECTION('',(-0.,0.,-1.));
#4343 = FACE_BOUND('',#4344,.F.);
#4344 = EDGE_LOOP('',(#4345,#4355,#4363,#4371));
#4345 = ORIENTED_EDGE('',*,*,#4346,.F.);
#4346 = EDGE_CURVE('',#4347,#4349,#4351,.T.);
#4347 = VERTEX_POINT('',#4348);
#4348 = CARTESIAN_POINT('',(5.87,0.,5.));
#4349 = VERTEX_POINT('',#4350);
#4350 = CARTESIAN_POINT('',(9.37,0.,5.));
#4351 = LINE('',#4352,#4353);
#4352 = CARTESIAN_POINT('',(2.935,0.,5.));
#4353 = VECTOR('',#4354,1.);
#4354 = DIRECTION('',(1.,0.,-0.));
#4355 = ORIENTED_EDGE('',*,*,#4356,.T.);
#4356 = EDGE_CURVE('',#4347,#4357,#4359,.T.);
#4357 = VERTEX_POINT('',#4358);
#4358 = CARTESIAN_POINT('',(5.87,0.,1.5));
#4359 = LINE('',#4360,#4361);
#4360 = CARTESIAN_POINT('',(5.87,0.,0.75));
#4361 = VECTOR('',#4362,1.);
#4362 = DIRECTION('',(-0.,0.,-1.));
#4363 = ORIENTED_EDGE('',*,*,#4364,.T.);
#4364 = EDGE_CURVE('',#4357,#4365,#4367,.T.);
#4365 = VERTEX_POINT('',#4366);
#4366 = CARTESIAN_POINT('',(9.37,0.,1.5));
#4367 = LINE('',#4368,#4369);
#4368 = CARTESIAN_POINT('',(2.935,0.,1.5));
#4369 = VECTOR('',#4370,1.);
#4370 = DIRECTION('',(1.,0.,-0.));
#4371 = ORIENTED_EDGE('',*,*,#4372,.F.);
#4372 = EDGE_CURVE('',#4349,#4365,#4373,.T.);
#4373 = LINE('',#4374,#4375);
#4374 = CARTESIAN_POINT('',(9.37,0.,0.75));
#4375 = VECTOR('',#4376,1.);
#4376 = DIRECTION('',(-0.,0.,-1.));
#4377 = FACE_BOUND('',#4378,.F.);
#4378 = EDGE_LOOP('',(#4379,#4389,#4397,#4405));
#4379 = ORIENTED_EDGE('',*,*,#4380,.F.);
#4380 = EDGE_CURVE('',#4381,#4383,#4385,.T.);
#4381 = VERTEX_POINT('',#4382);
#4382 = CARTESIAN_POINT('',(10.95,0.,5.));
#4383 = VERTEX_POINT('',#4384);
#4384 = CARTESIAN_POINT('',(14.45,0.,5.));
#4385 = LINE('',#4386,#4387);
#4386 = CARTESIAN_POINT('',(5.475,0.,5.));
#4387 = VECTOR('',#4388,1.);
#4388 = DIRECTION('',(1.,0.,-0.));
#4389 = ORIENTED_EDGE('',*,*,#4390,.T.);
#4390 = EDGE_CURVE('',#4381,#4391,#4393,.T.);
#4391 = VERTEX_POINT('',#4392);
#4392 = CARTESIAN_POINT('',(10.95,0.,1.5));
#4393 = LINE('',#4394,#4395);
#4394 = CARTESIAN_POINT('',(10.95,0.,0.75));
#4395 = VECTOR('',#4396,1.);
#4396 = DIRECTION('',(-0.,0.,-1.));
#4397 = ORIENTED_EDGE('',*,*,#4398,.T.);
#4398 = EDGE_CURVE('',#4391,#4399,#4401,.T.);
#4399 = VERTEX_POINT('',#4400);
#4400 = CARTESIAN_POINT('',(14.45,0.,1.5));
#4401 = LINE('',#4402,#4403);
#4402 = CARTESIAN_POINT('',(5.475,0.,1.5));
#4403 = VECTOR('',#4404,1.);
#4404 = DIRECTION('',(1.,0.,-0.));
#4405 = ORIENTED_EDGE('',*,*,#4406,.F.);
#4406 = EDGE_CURVE('',#4383,#4399,#4407,.T.);
#4407 = LINE('',#4408,#4409);
#4408 = CARTESIAN_POINT('',(14.45,0.,0.75));
#4409 = VECTOR('',#4410,1.);
#4410 = DIRECTION('',(-0.,0.,-1.));
#4411 = PLANE('',#4412);
#4412 = AXIS2_PLACEMENT_3D('',#4413,#4414,#4415);
#4413 = CARTESIAN_POINT('',(0.,0.,0.));
#4414 = DIRECTION('',(-0.,1.,0.));
#4415 = DIRECTION('',(0.,0.,1.));
#4416 = ADVANCED_FACE('',(#4417,#4435,#4446,#4457),#4468,.T.);
#4417 = FACE_BOUND('',#4418,.T.);
#4418 = EDGE_LOOP('',(#4419,#4420,#4421,#4429));
#4419 = ORIENTED_EDGE('',*,*,#4273,.F.);
#4420 = ORIENTED_EDGE('',*,*,#4296,.T.);
#4421 = ORIENTED_EDGE('',*,*,#4422,.T.);
#4422 = EDGE_CURVE('',#4297,#4423,#4425,.T.);
#4423 = VERTEX_POINT('',#4424);
#4424 = CARTESIAN_POINT('',(15.24,7.6,10.));
#4425 = LINE('',#4426,#4427);
#4426 = CARTESIAN_POINT('',(15.24,0.,10.));
#4427 = VECTOR('',#4428,1.);
#4428 = DIRECTION('',(-0.,1.,0.));
#4429 = ORIENTED_EDGE('',*,*,#4430,.F.);
#4430 = EDGE_CURVE('',#4266,#4423,#4431,.T.);
#4431 = LINE('',#4432,#4433);
#4432 = CARTESIAN_POINT('',(0.,7.6,10.));
#4433 = VECTOR('',#4434,1.);
#4434 = DIRECTION('',(1.,0.,-0.));
#4435 = FACE_BOUND('',#4436,.T.);
#4436 = EDGE_LOOP('',(#4437));
#4437 = ORIENTED_EDGE('',*,*,#4438,.F.);
#4438 = EDGE_CURVE('',#4439,#4439,#4441,.T.);
#4439 = VERTEX_POINT('',#4440);
#4440 = CARTESIAN_POINT('',(4.04,4.6,10.));
#4441 = CIRCLE('',#4442,1.5);
#4442 = AXIS2_PLACEMENT_3D('',#4443,#4444,#4445);
#4443 = CARTESIAN_POINT('',(2.54,4.6,10.));
#4444 = DIRECTION('',(0.,0.,1.));
#4445 = DIRECTION('',(1.,0.,-0.));
#4446 = FACE_BOUND('',#4447,.T.);
#4447 = EDGE_LOOP('',(#4448));
#4448 = ORIENTED_EDGE('',*,*,#4449,.F.);
#4449 = EDGE_CURVE('',#4450,#4450,#4452,.T.);
#4450 = VERTEX_POINT('',#4451);
#4451 = CARTESIAN_POINT('',(9.12,4.6,10.));
#4452 = CIRCLE('',#4453,1.5);
#4453 = AXIS2_PLACEMENT_3D('',#4454,#4455,#4456);
#4454 = CARTESIAN_POINT('',(7.62,4.6,10.));
#4455 = DIRECTION('',(0.,0.,1.));
#4456 = DIRECTION('',(1.,0.,-0.));
#4457 = FACE_BOUND('',#4458,.T.);
#4458 = EDGE_LOOP('',(#4459));
#4459 = ORIENTED_EDGE('',*,*,#4460,.F.);
#4460 = EDGE_CURVE('',#4461,#4461,#4463,.T.);
#4461 = VERTEX_POINT('',#4462);
#4462 = CARTESIAN_POINT('',(14.2,4.6,10.));
#4463 = CIRCLE('',#4464,1.5);
#4464 = AXIS2_PLACEMENT_3D('',#4465,#4466,#4467);
#4465 = CARTESIAN_POINT('',(12.7,4.6,10.));
#4466 = DIRECTION('',(0.,0.,1.));
#4467 = DIRECTION('',(1.,0.,-0.));
#4468 = PLANE('',#4469);
#4469 = AXIS2_PLACEMENT_3D('',#4470,#4471,#4472);
#4470 = CARTESIAN_POINT('',(0.,0.,10.));
#4471 = DIRECTION('',(0.,0.,1.));
#4472 = DIRECTION('',(1.,0.,-0.));
#4473 = ADVANCED_FACE('',(#4474),#4492,.T.);
#4474 = FACE_BOUND('',#4475,.T.);
#4475 = EDGE_LOOP('',(#4476,#4484,#4485,#4486));
#4476 = ORIENTED_EDGE('',*,*,#4477,.F.);
#4477 = EDGE_CURVE('',#4258,#4478,#4480,.T.);
#4478 = VERTEX_POINT('',#4479);
#4479 = CARTESIAN_POINT('',(15.24,7.6,0.));
#4480 = LINE('',#4481,#4482);
#4481 = CARTESIAN_POINT('',(0.,7.6,0.));
#4482 = VECTOR('',#4483,1.);
#4483 = DIRECTION('',(1.,0.,-0.));
#4484 = ORIENTED_EDGE('',*,*,#4265,.T.);
#4485 = ORIENTED_EDGE('',*,*,#4430,.T.);
#4486 = ORIENTED_EDGE('',*,*,#4487,.F.);
#4487 = EDGE_CURVE('',#4478,#4423,#4488,.T.);
#4488 = LINE('',#4489,#4490);
#4489 = CARTESIAN_POINT('',(15.24,7.6,0.));
#4490 = VECTOR('',#4491,1.);
#4491 = DIRECTION('',(0.,0.,1.));
#4492 = PLANE('',#4493);
#4493 = AXIS2_PLACEMENT_3D('',#4494,#4495,#4496);
#4494 = CARTESIAN_POINT('',(0.,7.6,0.));
#4495 = DIRECTION('',(-0.,1.,0.));
#4496 = DIRECTION('',(0.,0.,1.));
#4497 = ADVANCED_FACE('',(#4498),#4509,.F.);
#4498 = FACE_BOUND('',#4499,.F.);
#4499 = EDGE_LOOP('',(#4500,#4501,#4502,#4508));
#4500 = ORIENTED_EDGE('',*,*,#4257,.F.);
#4501 = ORIENTED_EDGE('',*,*,#4287,.T.);
#4502 = ORIENTED_EDGE('',*,*,#4503,.T.);
#4503 = EDGE_CURVE('',#4288,#4478,#4504,.T.);
#4504 = LINE('',#4505,#4506);
#4505 = CARTESIAN_POINT('',(15.24,0.,0.));
#4506 = VECTOR('',#4507,1.);
#4507 = DIRECTION('',(-0.,1.,0.));
#4508 = ORIENTED_EDGE('',*,*,#4477,.F.);
#4509 = PLANE('',#4510);
#4510 = AXIS2_PLACEMENT_3D('',#4511,#4512,#4513);
#4511 = CARTESIAN_POINT('',(0.,0.,0.));
#4512 = DIRECTION('',(0.,0.,1.));
#4513 = DIRECTION('',(1.,0.,-0.));
#4514 = ADVANCED_FACE('',(#4515),#4521,.T.);
#4515 = FACE_BOUND('',#4516,.T.);
#4516 = EDGE_LOOP('',(#4517,#4518,#4519,#4520));
#4517 = ORIENTED_EDGE('',*,*,#4304,.F.);
#4518 = ORIENTED_EDGE('',*,*,#4503,.T.);
#4519 = ORIENTED_EDGE('',*,*,#4487,.T.);
#4520 = ORIENTED_EDGE('',*,*,#4422,.F.);
#4521 = PLANE('',#4522);
#4522 = AXIS2_PLACEMENT_3D('',#4523,#4524,#4525);
#4523 = CARTESIAN_POINT('',(15.24,0.,0.));
#4524 = DIRECTION('',(1.,0.,-0.));
#4525 = DIRECTION('',(0.,0.,1.));
#4526 = ADVANCED_FACE('',(#4527),#4552,.F.);
#4527 = FACE_BOUND('',#4528,.F.);
#4528 = EDGE_LOOP('',(#4529,#4537,#4538,#4546));
#4529 = ORIENTED_EDGE('',*,*,#4530,.F.);
#4530 = EDGE_CURVE('',#4313,#4531,#4533,.T.);
#4531 = VERTEX_POINT('',#4532);
#4532 = CARTESIAN_POINT('',(0.79,4.4,5.));
#4533 = LINE('',#4534,#4535);
#4534 = CARTESIAN_POINT('',(0.79,-0.1,5.));
#4535 = VECTOR('',#4536,1.);
#4536 = DIRECTION('',(-0.,1.,0.));
#4537 = ORIENTED_EDGE('',*,*,#4312,.T.);
#4538 = ORIENTED_EDGE('',*,*,#4539,.T.);
#4539 = EDGE_CURVE('',#4315,#4540,#4542,.T.);
#4540 = VERTEX_POINT('',#4541);
#4541 = CARTESIAN_POINT('',(4.29,4.4,5.));
#4542 = LINE('',#4543,#4544);
#4543 = CARTESIAN_POINT('',(4.29,-0.1,5.));
#4544 = VECTOR('',#4545,1.);
#4545 = DIRECTION('',(-0.,1.,0.));
#4546 = ORIENTED_EDGE('',*,*,#4547,.F.);
#4547 = EDGE_CURVE('',#4531,#4540,#4548,.T.);
#4548 = LINE('',#4549,#4550);
#4549 = CARTESIAN_POINT('',(0.79,4.4,5.));
#4550 = VECTOR('',#4551,1.);
#4551 = DIRECTION('',(1.,0.,-0.));
#4552 = PLANE('',#4553);
#4553 = AXIS2_PLACEMENT_3D('',#4554,#4555,#4556);
#4554 = CARTESIAN_POINT('',(0.79,-0.1,5.));
#4555 = DIRECTION('',(0.,0.,1.));
#4556 = DIRECTION('',(1.,0.,-0.));
#4557 = ADVANCED_FACE('',(#4558),#4576,.T.);
#4558 = FACE_BOUND('',#4559,.T.);
#4559 = EDGE_LOOP('',(#4560,#4561,#4562,#4570));
#4560 = ORIENTED_EDGE('',*,*,#4530,.F.);
#4561 = ORIENTED_EDGE('',*,*,#4322,.T.);
#4562 = ORIENTED_EDGE('',*,*,#4563,.T.);
#4563 = EDGE_CURVE('',#4323,#4564,#4566,.T.);
#4564 = VERTEX_POINT('',#4565);
#4565 = CARTESIAN_POINT('',(0.79,4.4,1.5));
#4566 = LINE('',#4567,#4568);
#4567 = CARTESIAN_POINT('',(0.79,-0.1,1.5));
#4568 = VECTOR('',#4569,1.);
#4569 = DIRECTION('',(-0.,1.,0.));
#4570 = ORIENTED_EDGE('',*,*,#4571,.T.);
#4571 = EDGE_CURVE('',#4564,#4531,#4572,.T.);
#4572 = LINE('',#4573,#4574);
#4573 = CARTESIAN_POINT('',(0.79,4.4,1.5));
#4574 = VECTOR('',#4575,1.);
#4575 = DIRECTION('',(0.,0.,1.));
#4576 = PLANE('',#4577);
#4577 = AXIS2_PLACEMENT_3D('',#4578,#4579,#4580);
#4578 = CARTESIAN_POINT('',(0.79,-0.1,1.5));
#4579 = DIRECTION('',(1.,0.,-0.));
#4580 = DIRECTION('',(0.,0.,1.));
#4581 = ADVANCED_FACE('',(#4582),#4600,.F.);
#4582 = FACE_BOUND('',#4583,.F.);
#4583 = EDGE_LOOP('',(#4584,#4585,#4586,#4594));
#4584 = ORIENTED_EDGE('',*,*,#4539,.F.);
#4585 = ORIENTED_EDGE('',*,*,#4338,.T.);
#4586 = ORIENTED_EDGE('',*,*,#4587,.T.);
#4587 = EDGE_CURVE('',#4331,#4588,#4590,.T.);
#4588 = VERTEX_POINT('',#4589);
#4589 = CARTESIAN_POINT('',(4.29,4.4,1.5));
#4590 = LINE('',#4591,#4592);
#4591 = CARTESIAN_POINT('',(4.29,-0.1,1.5));
#4592 = VECTOR('',#4593,1.);
#4593 = DIRECTION('',(-0.,1.,0.));
#4594 = ORIENTED_EDGE('',*,*,#4595,.T.);
#4595 = EDGE_CURVE('',#4588,#4540,#4596,.T.);
#4596 = LINE('',#4597,#4598);
#4597 = CARTESIAN_POINT('',(4.29,4.4,1.5));
#4598 = VECTOR('',#4599,1.);
#4599 = DIRECTION('',(0.,0.,1.));
#4600 = PLANE('',#4601);
#4601 = AXIS2_PLACEMENT_3D('',#4602,#4603,#4604);
#4602 = CARTESIAN_POINT('',(4.29,-0.1,1.5));
#4603 = DIRECTION('',(1.,0.,-0.));
#4604 = DIRECTION('',(0.,0.,1.));
#4605 = ADVANCED_FACE('',(#4606),#4617,.T.);
#4606 = FACE_BOUND('',#4607,.T.);
#4607 = EDGE_LOOP('',(#4608,#4609,#4610,#4611));
#4608 = ORIENTED_EDGE('',*,*,#4563,.F.);
#4609 = ORIENTED_EDGE('',*,*,#4330,.T.);
#4610 = ORIENTED_EDGE('',*,*,#4587,.T.);
#4611 = ORIENTED_EDGE('',*,*,#4612,.F.);
#4612 = EDGE_CURVE('',#4564,#4588,#4613,.T.);
#4613 = LINE('',#4614,#4615);
#4614 = CARTESIAN_POINT('',(0.79,4.4,1.5));
#4615 = VECTOR('',#4616,1.);
#4616 = DIRECTION('',(1.,0.,-0.));
#4617 = PLANE('',#4618);
#4618 = AXIS2_PLACEMENT_3D('',#4619,#4620,#4621);
#4619 = CARTESIAN_POINT('',(0.79,-0.1,1.5));
#4620 = DIRECTION('',(0.,0.,1.));
#4621 = DIRECTION('',(1.,0.,-0.));
#4622 = ADVANCED_FACE('',(#4623),#4648,.F.);
#4623 = FACE_BOUND('',#4624,.F.);
#4624 = EDGE_LOOP('',(#4625,#4633,#4634,#4642));
#4625 = ORIENTED_EDGE('',*,*,#4626,.F.);
#4626 = EDGE_CURVE('',#4347,#4627,#4629,.T.);
#4627 = VERTEX_POINT('',#4628);
#4628 = CARTESIAN_POINT('',(5.87,4.4,5.));
#4629 = LINE('',#4630,#4631);
#4630 = CARTESIAN_POINT('',(5.87,-0.1,5.));
#4631 = VECTOR('',#4632,1.);
#4632 = DIRECTION('',(-0.,1.,0.));
#4633 = ORIENTED_EDGE('',*,*,#4346,.T.);
#4634 = ORIENTED_EDGE('',*,*,#4635,.T.);
#4635 = EDGE_CURVE('',#4349,#4636,#4638,.T.);
#4636 = VERTEX_POINT('',#4637);
#4637 = CARTESIAN_POINT('',(9.37,4.4,5.));
#4638 = LINE('',#4639,#4640);
#4639 = CARTESIAN_POINT('',(9.37,-0.1,5.));
#4640 = VECTOR('',#4641,1.);
#4641 = DIRECTION('',(-0.,1.,0.));
#4642 = ORIENTED_EDGE('',*,*,#4643,.F.);
#4643 = EDGE_CURVE('',#4627,#4636,#4644,.T.);
#4644 = LINE('',#4645,#4646);
#4645 = CARTESIAN_POINT('',(5.87,4.4,5.));
#4646 = VECTOR('',#4647,1.);
#4647 = DIRECTION('',(1.,0.,-0.));
#4648 = PLANE('',#4649);
#4649 = AXIS2_PLACEMENT_3D('',#4650,#4651,#4652);
#4650 = CARTESIAN_POINT('',(5.87,-0.1,5.));
#4651 = DIRECTION('',(0.,0.,1.));
#4652 = DIRECTION('',(1.,0.,-0.));
#4653 = ADVANCED_FACE('',(#4654),#4672,.T.);
#4654 = FACE_BOUND('',#4655,.T.);
#4655 = EDGE_LOOP('',(#4656,#4657,#4658,#4666));
#4656 = ORIENTED_EDGE('',*,*,#4626,.F.);
#4657 = ORIENTED_EDGE('',*,*,#4356,.T.);
#4658 = ORIENTED_EDGE('',*,*,#4659,.T.);
#4659 = EDGE_CURVE('',#4357,#4660,#4662,.T.);
#4660 = VERTEX_POINT('',#4661);
#4661 = CARTESIAN_POINT('',(5.87,4.4,1.5));
#4662 = LINE('',#4663,#4664);
#4663 = CARTESIAN_POINT('',(5.87,-0.1,1.5));
#4664 = VECTOR('',#4665,1.);
#4665 = DIRECTION('',(-0.,1.,0.));
#4666 = ORIENTED_EDGE('',*,*,#4667,.T.);
#4667 = EDGE_CURVE('',#4660,#4627,#4668,.T.);
#4668 = LINE('',#4669,#4670);
#4669 = CARTESIAN_POINT('',(5.87,4.4,1.5));
#4670 = VECTOR('',#4671,1.);
#4671 = DIRECTION('',(0.,0.,1.));
#4672 = PLANE('',#4673);
#4673 = AXIS2_PLACEMENT_3D('',#4674,#4675,#4676);
#4674 = CARTESIAN_POINT('',(5.87,-0.1,1.5));
#4675 = DIRECTION('',(1.,0.,-0.));
#4676 = DIRECTION('',(0.,0.,1.));
#4677 = ADVANCED_FACE('',(#4678),#4696,.F.);
#4678 = FACE_BOUND('',#4679,.F.);
#4679 = EDGE_LOOP('',(#4680,#4681,#4682,#4690));
#4680 = ORIENTED_EDGE('',*,*,#4635,.F.);
#4681 = ORIENTED_EDGE('',*,*,#4372,.T.);
#4682 = ORIENTED_EDGE('',*,*,#4683,.T.);
#4683 = EDGE_CURVE('',#4365,#4684,#4686,.T.);
#4684 = VERTEX_POINT('',#4685);
#4685 = CARTESIAN_POINT('',(9.37,4.4,1.5));
#4686 = LINE('',#4687,#4688);
#4687 = CARTESIAN_POINT('',(9.37,-0.1,1.5));
#4688 = VECTOR('',#4689,1.);
#4689 = DIRECTION('',(-0.,1.,0.));
#4690 = ORIENTED_EDGE('',*,*,#4691,.T.);
#4691 = EDGE_CURVE('',#4684,#4636,#4692,.T.);
#4692 = LINE('',#4693,#4694);
#4693 = CARTESIAN_POINT('',(9.37,4.4,1.5));
#4694 = VECTOR('',#4695,1.);
#4695 = DIRECTION('',(0.,0.,1.));
#4696 = PLANE('',#4697);
#4697 = AXIS2_PLACEMENT_3D('',#4698,#4699,#4700);
#4698 = CARTESIAN_POINT('',(9.37,-0.1,1.5));
#4699 = DIRECTION('',(1.,0.,-0.));
#4700 = DIRECTION('',(0.,0.,1.));
#4701 = ADVANCED_FACE('',(#4702),#4713,.T.);
#4702 = FACE_BOUND('',#4703,.T.);
#4703 = EDGE_LOOP('',(#4704,#4705,#4706,#4707));
#4704 = ORIENTED_EDGE('',*,*,#4659,.F.);
#4705 = ORIENTED_EDGE('',*,*,#4364,.T.);
#4706 = ORIENTED_EDGE('',*,*,#4683,.T.);
#4707 = ORIENTED_EDGE('',*,*,#4708,.F.);
#4708 = EDGE_CURVE('',#4660,#4684,#4709,.T.);
#4709 = LINE('',#4710,#4711);
#4710 = CARTESIAN_POINT('',(5.87,4.4,1.5));
#4711 = VECTOR('',#4712,1.);
#4712 = DIRECTION('',(1.,0.,-0.));
#4713 = PLANE('',#4714);
#4714 = AXIS2_PLACEMENT_3D('',#4715,#4716,#4717);
#4715 = CARTESIAN_POINT('',(5.87,-0.1,1.5));
#4716 = DIRECTION('',(0.,0.,1.));
#4717 = DIRECTION('',(1.,0.,-0.));
#4718 = ADVANCED_FACE('',(#4719),#4744,.F.);
#4719 = FACE_BOUND('',#4720,.F.);
#4720 = EDGE_LOOP('',(#4721,#4729,#4730,#4738));
#4721 = ORIENTED_EDGE('',*,*,#4722,.F.);
#4722 = EDGE_CURVE('',#4381,#4723,#4725,.T.);
#4723 = VERTEX_POINT('',#4724);
#4724 = CARTESIAN_POINT('',(10.95,4.4,5.));
#4725 = LINE('',#4726,#4727);
#4726 = CARTESIAN_POINT('',(10.95,-0.1,5.));
#4727 = VECTOR('',#4728,1.);
#4728 = DIRECTION('',(-0.,1.,0.));
#4729 = ORIENTED_EDGE('',*,*,#4380,.T.);
#4730 = ORIENTED_EDGE('',*,*,#4731,.T.);
#4731 = EDGE_CURVE('',#4383,#4732,#4734,.T.);
#4732 = VERTEX_POINT('',#4733);
#4733 = CARTESIAN_POINT('',(14.45,4.4,5.));
#4734 = LINE('',#4735,#4736);
#4735 = CARTESIAN_POINT('',(14.45,-0.1,5.));
#4736 = VECTOR('',#4737,1.);
#4737 = DIRECTION('',(-0.,1.,0.));
#4738 = ORIENTED_EDGE('',*,*,#4739,.F.);
#4739 = EDGE_CURVE('',#4723,#4732,#4740,.T.);
#4740 = LINE('',#4741,#4742);
#4741 = CARTESIAN_POINT('',(10.95,4.4,5.));
#4742 = VECTOR('',#4743,1.);
#4743 = DIRECTION('',(1.,0.,-0.));
#4744 = PLANE('',#4745);
#4745 = AXIS2_PLACEMENT_3D('',#4746,#4747,#4748);
#4746 = CARTESIAN_POINT('',(10.95,-0.1,5.));
#4747 = DIRECTION('',(0.,0.,1.));
#4748 = DIRECTION('',(1.,0.,-0.));
#4749 = ADVANCED_FACE('',(#4750),#4768,.F.);
#4750 = FACE_BOUND('',#4751,.F.);
#4751 = EDGE_LOOP('',(#4752,#4753,#4754,#4762));
#4752 = ORIENTED_EDGE('',*,*,#4731,.F.);
#4753 = ORIENTED_EDGE('',*,*,#4406,.T.);
#4754 = ORIENTED_EDGE('',*,*,#4755,.T.);
#4755 = EDGE_CURVE('',#4399,#4756,#4758,.T.);
#4756 = VERTEX_POINT('',#4757);
#4757 = CARTESIAN_POINT('',(14.45,4.4,1.5));
#4758 = LINE('',#4759,#4760);
#4759 = CARTESIAN_POINT('',(14.45,-0.1,1.5));
#4760 = VECTOR('',#4761,1.);
#4761 = DIRECTION('',(-0.,1.,0.));
#4762 = ORIENTED_EDGE('',*,*,#4763,.T.);
#4763 = EDGE_CURVE('',#4756,#4732,#4764,.T.);
#4764 = LINE('',#4765,#4766);
#4765 = CARTESIAN_POINT('',(14.45,4.4,1.5));
#4766 = VECTOR('',#4767,1.);
#4767 = DIRECTION('',(0.,0.,1.));
#4768 = PLANE('',#4769);
#4769 = AXIS2_PLACEMENT_3D('',#4770,#4771,#4772);
#4770 = CARTESIAN_POINT('',(14.45,-0.1,1.5));
#4771 = DIRECTION('',(1.,0.,-0.));
#4772 = DIRECTION('',(0.,0.,1.));
#4773 = ADVANCED_FACE('',(#4774),#4792,.T.);
#4774 = FACE_BOUND('',#4775,.T.);
#4775 = EDGE_LOOP('',(#4776,#4784,#4785,#4786));
#4776 = ORIENTED_EDGE('',*,*,#4777,.F.);
#4777 = EDGE_CURVE('',#4391,#4778,#4780,.T.);
#4778 = VERTEX_POINT('',#4779);
#4779 = CARTESIAN_POINT('',(10.95,4.4,1.5));
#4780 = LINE('',#4781,#4782);
#4781 = CARTESIAN_POINT('',(10.95,-0.1,1.5));
#4782 = VECTOR('',#4783,1.);
#4783 = DIRECTION('',(-0.,1.,0.));
#4784 = ORIENTED_EDGE('',*,*,#4398,.T.);
#4785 = ORIENTED_EDGE('',*,*,#4755,.T.);
#4786 = ORIENTED_EDGE('',*,*,#4787,.F.);
#4787 = EDGE_CURVE('',#4778,#4756,#4788,.T.);
#4788 = LINE('',#4789,#4790);
#4789 = CARTESIAN_POINT('',(10.95,4.4,1.5));
#4790 = VECTOR('',#4791,1.);
#4791 = DIRECTION('',(1.,0.,-0.));
#4792 = PLANE('',#4793);
#4793 = AXIS2_PLACEMENT_3D('',#4794,#4795,#4796);
#4794 = CARTESIAN_POINT('',(10.95,-0.1,1.5));
#4795 = DIRECTION('',(0.,0.,1.));
#4796 = DIRECTION('',(1.,0.,-0.));
#4797 = ADVANCED_FACE('',(#4798),#4809,.T.);
#4798 = FACE_BOUND('',#4799,.T.);
#4799 = EDGE_LOOP('',(#4800,#4801,#4802,#4803));
#4800 = ORIENTED_EDGE('',*,*,#4722,.F.);
#4801 = ORIENTED_EDGE('',*,*,#4390,.T.);
#4802 = ORIENTED_EDGE('',*,*,#4777,.T.);
#4803 = ORIENTED_EDGE('',*,*,#4804,.T.);
#4804 = EDGE_CURVE('',#4778,#4723,#4805,.T.);
#4805 = LINE('',#4806,#4807);
#4806 = CARTESIAN_POINT('',(10.95,4.4,1.5));
#4807 = VECTOR('',#4808,1.);
#4808 = DIRECTION('',(0.,0.,1.));
#4809 = PLANE('',#4810);
#4810 = AXIS2_PLACEMENT_3D('',#4811,#4812,#4813);
#4811 = CARTESIAN_POINT('',(10.95,-0.1,1.5));
#4812 = DIRECTION('',(1.,0.,-0.));
#4813 = DIRECTION('',(0.,0.,1.));
#4814 = ADVANCED_FACE('',(#4815),#4834,.F.);
#4815 = FACE_BOUND('',#4816,.F.);
#4816 = EDGE_LOOP('',(#4817,#4818,#4826,#4833));
#4817 = ORIENTED_EDGE('',*,*,#4438,.F.);
#4818 = ORIENTED_EDGE('',*,*,#4819,.F.);
#4819 = EDGE_CURVE('',#4820,#4439,#4822,.T.);
#4820 = VERTEX_POINT('',#4821);
#4821 = CARTESIAN_POINT('',(4.04,4.6,7.));
#4822 = LINE('',#4823,#4824);
#4823 = CARTESIAN_POINT('',(4.04,4.6,7.));
#4824 = VECTOR('',#4825,1.);
#4825 = DIRECTION('',(0.,0.,1.));
#4826 = ORIENTED_EDGE('',*,*,#4827,.T.);
#4827 = EDGE_CURVE('',#4820,#4820,#4828,.T.);
#4828 = CIRCLE('',#4829,1.5);
#4829 = AXIS2_PLACEMENT_3D('',#4830,#4831,#4832);
#4830 = CARTESIAN_POINT('',(2.54,4.6,7.));
#4831 = DIRECTION('',(0.,0.,1.));
#4832 = DIRECTION('',(1.,0.,-0.));
#4833 = ORIENTED_EDGE('',*,*,#4819,.T.);
#4834 = CYLINDRICAL_SURFACE('',#4835,1.5);
#4835 = AXIS2_PLACEMENT_3D('',#4836,#4837,#4838);
#4836 = CARTESIAN_POINT('',(2.54,4.6,7.));
#4837 = DIRECTION('',(0.,0.,1.));
#4838 = DIRECTION('',(1.,0.,-0.));
#4839 = ADVANCED_FACE('',(#4840),#4859,.F.);
#4840 = FACE_BOUND('',#4841,.F.);
#4841 = EDGE_LOOP('',(#4842,#4843,#4851,#4858));
#4842 = ORIENTED_EDGE('',*,*,#4449,.F.);
#4843 = ORIENTED_EDGE('',*,*,#4844,.F.);
#4844 = EDGE_CURVE('',#4845,#4450,#4847,.T.);
#4845 = VERTEX_POINT('',#4846);
#4846 = CARTESIAN_POINT('',(9.12,4.6,7.));
#4847 = LINE('',#4848,#4849);
#4848 = CARTESIAN_POINT('',(9.12,4.6,7.));
#4849 = VECTOR('',#4850,1.);
#4850 = DIRECTION('',(0.,0.,1.));
#4851 = ORIENTED_EDGE('',*,*,#4852,.T.);
#4852 = EDGE_CURVE('',#4845,#4845,#4853,.T.);
#4853 = CIRCLE('',#4854,1.5);
#4854 = AXIS2_PLACEMENT_3D('',#4855,#4856,#4857);
#4855 = CARTESIAN_POINT('',(7.62,4.6,7.));
#4856 = DIRECTION('',(0.,0.,1.));
#4857 = DIRECTION('',(1.,0.,-0.));
#4858 = ORIENTED_EDGE('',*,*,#4844,.T.);
#4859 = CYLINDRICAL_SURFACE('',#4860,1.5);
#4860 = AXIS2_PLACEMENT_3D('',#4861,#4862,#4863);
#4861 = CARTESIAN_POINT('',(7.62,4.6,7.));
#4862 = DIRECTION('',(0.,0.,1.));
#4863 = DIRECTION('',(1.,0.,-0.));
#4864 = ADVANCED_FACE('',(#4865),#4884,.F.);
#4865 = FACE_BOUND('',#4866,.F.);
#4866 = EDGE_LOOP('',(#4867,#4868,#4876,#4883));
#4867 = ORIENTED_EDGE('',*,*,#4460,.F.);
#4868 = ORIENTED_EDGE('',*,*,#4869,.F.);
#4869 = EDGE_CURVE('',#4870,#4461,#4872,.T.);
#4870 = VERTEX_POINT('',#4871);
#4871 = CARTESIAN_POINT('',(14.2,4.6,7.));
#4872 = LINE('',#4873,#4874);
#4873 = CARTESIAN_POINT('',(14.2,4.6,7.));
#4874 = VECTOR('',#4875,1.);
#4875 = DIRECTION('',(0.,0.,1.));
#4876 = ORIENTED_EDGE('',*,*,#4877,.T.);
#4877 = EDGE_CURVE('',#4870,#4870,#4878,.T.);
#4878 = CIRCLE('',#4879,1.5);
#4879 = AXIS2_PLACEMENT_3D('',#4880,#4881,#4882);
#4880 = CARTESIAN_POINT('',(12.7,4.6,7.));
#4881 = DIRECTION('',(0.,0.,1.));
#4882 = DIRECTION('',(1.,0.,-0.));
#4883 = ORIENTED_EDGE('',*,*,#4869,.T.);
#4884 = CYLINDRICAL_SURFACE('',#4885,1.5);
#4885 = AXIS2_PLACEMENT_3D('',#4886,#4887,#4888);
#4886 = CARTESIAN_POINT('',(12.7,4.6,7.));
#4887 = DIRECTION('',(0.,0.,1.));
#4888 = DIRECTION('',(1.,0.,-0.));
#4889 = ADVANCED_FACE('',(#4890),#4896,.F.);
#4890 = FACE_BOUND('',#4891,.F.);
#4891 = EDGE_LOOP('',(#4892,#4893,#4894,#4895));
#4892 = ORIENTED_EDGE('',*,*,#4612,.F.);
#4893 = ORIENTED_EDGE('',*,*,#4571,.T.);
#4894 = ORIENTED_EDGE('',*,*,#4547,.T.);
#4895 = ORIENTED_EDGE('',*,*,#4595,.F.);
#4896 = PLANE('',#4897);
#4897 = AXIS2_PLACEMENT_3D('',#4898,#4899,#4900);
#4898 = CARTESIAN_POINT('',(0.79,4.4,1.5));
#4899 = DIRECTION('',(-0.,1.,0.));
#4900 = DIRECTION('',(0.,0.,1.));
#4901 = ADVANCED_FACE('',(#4902),#4908,.F.);
#4902 = FACE_BOUND('',#4903,.F.);
#4903 = EDGE_LOOP('',(#4904,#4905,#4906,#4907));
#4904 = ORIENTED_EDGE('',*,*,#4708,.F.);
#4905 = ORIENTED_EDGE('',*,*,#4667,.T.);
#4906 = ORIENTED_EDGE('',*,*,#4643,.T.);
#4907 = ORIENTED_EDGE('',*,*,#4691,.F.);
#4908 = PLANE('',#4909);
#4909 = AXIS2_PLACEMENT_3D('',#4910,#4911,#4912);
#4910 = CARTESIAN_POINT('',(5.87,4.4,1.5));
#4911 = DIRECTION('',(-0.,1.,0.));
#4912 = DIRECTION('',(0.,0.,1.));
#4913 = ADVANCED_FACE('',(#4914),#4920,.F.);
#4914 = FACE_BOUND('',#4915,.F.);
#4915 = EDGE_LOOP('',(#4916,#4917,#4918,#4919));
#4916 = ORIENTED_EDGE('',*,*,#4787,.F.);
#4917 = ORIENTED_EDGE('',*,*,#4804,.T.);
#4918 = ORIENTED_EDGE('',*,*,#4739,.T.);
#4919 = ORIENTED_EDGE('',*,*,#4763,.F.);
#4920 = PLANE('',#4921);
#4921 = AXIS2_PLACEMENT_3D('',#4922,#4923,#4924);
#4922 = CARTESIAN_POINT('',(10.95,4.4,1.5));
#4923 = DIRECTION('',(-0.,1.,0.));
#4924 = DIRECTION('',(0.,0.,1.));
#4925 = ADVANCED_FACE('',(#4926),#4929,.T.);
#4926 = FACE_BOUND('',#4927,.F.);
#4927 = EDGE_LOOP('',(#4928));
#4928 = ORIENTED_EDGE('',*,*,#4827,.F.);
#4929 = PLANE('',#4930);
#4930 = AXIS2_PLACEMENT_3D('',#4931,#4932,#4933);
#4931 = CARTESIAN_POINT('',(2.54,4.6,7.));
#4932 = DIRECTION('',(0.,0.,1.));
#4933 = DIRECTION('',(1.,0.,-0.));
#4934 = ADVANCED_FACE('',(#4935),#4938,.T.);
#4935 = FACE_BOUND('',#4936,.F.);
#4936 = EDGE_LOOP('',(#4937));
#4937 = ORIENTED_EDGE('',*,*,#4852,.F.);
#4938 = PLANE('',#4939);
#4939 = AXIS2_PLACEMENT_3D('',#4940,#4941,#4942);
#4940 = CARTESIAN_POINT('',(7.62,4.6,7.));
#4941 = DIRECTION('',(0.,0.,1.));
#4942 = DIRECTION('',(1.,0.,-0.));
#4943 = ADVANCED_FACE('',(#4944),#4947,.T.);
#4944 = FACE_BOUND('',#4945,.F.);
#4945 = EDGE_LOOP('',(#4946));
#4946 = ORIENTED_EDGE('',*,*,#4877,.F.);
#4947 = PLANE('',#4948);
#4948 = AXIS2_PLACEMENT_3D('',#4949,#4950,#4951);
#4949 = CARTESIAN_POINT('',(12.7,4.6,7.));
#4950 = DIRECTION('',(0.,0.,1.));
#4951 = DIRECTION('',(1.,0.,-0.));
#4952 = ( GEOMETRIC_REPRESENTATION_CONTEXT(3) 
GLOBAL_UNCERTAINTY_ASSIGNED_CONTEXT((#4956)) 
GLOBAL_UNIT_ASSIGNED_CONTEXT((#4953,#4954,#4955)) REPRESENTATION_CONTEXT
('Context #1','3D Context with UNIT and UNCERTAINTY') );
#4953 = ( LENGTH_UNIT() NAMED_UNIT(*) SI_UNIT(.MILLI.,.METRE.) );
#4954 = ( NAMED_UNIT(*) PLANE_ANGLE_UNIT() SI_UNIT($,.RADIAN.) );
#4955 = ( NAMED_UNIT(*) SI_UNIT($,.STERADIAN.) SOLID_ANGLE_UNIT() );
#4956 = UNCERTAINTY_MEASURE_WITH_UNIT(LENGTH_MEASURE(1.E-07),#4953,
  'distance_accuracy_value','confusion accuracy');
#4957 = CONTEXT_DEPENDENT_SHAPE_REPRESENTATION(#4958,#4960);
#4958 = ( REPRESENTATION_RELATIONSHIP('','',#4240,#10) 
REPRESENTATION_RELATIONSHIP_WITH_TRANSFORMATION(#4959) 
SHAPE_REPRESENTATION_RELATIONSHIP() );
#4959 = ITEM_DEFINED_TRANSFORMATION('','',#11,#39);
#4960 = PRODUCT_DEFINITION_SHAPE('Placement','Placement of an item',
  #4961);
#4961 = NEXT_ASSEMBLY_USAGE_OCCURRENCE('7','TB_Power','',#5,#4235,$);
#4962 = PRODUCT_RELATED_PRODUCT_CATEGORY('part',$,(#4237));
#4963 = SHAPE_DEFINITION_REPRESENTATION(#4964,#4970);
#4964 = PRODUCT_DEFINITION_SHAPE('','',#4965);
#4965 = PRODUCT_DEFINITION('design','',#4966,#4969);
#4966 = PRODUCT_DEFINITION_FORMATION('','',#4967);
#4967 = PRODUCT('TB_Power_screws','TB_Power_screws','',(#4968));
#4968 = PRODUCT_CONTEXT('',#2,'mechanical');
#4969 = PRODUCT_DEFINITION_CONTEXT('part definition',#2,'design');
#4970 = SHAPE_REPRESENTATION('',(#11,#4971,#5170,#5369),#5568);
#4971 = MANIFOLD_SOLID_BREP('',#4972);
#4972 = CLOSED_SHELL('',(#4973,#5083,#5098,#5115,#5134,#5151,#5161));
#4973 = ADVANCED_FACE('',(#4974),#5078,.T.);
#4974 = FACE_BOUND('',#4975,.T.);
#4975 = EDGE_LOOP('',(#4976,#4987,#4995,#5004,#5012,#5019,#5020,#5029,
    #5037,#5046,#5054,#5063,#5072));
#4976 = ORIENTED_EDGE('',*,*,#4977,.F.);
#4977 = EDGE_CURVE('',#4978,#4980,#4982,.T.);
#4978 = VERTEX_POINT('',#4979);
#4979 = CARTESIAN_POINT('',(3.925640646055,4.8,9.5));
#4980 = VERTEX_POINT('',#4981);
#4981 = CARTESIAN_POINT('',(1.154359353945,4.8,9.5));
#4982 = CIRCLE('',#4983,1.4);
#4983 = AXIS2_PLACEMENT_3D('',#4984,#4985,#4986);
#4984 = CARTESIAN_POINT('',(2.54,4.6,9.5));
#4985 = DIRECTION('',(0.,0.,1.));
#4986 = DIRECTION('',(1.,0.,-0.));
#4987 = ORIENTED_EDGE('',*,*,#4988,.F.);
#4988 = EDGE_CURVE('',#4989,#4978,#4991,.T.);
#4989 = VERTEX_POINT('',#4990);
#4990 = CARTESIAN_POINT('',(3.925640646055,4.8,9.));
#4991 = LINE('',#4992,#4993);
#4992 = CARTESIAN_POINT('',(3.925640646055,4.8,6.5));
#4993 = VECTOR('',#4994,1.);
#4994 = DIRECTION('',(0.,0.,1.));
#4995 = ORIENTED_EDGE('',*,*,#4996,.F.);
#4996 = EDGE_CURVE('',#4997,#4989,#4999,.T.);
#4997 = VERTEX_POINT('',#4998);
#4998 = CARTESIAN_POINT('',(3.94,4.6,9.));
#4999 = CIRCLE('',#5000,1.4);
#5000 = AXIS2_PLACEMENT_3D('',#5001,#5002,#5003);
#5001 = CARTESIAN_POINT('',(2.54,4.6,9.));
#5002 = DIRECTION('',(0.,0.,1.));
#5003 = DIRECTION('',(1.,0.,-0.));
#5004 = ORIENTED_EDGE('',*,*,#5005,.F.);
#5005 = EDGE_CURVE('',#5006,#4997,#5008,.T.);
#5006 = VERTEX_POINT('',#5007);
#5007 = CARTESIAN_POINT('',(3.94,4.6,6.5));
#5008 = LINE('',#5009,#5010);
#5009 = CARTESIAN_POINT('',(3.94,4.6,6.5));
#5010 = VECTOR('',#5011,1.);
#5011 = DIRECTION('',(0.,0.,1.));
#5012 = ORIENTED_EDGE('',*,*,#5013,.T.);
#5013 = EDGE_CURVE('',#5006,#5006,#5014,.T.);
#5014 = CIRCLE('',#5015,1.4);
#5015 = AXIS2_PLACEMENT_3D('',#5016,#5017,#5018);
#5016 = CARTESIAN_POINT('',(2.54,4.6,6.5));
#5017 = DIRECTION('',(0.,0.,1.));
#5018 = DIRECTION('',(1.,0.,-0.));
#5019 = ORIENTED_EDGE('',*,*,#5005,.T.);
#5020 = ORIENTED_EDGE('',*,*,#5021,.F.);
#5021 = EDGE_CURVE('',#5022,#4997,#5024,.T.);
#5022 = VERTEX_POINT('',#5023);
#5023 = CARTESIAN_POINT('',(3.925640646055,4.4,9.));
#5024 = CIRCLE('',#5025,1.4);
#5025 = AXIS2_PLACEMENT_3D('',#5026,#5027,#5028);
#5026 = CARTESIAN_POINT('',(2.54,4.6,9.));
#5027 = DIRECTION('',(0.,0.,1.));
#5028 = DIRECTION('',(1.,0.,-0.));
#5029 = ORIENTED_EDGE('',*,*,#5030,.T.);
#5030 = EDGE_CURVE('',#5022,#5031,#5033,.T.);
#5031 = VERTEX_POINT('',#5032);
#5032 = CARTESIAN_POINT('',(3.925640646055,4.4,9.5));
#5033 = LINE('',#5034,#5035);
#5034 = CARTESIAN_POINT('',(3.925640646055,4.4,6.5));
#5035 = VECTOR('',#5036,1.);
#5036 = DIRECTION('',(0.,0.,1.));
#5037 = ORIENTED_EDGE('',*,*,#5038,.F.);
#5038 = EDGE_CURVE('',#5039,#5031,#5041,.T.);
#5039 = VERTEX_POINT('',#5040);
#5040 = CARTESIAN_POINT('',(1.154359353945,4.4,9.5));
#5041 = CIRCLE('',#5042,1.4);
#5042 = AXIS2_PLACEMENT_3D('',#5043,#5044,#5045);
#5043 = CARTESIAN_POINT('',(2.54,4.6,9.5));
#5044 = DIRECTION('',(0.,0.,1.));
#5045 = DIRECTION('',(1.,0.,-0.));
#5046 = ORIENTED_EDGE('',*,*,#5047,.F.);
#5047 = EDGE_CURVE('',#5048,#5039,#5050,.T.);
#5048 = VERTEX_POINT('',#5049);
#5049 = CARTESIAN_POINT('',(1.154359353945,4.4,9.));
#5050 = LINE('',#5051,#5052);
#5051 = CARTESIAN_POINT('',(1.154359353945,4.4,6.5));
#5052 = VECTOR('',#5053,1.);
#5053 = DIRECTION('',(0.,0.,1.));
#5054 = ORIENTED_EDGE('',*,*,#5055,.F.);
#5055 = EDGE_CURVE('',#5056,#5048,#5058,.T.);
#5056 = VERTEX_POINT('',#5057);
#5057 = CARTESIAN_POINT('',(1.14,4.6,9.));
#5058 = CIRCLE('',#5059,1.4);
#5059 = AXIS2_PLACEMENT_3D('',#5060,#5061,#5062);
#5060 = CARTESIAN_POINT('',(2.54,4.6,9.));
#5061 = DIRECTION('',(0.,0.,1.));
#5062 = DIRECTION('',(1.,0.,-0.));
#5063 = ORIENTED_EDGE('',*,*,#5064,.F.);
#5064 = EDGE_CURVE('',#5065,#5056,#5067,.T.);
#5065 = VERTEX_POINT('',#5066);
#5066 = CARTESIAN_POINT('',(1.154359353945,4.8,9.));
#5067 = CIRCLE('',#5068,1.4);
#5068 = AXIS2_PLACEMENT_3D('',#5069,#5070,#5071);
#5069 = CARTESIAN_POINT('',(2.54,4.6,9.));
#5070 = DIRECTION('',(0.,0.,1.));
#5071 = DIRECTION('',(1.,0.,-0.));
#5072 = ORIENTED_EDGE('',*,*,#5073,.T.);
#5073 = EDGE_CURVE('',#5065,#4980,#5074,.T.);
#5074 = LINE('',#5075,#5076);
#5075 = CARTESIAN_POINT('',(1.154359353945,4.8,6.5));
#5076 = VECTOR('',#5077,1.);
#5077 = DIRECTION('',(0.,0.,1.));
#5078 = CYLINDRICAL_SURFACE('',#5079,1.4);
#5079 = AXIS2_PLACEMENT_3D('',#5080,#5081,#5082);
#5080 = CARTESIAN_POINT('',(2.54,4.6,6.5));
#5081 = DIRECTION('',(0.,0.,1.));
#5082 = DIRECTION('',(1.,0.,-0.));
#5083 = ADVANCED_FACE('',(#5084),#5093,.T.);
#5084 = FACE_BOUND('',#5085,.T.);
#5085 = EDGE_LOOP('',(#5086,#5092));
#5086 = ORIENTED_EDGE('',*,*,#5087,.F.);
#5087 = EDGE_CURVE('',#4978,#4980,#5088,.T.);
#5088 = LINE('',#5089,#5090);
#5089 = CARTESIAN_POINT('',(1.84,4.8,9.5));
#5090 = VECTOR('',#5091,1.);
#5091 = DIRECTION('',(-1.,-0.,0.));
#5092 = ORIENTED_EDGE('',*,*,#4977,.T.);
#5093 = PLANE('',#5094);
#5094 = AXIS2_PLACEMENT_3D('',#5095,#5096,#5097);
#5095 = CARTESIAN_POINT('',(2.54,4.6,9.5));
#5096 = DIRECTION('',(0.,0.,1.));
#5097 = DIRECTION('',(1.,0.,-0.));
#5098 = ADVANCED_FACE('',(#5099),#5110,.F.);
#5099 = FACE_BOUND('',#5100,.F.);
#5100 = EDGE_LOOP('',(#5101,#5107,#5108,#5109));
#5101 = ORIENTED_EDGE('',*,*,#5102,.F.);
#5102 = EDGE_CURVE('',#5065,#4989,#5103,.T.);
#5103 = LINE('',#5104,#5105);
#5104 = CARTESIAN_POINT('',(1.14,4.8,9.));
#5105 = VECTOR('',#5106,1.);
#5106 = DIRECTION('',(1.,0.,-0.));
#5107 = ORIENTED_EDGE('',*,*,#5073,.T.);
#5108 = ORIENTED_EDGE('',*,*,#5087,.F.);
#5109 = ORIENTED_EDGE('',*,*,#4988,.F.);
#5110 = PLANE('',#5111);
#5111 = AXIS2_PLACEMENT_3D('',#5112,#5113,#5114);
#5112 = CARTESIAN_POINT('',(1.14,4.8,9.));
#5113 = DIRECTION('',(-0.,1.,0.));
#5114 = DIRECTION('',(0.,0.,1.));
#5115 = ADVANCED_FACE('',(#5116),#5129,.T.);
#5116 = FACE_BOUND('',#5117,.T.);
#5117 = EDGE_LOOP('',(#5118,#5119,#5120,#5126,#5127,#5128));
#5118 = ORIENTED_EDGE('',*,*,#5064,.T.);
#5119 = ORIENTED_EDGE('',*,*,#5055,.T.);
#5120 = ORIENTED_EDGE('',*,*,#5121,.T.);
#5121 = EDGE_CURVE('',#5048,#5022,#5122,.T.);
#5122 = LINE('',#5123,#5124);
#5123 = CARTESIAN_POINT('',(1.14,4.4,9.));
#5124 = VECTOR('',#5125,1.);
#5125 = DIRECTION('',(1.,0.,-0.));
#5126 = ORIENTED_EDGE('',*,*,#5021,.T.);
#5127 = ORIENTED_EDGE('',*,*,#4996,.T.);
#5128 = ORIENTED_EDGE('',*,*,#5102,.F.);
#5129 = PLANE('',#5130);
#5130 = AXIS2_PLACEMENT_3D('',#5131,#5132,#5133);
#5131 = CARTESIAN_POINT('',(1.14,4.4,9.));
#5132 = DIRECTION('',(0.,0.,1.));
#5133 = DIRECTION('',(1.,0.,-0.));
#5134 = ADVANCED_FACE('',(#5135),#5146,.T.);
#5135 = FACE_BOUND('',#5136,.T.);
#5136 = EDGE_LOOP('',(#5137,#5138,#5139,#5145));
#5137 = ORIENTED_EDGE('',*,*,#5121,.F.);
#5138 = ORIENTED_EDGE('',*,*,#5047,.T.);
#5139 = ORIENTED_EDGE('',*,*,#5140,.F.);
#5140 = EDGE_CURVE('',#5031,#5039,#5141,.T.);
#5141 = LINE('',#5142,#5143);
#5142 = CARTESIAN_POINT('',(1.84,4.4,9.5));
#5143 = VECTOR('',#5144,1.);
#5144 = DIRECTION('',(-1.,-0.,0.));
#5145 = ORIENTED_EDGE('',*,*,#5030,.F.);
#5146 = PLANE('',#5147);
#5147 = AXIS2_PLACEMENT_3D('',#5148,#5149,#5150);
#5148 = CARTESIAN_POINT('',(1.14,4.4,9.));
#5149 = DIRECTION('',(-0.,1.,0.));
#5150 = DIRECTION('',(0.,0.,1.));
#5151 = ADVANCED_FACE('',(#5152),#5156,.T.);
#5152 = FACE_BOUND('',#5153,.T.);
#5153 = EDGE_LOOP('',(#5154,#5155));
#5154 = ORIENTED_EDGE('',*,*,#5038,.T.);
#5155 = ORIENTED_EDGE('',*,*,#5140,.T.);
#5156 = PLANE('',#5157);
#5157 = AXIS2_PLACEMENT_3D('',#5158,#5159,#5160);
#5158 = CARTESIAN_POINT('',(2.54,4.6,9.5));
#5159 = DIRECTION('',(0.,0.,1.));
#5160 = DIRECTION('',(1.,0.,-0.));
#5161 = ADVANCED_FACE('',(#5162),#5165,.F.);
#5162 = FACE_BOUND('',#5163,.T.);
#5163 = EDGE_LOOP('',(#5164));
#5164 = ORIENTED_EDGE('',*,*,#5013,.F.);
#5165 = PLANE('',#5166);
#5166 = AXIS2_PLACEMENT_3D('',#5167,#5168,#5169);
#5167 = CARTESIAN_POINT('',(2.54,4.6,6.5));
#5168 = DIRECTION('',(0.,0.,1.));
#5169 = DIRECTION('',(1.,0.,-0.));
#5170 = MANIFOLD_SOLID_BREP('',#5171);
#5171 = CLOSED_SHELL('',(#5172,#5282,#5297,#5314,#5333,#5350,#5360));
#5172 = ADVANCED_FACE('',(#5173),#5277,.T.);
#5173 = FACE_BOUND('',#5174,.T.);
#5174 = EDGE_LOOP('',(#5175,#5186,#5194,#5203,#5211,#5218,#5219,#5228,
    #5236,#5245,#5253,#5262,#5271));
#5175 = ORIENTED_EDGE('',*,*,#5176,.F.);
#5176 = EDGE_CURVE('',#5177,#5179,#5181,.T.);
#5177 = VERTEX_POINT('',#5178);
#5178 = CARTESIAN_POINT('',(9.005640646055,4.8,9.5));
#5179 = VERTEX_POINT('',#5180);
#5180 = CARTESIAN_POINT('',(6.234359353945,4.8,9.5));
#5181 = CIRCLE('',#5182,1.4);
#5182 = AXIS2_PLACEMENT_3D('',#5183,#5184,#5185);
#5183 = CARTESIAN_POINT('',(7.62,4.6,9.5));
#5184 = DIRECTION('',(0.,0.,1.));
#5185 = DIRECTION('',(1.,0.,-0.));
#5186 = ORIENTED_EDGE('',*,*,#5187,.F.);
#5187 = EDGE_CURVE('',#5188,#5177,#5190,.T.);
#5188 = VERTEX_POINT('',#5189);
#5189 = CARTESIAN_POINT('',(9.005640646055,4.8,9.));
#5190 = LINE('',#5191,#5192);
#5191 = CARTESIAN_POINT('',(9.005640646055,4.8,6.5));
#5192 = VECTOR('',#5193,1.);
#5193 = DIRECTION('',(0.,0.,1.));
#5194 = ORIENTED_EDGE('',*,*,#5195,.F.);
#5195 = EDGE_CURVE('',#5196,#5188,#5198,.T.);
#5196 = VERTEX_POINT('',#5197);
#5197 = CARTESIAN_POINT('',(9.02,4.6,9.));
#5198 = CIRCLE('',#5199,1.4);
#5199 = AXIS2_PLACEMENT_3D('',#5200,#5201,#5202);
#5200 = CARTESIAN_POINT('',(7.62,4.6,9.));
#5201 = DIRECTION('',(0.,0.,1.));
#5202 = DIRECTION('',(1.,0.,-0.));
#5203 = ORIENTED_EDGE('',*,*,#5204,.F.);
#5204 = EDGE_CURVE('',#5205,#5196,#5207,.T.);
#5205 = VERTEX_POINT('',#5206);
#5206 = CARTESIAN_POINT('',(9.02,4.6,6.5));
#5207 = LINE('',#5208,#5209);
#5208 = CARTESIAN_POINT('',(9.02,4.6,6.5));
#5209 = VECTOR('',#5210,1.);
#5210 = DIRECTION('',(0.,0.,1.));
#5211 = ORIENTED_EDGE('',*,*,#5212,.T.);
#5212 = EDGE_CURVE('',#5205,#5205,#5213,.T.);
#5213 = CIRCLE('',#5214,1.4);
#5214 = AXIS2_PLACEMENT_3D('',#5215,#5216,#5217);
#5215 = CARTESIAN_POINT('',(7.62,4.6,6.5));
#5216 = DIRECTION('',(0.,0.,1.));
#5217 = DIRECTION('',(1.,0.,-0.));
#5218 = ORIENTED_EDGE('',*,*,#5204,.T.);
#5219 = ORIENTED_EDGE('',*,*,#5220,.F.);
#5220 = EDGE_CURVE('',#5221,#5196,#5223,.T.);
#5221 = VERTEX_POINT('',#5222);
#5222 = CARTESIAN_POINT('',(9.005640646055,4.4,9.));
#5223 = CIRCLE('',#5224,1.4);
#5224 = AXIS2_PLACEMENT_3D('',#5225,#5226,#5227);
#5225 = CARTESIAN_POINT('',(7.62,4.6,9.));
#5226 = DIRECTION('',(0.,0.,1.));
#5227 = DIRECTION('',(1.,0.,-0.));
#5228 = ORIENTED_EDGE('',*,*,#5229,.T.);
#5229 = EDGE_CURVE('',#5221,#5230,#5232,.T.);
#5230 = VERTEX_POINT('',#5231);
#5231 = CARTESIAN_POINT('',(9.005640646055,4.4,9.5));
#5232 = LINE('',#5233,#5234);
#5233 = CARTESIAN_POINT('',(9.005640646055,4.4,6.5));
#5234 = VECTOR('',#5235,1.);
#5235 = DIRECTION('',(0.,0.,1.));
#5236 = ORIENTED_EDGE('',*,*,#5237,.F.);
#5237 = EDGE_CURVE('',#5238,#5230,#5240,.T.);
#5238 = VERTEX_POINT('',#5239);
#5239 = CARTESIAN_POINT('',(6.234359353945,4.4,9.5));
#5240 = CIRCLE('',#5241,1.4);
#5241 = AXIS2_PLACEMENT_3D('',#5242,#5243,#5244);
#5242 = CARTESIAN_POINT('',(7.62,4.6,9.5));
#5243 = DIRECTION('',(0.,0.,1.));
#5244 = DIRECTION('',(1.,0.,-0.));
#5245 = ORIENTED_EDGE('',*,*,#5246,.F.);
#5246 = EDGE_CURVE('',#5247,#5238,#5249,.T.);
#5247 = VERTEX_POINT('',#5248);
#5248 = CARTESIAN_POINT('',(6.234359353945,4.4,9.));
#5249 = LINE('',#5250,#5251);
#5250 = CARTESIAN_POINT('',(6.234359353945,4.4,6.5));
#5251 = VECTOR('',#5252,1.);
#5252 = DIRECTION('',(0.,0.,1.));
#5253 = ORIENTED_EDGE('',*,*,#5254,.F.);
#5254 = EDGE_CURVE('',#5255,#5247,#5257,.T.);
#5255 = VERTEX_POINT('',#5256);
#5256 = CARTESIAN_POINT('',(6.22,4.6,9.));
#5257 = CIRCLE('',#5258,1.4);
#5258 = AXIS2_PLACEMENT_3D('',#5259,#5260,#5261);
#5259 = CARTESIAN_POINT('',(7.62,4.6,9.));
#5260 = DIRECTION('',(0.,0.,1.));
#5261 = DIRECTION('',(1.,0.,-0.));
#5262 = ORIENTED_EDGE('',*,*,#5263,.F.);
#5263 = EDGE_CURVE('',#5264,#5255,#5266,.T.);
#5264 = VERTEX_POINT('',#5265);
#5265 = CARTESIAN_POINT('',(6.234359353945,4.8,9.));
#5266 = CIRCLE('',#5267,1.4);
#5267 = AXIS2_PLACEMENT_3D('',#5268,#5269,#5270);
#5268 = CARTESIAN_POINT('',(7.62,4.6,9.));
#5269 = DIRECTION('',(0.,0.,1.));
#5270 = DIRECTION('',(1.,0.,-0.));
#5271 = ORIENTED_EDGE('',*,*,#5272,.T.);
#5272 = EDGE_CURVE('',#5264,#5179,#5273,.T.);
#5273 = LINE('',#5274,#5275);
#5274 = CARTESIAN_POINT('',(6.234359353945,4.8,6.5));
#5275 = VECTOR('',#5276,1.);
#5276 = DIRECTION('',(0.,0.,1.));
#5277 = CYLINDRICAL_SURFACE('',#5278,1.4);
#5278 = AXIS2_PLACEMENT_3D('',#5279,#5280,#5281);
#5279 = CARTESIAN_POINT('',(7.62,4.6,6.5));
#5280 = DIRECTION('',(0.,0.,1.));
#5281 = DIRECTION('',(1.,0.,-0.));
#5282 = ADVANCED_FACE('',(#5283),#5292,.T.);
#5283 = FACE_BOUND('',#5284,.T.);
#5284 = EDGE_LOOP('',(#5285,#5291));
#5285 = ORIENTED_EDGE('',*,*,#5286,.F.);
#5286 = EDGE_CURVE('',#5177,#5179,#5287,.T.);
#5287 = LINE('',#5288,#5289);
#5288 = CARTESIAN_POINT('',(6.92,4.8,9.5));
#5289 = VECTOR('',#5290,1.);
#5290 = DIRECTION('',(-1.,-0.,0.));
#5291 = ORIENTED_EDGE('',*,*,#5176,.T.);
#5292 = PLANE('',#5293);
#5293 = AXIS2_PLACEMENT_3D('',#5294,#5295,#5296);
#5294 = CARTESIAN_POINT('',(7.62,4.6,9.5));
#5295 = DIRECTION('',(0.,0.,1.));
#5296 = DIRECTION('',(1.,0.,-0.));
#5297 = ADVANCED_FACE('',(#5298),#5309,.F.);
#5298 = FACE_BOUND('',#5299,.F.);
#5299 = EDGE_LOOP('',(#5300,#5306,#5307,#5308));
#5300 = ORIENTED_EDGE('',*,*,#5301,.F.);
#5301 = EDGE_CURVE('',#5264,#5188,#5302,.T.);
#5302 = LINE('',#5303,#5304);
#5303 = CARTESIAN_POINT('',(6.22,4.8,9.));
#5304 = VECTOR('',#5305,1.);
#5305 = DIRECTION('',(1.,0.,-0.));
#5306 = ORIENTED_EDGE('',*,*,#5272,.T.);
#5307 = ORIENTED_EDGE('',*,*,#5286,.F.);
#5308 = ORIENTED_EDGE('',*,*,#5187,.F.);
#5309 = PLANE('',#5310);
#5310 = AXIS2_PLACEMENT_3D('',#5311,#5312,#5313);
#5311 = CARTESIAN_POINT('',(6.22,4.8,9.));
#5312 = DIRECTION('',(-0.,1.,0.));
#5313 = DIRECTION('',(0.,0.,1.));
#5314 = ADVANCED_FACE('',(#5315),#5328,.T.);
#5315 = FACE_BOUND('',#5316,.T.);
#5316 = EDGE_LOOP('',(#5317,#5318,#5319,#5325,#5326,#5327));
#5317 = ORIENTED_EDGE('',*,*,#5263,.T.);
#5318 = ORIENTED_EDGE('',*,*,#5254,.T.);
#5319 = ORIENTED_EDGE('',*,*,#5320,.T.);
#5320 = EDGE_CURVE('',#5247,#5221,#5321,.T.);
#5321 = LINE('',#5322,#5323);
#5322 = CARTESIAN_POINT('',(6.22,4.4,9.));
#5323 = VECTOR('',#5324,1.);
#5324 = DIRECTION('',(1.,0.,-0.));
#5325 = ORIENTED_EDGE('',*,*,#5220,.T.);
#5326 = ORIENTED_EDGE('',*,*,#5195,.T.);
#5327 = ORIENTED_EDGE('',*,*,#5301,.F.);
#5328 = PLANE('',#5329);
#5329 = AXIS2_PLACEMENT_3D('',#5330,#5331,#5332);
#5330 = CARTESIAN_POINT('',(6.22,4.4,9.));
#5331 = DIRECTION('',(0.,0.,1.));
#5332 = DIRECTION('',(1.,0.,-0.));
#5333 = ADVANCED_FACE('',(#5334),#5345,.T.);
#5334 = FACE_BOUND('',#5335,.T.);
#5335 = EDGE_LOOP('',(#5336,#5337,#5338,#5344));
#5336 = ORIENTED_EDGE('',*,*,#5320,.F.);
#5337 = ORIENTED_EDGE('',*,*,#5246,.T.);
#5338 = ORIENTED_EDGE('',*,*,#5339,.F.);
#5339 = EDGE_CURVE('',#5230,#5238,#5340,.T.);
#5340 = LINE('',#5341,#5342);
#5341 = CARTESIAN_POINT('',(6.92,4.4,9.5));
#5342 = VECTOR('',#5343,1.);
#5343 = DIRECTION('',(-1.,-0.,0.));
#5344 = ORIENTED_EDGE('',*,*,#5229,.F.);
#5345 = PLANE('',#5346);
#5346 = AXIS2_PLACEMENT_3D('',#5347,#5348,#5349);
#5347 = CARTESIAN_POINT('',(6.22,4.4,9.));
#5348 = DIRECTION('',(-0.,1.,0.));
#5349 = DIRECTION('',(0.,0.,1.));
#5350 = ADVANCED_FACE('',(#5351),#5355,.T.);
#5351 = FACE_BOUND('',#5352,.T.);
#5352 = EDGE_LOOP('',(#5353,#5354));
#5353 = ORIENTED_EDGE('',*,*,#5237,.T.);
#5354 = ORIENTED_EDGE('',*,*,#5339,.T.);
#5355 = PLANE('',#5356);
#5356 = AXIS2_PLACEMENT_3D('',#5357,#5358,#5359);
#5357 = CARTESIAN_POINT('',(7.62,4.6,9.5));
#5358 = DIRECTION('',(0.,0.,1.));
#5359 = DIRECTION('',(1.,0.,-0.));
#5360 = ADVANCED_FACE('',(#5361),#5364,.F.);
#5361 = FACE_BOUND('',#5362,.T.);
#5362 = EDGE_LOOP('',(#5363));
#5363 = ORIENTED_EDGE('',*,*,#5212,.F.);
#5364 = PLANE('',#5365);
#5365 = AXIS2_PLACEMENT_3D('',#5366,#5367,#5368);
#5366 = CARTESIAN_POINT('',(7.62,4.6,6.5));
#5367 = DIRECTION('',(0.,0.,1.));
#5368 = DIRECTION('',(1.,0.,-0.));
#5369 = MANIFOLD_SOLID_BREP('',#5370);
#5370 = CLOSED_SHELL('',(#5371,#5481,#5496,#5513,#5532,#5549,#5559));
#5371 = ADVANCED_FACE('',(#5372),#5476,.T.);
#5372 = FACE_BOUND('',#5373,.T.);
#5373 = EDGE_LOOP('',(#5374,#5385,#5393,#5402,#5410,#5417,#5418,#5427,
    #5435,#5444,#5452,#5461,#5470));
#5374 = ORIENTED_EDGE('',*,*,#5375,.F.);
#5375 = EDGE_CURVE('',#5376,#5378,#5380,.T.);
#5376 = VERTEX_POINT('',#5377);
#5377 = CARTESIAN_POINT('',(14.085640646055,4.8,9.5));
#5378 = VERTEX_POINT('',#5379);
#5379 = CARTESIAN_POINT('',(11.314359353945,4.8,9.5));
#5380 = CIRCLE('',#5381,1.4);
#5381 = AXIS2_PLACEMENT_3D('',#5382,#5383,#5384);
#5382 = CARTESIAN_POINT('',(12.7,4.6,9.5));
#5383 = DIRECTION('',(0.,0.,1.));
#5384 = DIRECTION('',(1.,0.,-0.));
#5385 = ORIENTED_EDGE('',*,*,#5386,.F.);
#5386 = EDGE_CURVE('',#5387,#5376,#5389,.T.);
#5387 = VERTEX_POINT('',#5388);
#5388 = CARTESIAN_POINT('',(14.085640646055,4.8,9.));
#5389 = LINE('',#5390,#5391);
#5390 = CARTESIAN_POINT('',(14.085640646055,4.8,6.5));
#5391 = VECTOR('',#5392,1.);
#5392 = DIRECTION('',(0.,0.,1.));
#5393 = ORIENTED_EDGE('',*,*,#5394,.F.);
#5394 = EDGE_CURVE('',#5395,#5387,#5397,.T.);
#5395 = VERTEX_POINT('',#5396);
#5396 = CARTESIAN_POINT('',(14.1,4.6,9.));
#5397 = CIRCLE('',#5398,1.4);
#5398 = AXIS2_PLACEMENT_3D('',#5399,#5400,#5401);
#5399 = CARTESIAN_POINT('',(12.7,4.6,9.));
#5400 = DIRECTION('',(0.,0.,1.));
#5401 = DIRECTION('',(1.,0.,-0.));
#5402 = ORIENTED_EDGE('',*,*,#5403,.F.);
#5403 = EDGE_CURVE('',#5404,#5395,#5406,.T.);
#5404 = VERTEX_POINT('',#5405);
#5405 = CARTESIAN_POINT('',(14.1,4.6,6.5));
#5406 = LINE('',#5407,#5408);
#5407 = CARTESIAN_POINT('',(14.1,4.6,6.5));
#5408 = VECTOR('',#5409,1.);
#5409 = DIRECTION('',(0.,0.,1.));
#5410 = ORIENTED_EDGE('',*,*,#5411,.T.);
#5411 = EDGE_CURVE('',#5404,#5404,#5412,.T.);
#5412 = CIRCLE('',#5413,1.4);
#5413 = AXIS2_PLACEMENT_3D('',#5414,#5415,#5416);
#5414 = CARTESIAN_POINT('',(12.7,4.6,6.5));
#5415 = DIRECTION('',(0.,0.,1.));
#5416 = DIRECTION('',(1.,0.,-0.));
#5417 = ORIENTED_EDGE('',*,*,#5403,.T.);
#5418 = ORIENTED_EDGE('',*,*,#5419,.F.);
#5419 = EDGE_CURVE('',#5420,#5395,#5422,.T.);
#5420 = VERTEX_POINT('',#5421);
#5421 = CARTESIAN_POINT('',(14.085640646055,4.4,9.));
#5422 = CIRCLE('',#5423,1.4);
#5423 = AXIS2_PLACEMENT_3D('',#5424,#5425,#5426);
#5424 = CARTESIAN_POINT('',(12.7,4.6,9.));
#5425 = DIRECTION('',(0.,0.,1.));
#5426 = DIRECTION('',(1.,0.,-0.));
#5427 = ORIENTED_EDGE('',*,*,#5428,.T.);
#5428 = EDGE_CURVE('',#5420,#5429,#5431,.T.);
#5429 = VERTEX_POINT('',#5430);
#5430 = CARTESIAN_POINT('',(14.085640646055,4.4,9.5));
#5431 = LINE('',#5432,#5433);
#5432 = CARTESIAN_POINT('',(14.085640646055,4.4,6.5));
#5433 = VECTOR('',#5434,1.);
#5434 = DIRECTION('',(0.,0.,1.));
#5435 = ORIENTED_EDGE('',*,*,#5436,.F.);
#5436 = EDGE_CURVE('',#5437,#5429,#5439,.T.);
#5437 = VERTEX_POINT('',#5438);
#5438 = CARTESIAN_POINT('',(11.314359353945,4.4,9.5));
#5439 = CIRCLE('',#5440,1.4);
#5440 = AXIS2_PLACEMENT_3D('',#5441,#5442,#5443);
#5441 = CARTESIAN_POINT('',(12.7,4.6,9.5));
#5442 = DIRECTION('',(0.,0.,1.));
#5443 = DIRECTION('',(1.,0.,-0.));
#5444 = ORIENTED_EDGE('',*,*,#5445,.F.);
#5445 = EDGE_CURVE('',#5446,#5437,#5448,.T.);
#5446 = VERTEX_POINT('',#5447);
#5447 = CARTESIAN_POINT('',(11.314359353945,4.4,9.));
#5448 = LINE('',#5449,#5450);
#5449 = CARTESIAN_POINT('',(11.314359353945,4.4,6.5));
#5450 = VECTOR('',#5451,1.);
#5451 = DIRECTION('',(0.,0.,1.));
#5452 = ORIENTED_EDGE('',*,*,#5453,.F.);
#5453 = EDGE_CURVE('',#5454,#5446,#5456,.T.);
#5454 = VERTEX_POINT('',#5455);
#5455 = CARTESIAN_POINT('',(11.3,4.6,9.));
#5456 = CIRCLE('',#5457,1.4);
#5457 = AXIS2_PLACEMENT_3D('',#5458,#5459,#5460);
#5458 = CARTESIAN_POINT('',(12.7,4.6,9.));
#5459 = DIRECTION('',(0.,0.,1.));
#5460 = DIRECTION('',(1.,0.,-0.));
#5461 = ORIENTED_EDGE('',*,*,#5462,.F.);
#5462 = EDGE_CURVE('',#5463,#5454,#5465,.T.);
#5463 = VERTEX_POINT('',#5464);
#5464 = CARTESIAN_POINT('',(11.314359353945,4.8,9.));
#5465 = CIRCLE('',#5466,1.4);
#5466 = AXIS2_PLACEMENT_3D('',#5467,#5468,#5469);
#5467 = CARTESIAN_POINT('',(12.7,4.6,9.));
#5468 = DIRECTION('',(0.,0.,1.));
#5469 = DIRECTION('',(1.,0.,-0.));
#5470 = ORIENTED_EDGE('',*,*,#5471,.T.);
#5471 = EDGE_CURVE('',#5463,#5378,#5472,.T.);
#5472 = LINE('',#5473,#5474);
#5473 = CARTESIAN_POINT('',(11.314359353945,4.8,6.5));
#5474 = VECTOR('',#5475,1.);
#5475 = DIRECTION('',(0.,0.,1.));
#5476 = CYLINDRICAL_SURFACE('',#5477,1.4);
#5477 = AXIS2_PLACEMENT_3D('',#5478,#5479,#5480);
#5478 = CARTESIAN_POINT('',(12.7,4.6,6.5));
#5479 = DIRECTION('',(0.,0.,1.));
#5480 = DIRECTION('',(1.,0.,-0.));
#5481 = ADVANCED_FACE('',(#5482),#5491,.T.);
#5482 = FACE_BOUND('',#5483,.T.);
#5483 = EDGE_LOOP('',(#5484,#5490));
#5484 = ORIENTED_EDGE('',*,*,#5485,.F.);
#5485 = EDGE_CURVE('',#5376,#5378,#5486,.T.);
#5486 = LINE('',#5487,#5488);
#5487 = CARTESIAN_POINT('',(12.,4.8,9.5));
#5488 = VECTOR('',#5489,1.);
#5489 = DIRECTION('',(-1.,-0.,0.));
#5490 = ORIENTED_EDGE('',*,*,#5375,.T.);
#5491 = PLANE('',#5492);
#5492 = AXIS2_PLACEMENT_3D('',#5493,#5494,#5495);
#5493 = CARTESIAN_POINT('',(12.7,4.6,9.5));
#5494 = DIRECTION('',(0.,0.,1.));
#5495 = DIRECTION('',(1.,0.,-0.));
#5496 = ADVANCED_FACE('',(#5497),#5508,.F.);
#5497 = FACE_BOUND('',#5498,.F.);
#5498 = EDGE_LOOP('',(#5499,#5505,#5506,#5507));
#5499 = ORIENTED_EDGE('',*,*,#5500,.F.);
#5500 = EDGE_CURVE('',#5463,#5387,#5501,.T.);
#5501 = LINE('',#5502,#5503);
#5502 = CARTESIAN_POINT('',(11.3,4.8,9.));
#5503 = VECTOR('',#5504,1.);
#5504 = DIRECTION('',(1.,0.,-0.));
#5505 = ORIENTED_EDGE('',*,*,#5471,.T.);
#5506 = ORIENTED_EDGE('',*,*,#5485,.F.);
#5507 = ORIENTED_EDGE('',*,*,#5386,.F.);
#5508 = PLANE('',#5509);
#5509 = AXIS2_PLACEMENT_3D('',#5510,#5511,#5512);
#5510 = CARTESIAN_POINT('',(11.3,4.8,9.));
#5511 = DIRECTION('',(-0.,1.,0.));
#5512 = DIRECTION('',(0.,0.,1.));
#5513 = ADVANCED_FACE('',(#5514),#5527,.T.);
#5514 = FACE_BOUND('',#5515,.T.);
#5515 = EDGE_LOOP('',(#5516,#5517,#5518,#5524,#5525,#5526));
#5516 = ORIENTED_EDGE('',*,*,#5462,.T.);
#5517 = ORIENTED_EDGE('',*,*,#5453,.T.);
#5518 = ORIENTED_EDGE('',*,*,#5519,.T.);
#5519 = EDGE_CURVE('',#5446,#5420,#5520,.T.);
#5520 = LINE('',#5521,#5522);
#5521 = CARTESIAN_POINT('',(11.3,4.4,9.));
#5522 = VECTOR('',#5523,1.);
#5523 = DIRECTION('',(1.,0.,-0.));
#5524 = ORIENTED_EDGE('',*,*,#5419,.T.);
#5525 = ORIENTED_EDGE('',*,*,#5394,.T.);
#5526 = ORIENTED_EDGE('',*,*,#5500,.F.);
#5527 = PLANE('',#5528);
#5528 = AXIS2_PLACEMENT_3D('',#5529,#5530,#5531);
#5529 = CARTESIAN_POINT('',(11.3,4.4,9.));
#5530 = DIRECTION('',(0.,0.,1.));
#5531 = DIRECTION('',(1.,0.,-0.));
#5532 = ADVANCED_FACE('',(#5533),#5544,.T.);
#5533 = FACE_BOUND('',#5534,.T.);
#5534 = EDGE_LOOP('',(#5535,#5536,#5537,#5543));
#5535 = ORIENTED_EDGE('',*,*,#5519,.F.);
#5536 = ORIENTED_EDGE('',*,*,#5445,.T.);
#5537 = ORIENTED_EDGE('',*,*,#5538,.F.);
#5538 = EDGE_CURVE('',#5429,#5437,#5539,.T.);
#5539 = LINE('',#5540,#5541);
#5540 = CARTESIAN_POINT('',(12.,4.4,9.5));
#5541 = VECTOR('',#5542,1.);
#5542 = DIRECTION('',(-1.,-0.,0.));
#5543 = ORIENTED_EDGE('',*,*,#5428,.F.);
#5544 = PLANE('',#5545);
#5545 = AXIS2_PLACEMENT_3D('',#5546,#5547,#5548);
#5546 = CARTESIAN_POINT('',(11.3,4.4,9.));
#5547 = DIRECTION('',(-0.,1.,0.));
#5548 = DIRECTION('',(0.,0.,1.));
#5549 = ADVANCED_FACE('',(#5550),#5554,.T.);
#5550 = FACE_BOUND('',#5551,.T.);
#5551 = EDGE_LOOP('',(#5552,#5553));
#5552 = ORIENTED_EDGE('',*,*,#5436,.T.);
#5553 = ORIENTED_EDGE('',*,*,#5538,.T.);
#5554 = PLANE('',#5555);
#5555 = AXIS2_PLACEMENT_3D('',#5556,#5557,#5558);
#5556 = CARTESIAN_POINT('',(12.7,4.6,9.5));
#5557 = DIRECTION('',(0.,0.,1.));
#5558 = DIRECTION('',(1.,0.,-0.));
#5559 = ADVANCED_FACE('',(#5560),#5563,.F.);
#5560 = FACE_BOUND('',#5561,.T.);
#5561 = EDGE_LOOP('',(#5562));
#5562 = ORIENTED_EDGE('',*,*,#5411,.F.);
#5563 = PLANE('',#5564);
#5564 = AXIS2_PLACEMENT_3D('',#5565,#5566,#5567);
#5565 = CARTESIAN_POINT('',(12.7,4.6,6.5));
#5566 = DIRECTION('',(0.,0.,1.));
#5567 = DIRECTION('',(1.,0.,-0.));
#5568 = ( GEOMETRIC_REPRESENTATION_CONTEXT(3) 
GLOBAL_UNCERTAINTY_ASSIGNED_CONTEXT((#5572)) 
GLOBAL_UNIT_ASSIGNED_CONTEXT((#5569,#5570,#5571)) REPRESENTATION_CONTEXT
('Context #1','3D Context with UNIT and UNCERTAINTY') );
#5569 = ( LENGTH_UNIT() NAMED_UNIT(*) SI_UNIT(.MILLI.,.METRE.) );
#5570 = ( NAMED_UNIT(*) PLANE_ANGLE_UNIT() SI_UNIT($,.RADIAN.) );
#5571 = ( NAMED_UNIT(*) SI_UNIT($,.STERADIAN.) SOLID_ANGLE_UNIT() );
#5572 = UNCERTAINTY_MEASURE_WITH_UNIT(LENGTH_MEASURE(1.E-07),#5569,
  'distance_accuracy_value','confusion accuracy');
#5573 = CONTEXT_DEPENDENT_SHAPE_REPRESENTATION(#5574,#5576);
#5574 = ( REPRESENTATION_RELATIONSHIP('','',#4970,#10) 
REPRESENTATION_RELATIONSHIP_WITH_TRANSFORMATION(#5575) 
SHAPE_REPRESENTATION_RELATIONSHIP() );
#5575 = ITEM_DEFINED_TRANSFORMATION('','',#11,#43);
#5576 = PRODUCT_DEFINITION_SHAPE('Placement','Placement of an item',
  #5577);
#5577 = NEXT_ASSEMBLY_USAGE_OCCURRENCE('8','TB_Power_screws','',#5,#4965
  ,$);
#5578 = PRODUCT_RELATED_PRODUCT_CATEGORY('part',$,(#4967));
#5579 = SHAPE_DEFINITION_REPRESENTATION(#5580,#5586);
#5580 = PRODUCT_DEFINITION_SHAPE('','',#5581);
#5581 = PRODUCT_DEFINITION('design','',#5582,#5585);
#5582 = PRODUCT_DEFINITION_FORMATION('','',#5583);
#5583 = PRODUCT('TB_OUT1_OUT2','TB_OUT1_OUT2','',(#5584));
#5584 = PRODUCT_CONTEXT('',#2,'mechanical');
#5585 = PRODUCT_DEFINITION_CONTEXT('part definition',#2,'design');
#5586 = ADVANCED_BREP_SHAPE_REPRESENTATION('',(#11,#5587),#6111);
#5587 = MANIFOLD_SOLID_BREP('',#5588);
#5588 = CLOSED_SHELL('',(#5589,#5629,#5728,#5774,#5798,#5815,#5827,#5858
    ,#5882,#5906,#5923,#5954,#5978,#6002,#6019,#6044,#6069,#6081,#6093,
    #6102));
#5589 = ADVANCED_FACE('',(#5590),#5624,.F.);
#5590 = FACE_BOUND('',#5591,.F.);
#5591 = EDGE_LOOP('',(#5592,#5602,#5610,#5618));
#5592 = ORIENTED_EDGE('',*,*,#5593,.F.);
#5593 = EDGE_CURVE('',#5594,#5596,#5598,.T.);
#5594 = VERTEX_POINT('',#5595);
#5595 = CARTESIAN_POINT('',(0.,0.,0.));
#5596 = VERTEX_POINT('',#5597);
#5597 = CARTESIAN_POINT('',(0.,0.,10.));
#5598 = LINE('',#5599,#5600);
#5599 = CARTESIAN_POINT('',(0.,0.,0.));
#5600 = VECTOR('',#5601,1.);
#5601 = DIRECTION('',(0.,0.,1.));
#5602 = ORIENTED_EDGE('',*,*,#5603,.T.);
#5603 = EDGE_CURVE('',#5594,#5604,#5606,.T.);
#5604 = VERTEX_POINT('',#5605);
#5605 = CARTESIAN_POINT('',(0.,7.6,0.));
#5606 = LINE('',#5607,#5608);
#5607 = CARTESIAN_POINT('',(0.,0.,0.));
#5608 = VECTOR('',#5609,1.);
#5609 = DIRECTION('',(-0.,1.,0.));
#5610 = ORIENTED_EDGE('',*,*,#5611,.T.);
#5611 = EDGE_CURVE('',#5604,#5612,#5614,.T.);
#5612 = VERTEX_POINT('',#5613);
#5613 = CARTESIAN_POINT('',(0.,7.6,10.));
#5614 = LINE('',#5615,#5616);
#5615 = CARTESIAN_POINT('',(0.,7.6,0.));
#5616 = VECTOR('',#5617,1.);
#5617 = DIRECTION('',(0.,0.,1.));
#5618 = ORIENTED_EDGE('',*,*,#5619,.F.);
#5619 = EDGE_CURVE('',#5596,#5612,#5620,.T.);
#5620 = LINE('',#5621,#5622);
#5621 = CARTESIAN_POINT('',(0.,0.,10.));
#5622 = VECTOR('',#5623,1.);
#5623 = DIRECTION('',(-0.,1.,0.));
#5624 = PLANE('',#5625);
#5625 = AXIS2_PLACEMENT_3D('',#5626,#5627,#5628);
#5626 = CARTESIAN_POINT('',(0.,0.,0.));
#5627 = DIRECTION('',(1.,0.,-0.));
#5628 = DIRECTION('',(0.,0.,1.));
#5629 = ADVANCED_FACE('',(#5630,#5655,#5689),#5723,.F.);
#5630 = FACE_BOUND('',#5631,.F.);
#5631 = EDGE_LOOP('',(#5632,#5640,#5641,#5649));
#5632 = ORIENTED_EDGE('',*,*,#5633,.F.);
#5633 = EDGE_CURVE('',#5594,#5634,#5636,.T.);
#5634 = VERTEX_POINT('',#5635);
#5635 = CARTESIAN_POINT('',(10.16,0.,0.));
#5636 = LINE('',#5637,#5638);
#5637 = CARTESIAN_POINT('',(0.,0.,0.));
#5638 = VECTOR('',#5639,1.);
#5639 = DIRECTION('',(1.,0.,-0.));
#5640 = ORIENTED_EDGE('',*,*,#5593,.T.);
#5641 = ORIENTED_EDGE('',*,*,#5642,.T.);
#5642 = EDGE_CURVE('',#5596,#5643,#5645,.T.);
#5643 = VERTEX_POINT('',#5644);
#5644 = CARTESIAN_POINT('',(10.16,0.,10.));
#5645 = LINE('',#5646,#5647);
#5646 = CARTESIAN_POINT('',(0.,0.,10.));
#5647 = VECTOR('',#5648,1.);
#5648 = DIRECTION('',(1.,0.,-0.));
#5649 = ORIENTED_EDGE('',*,*,#5650,.F.);
#5650 = EDGE_CURVE('',#5634,#5643,#5651,.T.);
#5651 = LINE('',#5652,#5653);
#5652 = CARTESIAN_POINT('',(10.16,0.,0.));
#5653 = VECTOR('',#5654,1.);
#5654 = DIRECTION('',(0.,0.,1.));
#5655 = FACE_BOUND('',#5656,.F.);
#5656 = EDGE_LOOP('',(#5657,#5667,#5675,#5683));
#5657 = ORIENTED_EDGE('',*,*,#5658,.F.);
#5658 = EDGE_CURVE('',#5659,#5661,#5663,.T.);
#5659 = VERTEX_POINT('',#5660);
#5660 = CARTESIAN_POINT('',(0.79,0.,5.));
#5661 = VERTEX_POINT('',#5662);
#5662 = CARTESIAN_POINT('',(4.29,0.,5.));
#5663 = LINE('',#5664,#5665);
#5664 = CARTESIAN_POINT('',(0.395,0.,5.));
#5665 = VECTOR('',#5666,1.);
#5666 = DIRECTION('',(1.,0.,-0.));
#5667 = ORIENTED_EDGE('',*,*,#5668,.T.);
#5668 = EDGE_CURVE('',#5659,#5669,#5671,.T.);
#5669 = VERTEX_POINT('',#5670);
#5670 = CARTESIAN_POINT('',(0.79,0.,1.5));
#5671 = LINE('',#5672,#5673);
#5672 = CARTESIAN_POINT('',(0.79,0.,0.75));
#5673 = VECTOR('',#5674,1.);
#5674 = DIRECTION('',(-0.,0.,-1.));
#5675 = ORIENTED_EDGE('',*,*,#5676,.T.);
#5676 = EDGE_CURVE('',#5669,#5677,#5679,.T.);
#5677 = VERTEX_POINT('',#5678);
#5678 = CARTESIAN_POINT('',(4.29,0.,1.5));
#5679 = LINE('',#5680,#5681);
#5680 = CARTESIAN_POINT('',(0.395,0.,1.5));
#5681 = VECTOR('',#5682,1.);
#5682 = DIRECTION('',(1.,0.,-0.));
#5683 = ORIENTED_EDGE('',*,*,#5684,.F.);
#5684 = EDGE_CURVE('',#5661,#5677,#5685,.T.);
#5685 = LINE('',#5686,#5687);
#5686 = CARTESIAN_POINT('',(4.29,0.,0.75));
#5687 = VECTOR('',#5688,1.);
#5688 = DIRECTION('',(-0.,0.,-1.));
#5689 = FACE_BOUND('',#5690,.F.);
#5690 = EDGE_LOOP('',(#5691,#5701,#5709,#5717));
#5691 = ORIENTED_EDGE('',*,*,#5692,.F.);
#5692 = EDGE_CURVE('',#5693,#5695,#5697,.T.);
#5693 = VERTEX_POINT('',#5694);
#5694 = CARTESIAN_POINT('',(5.87,0.,5.));
#5695 = VERTEX_POINT('',#5696);
#5696 = CARTESIAN_POINT('',(9.37,0.,5.));
#5697 = LINE('',#5698,#5699);
#5698 = CARTESIAN_POINT('',(2.935,0.,5.));
#5699 = VECTOR('',#5700,1.);
#5700 = DIRECTION('',(1.,0.,-0.));
#5701 = ORIENTED_EDGE('',*,*,#5702,.T.);
#5702 = EDGE_CURVE('',#5693,#5703,#5705,.T.);
#5703 = VERTEX_POINT('',#5704);
#5704 = CARTESIAN_POINT('',(5.87,0.,1.5));
#5705 = LINE('',#5706,#5707);
#5706 = CARTESIAN_POINT('',(5.87,0.,0.75));
#5707 = VECTOR('',#5708,1.);
#5708 = DIRECTION('',(-0.,0.,-1.));
#5709 = ORIENTED_EDGE('',*,*,#5710,.T.);
#5710 = EDGE_CURVE('',#5703,#5711,#5713,.T.);
#5711 = VERTEX_POINT('',#5712);
#5712 = CARTESIAN_POINT('',(9.37,0.,1.5));
#5713 = LINE('',#5714,#5715);
#5714 = CARTESIAN_POINT('',(2.935,0.,1.5));
#5715 = VECTOR('',#5716,1.);
#5716 = DIRECTION('',(1.,0.,-0.));
#5717 = ORIENTED_EDGE('',*,*,#5718,.F.);
#5718 = EDGE_CURVE('',#5695,#5711,#5719,.T.);
#5719 = LINE('',#5720,#5721);
#5720 = CARTESIAN_POINT('',(9.37,0.,0.75));
#5721 = VECTOR('',#5722,1.);
#5722 = DIRECTION('',(-0.,0.,-1.));
#5723 = PLANE('',#5724);
#5724 = AXIS2_PLACEMENT_3D('',#5725,#5726,#5727);
#5725 = CARTESIAN_POINT('',(0.,0.,0.));
#5726 = DIRECTION('',(-0.,1.,0.));
#5727 = DIRECTION('',(0.,0.,1.));
#5728 = ADVANCED_FACE('',(#5729,#5747,#5758),#5769,.T.);
#5729 = FACE_BOUND('',#5730,.T.);
#5730 = EDGE_LOOP('',(#5731,#5732,#5733,#5741));
#5731 = ORIENTED_EDGE('',*,*,#5619,.F.);
#5732 = ORIENTED_EDGE('',*,*,#5642,.T.);
#5733 = ORIENTED_EDGE('',*,*,#5734,.T.);
#5734 = EDGE_CURVE('',#5643,#5735,#5737,.T.);
#5735 = VERTEX_POINT('',#5736);
#5736 = CARTESIAN_POINT('',(10.16,7.6,10.));
#5737 = LINE('',#5738,#5739);
#5738 = CARTESIAN_POINT('',(10.16,0.,10.));
#5739 = VECTOR('',#5740,1.);
#5740 = DIRECTION('',(-0.,1.,0.));
#5741 = ORIENTED_EDGE('',*,*,#5742,.F.);
#5742 = EDGE_CURVE('',#5612,#5735,#5743,.T.);
#5743 = LINE('',#5744,#5745);
#5744 = CARTESIAN_POINT('',(0.,7.6,10.));
#5745 = VECTOR('',#5746,1.);
#5746 = DIRECTION('',(1.,0.,-0.));
#5747 = FACE_BOUND('',#5748,.T.);
#5748 = EDGE_LOOP('',(#5749));
#5749 = ORIENTED_EDGE('',*,*,#5750,.F.);
#5750 = EDGE_CURVE('',#5751,#5751,#5753,.T.);
#5751 = VERTEX_POINT('',#5752);
#5752 = CARTESIAN_POINT('',(4.04,4.6,10.));
#5753 = CIRCLE('',#5754,1.5);
#5754 = AXIS2_PLACEMENT_3D('',#5755,#5756,#5757);
#5755 = CARTESIAN_POINT('',(2.54,4.6,10.));
#5756 = DIRECTION('',(0.,0.,1.));
#5757 = DIRECTION('',(1.,0.,-0.));
#5758 = FACE_BOUND('',#5759,.T.);
#5759 = EDGE_LOOP('',(#5760));
#5760 = ORIENTED_EDGE('',*,*,#5761,.F.);
#5761 = EDGE_CURVE('',#5762,#5762,#5764,.T.);
#5762 = VERTEX_POINT('',#5763);
#5763 = CARTESIAN_POINT('',(9.12,4.6,10.));
#5764 = CIRCLE('',#5765,1.5);
#5765 = AXIS2_PLACEMENT_3D('',#5766,#5767,#5768);
#5766 = CARTESIAN_POINT('',(7.62,4.6,10.));
#5767 = DIRECTION('',(0.,0.,1.));
#5768 = DIRECTION('',(1.,0.,-0.));
#5769 = PLANE('',#5770);
#5770 = AXIS2_PLACEMENT_3D('',#5771,#5772,#5773);
#5771 = CARTESIAN_POINT('',(0.,0.,10.));
#5772 = DIRECTION('',(0.,0.,1.));
#5773 = DIRECTION('',(1.,0.,-0.));
#5774 = ADVANCED_FACE('',(#5775),#5793,.T.);
#5775 = FACE_BOUND('',#5776,.T.);
#5776 = EDGE_LOOP('',(#5777,#5785,#5786,#5787));
#5777 = ORIENTED_EDGE('',*,*,#5778,.F.);
#5778 = EDGE_CURVE('',#5604,#5779,#5781,.T.);
#5779 = VERTEX_POINT('',#5780);
#5780 = CARTESIAN_POINT('',(10.16,7.6,0.));
#5781 = LINE('',#5782,#5783);
#5782 = CARTESIAN_POINT('',(0.,7.6,0.));
#5783 = VECTOR('',#5784,1.);
#5784 = DIRECTION('',(1.,0.,-0.));
#5785 = ORIENTED_EDGE('',*,*,#5611,.T.);
#5786 = ORIENTED_EDGE('',*,*,#5742,.T.);
#5787 = ORIENTED_EDGE('',*,*,#5788,.F.);
#5788 = EDGE_CURVE('',#5779,#5735,#5789,.T.);
#5789 = LINE('',#5790,#5791);
#5790 = CARTESIAN_POINT('',(10.16,7.6,0.));
#5791 = VECTOR('',#5792,1.);
#5792 = DIRECTION('',(0.,0.,1.));
#5793 = PLANE('',#5794);
#5794 = AXIS2_PLACEMENT_3D('',#5795,#5796,#5797);
#5795 = CARTESIAN_POINT('',(0.,7.6,0.));
#5796 = DIRECTION('',(-0.,1.,0.));
#5797 = DIRECTION('',(0.,0.,1.));
#5798 = ADVANCED_FACE('',(#5799),#5810,.F.);
#5799 = FACE_BOUND('',#5800,.F.);
#5800 = EDGE_LOOP('',(#5801,#5802,#5803,#5809));
#5801 = ORIENTED_EDGE('',*,*,#5603,.F.);
#5802 = ORIENTED_EDGE('',*,*,#5633,.T.);
#5803 = ORIENTED_EDGE('',*,*,#5804,.T.);
#5804 = EDGE_CURVE('',#5634,#5779,#5805,.T.);
#5805 = LINE('',#5806,#5807);
#5806 = CARTESIAN_POINT('',(10.16,0.,0.));
#5807 = VECTOR('',#5808,1.);
#5808 = DIRECTION('',(-0.,1.,0.));
#5809 = ORIENTED_EDGE('',*,*,#5778,.F.);
#5810 = PLANE('',#5811);
#5811 = AXIS2_PLACEMENT_3D('',#5812,#5813,#5814);
#5812 = CARTESIAN_POINT('',(0.,0.,0.));
#5813 = DIRECTION('',(0.,0.,1.));
#5814 = DIRECTION('',(1.,0.,-0.));
#5815 = ADVANCED_FACE('',(#5816),#5822,.T.);
#5816 = FACE_BOUND('',#5817,.T.);
#5817 = EDGE_LOOP('',(#5818,#5819,#5820,#5821));
#5818 = ORIENTED_EDGE('',*,*,#5650,.F.);
#5819 = ORIENTED_EDGE('',*,*,#5804,.T.);
#5820 = ORIENTED_EDGE('',*,*,#5788,.T.);
#5821 = ORIENTED_EDGE('',*,*,#5734,.F.);
#5822 = PLANE('',#5823);
#5823 = AXIS2_PLACEMENT_3D('',#5824,#5825,#5826);
#5824 = CARTESIAN_POINT('',(10.16,0.,0.));
#5825 = DIRECTION('',(1.,0.,-0.));
#5826 = DIRECTION('',(0.,0.,1.));
#5827 = ADVANCED_FACE('',(#5828),#5853,.F.);
#5828 = FACE_BOUND('',#5829,.F.);
#5829 = EDGE_LOOP('',(#5830,#5838,#5839,#5847));
#5830 = ORIENTED_EDGE('',*,*,#5831,.F.);
#5831 = EDGE_CURVE('',#5659,#5832,#5834,.T.);
#5832 = VERTEX_POINT('',#5833);
#5833 = CARTESIAN_POINT('',(0.79,4.4,5.));
#5834 = LINE('',#5835,#5836);
#5835 = CARTESIAN_POINT('',(0.79,-0.1,5.));
#5836 = VECTOR('',#5837,1.);
#5837 = DIRECTION('',(-0.,1.,0.));
#5838 = ORIENTED_EDGE('',*,*,#5658,.T.);
#5839 = ORIENTED_EDGE('',*,*,#5840,.T.);
#5840 = EDGE_CURVE('',#5661,#5841,#5843,.T.);
#5841 = VERTEX_POINT('',#5842);
#5842 = CARTESIAN_POINT('',(4.29,4.4,5.));
#5843 = LINE('',#5844,#5845);
#5844 = CARTESIAN_POINT('',(4.29,-0.1,5.));
#5845 = VECTOR('',#5846,1.);
#5846 = DIRECTION('',(-0.,1.,0.));
#5847 = ORIENTED_EDGE('',*,*,#5848,.F.);
#5848 = EDGE_CURVE('',#5832,#5841,#5849,.T.);
#5849 = LINE('',#5850,#5851);
#5850 = CARTESIAN_POINT('',(0.79,4.4,5.));
#5851 = VECTOR('',#5852,1.);
#5852 = DIRECTION('',(1.,0.,-0.));
#5853 = PLANE('',#5854);
#5854 = AXIS2_PLACEMENT_3D('',#5855,#5856,#5857);
#5855 = CARTESIAN_POINT('',(0.79,-0.1,5.));
#5856 = DIRECTION('',(0.,0.,1.));
#5857 = DIRECTION('',(1.,0.,-0.));
#5858 = ADVANCED_FACE('',(#5859),#5877,.T.);
#5859 = FACE_BOUND('',#5860,.T.);
#5860 = EDGE_LOOP('',(#5861,#5862,#5863,#5871));
#5861 = ORIENTED_EDGE('',*,*,#5831,.F.);
#5862 = ORIENTED_EDGE('',*,*,#5668,.T.);
#5863 = ORIENTED_EDGE('',*,*,#5864,.T.);
#5864 = EDGE_CURVE('',#5669,#5865,#5867,.T.);
#5865 = VERTEX_POINT('',#5866);
#5866 = CARTESIAN_POINT('',(0.79,4.4,1.5));
#5867 = LINE('',#5868,#5869);
#5868 = CARTESIAN_POINT('',(0.79,-0.1,1.5));
#5869 = VECTOR('',#5870,1.);
#5870 = DIRECTION('',(-0.,1.,0.));
#5871 = ORIENTED_EDGE('',*,*,#5872,.T.);
#5872 = EDGE_CURVE('',#5865,#5832,#5873,.T.);
#5873 = LINE('',#5874,#5875);
#5874 = CARTESIAN_POINT('',(0.79,4.4,1.5));
#5875 = VECTOR('',#5876,1.);
#5876 = DIRECTION('',(0.,0.,1.));
#5877 = PLANE('',#5878);
#5878 = AXIS2_PLACEMENT_3D('',#5879,#5880,#5881);
#5879 = CARTESIAN_POINT('',(0.79,-0.1,1.5));
#5880 = DIRECTION('',(1.,0.,-0.));
#5881 = DIRECTION('',(0.,0.,1.));
#5882 = ADVANCED_FACE('',(#5883),#5901,.F.);
#5883 = FACE_BOUND('',#5884,.F.);
#5884 = EDGE_LOOP('',(#5885,#5886,#5887,#5895));
#5885 = ORIENTED_EDGE('',*,*,#5840,.F.);
#5886 = ORIENTED_EDGE('',*,*,#5684,.T.);
#5887 = ORIENTED_EDGE('',*,*,#5888,.T.);
#5888 = EDGE_CURVE('',#5677,#5889,#5891,.T.);
#5889 = VERTEX_POINT('',#5890);
#5890 = CARTESIAN_POINT('',(4.29,4.4,1.5));
#5891 = LINE('',#5892,#5893);
#5892 = CARTESIAN_POINT('',(4.29,-0.1,1.5));
#5893 = VECTOR('',#5894,1.);
#5894 = DIRECTION('',(-0.,1.,0.));
#5895 = ORIENTED_EDGE('',*,*,#5896,.T.);
#5896 = EDGE_CURVE('',#5889,#5841,#5897,.T.);
#5897 = LINE('',#5898,#5899);
#5898 = CARTESIAN_POINT('',(4.29,4.4,1.5));
#5899 = VECTOR('',#5900,1.);
#5900 = DIRECTION('',(0.,0.,1.));
#5901 = PLANE('',#5902);
#5902 = AXIS2_PLACEMENT_3D('',#5903,#5904,#5905);
#5903 = CARTESIAN_POINT('',(4.29,-0.1,1.5));
#5904 = DIRECTION('',(1.,0.,-0.));
#5905 = DIRECTION('',(0.,0.,1.));
#5906 = ADVANCED_FACE('',(#5907),#5918,.T.);
#5907 = FACE_BOUND('',#5908,.T.);
#5908 = EDGE_LOOP('',(#5909,#5910,#5911,#5912));
#5909 = ORIENTED_EDGE('',*,*,#5864,.F.);
#5910 = ORIENTED_EDGE('',*,*,#5676,.T.);
#5911 = ORIENTED_EDGE('',*,*,#5888,.T.);
#5912 = ORIENTED_EDGE('',*,*,#5913,.F.);
#5913 = EDGE_CURVE('',#5865,#5889,#5914,.T.);
#5914 = LINE('',#5915,#5916);
#5915 = CARTESIAN_POINT('',(0.79,4.4,1.5));
#5916 = VECTOR('',#5917,1.);
#5917 = DIRECTION('',(1.,0.,-0.));
#5918 = PLANE('',#5919);
#5919 = AXIS2_PLACEMENT_3D('',#5920,#5921,#5922);
#5920 = CARTESIAN_POINT('',(0.79,-0.1,1.5));
#5921 = DIRECTION('',(0.,0.,1.));
#5922 = DIRECTION('',(1.,0.,-0.));
#5923 = ADVANCED_FACE('',(#5924),#5949,.F.);
#5924 = FACE_BOUND('',#5925,.F.);
#5925 = EDGE_LOOP('',(#5926,#5934,#5935,#5943));
#5926 = ORIENTED_EDGE('',*,*,#5927,.F.);
#5927 = EDGE_CURVE('',#5693,#5928,#5930,.T.);
#5928 = VERTEX_POINT('',#5929);
#5929 = CARTESIAN_POINT('',(5.87,4.4,5.));
#5930 = LINE('',#5931,#5932);
#5931 = CARTESIAN_POINT('',(5.87,-0.1,5.));
#5932 = VECTOR('',#5933,1.);
#5933 = DIRECTION('',(-0.,1.,0.));
#5934 = ORIENTED_EDGE('',*,*,#5692,.T.);
#5935 = ORIENTED_EDGE('',*,*,#5936,.T.);
#5936 = EDGE_CURVE('',#5695,#5937,#5939,.T.);
#5937 = VERTEX_POINT('',#5938);
#5938 = CARTESIAN_POINT('',(9.37,4.4,5.));
#5939 = LINE('',#5940,#5941);
#5940 = CARTESIAN_POINT('',(9.37,-0.1,5.));
#5941 = VECTOR('',#5942,1.);
#5942 = DIRECTION('',(-0.,1.,0.));
#5943 = ORIENTED_EDGE('',*,*,#5944,.F.);
#5944 = EDGE_CURVE('',#5928,#5937,#5945,.T.);
#5945 = LINE('',#5946,#5947);
#5946 = CARTESIAN_POINT('',(5.87,4.4,5.));
#5947 = VECTOR('',#5948,1.);
#5948 = DIRECTION('',(1.,0.,-0.));
#5949 = PLANE('',#5950);
#5950 = AXIS2_PLACEMENT_3D('',#5951,#5952,#5953);
#5951 = CARTESIAN_POINT('',(5.87,-0.1,5.));
#5952 = DIRECTION('',(0.,0.,1.));
#5953 = DIRECTION('',(1.,0.,-0.));
#5954 = ADVANCED_FACE('',(#5955),#5973,.F.);
#5955 = FACE_BOUND('',#5956,.F.);
#5956 = EDGE_LOOP('',(#5957,#5958,#5959,#5967));
#5957 = ORIENTED_EDGE('',*,*,#5936,.F.);
#5958 = ORIENTED_EDGE('',*,*,#5718,.T.);
#5959 = ORIENTED_EDGE('',*,*,#5960,.T.);
#5960 = EDGE_CURVE('',#5711,#5961,#5963,.T.);
#5961 = VERTEX_POINT('',#5962);
#5962 = CARTESIAN_POINT('',(9.37,4.4,1.5));
#5963 = LINE('',#5964,#5965);
#5964 = CARTESIAN_POINT('',(9.37,-0.1,1.5));
#5965 = VECTOR('',#5966,1.);
#5966 = DIRECTION('',(-0.,1.,0.));
#5967 = ORIENTED_EDGE('',*,*,#5968,.T.);
#5968 = EDGE_CURVE('',#5961,#5937,#5969,.T.);
#5969 = LINE('',#5970,#5971);
#5970 = CARTESIAN_POINT('',(9.37,4.4,1.5));
#5971 = VECTOR('',#5972,1.);
#5972 = DIRECTION('',(0.,0.,1.));
#5973 = PLANE('',#5974);
#5974 = AXIS2_PLACEMENT_3D('',#5975,#5976,#5977);
#5975 = CARTESIAN_POINT('',(9.37,-0.1,1.5));
#5976 = DIRECTION('',(1.,0.,-0.));
#5977 = DIRECTION('',(0.,0.,1.));
#5978 = ADVANCED_FACE('',(#5979),#5997,.T.);
#5979 = FACE_BOUND('',#5980,.T.);
#5980 = EDGE_LOOP('',(#5981,#5989,#5990,#5991));
#5981 = ORIENTED_EDGE('',*,*,#5982,.F.);
#5982 = EDGE_CURVE('',#5703,#5983,#5985,.T.);
#5983 = VERTEX_POINT('',#5984);
#5984 = CARTESIAN_POINT('',(5.87,4.4,1.5));
#5985 = LINE('',#5986,#5987);
#5986 = CARTESIAN_POINT('',(5.87,-0.1,1.5));
#5987 = VECTOR('',#5988,1.);
#5988 = DIRECTION('',(-0.,1.,0.));
#5989 = ORIENTED_EDGE('',*,*,#5710,.T.);
#5990 = ORIENTED_EDGE('',*,*,#5960,.T.);
#5991 = ORIENTED_EDGE('',*,*,#5992,.F.);
#5992 = EDGE_CURVE('',#5983,#5961,#5993,.T.);
#5993 = LINE('',#5994,#5995);
#5994 = CARTESIAN_POINT('',(5.87,4.4,1.5));
#5995 = VECTOR('',#5996,1.);
#5996 = DIRECTION('',(1.,0.,-0.));
#5997 = PLANE('',#5998);
#5998 = AXIS2_PLACEMENT_3D('',#5999,#6000,#6001);
#5999 = CARTESIAN_POINT('',(5.87,-0.1,1.5));
#6000 = DIRECTION('',(0.,0.,1.));
#6001 = DIRECTION('',(1.,0.,-0.));
#6002 = ADVANCED_FACE('',(#6003),#6014,.T.);
#6003 = FACE_BOUND('',#6004,.T.);
#6004 = EDGE_LOOP('',(#6005,#6006,#6007,#6008));
#6005 = ORIENTED_EDGE('',*,*,#5927,.F.);
#6006 = ORIENTED_EDGE('',*,*,#5702,.T.);
#6007 = ORIENTED_EDGE('',*,*,#5982,.T.);
#6008 = ORIENTED_EDGE('',*,*,#6009,.T.);
#6009 = EDGE_CURVE('',#5983,#5928,#6010,.T.);
#6010 = LINE('',#6011,#6012);
#6011 = CARTESIAN_POINT('',(5.87,4.4,1.5));
#6012 = VECTOR('',#6013,1.);
#6013 = DIRECTION('',(0.,0.,1.));
#6014 = PLANE('',#6015);
#6015 = AXIS2_PLACEMENT_3D('',#6016,#6017,#6018);
#6016 = CARTESIAN_POINT('',(5.87,-0.1,1.5));
#6017 = DIRECTION('',(1.,0.,-0.));
#6018 = DIRECTION('',(0.,0.,1.));
#6019 = ADVANCED_FACE('',(#6020),#6039,.F.);
#6020 = FACE_BOUND('',#6021,.F.);
#6021 = EDGE_LOOP('',(#6022,#6023,#6031,#6038));
#6022 = ORIENTED_EDGE('',*,*,#5750,.F.);
#6023 = ORIENTED_EDGE('',*,*,#6024,.F.);
#6024 = EDGE_CURVE('',#6025,#5751,#6027,.T.);
#6025 = VERTEX_POINT('',#6026);
#6026 = CARTESIAN_POINT('',(4.04,4.6,7.));
#6027 = LINE('',#6028,#6029);
#6028 = CARTESIAN_POINT('',(4.04,4.6,7.));
#6029 = VECTOR('',#6030,1.);
#6030 = DIRECTION('',(0.,0.,1.));
#6031 = ORIENTED_EDGE('',*,*,#6032,.T.);
#6032 = EDGE_CURVE('',#6025,#6025,#6033,.T.);
#6033 = CIRCLE('',#6034,1.5);
#6034 = AXIS2_PLACEMENT_3D('',#6035,#6036,#6037);
#6035 = CARTESIAN_POINT('',(2.54,4.6,7.));
#6036 = DIRECTION('',(0.,0.,1.));
#6037 = DIRECTION('',(1.,0.,-0.));
#6038 = ORIENTED_EDGE('',*,*,#6024,.T.);
#6039 = CYLINDRICAL_SURFACE('',#6040,1.5);
#6040 = AXIS2_PLACEMENT_3D('',#6041,#6042,#6043);
#6041 = CARTESIAN_POINT('',(2.54,4.6,7.));
#6042 = DIRECTION('',(0.,0.,1.));
#6043 = DIRECTION('',(1.,0.,-0.));
#6044 = ADVANCED_FACE('',(#6045),#6064,.F.);
#6045 = FACE_BOUND('',#6046,.F.);
#6046 = EDGE_LOOP('',(#6047,#6048,#6056,#6063));
#6047 = ORIENTED_EDGE('',*,*,#5761,.F.);
#6048 = ORIENTED_EDGE('',*,*,#6049,.F.);
#6049 = EDGE_CURVE('',#6050,#5762,#6052,.T.);
#6050 = VERTEX_POINT('',#6051);
#6051 = CARTESIAN_POINT('',(9.12,4.6,7.));
#6052 = LINE('',#6053,#6054);
#6053 = CARTESIAN_POINT('',(9.12,4.6,7.));
#6054 = VECTOR('',#6055,1.);
#6055 = DIRECTION('',(0.,0.,1.));
#6056 = ORIENTED_EDGE('',*,*,#6057,.T.);
#6057 = EDGE_CURVE('',#6050,#6050,#6058,.T.);
#6058 = CIRCLE('',#6059,1.5);
#6059 = AXIS2_PLACEMENT_3D('',#6060,#6061,#6062);
#6060 = CARTESIAN_POINT('',(7.62,4.6,7.));
#6061 = DIRECTION('',(0.,0.,1.));
#6062 = DIRECTION('',(1.,0.,-0.));
#6063 = ORIENTED_EDGE('',*,*,#6049,.T.);
#6064 = CYLINDRICAL_SURFACE('',#6065,1.5);
#6065 = AXIS2_PLACEMENT_3D('',#6066,#6067,#6068);
#6066 = CARTESIAN_POINT('',(7.62,4.6,7.));
#6067 = DIRECTION('',(0.,0.,1.));
#6068 = DIRECTION('',(1.,0.,-0.));
#6069 = ADVANCED_FACE('',(#6070),#6076,.F.);
#6070 = FACE_BOUND('',#6071,.F.);
#6071 = EDGE_LOOP('',(#6072,#6073,#6074,#6075));
#6072 = ORIENTED_EDGE('',*,*,#5913,.F.);
#6073 = ORIENTED_EDGE('',*,*,#5872,.T.);
#6074 = ORIENTED_EDGE('',*,*,#5848,.T.);
#6075 = ORIENTED_EDGE('',*,*,#5896,.F.);
#6076 = PLANE('',#6077);
#6077 = AXIS2_PLACEMENT_3D('',#6078,#6079,#6080);
#6078 = CARTESIAN_POINT('',(0.79,4.4,1.5));
#6079 = DIRECTION('',(-0.,1.,0.));
#6080 = DIRECTION('',(0.,0.,1.));
#6081 = ADVANCED_FACE('',(#6082),#6088,.F.);
#6082 = FACE_BOUND('',#6083,.F.);
#6083 = EDGE_LOOP('',(#6084,#6085,#6086,#6087));
#6084 = ORIENTED_EDGE('',*,*,#5992,.F.);
#6085 = ORIENTED_EDGE('',*,*,#6009,.T.);
#6086 = ORIENTED_EDGE('',*,*,#5944,.T.);
#6087 = ORIENTED_EDGE('',*,*,#5968,.F.);
#6088 = PLANE('',#6089);
#6089 = AXIS2_PLACEMENT_3D('',#6090,#6091,#6092);
#6090 = CARTESIAN_POINT('',(5.87,4.4,1.5));
#6091 = DIRECTION('',(-0.,1.,0.));
#6092 = DIRECTION('',(0.,0.,1.));
#6093 = ADVANCED_FACE('',(#6094),#6097,.T.);
#6094 = FACE_BOUND('',#6095,.F.);
#6095 = EDGE_LOOP('',(#6096));
#6096 = ORIENTED_EDGE('',*,*,#6032,.F.);
#6097 = PLANE('',#6098);
#6098 = AXIS2_PLACEMENT_3D('',#6099,#6100,#6101);
#6099 = CARTESIAN_POINT('',(2.54,4.6,7.));
#6100 = DIRECTION('',(0.,0.,1.));
#6101 = DIRECTION('',(1.,0.,-0.));
#6102 = ADVANCED_FACE('',(#6103),#6106,.T.);
#6103 = FACE_BOUND('',#6104,.F.);
#6104 = EDGE_LOOP('',(#6105));
#6105 = ORIENTED_EDGE('',*,*,#6057,.F.);
#6106 = PLANE('',#6107);
#6107 = AXIS2_PLACEMENT_3D('',#6108,#6109,#6110);
#6108 = CARTESIAN_POINT('',(7.62,4.6,7.));
#6109 = DIRECTION('',(0.,0.,1.));
#6110 = DIRECTION('',(1.,0.,-0.));
#6111 = ( GEOMETRIC_REPRESENTATION_CONTEXT(3) 
GLOBAL_UNCERTAINTY_ASSIGNED_CONTEXT((#6115)) 
GLOBAL_UNIT_ASSIGNED_CONTEXT((#6112,#6113,#6114)) REPRESENTATION_CONTEXT
('Context #1','3D Context with UNIT and UNCERTAINTY') );
#6112 = ( LENGTH_UNIT() NAMED_UNIT(*) SI_UNIT(.MILLI.,.METRE.) );
#6113 = ( NAMED_UNIT(*) PLANE_ANGLE_UNIT() SI_UNIT($,.RADIAN.) );
#6114 = ( NAMED_UNIT(*) SI_UNIT($,.STERADIAN.) SOLID_ANGLE_UNIT() );
#6115 = UNCERTAINTY_MEASURE_WITH_UNIT(LENGTH_MEASURE(1.E-07),#6112,
  'distance_accuracy_value','confusion accuracy');
#6116 = CONTEXT_DEPENDENT_SHAPE_REPRESENTATION(#6117,#6119);
#6117 = ( REPRESENTATION_RELATIONSHIP('','',#5586,#10) 
REPRESENTATION_RELATIONSHIP_WITH_TRANSFORMATION(#6118) 
SHAPE_REPRESENTATION_RELATIONSHIP() );
#6118 = ITEM_DEFINED_TRANSFORMATION('','',#11,#47);
#6119 = PRODUCT_DEFINITION_SHAPE('Placement','Placement of an item',
  #6120);
#6120 = NEXT_ASSEMBLY_USAGE_OCCURRENCE('9','TB_OUT1_OUT2','',#5,#5581,$
  );
#6121 = PRODUCT_RELATED_PRODUCT_CATEGORY('part',$,(#5583));
#6122 = SHAPE_DEFINITION_REPRESENTATION(#6123,#6129);
#6123 = PRODUCT_DEFINITION_SHAPE('','',#6124);
#6124 = PRODUCT_DEFINITION('design','',#6125,#6128);
#6125 = PRODUCT_DEFINITION_FORMATION('','',#6126);
#6126 = PRODUCT('TB_OUT1_OUT2_screws','TB_OUT1_OUT2_screws','',(#6127));
#6127 = PRODUCT_CONTEXT('',#2,'mechanical');
#6128 = PRODUCT_DEFINITION_CONTEXT('part definition',#2,'design');
#6129 = SHAPE_REPRESENTATION('',(#11,#6130,#6329),#6528);
#6130 = MANIFOLD_SOLID_BREP('',#6131);
#6131 = CLOSED_SHELL('',(#6132,#6242,#6257,#6274,#6293,#6310,#6320));
#6132 = ADVANCED_FACE('',(#6133),#6237,.T.);
#6133 = FACE_BOUND('',#6134,.T.);
#6134 = EDGE_LOOP('',(#6135,#6146,#6154,#6163,#6171,#6178,#6179,#6188,
    #6196,#6205,#6213,#6222,#6231));
#6135 = ORIENTED_EDGE('',*,*,#6136,.F.);
#6136 = EDGE_CURVE('',#6137,#6139,#6141,.T.);
#6137 = VERTEX_POINT('',#6138);
#6138 = CARTESIAN_POINT('',(3.925640646055,4.8,9.5));
#6139 = VERTEX_POINT('',#6140);
#6140 = CARTESIAN_POINT('',(1.154359353945,4.8,9.5));
#6141 = CIRCLE('',#6142,1.4);
#6142 = AXIS2_PLACEMENT_3D('',#6143,#6144,#6145);
#6143 = CARTESIAN_POINT('',(2.54,4.6,9.5));
#6144 = DIRECTION('',(0.,0.,1.));
#6145 = DIRECTION('',(1.,0.,-0.));
#6146 = ORIENTED_EDGE('',*,*,#6147,.F.);
#6147 = EDGE_CURVE('',#6148,#6137,#6150,.T.);
#6148 = VERTEX_POINT('',#6149);
#6149 = CARTESIAN_POINT('',(3.925640646055,4.8,9.));
#6150 = LINE('',#6151,#6152);
#6151 = CARTESIAN_POINT('',(3.925640646055,4.8,6.5));
#6152 = VECTOR('',#6153,1.);
#6153 = DIRECTION('',(0.,0.,1.));
#6154 = ORIENTED_EDGE('',*,*,#6155,.F.);
#6155 = EDGE_CURVE('',#6156,#6148,#6158,.T.);
#6156 = VERTEX_POINT('',#6157);
#6157 = CARTESIAN_POINT('',(3.94,4.6,9.));
#6158 = CIRCLE('',#6159,1.4);
#6159 = AXIS2_PLACEMENT_3D('',#6160,#6161,#6162);
#6160 = CARTESIAN_POINT('',(2.54,4.6,9.));
#6161 = DIRECTION('',(0.,0.,1.));
#6162 = DIRECTION('',(1.,0.,-0.));
#6163 = ORIENTED_EDGE('',*,*,#6164,.F.);
#6164 = EDGE_CURVE('',#6165,#6156,#6167,.T.);
#6165 = VERTEX_POINT('',#6166);
#6166 = CARTESIAN_POINT('',(3.94,4.6,6.5));
#6167 = LINE('',#6168,#6169);
#6168 = CARTESIAN_POINT('',(3.94,4.6,6.5));
#6169 = VECTOR('',#6170,1.);
#6170 = DIRECTION('',(0.,0.,1.));
#6171 = ORIENTED_EDGE('',*,*,#6172,.T.);
#6172 = EDGE_CURVE('',#6165,#6165,#6173,.T.);
#6173 = CIRCLE('',#6174,1.4);
#6174 = AXIS2_PLACEMENT_3D('',#6175,#6176,#6177);
#6175 = CARTESIAN_POINT('',(2.54,4.6,6.5));
#6176 = DIRECTION('',(0.,0.,1.));
#6177 = DIRECTION('',(1.,0.,-0.));
#6178 = ORIENTED_EDGE('',*,*,#6164,.T.);
#6179 = ORIENTED_EDGE('',*,*,#6180,.F.);
#6180 = EDGE_CURVE('',#6181,#6156,#6183,.T.);
#6181 = VERTEX_POINT('',#6182);
#6182 = CARTESIAN_POINT('',(3.925640646055,4.4,9.));
#6183 = CIRCLE('',#6184,1.4);
#6184 = AXIS2_PLACEMENT_3D('',#6185,#6186,#6187);
#6185 = CARTESIAN_POINT('',(2.54,4.6,9.));
#6186 = DIRECTION('',(0.,0.,1.));
#6187 = DIRECTION('',(1.,0.,-0.));
#6188 = ORIENTED_EDGE('',*,*,#6189,.T.);
#6189 = EDGE_CURVE('',#6181,#6190,#6192,.T.);
#6190 = VERTEX_POINT('',#6191);
#6191 = CARTESIAN_POINT('',(3.925640646055,4.4,9.5));
#6192 = LINE('',#6193,#6194);
#6193 = CARTESIAN_POINT('',(3.925640646055,4.4,6.5));
#6194 = VECTOR('',#6195,1.);
#6195 = DIRECTION('',(0.,0.,1.));
#6196 = ORIENTED_EDGE('',*,*,#6197,.F.);
#6197 = EDGE_CURVE('',#6198,#6190,#6200,.T.);
#6198 = VERTEX_POINT('',#6199);
#6199 = CARTESIAN_POINT('',(1.154359353945,4.4,9.5));
#6200 = CIRCLE('',#6201,1.4);
#6201 = AXIS2_PLACEMENT_3D('',#6202,#6203,#6204);
#6202 = CARTESIAN_POINT('',(2.54,4.6,9.5));
#6203 = DIRECTION('',(0.,0.,1.));
#6204 = DIRECTION('',(1.,0.,-0.));
#6205 = ORIENTED_EDGE('',*,*,#6206,.F.);
#6206 = EDGE_CURVE('',#6207,#6198,#6209,.T.);
#6207 = VERTEX_POINT('',#6208);
#6208 = CARTESIAN_POINT('',(1.154359353945,4.4,9.));
#6209 = LINE('',#6210,#6211);
#6210 = CARTESIAN_POINT('',(1.154359353945,4.4,6.5));
#6211 = VECTOR('',#6212,1.);
#6212 = DIRECTION('',(0.,0.,1.));
#6213 = ORIENTED_EDGE('',*,*,#6214,.F.);
#6214 = EDGE_CURVE('',#6215,#6207,#6217,.T.);
#6215 = VERTEX_POINT('',#6216);
#6216 = CARTESIAN_POINT('',(1.14,4.6,9.));
#6217 = CIRCLE('',#6218,1.4);
#6218 = AXIS2_PLACEMENT_3D('',#6219,#6220,#6221);
#6219 = CARTESIAN_POINT('',(2.54,4.6,9.));
#6220 = DIRECTION('',(0.,0.,1.));
#6221 = DIRECTION('',(1.,0.,-0.));
#6222 = ORIENTED_EDGE('',*,*,#6223,.F.);
#6223 = EDGE_CURVE('',#6224,#6215,#6226,.T.);
#6224 = VERTEX_POINT('',#6225);
#6225 = CARTESIAN_POINT('',(1.154359353945,4.8,9.));
#6226 = CIRCLE('',#6227,1.4);
#6227 = AXIS2_PLACEMENT_3D('',#6228,#6229,#6230);
#6228 = CARTESIAN_POINT('',(2.54,4.6,9.));
#6229 = DIRECTION('',(0.,0.,1.));
#6230 = DIRECTION('',(1.,0.,-0.));
#6231 = ORIENTED_EDGE('',*,*,#6232,.T.);
#6232 = EDGE_CURVE('',#6224,#6139,#6233,.T.);
#6233 = LINE('',#6234,#6235);
#6234 = CARTESIAN_POINT('',(1.154359353945,4.8,6.5));
#6235 = VECTOR('',#6236,1.);
#6236 = DIRECTION('',(0.,0.,1.));
#6237 = CYLINDRICAL_SURFACE('',#6238,1.4);
#6238 = AXIS2_PLACEMENT_3D('',#6239,#6240,#6241);
#6239 = CARTESIAN_POINT('',(2.54,4.6,6.5));
#6240 = DIRECTION('',(0.,0.,1.));
#6241 = DIRECTION('',(1.,0.,-0.));
#6242 = ADVANCED_FACE('',(#6243),#6252,.T.);
#6243 = FACE_BOUND('',#6244,.T.);
#6244 = EDGE_LOOP('',(#6245,#6251));
#6245 = ORIENTED_EDGE('',*,*,#6246,.F.);
#6246 = EDGE_CURVE('',#6137,#6139,#6247,.T.);
#6247 = LINE('',#6248,#6249);
#6248 = CARTESIAN_POINT('',(1.84,4.8,9.5));
#6249 = VECTOR('',#6250,1.);
#6250 = DIRECTION('',(-1.,-0.,0.));
#6251 = ORIENTED_EDGE('',*,*,#6136,.T.);
#6252 = PLANE('',#6253);
#6253 = AXIS2_PLACEMENT_3D('',#6254,#6255,#6256);
#6254 = CARTESIAN_POINT('',(2.54,4.6,9.5));
#6255 = DIRECTION('',(0.,0.,1.));
#6256 = DIRECTION('',(1.,0.,-0.));
#6257 = ADVANCED_FACE('',(#6258),#6269,.F.);
#6258 = FACE_BOUND('',#6259,.F.);
#6259 = EDGE_LOOP('',(#6260,#6266,#6267,#6268));
#6260 = ORIENTED_EDGE('',*,*,#6261,.F.);
#6261 = EDGE_CURVE('',#6224,#6148,#6262,.T.);
#6262 = LINE('',#6263,#6264);
#6263 = CARTESIAN_POINT('',(1.14,4.8,9.));
#6264 = VECTOR('',#6265,1.);
#6265 = DIRECTION('',(1.,0.,-0.));
#6266 = ORIENTED_EDGE('',*,*,#6232,.T.);
#6267 = ORIENTED_EDGE('',*,*,#6246,.F.);
#6268 = ORIENTED_EDGE('',*,*,#6147,.F.);
#6269 = PLANE('',#6270);
#6270 = AXIS2_PLACEMENT_3D('',#6271,#6272,#6273);
#6271 = CARTESIAN_POINT('',(1.14,4.8,9.));
#6272 = DIRECTION('',(-0.,1.,0.));
#6273 = DIRECTION('',(0.,0.,1.));
#6274 = ADVANCED_FACE('',(#6275),#6288,.T.);
#6275 = FACE_BOUND('',#6276,.T.);
#6276 = EDGE_LOOP('',(#6277,#6278,#6279,#6285,#6286,#6287));
#6277 = ORIENTED_EDGE('',*,*,#6223,.T.);
#6278 = ORIENTED_EDGE('',*,*,#6214,.T.);
#6279 = ORIENTED_EDGE('',*,*,#6280,.T.);
#6280 = EDGE_CURVE('',#6207,#6181,#6281,.T.);
#6281 = LINE('',#6282,#6283);
#6282 = CARTESIAN_POINT('',(1.14,4.4,9.));
#6283 = VECTOR('',#6284,1.);
#6284 = DIRECTION('',(1.,0.,-0.));
#6285 = ORIENTED_EDGE('',*,*,#6180,.T.);
#6286 = ORIENTED_EDGE('',*,*,#6155,.T.);
#6287 = ORIENTED_EDGE('',*,*,#6261,.F.);
#6288 = PLANE('',#6289);
#6289 = AXIS2_PLACEMENT_3D('',#6290,#6291,#6292);
#6290 = CARTESIAN_POINT('',(1.14,4.4,9.));
#6291 = DIRECTION('',(0.,0.,1.));
#6292 = DIRECTION('',(1.,0.,-0.));
#6293 = ADVANCED_FACE('',(#6294),#6305,.T.);
#6294 = FACE_BOUND('',#6295,.T.);
#6295 = EDGE_LOOP('',(#6296,#6297,#6298,#6304));
#6296 = ORIENTED_EDGE('',*,*,#6280,.F.);
#6297 = ORIENTED_EDGE('',*,*,#6206,.T.);
#6298 = ORIENTED_EDGE('',*,*,#6299,.F.);
#6299 = EDGE_CURVE('',#6190,#6198,#6300,.T.);
#6300 = LINE('',#6301,#6302);
#6301 = CARTESIAN_POINT('',(1.84,4.4,9.5));
#6302 = VECTOR('',#6303,1.);
#6303 = DIRECTION('',(-1.,-0.,0.));
#6304 = ORIENTED_EDGE('',*,*,#6189,.F.);
#6305 = PLANE('',#6306);
#6306 = AXIS2_PLACEMENT_3D('',#6307,#6308,#6309);
#6307 = CARTESIAN_POINT('',(1.14,4.4,9.));
#6308 = DIRECTION('',(-0.,1.,0.));
#6309 = DIRECTION('',(0.,0.,1.));
#6310 = ADVANCED_FACE('',(#6311),#6315,.T.);
#6311 = FACE_BOUND('',#6312,.T.);
#6312 = EDGE_LOOP('',(#6313,#6314));
#6313 = ORIENTED_EDGE('',*,*,#6197,.T.);
#6314 = ORIENTED_EDGE('',*,*,#6299,.T.);
#6315 = PLANE('',#6316);
#6316 = AXIS2_PLACEMENT_3D('',#6317,#6318,#6319);
#6317 = CARTESIAN_POINT('',(2.54,4.6,9.5));
#6318 = DIRECTION('',(0.,0.,1.));
#6319 = DIRECTION('',(1.,0.,-0.));
#6320 = ADVANCED_FACE('',(#6321),#6324,.F.);
#6321 = FACE_BOUND('',#6322,.T.);
#6322 = EDGE_LOOP('',(#6323));
#6323 = ORIENTED_EDGE('',*,*,#6172,.F.);
#6324 = PLANE('',#6325);
#6325 = AXIS2_PLACEMENT_3D('',#6326,#6327,#6328);
#6326 = CARTESIAN_POINT('',(2.54,4.6,6.5));
#6327 = DIRECTION('',(0.,0.,1.));
#6328 = DIRECTION('',(1.,0.,-0.));
#6329 = MANIFOLD_SOLID_BREP('',#6330);
#6330 = CLOSED_SHELL('',(#6331,#6441,#6456,#6473,#6492,#6509,#6519));
#6331 = ADVANCED_FACE('',(#6332),#6436,.T.);
#6332 = FACE_BOUND('',#6333,.T.);
#6333 = EDGE_LOOP('',(#6334,#6345,#6353,#6362,#6370,#6377,#6378,#6387,
    #6395,#6404,#6412,#6421,#6430));
#6334 = ORIENTED_EDGE('',*,*,#6335,.F.);
#6335 = EDGE_CURVE('',#6336,#6338,#6340,.T.);
#6336 = VERTEX_POINT('',#6337);
#6337 = CARTESIAN_POINT('',(9.005640646055,4.8,9.5));
#6338 = VERTEX_POINT('',#6339);
#6339 = CARTESIAN_POINT('',(6.234359353945,4.8,9.5));
#6340 = CIRCLE('',#6341,1.4);
#6341 = AXIS2_PLACEMENT_3D('',#6342,#6343,#6344);
#6342 = CARTESIAN_POINT('',(7.62,4.6,9.5));
#6343 = DIRECTION('',(0.,0.,1.));
#6344 = DIRECTION('',(1.,0.,-0.));
#6345 = ORIENTED_EDGE('',*,*,#6346,.F.);
#6346 = EDGE_CURVE('',#6347,#6336,#6349,.T.);
#6347 = VERTEX_POINT('',#6348);
#6348 = CARTESIAN_POINT('',(9.005640646055,4.8,9.));
#6349 = LINE('',#6350,#6351);
#6350 = CARTESIAN_POINT('',(9.005640646055,4.8,6.5));
#6351 = VECTOR('',#6352,1.);
#6352 = DIRECTION('',(0.,0.,1.));
#6353 = ORIENTED_EDGE('',*,*,#6354,.F.);
#6354 = EDGE_CURVE('',#6355,#6347,#6357,.T.);
#6355 = VERTEX_POINT('',#6356);
#6356 = CARTESIAN_POINT('',(9.02,4.6,9.));
#6357 = CIRCLE('',#6358,1.4);
#6358 = AXIS2_PLACEMENT_3D('',#6359,#6360,#6361);
#6359 = CARTESIAN_POINT('',(7.62,4.6,9.));
#6360 = DIRECTION('',(0.,0.,1.));
#6361 = DIRECTION('',(1.,0.,-0.));
#6362 = ORIENTED_EDGE('',*,*,#6363,.F.);
#6363 = EDGE_CURVE('',#6364,#6355,#6366,.T.);
#6364 = VERTEX_POINT('',#6365);
#6365 = CARTESIAN_POINT('',(9.02,4.6,6.5));
#6366 = LINE('',#6367,#6368);
#6367 = CARTESIAN_POINT('',(9.02,4.6,6.5));
#6368 = VECTOR('',#6369,1.);
#6369 = DIRECTION('',(0.,0.,1.));
#6370 = ORIENTED_EDGE('',*,*,#6371,.T.);
#6371 = EDGE_CURVE('',#6364,#6364,#6372,.T.);
#6372 = CIRCLE('',#6373,1.4);
#6373 = AXIS2_PLACEMENT_3D('',#6374,#6375,#6376);
#6374 = CARTESIAN_POINT('',(7.62,4.6,6.5));
#6375 = DIRECTION('',(0.,0.,1.));
#6376 = DIRECTION('',(1.,0.,-0.));
#6377 = ORIENTED_EDGE('',*,*,#6363,.T.);
#6378 = ORIENTED_EDGE('',*,*,#6379,.F.);
#6379 = EDGE_CURVE('',#6380,#6355,#6382,.T.);
#6380 = VERTEX_POINT('',#6381);
#6381 = CARTESIAN_POINT('',(9.005640646055,4.4,9.));
#6382 = CIRCLE('',#6383,1.4);
#6383 = AXIS2_PLACEMENT_3D('',#6384,#6385,#6386);
#6384 = CARTESIAN_POINT('',(7.62,4.6,9.));
#6385 = DIRECTION('',(0.,0.,1.));
#6386 = DIRECTION('',(1.,0.,-0.));
#6387 = ORIENTED_EDGE('',*,*,#6388,.T.);
#6388 = EDGE_CURVE('',#6380,#6389,#6391,.T.);
#6389 = VERTEX_POINT('',#6390);
#6390 = CARTESIAN_POINT('',(9.005640646055,4.4,9.5));
#6391 = LINE('',#6392,#6393);
#6392 = CARTESIAN_POINT('',(9.005640646055,4.4,6.5));
#6393 = VECTOR('',#6394,1.);
#6394 = DIRECTION('',(0.,0.,1.));
#6395 = ORIENTED_EDGE('',*,*,#6396,.F.);
#6396 = EDGE_CURVE('',#6397,#6389,#6399,.T.);
#6397 = VERTEX_POINT('',#6398);
#6398 = CARTESIAN_POINT('',(6.234359353945,4.4,9.5));
#6399 = CIRCLE('',#6400,1.4);
#6400 = AXIS2_PLACEMENT_3D('',#6401,#6402,#6403);
#6401 = CARTESIAN_POINT('',(7.62,4.6,9.5));
#6402 = DIRECTION('',(0.,0.,1.));
#6403 = DIRECTION('',(1.,0.,-0.));
#6404 = ORIENTED_EDGE('',*,*,#6405,.F.);
#6405 = EDGE_CURVE('',#6406,#6397,#6408,.T.);
#6406 = VERTEX_POINT('',#6407);
#6407 = CARTESIAN_POINT('',(6.234359353945,4.4,9.));
#6408 = LINE('',#6409,#6410);
#6409 = CARTESIAN_POINT('',(6.234359353945,4.4,6.5));
#6410 = VECTOR('',#6411,1.);
#6411 = DIRECTION('',(0.,0.,1.));
#6412 = ORIENTED_EDGE('',*,*,#6413,.F.);
#6413 = EDGE_CURVE('',#6414,#6406,#6416,.T.);
#6414 = VERTEX_POINT('',#6415);
#6415 = CARTESIAN_POINT('',(6.22,4.6,9.));
#6416 = CIRCLE('',#6417,1.4);
#6417 = AXIS2_PLACEMENT_3D('',#6418,#6419,#6420);
#6418 = CARTESIAN_POINT('',(7.62,4.6,9.));
#6419 = DIRECTION('',(0.,0.,1.));
#6420 = DIRECTION('',(1.,0.,-0.));
#6421 = ORIENTED_EDGE('',*,*,#6422,.F.);
#6422 = EDGE_CURVE('',#6423,#6414,#6425,.T.);
#6423 = VERTEX_POINT('',#6424);
#6424 = CARTESIAN_POINT('',(6.234359353945,4.8,9.));
#6425 = CIRCLE('',#6426,1.4);
#6426 = AXIS2_PLACEMENT_3D('',#6427,#6428,#6429);
#6427 = CARTESIAN_POINT('',(7.62,4.6,9.));
#6428 = DIRECTION('',(0.,0.,1.));
#6429 = DIRECTION('',(1.,0.,-0.));
#6430 = ORIENTED_EDGE('',*,*,#6431,.T.);
#6431 = EDGE_CURVE('',#6423,#6338,#6432,.T.);
#6432 = LINE('',#6433,#6434);
#6433 = CARTESIAN_POINT('',(6.234359353945,4.8,6.5));
#6434 = VECTOR('',#6435,1.);
#6435 = DIRECTION('',(0.,0.,1.));
#6436 = CYLINDRICAL_SURFACE('',#6437,1.4);
#6437 = AXIS2_PLACEMENT_3D('',#6438,#6439,#6440);
#6438 = CARTESIAN_POINT('',(7.62,4.6,6.5));
#6439 = DIRECTION('',(0.,0.,1.));
#6440 = DIRECTION('',(1.,0.,-0.));
#6441 = ADVANCED_FACE('',(#6442),#6451,.T.);
#6442 = FACE_BOUND('',#6443,.T.);
#6443 = EDGE_LOOP('',(#6444,#6450));
#6444 = ORIENTED_EDGE('',*,*,#6445,.F.);
#6445 = EDGE_CURVE('',#6336,#6338,#6446,.T.);
#6446 = LINE('',#6447,#6448);
#6447 = CARTESIAN_POINT('',(6.92,4.8,9.5));
#6448 = VECTOR('',#6449,1.);
#6449 = DIRECTION('',(-1.,-0.,0.));
#6450 = ORIENTED_EDGE('',*,*,#6335,.T.);
#6451 = PLANE('',#6452);
#6452 = AXIS2_PLACEMENT_3D('',#6453,#6454,#6455);
#6453 = CARTESIAN_POINT('',(7.62,4.6,9.5));
#6454 = DIRECTION('',(0.,0.,1.));
#6455 = DIRECTION('',(1.,0.,-0.));
#6456 = ADVANCED_FACE('',(#6457),#6468,.F.);
#6457 = FACE_BOUND('',#6458,.F.);
#6458 = EDGE_LOOP('',(#6459,#6465,#6466,#6467));
#6459 = ORIENTED_EDGE('',*,*,#6460,.F.);
#6460 = EDGE_CURVE('',#6423,#6347,#6461,.T.);
#6461 = LINE('',#6462,#6463);
#6462 = CARTESIAN_POINT('',(6.22,4.8,9.));
#6463 = VECTOR('',#6464,1.);
#6464 = DIRECTION('',(1.,0.,-0.));
#6465 = ORIENTED_EDGE('',*,*,#6431,.T.);
#6466 = ORIENTED_EDGE('',*,*,#6445,.F.);
#6467 = ORIENTED_EDGE('',*,*,#6346,.F.);
#6468 = PLANE('',#6469);
#6469 = AXIS2_PLACEMENT_3D('',#6470,#6471,#6472);
#6470 = CARTESIAN_POINT('',(6.22,4.8,9.));
#6471 = DIRECTION('',(-0.,1.,0.));
#6472 = DIRECTION('',(0.,0.,1.));
#6473 = ADVANCED_FACE('',(#6474),#6487,.T.);
#6474 = FACE_BOUND('',#6475,.T.);
#6475 = EDGE_LOOP('',(#6476,#6477,#6478,#6484,#6485,#6486));
#6476 = ORIENTED_EDGE('',*,*,#6422,.T.);
#6477 = ORIENTED_EDGE('',*,*,#6413,.T.);
#6478 = ORIENTED_EDGE('',*,*,#6479,.T.);
#6479 = EDGE_CURVE('',#6406,#6380,#6480,.T.);
#6480 = LINE('',#6481,#6482);
#6481 = CARTESIAN_POINT('',(6.22,4.4,9.));
#6482 = VECTOR('',#6483,1.);
#6483 = DIRECTION('',(1.,0.,-0.));
#6484 = ORIENTED_EDGE('',*,*,#6379,.T.);
#6485 = ORIENTED_EDGE('',*,*,#6354,.T.);
#6486 = ORIENTED_EDGE('',*,*,#6460,.F.);
#6487 = PLANE('',#6488);
#6488 = AXIS2_PLACEMENT_3D('',#6489,#6490,#6491);
#6489 = CARTESIAN_POINT('',(6.22,4.4,9.));
#6490 = DIRECTION('',(0.,0.,1.));
#6491 = DIRECTION('',(1.,0.,-0.));
#6492 = ADVANCED_FACE('',(#6493),#6504,.T.);
#6493 = FACE_BOUND('',#6494,.T.);
#6494 = EDGE_LOOP('',(#6495,#6496,#6497,#6503));
#6495 = ORIENTED_EDGE('',*,*,#6479,.F.);
#6496 = ORIENTED_EDGE('',*,*,#6405,.T.);
#6497 = ORIENTED_EDGE('',*,*,#6498,.F.);
#6498 = EDGE_CURVE('',#6389,#6397,#6499,.T.);
#6499 = LINE('',#6500,#6501);
#6500 = CARTESIAN_POINT('',(6.92,4.4,9.5));
#6501 = VECTOR('',#6502,1.);
#6502 = DIRECTION('',(-1.,-0.,0.));
#6503 = ORIENTED_EDGE('',*,*,#6388,.F.);
#6504 = PLANE('',#6505);
#6505 = AXIS2_PLACEMENT_3D('',#6506,#6507,#6508);
#6506 = CARTESIAN_POINT('',(6.22,4.4,9.));
#6507 = DIRECTION('',(-0.,1.,0.));
#6508 = DIRECTION('',(0.,0.,1.));
#6509 = ADVANCED_FACE('',(#6510),#6514,.T.);
#6510 = FACE_BOUND('',#6511,.T.);
#6511 = EDGE_LOOP('',(#6512,#6513));
#6512 = ORIENTED_EDGE('',*,*,#6396,.T.);
#6513 = ORIENTED_EDGE('',*,*,#6498,.T.);
#6514 = PLANE('',#6515);
#6515 = AXIS2_PLACEMENT_3D('',#6516,#6517,#6518);
#6516 = CARTESIAN_POINT('',(7.62,4.6,9.5));
#6517 = DIRECTION('',(0.,0.,1.));
#6518 = DIRECTION('',(1.,0.,-0.));
#6519 = ADVANCED_FACE('',(#6520),#6523,.F.);
#6520 = FACE_BOUND('',#6521,.T.);
#6521 = EDGE_LOOP('',(#6522));
#6522 = ORIENTED_EDGE('',*,*,#6371,.F.);
#6523 = PLANE('',#6524);
#6524 = AXIS2_PLACEMENT_3D('',#6525,#6526,#6527);
#6525 = CARTESIAN_POINT('',(7.62,4.6,6.5));
#6526 = DIRECTION('',(0.,0.,1.));
#6527 = DIRECTION('',(1.,0.,-0.));
#6528 = ( GEOMETRIC_REPRESENTATION_CONTEXT(3) 
GLOBAL_UNCERTAINTY_ASSIGNED_CONTEXT((#6532)) 
GLOBAL_UNIT_ASSIGNED_CONTEXT((#6529,#6530,#6531)) REPRESENTATION_CONTEXT
('Context #1','3D Context with UNIT and UNCERTAINTY') );
#6529 = ( LENGTH_UNIT() NAMED_UNIT(*) SI_UNIT(.MILLI.,.METRE.) );
#6530 = ( NAMED_UNIT(*) PLANE_ANGLE_UNIT() SI_UNIT($,.RADIAN.) );
#6531 = ( NAMED_UNIT(*) SI_UNIT($,.STERADIAN.) SOLID_ANGLE_UNIT() );
#6532 = UNCERTAINTY_MEASURE_WITH_UNIT(LENGTH_MEASURE(1.E-07),#6529,
  'distance_accuracy_value','confusion accuracy');
#6533 = CONTEXT_DEPENDENT_SHAPE_REPRESENTATION(#6534,#6536);
#6534 = ( REPRESENTATION_RELATIONSHIP('','',#6129,#10) 
REPRESENTATION_RELATIONSHIP_WITH_TRANSFORMATION(#6535) 
SHAPE_REPRESENTATION_RELATIONSHIP() );
#6535 = ITEM_DEFINED_TRANSFORMATION('','',#11,#51);
#6536 = PRODUCT_DEFINITION_SHAPE('Placement','Placement of an item',
  #6537);
#6537 = NEXT_ASSEMBLY_USAGE_OCCURRENCE('10','TB_OUT1_OUT2_screws','',#5,
  #6124,$);
#6538 = PRODUCT_RELATED_PRODUCT_CATEGORY('part',$,(#6126));
#6539 = SHAPE_DEFINITION_REPRESENTATION(#6540,#6546);
#6540 = PRODUCT_DEFINITION_SHAPE('','',#6541);
#6541 = PRODUCT_DEFINITION('design','',#6542,#6545);
#6542 = PRODUCT_DEFINITION_FORMATION('','',#6543);
#6543 = PRODUCT('TB_OUT3_OUT4','TB_OUT3_OUT4','',(#6544));
#6544 = PRODUCT_CONTEXT('',#2,'mechanical');
#6545 = PRODUCT_DEFINITION_CONTEXT('part definition',#2,'design');
#6546 = ADVANCED_BREP_SHAPE_REPRESENTATION('',(#11,#6547),#7071);
#6547 = MANIFOLD_SOLID_BREP('',#6548);
#6548 = CLOSED_SHELL('',(#6549,#6589,#6688,#6734,#6758,#6775,#6787,#6818
    ,#6842,#6866,#6883,#6914,#6938,#6962,#6979,#7004,#7029,#7041,#7053,
    #7062));
#6549 = ADVANCED_FACE('',(#6550),#6584,.F.);
#6550 = FACE_BOUND('',#6551,.F.);
#6551 = EDGE_LOOP('',(#6552,#6562,#6570,#6578));
#6552 = ORIENTED_EDGE('',*,*,#6553,.F.);
#6553 = EDGE_CURVE('',#6554,#6556,#6558,.T.);
#6554 = VERTEX_POINT('',#6555);
#6555 = CARTESIAN_POINT('',(0.,0.,0.));
#6556 = VERTEX_POINT('',#6557);
#6557 = CARTESIAN_POINT('',(0.,0.,10.));
#6558 = LINE('',#6559,#6560);
#6559 = CARTESIAN_POINT('',(0.,0.,0.));
#6560 = VECTOR('',#6561,1.);
#6561 = DIRECTION('',(0.,0.,1.));
#6562 = ORIENTED_EDGE('',*,*,#6563,.T.);
#6563 = EDGE_CURVE('',#6554,#6564,#6566,.T.);
#6564 = VERTEX_POINT('',#6565);
#6565 = CARTESIAN_POINT('',(0.,7.6,0.));
#6566 = LINE('',#6567,#6568);
#6567 = CARTESIAN_POINT('',(0.,0.,0.));
#6568 = VECTOR('',#6569,1.);
#6569 = DIRECTION('',(-0.,1.,0.));
#6570 = ORIENTED_EDGE('',*,*,#6571,.T.);
#6571 = EDGE_CURVE('',#6564,#6572,#6574,.T.);
#6572 = VERTEX_POINT('',#6573);
#6573 = CARTESIAN_POINT('',(0.,7.6,10.));
#6574 = LINE('',#6575,#6576);
#6575 = CARTESIAN_POINT('',(0.,7.6,0.));
#6576 = VECTOR('',#6577,1.);
#6577 = DIRECTION('',(0.,0.,1.));
#6578 = ORIENTED_EDGE('',*,*,#6579,.F.);
#6579 = EDGE_CURVE('',#6556,#6572,#6580,.T.);
#6580 = LINE('',#6581,#6582);
#6581 = CARTESIAN_POINT('',(0.,0.,10.));
#6582 = VECTOR('',#6583,1.);
#6583 = DIRECTION('',(-0.,1.,0.));
#6584 = PLANE('',#6585);
#6585 = AXIS2_PLACEMENT_3D('',#6586,#6587,#6588);
#6586 = CARTESIAN_POINT('',(0.,0.,0.));
#6587 = DIRECTION('',(1.,0.,-0.));
#6588 = DIRECTION('',(0.,0.,1.));
#6589 = ADVANCED_FACE('',(#6590,#6615,#6649),#6683,.F.);
#6590 = FACE_BOUND('',#6591,.F.);
#6591 = EDGE_LOOP('',(#6592,#6600,#6601,#6609));
#6592 = ORIENTED_EDGE('',*,*,#6593,.F.);
#6593 = EDGE_CURVE('',#6554,#6594,#6596,.T.);
#6594 = VERTEX_POINT('',#6595);
#6595 = CARTESIAN_POINT('',(10.16,0.,0.));
#6596 = LINE('',#6597,#6598);
#6597 = CARTESIAN_POINT('',(0.,0.,0.));
#6598 = VECTOR('',#6599,1.);
#6599 = DIRECTION('',(1.,0.,-0.));
#6600 = ORIENTED_EDGE('',*,*,#6553,.T.);
#6601 = ORIENTED_EDGE('',*,*,#6602,.T.);
#6602 = EDGE_CURVE('',#6556,#6603,#6605,.T.);
#6603 = VERTEX_POINT('',#6604);
#6604 = CARTESIAN_POINT('',(10.16,0.,10.));
#6605 = LINE('',#6606,#6607);
#6606 = CARTESIAN_POINT('',(0.,0.,10.));
#6607 = VECTOR('',#6608,1.);
#6608 = DIRECTION('',(1.,0.,-0.));
#6609 = ORIENTED_EDGE('',*,*,#6610,.F.);
#6610 = EDGE_CURVE('',#6594,#6603,#6611,.T.);
#6611 = LINE('',#6612,#6613);
#6612 = CARTESIAN_POINT('',(10.16,0.,0.));
#6613 = VECTOR('',#6614,1.);
#6614 = DIRECTION('',(0.,0.,1.));
#6615 = FACE_BOUND('',#6616,.F.);
#6616 = EDGE_LOOP('',(#6617,#6627,#6635,#6643));
#6617 = ORIENTED_EDGE('',*,*,#6618,.F.);
#6618 = EDGE_CURVE('',#6619,#6621,#6623,.T.);
#6619 = VERTEX_POINT('',#6620);
#6620 = CARTESIAN_POINT('',(0.79,0.,5.));
#6621 = VERTEX_POINT('',#6622);
#6622 = CARTESIAN_POINT('',(4.29,0.,5.));
#6623 = LINE('',#6624,#6625);
#6624 = CARTESIAN_POINT('',(0.395,0.,5.));
#6625 = VECTOR('',#6626,1.);
#6626 = DIRECTION('',(1.,0.,-0.));
#6627 = ORIENTED_EDGE('',*,*,#6628,.T.);
#6628 = EDGE_CURVE('',#6619,#6629,#6631,.T.);
#6629 = VERTEX_POINT('',#6630);
#6630 = CARTESIAN_POINT('',(0.79,0.,1.5));
#6631 = LINE('',#6632,#6633);
#6632 = CARTESIAN_POINT('',(0.79,0.,0.75));
#6633 = VECTOR('',#6634,1.);
#6634 = DIRECTION('',(-0.,0.,-1.));
#6635 = ORIENTED_EDGE('',*,*,#6636,.T.);
#6636 = EDGE_CURVE('',#6629,#6637,#6639,.T.);
#6637 = VERTEX_POINT('',#6638);
#6638 = CARTESIAN_POINT('',(4.29,0.,1.5));
#6639 = LINE('',#6640,#6641);
#6640 = CARTESIAN_POINT('',(0.395,0.,1.5));
#6641 = VECTOR('',#6642,1.);
#6642 = DIRECTION('',(1.,0.,-0.));
#6643 = ORIENTED_EDGE('',*,*,#6644,.F.);
#6644 = EDGE_CURVE('',#6621,#6637,#6645,.T.);
#6645 = LINE('',#6646,#6647);
#6646 = CARTESIAN_POINT('',(4.29,0.,0.75));
#6647 = VECTOR('',#6648,1.);
#6648 = DIRECTION('',(-0.,0.,-1.));
#6649 = FACE_BOUND('',#6650,.F.);
#6650 = EDGE_LOOP('',(#6651,#6661,#6669,#6677));
#6651 = ORIENTED_EDGE('',*,*,#6652,.F.);
#6652 = EDGE_CURVE('',#6653,#6655,#6657,.T.);
#6653 = VERTEX_POINT('',#6654);
#6654 = CARTESIAN_POINT('',(5.87,0.,5.));
#6655 = VERTEX_POINT('',#6656);
#6656 = CARTESIAN_POINT('',(9.37,0.,5.));
#6657 = LINE('',#6658,#6659);
#6658 = CARTESIAN_POINT('',(2.935,0.,5.));
#6659 = VECTOR('',#6660,1.);
#6660 = DIRECTION('',(1.,0.,-0.));
#6661 = ORIENTED_EDGE('',*,*,#6662,.T.);
#6662 = EDGE_CURVE('',#6653,#6663,#6665,.T.);
#6663 = VERTEX_POINT('',#6664);
#6664 = CARTESIAN_POINT('',(5.87,0.,1.5));
#6665 = LINE('',#6666,#6667);
#6666 = CARTESIAN_POINT('',(5.87,0.,0.75));
#6667 = VECTOR('',#6668,1.);
#6668 = DIRECTION('',(-0.,0.,-1.));
#6669 = ORIENTED_EDGE('',*,*,#6670,.T.);
#6670 = EDGE_CURVE('',#6663,#6671,#6673,.T.);
#6671 = VERTEX_POINT('',#6672);
#6672 = CARTESIAN_POINT('',(9.37,0.,1.5));
#6673 = LINE('',#6674,#6675);
#6674 = CARTESIAN_POINT('',(2.935,0.,1.5));
#6675 = VECTOR('',#6676,1.);
#6676 = DIRECTION('',(1.,0.,-0.));
#6677 = ORIENTED_EDGE('',*,*,#6678,.F.);
#6678 = EDGE_CURVE('',#6655,#6671,#6679,.T.);
#6679 = LINE('',#6680,#6681);
#6680 = CARTESIAN_POINT('',(9.37,0.,0.75));
#6681 = VECTOR('',#6682,1.);
#6682 = DIRECTION('',(-0.,0.,-1.));
#6683 = PLANE('',#6684);
#6684 = AXIS2_PLACEMENT_3D('',#6685,#6686,#6687);
#6685 = CARTESIAN_POINT('',(0.,0.,0.));
#6686 = DIRECTION('',(-0.,1.,0.));
#6687 = DIRECTION('',(0.,0.,1.));
#6688 = ADVANCED_FACE('',(#6689,#6707,#6718),#6729,.T.);
#6689 = FACE_BOUND('',#6690,.T.);
#6690 = EDGE_LOOP('',(#6691,#6692,#6693,#6701));
#6691 = ORIENTED_EDGE('',*,*,#6579,.F.);
#6692 = ORIENTED_EDGE('',*,*,#6602,.T.);
#6693 = ORIENTED_EDGE('',*,*,#6694,.T.);
#6694 = EDGE_CURVE('',#6603,#6695,#6697,.T.);
#6695 = VERTEX_POINT('',#6696);
#6696 = CARTESIAN_POINT('',(10.16,7.6,10.));
#6697 = LINE('',#6698,#6699);
#6698 = CARTESIAN_POINT('',(10.16,0.,10.));
#6699 = VECTOR('',#6700,1.);
#6700 = DIRECTION('',(-0.,1.,0.));
#6701 = ORIENTED_EDGE('',*,*,#6702,.F.);
#6702 = EDGE_CURVE('',#6572,#6695,#6703,.T.);
#6703 = LINE('',#6704,#6705);
#6704 = CARTESIAN_POINT('',(0.,7.6,10.));
#6705 = VECTOR('',#6706,1.);
#6706 = DIRECTION('',(1.,0.,-0.));
#6707 = FACE_BOUND('',#6708,.T.);
#6708 = EDGE_LOOP('',(#6709));
#6709 = ORIENTED_EDGE('',*,*,#6710,.F.);
#6710 = EDGE_CURVE('',#6711,#6711,#6713,.T.);
#6711 = VERTEX_POINT('',#6712);
#6712 = CARTESIAN_POINT('',(4.04,4.6,10.));
#6713 = CIRCLE('',#6714,1.5);
#6714 = AXIS2_PLACEMENT_3D('',#6715,#6716,#6717);
#6715 = CARTESIAN_POINT('',(2.54,4.6,10.));
#6716 = DIRECTION('',(0.,0.,1.));
#6717 = DIRECTION('',(1.,0.,-0.));
#6718 = FACE_BOUND('',#6719,.T.);
#6719 = EDGE_LOOP('',(#6720));
#6720 = ORIENTED_EDGE('',*,*,#6721,.F.);
#6721 = EDGE_CURVE('',#6722,#6722,#6724,.T.);
#6722 = VERTEX_POINT('',#6723);
#6723 = CARTESIAN_POINT('',(9.12,4.6,10.));
#6724 = CIRCLE('',#6725,1.5);
#6725 = AXIS2_PLACEMENT_3D('',#6726,#6727,#6728);
#6726 = CARTESIAN_POINT('',(7.62,4.6,10.));
#6727 = DIRECTION('',(0.,0.,1.));
#6728 = DIRECTION('',(1.,0.,-0.));
#6729 = PLANE('',#6730);
#6730 = AXIS2_PLACEMENT_3D('',#6731,#6732,#6733);
#6731 = CARTESIAN_POINT('',(0.,0.,10.));
#6732 = DIRECTION('',(0.,0.,1.));
#6733 = DIRECTION('',(1.,0.,-0.));
#6734 = ADVANCED_FACE('',(#6735),#6753,.T.);
#6735 = FACE_BOUND('',#6736,.T.);
#6736 = EDGE_LOOP('',(#6737,#6745,#6746,#6747));
#6737 = ORIENTED_EDGE('',*,*,#6738,.F.);
#6738 = EDGE_CURVE('',#6564,#6739,#6741,.T.);
#6739 = VERTEX_POINT('',#6740);
#6740 = CARTESIAN_POINT('',(10.16,7.6,0.));
#6741 = LINE('',#6742,#6743);
#6742 = CARTESIAN_POINT('',(0.,7.6,0.));
#6743 = VECTOR('',#6744,1.);
#6744 = DIRECTION('',(1.,0.,-0.));
#6745 = ORIENTED_EDGE('',*,*,#6571,.T.);
#6746 = ORIENTED_EDGE('',*,*,#6702,.T.);
#6747 = ORIENTED_EDGE('',*,*,#6748,.F.);
#6748 = EDGE_CURVE('',#6739,#6695,#6749,.T.);
#6749 = LINE('',#6750,#6751);
#6750 = CARTESIAN_POINT('',(10.16,7.6,0.));
#6751 = VECTOR('',#6752,1.);
#6752 = DIRECTION('',(0.,0.,1.));
#6753 = PLANE('',#6754);
#6754 = AXIS2_PLACEMENT_3D('',#6755,#6756,#6757);
#6755 = CARTESIAN_POINT('',(0.,7.6,0.));
#6756 = DIRECTION('',(-0.,1.,0.));
#6757 = DIRECTION('',(0.,0.,1.));
#6758 = ADVANCED_FACE('',(#6759),#6770,.F.);
#6759 = FACE_BOUND('',#6760,.F.);
#6760 = EDGE_LOOP('',(#6761,#6762,#6763,#6769));
#6761 = ORIENTED_EDGE('',*,*,#6563,.F.);
#6762 = ORIENTED_EDGE('',*,*,#6593,.T.);
#6763 = ORIENTED_EDGE('',*,*,#6764,.T.);
#6764 = EDGE_CURVE('',#6594,#6739,#6765,.T.);
#6765 = LINE('',#6766,#6767);
#6766 = CARTESIAN_POINT('',(10.16,0.,0.));
#6767 = VECTOR('',#6768,1.);
#6768 = DIRECTION('',(-0.,1.,0.));
#6769 = ORIENTED_EDGE('',*,*,#6738,.F.);
#6770 = PLANE('',#6771);
#6771 = AXIS2_PLACEMENT_3D('',#6772,#6773,#6774);
#6772 = CARTESIAN_POINT('',(0.,0.,0.));
#6773 = DIRECTION('',(0.,0.,1.));
#6774 = DIRECTION('',(1.,0.,-0.));
#6775 = ADVANCED_FACE('',(#6776),#6782,.T.);
#6776 = FACE_BOUND('',#6777,.T.);
#6777 = EDGE_LOOP('',(#6778,#6779,#6780,#6781));
#6778 = ORIENTED_EDGE('',*,*,#6610,.F.);
#6779 = ORIENTED_EDGE('',*,*,#6764,.T.);
#6780 = ORIENTED_EDGE('',*,*,#6748,.T.);
#6781 = ORIENTED_EDGE('',*,*,#6694,.F.);
#6782 = PLANE('',#6783);
#6783 = AXIS2_PLACEMENT_3D('',#6784,#6785,#6786);
#6784 = CARTESIAN_POINT('',(10.16,0.,0.));
#6785 = DIRECTION('',(1.,0.,-0.));
#6786 = DIRECTION('',(0.,0.,1.));
#6787 = ADVANCED_FACE('',(#6788),#6813,.F.);
#6788 = FACE_BOUND('',#6789,.F.);
#6789 = EDGE_LOOP('',(#6790,#6798,#6799,#6807));
#6790 = ORIENTED_EDGE('',*,*,#6791,.F.);
#6791 = EDGE_CURVE('',#6619,#6792,#6794,.T.);
#6792 = VERTEX_POINT('',#6793);
#6793 = CARTESIAN_POINT('',(0.79,4.4,5.));
#6794 = LINE('',#6795,#6796);
#6795 = CARTESIAN_POINT('',(0.79,-0.1,5.));
#6796 = VECTOR('',#6797,1.);
#6797 = DIRECTION('',(-0.,1.,0.));
#6798 = ORIENTED_EDGE('',*,*,#6618,.T.);
#6799 = ORIENTED_EDGE('',*,*,#6800,.T.);
#6800 = EDGE_CURVE('',#6621,#6801,#6803,.T.);
#6801 = VERTEX_POINT('',#6802);
#6802 = CARTESIAN_POINT('',(4.29,4.4,5.));
#6803 = LINE('',#6804,#6805);
#6804 = CARTESIAN_POINT('',(4.29,-0.1,5.));
#6805 = VECTOR('',#6806,1.);
#6806 = DIRECTION('',(-0.,1.,0.));
#6807 = ORIENTED_EDGE('',*,*,#6808,.F.);
#6808 = EDGE_CURVE('',#6792,#6801,#6809,.T.);
#6809 = LINE('',#6810,#6811);
#6810 = CARTESIAN_POINT('',(0.79,4.4,5.));
#6811 = VECTOR('',#6812,1.);
#6812 = DIRECTION('',(1.,0.,-0.));
#6813 = PLANE('',#6814);
#6814 = AXIS2_PLACEMENT_3D('',#6815,#6816,#6817);
#6815 = CARTESIAN_POINT('',(0.79,-0.1,5.));
#6816 = DIRECTION('',(0.,0.,1.));
#6817 = DIRECTION('',(1.,0.,-0.));
#6818 = ADVANCED_FACE('',(#6819),#6837,.T.);
#6819 = FACE_BOUND('',#6820,.T.);
#6820 = EDGE_LOOP('',(#6821,#6822,#6823,#6831));
#6821 = ORIENTED_EDGE('',*,*,#6791,.F.);
#6822 = ORIENTED_EDGE('',*,*,#6628,.T.);
#6823 = ORIENTED_EDGE('',*,*,#6824,.T.);
#6824 = EDGE_CURVE('',#6629,#6825,#6827,.T.);
#6825 = VERTEX_POINT('',#6826);
#6826 = CARTESIAN_POINT('',(0.79,4.4,1.5));
#6827 = LINE('',#6828,#6829);
#6828 = CARTESIAN_POINT('',(0.79,-0.1,1.5));
#6829 = VECTOR('',#6830,1.);
#6830 = DIRECTION('',(-0.,1.,0.));
#6831 = ORIENTED_EDGE('',*,*,#6832,.T.);
#6832 = EDGE_CURVE('',#6825,#6792,#6833,.T.);
#6833 = LINE('',#6834,#6835);
#6834 = CARTESIAN_POINT('',(0.79,4.4,1.5));
#6835 = VECTOR('',#6836,1.);
#6836 = DIRECTION('',(0.,0.,1.));
#6837 = PLANE('',#6838);
#6838 = AXIS2_PLACEMENT_3D('',#6839,#6840,#6841);
#6839 = CARTESIAN_POINT('',(0.79,-0.1,1.5));
#6840 = DIRECTION('',(1.,0.,-0.));
#6841 = DIRECTION('',(0.,0.,1.));
#6842 = ADVANCED_FACE('',(#6843),#6861,.F.);
#6843 = FACE_BOUND('',#6844,.F.);
#6844 = EDGE_LOOP('',(#6845,#6846,#6847,#6855));
#6845 = ORIENTED_EDGE('',*,*,#6800,.F.);
#6846 = ORIENTED_EDGE('',*,*,#6644,.T.);
#6847 = ORIENTED_EDGE('',*,*,#6848,.T.);
#6848 = EDGE_CURVE('',#6637,#6849,#6851,.T.);
#6849 = VERTEX_POINT('',#6850);
#6850 = CARTESIAN_POINT('',(4.29,4.4,1.5));
#6851 = LINE('',#6852,#6853);
#6852 = CARTESIAN_POINT('',(4.29,-0.1,1.5));
#6853 = VECTOR('',#6854,1.);
#6854 = DIRECTION('',(-0.,1.,0.));
#6855 = ORIENTED_EDGE('',*,*,#6856,.T.);
#6856 = EDGE_CURVE('',#6849,#6801,#6857,.T.);
#6857 = LINE('',#6858,#6859);
#6858 = CARTESIAN_POINT('',(4.29,4.4,1.5));
#6859 = VECTOR('',#6860,1.);
#6860 = DIRECTION('',(0.,0.,1.));
#6861 = PLANE('',#6862);
#6862 = AXIS2_PLACEMENT_3D('',#6863,#6864,#6865);
#6863 = CARTESIAN_POINT('',(4.29,-0.1,1.5));
#6864 = DIRECTION('',(1.,0.,-0.));
#6865 = DIRECTION('',(0.,0.,1.));
#6866 = ADVANCED_FACE('',(#6867),#6878,.T.);
#6867 = FACE_BOUND('',#6868,.T.);
#6868 = EDGE_LOOP('',(#6869,#6870,#6871,#6872));
#6869 = ORIENTED_EDGE('',*,*,#6824,.F.);
#6870 = ORIENTED_EDGE('',*,*,#6636,.T.);
#6871 = ORIENTED_EDGE('',*,*,#6848,.T.);
#6872 = ORIENTED_EDGE('',*,*,#6873,.F.);
#6873 = EDGE_CURVE('',#6825,#6849,#6874,.T.);
#6874 = LINE('',#6875,#6876);
#6875 = CARTESIAN_POINT('',(0.79,4.4,1.5));
#6876 = VECTOR('',#6877,1.);
#6877 = DIRECTION('',(1.,0.,-0.));
#6878 = PLANE('',#6879);
#6879 = AXIS2_PLACEMENT_3D('',#6880,#6881,#6882);
#6880 = CARTESIAN_POINT('',(0.79,-0.1,1.5));
#6881 = DIRECTION('',(0.,0.,1.));
#6882 = DIRECTION('',(1.,0.,-0.));
#6883 = ADVANCED_FACE('',(#6884),#6909,.F.);
#6884 = FACE_BOUND('',#6885,.F.);
#6885 = EDGE_LOOP('',(#6886,#6894,#6895,#6903));
#6886 = ORIENTED_EDGE('',*,*,#6887,.F.);
#6887 = EDGE_CURVE('',#6653,#6888,#6890,.T.);
#6888 = VERTEX_POINT('',#6889);
#6889 = CARTESIAN_POINT('',(5.87,4.4,5.));
#6890 = LINE('',#6891,#6892);
#6891 = CARTESIAN_POINT('',(5.87,-0.1,5.));
#6892 = VECTOR('',#6893,1.);
#6893 = DIRECTION('',(-0.,1.,0.));
#6894 = ORIENTED_EDGE('',*,*,#6652,.T.);
#6895 = ORIENTED_EDGE('',*,*,#6896,.T.);
#6896 = EDGE_CURVE('',#6655,#6897,#6899,.T.);
#6897 = VERTEX_POINT('',#6898);
#6898 = CARTESIAN_POINT('',(9.37,4.4,5.));
#6899 = LINE('',#6900,#6901);
#6900 = CARTESIAN_POINT('',(9.37,-0.1,5.));
#6901 = VECTOR('',#6902,1.);
#6902 = DIRECTION('',(-0.,1.,0.));
#6903 = ORIENTED_EDGE('',*,*,#6904,.F.);
#6904 = EDGE_CURVE('',#6888,#6897,#6905,.T.);
#6905 = LINE('',#6906,#6907);
#6906 = CARTESIAN_POINT('',(5.87,4.4,5.));
#6907 = VECTOR('',#6908,1.);
#6908 = DIRECTION('',(1.,0.,-0.));
#6909 = PLANE('',#6910);
#6910 = AXIS2_PLACEMENT_3D('',#6911,#6912,#6913);
#6911 = CARTESIAN_POINT('',(5.87,-0.1,5.));
#6912 = DIRECTION('',(0.,0.,1.));
#6913 = DIRECTION('',(1.,0.,-0.));
#6914 = ADVANCED_FACE('',(#6915),#6933,.F.);
#6915 = FACE_BOUND('',#6916,.F.);
#6916 = EDGE_LOOP('',(#6917,#6918,#6919,#6927));
#6917 = ORIENTED_EDGE('',*,*,#6896,.F.);
#6918 = ORIENTED_EDGE('',*,*,#6678,.T.);
#6919 = ORIENTED_EDGE('',*,*,#6920,.T.);
#6920 = EDGE_CURVE('',#6671,#6921,#6923,.T.);
#6921 = VERTEX_POINT('',#6922);
#6922 = CARTESIAN_POINT('',(9.37,4.4,1.5));
#6923 = LINE('',#6924,#6925);
#6924 = CARTESIAN_POINT('',(9.37,-0.1,1.5));
#6925 = VECTOR('',#6926,1.);
#6926 = DIRECTION('',(-0.,1.,0.));
#6927 = ORIENTED_EDGE('',*,*,#6928,.T.);
#6928 = EDGE_CURVE('',#6921,#6897,#6929,.T.);
#6929 = LINE('',#6930,#6931);
#6930 = CARTESIAN_POINT('',(9.37,4.4,1.5));
#6931 = VECTOR('',#6932,1.);
#6932 = DIRECTION('',(0.,0.,1.));
#6933 = PLANE('',#6934);
#6934 = AXIS2_PLACEMENT_3D('',#6935,#6936,#6937);
#6935 = CARTESIAN_POINT('',(9.37,-0.1,1.5));
#6936 = DIRECTION('',(1.,0.,-0.));
#6937 = DIRECTION('',(0.,0.,1.));
#6938 = ADVANCED_FACE('',(#6939),#6957,.T.);
#6939 = FACE_BOUND('',#6940,.T.);
#6940 = EDGE_LOOP('',(#6941,#6949,#6950,#6951));
#6941 = ORIENTED_EDGE('',*,*,#6942,.F.);
#6942 = EDGE_CURVE('',#6663,#6943,#6945,.T.);
#6943 = VERTEX_POINT('',#6944);
#6944 = CARTESIAN_POINT('',(5.87,4.4,1.5));
#6945 = LINE('',#6946,#6947);
#6946 = CARTESIAN_POINT('',(5.87,-0.1,1.5));
#6947 = VECTOR('',#6948,1.);
#6948 = DIRECTION('',(-0.,1.,0.));
#6949 = ORIENTED_EDGE('',*,*,#6670,.T.);
#6950 = ORIENTED_EDGE('',*,*,#6920,.T.);
#6951 = ORIENTED_EDGE('',*,*,#6952,.F.);
#6952 = EDGE_CURVE('',#6943,#6921,#6953,.T.);
#6953 = LINE('',#6954,#6955);
#6954 = CARTESIAN_POINT('',(5.87,4.4,1.5));
#6955 = VECTOR('',#6956,1.);
#6956 = DIRECTION('',(1.,0.,-0.));
#6957 = PLANE('',#6958);
#6958 = AXIS2_PLACEMENT_3D('',#6959,#6960,#6961);
#6959 = CARTESIAN_POINT('',(5.87,-0.1,1.5));
#6960 = DIRECTION('',(0.,0.,1.));
#6961 = DIRECTION('',(1.,0.,-0.));
#6962 = ADVANCED_FACE('',(#6963),#6974,.T.);
#6963 = FACE_BOUND('',#6964,.T.);
#6964 = EDGE_LOOP('',(#6965,#6966,#6967,#6968));
#6965 = ORIENTED_EDGE('',*,*,#6887,.F.);
#6966 = ORIENTED_EDGE('',*,*,#6662,.T.);
#6967 = ORIENTED_EDGE('',*,*,#6942,.T.);
#6968 = ORIENTED_EDGE('',*,*,#6969,.T.);
#6969 = EDGE_CURVE('',#6943,#6888,#6970,.T.);
#6970 = LINE('',#6971,#6972);
#6971 = CARTESIAN_POINT('',(5.87,4.4,1.5));
#6972 = VECTOR('',#6973,1.);
#6973 = DIRECTION('',(0.,0.,1.));
#6974 = PLANE('',#6975);
#6975 = AXIS2_PLACEMENT_3D('',#6976,#6977,#6978);
#6976 = CARTESIAN_POINT('',(5.87,-0.1,1.5));
#6977 = DIRECTION('',(1.,0.,-0.));
#6978 = DIRECTION('',(0.,0.,1.));
#6979 = ADVANCED_FACE('',(#6980),#6999,.F.);
#6980 = FACE_BOUND('',#6981,.F.);
#6981 = EDGE_LOOP('',(#6982,#6983,#6991,#6998));
#6982 = ORIENTED_EDGE('',*,*,#6710,.F.);
#6983 = ORIENTED_EDGE('',*,*,#6984,.F.);
#6984 = EDGE_CURVE('',#6985,#6711,#6987,.T.);
#6985 = VERTEX_POINT('',#6986);
#6986 = CARTESIAN_POINT('',(4.04,4.6,7.));
#6987 = LINE('',#6988,#6989);
#6988 = CARTESIAN_POINT('',(4.04,4.6,7.));
#6989 = VECTOR('',#6990,1.);
#6990 = DIRECTION('',(0.,0.,1.));
#6991 = ORIENTED_EDGE('',*,*,#6992,.T.);
#6992 = EDGE_CURVE('',#6985,#6985,#6993,.T.);
#6993 = CIRCLE('',#6994,1.5);
#6994 = AXIS2_PLACEMENT_3D('',#6995,#6996,#6997);
#6995 = CARTESIAN_POINT('',(2.54,4.6,7.));
#6996 = DIRECTION('',(0.,0.,1.));
#6997 = DIRECTION('',(1.,0.,-0.));
#6998 = ORIENTED_EDGE('',*,*,#6984,.T.);
#6999 = CYLINDRICAL_SURFACE('',#7000,1.5);
#7000 = AXIS2_PLACEMENT_3D('',#7001,#7002,#7003);
#7001 = CARTESIAN_POINT('',(2.54,4.6,7.));
#7002 = DIRECTION('',(0.,0.,1.));
#7003 = DIRECTION('',(1.,0.,-0.));
#7004 = ADVANCED_FACE('',(#7005),#7024,.F.);
#7005 = FACE_BOUND('',#7006,.F.);
#7006 = EDGE_LOOP('',(#7007,#7008,#7016,#7023));
#7007 = ORIENTED_EDGE('',*,*,#6721,.F.);
#7008 = ORIENTED_EDGE('',*,*,#7009,.F.);
#7009 = EDGE_CURVE('',#7010,#6722,#7012,.T.);
#7010 = VERTEX_POINT('',#7011);
#7011 = CARTESIAN_POINT('',(9.12,4.6,7.));
#7012 = LINE('',#7013,#7014);
#7013 = CARTESIAN_POINT('',(9.12,4.6,7.));
#7014 = VECTOR('',#7015,1.);
#7015 = DIRECTION('',(0.,0.,1.));
#7016 = ORIENTED_EDGE('',*,*,#7017,.T.);
#7017 = EDGE_CURVE('',#7010,#7010,#7018,.T.);
#7018 = CIRCLE('',#7019,1.5);
#7019 = AXIS2_PLACEMENT_3D('',#7020,#7021,#7022);
#7020 = CARTESIAN_POINT('',(7.62,4.6,7.));
#7021 = DIRECTION('',(0.,0.,1.));
#7022 = DIRECTION('',(1.,0.,-0.));
#7023 = ORIENTED_EDGE('',*,*,#7009,.T.);
#7024 = CYLINDRICAL_SURFACE('',#7025,1.5);
#7025 = AXIS2_PLACEMENT_3D('',#7026,#7027,#7028);
#7026 = CARTESIAN_POINT('',(7.62,4.6,7.));
#7027 = DIRECTION('',(0.,0.,1.));
#7028 = DIRECTION('',(1.,0.,-0.));
#7029 = ADVANCED_FACE('',(#7030),#7036,.F.);
#7030 = FACE_BOUND('',#7031,.F.);
#7031 = EDGE_LOOP('',(#7032,#7033,#7034,#7035));
#7032 = ORIENTED_EDGE('',*,*,#6873,.F.);
#7033 = ORIENTED_EDGE('',*,*,#6832,.T.);
#7034 = ORIENTED_EDGE('',*,*,#6808,.T.);
#7035 = ORIENTED_EDGE('',*,*,#6856,.F.);
#7036 = PLANE('',#7037);
#7037 = AXIS2_PLACEMENT_3D('',#7038,#7039,#7040);
#7038 = CARTESIAN_POINT('',(0.79,4.4,1.5));
#7039 = DIRECTION('',(-0.,1.,0.));
#7040 = DIRECTION('',(0.,0.,1.));
#7041 = ADVANCED_FACE('',(#7042),#7048,.F.);
#7042 = FACE_BOUND('',#7043,.F.);
#7043 = EDGE_LOOP('',(#7044,#7045,#7046,#7047));
#7044 = ORIENTED_EDGE('',*,*,#6952,.F.);
#7045 = ORIENTED_EDGE('',*,*,#6969,.T.);
#7046 = ORIENTED_EDGE('',*,*,#6904,.T.);
#7047 = ORIENTED_EDGE('',*,*,#6928,.F.);
#7048 = PLANE('',#7049);
#7049 = AXIS2_PLACEMENT_3D('',#7050,#7051,#7052);
#7050 = CARTESIAN_POINT('',(5.87,4.4,1.5));
#7051 = DIRECTION('',(-0.,1.,0.));
#7052 = DIRECTION('',(0.,0.,1.));
#7053 = ADVANCED_FACE('',(#7054),#7057,.T.);
#7054 = FACE_BOUND('',#7055,.F.);
#7055 = EDGE_LOOP('',(#7056));
#7056 = ORIENTED_EDGE('',*,*,#6992,.F.);
#7057 = PLANE('',#7058);
#7058 = AXIS2_PLACEMENT_3D('',#7059,#7060,#7061);
#7059 = CARTESIAN_POINT('',(2.54,4.6,7.));
#7060 = DIRECTION('',(0.,0.,1.));
#7061 = DIRECTION('',(1.,0.,-0.));
#7062 = ADVANCED_FACE('',(#7063),#7066,.T.);
#7063 = FACE_BOUND('',#7064,.F.);
#7064 = EDGE_LOOP('',(#7065));
#7065 = ORIENTED_EDGE('',*,*,#7017,.F.);
#7066 = PLANE('',#7067);
#7067 = AXIS2_PLACEMENT_3D('',#7068,#7069,#7070);
#7068 = CARTESIAN_POINT('',(7.62,4.6,7.));
#7069 = DIRECTION('',(0.,0.,1.));
#7070 = DIRECTION('',(1.,0.,-0.));
#7071 = ( GEOMETRIC_REPRESENTATION_CONTEXT(3) 
GLOBAL_UNCERTAINTY_ASSIGNED_CONTEXT((#7075)) 
GLOBAL_UNIT_ASSIGNED_CONTEXT((#7072,#7073,#7074)) REPRESENTATION_CONTEXT
('Context #1','3D Context with UNIT and UNCERTAINTY') );
#7072 = ( LENGTH_UNIT() NAMED_UNIT(*) SI_UNIT(.MILLI.,.METRE.) );
#7073 = ( NAMED_UNIT(*) PLANE_ANGLE_UNIT() SI_UNIT($,.RADIAN.) );
#7074 = ( NAMED_UNIT(*) SI_UNIT($,.STERADIAN.) SOLID_ANGLE_UNIT() );
#7075 = UNCERTAINTY_MEASURE_WITH_UNIT(LENGTH_MEASURE(1.E-07),#7072,
  'distance_accuracy_value','confusion accuracy');
#7076 = CONTEXT_DEPENDENT_SHAPE_REPRESENTATION(#7077,#7079);
#7077 = ( REPRESENTATION_RELATIONSHIP('','',#6546,#10) 
REPRESENTATION_RELATIONSHIP_WITH_TRANSFORMATION(#7078) 
SHAPE_REPRESENTATION_RELATIONSHIP() );
#7078 = ITEM_DEFINED_TRANSFORMATION('','',#11,#55);
#7079 = PRODUCT_DEFINITION_SHAPE('Placement','Placement of an item',
  #7080);
#7080 = NEXT_ASSEMBLY_USAGE_OCCURRENCE('11','TB_OUT3_OUT4','',#5,#6541,$
  );
#7081 = PRODUCT_RELATED_PRODUCT_CATEGORY('part',$,(#6543));
#7082 = SHAPE_DEFINITION_REPRESENTATION(#7083,#7089);
#7083 = PRODUCT_DEFINITION_SHAPE('','',#7084);
#7084 = PRODUCT_DEFINITION('design','',#7085,#7088);
#7085 = PRODUCT_DEFINITION_FORMATION('','',#7086);
#7086 = PRODUCT('TB_OUT3_OUT4_screws','TB_OUT3_OUT4_screws','',(#7087));
#7087 = PRODUCT_CONTEXT('',#2,'mechanical');
#7088 = PRODUCT_DEFINITION_CONTEXT('part definition',#2,'design');
#7089 = SHAPE_REPRESENTATION('',(#11,#7090,#7289),#7488);
#7090 = MANIFOLD_SOLID_BREP('',#7091);
#7091 = CLOSED_SHELL('',(#7092,#7202,#7217,#7234,#7253,#7270,#7280));
#7092 = ADVANCED_FACE('',(#7093),#7197,.T.);
#7093 = FACE_BOUND('',#7094,.T.);
#7094 = EDGE_LOOP('',(#7095,#7106,#7114,#7123,#7131,#7138,#7139,#7148,
    #7156,#7165,#7173,#7182,#7191));
#7095 = ORIENTED_EDGE('',*,*,#7096,.F.);
#7096 = EDGE_CURVE('',#7097,#7099,#7101,.T.);
#7097 = VERTEX_POINT('',#7098);
#7098 = CARTESIAN_POINT('',(3.925640646055,4.8,9.5));
#7099 = VERTEX_POINT('',#7100);
#7100 = CARTESIAN_POINT('',(1.154359353945,4.8,9.5));
#7101 = CIRCLE('',#7102,1.4);
#7102 = AXIS2_PLACEMENT_3D('',#7103,#7104,#7105);
#7103 = CARTESIAN_POINT('',(2.54,4.6,9.5));
#7104 = DIRECTION('',(0.,0.,1.));
#7105 = DIRECTION('',(1.,0.,-0.));
#7106 = ORIENTED_EDGE('',*,*,#7107,.F.);
#7107 = EDGE_CURVE('',#7108,#7097,#7110,.T.);
#7108 = VERTEX_POINT('',#7109);
#7109 = CARTESIAN_POINT('',(3.925640646055,4.8,9.));
#7110 = LINE('',#7111,#7112);
#7111 = CARTESIAN_POINT('',(3.925640646055,4.8,6.5));
#7112 = VECTOR('',#7113,1.);
#7113 = DIRECTION('',(0.,0.,1.));
#7114 = ORIENTED_EDGE('',*,*,#7115,.F.);
#7115 = EDGE_CURVE('',#7116,#7108,#7118,.T.);
#7116 = VERTEX_POINT('',#7117);
#7117 = CARTESIAN_POINT('',(3.94,4.6,9.));
#7118 = CIRCLE('',#7119,1.4);
#7119 = AXIS2_PLACEMENT_3D('',#7120,#7121,#7122);
#7120 = CARTESIAN_POINT('',(2.54,4.6,9.));
#7121 = DIRECTION('',(0.,0.,1.));
#7122 = DIRECTION('',(1.,0.,-0.));
#7123 = ORIENTED_EDGE('',*,*,#7124,.F.);
#7124 = EDGE_CURVE('',#7125,#7116,#7127,.T.);
#7125 = VERTEX_POINT('',#7126);
#7126 = CARTESIAN_POINT('',(3.94,4.6,6.5));
#7127 = LINE('',#7128,#7129);
#7128 = CARTESIAN_POINT('',(3.94,4.6,6.5));
#7129 = VECTOR('',#7130,1.);
#7130 = DIRECTION('',(0.,0.,1.));
#7131 = ORIENTED_EDGE('',*,*,#7132,.T.);
#7132 = EDGE_CURVE('',#7125,#7125,#7133,.T.);
#7133 = CIRCLE('',#7134,1.4);
#7134 = AXIS2_PLACEMENT_3D('',#7135,#7136,#7137);
#7135 = CARTESIAN_POINT('',(2.54,4.6,6.5));
#7136 = DIRECTION('',(0.,0.,1.));
#7137 = DIRECTION('',(1.,0.,-0.));
#7138 = ORIENTED_EDGE('',*,*,#7124,.T.);
#7139 = ORIENTED_EDGE('',*,*,#7140,.F.);
#7140 = EDGE_CURVE('',#7141,#7116,#7143,.T.);
#7141 = VERTEX_POINT('',#7142);
#7142 = CARTESIAN_POINT('',(3.925640646055,4.4,9.));
#7143 = CIRCLE('',#7144,1.4);
#7144 = AXIS2_PLACEMENT_3D('',#7145,#7146,#7147);
#7145 = CARTESIAN_POINT('',(2.54,4.6,9.));
#7146 = DIRECTION('',(0.,0.,1.));
#7147 = DIRECTION('',(1.,0.,-0.));
#7148 = ORIENTED_EDGE('',*,*,#7149,.T.);
#7149 = EDGE_CURVE('',#7141,#7150,#7152,.T.);
#7150 = VERTEX_POINT('',#7151);
#7151 = CARTESIAN_POINT('',(3.925640646055,4.4,9.5));
#7152 = LINE('',#7153,#7154);
#7153 = CARTESIAN_POINT('',(3.925640646055,4.4,6.5));
#7154 = VECTOR('',#7155,1.);
#7155 = DIRECTION('',(0.,0.,1.));
#7156 = ORIENTED_EDGE('',*,*,#7157,.F.);
#7157 = EDGE_CURVE('',#7158,#7150,#7160,.T.);
#7158 = VERTEX_POINT('',#7159);
#7159 = CARTESIAN_POINT('',(1.154359353945,4.4,9.5));
#7160 = CIRCLE('',#7161,1.4);
#7161 = AXIS2_PLACEMENT_3D('',#7162,#7163,#7164);
#7162 = CARTESIAN_POINT('',(2.54,4.6,9.5));
#7163 = DIRECTION('',(0.,0.,1.));
#7164 = DIRECTION('',(1.,0.,-0.));
#7165 = ORIENTED_EDGE('',*,*,#7166,.F.);
#7166 = EDGE_CURVE('',#7167,#7158,#7169,.T.);
#7167 = VERTEX_POINT('',#7168);
#7168 = CARTESIAN_POINT('',(1.154359353945,4.4,9.));
#7169 = LINE('',#7170,#7171);
#7170 = CARTESIAN_POINT('',(1.154359353945,4.4,6.5));
#7171 = VECTOR('',#7172,1.);
#7172 = DIRECTION('',(0.,0.,1.));
#7173 = ORIENTED_EDGE('',*,*,#7174,.F.);
#7174 = EDGE_CURVE('',#7175,#7167,#7177,.T.);
#7175 = VERTEX_POINT('',#7176);
#7176 = CARTESIAN_POINT('',(1.14,4.6,9.));
#7177 = CIRCLE('',#7178,1.4);
#7178 = AXIS2_PLACEMENT_3D('',#7179,#7180,#7181);
#7179 = CARTESIAN_POINT('',(2.54,4.6,9.));
#7180 = DIRECTION('',(0.,0.,1.));
#7181 = DIRECTION('',(1.,0.,-0.));
#7182 = ORIENTED_EDGE('',*,*,#7183,.F.);
#7183 = EDGE_CURVE('',#7184,#7175,#7186,.T.);
#7184 = VERTEX_POINT('',#7185);
#7185 = CARTESIAN_POINT('',(1.154359353945,4.8,9.));
#7186 = CIRCLE('',#7187,1.4);
#7187 = AXIS2_PLACEMENT_3D('',#7188,#7189,#7190);
#7188 = CARTESIAN_POINT('',(2.54,4.6,9.));
#7189 = DIRECTION('',(0.,0.,1.));
#7190 = DIRECTION('',(1.,0.,-0.));
#7191 = ORIENTED_EDGE('',*,*,#7192,.T.);
#7192 = EDGE_CURVE('',#7184,#7099,#7193,.T.);
#7193 = LINE('',#7194,#7195);
#7194 = CARTESIAN_POINT('',(1.154359353945,4.8,6.5));
#7195 = VECTOR('',#7196,1.);
#7196 = DIRECTION('',(0.,0.,1.));
#7197 = CYLINDRICAL_SURFACE('',#7198,1.4);
#7198 = AXIS2_PLACEMENT_3D('',#7199,#7200,#7201);
#7199 = CARTESIAN_POINT('',(2.54,4.6,6.5));
#7200 = DIRECTION('',(0.,0.,1.));
#7201 = DIRECTION('',(1.,0.,-0.));
#7202 = ADVANCED_FACE('',(#7203),#7212,.T.);
#7203 = FACE_BOUND('',#7204,.T.);
#7204 = EDGE_LOOP('',(#7205,#7211));
#7205 = ORIENTED_EDGE('',*,*,#7206,.F.);
#7206 = EDGE_CURVE('',#7097,#7099,#7207,.T.);
#7207 = LINE('',#7208,#7209);
#7208 = CARTESIAN_POINT('',(1.84,4.8,9.5));
#7209 = VECTOR('',#7210,1.);
#7210 = DIRECTION('',(-1.,-0.,0.));
#7211 = ORIENTED_EDGE('',*,*,#7096,.T.);
#7212 = PLANE('',#7213);
#7213 = AXIS2_PLACEMENT_3D('',#7214,#7215,#7216);
#7214 = CARTESIAN_POINT('',(2.54,4.6,9.5));
#7215 = DIRECTION('',(0.,0.,1.));
#7216 = DIRECTION('',(1.,0.,-0.));
#7217 = ADVANCED_FACE('',(#7218),#7229,.F.);
#7218 = FACE_BOUND('',#7219,.F.);
#7219 = EDGE_LOOP('',(#7220,#7226,#7227,#7228));
#7220 = ORIENTED_EDGE('',*,*,#7221,.F.);
#7221 = EDGE_CURVE('',#7184,#7108,#7222,.T.);
#7222 = LINE('',#7223,#7224);
#7223 = CARTESIAN_POINT('',(1.14,4.8,9.));
#7224 = VECTOR('',#7225,1.);
#7225 = DIRECTION('',(1.,0.,-0.));
#7226 = ORIENTED_EDGE('',*,*,#7192,.T.);
#7227 = ORIENTED_EDGE('',*,*,#7206,.F.);
#7228 = ORIENTED_EDGE('',*,*,#7107,.F.);
#7229 = PLANE('',#7230);
#7230 = AXIS2_PLACEMENT_3D('',#7231,#7232,#7233);
#7231 = CARTESIAN_POINT('',(1.14,4.8,9.));
#7232 = DIRECTION('',(-0.,1.,0.));
#7233 = DIRECTION('',(0.,0.,1.));
#7234 = ADVANCED_FACE('',(#7235),#7248,.T.);
#7235 = FACE_BOUND('',#7236,.T.);
#7236 = EDGE_LOOP('',(#7237,#7238,#7239,#7245,#7246,#7247));
#7237 = ORIENTED_EDGE('',*,*,#7183,.T.);
#7238 = ORIENTED_EDGE('',*,*,#7174,.T.);
#7239 = ORIENTED_EDGE('',*,*,#7240,.T.);
#7240 = EDGE_CURVE('',#7167,#7141,#7241,.T.);
#7241 = LINE('',#7242,#7243);
#7242 = CARTESIAN_POINT('',(1.14,4.4,9.));
#7243 = VECTOR('',#7244,1.);
#7244 = DIRECTION('',(1.,0.,-0.));
#7245 = ORIENTED_EDGE('',*,*,#7140,.T.);
#7246 = ORIENTED_EDGE('',*,*,#7115,.T.);
#7247 = ORIENTED_EDGE('',*,*,#7221,.F.);
#7248 = PLANE('',#7249);
#7249 = AXIS2_PLACEMENT_3D('',#7250,#7251,#7252);
#7250 = CARTESIAN_POINT('',(1.14,4.4,9.));
#7251 = DIRECTION('',(0.,0.,1.));
#7252 = DIRECTION('',(1.,0.,-0.));
#7253 = ADVANCED_FACE('',(#7254),#7265,.T.);
#7254 = FACE_BOUND('',#7255,.T.);
#7255 = EDGE_LOOP('',(#7256,#7257,#7258,#7264));
#7256 = ORIENTED_EDGE('',*,*,#7240,.F.);
#7257 = ORIENTED_EDGE('',*,*,#7166,.T.);
#7258 = ORIENTED_EDGE('',*,*,#7259,.F.);
#7259 = EDGE_CURVE('',#7150,#7158,#7260,.T.);
#7260 = LINE('',#7261,#7262);
#7261 = CARTESIAN_POINT('',(1.84,4.4,9.5));
#7262 = VECTOR('',#7263,1.);
#7263 = DIRECTION('',(-1.,-0.,0.));
#7264 = ORIENTED_EDGE('',*,*,#7149,.F.);
#7265 = PLANE('',#7266);
#7266 = AXIS2_PLACEMENT_3D('',#7267,#7268,#7269);
#7267 = CARTESIAN_POINT('',(1.14,4.4,9.));
#7268 = DIRECTION('',(-0.,1.,0.));
#7269 = DIRECTION('',(0.,0.,1.));
#7270 = ADVANCED_FACE('',(#7271),#7275,.T.);
#7271 = FACE_BOUND('',#7272,.T.);
#7272 = EDGE_LOOP('',(#7273,#7274));
#7273 = ORIENTED_EDGE('',*,*,#7157,.T.);
#7274 = ORIENTED_EDGE('',*,*,#7259,.T.);
#7275 = PLANE('',#7276);
#7276 = AXIS2_PLACEMENT_3D('',#7277,#7278,#7279);
#7277 = CARTESIAN_POINT('',(2.54,4.6,9.5));
#7278 = DIRECTION('',(0.,0.,1.));
#7279 = DIRECTION('',(1.,0.,-0.));
#7280 = ADVANCED_FACE('',(#7281),#7284,.F.);
#7281 = FACE_BOUND('',#7282,.T.);
#7282 = EDGE_LOOP('',(#7283));
#7283 = ORIENTED_EDGE('',*,*,#7132,.F.);
#7284 = PLANE('',#7285);
#7285 = AXIS2_PLACEMENT_3D('',#7286,#7287,#7288);
#7286 = CARTESIAN_POINT('',(2.54,4.6,6.5));
#7287 = DIRECTION('',(0.,0.,1.));
#7288 = DIRECTION('',(1.,0.,-0.));
#7289 = MANIFOLD_SOLID_BREP('',#7290);
#7290 = CLOSED_SHELL('',(#7291,#7401,#7416,#7433,#7452,#7469,#7479));
#7291 = ADVANCED_FACE('',(#7292),#7396,.T.);
#7292 = FACE_BOUND('',#7293,.T.);
#7293 = EDGE_LOOP('',(#7294,#7305,#7313,#7322,#7330,#7337,#7338,#7347,
    #7355,#7364,#7372,#7381,#7390));
#7294 = ORIENTED_EDGE('',*,*,#7295,.F.);
#7295 = EDGE_CURVE('',#7296,#7298,#7300,.T.);
#7296 = VERTEX_POINT('',#7297);
#7297 = CARTESIAN_POINT('',(9.005640646055,4.8,9.5));
#7298 = VERTEX_POINT('',#7299);
#7299 = CARTESIAN_POINT('',(6.234359353945,4.8,9.5));
#7300 = CIRCLE('',#7301,1.4);
#7301 = AXIS2_PLACEMENT_3D('',#7302,#7303,#7304);
#7302 = CARTESIAN_POINT('',(7.62,4.6,9.5));
#7303 = DIRECTION('',(0.,0.,1.));
#7304 = DIRECTION('',(1.,0.,-0.));
#7305 = ORIENTED_EDGE('',*,*,#7306,.F.);
#7306 = EDGE_CURVE('',#7307,#7296,#7309,.T.);
#7307 = VERTEX_POINT('',#7308);
#7308 = CARTESIAN_POINT('',(9.005640646055,4.8,9.));
#7309 = LINE('',#7310,#7311);
#7310 = CARTESIAN_POINT('',(9.005640646055,4.8,6.5));
#7311 = VECTOR('',#7312,1.);
#7312 = DIRECTION('',(0.,0.,1.));
#7313 = ORIENTED_EDGE('',*,*,#7314,.F.);
#7314 = EDGE_CURVE('',#7315,#7307,#7317,.T.);
#7315 = VERTEX_POINT('',#7316);
#7316 = CARTESIAN_POINT('',(9.02,4.6,9.));
#7317 = CIRCLE('',#7318,1.4);
#7318 = AXIS2_PLACEMENT_3D('',#7319,#7320,#7321);
#7319 = CARTESIAN_POINT('',(7.62,4.6,9.));
#7320 = DIRECTION('',(0.,0.,1.));
#7321 = DIRECTION('',(1.,0.,-0.));
#7322 = ORIENTED_EDGE('',*,*,#7323,.F.);
#7323 = EDGE_CURVE('',#7324,#7315,#7326,.T.);
#7324 = VERTEX_POINT('',#7325);
#7325 = CARTESIAN_POINT('',(9.02,4.6,6.5));
#7326 = LINE('',#7327,#7328);
#7327 = CARTESIAN_POINT('',(9.02,4.6,6.5));
#7328 = VECTOR('',#7329,1.);
#7329 = DIRECTION('',(0.,0.,1.));
#7330 = ORIENTED_EDGE('',*,*,#7331,.T.);
#7331 = EDGE_CURVE('',#7324,#7324,#7332,.T.);
#7332 = CIRCLE('',#7333,1.4);
#7333 = AXIS2_PLACEMENT_3D('',#7334,#7335,#7336);
#7334 = CARTESIAN_POINT('',(7.62,4.6,6.5));
#7335 = DIRECTION('',(0.,0.,1.));
#7336 = DIRECTION('',(1.,0.,-0.));
#7337 = ORIENTED_EDGE('',*,*,#7323,.T.);
#7338 = ORIENTED_EDGE('',*,*,#7339,.F.);
#7339 = EDGE_CURVE('',#7340,#7315,#7342,.T.);
#7340 = VERTEX_POINT('',#7341);
#7341 = CARTESIAN_POINT('',(9.005640646055,4.4,9.));
#7342 = CIRCLE('',#7343,1.4);
#7343 = AXIS2_PLACEMENT_3D('',#7344,#7345,#7346);
#7344 = CARTESIAN_POINT('',(7.62,4.6,9.));
#7345 = DIRECTION('',(0.,0.,1.));
#7346 = DIRECTION('',(1.,0.,-0.));
#7347 = ORIENTED_EDGE('',*,*,#7348,.T.);
#7348 = EDGE_CURVE('',#7340,#7349,#7351,.T.);
#7349 = VERTEX_POINT('',#7350);
#7350 = CARTESIAN_POINT('',(9.005640646055,4.4,9.5));
#7351 = LINE('',#7352,#7353);
#7352 = CARTESIAN_POINT('',(9.005640646055,4.4,6.5));
#7353 = VECTOR('',#7354,1.);
#7354 = DIRECTION('',(0.,0.,1.));
#7355 = ORIENTED_EDGE('',*,*,#7356,.F.);
#7356 = EDGE_CURVE('',#7357,#7349,#7359,.T.);
#7357 = VERTEX_POINT('',#7358);
#7358 = CARTESIAN_POINT('',(6.234359353945,4.4,9.5));
#7359 = CIRCLE('',#7360,1.4);
#7360 = AXIS2_PLACEMENT_3D('',#7361,#7362,#7363);
#7361 = CARTESIAN_POINT('',(7.62,4.6,9.5));
#7362 = DIRECTION('',(0.,0.,1.));
#7363 = DIRECTION('',(1.,0.,-0.));
#7364 = ORIENTED_EDGE('',*,*,#7365,.F.);
#7365 = EDGE_CURVE('',#7366,#7357,#7368,.T.);
#7366 = VERTEX_POINT('',#7367);
#7367 = CARTESIAN_POINT('',(6.234359353945,4.4,9.));
#7368 = LINE('',#7369,#7370);
#7369 = CARTESIAN_POINT('',(6.234359353945,4.4,6.5));
#7370 = VECTOR('',#7371,1.);
#7371 = DIRECTION('',(0.,0.,1.));
#7372 = ORIENTED_EDGE('',*,*,#7373,.F.);
#7373 = EDGE_CURVE('',#7374,#7366,#7376,.T.);
#7374 = VERTEX_POINT('',#7375);
#7375 = CARTESIAN_POINT('',(6.22,4.6,9.));
#7376 = CIRCLE('',#7377,1.4);
#7377 = AXIS2_PLACEMENT_3D('',#7378,#7379,#7380);
#7378 = CARTESIAN_POINT('',(7.62,4.6,9.));
#7379 = DIRECTION('',(0.,0.,1.));
#7380 = DIRECTION('',(1.,0.,-0.));
#7381 = ORIENTED_EDGE('',*,*,#7382,.F.);
#7382 = EDGE_CURVE('',#7383,#7374,#7385,.T.);
#7383 = VERTEX_POINT('',#7384);
#7384 = CARTESIAN_POINT('',(6.234359353945,4.8,9.));
#7385 = CIRCLE('',#7386,1.4);
#7386 = AXIS2_PLACEMENT_3D('',#7387,#7388,#7389);
#7387 = CARTESIAN_POINT('',(7.62,4.6,9.));
#7388 = DIRECTION('',(0.,0.,1.));
#7389 = DIRECTION('',(1.,0.,-0.));
#7390 = ORIENTED_EDGE('',*,*,#7391,.T.);
#7391 = EDGE_CURVE('',#7383,#7298,#7392,.T.);
#7392 = LINE('',#7393,#7394);
#7393 = CARTESIAN_POINT('',(6.234359353945,4.8,6.5));
#7394 = VECTOR('',#7395,1.);
#7395 = DIRECTION('',(0.,0.,1.));
#7396 = CYLINDRICAL_SURFACE('',#7397,1.4);
#7397 = AXIS2_PLACEMENT_3D('',#7398,#7399,#7400);
#7398 = CARTESIAN_POINT('',(7.62,4.6,6.5));
#7399 = DIRECTION('',(0.,0.,1.));
#7400 = DIRECTION('',(1.,0.,-0.));
#7401 = ADVANCED_FACE('',(#7402),#7411,.T.);
#7402 = FACE_BOUND('',#7403,.T.);
#7403 = EDGE_LOOP('',(#7404,#7410));
#7404 = ORIENTED_EDGE('',*,*,#7405,.F.);
#7405 = EDGE_CURVE('',#7296,#7298,#7406,.T.);
#7406 = LINE('',#7407,#7408);
#7407 = CARTESIAN_POINT('',(6.92,4.8,9.5));
#7408 = VECTOR('',#7409,1.);
#7409 = DIRECTION('',(-1.,-0.,0.));
#7410 = ORIENTED_EDGE('',*,*,#7295,.T.);
#7411 = PLANE('',#7412);
#7412 = AXIS2_PLACEMENT_3D('',#7413,#7414,#7415);
#7413 = CARTESIAN_POINT('',(7.62,4.6,9.5));
#7414 = DIRECTION('',(0.,0.,1.));
#7415 = DIRECTION('',(1.,0.,-0.));
#7416 = ADVANCED_FACE('',(#7417),#7428,.F.);
#7417 = FACE_BOUND('',#7418,.F.);
#7418 = EDGE_LOOP('',(#7419,#7425,#7426,#7427));
#7419 = ORIENTED_EDGE('',*,*,#7420,.F.);
#7420 = EDGE_CURVE('',#7383,#7307,#7421,.T.);
#7421 = LINE('',#7422,#7423);
#7422 = CARTESIAN_POINT('',(6.22,4.8,9.));
#7423 = VECTOR('',#7424,1.);
#7424 = DIRECTION('',(1.,0.,-0.));
#7425 = ORIENTED_EDGE('',*,*,#7391,.T.);
#7426 = ORIENTED_EDGE('',*,*,#7405,.F.);
#7427 = ORIENTED_EDGE('',*,*,#7306,.F.);
#7428 = PLANE('',#7429);
#7429 = AXIS2_PLACEMENT_3D('',#7430,#7431,#7432);
#7430 = CARTESIAN_POINT('',(6.22,4.8,9.));
#7431 = DIRECTION('',(-0.,1.,0.));
#7432 = DIRECTION('',(0.,0.,1.));
#7433 = ADVANCED_FACE('',(#7434),#7447,.T.);
#7434 = FACE_BOUND('',#7435,.T.);
#7435 = EDGE_LOOP('',(#7436,#7437,#7438,#7444,#7445,#7446));
#7436 = ORIENTED_EDGE('',*,*,#7382,.T.);
#7437 = ORIENTED_EDGE('',*,*,#7373,.T.);
#7438 = ORIENTED_EDGE('',*,*,#7439,.T.);
#7439 = EDGE_CURVE('',#7366,#7340,#7440,.T.);
#7440 = LINE('',#7441,#7442);
#7441 = CARTESIAN_POINT('',(6.22,4.4,9.));
#7442 = VECTOR('',#7443,1.);
#7443 = DIRECTION('',(1.,0.,-0.));
#7444 = ORIENTED_EDGE('',*,*,#7339,.T.);
#7445 = ORIENTED_EDGE('',*,*,#7314,.T.);
#7446 = ORIENTED_EDGE('',*,*,#7420,.F.);
#7447 = PLANE('',#7448);
#7448 = AXIS2_PLACEMENT_3D('',#7449,#7450,#7451);
#7449 = CARTESIAN_POINT('',(6.22,4.4,9.));
#7450 = DIRECTION('',(0.,0.,1.));
#7451 = DIRECTION('',(1.,0.,-0.));
#7452 = ADVANCED_FACE('',(#7453),#7464,.T.);
#7453 = FACE_BOUND('',#7454,.T.);
#7454 = EDGE_LOOP('',(#7455,#7456,#7457,#7463));
#7455 = ORIENTED_EDGE('',*,*,#7439,.F.);
#7456 = ORIENTED_EDGE('',*,*,#7365,.T.);
#7457 = ORIENTED_EDGE('',*,*,#7458,.F.);
#7458 = EDGE_CURVE('',#7349,#7357,#7459,.T.);
#7459 = LINE('',#7460,#7461);
#7460 = CARTESIAN_POINT('',(6.92,4.4,9.5));
#7461 = VECTOR('',#7462,1.);
#7462 = DIRECTION('',(-1.,-0.,0.));
#7463 = ORIENTED_EDGE('',*,*,#7348,.F.);
#7464 = PLANE('',#7465);
#7465 = AXIS2_PLACEMENT_3D('',#7466,#7467,#7468);
#7466 = CARTESIAN_POINT('',(6.22,4.4,9.));
#7467 = DIRECTION('',(-0.,1.,0.));
#7468 = DIRECTION('',(0.,0.,1.));
#7469 = ADVANCED_FACE('',(#7470),#7474,.T.);
#7470 = FACE_BOUND('',#7471,.T.);
#7471 = EDGE_LOOP('',(#7472,#7473));
#7472 = ORIENTED_EDGE('',*,*,#7356,.T.);
#7473 = ORIENTED_EDGE('',*,*,#7458,.T.);
#7474 = PLANE('',#7475);
#7475 = AXIS2_PLACEMENT_3D('',#7476,#7477,#7478);
#7476 = CARTESIAN_POINT('',(7.62,4.6,9.5));
#7477 = DIRECTION('',(0.,0.,1.));
#7478 = DIRECTION('',(1.,0.,-0.));
#7479 = ADVANCED_FACE('',(#7480),#7483,.F.);
#7480 = FACE_BOUND('',#7481,.T.);
#7481 = EDGE_LOOP('',(#7482));
#7482 = ORIENTED_EDGE('',*,*,#7331,.F.);
#7483 = PLANE('',#7484);
#7484 = AXIS2_PLACEMENT_3D('',#7485,#7486,#7487);
#7485 = CARTESIAN_POINT('',(7.62,4.6,6.5));
#7486 = DIRECTION('',(0.,0.,1.));
#7487 = DIRECTION('',(1.,0.,-0.));
#7488 = ( GEOMETRIC_REPRESENTATION_CONTEXT(3) 
GLOBAL_UNCERTAINTY_ASSIGNED_CONTEXT((#7492)) 
GLOBAL_UNIT_ASSIGNED_CONTEXT((#7489,#7490,#7491)) REPRESENTATION_CONTEXT
('Context #1','3D Context with UNIT and UNCERTAINTY') );
#7489 = ( LENGTH_UNIT() NAMED_UNIT(*) SI_UNIT(.MILLI.,.METRE.) );
#7490 = ( NAMED_UNIT(*) PLANE_ANGLE_UNIT() SI_UNIT($,.RADIAN.) );
#7491 = ( NAMED_UNIT(*) SI_UNIT($,.STERADIAN.) SOLID_ANGLE_UNIT() );
#7492 = UNCERTAINTY_MEASURE_WITH_UNIT(LENGTH_MEASURE(1.E-07),#7489,
  'distance_accuracy_value','confusion accuracy');
#7493 = CONTEXT_DEPENDENT_SHAPE_REPRESENTATION(#7494,#7496);
#7494 = ( REPRESENTATION_RELATIONSHIP('','',#7089,#10) 
REPRESENTATION_RELATIONSHIP_WITH_TRANSFORMATION(#7495) 
SHAPE_REPRESENTATION_RELATIONSHIP() );
#7495 = ITEM_DEFINED_TRANSFORMATION('','',#11,#59);
#7496 = PRODUCT_DEFINITION_SHAPE('Placement','Placement of an item',
  #7497);
#7497 = NEXT_ASSEMBLY_USAGE_OCCURRENCE('12','TB_OUT3_OUT4_screws','',#5,
  #7084,$);
#7498 = PRODUCT_RELATED_PRODUCT_CATEGORY('part',$,(#7086));
#7499 = SHAPE_DEFINITION_REPRESENTATION(#7500,#7506);
#7500 = PRODUCT_DEFINITION_SHAPE('','',#7501);
#7501 = PRODUCT_DEFINITION('design','',#7502,#7505);
#7502 = PRODUCT_DEFINITION_FORMATION('','',#7503);
#7503 = PRODUCT('Header_Logic_base','Header_Logic_base','',(#7504));
#7504 = PRODUCT_CONTEXT('',#2,'mechanical');
#7505 = PRODUCT_DEFINITION_CONTEXT('part definition',#2,'design');
#7506 = ADVANCED_BREP_SHAPE_REPRESENTATION('',(#11,#7507),#7657);
#7507 = MANIFOLD_SOLID_BREP('',#7508);
#7508 = CLOSED_SHELL('',(#7509,#7549,#7580,#7611,#7628,#7645));
#7509 = ADVANCED_FACE('',(#7510),#7544,.T.);
#7510 = FACE_BOUND('',#7511,.T.);
#7511 = EDGE_LOOP('',(#7512,#7522,#7530,#7538));
#7512 = ORIENTED_EDGE('',*,*,#7513,.F.);
#7513 = EDGE_CURVE('',#7514,#7516,#7518,.T.);
#7514 = VERTEX_POINT('',#7515);
#7515 = CARTESIAN_POINT('',(35.97,2.73,1.6));
#7516 = VERTEX_POINT('',#7517);
#7517 = CARTESIAN_POINT('',(35.97,2.73,4.1));
#7518 = LINE('',#7519,#7520);
#7519 = CARTESIAN_POINT('',(35.97,2.73,1.6));
#7520 = VECTOR('',#7521,1.);
#7521 = DIRECTION('',(0.,0.,1.));
#7522 = ORIENTED_EDGE('',*,*,#7523,.T.);
#7523 = EDGE_CURVE('',#7514,#7524,#7526,.T.);
#7524 = VERTEX_POINT('',#7525);
#7525 = CARTESIAN_POINT('',(35.97,5.27,1.6));
#7526 = LINE('',#7527,#7528);
#7527 = CARTESIAN_POINT('',(35.97,2.73,1.6));
#7528 = VECTOR('',#7529,1.);
#7529 = DIRECTION('',(-0.,1.,0.));
#7530 = ORIENTED_EDGE('',*,*,#7531,.T.);
#7531 = EDGE_CURVE('',#7524,#7532,#7534,.T.);
#7532 = VERTEX_POINT('',#7533);
#7533 = CARTESIAN_POINT('',(35.97,5.27,4.1));
#7534 = LINE('',#7535,#7536);
#7535 = CARTESIAN_POINT('',(35.97,5.27,1.6));
#7536 = VECTOR('',#7537,1.);
#7537 = DIRECTION('',(0.,0.,1.));
#7538 = ORIENTED_EDGE('',*,*,#7539,.F.);
#7539 = EDGE_CURVE('',#7516,#7532,#7540,.T.);
#7540 = LINE('',#7541,#7542);
#7541 = CARTESIAN_POINT('',(35.97,2.73,4.1));
#7542 = VECTOR('',#7543,1.);
#7543 = DIRECTION('',(-0.,1.,0.));
#7544 = PLANE('',#7545);
#7545 = AXIS2_PLACEMENT_3D('',#7546,#7547,#7548);
#7546 = CARTESIAN_POINT('',(35.97,2.73,1.6));
#7547 = DIRECTION('',(1.,0.,-0.));
#7548 = DIRECTION('',(0.,0.,1.));
#7549 = ADVANCED_FACE('',(#7550),#7575,.T.);
#7550 = FACE_BOUND('',#7551,.T.);
#7551 = EDGE_LOOP('',(#7552,#7560,#7561,#7569));
#7552 = ORIENTED_EDGE('',*,*,#7553,.T.);
#7553 = EDGE_CURVE('',#7554,#7514,#7556,.T.);
#7554 = VERTEX_POINT('',#7555);
#7555 = CARTESIAN_POINT('',(20.73,2.73,1.6));
#7556 = LINE('',#7557,#7558);
#7557 = CARTESIAN_POINT('',(20.73,2.73,1.6));
#7558 = VECTOR('',#7559,1.);
#7559 = DIRECTION('',(1.,0.,-0.));
#7560 = ORIENTED_EDGE('',*,*,#7513,.T.);
#7561 = ORIENTED_EDGE('',*,*,#7562,.F.);
#7562 = EDGE_CURVE('',#7563,#7516,#7565,.T.);
#7563 = VERTEX_POINT('',#7564);
#7564 = CARTESIAN_POINT('',(20.73,2.73,4.1));
#7565 = LINE('',#7566,#7567);
#7566 = CARTESIAN_POINT('',(33.43,2.73,4.1));
#7567 = VECTOR('',#7568,1.);
#7568 = DIRECTION('',(1.,0.,-0.));
#7569 = ORIENTED_EDGE('',*,*,#7570,.F.);
#7570 = EDGE_CURVE('',#7554,#7563,#7571,.T.);
#7571 = LINE('',#7572,#7573);
#7572 = CARTESIAN_POINT('',(20.73,2.73,1.6));
#7573 = VECTOR('',#7574,1.);
#7574 = DIRECTION('',(0.,0.,1.));
#7575 = PLANE('',#7576);
#7576 = AXIS2_PLACEMENT_3D('',#7577,#7578,#7579);
#7577 = CARTESIAN_POINT('',(28.35,2.73,2.85));
#7578 = DIRECTION('',(-0.,-1.,-0.));
#7579 = DIRECTION('',(0.,0.,-1.));
#7580 = ADVANCED_FACE('',(#7581),#7606,.F.);
#7581 = FACE_BOUND('',#7582,.F.);
#7582 = EDGE_LOOP('',(#7583,#7584,#7592,#7600));
#7583 = ORIENTED_EDGE('',*,*,#7570,.F.);
#7584 = ORIENTED_EDGE('',*,*,#7585,.T.);
#7585 = EDGE_CURVE('',#7554,#7586,#7588,.T.);
#7586 = VERTEX_POINT('',#7587);
#7587 = CARTESIAN_POINT('',(20.73,5.27,1.6));
#7588 = LINE('',#7589,#7590);
#7589 = CARTESIAN_POINT('',(20.73,2.73,1.6));
#7590 = VECTOR('',#7591,1.);
#7591 = DIRECTION('',(-0.,1.,0.));
#7592 = ORIENTED_EDGE('',*,*,#7593,.T.);
#7593 = EDGE_CURVE('',#7586,#7594,#7596,.T.);
#7594 = VERTEX_POINT('',#7595);
#7595 = CARTESIAN_POINT('',(20.73,5.27,4.1));
#7596 = LINE('',#7597,#7598);
#7597 = CARTESIAN_POINT('',(20.73,5.27,1.6));
#7598 = VECTOR('',#7599,1.);
#7599 = DIRECTION('',(0.,0.,1.));
#7600 = ORIENTED_EDGE('',*,*,#7601,.F.);
#7601 = EDGE_CURVE('',#7563,#7594,#7602,.T.);
#7602 = LINE('',#7603,#7604);
#7603 = CARTESIAN_POINT('',(20.73,2.73,4.1));
#7604 = VECTOR('',#7605,1.);
#7605 = DIRECTION('',(-0.,1.,0.));
#7606 = PLANE('',#7607);
#7607 = AXIS2_PLACEMENT_3D('',#7608,#7609,#7610);
#7608 = CARTESIAN_POINT('',(20.73,2.73,1.6));
#7609 = DIRECTION('',(1.,0.,-0.));
#7610 = DIRECTION('',(0.,0.,1.));
#7611 = ADVANCED_FACE('',(#7612),#7623,.T.);
#7612 = FACE_BOUND('',#7613,.T.);
#7613 = EDGE_LOOP('',(#7614,#7615,#7616,#7617));
#7614 = ORIENTED_EDGE('',*,*,#7601,.F.);
#7615 = ORIENTED_EDGE('',*,*,#7562,.T.);
#7616 = ORIENTED_EDGE('',*,*,#7539,.T.);
#7617 = ORIENTED_EDGE('',*,*,#7618,.F.);
#7618 = EDGE_CURVE('',#7594,#7532,#7619,.T.);
#7619 = LINE('',#7620,#7621);
#7620 = CARTESIAN_POINT('',(33.43,5.27,4.1));
#7621 = VECTOR('',#7622,1.);
#7622 = DIRECTION('',(1.,0.,-0.));
#7623 = PLANE('',#7624);
#7624 = AXIS2_PLACEMENT_3D('',#7625,#7626,#7627);
#7625 = CARTESIAN_POINT('',(28.35,4.,4.1));
#7626 = DIRECTION('',(0.,0.,1.));
#7627 = DIRECTION('',(1.,0.,-0.));
#7628 = ADVANCED_FACE('',(#7629),#7640,.T.);
#7629 = FACE_BOUND('',#7630,.T.);
#7630 = EDGE_LOOP('',(#7631,#7632,#7633,#7634));
#7631 = ORIENTED_EDGE('',*,*,#7593,.T.);
#7632 = ORIENTED_EDGE('',*,*,#7618,.T.);
#7633 = ORIENTED_EDGE('',*,*,#7531,.F.);
#7634 = ORIENTED_EDGE('',*,*,#7635,.F.);
#7635 = EDGE_CURVE('',#7586,#7524,#7636,.T.);
#7636 = LINE('',#7637,#7638);
#7637 = CARTESIAN_POINT('',(33.43,5.27,1.6));
#7638 = VECTOR('',#7639,1.);
#7639 = DIRECTION('',(1.,0.,-0.));
#7640 = PLANE('',#7641);
#7641 = AXIS2_PLACEMENT_3D('',#7642,#7643,#7644);
#7642 = CARTESIAN_POINT('',(28.35,5.27,2.85));
#7643 = DIRECTION('',(0.,1.,0.));
#7644 = DIRECTION('',(0.,-0.,1.));
#7645 = ADVANCED_FACE('',(#7646),#7652,.T.);
#7646 = FACE_BOUND('',#7647,.T.);
#7647 = EDGE_LOOP('',(#7648,#7649,#7650,#7651));
#7648 = ORIENTED_EDGE('',*,*,#7585,.T.);
#7649 = ORIENTED_EDGE('',*,*,#7635,.T.);
#7650 = ORIENTED_EDGE('',*,*,#7523,.F.);
#7651 = ORIENTED_EDGE('',*,*,#7553,.F.);
#7652 = PLANE('',#7653);
#7653 = AXIS2_PLACEMENT_3D('',#7654,#7655,#7656);
#7654 = CARTESIAN_POINT('',(28.35,4.,1.6));
#7655 = DIRECTION('',(-0.,-0.,-1.));
#7656 = DIRECTION('',(-1.,0.,0.));
#7657 = ( GEOMETRIC_REPRESENTATION_CONTEXT(3) 
GLOBAL_UNCERTAINTY_ASSIGNED_CONTEXT((#7661)) 
GLOBAL_UNIT_ASSIGNED_CONTEXT((#7658,#7659,#7660)) REPRESENTATION_CONTEXT
('Context #1','3D Context with UNIT and UNCERTAINTY') );
#7658 = ( LENGTH_UNIT() NAMED_UNIT(*) SI_UNIT(.MILLI.,.METRE.) );
#7659 = ( NAMED_UNIT(*) PLANE_ANGLE_UNIT() SI_UNIT($,.RADIAN.) );
#7660 = ( NAMED_UNIT(*) SI_UNIT($,.STERADIAN.) SOLID_ANGLE_UNIT() );
#7661 = UNCERTAINTY_MEASURE_WITH_UNIT(LENGTH_MEASURE(1.E-07),#7658,
  'distance_accuracy_value','confusion accuracy');
#7662 = CONTEXT_DEPENDENT_SHAPE_REPRESENTATION(#7663,#7665);
#7663 = ( REPRESENTATION_RELATIONSHIP('','',#7506,#10) 
REPRESENTATION_RELATIONSHIP_WITH_TRANSFORMATION(#7664) 
SHAPE_REPRESENTATION_RELATIONSHIP() );
#7664 = ITEM_DEFINED_TRANSFORMATION('','',#11,#63);
#7665 = PRODUCT_DEFINITION_SHAPE('Placement','Placement of an item',
  #7666);
#7666 = NEXT_ASSEMBLY_USAGE_OCCURRENCE('13','Header_Logic_base','',#5,
  #7501,$);
#7667 = PRODUCT_RELATED_PRODUCT_CATEGORY('part',$,(#7503));
#7668 = SHAPE_DEFINITION_REPRESENTATION(#7669,#7675);
#7669 = PRODUCT_DEFINITION_SHAPE('','',#7670);
#7670 = PRODUCT_DEFINITION('design','',#7671,#7674);
#7671 = PRODUCT_DEFINITION_FORMATION('','',#7672);
#7672 = PRODUCT('Header_Logic_pins','Header_Logic_pins','',(#7673));
#7673 = PRODUCT_CONTEXT('',#2,'mechanical');
#7674 = PRODUCT_DEFINITION_CONTEXT('part definition',#2,'design');
#7675 = SHAPE_REPRESENTATION('',(#11,#7676,#7826,#7976,#8126,#8276,#8426
    ),#8576);
#7676 = MANIFOLD_SOLID_BREP('',#7677);
#7677 = CLOSED_SHELL('',(#7678,#7718,#7758,#7780,#7802,#7814));
#7678 = ADVANCED_FACE('',(#7679),#7713,.F.);
#7679 = FACE_BOUND('',#7680,.F.);
#7680 = EDGE_LOOP('',(#7681,#7691,#7699,#7707));
#7681 = ORIENTED_EDGE('',*,*,#7682,.F.);
#7682 = EDGE_CURVE('',#7683,#7685,#7687,.T.);
#7683 = VERTEX_POINT('',#7684);
#7684 = CARTESIAN_POINT('',(21.68,3.68,-1.4));
#7685 = VERTEX_POINT('',#7686);
#7686 = CARTESIAN_POINT('',(21.68,3.68,13.1));
#7687 = LINE('',#7688,#7689);
#7688 = CARTESIAN_POINT('',(21.68,3.68,-1.4));
#7689 = VECTOR('',#7690,1.);
#7690 = DIRECTION('',(0.,0.,1.));
#7691 = ORIENTED_EDGE('',*,*,#7692,.T.);
#7692 = EDGE_CURVE('',#7683,#7693,#7695,.T.);
#7693 = VERTEX_POINT('',#7694);
#7694 = CARTESIAN_POINT('',(21.68,4.32,-1.4));
#7695 = LINE('',#7696,#7697);
#7696 = CARTESIAN_POINT('',(21.68,3.68,-1.4));
#7697 = VECTOR('',#7698,1.);
#7698 = DIRECTION('',(-0.,1.,0.));
#7699 = ORIENTED_EDGE('',*,*,#7700,.T.);
#7700 = EDGE_CURVE('',#7693,#7701,#7703,.T.);
#7701 = VERTEX_POINT('',#7702);
#7702 = CARTESIAN_POINT('',(21.68,4.32,13.1));
#7703 = LINE('',#7704,#7705);
#7704 = CARTESIAN_POINT('',(21.68,4.32,-1.4));
#7705 = VECTOR('',#7706,1.);
#7706 = DIRECTION('',(0.,0.,1.));
#7707 = ORIENTED_EDGE('',*,*,#7708,.F.);
#7708 = EDGE_CURVE('',#7685,#7701,#7709,.T.);
#7709 = LINE('',#7710,#7711);
#7710 = CARTESIAN_POINT('',(21.68,3.68,13.1));
#7711 = VECTOR('',#7712,1.);
#7712 = DIRECTION('',(-0.,1.,0.));
#7713 = PLANE('',#7714);
#7714 = AXIS2_PLACEMENT_3D('',#7715,#7716,#7717);
#7715 = CARTESIAN_POINT('',(21.68,3.68,-1.4));
#7716 = DIRECTION('',(1.,0.,-0.));
#7717 = DIRECTION('',(0.,0.,1.));
#7718 = ADVANCED_FACE('',(#7719),#7753,.T.);
#7719 = FACE_BOUND('',#7720,.T.);
#7720 = EDGE_LOOP('',(#7721,#7731,#7739,#7747));
#7721 = ORIENTED_EDGE('',*,*,#7722,.F.);
#7722 = EDGE_CURVE('',#7723,#7725,#7727,.T.);
#7723 = VERTEX_POINT('',#7724);
#7724 = CARTESIAN_POINT('',(22.32,3.68,-1.4));
#7725 = VERTEX_POINT('',#7726);
#7726 = CARTESIAN_POINT('',(22.32,3.68,13.1));
#7727 = LINE('',#7728,#7729);
#7728 = CARTESIAN_POINT('',(22.32,3.68,-1.4));
#7729 = VECTOR('',#7730,1.);
#7730 = DIRECTION('',(0.,0.,1.));
#7731 = ORIENTED_EDGE('',*,*,#7732,.T.);
#7732 = EDGE_CURVE('',#7723,#7733,#7735,.T.);
#7733 = VERTEX_POINT('',#7734);
#7734 = CARTESIAN_POINT('',(22.32,4.32,-1.4));
#7735 = LINE('',#7736,#7737);
#7736 = CARTESIAN_POINT('',(22.32,3.68,-1.4));
#7737 = VECTOR('',#7738,1.);
#7738 = DIRECTION('',(-0.,1.,0.));
#7739 = ORIENTED_EDGE('',*,*,#7740,.T.);
#7740 = EDGE_CURVE('',#7733,#7741,#7743,.T.);
#7741 = VERTEX_POINT('',#7742);
#7742 = CARTESIAN_POINT('',(22.32,4.32,13.1));
#7743 = LINE('',#7744,#7745);
#7744 = CARTESIAN_POINT('',(22.32,4.32,-1.4));
#7745 = VECTOR('',#7746,1.);
#7746 = DIRECTION('',(0.,0.,1.));
#7747 = ORIENTED_EDGE('',*,*,#7748,.F.);
#7748 = EDGE_CURVE('',#7725,#7741,#7749,.T.);
#7749 = LINE('',#7750,#7751);
#7750 = CARTESIAN_POINT('',(22.32,3.68,13.1));
#7751 = VECTOR('',#7752,1.);
#7752 = DIRECTION('',(-0.,1.,0.));
#7753 = PLANE('',#7754);
#7754 = AXIS2_PLACEMENT_3D('',#7755,#7756,#7757);
#7755 = CARTESIAN_POINT('',(22.32,3.68,-1.4));
#7756 = DIRECTION('',(1.,0.,-0.));
#7757 = DIRECTION('',(0.,0.,1.));
#7758 = ADVANCED_FACE('',(#7759),#7775,.F.);
#7759 = FACE_BOUND('',#7760,.F.);
#7760 = EDGE_LOOP('',(#7761,#7767,#7768,#7774));
#7761 = ORIENTED_EDGE('',*,*,#7762,.F.);
#7762 = EDGE_CURVE('',#7683,#7723,#7763,.T.);
#7763 = LINE('',#7764,#7765);
#7764 = CARTESIAN_POINT('',(21.68,3.68,-1.4));
#7765 = VECTOR('',#7766,1.);
#7766 = DIRECTION('',(1.,0.,-0.));
#7767 = ORIENTED_EDGE('',*,*,#7682,.T.);
#7768 = ORIENTED_EDGE('',*,*,#7769,.T.);
#7769 = EDGE_CURVE('',#7685,#7725,#7770,.T.);
#7770 = LINE('',#7771,#7772);
#7771 = CARTESIAN_POINT('',(21.68,3.68,13.1));
#7772 = VECTOR('',#7773,1.);
#7773 = DIRECTION('',(1.,0.,-0.));
#7774 = ORIENTED_EDGE('',*,*,#7722,.F.);
#7775 = PLANE('',#7776);
#7776 = AXIS2_PLACEMENT_3D('',#7777,#7778,#7779);
#7777 = CARTESIAN_POINT('',(21.68,3.68,-1.4));
#7778 = DIRECTION('',(-0.,1.,0.));
#7779 = DIRECTION('',(0.,0.,1.));
#7780 = ADVANCED_FACE('',(#7781),#7797,.T.);
#7781 = FACE_BOUND('',#7782,.T.);
#7782 = EDGE_LOOP('',(#7783,#7789,#7790,#7796));
#7783 = ORIENTED_EDGE('',*,*,#7784,.F.);
#7784 = EDGE_CURVE('',#7693,#7733,#7785,.T.);
#7785 = LINE('',#7786,#7787);
#7786 = CARTESIAN_POINT('',(21.68,4.32,-1.4));
#7787 = VECTOR('',#7788,1.);
#7788 = DIRECTION('',(1.,0.,-0.));
#7789 = ORIENTED_EDGE('',*,*,#7700,.T.);
#7790 = ORIENTED_EDGE('',*,*,#7791,.T.);
#7791 = EDGE_CURVE('',#7701,#7741,#7792,.T.);
#7792 = LINE('',#7793,#7794);
#7793 = CARTESIAN_POINT('',(21.68,4.32,13.1));
#7794 = VECTOR('',#7795,1.);
#7795 = DIRECTION('',(1.,0.,-0.));
#7796 = ORIENTED_EDGE('',*,*,#7740,.F.);
#7797 = PLANE('',#7798);
#7798 = AXIS2_PLACEMENT_3D('',#7799,#7800,#7801);
#7799 = CARTESIAN_POINT('',(21.68,4.32,-1.4));
#7800 = DIRECTION('',(-0.,1.,0.));
#7801 = DIRECTION('',(0.,0.,1.));
#7802 = ADVANCED_FACE('',(#7803),#7809,.F.);
#7803 = FACE_BOUND('',#7804,.F.);
#7804 = EDGE_LOOP('',(#7805,#7806,#7807,#7808));
#7805 = ORIENTED_EDGE('',*,*,#7692,.F.);
#7806 = ORIENTED_EDGE('',*,*,#7762,.T.);
#7807 = ORIENTED_EDGE('',*,*,#7732,.T.);
#7808 = ORIENTED_EDGE('',*,*,#7784,.F.);
#7809 = PLANE('',#7810);
#7810 = AXIS2_PLACEMENT_3D('',#7811,#7812,#7813);
#7811 = CARTESIAN_POINT('',(21.68,3.68,-1.4));
#7812 = DIRECTION('',(0.,0.,1.));
#7813 = DIRECTION('',(1.,0.,-0.));
#7814 = ADVANCED_FACE('',(#7815),#7821,.T.);
#7815 = FACE_BOUND('',#7816,.T.);
#7816 = EDGE_LOOP('',(#7817,#7818,#7819,#7820));
#7817 = ORIENTED_EDGE('',*,*,#7708,.F.);
#7818 = ORIENTED_EDGE('',*,*,#7769,.T.);
#7819 = ORIENTED_EDGE('',*,*,#7748,.T.);
#7820 = ORIENTED_EDGE('',*,*,#7791,.F.);
#7821 = PLANE('',#7822);
#7822 = AXIS2_PLACEMENT_3D('',#7823,#7824,#7825);
#7823 = CARTESIAN_POINT('',(21.68,3.68,13.1));
#7824 = DIRECTION('',(0.,0.,1.));
#7825 = DIRECTION('',(1.,0.,-0.));
#7826 = MANIFOLD_SOLID_BREP('',#7827);
#7827 = CLOSED_SHELL('',(#7828,#7868,#7908,#7930,#7952,#7964));
#7828 = ADVANCED_FACE('',(#7829),#7863,.F.);
#7829 = FACE_BOUND('',#7830,.F.);
#7830 = EDGE_LOOP('',(#7831,#7841,#7849,#7857));
#7831 = ORIENTED_EDGE('',*,*,#7832,.F.);
#7832 = EDGE_CURVE('',#7833,#7835,#7837,.T.);
#7833 = VERTEX_POINT('',#7834);
#7834 = CARTESIAN_POINT('',(24.22,3.68,-1.4));
#7835 = VERTEX_POINT('',#7836);
#7836 = CARTESIAN_POINT('',(24.22,3.68,13.1));
#7837 = LINE('',#7838,#7839);
#7838 = CARTESIAN_POINT('',(24.22,3.68,-1.4));
#7839 = VECTOR('',#7840,1.);
#7840 = DIRECTION('',(0.,0.,1.));
#7841 = ORIENTED_EDGE('',*,*,#7842,.T.);
#7842 = EDGE_CURVE('',#7833,#7843,#7845,.T.);
#7843 = VERTEX_POINT('',#7844);
#7844 = CARTESIAN_POINT('',(24.22,4.32,-1.4));
#7845 = LINE('',#7846,#7847);
#7846 = CARTESIAN_POINT('',(24.22,3.68,-1.4));
#7847 = VECTOR('',#7848,1.);
#7848 = DIRECTION('',(-0.,1.,0.));
#7849 = ORIENTED_EDGE('',*,*,#7850,.T.);
#7850 = EDGE_CURVE('',#7843,#7851,#7853,.T.);
#7851 = VERTEX_POINT('',#7852);
#7852 = CARTESIAN_POINT('',(24.22,4.32,13.1));
#7853 = LINE('',#7854,#7855);
#7854 = CARTESIAN_POINT('',(24.22,4.32,-1.4));
#7855 = VECTOR('',#7856,1.);
#7856 = DIRECTION('',(0.,0.,1.));
#7857 = ORIENTED_EDGE('',*,*,#7858,.F.);
#7858 = EDGE_CURVE('',#7835,#7851,#7859,.T.);
#7859 = LINE('',#7860,#7861);
#7860 = CARTESIAN_POINT('',(24.22,3.68,13.1));
#7861 = VECTOR('',#7862,1.);
#7862 = DIRECTION('',(-0.,1.,0.));
#7863 = PLANE('',#7864);
#7864 = AXIS2_PLACEMENT_3D('',#7865,#7866,#7867);
#7865 = CARTESIAN_POINT('',(24.22,3.68,-1.4));
#7866 = DIRECTION('',(1.,0.,-0.));
#7867 = DIRECTION('',(0.,0.,1.));
#7868 = ADVANCED_FACE('',(#7869),#7903,.T.);
#7869 = FACE_BOUND('',#7870,.T.);
#7870 = EDGE_LOOP('',(#7871,#7881,#7889,#7897));
#7871 = ORIENTED_EDGE('',*,*,#7872,.F.);
#7872 = EDGE_CURVE('',#7873,#7875,#7877,.T.);
#7873 = VERTEX_POINT('',#7874);
#7874 = CARTESIAN_POINT('',(24.86,3.68,-1.4));
#7875 = VERTEX_POINT('',#7876);
#7876 = CARTESIAN_POINT('',(24.86,3.68,13.1));
#7877 = LINE('',#7878,#7879);
#7878 = CARTESIAN_POINT('',(24.86,3.68,-1.4));
#7879 = VECTOR('',#7880,1.);
#7880 = DIRECTION('',(0.,0.,1.));
#7881 = ORIENTED_EDGE('',*,*,#7882,.T.);
#7882 = EDGE_CURVE('',#7873,#7883,#7885,.T.);
#7883 = VERTEX_POINT('',#7884);
#7884 = CARTESIAN_POINT('',(24.86,4.32,-1.4));
#7885 = LINE('',#7886,#7887);
#7886 = CARTESIAN_POINT('',(24.86,3.68,-1.4));
#7887 = VECTOR('',#7888,1.);
#7888 = DIRECTION('',(-0.,1.,0.));
#7889 = ORIENTED_EDGE('',*,*,#7890,.T.);
#7890 = EDGE_CURVE('',#7883,#7891,#7893,.T.);
#7891 = VERTEX_POINT('',#7892);
#7892 = CARTESIAN_POINT('',(24.86,4.32,13.1));
#7893 = LINE('',#7894,#7895);
#7894 = CARTESIAN_POINT('',(24.86,4.32,-1.4));
#7895 = VECTOR('',#7896,1.);
#7896 = DIRECTION('',(0.,0.,1.));
#7897 = ORIENTED_EDGE('',*,*,#7898,.F.);
#7898 = EDGE_CURVE('',#7875,#7891,#7899,.T.);
#7899 = LINE('',#7900,#7901);
#7900 = CARTESIAN_POINT('',(24.86,3.68,13.1));
#7901 = VECTOR('',#7902,1.);
#7902 = DIRECTION('',(-0.,1.,0.));
#7903 = PLANE('',#7904);
#7904 = AXIS2_PLACEMENT_3D('',#7905,#7906,#7907);
#7905 = CARTESIAN_POINT('',(24.86,3.68,-1.4));
#7906 = DIRECTION('',(1.,0.,-0.));
#7907 = DIRECTION('',(0.,0.,1.));
#7908 = ADVANCED_FACE('',(#7909),#7925,.F.);
#7909 = FACE_BOUND('',#7910,.F.);
#7910 = EDGE_LOOP('',(#7911,#7917,#7918,#7924));
#7911 = ORIENTED_EDGE('',*,*,#7912,.F.);
#7912 = EDGE_CURVE('',#7833,#7873,#7913,.T.);
#7913 = LINE('',#7914,#7915);
#7914 = CARTESIAN_POINT('',(24.22,3.68,-1.4));
#7915 = VECTOR('',#7916,1.);
#7916 = DIRECTION('',(1.,0.,-0.));
#7917 = ORIENTED_EDGE('',*,*,#7832,.T.);
#7918 = ORIENTED_EDGE('',*,*,#7919,.T.);
#7919 = EDGE_CURVE('',#7835,#7875,#7920,.T.);
#7920 = LINE('',#7921,#7922);
#7921 = CARTESIAN_POINT('',(24.22,3.68,13.1));
#7922 = VECTOR('',#7923,1.);
#7923 = DIRECTION('',(1.,0.,-0.));
#7924 = ORIENTED_EDGE('',*,*,#7872,.F.);
#7925 = PLANE('',#7926);
#7926 = AXIS2_PLACEMENT_3D('',#7927,#7928,#7929);
#7927 = CARTESIAN_POINT('',(24.22,3.68,-1.4));
#7928 = DIRECTION('',(-0.,1.,0.));
#7929 = DIRECTION('',(0.,0.,1.));
#7930 = ADVANCED_FACE('',(#7931),#7947,.T.);
#7931 = FACE_BOUND('',#7932,.T.);
#7932 = EDGE_LOOP('',(#7933,#7939,#7940,#7946));
#7933 = ORIENTED_EDGE('',*,*,#7934,.F.);
#7934 = EDGE_CURVE('',#7843,#7883,#7935,.T.);
#7935 = LINE('',#7936,#7937);
#7936 = CARTESIAN_POINT('',(24.22,4.32,-1.4));
#7937 = VECTOR('',#7938,1.);
#7938 = DIRECTION('',(1.,0.,-0.));
#7939 = ORIENTED_EDGE('',*,*,#7850,.T.);
#7940 = ORIENTED_EDGE('',*,*,#7941,.T.);
#7941 = EDGE_CURVE('',#7851,#7891,#7942,.T.);
#7942 = LINE('',#7943,#7944);
#7943 = CARTESIAN_POINT('',(24.22,4.32,13.1));
#7944 = VECTOR('',#7945,1.);
#7945 = DIRECTION('',(1.,0.,-0.));
#7946 = ORIENTED_EDGE('',*,*,#7890,.F.);
#7947 = PLANE('',#7948);
#7948 = AXIS2_PLACEMENT_3D('',#7949,#7950,#7951);
#7949 = CARTESIAN_POINT('',(24.22,4.32,-1.4));
#7950 = DIRECTION('',(-0.,1.,0.));
#7951 = DIRECTION('',(0.,0.,1.));
#7952 = ADVANCED_FACE('',(#7953),#7959,.F.);
#7953 = FACE_BOUND('',#7954,.F.);
#7954 = EDGE_LOOP('',(#7955,#7956,#7957,#7958));
#7955 = ORIENTED_EDGE('',*,*,#7842,.F.);
#7956 = ORIENTED_EDGE('',*,*,#7912,.T.);
#7957 = ORIENTED_EDGE('',*,*,#7882,.T.);
#7958 = ORIENTED_EDGE('',*,*,#7934,.F.);
#7959 = PLANE('',#7960);
#7960 = AXIS2_PLACEMENT_3D('',#7961,#7962,#7963);
#7961 = CARTESIAN_POINT('',(24.22,3.68,-1.4));
#7962 = DIRECTION('',(0.,0.,1.));
#7963 = DIRECTION('',(1.,0.,-0.));
#7964 = ADVANCED_FACE('',(#7965),#7971,.T.);
#7965 = FACE_BOUND('',#7966,.T.);
#7966 = EDGE_LOOP('',(#7967,#7968,#7969,#7970));
#7967 = ORIENTED_EDGE('',*,*,#7858,.F.);
#7968 = ORIENTED_EDGE('',*,*,#7919,.T.);
#7969 = ORIENTED_EDGE('',*,*,#7898,.T.);
#7970 = ORIENTED_EDGE('',*,*,#7941,.F.);
#7971 = PLANE('',#7972);
#7972 = AXIS2_PLACEMENT_3D('',#7973,#7974,#7975);
#7973 = CARTESIAN_POINT('',(24.22,3.68,13.1));
#7974 = DIRECTION('',(0.,0.,1.));
#7975 = DIRECTION('',(1.,0.,-0.));
#7976 = MANIFOLD_SOLID_BREP('',#7977);
#7977 = CLOSED_SHELL('',(#7978,#8018,#8058,#8080,#8102,#8114));
#7978 = ADVANCED_FACE('',(#7979),#8013,.F.);
#7979 = FACE_BOUND('',#7980,.F.);
#7980 = EDGE_LOOP('',(#7981,#7991,#7999,#8007));
#7981 = ORIENTED_EDGE('',*,*,#7982,.F.);
#7982 = EDGE_CURVE('',#7983,#7985,#7987,.T.);
#7983 = VERTEX_POINT('',#7984);
#7984 = CARTESIAN_POINT('',(26.76,3.68,-1.4));
#7985 = VERTEX_POINT('',#7986);
#7986 = CARTESIAN_POINT('',(26.76,3.68,13.1));
#7987 = LINE('',#7988,#7989);
#7988 = CARTESIAN_POINT('',(26.76,3.68,-1.4));
#7989 = VECTOR('',#7990,1.);
#7990 = DIRECTION('',(0.,0.,1.));
#7991 = ORIENTED_EDGE('',*,*,#7992,.T.);
#7992 = EDGE_CURVE('',#7983,#7993,#7995,.T.);
#7993 = VERTEX_POINT('',#7994);
#7994 = CARTESIAN_POINT('',(26.76,4.32,-1.4));
#7995 = LINE('',#7996,#7997);
#7996 = CARTESIAN_POINT('',(26.76,3.68,-1.4));
#7997 = VECTOR('',#7998,1.);
#7998 = DIRECTION('',(-0.,1.,0.));
#7999 = ORIENTED_EDGE('',*,*,#8000,.T.);
#8000 = EDGE_CURVE('',#7993,#8001,#8003,.T.);
#8001 = VERTEX_POINT('',#8002);
#8002 = CARTESIAN_POINT('',(26.76,4.32,13.1));
#8003 = LINE('',#8004,#8005);
#8004 = CARTESIAN_POINT('',(26.76,4.32,-1.4));
#8005 = VECTOR('',#8006,1.);
#8006 = DIRECTION('',(0.,0.,1.));
#8007 = ORIENTED_EDGE('',*,*,#8008,.F.);
#8008 = EDGE_CURVE('',#7985,#8001,#8009,.T.);
#8009 = LINE('',#8010,#8011);
#8010 = CARTESIAN_POINT('',(26.76,3.68,13.1));
#8011 = VECTOR('',#8012,1.);
#8012 = DIRECTION('',(-0.,1.,0.));
#8013 = PLANE('',#8014);
#8014 = AXIS2_PLACEMENT_3D('',#8015,#8016,#8017);
#8015 = CARTESIAN_POINT('',(26.76,3.68,-1.4));
#8016 = DIRECTION('',(1.,0.,-0.));
#8017 = DIRECTION('',(0.,0.,1.));
#8018 = ADVANCED_FACE('',(#8019),#8053,.T.);
#8019 = FACE_BOUND('',#8020,.T.);
#8020 = EDGE_LOOP('',(#8021,#8031,#8039,#8047));
#8021 = ORIENTED_EDGE('',*,*,#8022,.F.);
#8022 = EDGE_CURVE('',#8023,#8025,#8027,.T.);
#8023 = VERTEX_POINT('',#8024);
#8024 = CARTESIAN_POINT('',(27.4,3.68,-1.4));
#8025 = VERTEX_POINT('',#8026);
#8026 = CARTESIAN_POINT('',(27.4,3.68,13.1));
#8027 = LINE('',#8028,#8029);
#8028 = CARTESIAN_POINT('',(27.4,3.68,-1.4));
#8029 = VECTOR('',#8030,1.);
#8030 = DIRECTION('',(0.,0.,1.));
#8031 = ORIENTED_EDGE('',*,*,#8032,.T.);
#8032 = EDGE_CURVE('',#8023,#8033,#8035,.T.);
#8033 = VERTEX_POINT('',#8034);
#8034 = CARTESIAN_POINT('',(27.4,4.32,-1.4));
#8035 = LINE('',#8036,#8037);
#8036 = CARTESIAN_POINT('',(27.4,3.68,-1.4));
#8037 = VECTOR('',#8038,1.);
#8038 = DIRECTION('',(-0.,1.,0.));
#8039 = ORIENTED_EDGE('',*,*,#8040,.T.);
#8040 = EDGE_CURVE('',#8033,#8041,#8043,.T.);
#8041 = VERTEX_POINT('',#8042);
#8042 = CARTESIAN_POINT('',(27.4,4.32,13.1));
#8043 = LINE('',#8044,#8045);
#8044 = CARTESIAN_POINT('',(27.4,4.32,-1.4));
#8045 = VECTOR('',#8046,1.);
#8046 = DIRECTION('',(0.,0.,1.));
#8047 = ORIENTED_EDGE('',*,*,#8048,.F.);
#8048 = EDGE_CURVE('',#8025,#8041,#8049,.T.);
#8049 = LINE('',#8050,#8051);
#8050 = CARTESIAN_POINT('',(27.4,3.68,13.1));
#8051 = VECTOR('',#8052,1.);
#8052 = DIRECTION('',(-0.,1.,0.));
#8053 = PLANE('',#8054);
#8054 = AXIS2_PLACEMENT_3D('',#8055,#8056,#8057);
#8055 = CARTESIAN_POINT('',(27.4,3.68,-1.4));
#8056 = DIRECTION('',(1.,0.,-0.));
#8057 = DIRECTION('',(0.,0.,1.));
#8058 = ADVANCED_FACE('',(#8059),#8075,.F.);
#8059 = FACE_BOUND('',#8060,.F.);
#8060 = EDGE_LOOP('',(#8061,#8067,#8068,#8074));
#8061 = ORIENTED_EDGE('',*,*,#8062,.F.);
#8062 = EDGE_CURVE('',#7983,#8023,#8063,.T.);
#8063 = LINE('',#8064,#8065);
#8064 = CARTESIAN_POINT('',(26.76,3.68,-1.4));
#8065 = VECTOR('',#8066,1.);
#8066 = DIRECTION('',(1.,0.,-0.));
#8067 = ORIENTED_EDGE('',*,*,#7982,.T.);
#8068 = ORIENTED_EDGE('',*,*,#8069,.T.);
#8069 = EDGE_CURVE('',#7985,#8025,#8070,.T.);
#8070 = LINE('',#8071,#8072);
#8071 = CARTESIAN_POINT('',(26.76,3.68,13.1));
#8072 = VECTOR('',#8073,1.);
#8073 = DIRECTION('',(1.,0.,-0.));
#8074 = ORIENTED_EDGE('',*,*,#8022,.F.);
#8075 = PLANE('',#8076);
#8076 = AXIS2_PLACEMENT_3D('',#8077,#8078,#8079);
#8077 = CARTESIAN_POINT('',(26.76,3.68,-1.4));
#8078 = DIRECTION('',(-0.,1.,0.));
#8079 = DIRECTION('',(0.,0.,1.));
#8080 = ADVANCED_FACE('',(#8081),#8097,.T.);
#8081 = FACE_BOUND('',#8082,.T.);
#8082 = EDGE_LOOP('',(#8083,#8089,#8090,#8096));
#8083 = ORIENTED_EDGE('',*,*,#8084,.F.);
#8084 = EDGE_CURVE('',#7993,#8033,#8085,.T.);
#8085 = LINE('',#8086,#8087);
#8086 = CARTESIAN_POINT('',(26.76,4.32,-1.4));
#8087 = VECTOR('',#8088,1.);
#8088 = DIRECTION('',(1.,0.,-0.));
#8089 = ORIENTED_EDGE('',*,*,#8000,.T.);
#8090 = ORIENTED_EDGE('',*,*,#8091,.T.);
#8091 = EDGE_CURVE('',#8001,#8041,#8092,.T.);
#8092 = LINE('',#8093,#8094);
#8093 = CARTESIAN_POINT('',(26.76,4.32,13.1));
#8094 = VECTOR('',#8095,1.);
#8095 = DIRECTION('',(1.,0.,-0.));
#8096 = ORIENTED_EDGE('',*,*,#8040,.F.);
#8097 = PLANE('',#8098);
#8098 = AXIS2_PLACEMENT_3D('',#8099,#8100,#8101);
#8099 = CARTESIAN_POINT('',(26.76,4.32,-1.4));
#8100 = DIRECTION('',(-0.,1.,0.));
#8101 = DIRECTION('',(0.,0.,1.));
#8102 = ADVANCED_FACE('',(#8103),#8109,.F.);
#8103 = FACE_BOUND('',#8104,.F.);
#8104 = EDGE_LOOP('',(#8105,#8106,#8107,#8108));
#8105 = ORIENTED_EDGE('',*,*,#7992,.F.);
#8106 = ORIENTED_EDGE('',*,*,#8062,.T.);
#8107 = ORIENTED_EDGE('',*,*,#8032,.T.);
#8108 = ORIENTED_EDGE('',*,*,#8084,.F.);
#8109 = PLANE('',#8110);
#8110 = AXIS2_PLACEMENT_3D('',#8111,#8112,#8113);
#8111 = CARTESIAN_POINT('',(26.76,3.68,-1.4));
#8112 = DIRECTION('',(0.,0.,1.));
#8113 = DIRECTION('',(1.,0.,-0.));
#8114 = ADVANCED_FACE('',(#8115),#8121,.T.);
#8115 = FACE_BOUND('',#8116,.T.);
#8116 = EDGE_LOOP('',(#8117,#8118,#8119,#8120));
#8117 = ORIENTED_EDGE('',*,*,#8008,.F.);
#8118 = ORIENTED_EDGE('',*,*,#8069,.T.);
#8119 = ORIENTED_EDGE('',*,*,#8048,.T.);
#8120 = ORIENTED_EDGE('',*,*,#8091,.F.);
#8121 = PLANE('',#8122);
#8122 = AXIS2_PLACEMENT_3D('',#8123,#8124,#8125);
#8123 = CARTESIAN_POINT('',(26.76,3.68,13.1));
#8124 = DIRECTION('',(0.,0.,1.));
#8125 = DIRECTION('',(1.,0.,-0.));
#8126 = MANIFOLD_SOLID_BREP('',#8127);
#8127 = CLOSED_SHELL('',(#8128,#8168,#8208,#8230,#8252,#8264));
#8128 = ADVANCED_FACE('',(#8129),#8163,.F.);
#8129 = FACE_BOUND('',#8130,.F.);
#8130 = EDGE_LOOP('',(#8131,#8141,#8149,#8157));
#8131 = ORIENTED_EDGE('',*,*,#8132,.F.);
#8132 = EDGE_CURVE('',#8133,#8135,#8137,.T.);
#8133 = VERTEX_POINT('',#8134);
#8134 = CARTESIAN_POINT('',(29.3,3.68,-1.4));
#8135 = VERTEX_POINT('',#8136);
#8136 = CARTESIAN_POINT('',(29.3,3.68,13.1));
#8137 = LINE('',#8138,#8139);
#8138 = CARTESIAN_POINT('',(29.3,3.68,-1.4));
#8139 = VECTOR('',#8140,1.);
#8140 = DIRECTION('',(0.,0.,1.));
#8141 = ORIENTED_EDGE('',*,*,#8142,.T.);
#8142 = EDGE_CURVE('',#8133,#8143,#8145,.T.);
#8143 = VERTEX_POINT('',#8144);
#8144 = CARTESIAN_POINT('',(29.3,4.32,-1.4));
#8145 = LINE('',#8146,#8147);
#8146 = CARTESIAN_POINT('',(29.3,3.68,-1.4));
#8147 = VECTOR('',#8148,1.);
#8148 = DIRECTION('',(-0.,1.,0.));
#8149 = ORIENTED_EDGE('',*,*,#8150,.T.);
#8150 = EDGE_CURVE('',#8143,#8151,#8153,.T.);
#8151 = VERTEX_POINT('',#8152);
#8152 = CARTESIAN_POINT('',(29.3,4.32,13.1));
#8153 = LINE('',#8154,#8155);
#8154 = CARTESIAN_POINT('',(29.3,4.32,-1.4));
#8155 = VECTOR('',#8156,1.);
#8156 = DIRECTION('',(0.,0.,1.));
#8157 = ORIENTED_EDGE('',*,*,#8158,.F.);
#8158 = EDGE_CURVE('',#8135,#8151,#8159,.T.);
#8159 = LINE('',#8160,#8161);
#8160 = CARTESIAN_POINT('',(29.3,3.68,13.1));
#8161 = VECTOR('',#8162,1.);
#8162 = DIRECTION('',(-0.,1.,0.));
#8163 = PLANE('',#8164);
#8164 = AXIS2_PLACEMENT_3D('',#8165,#8166,#8167);
#8165 = CARTESIAN_POINT('',(29.3,3.68,-1.4));
#8166 = DIRECTION('',(1.,0.,-0.));
#8167 = DIRECTION('',(0.,0.,1.));
#8168 = ADVANCED_FACE('',(#8169),#8203,.T.);
#8169 = FACE_BOUND('',#8170,.T.);
#8170 = EDGE_LOOP('',(#8171,#8181,#8189,#8197));
#8171 = ORIENTED_EDGE('',*,*,#8172,.F.);
#8172 = EDGE_CURVE('',#8173,#8175,#8177,.T.);
#8173 = VERTEX_POINT('',#8174);
#8174 = CARTESIAN_POINT('',(29.94,3.68,-1.4));
#8175 = VERTEX_POINT('',#8176);
#8176 = CARTESIAN_POINT('',(29.94,3.68,13.1));
#8177 = LINE('',#8178,#8179);
#8178 = CARTESIAN_POINT('',(29.94,3.68,-1.4));
#8179 = VECTOR('',#8180,1.);
#8180 = DIRECTION('',(0.,0.,1.));
#8181 = ORIENTED_EDGE('',*,*,#8182,.T.);
#8182 = EDGE_CURVE('',#8173,#8183,#8185,.T.);
#8183 = VERTEX_POINT('',#8184);
#8184 = CARTESIAN_POINT('',(29.94,4.32,-1.4));
#8185 = LINE('',#8186,#8187);
#8186 = CARTESIAN_POINT('',(29.94,3.68,-1.4));
#8187 = VECTOR('',#8188,1.);
#8188 = DIRECTION('',(-0.,1.,0.));
#8189 = ORIENTED_EDGE('',*,*,#8190,.T.);
#8190 = EDGE_CURVE('',#8183,#8191,#8193,.T.);
#8191 = VERTEX_POINT('',#8192);
#8192 = CARTESIAN_POINT('',(29.94,4.32,13.1));
#8193 = LINE('',#8194,#8195);
#8194 = CARTESIAN_POINT('',(29.94,4.32,-1.4));
#8195 = VECTOR('',#8196,1.);
#8196 = DIRECTION('',(0.,0.,1.));
#8197 = ORIENTED_EDGE('',*,*,#8198,.F.);
#8198 = EDGE_CURVE('',#8175,#8191,#8199,.T.);
#8199 = LINE('',#8200,#8201);
#8200 = CARTESIAN_POINT('',(29.94,3.68,13.1));
#8201 = VECTOR('',#8202,1.);
#8202 = DIRECTION('',(-0.,1.,0.));
#8203 = PLANE('',#8204);
#8204 = AXIS2_PLACEMENT_3D('',#8205,#8206,#8207);
#8205 = CARTESIAN_POINT('',(29.94,3.68,-1.4));
#8206 = DIRECTION('',(1.,0.,-0.));
#8207 = DIRECTION('',(0.,0.,1.));
#8208 = ADVANCED_FACE('',(#8209),#8225,.F.);
#8209 = FACE_BOUND('',#8210,.F.);
#8210 = EDGE_LOOP('',(#8211,#8217,#8218,#8224));
#8211 = ORIENTED_EDGE('',*,*,#8212,.F.);
#8212 = EDGE_CURVE('',#8133,#8173,#8213,.T.);
#8213 = LINE('',#8214,#8215);
#8214 = CARTESIAN_POINT('',(29.3,3.68,-1.4));
#8215 = VECTOR('',#8216,1.);
#8216 = DIRECTION('',(1.,0.,-0.));
#8217 = ORIENTED_EDGE('',*,*,#8132,.T.);
#8218 = ORIENTED_EDGE('',*,*,#8219,.T.);
#8219 = EDGE_CURVE('',#8135,#8175,#8220,.T.);
#8220 = LINE('',#8221,#8222);
#8221 = CARTESIAN_POINT('',(29.3,3.68,13.1));
#8222 = VECTOR('',#8223,1.);
#8223 = DIRECTION('',(1.,0.,-0.));
#8224 = ORIENTED_EDGE('',*,*,#8172,.F.);
#8225 = PLANE('',#8226);
#8226 = AXIS2_PLACEMENT_3D('',#8227,#8228,#8229);
#8227 = CARTESIAN_POINT('',(29.3,3.68,-1.4));
#8228 = DIRECTION('',(-0.,1.,0.));
#8229 = DIRECTION('',(0.,0.,1.));
#8230 = ADVANCED_FACE('',(#8231),#8247,.T.);
#8231 = FACE_BOUND('',#8232,.T.);
#8232 = EDGE_LOOP('',(#8233,#8239,#8240,#8246));
#8233 = ORIENTED_EDGE('',*,*,#8234,.F.);
#8234 = EDGE_CURVE('',#8143,#8183,#8235,.T.);
#8235 = LINE('',#8236,#8237);
#8236 = CARTESIAN_POINT('',(29.3,4.32,-1.4));
#8237 = VECTOR('',#8238,1.);
#8238 = DIRECTION('',(1.,0.,-0.));
#8239 = ORIENTED_EDGE('',*,*,#8150,.T.);
#8240 = ORIENTED_EDGE('',*,*,#8241,.T.);
#8241 = EDGE_CURVE('',#8151,#8191,#8242,.T.);
#8242 = LINE('',#8243,#8244);
#8243 = CARTESIAN_POINT('',(29.3,4.32,13.1));
#8244 = VECTOR('',#8245,1.);
#8245 = DIRECTION('',(1.,0.,-0.));
#8246 = ORIENTED_EDGE('',*,*,#8190,.F.);
#8247 = PLANE('',#8248);
#8248 = AXIS2_PLACEMENT_3D('',#8249,#8250,#8251);
#8249 = CARTESIAN_POINT('',(29.3,4.32,-1.4));
#8250 = DIRECTION('',(-0.,1.,0.));
#8251 = DIRECTION('',(0.,0.,1.));
#8252 = ADVANCED_FACE('',(#8253),#8259,.F.);
#8253 = FACE_BOUND('',#8254,.F.);
#8254 = EDGE_LOOP('',(#8255,#8256,#8257,#8258));
#8255 = ORIENTED_EDGE('',*,*,#8142,.F.);
#8256 = ORIENTED_EDGE('',*,*,#8212,.T.);
#8257 = ORIENTED_EDGE('',*,*,#8182,.T.);
#8258 = ORIENTED_EDGE('',*,*,#8234,.F.);
#8259 = PLANE('',#8260);
#8260 = AXIS2_PLACEMENT_3D('',#8261,#8262,#8263);
#8261 = CARTESIAN_POINT('',(29.3,3.68,-1.4));
#8262 = DIRECTION('',(0.,0.,1.));
#8263 = DIRECTION('',(1.,0.,-0.));
#8264 = ADVANCED_FACE('',(#8265),#8271,.T.);
#8265 = FACE_BOUND('',#8266,.T.);
#8266 = EDGE_LOOP('',(#8267,#8268,#8269,#8270));
#8267 = ORIENTED_EDGE('',*,*,#8158,.F.);
#8268 = ORIENTED_EDGE('',*,*,#8219,.T.);
#8269 = ORIENTED_EDGE('',*,*,#8198,.T.);
#8270 = ORIENTED_EDGE('',*,*,#8241,.F.);
#8271 = PLANE('',#8272);
#8272 = AXIS2_PLACEMENT_3D('',#8273,#8274,#8275);
#8273 = CARTESIAN_POINT('',(29.3,3.68,13.1));
#8274 = DIRECTION('',(0.,0.,1.));
#8275 = DIRECTION('',(1.,0.,-0.));
#8276 = MANIFOLD_SOLID_BREP('',#8277);
#8277 = CLOSED_SHELL('',(#8278,#8318,#8358,#8380,#8402,#8414));
#8278 = ADVANCED_FACE('',(#8279),#8313,.F.);
#8279 = FACE_BOUND('',#8280,.F.);
#8280 = EDGE_LOOP('',(#8281,#8291,#8299,#8307));
#8281 = ORIENTED_EDGE('',*,*,#8282,.F.);
#8282 = EDGE_CURVE('',#8283,#8285,#8287,.T.);
#8283 = VERTEX_POINT('',#8284);
#8284 = CARTESIAN_POINT('',(31.84,3.68,-1.4));
#8285 = VERTEX_POINT('',#8286);
#8286 = CARTESIAN_POINT('',(31.84,3.68,13.1));
#8287 = LINE('',#8288,#8289);
#8288 = CARTESIAN_POINT('',(31.84,3.68,-1.4));
#8289 = VECTOR('',#8290,1.);
#8290 = DIRECTION('',(0.,0.,1.));
#8291 = ORIENTED_EDGE('',*,*,#8292,.T.);
#8292 = EDGE_CURVE('',#8283,#8293,#8295,.T.);
#8293 = VERTEX_POINT('',#8294);
#8294 = CARTESIAN_POINT('',(31.84,4.32,-1.4));
#8295 = LINE('',#8296,#8297);
#8296 = CARTESIAN_POINT('',(31.84,3.68,-1.4));
#8297 = VECTOR('',#8298,1.);
#8298 = DIRECTION('',(-0.,1.,0.));
#8299 = ORIENTED_EDGE('',*,*,#8300,.T.);
#8300 = EDGE_CURVE('',#8293,#8301,#8303,.T.);
#8301 = VERTEX_POINT('',#8302);
#8302 = CARTESIAN_POINT('',(31.84,4.32,13.1));
#8303 = LINE('',#8304,#8305);
#8304 = CARTESIAN_POINT('',(31.84,4.32,-1.4));
#8305 = VECTOR('',#8306,1.);
#8306 = DIRECTION('',(0.,0.,1.));
#8307 = ORIENTED_EDGE('',*,*,#8308,.F.);
#8308 = EDGE_CURVE('',#8285,#8301,#8309,.T.);
#8309 = LINE('',#8310,#8311);
#8310 = CARTESIAN_POINT('',(31.84,3.68,13.1));
#8311 = VECTOR('',#8312,1.);
#8312 = DIRECTION('',(-0.,1.,0.));
#8313 = PLANE('',#8314);
#8314 = AXIS2_PLACEMENT_3D('',#8315,#8316,#8317);
#8315 = CARTESIAN_POINT('',(31.84,3.68,-1.4));
#8316 = DIRECTION('',(1.,0.,-0.));
#8317 = DIRECTION('',(0.,0.,1.));
#8318 = ADVANCED_FACE('',(#8319),#8353,.T.);
#8319 = FACE_BOUND('',#8320,.T.);
#8320 = EDGE_LOOP('',(#8321,#8331,#8339,#8347));
#8321 = ORIENTED_EDGE('',*,*,#8322,.F.);
#8322 = EDGE_CURVE('',#8323,#8325,#8327,.T.);
#8323 = VERTEX_POINT('',#8324);
#8324 = CARTESIAN_POINT('',(32.48,3.68,-1.4));
#8325 = VERTEX_POINT('',#8326);
#8326 = CARTESIAN_POINT('',(32.48,3.68,13.1));
#8327 = LINE('',#8328,#8329);
#8328 = CARTESIAN_POINT('',(32.48,3.68,-1.4));
#8329 = VECTOR('',#8330,1.);
#8330 = DIRECTION('',(0.,0.,1.));
#8331 = ORIENTED_EDGE('',*,*,#8332,.T.);
#8332 = EDGE_CURVE('',#8323,#8333,#8335,.T.);
#8333 = VERTEX_POINT('',#8334);
#8334 = CARTESIAN_POINT('',(32.48,4.32,-1.4));
#8335 = LINE('',#8336,#8337);
#8336 = CARTESIAN_POINT('',(32.48,3.68,-1.4));
#8337 = VECTOR('',#8338,1.);
#8338 = DIRECTION('',(-0.,1.,0.));
#8339 = ORIENTED_EDGE('',*,*,#8340,.T.);
#8340 = EDGE_CURVE('',#8333,#8341,#8343,.T.);
#8341 = VERTEX_POINT('',#8342);
#8342 = CARTESIAN_POINT('',(32.48,4.32,13.1));
#8343 = LINE('',#8344,#8345);
#8344 = CARTESIAN_POINT('',(32.48,4.32,-1.4));
#8345 = VECTOR('',#8346,1.);
#8346 = DIRECTION('',(0.,0.,1.));
#8347 = ORIENTED_EDGE('',*,*,#8348,.F.);
#8348 = EDGE_CURVE('',#8325,#8341,#8349,.T.);
#8349 = LINE('',#8350,#8351);
#8350 = CARTESIAN_POINT('',(32.48,3.68,13.1));
#8351 = VECTOR('',#8352,1.);
#8352 = DIRECTION('',(-0.,1.,0.));
#8353 = PLANE('',#8354);
#8354 = AXIS2_PLACEMENT_3D('',#8355,#8356,#8357);
#8355 = CARTESIAN_POINT('',(32.48,3.68,-1.4));
#8356 = DIRECTION('',(1.,0.,-0.));
#8357 = DIRECTION('',(0.,0.,1.));
#8358 = ADVANCED_FACE('',(#8359),#8375,.F.);
#8359 = FACE_BOUND('',#8360,.F.);
#8360 = EDGE_LOOP('',(#8361,#8367,#8368,#8374));
#8361 = ORIENTED_EDGE('',*,*,#8362,.F.);
#8362 = EDGE_CURVE('',#8283,#8323,#8363,.T.);
#8363 = LINE('',#8364,#8365);
#8364 = CARTESIAN_POINT('',(31.84,3.68,-1.4));
#8365 = VECTOR('',#8366,1.);
#8366 = DIRECTION('',(1.,0.,-0.));
#8367 = ORIENTED_EDGE('',*,*,#8282,.T.);
#8368 = ORIENTED_EDGE('',*,*,#8369,.T.);
#8369 = EDGE_CURVE('',#8285,#8325,#8370,.T.);
#8370 = LINE('',#8371,#8372);
#8371 = CARTESIAN_POINT('',(31.84,3.68,13.1));
#8372 = VECTOR('',#8373,1.);
#8373 = DIRECTION('',(1.,0.,-0.));
#8374 = ORIENTED_EDGE('',*,*,#8322,.F.);
#8375 = PLANE('',#8376);
#8376 = AXIS2_PLACEMENT_3D('',#8377,#8378,#8379);
#8377 = CARTESIAN_POINT('',(31.84,3.68,-1.4));
#8378 = DIRECTION('',(-0.,1.,0.));
#8379 = DIRECTION('',(0.,0.,1.));
#8380 = ADVANCED_FACE('',(#8381),#8397,.T.);
#8381 = FACE_BOUND('',#8382,.T.);
#8382 = EDGE_LOOP('',(#8383,#8389,#8390,#8396));
#8383 = ORIENTED_EDGE('',*,*,#8384,.F.);
#8384 = EDGE_CURVE('',#8293,#8333,#8385,.T.);
#8385 = LINE('',#8386,#8387);
#8386 = CARTESIAN_POINT('',(31.84,4.32,-1.4));
#8387 = VECTOR('',#8388,1.);
#8388 = DIRECTION('',(1.,0.,-0.));
#8389 = ORIENTED_EDGE('',*,*,#8300,.T.);
#8390 = ORIENTED_EDGE('',*,*,#8391,.T.);
#8391 = EDGE_CURVE('',#8301,#8341,#8392,.T.);
#8392 = LINE('',#8393,#8394);
#8393 = CARTESIAN_POINT('',(31.84,4.32,13.1));
#8394 = VECTOR('',#8395,1.);
#8395 = DIRECTION('',(1.,0.,-0.));
#8396 = ORIENTED_EDGE('',*,*,#8340,.F.);
#8397 = PLANE('',#8398);
#8398 = AXIS2_PLACEMENT_3D('',#8399,#8400,#8401);
#8399 = CARTESIAN_POINT('',(31.84,4.32,-1.4));
#8400 = DIRECTION('',(-0.,1.,0.));
#8401 = DIRECTION('',(0.,0.,1.));
#8402 = ADVANCED_FACE('',(#8403),#8409,.F.);
#8403 = FACE_BOUND('',#8404,.F.);
#8404 = EDGE_LOOP('',(#8405,#8406,#8407,#8408));
#8405 = ORIENTED_EDGE('',*,*,#8292,.F.);
#8406 = ORIENTED_EDGE('',*,*,#8362,.T.);
#8407 = ORIENTED_EDGE('',*,*,#8332,.T.);
#8408 = ORIENTED_EDGE('',*,*,#8384,.F.);
#8409 = PLANE('',#8410);
#8410 = AXIS2_PLACEMENT_3D('',#8411,#8412,#8413);
#8411 = CARTESIAN_POINT('',(31.84,3.68,-1.4));
#8412 = DIRECTION('',(0.,0.,1.));
#8413 = DIRECTION('',(1.,0.,-0.));
#8414 = ADVANCED_FACE('',(#8415),#8421,.T.);
#8415 = FACE_BOUND('',#8416,.T.);
#8416 = EDGE_LOOP('',(#8417,#8418,#8419,#8420));
#8417 = ORIENTED_EDGE('',*,*,#8308,.F.);
#8418 = ORIENTED_EDGE('',*,*,#8369,.T.);
#8419 = ORIENTED_EDGE('',*,*,#8348,.T.);
#8420 = ORIENTED_EDGE('',*,*,#8391,.F.);
#8421 = PLANE('',#8422);
#8422 = AXIS2_PLACEMENT_3D('',#8423,#8424,#8425);
#8423 = CARTESIAN_POINT('',(31.84,3.68,13.1));
#8424 = DIRECTION('',(0.,0.,1.));
#8425 = DIRECTION('',(1.,0.,-0.));
#8426 = MANIFOLD_SOLID_BREP('',#8427);
#8427 = CLOSED_SHELL('',(#8428,#8468,#8508,#8530,#8552,#8564));
#8428 = ADVANCED_FACE('',(#8429),#8463,.F.);
#8429 = FACE_BOUND('',#8430,.F.);
#8430 = EDGE_LOOP('',(#8431,#8441,#8449,#8457));
#8431 = ORIENTED_EDGE('',*,*,#8432,.F.);
#8432 = EDGE_CURVE('',#8433,#8435,#8437,.T.);
#8433 = VERTEX_POINT('',#8434);
#8434 = CARTESIAN_POINT('',(34.38,3.68,-1.4));
#8435 = VERTEX_POINT('',#8436);
#8436 = CARTESIAN_POINT('',(34.38,3.68,13.1));
#8437 = LINE('',#8438,#8439);
#8438 = CARTESIAN_POINT('',(34.38,3.68,-1.4));
#8439 = VECTOR('',#8440,1.);
#8440 = DIRECTION('',(0.,0.,1.));
#8441 = ORIENTED_EDGE('',*,*,#8442,.T.);
#8442 = EDGE_CURVE('',#8433,#8443,#8445,.T.);
#8443 = VERTEX_POINT('',#8444);
#8444 = CARTESIAN_POINT('',(34.38,4.32,-1.4));
#8445 = LINE('',#8446,#8447);
#8446 = CARTESIAN_POINT('',(34.38,3.68,-1.4));
#8447 = VECTOR('',#8448,1.);
#8448 = DIRECTION('',(-0.,1.,0.));
#8449 = ORIENTED_EDGE('',*,*,#8450,.T.);
#8450 = EDGE_CURVE('',#8443,#8451,#8453,.T.);
#8451 = VERTEX_POINT('',#8452);
#8452 = CARTESIAN_POINT('',(34.38,4.32,13.1));
#8453 = LINE('',#8454,#8455);
#8454 = CARTESIAN_POINT('',(34.38,4.32,-1.4));
#8455 = VECTOR('',#8456,1.);
#8456 = DIRECTION('',(0.,0.,1.));
#8457 = ORIENTED_EDGE('',*,*,#8458,.F.);
#8458 = EDGE_CURVE('',#8435,#8451,#8459,.T.);
#8459 = LINE('',#8460,#8461);
#8460 = CARTESIAN_POINT('',(34.38,3.68,13.1));
#8461 = VECTOR('',#8462,1.);
#8462 = DIRECTION('',(-0.,1.,0.));
#8463 = PLANE('',#8464);
#8464 = AXIS2_PLACEMENT_3D('',#8465,#8466,#8467);
#8465 = CARTESIAN_POINT('',(34.38,3.68,-1.4));
#8466 = DIRECTION('',(1.,0.,-0.));
#8467 = DIRECTION('',(0.,0.,1.));
#8468 = ADVANCED_FACE('',(#8469),#8503,.T.);
#8469 = FACE_BOUND('',#8470,.T.);
#8470 = EDGE_LOOP('',(#8471,#8481,#8489,#8497));
#8471 = ORIENTED_EDGE('',*,*,#8472,.F.);
#8472 = EDGE_CURVE('',#8473,#8475,#8477,.T.);
#8473 = VERTEX_POINT('',#8474);
#8474 = CARTESIAN_POINT('',(35.02,3.68,-1.4));
#8475 = VERTEX_POINT('',#8476);
#8476 = CARTESIAN_POINT('',(35.02,3.68,13.1));
#8477 = LINE('',#8478,#8479);
#8478 = CARTESIAN_POINT('',(35.02,3.68,-1.4));
#8479 = VECTOR('',#8480,1.);
#8480 = DIRECTION('',(0.,0.,1.));
#8481 = ORIENTED_EDGE('',*,*,#8482,.T.);
#8482 = EDGE_CURVE('',#8473,#8483,#8485,.T.);
#8483 = VERTEX_POINT('',#8484);
#8484 = CARTESIAN_POINT('',(35.02,4.32,-1.4));
#8485 = LINE('',#8486,#8487);
#8486 = CARTESIAN_POINT('',(35.02,3.68,-1.4));
#8487 = VECTOR('',#8488,1.);
#8488 = DIRECTION('',(-0.,1.,0.));
#8489 = ORIENTED_EDGE('',*,*,#8490,.T.);
#8490 = EDGE_CURVE('',#8483,#8491,#8493,.T.);
#8491 = VERTEX_POINT('',#8492);
#8492 = CARTESIAN_POINT('',(35.02,4.32,13.1));
#8493 = LINE('',#8494,#8495);
#8494 = CARTESIAN_POINT('',(35.02,4.32,-1.4));
#8495 = VECTOR('',#8496,1.);
#8496 = DIRECTION('',(0.,0.,1.));
#8497 = ORIENTED_EDGE('',*,*,#8498,.F.);
#8498 = EDGE_CURVE('',#8475,#8491,#8499,.T.);
#8499 = LINE('',#8500,#8501);
#8500 = CARTESIAN_POINT('',(35.02,3.68,13.1));
#8501 = VECTOR('',#8502,1.);
#8502 = DIRECTION('',(-0.,1.,0.));
#8503 = PLANE('',#8504);
#8504 = AXIS2_PLACEMENT_3D('',#8505,#8506,#8507);
#8505 = CARTESIAN_POINT('',(35.02,3.68,-1.4));
#8506 = DIRECTION('',(1.,0.,-0.));
#8507 = DIRECTION('',(0.,0.,1.));
#8508 = ADVANCED_FACE('',(#8509),#8525,.F.);
#8509 = FACE_BOUND('',#8510,.F.);
#8510 = EDGE_LOOP('',(#8511,#8517,#8518,#8524));
#8511 = ORIENTED_EDGE('',*,*,#8512,.F.);
#8512 = EDGE_CURVE('',#8433,#8473,#8513,.T.);
#8513 = LINE('',#8514,#8515);
#8514 = CARTESIAN_POINT('',(34.38,3.68,-1.4));
#8515 = VECTOR('',#8516,1.);
#8516 = DIRECTION('',(1.,0.,-0.));
#8517 = ORIENTED_EDGE('',*,*,#8432,.T.);
#8518 = ORIENTED_EDGE('',*,*,#8519,.T.);
#8519 = EDGE_CURVE('',#8435,#8475,#8520,.T.);
#8520 = LINE('',#8521,#8522);
#8521 = CARTESIAN_POINT('',(34.38,3.68,13.1));
#8522 = VECTOR('',#8523,1.);
#8523 = DIRECTION('',(1.,0.,-0.));
#8524 = ORIENTED_EDGE('',*,*,#8472,.F.);
#8525 = PLANE('',#8526);
#8526 = AXIS2_PLACEMENT_3D('',#8527,#8528,#8529);
#8527 = CARTESIAN_POINT('',(34.38,3.68,-1.4));
#8528 = DIRECTION('',(-0.,1.,0.));
#8529 = DIRECTION('',(0.,0.,1.));
#8530 = ADVANCED_FACE('',(#8531),#8547,.T.);
#8531 = FACE_BOUND('',#8532,.T.);
#8532 = EDGE_LOOP('',(#8533,#8539,#8540,#8546));
#8533 = ORIENTED_EDGE('',*,*,#8534,.F.);
#8534 = EDGE_CURVE('',#8443,#8483,#8535,.T.);
#8535 = LINE('',#8536,#8537);
#8536 = CARTESIAN_POINT('',(34.38,4.32,-1.4));
#8537 = VECTOR('',#8538,1.);
#8538 = DIRECTION('',(1.,0.,-0.));
#8539 = ORIENTED_EDGE('',*,*,#8450,.T.);
#8540 = ORIENTED_EDGE('',*,*,#8541,.T.);
#8541 = EDGE_CURVE('',#8451,#8491,#8542,.T.);
#8542 = LINE('',#8543,#8544);
#8543 = CARTESIAN_POINT('',(34.38,4.32,13.1));
#8544 = VECTOR('',#8545,1.);
#8545 = DIRECTION('',(1.,0.,-0.));
#8546 = ORIENTED_EDGE('',*,*,#8490,.F.);
#8547 = PLANE('',#8548);
#8548 = AXIS2_PLACEMENT_3D('',#8549,#8550,#8551);
#8549 = CARTESIAN_POINT('',(34.38,4.32,-1.4));
#8550 = DIRECTION('',(-0.,1.,0.));
#8551 = DIRECTION('',(0.,0.,1.));
#8552 = ADVANCED_FACE('',(#8553),#8559,.F.);
#8553 = FACE_BOUND('',#8554,.F.);
#8554 = EDGE_LOOP('',(#8555,#8556,#8557,#8558));
#8555 = ORIENTED_EDGE('',*,*,#8442,.F.);
#8556 = ORIENTED_EDGE('',*,*,#8512,.T.);
#8557 = ORIENTED_EDGE('',*,*,#8482,.T.);
#8558 = ORIENTED_EDGE('',*,*,#8534,.F.);
#8559 = PLANE('',#8560);
#8560 = AXIS2_PLACEMENT_3D('',#8561,#8562,#8563);
#8561 = CARTESIAN_POINT('',(34.38,3.68,-1.4));
#8562 = DIRECTION('',(0.,0.,1.));
#8563 = DIRECTION('',(1.,0.,-0.));
#8564 = ADVANCED_FACE('',(#8565),#8571,.T.);
#8565 = FACE_BOUND('',#8566,.T.);
#8566 = EDGE_LOOP('',(#8567,#8568,#8569,#8570));
#8567 = ORIENTED_EDGE('',*,*,#8458,.F.);
#8568 = ORIENTED_EDGE('',*,*,#8519,.T.);
#8569 = ORIENTED_EDGE('',*,*,#8498,.T.);
#8570 = ORIENTED_EDGE('',*,*,#8541,.F.);
#8571 = PLANE('',#8572);
#8572 = AXIS2_PLACEMENT_3D('',#8573,#8574,#8575);
#8573 = CARTESIAN_POINT('',(34.38,3.68,13.1));
#8574 = DIRECTION('',(0.,0.,1.));
#8575 = DIRECTION('',(1.,0.,-0.));
#8576 = ( GEOMETRIC_REPRESENTATION_CONTEXT(3) 
GLOBAL_UNCERTAINTY_ASSIGNED_CONTEXT((#8580)) 
GLOBAL_UNIT_ASSIGNED_CONTEXT((#8577,#8578,#8579)) REPRESENTATION_CONTEXT
('Context #1','3D Context with UNIT and UNCERTAINTY') );
#8577 = ( LENGTH_UNIT() NAMED_UNIT(*) SI_UNIT(.MILLI.,.METRE.) );
#8578 = ( NAMED_UNIT(*) PLANE_ANGLE_UNIT() SI_UNIT($,.RADIAN.) );
#8579 = ( NAMED_UNIT(*) SI_UNIT($,.STERADIAN.) SOLID_ANGLE_UNIT() );
#8580 = UNCERTAINTY_MEASURE_WITH_UNIT(LENGTH_MEASURE(1.E-07),#8577,
  'distance_accuracy_value','confusion accuracy');
#8581 = CONTEXT_DEPENDENT_SHAPE_REPRESENTATION(#8582,#8584);
#8582 = ( REPRESENTATION_RELATIONSHIP('','',#7675,#10) 
REPRESENTATION_RELATIONSHIP_WITH_TRANSFORMATION(#8583) 
SHAPE_REPRESENTATION_RELATIONSHIP() );
#8583 = ITEM_DEFINED_TRANSFORMATION('','',#11,#67);
#8584 = PRODUCT_DEFINITION_SHAPE('Placement','Placement of an item',
  #8585);
#8585 = NEXT_ASSEMBLY_USAGE_OCCURRENCE('14','Header_Logic_pins','',#5,
  #7670,$);
#8586 = PRODUCT_RELATED_PRODUCT_CATEGORY('part',$,(#7672));
#8587 = SHAPE_DEFINITION_REPRESENTATION(#8588,#8594);
#8588 = PRODUCT_DEFINITION_SHAPE('','',#8589);
#8589 = PRODUCT_DEFINITION('design','',#8590,#8593);
#8590 = PRODUCT_DEFINITION_FORMATION('','',#8591);
#8591 = PRODUCT('Header_ENA_5V_base','Header_ENA_5V_base','',(#8592));
#8592 = PRODUCT_CONTEXT('',#2,'mechanical');
#8593 = PRODUCT_DEFINITION_CONTEXT('part definition',#2,'design');
#8594 = ADVANCED_BREP_SHAPE_REPRESENTATION('',(#11,#8595),#8745);
#8595 = MANIFOLD_SOLID_BREP('',#8596);
#8596 = CLOSED_SHELL('',(#8597,#8637,#8677,#8699,#8721,#8733));
#8597 = ADVANCED_FACE('',(#8598),#8632,.F.);
#8598 = FACE_BOUND('',#8599,.F.);
#8599 = EDGE_LOOP('',(#8600,#8610,#8618,#8626));
#8600 = ORIENTED_EDGE('',*,*,#8601,.F.);
#8601 = EDGE_CURVE('',#8602,#8604,#8606,.T.);
#8602 = VERTEX_POINT('',#8603);
#8603 = CARTESIAN_POINT('',(20.73,5.27,1.6));
#8604 = VERTEX_POINT('',#8605);
#8605 = CARTESIAN_POINT('',(20.73,5.27,4.1));
#8606 = LINE('',#8607,#8608);
#8607 = CARTESIAN_POINT('',(20.73,5.27,1.6));
#8608 = VECTOR('',#8609,1.);
#8609 = DIRECTION('',(0.,0.,1.));
#8610 = ORIENTED_EDGE('',*,*,#8611,.T.);
#8611 = EDGE_CURVE('',#8602,#8612,#8614,.T.);
#8612 = VERTEX_POINT('',#8613);
#8613 = CARTESIAN_POINT('',(20.73,7.81,1.6));
#8614 = LINE('',#8615,#8616);
#8615 = CARTESIAN_POINT('',(20.73,5.27,1.6));
#8616 = VECTOR('',#8617,1.);
#8617 = DIRECTION('',(-0.,1.,0.));
#8618 = ORIENTED_EDGE('',*,*,#8619,.T.);
#8619 = EDGE_CURVE('',#8612,#8620,#8622,.T.);
#8620 = VERTEX_POINT('',#8621);
#8621 = CARTESIAN_POINT('',(20.73,7.81,4.1));
#8622 = LINE('',#8623,#8624);
#8623 = CARTESIAN_POINT('',(20.73,7.81,1.6));
#8624 = VECTOR('',#8625,1.);
#8625 = DIRECTION('',(0.,0.,1.));
#8626 = ORIENTED_EDGE('',*,*,#8627,.F.);
#8627 = EDGE_CURVE('',#8604,#8620,#8628,.T.);
#8628 = LINE('',#8629,#8630);
#8629 = CARTESIAN_POINT('',(20.73,5.27,4.1));
#8630 = VECTOR('',#8631,1.);
#8631 = DIRECTION('',(-0.,1.,0.));
#8632 = PLANE('',#8633);
#8633 = AXIS2_PLACEMENT_3D('',#8634,#8635,#8636);
#8634 = CARTESIAN_POINT('',(20.73,5.27,1.6));
#8635 = DIRECTION('',(1.,0.,-0.));
#8636 = DIRECTION('',(0.,0.,1.));
#8637 = ADVANCED_FACE('',(#8638),#8672,.T.);
#8638 = FACE_BOUND('',#8639,.T.);
#8639 = EDGE_LOOP('',(#8640,#8650,#8658,#8666));
#8640 = ORIENTED_EDGE('',*,*,#8641,.F.);
#8641 = EDGE_CURVE('',#8642,#8644,#8646,.T.);
#8642 = VERTEX_POINT('',#8643);
#8643 = CARTESIAN_POINT('',(23.27,5.27,1.6));
#8644 = VERTEX_POINT('',#8645);
#8645 = CARTESIAN_POINT('',(23.27,5.27,4.1));
#8646 = LINE('',#8647,#8648);
#8647 = CARTESIAN_POINT('',(23.27,5.27,1.6));
#8648 = VECTOR('',#8649,1.);
#8649 = DIRECTION('',(0.,0.,1.));
#8650 = ORIENTED_EDGE('',*,*,#8651,.T.);
#8651 = EDGE_CURVE('',#8642,#8652,#8654,.T.);
#8652 = VERTEX_POINT('',#8653);
#8653 = CARTESIAN_POINT('',(23.27,7.81,1.6));
#8654 = LINE('',#8655,#8656);
#8655 = CARTESIAN_POINT('',(23.27,5.27,1.6));
#8656 = VECTOR('',#8657,1.);
#8657 = DIRECTION('',(-0.,1.,0.));
#8658 = ORIENTED_EDGE('',*,*,#8659,.T.);
#8659 = EDGE_CURVE('',#8652,#8660,#8662,.T.);
#8660 = VERTEX_POINT('',#8661);
#8661 = CARTESIAN_POINT('',(23.27,7.81,4.1));
#8662 = LINE('',#8663,#8664);
#8663 = CARTESIAN_POINT('',(23.27,7.81,1.6));
#8664 = VECTOR('',#8665,1.);
#8665 = DIRECTION('',(0.,0.,1.));
#8666 = ORIENTED_EDGE('',*,*,#8667,.F.);
#8667 = EDGE_CURVE('',#8644,#8660,#8668,.T.);
#8668 = LINE('',#8669,#8670);
#8669 = CARTESIAN_POINT('',(23.27,5.27,4.1));
#8670 = VECTOR('',#8671,1.);
#8671 = DIRECTION('',(-0.,1.,0.));
#8672 = PLANE('',#8673);
#8673 = AXIS2_PLACEMENT_3D('',#8674,#8675,#8676);
#8674 = CARTESIAN_POINT('',(23.27,5.27,1.6));
#8675 = DIRECTION('',(1.,0.,-0.));
#8676 = DIRECTION('',(0.,0.,1.));
#8677 = ADVANCED_FACE('',(#8678),#8694,.F.);
#8678 = FACE_BOUND('',#8679,.F.);
#8679 = EDGE_LOOP('',(#8680,#8686,#8687,#8693));
#8680 = ORIENTED_EDGE('',*,*,#8681,.F.);
#8681 = EDGE_CURVE('',#8602,#8642,#8682,.T.);
#8682 = LINE('',#8683,#8684);
#8683 = CARTESIAN_POINT('',(20.73,5.27,1.6));
#8684 = VECTOR('',#8685,1.);
#8685 = DIRECTION('',(1.,0.,-0.));
#8686 = ORIENTED_EDGE('',*,*,#8601,.T.);
#8687 = ORIENTED_EDGE('',*,*,#8688,.T.);
#8688 = EDGE_CURVE('',#8604,#8644,#8689,.T.);
#8689 = LINE('',#8690,#8691);
#8690 = CARTESIAN_POINT('',(20.73,5.27,4.1));
#8691 = VECTOR('',#8692,1.);
#8692 = DIRECTION('',(1.,0.,-0.));
#8693 = ORIENTED_EDGE('',*,*,#8641,.F.);
#8694 = PLANE('',#8695);
#8695 = AXIS2_PLACEMENT_3D('',#8696,#8697,#8698);
#8696 = CARTESIAN_POINT('',(20.73,5.27,1.6));
#8697 = DIRECTION('',(-0.,1.,0.));
#8698 = DIRECTION('',(0.,0.,1.));
#8699 = ADVANCED_FACE('',(#8700),#8716,.T.);
#8700 = FACE_BOUND('',#8701,.T.);
#8701 = EDGE_LOOP('',(#8702,#8708,#8709,#8715));
#8702 = ORIENTED_EDGE('',*,*,#8703,.F.);
#8703 = EDGE_CURVE('',#8612,#8652,#8704,.T.);
#8704 = LINE('',#8705,#8706);
#8705 = CARTESIAN_POINT('',(20.73,7.81,1.6));
#8706 = VECTOR('',#8707,1.);
#8707 = DIRECTION('',(1.,0.,-0.));
#8708 = ORIENTED_EDGE('',*,*,#8619,.T.);
#8709 = ORIENTED_EDGE('',*,*,#8710,.T.);
#8710 = EDGE_CURVE('',#8620,#8660,#8711,.T.);
#8711 = LINE('',#8712,#8713);
#8712 = CARTESIAN_POINT('',(20.73,7.81,4.1));
#8713 = VECTOR('',#8714,1.);
#8714 = DIRECTION('',(1.,0.,-0.));
#8715 = ORIENTED_EDGE('',*,*,#8659,.F.);
#8716 = PLANE('',#8717);
#8717 = AXIS2_PLACEMENT_3D('',#8718,#8719,#8720);
#8718 = CARTESIAN_POINT('',(20.73,7.81,1.6));
#8719 = DIRECTION('',(-0.,1.,0.));
#8720 = DIRECTION('',(0.,0.,1.));
#8721 = ADVANCED_FACE('',(#8722),#8728,.F.);
#8722 = FACE_BOUND('',#8723,.F.);
#8723 = EDGE_LOOP('',(#8724,#8725,#8726,#8727));
#8724 = ORIENTED_EDGE('',*,*,#8611,.F.);
#8725 = ORIENTED_EDGE('',*,*,#8681,.T.);
#8726 = ORIENTED_EDGE('',*,*,#8651,.T.);
#8727 = ORIENTED_EDGE('',*,*,#8703,.F.);
#8728 = PLANE('',#8729);
#8729 = AXIS2_PLACEMENT_3D('',#8730,#8731,#8732);
#8730 = CARTESIAN_POINT('',(20.73,5.27,1.6));
#8731 = DIRECTION('',(0.,0.,1.));
#8732 = DIRECTION('',(1.,0.,-0.));
#8733 = ADVANCED_FACE('',(#8734),#8740,.T.);
#8734 = FACE_BOUND('',#8735,.T.);
#8735 = EDGE_LOOP('',(#8736,#8737,#8738,#8739));
#8736 = ORIENTED_EDGE('',*,*,#8627,.F.);
#8737 = ORIENTED_EDGE('',*,*,#8688,.T.);
#8738 = ORIENTED_EDGE('',*,*,#8667,.T.);
#8739 = ORIENTED_EDGE('',*,*,#8710,.F.);
#8740 = PLANE('',#8741);
#8741 = AXIS2_PLACEMENT_3D('',#8742,#8743,#8744);
#8742 = CARTESIAN_POINT('',(20.73,5.27,4.1));
#8743 = DIRECTION('',(0.,0.,1.));
#8744 = DIRECTION('',(1.,0.,-0.));
#8745 = ( GEOMETRIC_REPRESENTATION_CONTEXT(3) 
GLOBAL_UNCERTAINTY_ASSIGNED_CONTEXT((#8749)) 
GLOBAL_UNIT_ASSIGNED_CONTEXT((#8746,#8747,#8748)) REPRESENTATION_CONTEXT
('Context #1','3D Context with UNIT and UNCERTAINTY') );
#8746 = ( LENGTH_UNIT() NAMED_UNIT(*) SI_UNIT(.MILLI.,.METRE.) );
#8747 = ( NAMED_UNIT(*) PLANE_ANGLE_UNIT() SI_UNIT($,.RADIAN.) );
#8748 = ( NAMED_UNIT(*) SI_UNIT($,.STERADIAN.) SOLID_ANGLE_UNIT() );
#8749 = UNCERTAINTY_MEASURE_WITH_UNIT(LENGTH_MEASURE(1.E-07),#8746,
  'distance_accuracy_value','confusion accuracy');
#8750 = CONTEXT_DEPENDENT_SHAPE_REPRESENTATION(#8751,#8753);
#8751 = ( REPRESENTATION_RELATIONSHIP('','',#8594,#10) 
REPRESENTATION_RELATIONSHIP_WITH_TRANSFORMATION(#8752) 
SHAPE_REPRESENTATION_RELATIONSHIP() );
#8752 = ITEM_DEFINED_TRANSFORMATION('','',#11,#71);
#8753 = PRODUCT_DEFINITION_SHAPE('Placement','Placement of an item',
  #8754);
#8754 = NEXT_ASSEMBLY_USAGE_OCCURRENCE('15','Header_ENA_5V_base','',#5,
  #8589,$);
#8755 = PRODUCT_RELATED_PRODUCT_CATEGORY('part',$,(#8591));
#8756 = SHAPE_DEFINITION_REPRESENTATION(#8757,#8763);
#8757 = PRODUCT_DEFINITION_SHAPE('','',#8758);
#8758 = PRODUCT_DEFINITION('design','',#8759,#8762);
#8759 = PRODUCT_DEFINITION_FORMATION('','',#8760);
#8760 = PRODUCT('Header_ENA_5V_pins','Header_ENA_5V_pins','',(#8761));
#8761 = PRODUCT_CONTEXT('',#2,'mechanical');
#8762 = PRODUCT_DEFINITION_CONTEXT('part definition',#2,'design');
#8763 = ADVANCED_BREP_SHAPE_REPRESENTATION('',(#11,#8764),#8914);
#8764 = MANIFOLD_SOLID_BREP('',#8765);
#8765 = CLOSED_SHELL('',(#8766,#8806,#8846,#8868,#8890,#8902));
#8766 = ADVANCED_FACE('',(#8767),#8801,.F.);
#8767 = FACE_BOUND('',#8768,.F.);
#8768 = EDGE_LOOP('',(#8769,#8779,#8787,#8795));
#8769 = ORIENTED_EDGE('',*,*,#8770,.F.);
#8770 = EDGE_CURVE('',#8771,#8773,#8775,.T.);
#8771 = VERTEX_POINT('',#8772);
#8772 = CARTESIAN_POINT('',(21.68,6.22,-1.4));
#8773 = VERTEX_POINT('',#8774);
#8774 = CARTESIAN_POINT('',(21.68,6.22,13.1));
#8775 = LINE('',#8776,#8777);
#8776 = CARTESIAN_POINT('',(21.68,6.22,-1.4));
#8777 = VECTOR('',#8778,1.);
#8778 = DIRECTION('',(0.,0.,1.));
#8779 = ORIENTED_EDGE('',*,*,#8780,.T.);
#8780 = EDGE_CURVE('',#8771,#8781,#8783,.T.);
#8781 = VERTEX_POINT('',#8782);
#8782 = CARTESIAN_POINT('',(21.68,6.86,-1.4));
#8783 = LINE('',#8784,#8785);
#8784 = CARTESIAN_POINT('',(21.68,6.22,-1.4));
#8785 = VECTOR('',#8786,1.);
#8786 = DIRECTION('',(-0.,1.,0.));
#8787 = ORIENTED_EDGE('',*,*,#8788,.T.);
#8788 = EDGE_CURVE('',#8781,#8789,#8791,.T.);
#8789 = VERTEX_POINT('',#8790);
#8790 = CARTESIAN_POINT('',(21.68,6.86,13.1));
#8791 = LINE('',#8792,#8793);
#8792 = CARTESIAN_POINT('',(21.68,6.86,-1.4));
#8793 = VECTOR('',#8794,1.);
#8794 = DIRECTION('',(0.,0.,1.));
#8795 = ORIENTED_EDGE('',*,*,#8796,.F.);
#8796 = EDGE_CURVE('',#8773,#8789,#8797,.T.);
#8797 = LINE('',#8798,#8799);
#8798 = CARTESIAN_POINT('',(21.68,6.22,13.1));
#8799 = VECTOR('',#8800,1.);
#8800 = DIRECTION('',(-0.,1.,0.));
#8801 = PLANE('',#8802);
#8802 = AXIS2_PLACEMENT_3D('',#8803,#8804,#8805);
#8803 = CARTESIAN_POINT('',(21.68,6.22,-1.4));
#8804 = DIRECTION('',(1.,0.,-0.));
#8805 = DIRECTION('',(0.,0.,1.));
#8806 = ADVANCED_FACE('',(#8807),#8841,.T.);
#8807 = FACE_BOUND('',#8808,.T.);
#8808 = EDGE_LOOP('',(#8809,#8819,#8827,#8835));
#8809 = ORIENTED_EDGE('',*,*,#8810,.F.);
#8810 = EDGE_CURVE('',#8811,#8813,#8815,.T.);
#8811 = VERTEX_POINT('',#8812);
#8812 = CARTESIAN_POINT('',(22.32,6.22,-1.4));
#8813 = VERTEX_POINT('',#8814);
#8814 = CARTESIAN_POINT('',(22.32,6.22,13.1));
#8815 = LINE('',#8816,#8817);
#8816 = CARTESIAN_POINT('',(22.32,6.22,-1.4));
#8817 = VECTOR('',#8818,1.);
#8818 = DIRECTION('',(0.,0.,1.));
#8819 = ORIENTED_EDGE('',*,*,#8820,.T.);
#8820 = EDGE_CURVE('',#8811,#8821,#8823,.T.);
#8821 = VERTEX_POINT('',#8822);
#8822 = CARTESIAN_POINT('',(22.32,6.86,-1.4));
#8823 = LINE('',#8824,#8825);
#8824 = CARTESIAN_POINT('',(22.32,6.22,-1.4));
#8825 = VECTOR('',#8826,1.);
#8826 = DIRECTION('',(-0.,1.,0.));
#8827 = ORIENTED_EDGE('',*,*,#8828,.T.);
#8828 = EDGE_CURVE('',#8821,#8829,#8831,.T.);
#8829 = VERTEX_POINT('',#8830);
#8830 = CARTESIAN_POINT('',(22.32,6.86,13.1));
#8831 = LINE('',#8832,#8833);
#8832 = CARTESIAN_POINT('',(22.32,6.86,-1.4));
#8833 = VECTOR('',#8834,1.);
#8834 = DIRECTION('',(0.,0.,1.));
#8835 = ORIENTED_EDGE('',*,*,#8836,.F.);
#8836 = EDGE_CURVE('',#8813,#8829,#8837,.T.);
#8837 = LINE('',#8838,#8839);
#8838 = CARTESIAN_POINT('',(22.32,6.22,13.1));
#8839 = VECTOR('',#8840,1.);
#8840 = DIRECTION('',(-0.,1.,0.));
#8841 = PLANE('',#8842);
#8842 = AXIS2_PLACEMENT_3D('',#8843,#8844,#8845);
#8843 = CARTESIAN_POINT('',(22.32,6.22,-1.4));
#8844 = DIRECTION('',(1.,0.,-0.));
#8845 = DIRECTION('',(0.,0.,1.));
#8846 = ADVANCED_FACE('',(#8847),#8863,.F.);
#8847 = FACE_BOUND('',#8848,.F.);
#8848 = EDGE_LOOP('',(#8849,#8855,#8856,#8862));
#8849 = ORIENTED_EDGE('',*,*,#8850,.F.);
#8850 = EDGE_CURVE('',#8771,#8811,#8851,.T.);
#8851 = LINE('',#8852,#8853);
#8852 = CARTESIAN_POINT('',(21.68,6.22,-1.4));
#8853 = VECTOR('',#8854,1.);
#8854 = DIRECTION('',(1.,0.,-0.));
#8855 = ORIENTED_EDGE('',*,*,#8770,.T.);
#8856 = ORIENTED_EDGE('',*,*,#8857,.T.);
#8857 = EDGE_CURVE('',#8773,#8813,#8858,.T.);
#8858 = LINE('',#8859,#8860);
#8859 = CARTESIAN_POINT('',(21.68,6.22,13.1));
#8860 = VECTOR('',#8861,1.);
#8861 = DIRECTION('',(1.,0.,-0.));
#8862 = ORIENTED_EDGE('',*,*,#8810,.F.);
#8863 = PLANE('',#8864);
#8864 = AXIS2_PLACEMENT_3D('',#8865,#8866,#8867);
#8865 = CARTESIAN_POINT('',(21.68,6.22,-1.4));
#8866 = DIRECTION('',(-0.,1.,0.));
#8867 = DIRECTION('',(0.,0.,1.));
#8868 = ADVANCED_FACE('',(#8869),#8885,.T.);
#8869 = FACE_BOUND('',#8870,.T.);
#8870 = EDGE_LOOP('',(#8871,#8877,#8878,#8884));
#8871 = ORIENTED_EDGE('',*,*,#8872,.F.);
#8872 = EDGE_CURVE('',#8781,#8821,#8873,.T.);
#8873 = LINE('',#8874,#8875);
#8874 = CARTESIAN_POINT('',(21.68,6.86,-1.4));
#8875 = VECTOR('',#8876,1.);
#8876 = DIRECTION('',(1.,0.,-0.));
#8877 = ORIENTED_EDGE('',*,*,#8788,.T.);
#8878 = ORIENTED_EDGE('',*,*,#8879,.T.);
#8879 = EDGE_CURVE('',#8789,#8829,#8880,.T.);
#8880 = LINE('',#8881,#8882);
#8881 = CARTESIAN_POINT('',(21.68,6.86,13.1));
#8882 = VECTOR('',#8883,1.);
#8883 = DIRECTION('',(1.,0.,-0.));
#8884 = ORIENTED_EDGE('',*,*,#8828,.F.);
#8885 = PLANE('',#8886);
#8886 = AXIS2_PLACEMENT_3D('',#8887,#8888,#8889);
#8887 = CARTESIAN_POINT('',(21.68,6.86,-1.4));
#8888 = DIRECTION('',(-0.,1.,0.));
#8889 = DIRECTION('',(0.,0.,1.));
#8890 = ADVANCED_FACE('',(#8891),#8897,.F.);
#8891 = FACE_BOUND('',#8892,.F.);
#8892 = EDGE_LOOP('',(#8893,#8894,#8895,#8896));
#8893 = ORIENTED_EDGE('',*,*,#8780,.F.);
#8894 = ORIENTED_EDGE('',*,*,#8850,.T.);
#8895 = ORIENTED_EDGE('',*,*,#8820,.T.);
#8896 = ORIENTED_EDGE('',*,*,#8872,.F.);
#8897 = PLANE('',#8898);
#8898 = AXIS2_PLACEMENT_3D('',#8899,#8900,#8901);
#8899 = CARTESIAN_POINT('',(21.68,6.22,-1.4));
#8900 = DIRECTION('',(0.,0.,1.));
#8901 = DIRECTION('',(1.,0.,-0.));
#8902 = ADVANCED_FACE('',(#8903),#8909,.T.);
#8903 = FACE_BOUND('',#8904,.T.);
#8904 = EDGE_LOOP('',(#8905,#8906,#8907,#8908));
#8905 = ORIENTED_EDGE('',*,*,#8796,.F.);
#8906 = ORIENTED_EDGE('',*,*,#8857,.T.);
#8907 = ORIENTED_EDGE('',*,*,#8836,.T.);
#8908 = ORIENTED_EDGE('',*,*,#8879,.F.);
#8909 = PLANE('',#8910);
#8910 = AXIS2_PLACEMENT_3D('',#8911,#8912,#8913);
#8911 = CARTESIAN_POINT('',(21.68,6.22,13.1));
#8912 = DIRECTION('',(0.,0.,1.));
#8913 = DIRECTION('',(1.,0.,-0.));
#8914 = ( GEOMETRIC_REPRESENTATION_CONTEXT(3) 
GLOBAL_UNCERTAINTY_ASSIGNED_CONTEXT((#8918)) 
GLOBAL_UNIT_ASSIGNED_CONTEXT((#8915,#8916,#8917)) REPRESENTATION_CONTEXT
('Context #1','3D Context with UNIT and UNCERTAINTY') );
#8915 = ( LENGTH_UNIT() NAMED_UNIT(*) SI_UNIT(.MILLI.,.METRE.) );
#8916 = ( NAMED_UNIT(*) PLANE_ANGLE_UNIT() SI_UNIT($,.RADIAN.) );
#8917 = ( NAMED_UNIT(*) SI_UNIT($,.STERADIAN.) SOLID_ANGLE_UNIT() );
#8918 = UNCERTAINTY_MEASURE_WITH_UNIT(LENGTH_MEASURE(1.E-07),#8915,
  'distance_accuracy_value','confusion accuracy');
#8919 = CONTEXT_DEPENDENT_SHAPE_REPRESENTATION(#8920,#8922);
#8920 = ( REPRESENTATION_RELATIONSHIP('','',#8763,#10) 
REPRESENTATION_RELATIONSHIP_WITH_TRANSFORMATION(#8921) 
SHAPE_REPRESENTATION_RELATIONSHIP() );
#8921 = ITEM_DEFINED_TRANSFORMATION('','',#11,#75);
#8922 = PRODUCT_DEFINITION_SHAPE('Placement','Placement of an item',
  #8923);
#8923 = NEXT_ASSEMBLY_USAGE_OCCURRENCE('16','Header_ENA_5V_pins','',#5,
  #8758,$);
#8924 = PRODUCT_RELATED_PRODUCT_CATEGORY('part',$,(#8760));
#8925 = SHAPE_DEFINITION_REPRESENTATION(#8926,#8932);
#8926 = PRODUCT_DEFINITION_SHAPE('','',#8927);
#8927 = PRODUCT_DEFINITION('design','',#8928,#8931);
#8928 = PRODUCT_DEFINITION_FORMATION('','',#8929);
#8929 = PRODUCT('Header_ENB_5V_base','Header_ENB_5V_base','',(#8930));
#8930 = PRODUCT_CONTEXT('',#2,'mechanical');
#8931 = PRODUCT_DEFINITION_CONTEXT('part definition',#2,'design');
#8932 = ADVANCED_BREP_SHAPE_REPRESENTATION('',(#11,#8933),#9083);
#8933 = MANIFOLD_SOLID_BREP('',#8934);
#8934 = CLOSED_SHELL('',(#8935,#8975,#9015,#9037,#9059,#9071));
#8935 = ADVANCED_FACE('',(#8936),#8970,.F.);
#8936 = FACE_BOUND('',#8937,.F.);
#8937 = EDGE_LOOP('',(#8938,#8948,#8956,#8964));
#8938 = ORIENTED_EDGE('',*,*,#8939,.F.);
#8939 = EDGE_CURVE('',#8940,#8942,#8944,.T.);
#8940 = VERTEX_POINT('',#8941);
#8941 = CARTESIAN_POINT('',(33.43,5.27,1.6));
#8942 = VERTEX_POINT('',#8943);
#8943 = CARTESIAN_POINT('',(33.43,5.27,4.1));
#8944 = LINE('',#8945,#8946);
#8945 = CARTESIAN_POINT('',(33.43,5.27,1.6));
#8946 = VECTOR('',#8947,1.);
#8947 = DIRECTION('',(0.,0.,1.));
#8948 = ORIENTED_EDGE('',*,*,#8949,.T.);
#8949 = EDGE_CURVE('',#8940,#8950,#8952,.T.);
#8950 = VERTEX_POINT('',#8951);
#8951 = CARTESIAN_POINT('',(33.43,7.81,1.6));
#8952 = LINE('',#8953,#8954);
#8953 = CARTESIAN_POINT('',(33.43,5.27,1.6));
#8954 = VECTOR('',#8955,1.);
#8955 = DIRECTION('',(-0.,1.,0.));
#8956 = ORIENTED_EDGE('',*,*,#8957,.T.);
#8957 = EDGE_CURVE('',#8950,#8958,#8960,.T.);
#8958 = VERTEX_POINT('',#8959);
#8959 = CARTESIAN_POINT('',(33.43,7.81,4.1));
#8960 = LINE('',#8961,#8962);
#8961 = CARTESIAN_POINT('',(33.43,7.81,1.6));
#8962 = VECTOR('',#8963,1.);
#8963 = DIRECTION('',(0.,0.,1.));
#8964 = ORIENTED_EDGE('',*,*,#8965,.F.);
#8965 = EDGE_CURVE('',#8942,#8958,#8966,.T.);
#8966 = LINE('',#8967,#8968);
#8967 = CARTESIAN_POINT('',(33.43,5.27,4.1));
#8968 = VECTOR('',#8969,1.);
#8969 = DIRECTION('',(-0.,1.,0.));
#8970 = PLANE('',#8971);
#8971 = AXIS2_PLACEMENT_3D('',#8972,#8973,#8974);
#8972 = CARTESIAN_POINT('',(33.43,5.27,1.6));
#8973 = DIRECTION('',(1.,0.,-0.));
#8974 = DIRECTION('',(0.,0.,1.));
#8975 = ADVANCED_FACE('',(#8976),#9010,.T.);
#8976 = FACE_BOUND('',#8977,.T.);
#8977 = EDGE_LOOP('',(#8978,#8988,#8996,#9004));
#8978 = ORIENTED_EDGE('',*,*,#8979,.F.);
#8979 = EDGE_CURVE('',#8980,#8982,#8984,.T.);
#8980 = VERTEX_POINT('',#8981);
#8981 = CARTESIAN_POINT('',(35.97,5.27,1.6));
#8982 = VERTEX_POINT('',#8983);
#8983 = CARTESIAN_POINT('',(35.97,5.27,4.1));
#8984 = LINE('',#8985,#8986);
#8985 = CARTESIAN_POINT('',(35.97,5.27,1.6));
#8986 = VECTOR('',#8987,1.);
#8987 = DIRECTION('',(0.,0.,1.));
#8988 = ORIENTED_EDGE('',*,*,#8989,.T.);
#8989 = EDGE_CURVE('',#8980,#8990,#8992,.T.);
#8990 = VERTEX_POINT('',#8991);
#8991 = CARTESIAN_POINT('',(35.97,7.81,1.6));
#8992 = LINE('',#8993,#8994);
#8993 = CARTESIAN_POINT('',(35.97,5.27,1.6));
#8994 = VECTOR('',#8995,1.);
#8995 = DIRECTION('',(-0.,1.,0.));
#8996 = ORIENTED_EDGE('',*,*,#8997,.T.);
#8997 = EDGE_CURVE('',#8990,#8998,#9000,.T.);
#8998 = VERTEX_POINT('',#8999);
#8999 = CARTESIAN_POINT('',(35.97,7.81,4.1));
#9000 = LINE('',#9001,#9002);
#9001 = CARTESIAN_POINT('',(35.97,7.81,1.6));
#9002 = VECTOR('',#9003,1.);
#9003 = DIRECTION('',(0.,0.,1.));
#9004 = ORIENTED_EDGE('',*,*,#9005,.F.);
#9005 = EDGE_CURVE('',#8982,#8998,#9006,.T.);
#9006 = LINE('',#9007,#9008);
#9007 = CARTESIAN_POINT('',(35.97,5.27,4.1));
#9008 = VECTOR('',#9009,1.);
#9009 = DIRECTION('',(-0.,1.,0.));
#9010 = PLANE('',#9011);
#9011 = AXIS2_PLACEMENT_3D('',#9012,#9013,#9014);
#9012 = CARTESIAN_POINT('',(35.97,5.27,1.6));
#9013 = DIRECTION('',(1.,0.,-0.));
#9014 = DIRECTION('',(0.,0.,1.));
#9015 = ADVANCED_FACE('',(#9016),#9032,.F.);
#9016 = FACE_BOUND('',#9017,.F.);
#9017 = EDGE_LOOP('',(#9018,#9024,#9025,#9031));
#9018 = ORIENTED_EDGE('',*,*,#9019,.F.);
#9019 = EDGE_CURVE('',#8940,#8980,#9020,.T.);
#9020 = LINE('',#9021,#9022);
#9021 = CARTESIAN_POINT('',(33.43,5.27,1.6));
#9022 = VECTOR('',#9023,1.);
#9023 = DIRECTION('',(1.,0.,-0.));
#9024 = ORIENTED_EDGE('',*,*,#8939,.T.);
#9025 = ORIENTED_EDGE('',*,*,#9026,.T.);
#9026 = EDGE_CURVE('',#8942,#8982,#9027,.T.);
#9027 = LINE('',#9028,#9029);
#9028 = CARTESIAN_POINT('',(33.43,5.27,4.1));
#9029 = VECTOR('',#9030,1.);
#9030 = DIRECTION('',(1.,0.,-0.));
#9031 = ORIENTED_EDGE('',*,*,#8979,.F.);
#9032 = PLANE('',#9033);
#9033 = AXIS2_PLACEMENT_3D('',#9034,#9035,#9036);
#9034 = CARTESIAN_POINT('',(33.43,5.27,1.6));
#9035 = DIRECTION('',(-0.,1.,0.));
#9036 = DIRECTION('',(0.,0.,1.));
#9037 = ADVANCED_FACE('',(#9038),#9054,.T.);
#9038 = FACE_BOUND('',#9039,.T.);
#9039 = EDGE_LOOP('',(#9040,#9046,#9047,#9053));
#9040 = ORIENTED_EDGE('',*,*,#9041,.F.);
#9041 = EDGE_CURVE('',#8950,#8990,#9042,.T.);
#9042 = LINE('',#9043,#9044);
#9043 = CARTESIAN_POINT('',(33.43,7.81,1.6));
#9044 = VECTOR('',#9045,1.);
#9045 = DIRECTION('',(1.,0.,-0.));
#9046 = ORIENTED_EDGE('',*,*,#8957,.T.);
#9047 = ORIENTED_EDGE('',*,*,#9048,.T.);
#9048 = EDGE_CURVE('',#8958,#8998,#9049,.T.);
#9049 = LINE('',#9050,#9051);
#9050 = CARTESIAN_POINT('',(33.43,7.81,4.1));
#9051 = VECTOR('',#9052,1.);
#9052 = DIRECTION('',(1.,0.,-0.));
#9053 = ORIENTED_EDGE('',*,*,#8997,.F.);
#9054 = PLANE('',#9055);
#9055 = AXIS2_PLACEMENT_3D('',#9056,#9057,#9058);
#9056 = CARTESIAN_POINT('',(33.43,7.81,1.6));
#9057 = DIRECTION('',(-0.,1.,0.));
#9058 = DIRECTION('',(0.,0.,1.));
#9059 = ADVANCED_FACE('',(#9060),#9066,.F.);
#9060 = FACE_BOUND('',#9061,.F.);
#9061 = EDGE_LOOP('',(#9062,#9063,#9064,#9065));
#9062 = ORIENTED_EDGE('',*,*,#8949,.F.);
#9063 = ORIENTED_EDGE('',*,*,#9019,.T.);
#9064 = ORIENTED_EDGE('',*,*,#8989,.T.);
#9065 = ORIENTED_EDGE('',*,*,#9041,.F.);
#9066 = PLANE('',#9067);
#9067 = AXIS2_PLACEMENT_3D('',#9068,#9069,#9070);
#9068 = CARTESIAN_POINT('',(33.43,5.27,1.6));
#9069 = DIRECTION('',(0.,0.,1.));
#9070 = DIRECTION('',(1.,0.,-0.));
#9071 = ADVANCED_FACE('',(#9072),#9078,.T.);
#9072 = FACE_BOUND('',#9073,.T.);
#9073 = EDGE_LOOP('',(#9074,#9075,#9076,#9077));
#9074 = ORIENTED_EDGE('',*,*,#8965,.F.);
#9075 = ORIENTED_EDGE('',*,*,#9026,.T.);
#9076 = ORIENTED_EDGE('',*,*,#9005,.T.);
#9077 = ORIENTED_EDGE('',*,*,#9048,.F.);
#9078 = PLANE('',#9079);
#9079 = AXIS2_PLACEMENT_3D('',#9080,#9081,#9082);
#9080 = CARTESIAN_POINT('',(33.43,5.27,4.1));
#9081 = DIRECTION('',(0.,0.,1.));
#9082 = DIRECTION('',(1.,0.,-0.));
#9083 = ( GEOMETRIC_REPRESENTATION_CONTEXT(3) 
GLOBAL_UNCERTAINTY_ASSIGNED_CONTEXT((#9087)) 
GLOBAL_UNIT_ASSIGNED_CONTEXT((#9084,#9085,#9086)) REPRESENTATION_CONTEXT
('Context #1','3D Context with UNIT and UNCERTAINTY') );
#9084 = ( LENGTH_UNIT() NAMED_UNIT(*) SI_UNIT(.MILLI.,.METRE.) );
#9085 = ( NAMED_UNIT(*) PLANE_ANGLE_UNIT() SI_UNIT($,.RADIAN.) );
#9086 = ( NAMED_UNIT(*) SI_UNIT($,.STERADIAN.) SOLID_ANGLE_UNIT() );
#9087 = UNCERTAINTY_MEASURE_WITH_UNIT(LENGTH_MEASURE(1.E-07),#9084,
  'distance_accuracy_value','confusion accuracy');
#9088 = CONTEXT_DEPENDENT_SHAPE_REPRESENTATION(#9089,#9091);
#9089 = ( REPRESENTATION_RELATIONSHIP('','',#8932,#10) 
REPRESENTATION_RELATIONSHIP_WITH_TRANSFORMATION(#9090) 
SHAPE_REPRESENTATION_RELATIONSHIP() );
#9090 = ITEM_DEFINED_TRANSFORMATION('','',#11,#79);
#9091 = PRODUCT_DEFINITION_SHAPE('Placement','Placement of an item',
  #9092);
#9092 = NEXT_ASSEMBLY_USAGE_OCCURRENCE('17','Header_ENB_5V_base','',#5,
  #8927,$);
#9093 = PRODUCT_RELATED_PRODUCT_CATEGORY('part',$,(#8929));
#9094 = SHAPE_DEFINITION_REPRESENTATION(#9095,#9101);
#9095 = PRODUCT_DEFINITION_SHAPE('','',#9096);
#9096 = PRODUCT_DEFINITION('design','',#9097,#9100);
#9097 = PRODUCT_DEFINITION_FORMATION('','',#9098);
#9098 = PRODUCT('Header_ENB_5V_pins','Header_ENB_5V_pins','',(#9099));
#9099 = PRODUCT_CONTEXT('',#2,'mechanical');
#9100 = PRODUCT_DEFINITION_CONTEXT('part definition',#2,'design');
#9101 = ADVANCED_BREP_SHAPE_REPRESENTATION('',(#11,#9102),#9252);
#9102 = MANIFOLD_SOLID_BREP('',#9103);
#9103 = CLOSED_SHELL('',(#9104,#9144,#9184,#9206,#9228,#9240));
#9104 = ADVANCED_FACE('',(#9105),#9139,.F.);
#9105 = FACE_BOUND('',#9106,.F.);
#9106 = EDGE_LOOP('',(#9107,#9117,#9125,#9133));
#9107 = ORIENTED_EDGE('',*,*,#9108,.F.);
#9108 = EDGE_CURVE('',#9109,#9111,#9113,.T.);
#9109 = VERTEX_POINT('',#9110);
#9110 = CARTESIAN_POINT('',(34.38,6.22,-1.4));
#9111 = VERTEX_POINT('',#9112);
#9112 = CARTESIAN_POINT('',(34.38,6.22,13.1));
#9113 = LINE('',#9114,#9115);
#9114 = CARTESIAN_POINT('',(34.38,6.22,-1.4));
#9115 = VECTOR('',#9116,1.);
#9116 = DIRECTION('',(0.,0.,1.));
#9117 = ORIENTED_EDGE('',*,*,#9118,.T.);
#9118 = EDGE_CURVE('',#9109,#9119,#9121,.T.);
#9119 = VERTEX_POINT('',#9120);
#9120 = CARTESIAN_POINT('',(34.38,6.86,-1.4));
#9121 = LINE('',#9122,#9123);
#9122 = CARTESIAN_POINT('',(34.38,6.22,-1.4));
#9123 = VECTOR('',#9124,1.);
#9124 = DIRECTION('',(-0.,1.,0.));
#9125 = ORIENTED_EDGE('',*,*,#9126,.T.);
#9126 = EDGE_CURVE('',#9119,#9127,#9129,.T.);
#9127 = VERTEX_POINT('',#9128);
#9128 = CARTESIAN_POINT('',(34.38,6.86,13.1));
#9129 = LINE('',#9130,#9131);
#9130 = CARTESIAN_POINT('',(34.38,6.86,-1.4));
#9131 = VECTOR('',#9132,1.);
#9132 = DIRECTION('',(0.,0.,1.));
#9133 = ORIENTED_EDGE('',*,*,#9134,.F.);
#9134 = EDGE_CURVE('',#9111,#9127,#9135,.T.);
#9135 = LINE('',#9136,#9137);
#9136 = CARTESIAN_POINT('',(34.38,6.22,13.1));
#9137 = VECTOR('',#9138,1.);
#9138 = DIRECTION('',(-0.,1.,0.));
#9139 = PLANE('',#9140);
#9140 = AXIS2_PLACEMENT_3D('',#9141,#9142,#9143);
#9141 = CARTESIAN_POINT('',(34.38,6.22,-1.4));
#9142 = DIRECTION('',(1.,0.,-0.));
#9143 = DIRECTION('',(0.,0.,1.));
#9144 = ADVANCED_FACE('',(#9145),#9179,.T.);
#9145 = FACE_BOUND('',#9146,.T.);
#9146 = EDGE_LOOP('',(#9147,#9157,#9165,#9173));
#9147 = ORIENTED_EDGE('',*,*,#9148,.F.);
#9148 = EDGE_CURVE('',#9149,#9151,#9153,.T.);
#9149 = VERTEX_POINT('',#9150);
#9150 = CARTESIAN_POINT('',(35.02,6.22,-1.4));
#9151 = VERTEX_POINT('',#9152);
#9152 = CARTESIAN_POINT('',(35.02,6.22,13.1));
#9153 = LINE('',#9154,#9155);
#9154 = CARTESIAN_POINT('',(35.02,6.22,-1.4));
#9155 = VECTOR('',#9156,1.);
#9156 = DIRECTION('',(0.,0.,1.));
#9157 = ORIENTED_EDGE('',*,*,#9158,.T.);
#9158 = EDGE_CURVE('',#9149,#9159,#9161,.T.);
#9159 = VERTEX_POINT('',#9160);
#9160 = CARTESIAN_POINT('',(35.02,6.86,-1.4));
#9161 = LINE('',#9162,#9163);
#9162 = CARTESIAN_POINT('',(35.02,6.22,-1.4));
#9163 = VECTOR('',#9164,1.);
#9164 = DIRECTION('',(-0.,1.,0.));
#9165 = ORIENTED_EDGE('',*,*,#9166,.T.);
#9166 = EDGE_CURVE('',#9159,#9167,#9169,.T.);
#9167 = VERTEX_POINT('',#9168);
#9168 = CARTESIAN_POINT('',(35.02,6.86,13.1));
#9169 = LINE('',#9170,#9171);
#9170 = CARTESIAN_POINT('',(35.02,6.86,-1.4));
#9171 = VECTOR('',#9172,1.);
#9172 = DIRECTION('',(0.,0.,1.));
#9173 = ORIENTED_EDGE('',*,*,#9174,.F.);
#9174 = EDGE_CURVE('',#9151,#9167,#9175,.T.);
#9175 = LINE('',#9176,#9177);
#9176 = CARTESIAN_POINT('',(35.02,6.22,13.1));
#9177 = VECTOR('',#9178,1.);
#9178 = DIRECTION('',(-0.,1.,0.));
#9179 = PLANE('',#9180);
#9180 = AXIS2_PLACEMENT_3D('',#9181,#9182,#9183);
#9181 = CARTESIAN_POINT('',(35.02,6.22,-1.4));
#9182 = DIRECTION('',(1.,0.,-0.));
#9183 = DIRECTION('',(0.,0.,1.));
#9184 = ADVANCED_FACE('',(#9185),#9201,.F.);
#9185 = FACE_BOUND('',#9186,.F.);
#9186 = EDGE_LOOP('',(#9187,#9193,#9194,#9200));
#9187 = ORIENTED_EDGE('',*,*,#9188,.F.);
#9188 = EDGE_CURVE('',#9109,#9149,#9189,.T.);
#9189 = LINE('',#9190,#9191);
#9190 = CARTESIAN_POINT('',(34.38,6.22,-1.4));
#9191 = VECTOR('',#9192,1.);
#9192 = DIRECTION('',(1.,0.,-0.));
#9193 = ORIENTED_EDGE('',*,*,#9108,.T.);
#9194 = ORIENTED_EDGE('',*,*,#9195,.T.);
#9195 = EDGE_CURVE('',#9111,#9151,#9196,.T.);
#9196 = LINE('',#9197,#9198);
#9197 = CARTESIAN_POINT('',(34.38,6.22,13.1));
#9198 = VECTOR('',#9199,1.);
#9199 = DIRECTION('',(1.,0.,-0.));
#9200 = ORIENTED_EDGE('',*,*,#9148,.F.);
#9201 = PLANE('',#9202);
#9202 = AXIS2_PLACEMENT_3D('',#9203,#9204,#9205);
#9203 = CARTESIAN_POINT('',(34.38,6.22,-1.4));
#9204 = DIRECTION('',(-0.,1.,0.));
#9205 = DIRECTION('',(0.,0.,1.));
#9206 = ADVANCED_FACE('',(#9207),#9223,.T.);
#9207 = FACE_BOUND('',#9208,.T.);
#9208 = EDGE_LOOP('',(#9209,#9215,#9216,#9222));
#9209 = ORIENTED_EDGE('',*,*,#9210,.F.);
#9210 = EDGE_CURVE('',#9119,#9159,#9211,.T.);
#9211 = LINE('',#9212,#9213);
#9212 = CARTESIAN_POINT('',(34.38,6.86,-1.4));
#9213 = VECTOR('',#9214,1.);
#9214 = DIRECTION('',(1.,0.,-0.));
#9215 = ORIENTED_EDGE('',*,*,#9126,.T.);
#9216 = ORIENTED_EDGE('',*,*,#9217,.T.);
#9217 = EDGE_CURVE('',#9127,#9167,#9218,.T.);
#9218 = LINE('',#9219,#9220);
#9219 = CARTESIAN_POINT('',(34.38,6.86,13.1));
#9220 = VECTOR('',#9221,1.);
#9221 = DIRECTION('',(1.,0.,-0.));
#9222 = ORIENTED_EDGE('',*,*,#9166,.F.);
#9223 = PLANE('',#9224);
#9224 = AXIS2_PLACEMENT_3D('',#9225,#9226,#9227);
#9225 = CARTESIAN_POINT('',(34.38,6.86,-1.4));
#9226 = DIRECTION('',(-0.,1.,0.));
#9227 = DIRECTION('',(0.,0.,1.));
#9228 = ADVANCED_FACE('',(#9229),#9235,.F.);
#9229 = FACE_BOUND('',#9230,.F.);
#9230 = EDGE_LOOP('',(#9231,#9232,#9233,#9234));
#9231 = ORIENTED_EDGE('',*,*,#9118,.F.);
#9232 = ORIENTED_EDGE('',*,*,#9188,.T.);
#9233 = ORIENTED_EDGE('',*,*,#9158,.T.);
#9234 = ORIENTED_EDGE('',*,*,#9210,.F.);
#9235 = PLANE('',#9236);
#9236 = AXIS2_PLACEMENT_3D('',#9237,#9238,#9239);
#9237 = CARTESIAN_POINT('',(34.38,6.22,-1.4));
#9238 = DIRECTION('',(0.,0.,1.));
#9239 = DIRECTION('',(1.,0.,-0.));
#9240 = ADVANCED_FACE('',(#9241),#9247,.T.);
#9241 = FACE_BOUND('',#9242,.T.);
#9242 = EDGE_LOOP('',(#9243,#9244,#9245,#9246));
#9243 = ORIENTED_EDGE('',*,*,#9134,.F.);
#9244 = ORIENTED_EDGE('',*,*,#9195,.T.);
#9245 = ORIENTED_EDGE('',*,*,#9174,.T.);
#9246 = ORIENTED_EDGE('',*,*,#9217,.F.);
#9247 = PLANE('',#9248);
#9248 = AXIS2_PLACEMENT_3D('',#9249,#9250,#9251);
#9249 = CARTESIAN_POINT('',(34.38,6.22,13.1));
#9250 = DIRECTION('',(0.,0.,1.));
#9251 = DIRECTION('',(1.,0.,-0.));
#9252 = ( GEOMETRIC_REPRESENTATION_CONTEXT(3) 
GLOBAL_UNCERTAINTY_ASSIGNED_CONTEXT((#9256)) 
GLOBAL_UNIT_ASSIGNED_CONTEXT((#9253,#9254,#9255)) REPRESENTATION_CONTEXT
('Context #1','3D Context with UNIT and UNCERTAINTY') );
#9253 = ( LENGTH_UNIT() NAMED_UNIT(*) SI_UNIT(.MILLI.,.METRE.) );
#9254 = ( NAMED_UNIT(*) PLANE_ANGLE_UNIT() SI_UNIT($,.RADIAN.) );
#9255 = ( NAMED_UNIT(*) SI_UNIT($,.STERADIAN.) SOLID_ANGLE_UNIT() );
#9256 = UNCERTAINTY_MEASURE_WITH_UNIT(LENGTH_MEASURE(1.E-07),#9253,
  'distance_accuracy_value','confusion accuracy');
#9257 = CONTEXT_DEPENDENT_SHAPE_REPRESENTATION(#9258,#9260);
#9258 = ( REPRESENTATION_RELATIONSHIP('','',#9101,#10) 
REPRESENTATION_RELATIONSHIP_WITH_TRANSFORMATION(#9259) 
SHAPE_REPRESENTATION_RELATIONSHIP() );
#9259 = ITEM_DEFINED_TRANSFORMATION('','',#11,#83);
#9260 = PRODUCT_DEFINITION_SHAPE('Placement','Placement of an item',
  #9261);
#9261 = NEXT_ASSEMBLY_USAGE_OCCURRENCE('18','Header_ENB_5V_pins','',#5,
  #9096,$);
#9262 = PRODUCT_RELATED_PRODUCT_CATEGORY('part',$,(#9098));
#9263 = SHAPE_DEFINITION_REPRESENTATION(#9264,#9270);
#9264 = PRODUCT_DEFINITION_SHAPE('','',#9265);
#9265 = PRODUCT_DEFINITION('design','',#9266,#9269);
#9266 = PRODUCT_DEFINITION_FORMATION('','',#9267);
#9267 = PRODUCT('Jumper_ENA','Jumper_ENA','',(#9268));
#9268 = PRODUCT_CONTEXT('',#2,'mechanical');
#9269 = PRODUCT_DEFINITION_CONTEXT('part definition',#2,'design');
#9270 = ADVANCED_BREP_SHAPE_REPRESENTATION('',(#11,#9271),#9421);
#9271 = MANIFOLD_SOLID_BREP('',#9272);
#9272 = CLOSED_SHELL('',(#9273,#9313,#9353,#9375,#9397,#9409));
#9273 = ADVANCED_FACE('',(#9274),#9308,.F.);
#9274 = FACE_BOUND('',#9275,.F.);
#9275 = EDGE_LOOP('',(#9276,#9286,#9294,#9302));
#9276 = ORIENTED_EDGE('',*,*,#9277,.F.);
#9277 = EDGE_CURVE('',#9278,#9280,#9282,.T.);
#9278 = VERTEX_POINT('',#9279);
#9279 = CARTESIAN_POINT('',(20.73,2.73,4.1));
#9280 = VERTEX_POINT('',#9281);
#9281 = CARTESIAN_POINT('',(20.73,2.73,10.1));
#9282 = LINE('',#9283,#9284);
#9283 = CARTESIAN_POINT('',(20.73,2.73,4.1));
#9284 = VECTOR('',#9285,1.);
#9285 = DIRECTION('',(0.,0.,1.));
#9286 = ORIENTED_EDGE('',*,*,#9287,.T.);
#9287 = EDGE_CURVE('',#9278,#9288,#9290,.T.);
#9288 = VERTEX_POINT('',#9289);
#9289 = CARTESIAN_POINT('',(20.73,7.81,4.1));
#9290 = LINE('',#9291,#9292);
#9291 = CARTESIAN_POINT('',(20.73,2.73,4.1));
#9292 = VECTOR('',#9293,1.);
#9293 = DIRECTION('',(-0.,1.,0.));
#9294 = ORIENTED_EDGE('',*,*,#9295,.T.);
#9295 = EDGE_CURVE('',#9288,#9296,#9298,.T.);
#9296 = VERTEX_POINT('',#9297);
#9297 = CARTESIAN_POINT('',(20.73,7.81,10.1));
#9298 = LINE('',#9299,#9300);
#9299 = CARTESIAN_POINT('',(20.73,7.81,4.1));
#9300 = VECTOR('',#9301,1.);
#9301 = DIRECTION('',(0.,0.,1.));
#9302 = ORIENTED_EDGE('',*,*,#9303,.F.);
#9303 = EDGE_CURVE('',#9280,#9296,#9304,.T.);
#9304 = LINE('',#9305,#9306);
#9305 = CARTESIAN_POINT('',(20.73,2.73,10.1));
#9306 = VECTOR('',#9307,1.);
#9307 = DIRECTION('',(-0.,1.,0.));
#9308 = PLANE('',#9309);
#9309 = AXIS2_PLACEMENT_3D('',#9310,#9311,#9312);
#9310 = CARTESIAN_POINT('',(20.73,2.73,4.1));
#9311 = DIRECTION('',(1.,0.,-0.));
#9312 = DIRECTION('',(0.,0.,1.));
#9313 = ADVANCED_FACE('',(#9314),#9348,.T.);
#9314 = FACE_BOUND('',#9315,.T.);
#9315 = EDGE_LOOP('',(#9316,#9326,#9334,#9342));
#9316 = ORIENTED_EDGE('',*,*,#9317,.F.);
#9317 = EDGE_CURVE('',#9318,#9320,#9322,.T.);
#9318 = VERTEX_POINT('',#9319);
#9319 = CARTESIAN_POINT('',(23.27,2.73,4.1));
#9320 = VERTEX_POINT('',#9321);
#9321 = CARTESIAN_POINT('',(23.27,2.73,10.1));
#9322 = LINE('',#9323,#9324);
#9323 = CARTESIAN_POINT('',(23.27,2.73,4.1));
#9324 = VECTOR('',#9325,1.);
#9325 = DIRECTION('',(0.,0.,1.));
#9326 = ORIENTED_EDGE('',*,*,#9327,.T.);
#9327 = EDGE_CURVE('',#9318,#9328,#9330,.T.);
#9328 = VERTEX_POINT('',#9329);
#9329 = CARTESIAN_POINT('',(23.27,7.81,4.1));
#9330 = LINE('',#9331,#9332);
#9331 = CARTESIAN_POINT('',(23.27,2.73,4.1));
#9332 = VECTOR('',#9333,1.);
#9333 = DIRECTION('',(-0.,1.,0.));
#9334 = ORIENTED_EDGE('',*,*,#9335,.T.);
#9335 = EDGE_CURVE('',#9328,#9336,#9338,.T.);
#9336 = VERTEX_POINT('',#9337);
#9337 = CARTESIAN_POINT('',(23.27,7.81,10.1));
#9338 = LINE('',#9339,#9340);
#9339 = CARTESIAN_POINT('',(23.27,7.81,4.1));
#9340 = VECTOR('',#9341,1.);
#9341 = DIRECTION('',(0.,0.,1.));
#9342 = ORIENTED_EDGE('',*,*,#9343,.F.);
#9343 = EDGE_CURVE('',#9320,#9336,#9344,.T.);
#9344 = LINE('',#9345,#9346);
#9345 = CARTESIAN_POINT('',(23.27,2.73,10.1));
#9346 = VECTOR('',#9347,1.);
#9347 = DIRECTION('',(-0.,1.,0.));
#9348 = PLANE('',#9349);
#9349 = AXIS2_PLACEMENT_3D('',#9350,#9351,#9352);
#9350 = CARTESIAN_POINT('',(23.27,2.73,4.1));
#9351 = DIRECTION('',(1.,0.,-0.));
#9352 = DIRECTION('',(0.,0.,1.));
#9353 = ADVANCED_FACE('',(#9354),#9370,.F.);
#9354 = FACE_BOUND('',#9355,.F.);
#9355 = EDGE_LOOP('',(#9356,#9362,#9363,#9369));
#9356 = ORIENTED_EDGE('',*,*,#9357,.F.);
#9357 = EDGE_CURVE('',#9278,#9318,#9358,.T.);
#9358 = LINE('',#9359,#9360);
#9359 = CARTESIAN_POINT('',(20.73,2.73,4.1));
#9360 = VECTOR('',#9361,1.);
#9361 = DIRECTION('',(1.,0.,-0.));
#9362 = ORIENTED_EDGE('',*,*,#9277,.T.);
#9363 = ORIENTED_EDGE('',*,*,#9364,.T.);
#9364 = EDGE_CURVE('',#9280,#9320,#9365,.T.);
#9365 = LINE('',#9366,#9367);
#9366 = CARTESIAN_POINT('',(20.73,2.73,10.1));
#9367 = VECTOR('',#9368,1.);
#9368 = DIRECTION('',(1.,0.,-0.));
#9369 = ORIENTED_EDGE('',*,*,#9317,.F.);
#9370 = PLANE('',#9371);
#9371 = AXIS2_PLACEMENT_3D('',#9372,#9373,#9374);
#9372 = CARTESIAN_POINT('',(20.73,2.73,4.1));
#9373 = DIRECTION('',(-0.,1.,0.));
#9374 = DIRECTION('',(0.,0.,1.));
#9375 = ADVANCED_FACE('',(#9376),#9392,.T.);
#9376 = FACE_BOUND('',#9377,.T.);
#9377 = EDGE_LOOP('',(#9378,#9384,#9385,#9391));
#9378 = ORIENTED_EDGE('',*,*,#9379,.F.);
#9379 = EDGE_CURVE('',#9288,#9328,#9380,.T.);
#9380 = LINE('',#9381,#9382);
#9381 = CARTESIAN_POINT('',(20.73,7.81,4.1));
#9382 = VECTOR('',#9383,1.);
#9383 = DIRECTION('',(1.,0.,-0.));
#9384 = ORIENTED_EDGE('',*,*,#9295,.T.);
#9385 = ORIENTED_EDGE('',*,*,#9386,.T.);
#9386 = EDGE_CURVE('',#9296,#9336,#9387,.T.);
#9387 = LINE('',#9388,#9389);
#9388 = CARTESIAN_POINT('',(20.73,7.81,10.1));
#9389 = VECTOR('',#9390,1.);
#9390 = DIRECTION('',(1.,0.,-0.));
#9391 = ORIENTED_EDGE('',*,*,#9335,.F.);
#9392 = PLANE('',#9393);
#9393 = AXIS2_PLACEMENT_3D('',#9394,#9395,#9396);
#9394 = CARTESIAN_POINT('',(20.73,7.81,4.1));
#9395 = DIRECTION('',(-0.,1.,0.));
#9396 = DIRECTION('',(0.,0.,1.));
#9397 = ADVANCED_FACE('',(#9398),#9404,.F.);
#9398 = FACE_BOUND('',#9399,.F.);
#9399 = EDGE_LOOP('',(#9400,#9401,#9402,#9403));
#9400 = ORIENTED_EDGE('',*,*,#9287,.F.);
#9401 = ORIENTED_EDGE('',*,*,#9357,.T.);
#9402 = ORIENTED_EDGE('',*,*,#9327,.T.);
#9403 = ORIENTED_EDGE('',*,*,#9379,.F.);
#9404 = PLANE('',#9405);
#9405 = AXIS2_PLACEMENT_3D('',#9406,#9407,#9408);
#9406 = CARTESIAN_POINT('',(20.73,2.73,4.1));
#9407 = DIRECTION('',(0.,0.,1.));
#9408 = DIRECTION('',(1.,0.,-0.));
#9409 = ADVANCED_FACE('',(#9410),#9416,.T.);
#9410 = FACE_BOUND('',#9411,.T.);
#9411 = EDGE_LOOP('',(#9412,#9413,#9414,#9415));
#9412 = ORIENTED_EDGE('',*,*,#9303,.F.);
#9413 = ORIENTED_EDGE('',*,*,#9364,.T.);
#9414 = ORIENTED_EDGE('',*,*,#9343,.T.);
#9415 = ORIENTED_EDGE('',*,*,#9386,.F.);
#9416 = PLANE('',#9417);
#9417 = AXIS2_PLACEMENT_3D('',#9418,#9419,#9420);
#9418 = CARTESIAN_POINT('',(20.73,2.73,10.1));
#9419 = DIRECTION('',(0.,0.,1.));
#9420 = DIRECTION('',(1.,0.,-0.));
#9421 = ( GEOMETRIC_REPRESENTATION_CONTEXT(3) 
GLOBAL_UNCERTAINTY_ASSIGNED_CONTEXT((#9425)) 
GLOBAL_UNIT_ASSIGNED_CONTEXT((#9422,#9423,#9424)) REPRESENTATION_CONTEXT
('Context #1','3D Context with UNIT and UNCERTAINTY') );
#9422 = ( LENGTH_UNIT() NAMED_UNIT(*) SI_UNIT(.MILLI.,.METRE.) );
#9423 = ( NAMED_UNIT(*) PLANE_ANGLE_UNIT() SI_UNIT($,.RADIAN.) );
#9424 = ( NAMED_UNIT(*) SI_UNIT($,.STERADIAN.) SOLID_ANGLE_UNIT() );
#9425 = UNCERTAINTY_MEASURE_WITH_UNIT(LENGTH_MEASURE(1.E-07),#9422,
  'distance_accuracy_value','confusion accuracy');
#9426 = CONTEXT_DEPENDENT_SHAPE_REPRESENTATION(#9427,#9429);
#9427 = ( REPRESENTATION_RELATIONSHIP('','',#9270,#10) 
REPRESENTATION_RELATIONSHIP_WITH_TRANSFORMATION(#9428) 
SHAPE_REPRESENTATION_RELATIONSHIP() );
#9428 = ITEM_DEFINED_TRANSFORMATION('','',#11,#87);
#9429 = PRODUCT_DEFINITION_SHAPE('Placement','Placement of an item',
  #9430);
#9430 = NEXT_ASSEMBLY_USAGE_OCCURRENCE('19','Jumper_ENA','',#5,#9265,$);
#9431 = PRODUCT_RELATED_PRODUCT_CATEGORY('part',$,(#9267));
#9432 = SHAPE_DEFINITION_REPRESENTATION(#9433,#9439);
#9433 = PRODUCT_DEFINITION_SHAPE('','',#9434);
#9434 = PRODUCT_DEFINITION('design','',#9435,#9438);
#9435 = PRODUCT_DEFINITION_FORMATION('','',#9436);
#9436 = PRODUCT('Jumper_ENB','Jumper_ENB','',(#9437));
#9437 = PRODUCT_CONTEXT('',#2,'mechanical');
#9438 = PRODUCT_DEFINITION_CONTEXT('part definition',#2,'design');
#9439 = ADVANCED_BREP_SHAPE_REPRESENTATION('',(#11,#9440),#9590);
#9440 = MANIFOLD_SOLID_BREP('',#9441);
#9441 = CLOSED_SHELL('',(#9442,#9482,#9522,#9544,#9566,#9578));
#9442 = ADVANCED_FACE('',(#9443),#9477,.F.);
#9443 = FACE_BOUND('',#9444,.F.);
#9444 = EDGE_LOOP('',(#9445,#9455,#9463,#9471));
#9445 = ORIENTED_EDGE('',*,*,#9446,.F.);
#9446 = EDGE_CURVE('',#9447,#9449,#9451,.T.);
#9447 = VERTEX_POINT('',#9448);
#9448 = CARTESIAN_POINT('',(33.43,2.73,4.1));
#9449 = VERTEX_POINT('',#9450);
#9450 = CARTESIAN_POINT('',(33.43,2.73,10.1));
#9451 = LINE('',#9452,#9453);
#9452 = CARTESIAN_POINT('',(33.43,2.73,4.1));
#9453 = VECTOR('',#9454,1.);
#9454 = DIRECTION('',(0.,0.,1.));
#9455 = ORIENTED_EDGE('',*,*,#9456,.T.);
#9456 = EDGE_CURVE('',#9447,#9457,#9459,.T.);
#9457 = VERTEX_POINT('',#9458);
#9458 = CARTESIAN_POINT('',(33.43,7.81,4.1));
#9459 = LINE('',#9460,#9461);
#9460 = CARTESIAN_POINT('',(33.43,2.73,4.1));
#9461 = VECTOR('',#9462,1.);
#9462 = DIRECTION('',(-0.,1.,0.));
#9463 = ORIENTED_EDGE('',*,*,#9464,.T.);
#9464 = EDGE_CURVE('',#9457,#9465,#9467,.T.);
#9465 = VERTEX_POINT('',#9466);
#9466 = CARTESIAN_POINT('',(33.43,7.81,10.1));
#9467 = LINE('',#9468,#9469);
#9468 = CARTESIAN_POINT('',(33.43,7.81,4.1));
#9469 = VECTOR('',#9470,1.);
#9470 = DIRECTION('',(0.,0.,1.));
#9471 = ORIENTED_EDGE('',*,*,#9472,.F.);
#9472 = EDGE_CURVE('',#9449,#9465,#9473,.T.);
#9473 = LINE('',#9474,#9475);
#9474 = CARTESIAN_POINT('',(33.43,2.73,10.1));
#9475 = VECTOR('',#9476,1.);
#9476 = DIRECTION('',(-0.,1.,0.));
#9477 = PLANE('',#9478);
#9478 = AXIS2_PLACEMENT_3D('',#9479,#9480,#9481);
#9479 = CARTESIAN_POINT('',(33.43,2.73,4.1));
#9480 = DIRECTION('',(1.,0.,-0.));
#9481 = DIRECTION('',(0.,0.,1.));
#9482 = ADVANCED_FACE('',(#9483),#9517,.T.);
#9483 = FACE_BOUND('',#9484,.T.);
#9484 = EDGE_LOOP('',(#9485,#9495,#9503,#9511));
#9485 = ORIENTED_EDGE('',*,*,#9486,.F.);
#9486 = EDGE_CURVE('',#9487,#9489,#9491,.T.);
#9487 = VERTEX_POINT('',#9488);
#9488 = CARTESIAN_POINT('',(35.97,2.73,4.1));
#9489 = VERTEX_POINT('',#9490);
#9490 = CARTESIAN_POINT('',(35.97,2.73,10.1));
#9491 = LINE('',#9492,#9493);
#9492 = CARTESIAN_POINT('',(35.97,2.73,4.1));
#9493 = VECTOR('',#9494,1.);
#9494 = DIRECTION('',(0.,0.,1.));
#9495 = ORIENTED_EDGE('',*,*,#9496,.T.);
#9496 = EDGE_CURVE('',#9487,#9497,#9499,.T.);
#9497 = VERTEX_POINT('',#9498);
#9498 = CARTESIAN_POINT('',(35.97,7.81,4.1));
#9499 = LINE('',#9500,#9501);
#9500 = CARTESIAN_POINT('',(35.97,2.73,4.1));
#9501 = VECTOR('',#9502,1.);
#9502 = DIRECTION('',(-0.,1.,0.));
#9503 = ORIENTED_EDGE('',*,*,#9504,.T.);
#9504 = EDGE_CURVE('',#9497,#9505,#9507,.T.);
#9505 = VERTEX_POINT('',#9506);
#9506 = CARTESIAN_POINT('',(35.97,7.81,10.1));
#9507 = LINE('',#9508,#9509);
#9508 = CARTESIAN_POINT('',(35.97,7.81,4.1));
#9509 = VECTOR('',#9510,1.);
#9510 = DIRECTION('',(0.,0.,1.));
#9511 = ORIENTED_EDGE('',*,*,#9512,.F.);
#9512 = EDGE_CURVE('',#9489,#9505,#9513,.T.);
#9513 = LINE('',#9514,#9515);
#9514 = CARTESIAN_POINT('',(35.97,2.73,10.1));
#9515 = VECTOR('',#9516,1.);
#9516 = DIRECTION('',(-0.,1.,0.));
#9517 = PLANE('',#9518);
#9518 = AXIS2_PLACEMENT_3D('',#9519,#9520,#9521);
#9519 = CARTESIAN_POINT('',(35.97,2.73,4.1));
#9520 = DIRECTION('',(1.,0.,-0.));
#9521 = DIRECTION('',(0.,0.,1.));
#9522 = ADVANCED_FACE('',(#9523),#9539,.F.);
#9523 = FACE_BOUND('',#9524,.F.);
#9524 = EDGE_LOOP('',(#9525,#9531,#9532,#9538));
#9525 = ORIENTED_EDGE('',*,*,#9526,.F.);
#9526 = EDGE_CURVE('',#9447,#9487,#9527,.T.);
#9527 = LINE('',#9528,#9529);
#9528 = CARTESIAN_POINT('',(33.43,2.73,4.1));
#9529 = VECTOR('',#9530,1.);
#9530 = DIRECTION('',(1.,0.,-0.));
#9531 = ORIENTED_EDGE('',*,*,#9446,.T.);
#9532 = ORIENTED_EDGE('',*,*,#9533,.T.);
#9533 = EDGE_CURVE('',#9449,#9489,#9534,.T.);
#9534 = LINE('',#9535,#9536);
#9535 = CARTESIAN_POINT('',(33.43,2.73,10.1));
#9536 = VECTOR('',#9537,1.);
#9537 = DIRECTION('',(1.,0.,-0.));
#9538 = ORIENTED_EDGE('',*,*,#9486,.F.);
#9539 = PLANE('',#9540);
#9540 = AXIS2_PLACEMENT_3D('',#9541,#9542,#9543);
#9541 = CARTESIAN_POINT('',(33.43,2.73,4.1));
#9542 = DIRECTION('',(-0.,1.,0.));
#9543 = DIRECTION('',(0.,0.,1.));
#9544 = ADVANCED_FACE('',(#9545),#9561,.T.);
#9545 = FACE_BOUND('',#9546,.T.);
#9546 = EDGE_LOOP('',(#9547,#9553,#9554,#9560));
#9547 = ORIENTED_EDGE('',*,*,#9548,.F.);
#9548 = EDGE_CURVE('',#9457,#9497,#9549,.T.);
#9549 = LINE('',#9550,#9551);
#9550 = CARTESIAN_POINT('',(33.43,7.81,4.1));
#9551 = VECTOR('',#9552,1.);
#9552 = DIRECTION('',(1.,0.,-0.));
#9553 = ORIENTED_EDGE('',*,*,#9464,.T.);
#9554 = ORIENTED_EDGE('',*,*,#9555,.T.);
#9555 = EDGE_CURVE('',#9465,#9505,#9556,.T.);
#9556 = LINE('',#9557,#9558);
#9557 = CARTESIAN_POINT('',(33.43,7.81,10.1));
#9558 = VECTOR('',#9559,1.);
#9559 = DIRECTION('',(1.,0.,-0.));
#9560 = ORIENTED_EDGE('',*,*,#9504,.F.);
#9561 = PLANE('',#9562);
#9562 = AXIS2_PLACEMENT_3D('',#9563,#9564,#9565);
#9563 = CARTESIAN_POINT('',(33.43,7.81,4.1));
#9564 = DIRECTION('',(-0.,1.,0.));
#9565 = DIRECTION('',(0.,0.,1.));
#9566 = ADVANCED_FACE('',(#9567),#9573,.F.);
#9567 = FACE_BOUND('',#9568,.F.);
#9568 = EDGE_LOOP('',(#9569,#9570,#9571,#9572));
#9569 = ORIENTED_EDGE('',*,*,#9456,.F.);
#9570 = ORIENTED_EDGE('',*,*,#9526,.T.);
#9571 = ORIENTED_EDGE('',*,*,#9496,.T.);
#9572 = ORIENTED_EDGE('',*,*,#9548,.F.);
#9573 = PLANE('',#9574);
#9574 = AXIS2_PLACEMENT_3D('',#9575,#9576,#9577);
#9575 = CARTESIAN_POINT('',(33.43,2.73,4.1));
#9576 = DIRECTION('',(0.,0.,1.));
#9577 = DIRECTION('',(1.,0.,-0.));
#9578 = ADVANCED_FACE('',(#9579),#9585,.T.);
#9579 = FACE_BOUND('',#9580,.T.);
#9580 = EDGE_LOOP('',(#9581,#9582,#9583,#9584));
#9581 = ORIENTED_EDGE('',*,*,#9472,.F.);
#9582 = ORIENTED_EDGE('',*,*,#9533,.T.);
#9583 = ORIENTED_EDGE('',*,*,#9512,.T.);
#9584 = ORIENTED_EDGE('',*,*,#9555,.F.);
#9585 = PLANE('',#9586);
#9586 = AXIS2_PLACEMENT_3D('',#9587,#9588,#9589);
#9587 = CARTESIAN_POINT('',(33.43,2.73,10.1));
#9588 = DIRECTION('',(0.,0.,1.));
#9589 = DIRECTION('',(1.,0.,-0.));
#9590 = ( GEOMETRIC_REPRESENTATION_CONTEXT(3) 
GLOBAL_UNCERTAINTY_ASSIGNED_CONTEXT((#9594)) 
GLOBAL_UNIT_ASSIGNED_CONTEXT((#9591,#9592,#9593)) REPRESENTATION_CONTEXT
('Context #1','3D Context with UNIT and UNCERTAINTY') );
#9591 = ( LENGTH_UNIT() NAMED_UNIT(*) SI_UNIT(.MILLI.,.METRE.) );
#9592 = ( NAMED_UNIT(*) PLANE_ANGLE_UNIT() SI_UNIT($,.RADIAN.) );
#9593 = ( NAMED_UNIT(*) SI_UNIT($,.STERADIAN.) SOLID_ANGLE_UNIT() );
#9594 = UNCERTAINTY_MEASURE_WITH_UNIT(LENGTH_MEASURE(1.E-07),#9591,
  'distance_accuracy_value','confusion accuracy');
#9595 = CONTEXT_DEPENDENT_SHAPE_REPRESENTATION(#9596,#9598);
#9596 = ( REPRESENTATION_RELATIONSHIP('','',#9439,#10) 
REPRESENTATION_RELATIONSHIP_WITH_TRANSFORMATION(#9597) 
SHAPE_REPRESENTATION_RELATIONSHIP() );
#9597 = ITEM_DEFINED_TRANSFORMATION('','',#11,#91);
#9598 = PRODUCT_DEFINITION_SHAPE('Placement','Placement of an item',
  #9599);
#9599 = NEXT_ASSEMBLY_USAGE_OCCURRENCE('20','Jumper_ENB','',#5,#9434,$);
#9600 = PRODUCT_RELATED_PRODUCT_CATEGORY('part',$,(#9436));
#9601 = SHAPE_DEFINITION_REPRESENTATION(#9602,#9608);
#9602 = PRODUCT_DEFINITION_SHAPE('','',#9603);
#9603 = PRODUCT_DEFINITION('design','',#9604,#9607);
#9604 = PRODUCT_DEFINITION_FORMATION('','',#9605);
#9605 = PRODUCT('Header_5V_EN_base','Header_5V_EN_base','',(#9606));
#9606 = PRODUCT_CONTEXT('',#2,'mechanical');
#9607 = PRODUCT_DEFINITION_CONTEXT('part definition',#2,'design');
#9608 = ADVANCED_BREP_SHAPE_REPRESENTATION('',(#11,#9609),#9759);
#9609 = MANIFOLD_SOLID_BREP('',#9610);
#9610 = CLOSED_SHELL('',(#9611,#9651,#9682,#9713,#9730,#9747));
#9611 = ADVANCED_FACE('',(#9612),#9646,.T.);
#9612 = FACE_BOUND('',#9613,.T.);
#9613 = EDGE_LOOP('',(#9614,#9624,#9632,#9640));
#9614 = ORIENTED_EDGE('',*,*,#9615,.F.);
#9615 = EDGE_CURVE('',#9616,#9618,#9620,.T.);
#9616 = VERTEX_POINT('',#9617);
#9617 = CARTESIAN_POINT('',(6.81,9.23,1.6));
#9618 = VERTEX_POINT('',#9619);
#9619 = CARTESIAN_POINT('',(6.81,9.23,4.1));
#9620 = LINE('',#9621,#9622);
#9621 = CARTESIAN_POINT('',(6.81,9.23,1.6));
#9622 = VECTOR('',#9623,1.);
#9623 = DIRECTION('',(0.,0.,1.));
#9624 = ORIENTED_EDGE('',*,*,#9625,.T.);
#9625 = EDGE_CURVE('',#9616,#9626,#9628,.T.);
#9626 = VERTEX_POINT('',#9627);
#9627 = CARTESIAN_POINT('',(6.81,11.77,1.6));
#9628 = LINE('',#9629,#9630);
#9629 = CARTESIAN_POINT('',(6.81,9.23,1.6));
#9630 = VECTOR('',#9631,1.);
#9631 = DIRECTION('',(-0.,1.,0.));
#9632 = ORIENTED_EDGE('',*,*,#9633,.T.);
#9633 = EDGE_CURVE('',#9626,#9634,#9636,.T.);
#9634 = VERTEX_POINT('',#9635);
#9635 = CARTESIAN_POINT('',(6.81,11.77,4.1));
#9636 = LINE('',#9637,#9638);
#9637 = CARTESIAN_POINT('',(6.81,11.77,1.6));
#9638 = VECTOR('',#9639,1.);
#9639 = DIRECTION('',(0.,0.,1.));
#9640 = ORIENTED_EDGE('',*,*,#9641,.F.);
#9641 = EDGE_CURVE('',#9618,#9634,#9642,.T.);
#9642 = LINE('',#9643,#9644);
#9643 = CARTESIAN_POINT('',(6.81,9.23,4.1));
#9644 = VECTOR('',#9645,1.);
#9645 = DIRECTION('',(-0.,1.,0.));
#9646 = PLANE('',#9647);
#9647 = AXIS2_PLACEMENT_3D('',#9648,#9649,#9650);
#9648 = CARTESIAN_POINT('',(6.81,9.23,1.6));
#9649 = DIRECTION('',(1.,0.,-0.));
#9650 = DIRECTION('',(0.,0.,1.));
#9651 = ADVANCED_FACE('',(#9652),#9677,.T.);
#9652 = FACE_BOUND('',#9653,.T.);
#9653 = EDGE_LOOP('',(#9654,#9662,#9663,#9671));
#9654 = ORIENTED_EDGE('',*,*,#9655,.T.);
#9655 = EDGE_CURVE('',#9656,#9616,#9658,.T.);
#9656 = VERTEX_POINT('',#9657);
#9657 = CARTESIAN_POINT('',(1.73,9.23,1.6));
#9658 = LINE('',#9659,#9660);
#9659 = CARTESIAN_POINT('',(1.73,9.23,1.6));
#9660 = VECTOR('',#9661,1.);
#9661 = DIRECTION('',(1.,0.,-0.));
#9662 = ORIENTED_EDGE('',*,*,#9615,.T.);
#9663 = ORIENTED_EDGE('',*,*,#9664,.F.);
#9664 = EDGE_CURVE('',#9665,#9618,#9667,.T.);
#9665 = VERTEX_POINT('',#9666);
#9666 = CARTESIAN_POINT('',(1.73,9.23,4.1));
#9667 = LINE('',#9668,#9669);
#9668 = CARTESIAN_POINT('',(4.27,9.23,4.1));
#9669 = VECTOR('',#9670,1.);
#9670 = DIRECTION('',(1.,0.,-0.));
#9671 = ORIENTED_EDGE('',*,*,#9672,.F.);
#9672 = EDGE_CURVE('',#9656,#9665,#9673,.T.);
#9673 = LINE('',#9674,#9675);
#9674 = CARTESIAN_POINT('',(1.73,9.23,1.6));
#9675 = VECTOR('',#9676,1.);
#9676 = DIRECTION('',(0.,0.,1.));
#9677 = PLANE('',#9678);
#9678 = AXIS2_PLACEMENT_3D('',#9679,#9680,#9681);
#9679 = CARTESIAN_POINT('',(4.27,9.23,2.85));
#9680 = DIRECTION('',(-0.,-1.,-0.));
#9681 = DIRECTION('',(0.,0.,-1.));
#9682 = ADVANCED_FACE('',(#9683),#9708,.F.);
#9683 = FACE_BOUND('',#9684,.F.);
#9684 = EDGE_LOOP('',(#9685,#9686,#9694,#9702));
#9685 = ORIENTED_EDGE('',*,*,#9672,.F.);
#9686 = ORIENTED_EDGE('',*,*,#9687,.T.);
#9687 = EDGE_CURVE('',#9656,#9688,#9690,.T.);
#9688 = VERTEX_POINT('',#9689);
#9689 = CARTESIAN_POINT('',(1.73,11.77,1.6));
#9690 = LINE('',#9691,#9692);
#9691 = CARTESIAN_POINT('',(1.73,9.23,1.6));
#9692 = VECTOR('',#9693,1.);
#9693 = DIRECTION('',(-0.,1.,0.));
#9694 = ORIENTED_EDGE('',*,*,#9695,.T.);
#9695 = EDGE_CURVE('',#9688,#9696,#9698,.T.);
#9696 = VERTEX_POINT('',#9697);
#9697 = CARTESIAN_POINT('',(1.73,11.77,4.1));
#9698 = LINE('',#9699,#9700);
#9699 = CARTESIAN_POINT('',(1.73,11.77,1.6));
#9700 = VECTOR('',#9701,1.);
#9701 = DIRECTION('',(0.,0.,1.));
#9702 = ORIENTED_EDGE('',*,*,#9703,.F.);
#9703 = EDGE_CURVE('',#9665,#9696,#9704,.T.);
#9704 = LINE('',#9705,#9706);
#9705 = CARTESIAN_POINT('',(1.73,9.23,4.1));
#9706 = VECTOR('',#9707,1.);
#9707 = DIRECTION('',(-0.,1.,0.));
#9708 = PLANE('',#9709);
#9709 = AXIS2_PLACEMENT_3D('',#9710,#9711,#9712);
#9710 = CARTESIAN_POINT('',(1.73,9.23,1.6));
#9711 = DIRECTION('',(1.,0.,-0.));
#9712 = DIRECTION('',(0.,0.,1.));
#9713 = ADVANCED_FACE('',(#9714),#9725,.T.);
#9714 = FACE_BOUND('',#9715,.T.);
#9715 = EDGE_LOOP('',(#9716,#9717,#9718,#9719));
#9716 = ORIENTED_EDGE('',*,*,#9703,.F.);
#9717 = ORIENTED_EDGE('',*,*,#9664,.T.);
#9718 = ORIENTED_EDGE('',*,*,#9641,.T.);
#9719 = ORIENTED_EDGE('',*,*,#9720,.F.);
#9720 = EDGE_CURVE('',#9696,#9634,#9721,.T.);
#9721 = LINE('',#9722,#9723);
#9722 = CARTESIAN_POINT('',(4.27,11.77,4.1));
#9723 = VECTOR('',#9724,1.);
#9724 = DIRECTION('',(1.,0.,-0.));
#9725 = PLANE('',#9726);
#9726 = AXIS2_PLACEMENT_3D('',#9727,#9728,#9729);
#9727 = CARTESIAN_POINT('',(4.27,10.5,4.1));
#9728 = DIRECTION('',(0.,0.,1.));
#9729 = DIRECTION('',(1.,0.,-0.));
#9730 = ADVANCED_FACE('',(#9731),#9742,.T.);
#9731 = FACE_BOUND('',#9732,.T.);
#9732 = EDGE_LOOP('',(#9733,#9734,#9735,#9736));
#9733 = ORIENTED_EDGE('',*,*,#9695,.T.);
#9734 = ORIENTED_EDGE('',*,*,#9720,.T.);
#9735 = ORIENTED_EDGE('',*,*,#9633,.F.);
#9736 = ORIENTED_EDGE('',*,*,#9737,.F.);
#9737 = EDGE_CURVE('',#9688,#9626,#9738,.T.);
#9738 = LINE('',#9739,#9740);
#9739 = CARTESIAN_POINT('',(4.27,11.77,1.6));
#9740 = VECTOR('',#9741,1.);
#9741 = DIRECTION('',(1.,0.,-0.));
#9742 = PLANE('',#9743);
#9743 = AXIS2_PLACEMENT_3D('',#9744,#9745,#9746);
#9744 = CARTESIAN_POINT('',(4.27,11.77,2.85));
#9745 = DIRECTION('',(0.,1.,0.));
#9746 = DIRECTION('',(0.,-0.,1.));
#9747 = ADVANCED_FACE('',(#9748),#9754,.T.);
#9748 = FACE_BOUND('',#9749,.T.);
#9749 = EDGE_LOOP('',(#9750,#9751,#9752,#9753));
#9750 = ORIENTED_EDGE('',*,*,#9687,.T.);
#9751 = ORIENTED_EDGE('',*,*,#9737,.T.);
#9752 = ORIENTED_EDGE('',*,*,#9625,.F.);
#9753 = ORIENTED_EDGE('',*,*,#9655,.F.);
#9754 = PLANE('',#9755);
#9755 = AXIS2_PLACEMENT_3D('',#9756,#9757,#9758);
#9756 = CARTESIAN_POINT('',(4.27,10.5,1.6));
#9757 = DIRECTION('',(-0.,-0.,-1.));
#9758 = DIRECTION('',(-1.,0.,0.));
#9759 = ( GEOMETRIC_REPRESENTATION_CONTEXT(3) 
GLOBAL_UNCERTAINTY_ASSIGNED_CONTEXT((#9763)) 
GLOBAL_UNIT_ASSIGNED_CONTEXT((#9760,#9761,#9762)) REPRESENTATION_CONTEXT
('Context #1','3D Context with UNIT and UNCERTAINTY') );
#9760 = ( LENGTH_UNIT() NAMED_UNIT(*) SI_UNIT(.MILLI.,.METRE.) );
#9761 = ( NAMED_UNIT(*) PLANE_ANGLE_UNIT() SI_UNIT($,.RADIAN.) );
#9762 = ( NAMED_UNIT(*) SI_UNIT($,.STERADIAN.) SOLID_ANGLE_UNIT() );
#9763 = UNCERTAINTY_MEASURE_WITH_UNIT(LENGTH_MEASURE(1.E-07),#9760,
  'distance_accuracy_value','confusion accuracy');
#9764 = CONTEXT_DEPENDENT_SHAPE_REPRESENTATION(#9765,#9767);
#9765 = ( REPRESENTATION_RELATIONSHIP('','',#9608,#10) 
REPRESENTATION_RELATIONSHIP_WITH_TRANSFORMATION(#9766) 
SHAPE_REPRESENTATION_RELATIONSHIP() );
#9766 = ITEM_DEFINED_TRANSFORMATION('','',#11,#95);
#9767 = PRODUCT_DEFINITION_SHAPE('Placement','Placement of an item',
  #9768);
#9768 = NEXT_ASSEMBLY_USAGE_OCCURRENCE('21','Header_5V_EN_base','',#5,
  #9603,$);
#9769 = PRODUCT_RELATED_PRODUCT_CATEGORY('part',$,(#9605));
#9770 = SHAPE_DEFINITION_REPRESENTATION(#9771,#9777);
#9771 = PRODUCT_DEFINITION_SHAPE('','',#9772);
#9772 = PRODUCT_DEFINITION('design','',#9773,#9776);
#9773 = PRODUCT_DEFINITION_FORMATION('','',#9774);
#9774 = PRODUCT('Header_5V_EN_pins','Header_5V_EN_pins','',(#9775));
#9775 = PRODUCT_CONTEXT('',#2,'mechanical');
#9776 = PRODUCT_DEFINITION_CONTEXT('part definition',#2,'design');
#9777 = SHAPE_REPRESENTATION('',(#11,#9778,#9928),#10078);
#9778 = MANIFOLD_SOLID_BREP('',#9779);
#9779 = CLOSED_SHELL('',(#9780,#9820,#9860,#9882,#9904,#9916));
#9780 = ADVANCED_FACE('',(#9781),#9815,.F.);
#9781 = FACE_BOUND('',#9782,.F.);
#9782 = EDGE_LOOP('',(#9783,#9793,#9801,#9809));
#9783 = ORIENTED_EDGE('',*,*,#9784,.F.);
#9784 = EDGE_CURVE('',#9785,#9787,#9789,.T.);
#9785 = VERTEX_POINT('',#9786);
#9786 = CARTESIAN_POINT('',(2.68,10.18,-1.4));
#9787 = VERTEX_POINT('',#9788);
#9788 = CARTESIAN_POINT('',(2.68,10.18,13.1));
#9789 = LINE('',#9790,#9791);
#9790 = CARTESIAN_POINT('',(2.68,10.18,-1.4));
#9791 = VECTOR('',#9792,1.);
#9792 = DIRECTION('',(0.,0.,1.));
#9793 = ORIENTED_EDGE('',*,*,#9794,.T.);
#9794 = EDGE_CURVE('',#9785,#9795,#9797,.T.);
#9795 = VERTEX_POINT('',#9796);
#9796 = CARTESIAN_POINT('',(2.68,10.82,-1.4));
#9797 = LINE('',#9798,#9799);
#9798 = CARTESIAN_POINT('',(2.68,10.18,-1.4));
#9799 = VECTOR('',#9800,1.);
#9800 = DIRECTION('',(-0.,1.,0.));
#9801 = ORIENTED_EDGE('',*,*,#9802,.T.);
#9802 = EDGE_CURVE('',#9795,#9803,#9805,.T.);
#9803 = VERTEX_POINT('',#9804);
#9804 = CARTESIAN_POINT('',(2.68,10.82,13.1));
#9805 = LINE('',#9806,#9807);
#9806 = CARTESIAN_POINT('',(2.68,10.82,-1.4));
#9807 = VECTOR('',#9808,1.);
#9808 = DIRECTION('',(0.,0.,1.));
#9809 = ORIENTED_EDGE('',*,*,#9810,.F.);
#9810 = EDGE_CURVE('',#9787,#9803,#9811,.T.);
#9811 = LINE('',#9812,#9813);
#9812 = CARTESIAN_POINT('',(2.68,10.18,13.1));
#9813 = VECTOR('',#9814,1.);
#9814 = DIRECTION('',(-0.,1.,0.));
#9815 = PLANE('',#9816);
#9816 = AXIS2_PLACEMENT_3D('',#9817,#9818,#9819);
#9817 = CARTESIAN_POINT('',(2.68,10.18,-1.4));
#9818 = DIRECTION('',(1.,0.,-0.));
#9819 = DIRECTION('',(0.,0.,1.));
#9820 = ADVANCED_FACE('',(#9821),#9855,.T.);
#9821 = FACE_BOUND('',#9822,.T.);
#9822 = EDGE_LOOP('',(#9823,#9833,#9841,#9849));
#9823 = ORIENTED_EDGE('',*,*,#9824,.F.);
#9824 = EDGE_CURVE('',#9825,#9827,#9829,.T.);
#9825 = VERTEX_POINT('',#9826);
#9826 = CARTESIAN_POINT('',(3.32,10.18,-1.4));
#9827 = VERTEX_POINT('',#9828);
#9828 = CARTESIAN_POINT('',(3.32,10.18,13.1));
#9829 = LINE('',#9830,#9831);
#9830 = CARTESIAN_POINT('',(3.32,10.18,-1.4));
#9831 = VECTOR('',#9832,1.);
#9832 = DIRECTION('',(0.,0.,1.));
#9833 = ORIENTED_EDGE('',*,*,#9834,.T.);
#9834 = EDGE_CURVE('',#9825,#9835,#9837,.T.);
#9835 = VERTEX_POINT('',#9836);
#9836 = CARTESIAN_POINT('',(3.32,10.82,-1.4));
#9837 = LINE('',#9838,#9839);
#9838 = CARTESIAN_POINT('',(3.32,10.18,-1.4));
#9839 = VECTOR('',#9840,1.);
#9840 = DIRECTION('',(-0.,1.,0.));
#9841 = ORIENTED_EDGE('',*,*,#9842,.T.);
#9842 = EDGE_CURVE('',#9835,#9843,#9845,.T.);
#9843 = VERTEX_POINT('',#9844);
#9844 = CARTESIAN_POINT('',(3.32,10.82,13.1));
#9845 = LINE('',#9846,#9847);
#9846 = CARTESIAN_POINT('',(3.32,10.82,-1.4));
#9847 = VECTOR('',#9848,1.);
#9848 = DIRECTION('',(0.,0.,1.));
#9849 = ORIENTED_EDGE('',*,*,#9850,.F.);
#9850 = EDGE_CURVE('',#9827,#9843,#9851,.T.);
#9851 = LINE('',#9852,#9853);
#9852 = CARTESIAN_POINT('',(3.32,10.18,13.1));
#9853 = VECTOR('',#9854,1.);
#9854 = DIRECTION('',(-0.,1.,0.));
#9855 = PLANE('',#9856);
#9856 = AXIS2_PLACEMENT_3D('',#9857,#9858,#9859);
#9857 = CARTESIAN_POINT('',(3.32,10.18,-1.4));
#9858 = DIRECTION('',(1.,0.,-0.));
#9859 = DIRECTION('',(0.,0.,1.));
#9860 = ADVANCED_FACE('',(#9861),#9877,.F.);
#9861 = FACE_BOUND('',#9862,.F.);
#9862 = EDGE_LOOP('',(#9863,#9869,#9870,#9876));
#9863 = ORIENTED_EDGE('',*,*,#9864,.F.);
#9864 = EDGE_CURVE('',#9785,#9825,#9865,.T.);
#9865 = LINE('',#9866,#9867);
#9866 = CARTESIAN_POINT('',(2.68,10.18,-1.4));
#9867 = VECTOR('',#9868,1.);
#9868 = DIRECTION('',(1.,0.,-0.));
#9869 = ORIENTED_EDGE('',*,*,#9784,.T.);
#9870 = ORIENTED_EDGE('',*,*,#9871,.T.);
#9871 = EDGE_CURVE('',#9787,#9827,#9872,.T.);
#9872 = LINE('',#9873,#9874);
#9873 = CARTESIAN_POINT('',(2.68,10.18,13.1));
#9874 = VECTOR('',#9875,1.);
#9875 = DIRECTION('',(1.,0.,-0.));
#9876 = ORIENTED_EDGE('',*,*,#9824,.F.);
#9877 = PLANE('',#9878);
#9878 = AXIS2_PLACEMENT_3D('',#9879,#9880,#9881);
#9879 = CARTESIAN_POINT('',(2.68,10.18,-1.4));
#9880 = DIRECTION('',(-0.,1.,0.));
#9881 = DIRECTION('',(0.,0.,1.));
#9882 = ADVANCED_FACE('',(#9883),#9899,.T.);
#9883 = FACE_BOUND('',#9884,.T.);
#9884 = EDGE_LOOP('',(#9885,#9891,#9892,#9898));
#9885 = ORIENTED_EDGE('',*,*,#9886,.F.);
#9886 = EDGE_CURVE('',#9795,#9835,#9887,.T.);
#9887 = LINE('',#9888,#9889);
#9888 = CARTESIAN_POINT('',(2.68,10.82,-1.4));
#9889 = VECTOR('',#9890,1.);
#9890 = DIRECTION('',(1.,0.,-0.));
#9891 = ORIENTED_EDGE('',*,*,#9802,.T.);
#9892 = ORIENTED_EDGE('',*,*,#9893,.T.);
#9893 = EDGE_CURVE('',#9803,#9843,#9894,.T.);
#9894 = LINE('',#9895,#9896);
#9895 = CARTESIAN_POINT('',(2.68,10.82,13.1));
#9896 = VECTOR('',#9897,1.);
#9897 = DIRECTION('',(1.,0.,-0.));
#9898 = ORIENTED_EDGE('',*,*,#9842,.F.);
#9899 = PLANE('',#9900);
#9900 = AXIS2_PLACEMENT_3D('',#9901,#9902,#9903);
#9901 = CARTESIAN_POINT('',(2.68,10.82,-1.4));
#9902 = DIRECTION('',(-0.,1.,0.));
#9903 = DIRECTION('',(0.,0.,1.));
#9904 = ADVANCED_FACE('',(#9905),#9911,.F.);
#9905 = FACE_BOUND('',#9906,.F.);
#9906 = EDGE_LOOP('',(#9907,#9908,#9909,#9910));
#9907 = ORIENTED_EDGE('',*,*,#9794,.F.);
#9908 = ORIENTED_EDGE('',*,*,#9864,.T.);
#9909 = ORIENTED_EDGE('',*,*,#9834,.T.);
#9910 = ORIENTED_EDGE('',*,*,#9886,.F.);
#9911 = PLANE('',#9912);
#9912 = AXIS2_PLACEMENT_3D('',#9913,#9914,#9915);
#9913 = CARTESIAN_POINT('',(2.68,10.18,-1.4));
#9914 = DIRECTION('',(0.,0.,1.));
#9915 = DIRECTION('',(1.,0.,-0.));
#9916 = ADVANCED_FACE('',(#9917),#9923,.T.);
#9917 = FACE_BOUND('',#9918,.T.);
#9918 = EDGE_LOOP('',(#9919,#9920,#9921,#9922));
#9919 = ORIENTED_EDGE('',*,*,#9810,.F.);
#9920 = ORIENTED_EDGE('',*,*,#9871,.T.);
#9921 = ORIENTED_EDGE('',*,*,#9850,.T.);
#9922 = ORIENTED_EDGE('',*,*,#9893,.F.);
#9923 = PLANE('',#9924);
#9924 = AXIS2_PLACEMENT_3D('',#9925,#9926,#9927);
#9925 = CARTESIAN_POINT('',(2.68,10.18,13.1));
#9926 = DIRECTION('',(0.,0.,1.));
#9927 = DIRECTION('',(1.,0.,-0.));
#9928 = MANIFOLD_SOLID_BREP('',#9929);
#9929 = CLOSED_SHELL('',(#9930,#9970,#10010,#10032,#10054,#10066));
#9930 = ADVANCED_FACE('',(#9931),#9965,.F.);
#9931 = FACE_BOUND('',#9932,.F.);
#9932 = EDGE_LOOP('',(#9933,#9943,#9951,#9959));
#9933 = ORIENTED_EDGE('',*,*,#9934,.F.);
#9934 = EDGE_CURVE('',#9935,#9937,#9939,.T.);
#9935 = VERTEX_POINT('',#9936);
#9936 = CARTESIAN_POINT('',(5.22,10.18,-1.4));
#9937 = VERTEX_POINT('',#9938);
#9938 = CARTESIAN_POINT('',(5.22,10.18,13.1));
#9939 = LINE('',#9940,#9941);
#9940 = CARTESIAN_POINT('',(5.22,10.18,-1.4));
#9941 = VECTOR('',#9942,1.);
#9942 = DIRECTION('',(0.,0.,1.));
#9943 = ORIENTED_EDGE('',*,*,#9944,.T.);
#9944 = EDGE_CURVE('',#9935,#9945,#9947,.T.);
#9945 = VERTEX_POINT('',#9946);
#9946 = CARTESIAN_POINT('',(5.22,10.82,-1.4));
#9947 = LINE('',#9948,#9949);
#9948 = CARTESIAN_POINT('',(5.22,10.18,-1.4));
#9949 = VECTOR('',#9950,1.);
#9950 = DIRECTION('',(-0.,1.,0.));
#9951 = ORIENTED_EDGE('',*,*,#9952,.T.);
#9952 = EDGE_CURVE('',#9945,#9953,#9955,.T.);
#9953 = VERTEX_POINT('',#9954);
#9954 = CARTESIAN_POINT('',(5.22,10.82,13.1));
#9955 = LINE('',#9956,#9957);
#9956 = CARTESIAN_POINT('',(5.22,10.82,-1.4));
#9957 = VECTOR('',#9958,1.);
#9958 = DIRECTION('',(0.,0.,1.));
#9959 = ORIENTED_EDGE('',*,*,#9960,.F.);
#9960 = EDGE_CURVE('',#9937,#9953,#9961,.T.);
#9961 = LINE('',#9962,#9963);
#9962 = CARTESIAN_POINT('',(5.22,10.18,13.1));
#9963 = VECTOR('',#9964,1.);
#9964 = DIRECTION('',(-0.,1.,0.));
#9965 = PLANE('',#9966);
#9966 = AXIS2_PLACEMENT_3D('',#9967,#9968,#9969);
#9967 = CARTESIAN_POINT('',(5.22,10.18,-1.4));
#9968 = DIRECTION('',(1.,0.,-0.));
#9969 = DIRECTION('',(0.,0.,1.));
#9970 = ADVANCED_FACE('',(#9971),#10005,.T.);
#9971 = FACE_BOUND('',#9972,.T.);
#9972 = EDGE_LOOP('',(#9973,#9983,#9991,#9999));
#9973 = ORIENTED_EDGE('',*,*,#9974,.F.);
#9974 = EDGE_CURVE('',#9975,#9977,#9979,.T.);
#9975 = VERTEX_POINT('',#9976);
#9976 = CARTESIAN_POINT('',(5.86,10.18,-1.4));
#9977 = VERTEX_POINT('',#9978);
#9978 = CARTESIAN_POINT('',(5.86,10.18,13.1));
#9979 = LINE('',#9980,#9981);
#9980 = CARTESIAN_POINT('',(5.86,10.18,-1.4));
#9981 = VECTOR('',#9982,1.);
#9982 = DIRECTION('',(0.,0.,1.));
#9983 = ORIENTED_EDGE('',*,*,#9984,.T.);
#9984 = EDGE_CURVE('',#9975,#9985,#9987,.T.);
#9985 = VERTEX_POINT('',#9986);
#9986 = CARTESIAN_POINT('',(5.86,10.82,-1.4));
#9987 = LINE('',#9988,#9989);
#9988 = CARTESIAN_POINT('',(5.86,10.18,-1.4));
#9989 = VECTOR('',#9990,1.);
#9990 = DIRECTION('',(-0.,1.,0.));
#9991 = ORIENTED_EDGE('',*,*,#9992,.T.);
#9992 = EDGE_CURVE('',#9985,#9993,#9995,.T.);
#9993 = VERTEX_POINT('',#9994);
#9994 = CARTESIAN_POINT('',(5.86,10.82,13.1));
#9995 = LINE('',#9996,#9997);
#9996 = CARTESIAN_POINT('',(5.86,10.82,-1.4));
#9997 = VECTOR('',#9998,1.);
#9998 = DIRECTION('',(0.,0.,1.));
#9999 = ORIENTED_EDGE('',*,*,#10000,.F.);
#10000 = EDGE_CURVE('',#9977,#9993,#10001,.T.);
#10001 = LINE('',#10002,#10003);
#10002 = CARTESIAN_POINT('',(5.86,10.18,13.1));
#10003 = VECTOR('',#10004,1.);
#10004 = DIRECTION('',(-0.,1.,0.));
#10005 = PLANE('',#10006);
#10006 = AXIS2_PLACEMENT_3D('',#10007,#10008,#10009);
#10007 = CARTESIAN_POINT('',(5.86,10.18,-1.4));
#10008 = DIRECTION('',(1.,0.,-0.));
#10009 = DIRECTION('',(0.,0.,1.));
#10010 = ADVANCED_FACE('',(#10011),#10027,.F.);
#10011 = FACE_BOUND('',#10012,.F.);
#10012 = EDGE_LOOP('',(#10013,#10019,#10020,#10026));
#10013 = ORIENTED_EDGE('',*,*,#10014,.F.);
#10014 = EDGE_CURVE('',#9935,#9975,#10015,.T.);
#10015 = LINE('',#10016,#10017);
#10016 = CARTESIAN_POINT('',(5.22,10.18,-1.4));
#10017 = VECTOR('',#10018,1.);
#10018 = DIRECTION('',(1.,0.,-0.));
#10019 = ORIENTED_EDGE('',*,*,#9934,.T.);
#10020 = ORIENTED_EDGE('',*,*,#10021,.T.);
#10021 = EDGE_CURVE('',#9937,#9977,#10022,.T.);
#10022 = LINE('',#10023,#10024);
#10023 = CARTESIAN_POINT('',(5.22,10.18,13.1));
#10024 = VECTOR('',#10025,1.);
#10025 = DIRECTION('',(1.,0.,-0.));
#10026 = ORIENTED_EDGE('',*,*,#9974,.F.);
#10027 = PLANE('',#10028);
#10028 = AXIS2_PLACEMENT_3D('',#10029,#10030,#10031);
#10029 = CARTESIAN_POINT('',(5.22,10.18,-1.4));
#10030 = DIRECTION('',(-0.,1.,0.));
#10031 = DIRECTION('',(0.,0.,1.));
#10032 = ADVANCED_FACE('',(#10033),#10049,.T.);
#10033 = FACE_BOUND('',#10034,.T.);
#10034 = EDGE_LOOP('',(#10035,#10041,#10042,#10048));
#10035 = ORIENTED_EDGE('',*,*,#10036,.F.);
#10036 = EDGE_CURVE('',#9945,#9985,#10037,.T.);
#10037 = LINE('',#10038,#10039);
#10038 = CARTESIAN_POINT('',(5.22,10.82,-1.4));
#10039 = VECTOR('',#10040,1.);
#10040 = DIRECTION('',(1.,0.,-0.));
#10041 = ORIENTED_EDGE('',*,*,#9952,.T.);
#10042 = ORIENTED_EDGE('',*,*,#10043,.T.);
#10043 = EDGE_CURVE('',#9953,#9993,#10044,.T.);
#10044 = LINE('',#10045,#10046);
#10045 = CARTESIAN_POINT('',(5.22,10.82,13.1));
#10046 = VECTOR('',#10047,1.);
#10047 = DIRECTION('',(1.,0.,-0.));
#10048 = ORIENTED_EDGE('',*,*,#9992,.F.);
#10049 = PLANE('',#10050);
#10050 = AXIS2_PLACEMENT_3D('',#10051,#10052,#10053);
#10051 = CARTESIAN_POINT('',(5.22,10.82,-1.4));
#10052 = DIRECTION('',(-0.,1.,0.));
#10053 = DIRECTION('',(0.,0.,1.));
#10054 = ADVANCED_FACE('',(#10055),#10061,.F.);
#10055 = FACE_BOUND('',#10056,.F.);
#10056 = EDGE_LOOP('',(#10057,#10058,#10059,#10060));
#10057 = ORIENTED_EDGE('',*,*,#9944,.F.);
#10058 = ORIENTED_EDGE('',*,*,#10014,.T.);
#10059 = ORIENTED_EDGE('',*,*,#9984,.T.);
#10060 = ORIENTED_EDGE('',*,*,#10036,.F.);
#10061 = PLANE('',#10062);
#10062 = AXIS2_PLACEMENT_3D('',#10063,#10064,#10065);
#10063 = CARTESIAN_POINT('',(5.22,10.18,-1.4));
#10064 = DIRECTION('',(0.,0.,1.));
#10065 = DIRECTION('',(1.,0.,-0.));
#10066 = ADVANCED_FACE('',(#10067),#10073,.T.);
#10067 = FACE_BOUND('',#10068,.T.);
#10068 = EDGE_LOOP('',(#10069,#10070,#10071,#10072));
#10069 = ORIENTED_EDGE('',*,*,#9960,.F.);
#10070 = ORIENTED_EDGE('',*,*,#10021,.T.);
#10071 = ORIENTED_EDGE('',*,*,#10000,.T.);
#10072 = ORIENTED_EDGE('',*,*,#10043,.F.);
#10073 = PLANE('',#10074);
#10074 = AXIS2_PLACEMENT_3D('',#10075,#10076,#10077);
#10075 = CARTESIAN_POINT('',(5.22,10.18,13.1));
#10076 = DIRECTION('',(0.,0.,1.));
#10077 = DIRECTION('',(1.,0.,-0.));
#10078 = ( GEOMETRIC_REPRESENTATION_CONTEXT(3) 
GLOBAL_UNCERTAINTY_ASSIGNED_CONTEXT((#10082)) 
GLOBAL_UNIT_ASSIGNED_CONTEXT((#10079,#10080,#10081)) 
REPRESENTATION_CONTEXT('Context #1',
  '3D Context with UNIT and UNCERTAINTY') );
#10079 = ( LENGTH_UNIT() NAMED_UNIT(*) SI_UNIT(.MILLI.,.METRE.) );
#10080 = ( NAMED_UNIT(*) PLANE_ANGLE_UNIT() SI_UNIT($,.RADIAN.) );
#10081 = ( NAMED_UNIT(*) SI_UNIT($,.STERADIAN.) SOLID_ANGLE_UNIT() );
#10082 = UNCERTAINTY_MEASURE_WITH_UNIT(LENGTH_MEASURE(1.E-07),#10079,
  'distance_accuracy_value','confusion accuracy');
#10083 = CONTEXT_DEPENDENT_SHAPE_REPRESENTATION(#10084,#10086);
#10084 = ( REPRESENTATION_RELATIONSHIP('','',#9777,#10) 
REPRESENTATION_RELATIONSHIP_WITH_TRANSFORMATION(#10085) 
SHAPE_REPRESENTATION_RELATIONSHIP() );
#10085 = ITEM_DEFINED_TRANSFORMATION('','',#11,#99);
#10086 = PRODUCT_DEFINITION_SHAPE('Placement','Placement of an item',
  #10087);
#10087 = NEXT_ASSEMBLY_USAGE_OCCURRENCE('22','Header_5V_EN_pins','',#5,
  #9772,$);
#10088 = PRODUCT_RELATED_PRODUCT_CATEGORY('part',$,(#9774));
#10089 = SHAPE_DEFINITION_REPRESENTATION(#10090,#10096);
#10090 = PRODUCT_DEFINITION_SHAPE('','',#10091);
#10091 = PRODUCT_DEFINITION('design','',#10092,#10095);
#10092 = PRODUCT_DEFINITION_FORMATION('','',#10093);
#10093 = PRODUCT('Header_5V_EN_jumper0','Header_5V_EN_jumper0','',(
    #10094));
#10094 = PRODUCT_CONTEXT('',#2,'mechanical');
#10095 = PRODUCT_DEFINITION_CONTEXT('part definition',#2,'design');
#10096 = ADVANCED_BREP_SHAPE_REPRESENTATION('',(#11,#10097),#10247);
#10097 = MANIFOLD_SOLID_BREP('',#10098);
#10098 = CLOSED_SHELL('',(#10099,#10139,#10179,#10201,#10223,#10235));
#10099 = ADVANCED_FACE('',(#10100),#10134,.F.);
#10100 = FACE_BOUND('',#10101,.F.);
#10101 = EDGE_LOOP('',(#10102,#10112,#10120,#10128));
#10102 = ORIENTED_EDGE('',*,*,#10103,.F.);
#10103 = EDGE_CURVE('',#10104,#10106,#10108,.T.);
#10104 = VERTEX_POINT('',#10105);
#10105 = CARTESIAN_POINT('',(1.73,9.23,4.1));
#10106 = VERTEX_POINT('',#10107);
#10107 = CARTESIAN_POINT('',(1.73,9.23,10.1));
#10108 = LINE('',#10109,#10110);
#10109 = CARTESIAN_POINT('',(1.73,9.23,4.1));
#10110 = VECTOR('',#10111,1.);
#10111 = DIRECTION('',(0.,0.,1.));
#10112 = ORIENTED_EDGE('',*,*,#10113,.T.);
#10113 = EDGE_CURVE('',#10104,#10114,#10116,.T.);
#10114 = VERTEX_POINT('',#10115);
#10115 = CARTESIAN_POINT('',(1.73,11.77,4.1));
#10116 = LINE('',#10117,#10118);
#10117 = CARTESIAN_POINT('',(1.73,9.23,4.1));
#10118 = VECTOR('',#10119,1.);
#10119 = DIRECTION('',(-0.,1.,0.));
#10120 = ORIENTED_EDGE('',*,*,#10121,.T.);
#10121 = EDGE_CURVE('',#10114,#10122,#10124,.T.);
#10122 = VERTEX_POINT('',#10123);
#10123 = CARTESIAN_POINT('',(1.73,11.77,10.1));
#10124 = LINE('',#10125,#10126);
#10125 = CARTESIAN_POINT('',(1.73,11.77,4.1));
#10126 = VECTOR('',#10127,1.);
#10127 = DIRECTION('',(0.,0.,1.));
#10128 = ORIENTED_EDGE('',*,*,#10129,.F.);
#10129 = EDGE_CURVE('',#10106,#10122,#10130,.T.);
#10130 = LINE('',#10131,#10132);
#10131 = CARTESIAN_POINT('',(1.73,9.23,10.1));
#10132 = VECTOR('',#10133,1.);
#10133 = DIRECTION('',(-0.,1.,0.));
#10134 = PLANE('',#10135);
#10135 = AXIS2_PLACEMENT_3D('',#10136,#10137,#10138);
#10136 = CARTESIAN_POINT('',(1.73,9.23,4.1));
#10137 = DIRECTION('',(1.,0.,-0.));
#10138 = DIRECTION('',(0.,0.,1.));
#10139 = ADVANCED_FACE('',(#10140),#10174,.T.);
#10140 = FACE_BOUND('',#10141,.T.);
#10141 = EDGE_LOOP('',(#10142,#10152,#10160,#10168));
#10142 = ORIENTED_EDGE('',*,*,#10143,.F.);
#10143 = EDGE_CURVE('',#10144,#10146,#10148,.T.);
#10144 = VERTEX_POINT('',#10145);
#10145 = CARTESIAN_POINT('',(6.81,9.23,4.1));
#10146 = VERTEX_POINT('',#10147);
#10147 = CARTESIAN_POINT('',(6.81,9.23,10.1));
#10148 = LINE('',#10149,#10150);
#10149 = CARTESIAN_POINT('',(6.81,9.23,4.1));
#10150 = VECTOR('',#10151,1.);
#10151 = DIRECTION('',(0.,0.,1.));
#10152 = ORIENTED_EDGE('',*,*,#10153,.T.);
#10153 = EDGE_CURVE('',#10144,#10154,#10156,.T.);
#10154 = VERTEX_POINT('',#10155);
#10155 = CARTESIAN_POINT('',(6.81,11.77,4.1));
#10156 = LINE('',#10157,#10158);
#10157 = CARTESIAN_POINT('',(6.81,9.23,4.1));
#10158 = VECTOR('',#10159,1.);
#10159 = DIRECTION('',(-0.,1.,0.));
#10160 = ORIENTED_EDGE('',*,*,#10161,.T.);
#10161 = EDGE_CURVE('',#10154,#10162,#10164,.T.);
#10162 = VERTEX_POINT('',#10163);
#10163 = CARTESIAN_POINT('',(6.81,11.77,10.1));
#10164 = LINE('',#10165,#10166);
#10165 = CARTESIAN_POINT('',(6.81,11.77,4.1));
#10166 = VECTOR('',#10167,1.);
#10167 = DIRECTION('',(0.,0.,1.));
#10168 = ORIENTED_EDGE('',*,*,#10169,.F.);
#10169 = EDGE_CURVE('',#10146,#10162,#10170,.T.);
#10170 = LINE('',#10171,#10172);
#10171 = CARTESIAN_POINT('',(6.81,9.23,10.1));
#10172 = VECTOR('',#10173,1.);
#10173 = DIRECTION('',(-0.,1.,0.));
#10174 = PLANE('',#10175);
#10175 = AXIS2_PLACEMENT_3D('',#10176,#10177,#10178);
#10176 = CARTESIAN_POINT('',(6.81,9.23,4.1));
#10177 = DIRECTION('',(1.,0.,-0.));
#10178 = DIRECTION('',(0.,0.,1.));
#10179 = ADVANCED_FACE('',(#10180),#10196,.F.);
#10180 = FACE_BOUND('',#10181,.F.);
#10181 = EDGE_LOOP('',(#10182,#10188,#10189,#10195));
#10182 = ORIENTED_EDGE('',*,*,#10183,.F.);
#10183 = EDGE_CURVE('',#10104,#10144,#10184,.T.);
#10184 = LINE('',#10185,#10186);
#10185 = CARTESIAN_POINT('',(1.73,9.23,4.1));
#10186 = VECTOR('',#10187,1.);
#10187 = DIRECTION('',(1.,0.,-0.));
#10188 = ORIENTED_EDGE('',*,*,#10103,.T.);
#10189 = ORIENTED_EDGE('',*,*,#10190,.T.);
#10190 = EDGE_CURVE('',#10106,#10146,#10191,.T.);
#10191 = LINE('',#10192,#10193);
#10192 = CARTESIAN_POINT('',(1.73,9.23,10.1));
#10193 = VECTOR('',#10194,1.);
#10194 = DIRECTION('',(1.,0.,-0.));
#10195 = ORIENTED_EDGE('',*,*,#10143,.F.);
#10196 = PLANE('',#10197);
#10197 = AXIS2_PLACEMENT_3D('',#10198,#10199,#10200);
#10198 = CARTESIAN_POINT('',(1.73,9.23,4.1));
#10199 = DIRECTION('',(-0.,1.,0.));
#10200 = DIRECTION('',(0.,0.,1.));
#10201 = ADVANCED_FACE('',(#10202),#10218,.T.);
#10202 = FACE_BOUND('',#10203,.T.);
#10203 = EDGE_LOOP('',(#10204,#10210,#10211,#10217));
#10204 = ORIENTED_EDGE('',*,*,#10205,.F.);
#10205 = EDGE_CURVE('',#10114,#10154,#10206,.T.);
#10206 = LINE('',#10207,#10208);
#10207 = CARTESIAN_POINT('',(1.73,11.77,4.1));
#10208 = VECTOR('',#10209,1.);
#10209 = DIRECTION('',(1.,0.,-0.));
#10210 = ORIENTED_EDGE('',*,*,#10121,.T.);
#10211 = ORIENTED_EDGE('',*,*,#10212,.T.);
#10212 = EDGE_CURVE('',#10122,#10162,#10213,.T.);
#10213 = LINE('',#10214,#10215);
#10214 = CARTESIAN_POINT('',(1.73,11.77,10.1));
#10215 = VECTOR('',#10216,1.);
#10216 = DIRECTION('',(1.,0.,-0.));
#10217 = ORIENTED_EDGE('',*,*,#10161,.F.);
#10218 = PLANE('',#10219);
#10219 = AXIS2_PLACEMENT_3D('',#10220,#10221,#10222);
#10220 = CARTESIAN_POINT('',(1.73,11.77,4.1));
#10221 = DIRECTION('',(-0.,1.,0.));
#10222 = DIRECTION('',(0.,0.,1.));
#10223 = ADVANCED_FACE('',(#10224),#10230,.F.);
#10224 = FACE_BOUND('',#10225,.F.);
#10225 = EDGE_LOOP('',(#10226,#10227,#10228,#10229));
#10226 = ORIENTED_EDGE('',*,*,#10113,.F.);
#10227 = ORIENTED_EDGE('',*,*,#10183,.T.);
#10228 = ORIENTED_EDGE('',*,*,#10153,.T.);
#10229 = ORIENTED_EDGE('',*,*,#10205,.F.);
#10230 = PLANE('',#10231);
#10231 = AXIS2_PLACEMENT_3D('',#10232,#10233,#10234);
#10232 = CARTESIAN_POINT('',(1.73,9.23,4.1));
#10233 = DIRECTION('',(0.,0.,1.));
#10234 = DIRECTION('',(1.,0.,-0.));
#10235 = ADVANCED_FACE('',(#10236),#10242,.T.);
#10236 = FACE_BOUND('',#10237,.T.);
#10237 = EDGE_LOOP('',(#10238,#10239,#10240,#10241));
#10238 = ORIENTED_EDGE('',*,*,#10129,.F.);
#10239 = ORIENTED_EDGE('',*,*,#10190,.T.);
#10240 = ORIENTED_EDGE('',*,*,#10169,.T.);
#10241 = ORIENTED_EDGE('',*,*,#10212,.F.);
#10242 = PLANE('',#10243);
#10243 = AXIS2_PLACEMENT_3D('',#10244,#10245,#10246);
#10244 = CARTESIAN_POINT('',(1.73,9.23,10.1));
#10245 = DIRECTION('',(0.,0.,1.));
#10246 = DIRECTION('',(1.,0.,-0.));
#10247 = ( GEOMETRIC_REPRESENTATION_CONTEXT(3) 
GLOBAL_UNCERTAINTY_ASSIGNED_CONTEXT((#10251)) 
GLOBAL_UNIT_ASSIGNED_CONTEXT((#10248,#10249,#10250)) 
REPRESENTATION_CONTEXT('Context #1',
  '3D Context with UNIT and UNCERTAINTY') );
#10248 = ( LENGTH_UNIT() NAMED_UNIT(*) SI_UNIT(.MILLI.,.METRE.) );
#10249 = ( NAMED_UNIT(*) PLANE_ANGLE_UNIT() SI_UNIT($,.RADIAN.) );
#10250 = ( NAMED_UNIT(*) SI_UNIT($,.STERADIAN.) SOLID_ANGLE_UNIT() );
#10251 = UNCERTAINTY_MEASURE_WITH_UNIT(LENGTH_MEASURE(1.E-07),#10248,
  'distance_accuracy_value','confusion accuracy');
#10252 = CONTEXT_DEPENDENT_SHAPE_REPRESENTATION(#10253,#10255);
#10253 = ( REPRESENTATION_RELATIONSHIP('','',#10096,#10) 
REPRESENTATION_RELATIONSHIP_WITH_TRANSFORMATION(#10254) 
SHAPE_REPRESENTATION_RELATIONSHIP() );
#10254 = ITEM_DEFINED_TRANSFORMATION('','',#11,#103);
#10255 = PRODUCT_DEFINITION_SHAPE('Placement','Placement of an item',
  #10256);
#10256 = NEXT_ASSEMBLY_USAGE_OCCURRENCE('23','Header_5V_EN_jumper0','',
  #5,#10091,$);
#10257 = PRODUCT_RELATED_PRODUCT_CATEGORY('part',$,(#10093));
#10258 = SHAPE_DEFINITION_REPRESENTATION(#10259,#10265);
#10259 = PRODUCT_DEFINITION_SHAPE('','',#10260);
#10260 = PRODUCT_DEFINITION('design','',#10261,#10264);
#10261 = PRODUCT_DEFINITION_FORMATION('','',#10262);
#10262 = PRODUCT('C_220uF_1','C_220uF_1','',(#10263));
#10263 = PRODUCT_CONTEXT('',#2,'mechanical');
#10264 = PRODUCT_DEFINITION_CONTEXT('part definition',#2,'design');
#10265 = ADVANCED_BREP_SHAPE_REPRESENTATION('',(#11,#10266),#10364);
#10266 = MANIFOLD_SOLID_BREP('',#10267);
#10267 = CLOSED_SHELL('',(#10268,#10301,#10321,#10330,#10355));
#10268 = ADVANCED_FACE('',(#10269),#10296,.T.);
#10269 = FACE_BOUND('',#10270,.T.);
#10270 = EDGE_LOOP('',(#10271,#10280,#10288,#10295));
#10271 = ORIENTED_EDGE('',*,*,#10272,.F.);
#10272 = EDGE_CURVE('',#10273,#10273,#10275,.T.);
#10273 = VERTEX_POINT('',#10274);
#10274 = CARTESIAN_POINT('',(17.,13.5,12.6));
#10275 = CIRCLE('',#10276,4.);
#10276 = AXIS2_PLACEMENT_3D('',#10277,#10278,#10279);
#10277 = CARTESIAN_POINT('',(13.,13.5,12.6));
#10278 = DIRECTION('',(0.,0.,1.));
#10279 = DIRECTION('',(1.,0.,-0.));
#10280 = ORIENTED_EDGE('',*,*,#10281,.F.);
#10281 = EDGE_CURVE('',#10282,#10273,#10284,.T.);
#10282 = VERTEX_POINT('',#10283);
#10283 = CARTESIAN_POINT('',(17.,13.5,1.9));
#10284 = LINE('',#10285,#10286);
#10285 = CARTESIAN_POINT('',(17.,13.5,1.9));
#10286 = VECTOR('',#10287,1.);
#10287 = DIRECTION('',(0.,0.,1.));
#10288 = ORIENTED_EDGE('',*,*,#10289,.T.);
#10289 = EDGE_CURVE('',#10282,#10282,#10290,.T.);
#10290 = CIRCLE('',#10291,4.);
#10291 = AXIS2_PLACEMENT_3D('',#10292,#10293,#10294);
#10292 = CARTESIAN_POINT('',(13.,13.5,1.9));
#10293 = DIRECTION('',(0.,0.,1.));
#10294 = DIRECTION('',(1.,0.,-0.));
#10295 = ORIENTED_EDGE('',*,*,#10281,.T.);
#10296 = CYLINDRICAL_SURFACE('',#10297,4.);
#10297 = AXIS2_PLACEMENT_3D('',#10298,#10299,#10300);
#10298 = CARTESIAN_POINT('',(13.,13.5,1.9));
#10299 = DIRECTION('',(0.,0.,1.));
#10300 = DIRECTION('',(1.,0.,-0.));
#10301 = ADVANCED_FACE('',(#10302,#10305),#10316,.T.);
#10302 = FACE_BOUND('',#10303,.T.);
#10303 = EDGE_LOOP('',(#10304));
#10304 = ORIENTED_EDGE('',*,*,#10272,.T.);
#10305 = FACE_BOUND('',#10306,.T.);
#10306 = EDGE_LOOP('',(#10307));
#10307 = ORIENTED_EDGE('',*,*,#10308,.F.);
#10308 = EDGE_CURVE('',#10309,#10309,#10311,.T.);
#10309 = VERTEX_POINT('',#10310);
#10310 = CARTESIAN_POINT('',(16.4,13.5,12.6));
#10311 = CIRCLE('',#10312,3.4);
#10312 = AXIS2_PLACEMENT_3D('',#10313,#10314,#10315);
#10313 = CARTESIAN_POINT('',(13.,13.5,12.6));
#10314 = DIRECTION('',(0.,0.,1.));
#10315 = DIRECTION('',(1.,0.,-0.));
#10316 = PLANE('',#10317);
#10317 = AXIS2_PLACEMENT_3D('',#10318,#10319,#10320);
#10318 = CARTESIAN_POINT('',(13.,13.5,12.6));
#10319 = DIRECTION('',(0.,0.,1.));
#10320 = DIRECTION('',(1.,0.,-0.));
#10321 = ADVANCED_FACE('',(#10322),#10325,.F.);
#10322 = FACE_BOUND('',#10323,.T.);
#10323 = EDGE_LOOP('',(#10324));
#10324 = ORIENTED_EDGE('',*,*,#10289,.F.);
#10325 = PLANE('',#10326);
#10326 = AXIS2_PLACEMENT_3D('',#10327,#10328,#10329);
#10327 = CARTESIAN_POINT('',(13.,13.5,1.9));
#10328 = DIRECTION('',(0.,0.,1.));
#10329 = DIRECTION('',(1.,0.,-0.));
#10330 = ADVANCED_FACE('',(#10331),#10350,.F.);
#10331 = FACE_BOUND('',#10332,.F.);
#10332 = EDGE_LOOP('',(#10333,#10334,#10342,#10349));
#10333 = ORIENTED_EDGE('',*,*,#10308,.F.);
#10334 = ORIENTED_EDGE('',*,*,#10335,.F.);
#10335 = EDGE_CURVE('',#10336,#10309,#10338,.T.);
#10336 = VERTEX_POINT('',#10337);
#10337 = CARTESIAN_POINT('',(16.4,13.5,12.3));
#10338 = LINE('',#10339,#10340);
#10339 = CARTESIAN_POINT('',(16.4,13.5,12.3));
#10340 = VECTOR('',#10341,1.);
#10341 = DIRECTION('',(0.,0.,1.));
#10342 = ORIENTED_EDGE('',*,*,#10343,.T.);
#10343 = EDGE_CURVE('',#10336,#10336,#10344,.T.);
#10344 = CIRCLE('',#10345,3.4);
#10345 = AXIS2_PLACEMENT_3D('',#10346,#10347,#10348);
#10346 = CARTESIAN_POINT('',(13.,13.5,12.3));
#10347 = DIRECTION('',(0.,0.,1.));
#10348 = DIRECTION('',(1.,0.,-0.));
#10349 = ORIENTED_EDGE('',*,*,#10335,.T.);
#10350 = CYLINDRICAL_SURFACE('',#10351,3.4);
#10351 = AXIS2_PLACEMENT_3D('',#10352,#10353,#10354);
#10352 = CARTESIAN_POINT('',(13.,13.5,12.3));
#10353 = DIRECTION('',(0.,0.,1.));
#10354 = DIRECTION('',(1.,0.,-0.));
#10355 = ADVANCED_FACE('',(#10356),#10359,.T.);
#10356 = FACE_BOUND('',#10357,.F.);
#10357 = EDGE_LOOP('',(#10358));
#10358 = ORIENTED_EDGE('',*,*,#10343,.F.);
#10359 = PLANE('',#10360);
#10360 = AXIS2_PLACEMENT_3D('',#10361,#10362,#10363);
#10361 = CARTESIAN_POINT('',(13.,13.5,12.3));
#10362 = DIRECTION('',(0.,0.,1.));
#10363 = DIRECTION('',(1.,0.,-0.));
#10364 = ( GEOMETRIC_REPRESENTATION_CONTEXT(3) 
GLOBAL_UNCERTAINTY_ASSIGNED_CONTEXT((#10368)) 
GLOBAL_UNIT_ASSIGNED_CONTEXT((#10365,#10366,#10367)) 
REPRESENTATION_CONTEXT('Context #1',
  '3D Context with UNIT and UNCERTAINTY') );
#10365 = ( LENGTH_UNIT() NAMED_UNIT(*) SI_UNIT(.MILLI.,.METRE.) );
#10366 = ( NAMED_UNIT(*) PLANE_ANGLE_UNIT() SI_UNIT($,.RADIAN.) );
#10367 = ( NAMED_UNIT(*) SI_UNIT($,.STERADIAN.) SOLID_ANGLE_UNIT() );
#10368 = UNCERTAINTY_MEASURE_WITH_UNIT(LENGTH_MEASURE(1.E-07),#10365,
  'distance_accuracy_value','confusion accuracy');
#10369 = CONTEXT_DEPENDENT_SHAPE_REPRESENTATION(#10370,#10372);
#10370 = ( REPRESENTATION_RELATIONSHIP('','',#10265,#10) 
REPRESENTATION_RELATIONSHIP_WITH_TRANSFORMATION(#10371) 
SHAPE_REPRESENTATION_RELATIONSHIP() );
#10371 = ITEM_DEFINED_TRANSFORMATION('','',#11,#107);
#10372 = PRODUCT_DEFINITION_SHAPE('Placement','Placement of an item',
  #10373);
#10373 = NEXT_ASSEMBLY_USAGE_OCCURRENCE('24','C_220uF_1','',#5,#10260,$
  );
#10374 = PRODUCT_RELATED_PRODUCT_CATEGORY('part',$,(#10262));
#10375 = SHAPE_DEFINITION_REPRESENTATION(#10376,#10382);
#10376 = PRODUCT_DEFINITION_SHAPE('','',#10377);
#10377 = PRODUCT_DEFINITION('design','',#10378,#10381);
#10378 = PRODUCT_DEFINITION_FORMATION('','',#10379);
#10379 = PRODUCT('C_220uF_1_top','C_220uF_1_top','',(#10380));
#10380 = PRODUCT_CONTEXT('',#2,'mechanical');
#10381 = PRODUCT_DEFINITION_CONTEXT('part definition',#2,'design');
#10382 = ADVANCED_BREP_SHAPE_REPRESENTATION('',(#11,#10383),#10436);
#10383 = MANIFOLD_SOLID_BREP('',#10384);
#10384 = CLOSED_SHELL('',(#10385,#10418,#10427));
#10385 = ADVANCED_FACE('',(#10386),#10413,.T.);
#10386 = FACE_BOUND('',#10387,.T.);
#10387 = EDGE_LOOP('',(#10388,#10397,#10405,#10412));
#10388 = ORIENTED_EDGE('',*,*,#10389,.F.);
#10389 = EDGE_CURVE('',#10390,#10390,#10392,.T.);
#10390 = VERTEX_POINT('',#10391);
#10391 = CARTESIAN_POINT('',(16.4,13.5,12.4));
#10392 = CIRCLE('',#10393,3.4);
#10393 = AXIS2_PLACEMENT_3D('',#10394,#10395,#10396);
#10394 = CARTESIAN_POINT('',(13.,13.5,12.4));
#10395 = DIRECTION('',(0.,0.,1.));
#10396 = DIRECTION('',(1.,0.,-0.));
#10397 = ORIENTED_EDGE('',*,*,#10398,.F.);
#10398 = EDGE_CURVE('',#10399,#10390,#10401,.T.);
#10399 = VERTEX_POINT('',#10400);
#10400 = CARTESIAN_POINT('',(16.4,13.5,12.3));
#10401 = LINE('',#10402,#10403);
#10402 = CARTESIAN_POINT('',(16.4,13.5,12.3));
#10403 = VECTOR('',#10404,1.);
#10404 = DIRECTION('',(0.,0.,1.));
#10405 = ORIENTED_EDGE('',*,*,#10406,.T.);
#10406 = EDGE_CURVE('',#10399,#10399,#10407,.T.);
#10407 = CIRCLE('',#10408,3.4);
#10408 = AXIS2_PLACEMENT_3D('',#10409,#10410,#10411);
#10409 = CARTESIAN_POINT('',(13.,13.5,12.3));
#10410 = DIRECTION('',(0.,0.,1.));
#10411 = DIRECTION('',(1.,0.,-0.));
#10412 = ORIENTED_EDGE('',*,*,#10398,.T.);
#10413 = CYLINDRICAL_SURFACE('',#10414,3.4);
#10414 = AXIS2_PLACEMENT_3D('',#10415,#10416,#10417);
#10415 = CARTESIAN_POINT('',(13.,13.5,12.3));
#10416 = DIRECTION('',(0.,0.,1.));
#10417 = DIRECTION('',(1.,0.,-0.));
#10418 = ADVANCED_FACE('',(#10419),#10422,.T.);
#10419 = FACE_BOUND('',#10420,.T.);
#10420 = EDGE_LOOP('',(#10421));
#10421 = ORIENTED_EDGE('',*,*,#10389,.T.);
#10422 = PLANE('',#10423);
#10423 = AXIS2_PLACEMENT_3D('',#10424,#10425,#10426);
#10424 = CARTESIAN_POINT('',(13.,13.5,12.4));
#10425 = DIRECTION('',(0.,0.,1.));
#10426 = DIRECTION('',(1.,0.,-0.));
#10427 = ADVANCED_FACE('',(#10428),#10431,.F.);
#10428 = FACE_BOUND('',#10429,.T.);
#10429 = EDGE_LOOP('',(#10430));
#10430 = ORIENTED_EDGE('',*,*,#10406,.F.);
#10431 = PLANE('',#10432);
#10432 = AXIS2_PLACEMENT_3D('',#10433,#10434,#10435);
#10433 = CARTESIAN_POINT('',(13.,13.5,12.3));
#10434 = DIRECTION('',(0.,0.,1.));
#10435 = DIRECTION('',(1.,0.,-0.));
#10436 = ( GEOMETRIC_REPRESENTATION_CONTEXT(3) 
GLOBAL_UNCERTAINTY_ASSIGNED_CONTEXT((#10440)) 
GLOBAL_UNIT_ASSIGNED_CONTEXT((#10437,#10438,#10439)) 
REPRESENTATION_CONTEXT('Context #1',
  '3D Context with UNIT and UNCERTAINTY') );
#10437 = ( LENGTH_UNIT() NAMED_UNIT(*) SI_UNIT(.MILLI.,.METRE.) );
#10438 = ( NAMED_UNIT(*) PLANE_ANGLE_UNIT() SI_UNIT($,.RADIAN.) );
#10439 = ( NAMED_UNIT(*) SI_UNIT($,.STERADIAN.) SOLID_ANGLE_UNIT() );
#10440 = UNCERTAINTY_MEASURE_WITH_UNIT(LENGTH_MEASURE(1.E-07),#10437,
  'distance_accuracy_value','confusion accuracy');
#10441 = CONTEXT_DEPENDENT_SHAPE_REPRESENTATION(#10442,#10444);
#10442 = ( REPRESENTATION_RELATIONSHIP('','',#10382,#10) 
REPRESENTATION_RELATIONSHIP_WITH_TRANSFORMATION(#10443) 
SHAPE_REPRESENTATION_RELATIONSHIP() );
#10443 = ITEM_DEFINED_TRANSFORMATION('','',#11,#111);
#10444 = PRODUCT_DEFINITION_SHAPE('Placement','Placement of an item',
  #10445);
#10445 = NEXT_ASSEMBLY_USAGE_OCCURRENCE('25','C_220uF_1_top','',#5,
  #10377,$);
#10446 = PRODUCT_RELATED_PRODUCT_CATEGORY('part',$,(#10379));
#10447 = SHAPE_DEFINITION_REPRESENTATION(#10448,#10454);
#10448 = PRODUCT_DEFINITION_SHAPE('','',#10449);
#10449 = PRODUCT_DEFINITION('design','',#10450,#10453);
#10450 = PRODUCT_DEFINITION_FORMATION('','',#10451);
#10451 = PRODUCT('C_220uF_2','C_220uF_2','',(#10452));
#10452 = PRODUCT_CONTEXT('',#2,'mechanical');
#10453 = PRODUCT_DEFINITION_CONTEXT('part definition',#2,'design');
#10454 = ADVANCED_BREP_SHAPE_REPRESENTATION('',(#11,#10455),#10553);
#10455 = MANIFOLD_SOLID_BREP('',#10456);
#10456 = CLOSED_SHELL('',(#10457,#10490,#10510,#10519,#10544));
#10457 = ADVANCED_FACE('',(#10458),#10485,.T.);
#10458 = FACE_BOUND('',#10459,.T.);
#10459 = EDGE_LOOP('',(#10460,#10469,#10477,#10484));
#10460 = ORIENTED_EDGE('',*,*,#10461,.F.);
#10461 = EDGE_CURVE('',#10462,#10462,#10464,.T.);
#10462 = VERTEX_POINT('',#10463);
#10463 = CARTESIAN_POINT('',(34.,13.5,12.6));
#10464 = CIRCLE('',#10465,4.);
#10465 = AXIS2_PLACEMENT_3D('',#10466,#10467,#10468);
#10466 = CARTESIAN_POINT('',(30.,13.5,12.6));
#10467 = DIRECTION('',(0.,0.,1.));
#10468 = DIRECTION('',(1.,0.,-0.));
#10469 = ORIENTED_EDGE('',*,*,#10470,.F.);
#10470 = EDGE_CURVE('',#10471,#10462,#10473,.T.);
#10471 = VERTEX_POINT('',#10472);
#10472 = CARTESIAN_POINT('',(34.,13.5,1.9));
#10473 = LINE('',#10474,#10475);
#10474 = CARTESIAN_POINT('',(34.,13.5,1.9));
#10475 = VECTOR('',#10476,1.);
#10476 = DIRECTION('',(0.,0.,1.));
#10477 = ORIENTED_EDGE('',*,*,#10478,.T.);
#10478 = EDGE_CURVE('',#10471,#10471,#10479,.T.);
#10479 = CIRCLE('',#10480,4.);
#10480 = AXIS2_PLACEMENT_3D('',#10481,#10482,#10483);
#10481 = CARTESIAN_POINT('',(30.,13.5,1.9));
#10482 = DIRECTION('',(0.,0.,1.));
#10483 = DIRECTION('',(1.,0.,-0.));
#10484 = ORIENTED_EDGE('',*,*,#10470,.T.);
#10485 = CYLINDRICAL_SURFACE('',#10486,4.);
#10486 = AXIS2_PLACEMENT_3D('',#10487,#10488,#10489);
#10487 = CARTESIAN_POINT('',(30.,13.5,1.9));
#10488 = DIRECTION('',(0.,0.,1.));
#10489 = DIRECTION('',(1.,0.,-0.));
#10490 = ADVANCED_FACE('',(#10491,#10494),#10505,.T.);
#10491 = FACE_BOUND('',#10492,.T.);
#10492 = EDGE_LOOP('',(#10493));
#10493 = ORIENTED_EDGE('',*,*,#10461,.T.);
#10494 = FACE_BOUND('',#10495,.T.);
#10495 = EDGE_LOOP('',(#10496));
#10496 = ORIENTED_EDGE('',*,*,#10497,.F.);
#10497 = EDGE_CURVE('',#10498,#10498,#10500,.T.);
#10498 = VERTEX_POINT('',#10499);
#10499 = CARTESIAN_POINT('',(33.4,13.5,12.6));
#10500 = CIRCLE('',#10501,3.4);
#10501 = AXIS2_PLACEMENT_3D('',#10502,#10503,#10504);
#10502 = CARTESIAN_POINT('',(30.,13.5,12.6));
#10503 = DIRECTION('',(0.,0.,1.));
#10504 = DIRECTION('',(1.,0.,-0.));
#10505 = PLANE('',#10506);
#10506 = AXIS2_PLACEMENT_3D('',#10507,#10508,#10509);
#10507 = CARTESIAN_POINT('',(30.,13.5,12.6));
#10508 = DIRECTION('',(0.,0.,1.));
#10509 = DIRECTION('',(1.,0.,-0.));
#10510 = ADVANCED_FACE('',(#10511),#10514,.F.);
#10511 = FACE_BOUND('',#10512,.T.);
#10512 = EDGE_LOOP('',(#10513));
#10513 = ORIENTED_EDGE('',*,*,#10478,.F.);
#10514 = PLANE('',#10515);
#10515 = AXIS2_PLACEMENT_3D('',#10516,#10517,#10518);
#10516 = CARTESIAN_POINT('',(30.,13.5,1.9));
#10517 = DIRECTION('',(0.,0.,1.));
#10518 = DIRECTION('',(1.,0.,-0.));
#10519 = ADVANCED_FACE('',(#10520),#10539,.F.);
#10520 = FACE_BOUND('',#10521,.F.);
#10521 = EDGE_LOOP('',(#10522,#10523,#10531,#10538));
#10522 = ORIENTED_EDGE('',*,*,#10497,.F.);
#10523 = ORIENTED_EDGE('',*,*,#10524,.F.);
#10524 = EDGE_CURVE('',#10525,#10498,#10527,.T.);
#10525 = VERTEX_POINT('',#10526);
#10526 = CARTESIAN_POINT('',(33.4,13.5,12.3));
#10527 = LINE('',#10528,#10529);
#10528 = CARTESIAN_POINT('',(33.4,13.5,12.3));
#10529 = VECTOR('',#10530,1.);
#10530 = DIRECTION('',(0.,0.,1.));
#10531 = ORIENTED_EDGE('',*,*,#10532,.T.);
#10532 = EDGE_CURVE('',#10525,#10525,#10533,.T.);
#10533 = CIRCLE('',#10534,3.4);
#10534 = AXIS2_PLACEMENT_3D('',#10535,#10536,#10537);
#10535 = CARTESIAN_POINT('',(30.,13.5,12.3));
#10536 = DIRECTION('',(0.,0.,1.));
#10537 = DIRECTION('',(1.,0.,-0.));
#10538 = ORIENTED_EDGE('',*,*,#10524,.T.);
#10539 = CYLINDRICAL_SURFACE('',#10540,3.4);
#10540 = AXIS2_PLACEMENT_3D('',#10541,#10542,#10543);
#10541 = CARTESIAN_POINT('',(30.,13.5,12.3));
#10542 = DIRECTION('',(0.,0.,1.));
#10543 = DIRECTION('',(1.,0.,-0.));
#10544 = ADVANCED_FACE('',(#10545),#10548,.T.);
#10545 = FACE_BOUND('',#10546,.F.);
#10546 = EDGE_LOOP('',(#10547));
#10547 = ORIENTED_EDGE('',*,*,#10532,.F.);
#10548 = PLANE('',#10549);
#10549 = AXIS2_PLACEMENT_3D('',#10550,#10551,#10552);
#10550 = CARTESIAN_POINT('',(30.,13.5,12.3));
#10551 = DIRECTION('',(0.,0.,1.));
#10552 = DIRECTION('',(1.,0.,-0.));
#10553 = ( GEOMETRIC_REPRESENTATION_CONTEXT(3) 
GLOBAL_UNCERTAINTY_ASSIGNED_CONTEXT((#10557)) 
GLOBAL_UNIT_ASSIGNED_CONTEXT((#10554,#10555,#10556)) 
REPRESENTATION_CONTEXT('Context #1',
  '3D Context with UNIT and UNCERTAINTY') );
#10554 = ( LENGTH_UNIT() NAMED_UNIT(*) SI_UNIT(.MILLI.,.METRE.) );
#10555 = ( NAMED_UNIT(*) PLANE_ANGLE_UNIT() SI_UNIT($,.RADIAN.) );
#10556 = ( NAMED_UNIT(*) SI_UNIT($,.STERADIAN.) SOLID_ANGLE_UNIT() );
#10557 = UNCERTAINTY_MEASURE_WITH_UNIT(LENGTH_MEASURE(1.E-07),#10554,
  'distance_accuracy_value','confusion accuracy');
#10558 = CONTEXT_DEPENDENT_SHAPE_REPRESENTATION(#10559,#10561);
#10559 = ( REPRESENTATION_RELATIONSHIP('','',#10454,#10) 
REPRESENTATION_RELATIONSHIP_WITH_TRANSFORMATION(#10560) 
SHAPE_REPRESENTATION_RELATIONSHIP() );
#10560 = ITEM_DEFINED_TRANSFORMATION('','',#11,#115);
#10561 = PRODUCT_DEFINITION_SHAPE('Placement','Placement of an item',
  #10562);
#10562 = NEXT_ASSEMBLY_USAGE_OCCURRENCE('26','C_220uF_2','',#5,#10449,$
  );
#10563 = PRODUCT_RELATED_PRODUCT_CATEGORY('part',$,(#10451));
#10564 = SHAPE_DEFINITION_REPRESENTATION(#10565,#10571);
#10565 = PRODUCT_DEFINITION_SHAPE('','',#10566);
#10566 = PRODUCT_DEFINITION('design','',#10567,#10570);
#10567 = PRODUCT_DEFINITION_FORMATION('','',#10568);
#10568 = PRODUCT('C_220uF_2_top','C_220uF_2_top','',(#10569));
#10569 = PRODUCT_CONTEXT('',#2,'mechanical');
#10570 = PRODUCT_DEFINITION_CONTEXT('part definition',#2,'design');
#10571 = ADVANCED_BREP_SHAPE_REPRESENTATION('',(#11,#10572),#10625);
#10572 = MANIFOLD_SOLID_BREP('',#10573);
#10573 = CLOSED_SHELL('',(#10574,#10607,#10616));
#10574 = ADVANCED_FACE('',(#10575),#10602,.T.);
#10575 = FACE_BOUND('',#10576,.T.);
#10576 = EDGE_LOOP('',(#10577,#10586,#10594,#10601));
#10577 = ORIENTED_EDGE('',*,*,#10578,.F.);
#10578 = EDGE_CURVE('',#10579,#10579,#10581,.T.);
#10579 = VERTEX_POINT('',#10580);
#10580 = CARTESIAN_POINT('',(33.4,13.5,12.4));
#10581 = CIRCLE('',#10582,3.4);
#10582 = AXIS2_PLACEMENT_3D('',#10583,#10584,#10585);
#10583 = CARTESIAN_POINT('',(30.,13.5,12.4));
#10584 = DIRECTION('',(0.,0.,1.));
#10585 = DIRECTION('',(1.,0.,-0.));
#10586 = ORIENTED_EDGE('',*,*,#10587,.F.);
#10587 = EDGE_CURVE('',#10588,#10579,#10590,.T.);
#10588 = VERTEX_POINT('',#10589);
#10589 = CARTESIAN_POINT('',(33.4,13.5,12.3));
#10590 = LINE('',#10591,#10592);
#10591 = CARTESIAN_POINT('',(33.4,13.5,12.3));
#10592 = VECTOR('',#10593,1.);
#10593 = DIRECTION('',(0.,0.,1.));
#10594 = ORIENTED_EDGE('',*,*,#10595,.T.);
#10595 = EDGE_CURVE('',#10588,#10588,#10596,.T.);
#10596 = CIRCLE('',#10597,3.4);
#10597 = AXIS2_PLACEMENT_3D('',#10598,#10599,#10600);
#10598 = CARTESIAN_POINT('',(30.,13.5,12.3));
#10599 = DIRECTION('',(0.,0.,1.));
#10600 = DIRECTION('',(1.,0.,-0.));
#10601 = ORIENTED_EDGE('',*,*,#10587,.T.);
#10602 = CYLINDRICAL_SURFACE('',#10603,3.4);
#10603 = AXIS2_PLACEMENT_3D('',#10604,#10605,#10606);
#10604 = CARTESIAN_POINT('',(30.,13.5,12.3));
#10605 = DIRECTION('',(0.,0.,1.));
#10606 = DIRECTION('',(1.,0.,-0.));
#10607 = ADVANCED_FACE('',(#10608),#10611,.T.);
#10608 = FACE_BOUND('',#10609,.T.);
#10609 = EDGE_LOOP('',(#10610));
#10610 = ORIENTED_EDGE('',*,*,#10578,.T.);
#10611 = PLANE('',#10612);
#10612 = AXIS2_PLACEMENT_3D('',#10613,#10614,#10615);
#10613 = CARTESIAN_POINT('',(30.,13.5,12.4));
#10614 = DIRECTION('',(0.,0.,1.));
#10615 = DIRECTION('',(1.,0.,-0.));
#10616 = ADVANCED_FACE('',(#10617),#10620,.F.);
#10617 = FACE_BOUND('',#10618,.T.);
#10618 = EDGE_LOOP('',(#10619));
#10619 = ORIENTED_EDGE('',*,*,#10595,.F.);
#10620 = PLANE('',#10621);
#10621 = AXIS2_PLACEMENT_3D('',#10622,#10623,#10624);
#10622 = CARTESIAN_POINT('',(30.,13.5,12.3));
#10623 = DIRECTION('',(0.,0.,1.));
#10624 = DIRECTION('',(1.,0.,-0.));
#10625 = ( GEOMETRIC_REPRESENTATION_CONTEXT(3) 
GLOBAL_UNCERTAINTY_ASSIGNED_CONTEXT((#10629)) 
GLOBAL_UNIT_ASSIGNED_CONTEXT((#10626,#10627,#10628)) 
REPRESENTATION_CONTEXT('Context #1',
  '3D Context with UNIT and UNCERTAINTY') );
#10626 = ( LENGTH_UNIT() NAMED_UNIT(*) SI_UNIT(.MILLI.,.METRE.) );
#10627 = ( NAMED_UNIT(*) PLANE_ANGLE_UNIT() SI_UNIT($,.RADIAN.) );
#10628 = ( NAMED_UNIT(*) SI_UNIT($,.STERADIAN.) SOLID_ANGLE_UNIT() );
#10629 = UNCERTAINTY_MEASURE_WITH_UNIT(LENGTH_MEASURE(1.E-07),#10626,
  'distance_accuracy_value','confusion accuracy');
#10630 = CONTEXT_DEPENDENT_SHAPE_REPRESENTATION(#10631,#10633);
#10631 = ( REPRESENTATION_RELATIONSHIP('','',#10571,#10) 
REPRESENTATION_RELATIONSHIP_WITH_TRANSFORMATION(#10632) 
SHAPE_REPRESENTATION_RELATIONSHIP() );
#10632 = ITEM_DEFINED_TRANSFORMATION('','',#11,#119);
#10633 = PRODUCT_DEFINITION_SHAPE('Placement','Placement of an item',
  #10634);
#10634 = NEXT_ASSEMBLY_USAGE_OCCURRENCE('27','C_220uF_2_top','',#5,
  #10566,$);
#10635 = PRODUCT_RELATED_PRODUCT_CATEGORY('part',$,(#10568));
#10636 = SHAPE_DEFINITION_REPRESENTATION(#10637,#10643);
#10637 = PRODUCT_DEFINITION_SHAPE('','',#10638);
#10638 = PRODUCT_DEFINITION('design','',#10639,#10642);
#10639 = PRODUCT_DEFINITION_FORMATION('','',#10640);
#10640 = PRODUCT('U_78M05','U_78M05','',(#10641));
#10641 = PRODUCT_CONTEXT('',#2,'mechanical');
#10642 = PRODUCT_DEFINITION_CONTEXT('part definition',#2,'design');
#10643 = ADVANCED_BREP_SHAPE_REPRESENTATION('',(#11,#10644),#10794);
#10644 = MANIFOLD_SOLID_BREP('',#10645);
#10645 = CLOSED_SHELL('',(#10646,#10686,#10726,#10748,#10770,#10782));
#10646 = ADVANCED_FACE('',(#10647),#10681,.F.);
#10647 = FACE_BOUND('',#10648,.F.);
#10648 = EDGE_LOOP('',(#10649,#10659,#10667,#10675));
#10649 = ORIENTED_EDGE('',*,*,#10650,.F.);
#10650 = EDGE_CURVE('',#10651,#10653,#10655,.T.);
#10651 = VERTEX_POINT('',#10652);
#10652 = CARTESIAN_POINT('',(18.,10.,1.6));
#10653 = VERTEX_POINT('',#10654);
#10654 = CARTESIAN_POINT('',(18.,10.,3.9));
#10655 = LINE('',#10656,#10657);
#10656 = CARTESIAN_POINT('',(18.,10.,1.6));
#10657 = VECTOR('',#10658,1.);
#10658 = DIRECTION('',(0.,0.,1.));
#10659 = ORIENTED_EDGE('',*,*,#10660,.T.);
#10660 = EDGE_CURVE('',#10651,#10661,#10663,.T.);
#10661 = VERTEX_POINT('',#10662);
#10662 = CARTESIAN_POINT('',(18.,16.1,1.6));
#10663 = LINE('',#10664,#10665);
#10664 = CARTESIAN_POINT('',(18.,10.,1.6));
#10665 = VECTOR('',#10666,1.);
#10666 = DIRECTION('',(-0.,1.,0.));
#10667 = ORIENTED_EDGE('',*,*,#10668,.T.);
#10668 = EDGE_CURVE('',#10661,#10669,#10671,.T.);
#10669 = VERTEX_POINT('',#10670);
#10670 = CARTESIAN_POINT('',(18.,16.1,3.9));
#10671 = LINE('',#10672,#10673);
#10672 = CARTESIAN_POINT('',(18.,16.1,1.6));
#10673 = VECTOR('',#10674,1.);
#10674 = DIRECTION('',(0.,0.,1.));
#10675 = ORIENTED_EDGE('',*,*,#10676,.F.);
#10676 = EDGE_CURVE('',#10653,#10669,#10677,.T.);
#10677 = LINE('',#10678,#10679);
#10678 = CARTESIAN_POINT('',(18.,10.,3.9));
#10679 = VECTOR('',#10680,1.);
#10680 = DIRECTION('',(-0.,1.,0.));
#10681 = PLANE('',#10682);
#10682 = AXIS2_PLACEMENT_3D('',#10683,#10684,#10685);
#10683 = CARTESIAN_POINT('',(18.,10.,1.6));
#10684 = DIRECTION('',(1.,0.,-0.));
#10685 = DIRECTION('',(0.,0.,1.));
#10686 = ADVANCED_FACE('',(#10687),#10721,.T.);
#10687 = FACE_BOUND('',#10688,.T.);
#10688 = EDGE_LOOP('',(#10689,#10699,#10707,#10715));
#10689 = ORIENTED_EDGE('',*,*,#10690,.F.);
#10690 = EDGE_CURVE('',#10691,#10693,#10695,.T.);
#10691 = VERTEX_POINT('',#10692);
#10692 = CARTESIAN_POINT('',(24.6,10.,1.6));
#10693 = VERTEX_POINT('',#10694);
#10694 = CARTESIAN_POINT('',(24.6,10.,3.9));
#10695 = LINE('',#10696,#10697);
#10696 = CARTESIAN_POINT('',(24.6,10.,1.6));
#10697 = VECTOR('',#10698,1.);
#10698 = DIRECTION('',(0.,0.,1.));
#10699 = ORIENTED_EDGE('',*,*,#10700,.T.);
#10700 = EDGE_CURVE('',#10691,#10701,#10703,.T.);
#10701 = VERTEX_POINT('',#10702);
#10702 = CARTESIAN_POINT('',(24.6,16.1,1.6));
#10703 = LINE('',#10704,#10705);
#10704 = CARTESIAN_POINT('',(24.6,10.,1.6));
#10705 = VECTOR('',#10706,1.);
#10706 = DIRECTION('',(-0.,1.,0.));
#10707 = ORIENTED_EDGE('',*,*,#10708,.T.);
#10708 = EDGE_CURVE('',#10701,#10709,#10711,.T.);
#10709 = VERTEX_POINT('',#10710);
#10710 = CARTESIAN_POINT('',(24.6,16.1,3.9));
#10711 = LINE('',#10712,#10713);
#10712 = CARTESIAN_POINT('',(24.6,16.1,1.6));
#10713 = VECTOR('',#10714,1.);
#10714 = DIRECTION('',(0.,0.,1.));
#10715 = ORIENTED_EDGE('',*,*,#10716,.F.);
#10716 = EDGE_CURVE('',#10693,#10709,#10717,.T.);
#10717 = LINE('',#10718,#10719);
#10718 = CARTESIAN_POINT('',(24.6,10.,3.9));
#10719 = VECTOR('',#10720,1.);
#10720 = DIRECTION('',(-0.,1.,0.));
#10721 = PLANE('',#10722);
#10722 = AXIS2_PLACEMENT_3D('',#10723,#10724,#10725);
#10723 = CARTESIAN_POINT('',(24.6,10.,1.6));
#10724 = DIRECTION('',(1.,0.,-0.));
#10725 = DIRECTION('',(0.,0.,1.));
#10726 = ADVANCED_FACE('',(#10727),#10743,.F.);
#10727 = FACE_BOUND('',#10728,.F.);
#10728 = EDGE_LOOP('',(#10729,#10735,#10736,#10742));
#10729 = ORIENTED_EDGE('',*,*,#10730,.F.);
#10730 = EDGE_CURVE('',#10651,#10691,#10731,.T.);
#10731 = LINE('',#10732,#10733);
#10732 = CARTESIAN_POINT('',(18.,10.,1.6));
#10733 = VECTOR('',#10734,1.);
#10734 = DIRECTION('',(1.,0.,-0.));
#10735 = ORIENTED_EDGE('',*,*,#10650,.T.);
#10736 = ORIENTED_EDGE('',*,*,#10737,.T.);
#10737 = EDGE_CURVE('',#10653,#10693,#10738,.T.);
#10738 = LINE('',#10739,#10740);
#10739 = CARTESIAN_POINT('',(18.,10.,3.9));
#10740 = VECTOR('',#10741,1.);
#10741 = DIRECTION('',(1.,0.,-0.));
#10742 = ORIENTED_EDGE('',*,*,#10690,.F.);
#10743 = PLANE('',#10744);
#10744 = AXIS2_PLACEMENT_3D('',#10745,#10746,#10747);
#10745 = CARTESIAN_POINT('',(18.,10.,1.6));
#10746 = DIRECTION('',(-0.,1.,0.));
#10747 = DIRECTION('',(0.,0.,1.));
#10748 = ADVANCED_FACE('',(#10749),#10765,.T.);
#10749 = FACE_BOUND('',#10750,.T.);
#10750 = EDGE_LOOP('',(#10751,#10757,#10758,#10764));
#10751 = ORIENTED_EDGE('',*,*,#10752,.F.);
#10752 = EDGE_CURVE('',#10661,#10701,#10753,.T.);
#10753 = LINE('',#10754,#10755);
#10754 = CARTESIAN_POINT('',(18.,16.1,1.6));
#10755 = VECTOR('',#10756,1.);
#10756 = DIRECTION('',(1.,0.,-0.));
#10757 = ORIENTED_EDGE('',*,*,#10668,.T.);
#10758 = ORIENTED_EDGE('',*,*,#10759,.T.);
#10759 = EDGE_CURVE('',#10669,#10709,#10760,.T.);
#10760 = LINE('',#10761,#10762);
#10761 = CARTESIAN_POINT('',(18.,16.1,3.9));
#10762 = VECTOR('',#10763,1.);
#10763 = DIRECTION('',(1.,0.,-0.));
#10764 = ORIENTED_EDGE('',*,*,#10708,.F.);
#10765 = PLANE('',#10766);
#10766 = AXIS2_PLACEMENT_3D('',#10767,#10768,#10769);
#10767 = CARTESIAN_POINT('',(18.,16.1,1.6));
#10768 = DIRECTION('',(-0.,1.,0.));
#10769 = DIRECTION('',(0.,0.,1.));
#10770 = ADVANCED_FACE('',(#10771),#10777,.F.);
#10771 = FACE_BOUND('',#10772,.F.);
#10772 = EDGE_LOOP('',(#10773,#10774,#10775,#10776));
#10773 = ORIENTED_EDGE('',*,*,#10660,.F.);
#10774 = ORIENTED_EDGE('',*,*,#10730,.T.);
#10775 = ORIENTED_EDGE('',*,*,#10700,.T.);
#10776 = ORIENTED_EDGE('',*,*,#10752,.F.);
#10777 = PLANE('',#10778);
#10778 = AXIS2_PLACEMENT_3D('',#10779,#10780,#10781);
#10779 = CARTESIAN_POINT('',(18.,10.,1.6));
#10780 = DIRECTION('',(0.,0.,1.));
#10781 = DIRECTION('',(1.,0.,-0.));
#10782 = ADVANCED_FACE('',(#10783),#10789,.T.);
#10783 = FACE_BOUND('',#10784,.T.);
#10784 = EDGE_LOOP('',(#10785,#10786,#10787,#10788));
#10785 = ORIENTED_EDGE('',*,*,#10676,.F.);
#10786 = ORIENTED_EDGE('',*,*,#10737,.T.);
#10787 = ORIENTED_EDGE('',*,*,#10716,.T.);
#10788 = ORIENTED_EDGE('',*,*,#10759,.F.);
#10789 = PLANE('',#10790);
#10790 = AXIS2_PLACEMENT_3D('',#10791,#10792,#10793);
#10791 = CARTESIAN_POINT('',(18.,10.,3.9));
#10792 = DIRECTION('',(0.,0.,1.));
#10793 = DIRECTION('',(1.,0.,-0.));
#10794 = ( GEOMETRIC_REPRESENTATION_CONTEXT(3) 
GLOBAL_UNCERTAINTY_ASSIGNED_CONTEXT((#10798)) 
GLOBAL_UNIT_ASSIGNED_CONTEXT((#10795,#10796,#10797)) 
REPRESENTATION_CONTEXT('Context #1',
  '3D Context with UNIT and UNCERTAINTY') );
#10795 = ( LENGTH_UNIT() NAMED_UNIT(*) SI_UNIT(.MILLI.,.METRE.) );
#10796 = ( NAMED_UNIT(*) PLANE_ANGLE_UNIT() SI_UNIT($,.RADIAN.) );
#10797 = ( NAMED_UNIT(*) SI_UNIT($,.STERADIAN.) SOLID_ANGLE_UNIT() );
#10798 = UNCERTAINTY_MEASURE_WITH_UNIT(LENGTH_MEASURE(1.E-07),#10795,
  'distance_accuracy_value','confusion accuracy');
#10799 = CONTEXT_DEPENDENT_SHAPE_REPRESENTATION(#10800,#10802);
#10800 = ( REPRESENTATION_RELATIONSHIP('','',#10643,#10) 
REPRESENTATION_RELATIONSHIP_WITH_TRANSFORMATION(#10801) 
SHAPE_REPRESENTATION_RELATIONSHIP() );
#10801 = ITEM_DEFINED_TRANSFORMATION('','',#11,#123);
#10802 = PRODUCT_DEFINITION_SHAPE('Placement','Placement of an item',
  #10803);
#10803 = NEXT_ASSEMBLY_USAGE_OCCURRENCE('28','U_78M05','',#5,#10638,$);
#10804 = PRODUCT_RELATED_PRODUCT_CATEGORY('part',$,(#10640));
#10805 = SHAPE_DEFINITION_REPRESENTATION(#10806,#10812);
#10806 = PRODUCT_DEFINITION_SHAPE('','',#10807);
#10807 = PRODUCT_DEFINITION('design','',#10808,#10811);
#10808 = PRODUCT_DEFINITION_FORMATION('','',#10809);
#10809 = PRODUCT('U_78M05_tab','U_78M05_tab','',(#10810));
#10810 = PRODUCT_CONTEXT('',#2,'mechanical');
#10811 = PRODUCT_DEFINITION_CONTEXT('part definition',#2,'design');
#10812 = ADVANCED_BREP_SHAPE_REPRESENTATION('',(#11,#10813),#10963);
#10813 = MANIFOLD_SOLID_BREP('',#10814);
#10814 = CLOSED_SHELL('',(#10815,#10855,#10895,#10917,#10939,#10951));
#10815 = ADVANCED_FACE('',(#10816),#10850,.F.);
#10816 = FACE_BOUND('',#10817,.F.);
#10817 = EDGE_LOOP('',(#10818,#10828,#10836,#10844));
#10818 = ORIENTED_EDGE('',*,*,#10819,.F.);
#10819 = EDGE_CURVE('',#10820,#10822,#10824,.T.);
#10820 = VERTEX_POINT('',#10821);
#10821 = CARTESIAN_POINT('',(18.6,16.1,1.6));
#10822 = VERTEX_POINT('',#10823);
#10823 = CARTESIAN_POINT('',(18.6,16.1,2.1));
#10824 = LINE('',#10825,#10826);
#10825 = CARTESIAN_POINT('',(18.6,16.1,1.6));
#10826 = VECTOR('',#10827,1.);
#10827 = DIRECTION('',(0.,0.,1.));
#10828 = ORIENTED_EDGE('',*,*,#10829,.T.);
#10829 = EDGE_CURVE('',#10820,#10830,#10832,.T.);
#10830 = VERTEX_POINT('',#10831);
#10831 = CARTESIAN_POINT('',(18.6,17.3,1.6));
#10832 = LINE('',#10833,#10834);
#10833 = CARTESIAN_POINT('',(18.6,16.1,1.6));
#10834 = VECTOR('',#10835,1.);
#10835 = DIRECTION('',(-0.,1.,0.));
#10836 = ORIENTED_EDGE('',*,*,#10837,.T.);
#10837 = EDGE_CURVE('',#10830,#10838,#10840,.T.);
#10838 = VERTEX_POINT('',#10839);
#10839 = CARTESIAN_POINT('',(18.6,17.3,2.1));
#10840 = LINE('',#10841,#10842);
#10841 = CARTESIAN_POINT('',(18.6,17.3,1.6));
#10842 = VECTOR('',#10843,1.);
#10843 = DIRECTION('',(0.,0.,1.));
#10844 = ORIENTED_EDGE('',*,*,#10845,.F.);
#10845 = EDGE_CURVE('',#10822,#10838,#10846,.T.);
#10846 = LINE('',#10847,#10848);
#10847 = CARTESIAN_POINT('',(18.6,16.1,2.1));
#10848 = VECTOR('',#10849,1.);
#10849 = DIRECTION('',(-0.,1.,0.));
#10850 = PLANE('',#10851);
#10851 = AXIS2_PLACEMENT_3D('',#10852,#10853,#10854);
#10852 = CARTESIAN_POINT('',(18.6,16.1,1.6));
#10853 = DIRECTION('',(1.,0.,-0.));
#10854 = DIRECTION('',(0.,0.,1.));
#10855 = ADVANCED_FACE('',(#10856),#10890,.T.);
#10856 = FACE_BOUND('',#10857,.T.);
#10857 = EDGE_LOOP('',(#10858,#10868,#10876,#10884));
#10858 = ORIENTED_EDGE('',*,*,#10859,.F.);
#10859 = EDGE_CURVE('',#10860,#10862,#10864,.T.);
#10860 = VERTEX_POINT('',#10861);
#10861 = CARTESIAN_POINT('',(24.,16.1,1.6));
#10862 = VERTEX_POINT('',#10863);
#10863 = CARTESIAN_POINT('',(24.,16.1,2.1));
#10864 = LINE('',#10865,#10866);
#10865 = CARTESIAN_POINT('',(24.,16.1,1.6));
#10866 = VECTOR('',#10867,1.);
#10867 = DIRECTION('',(0.,0.,1.));
#10868 = ORIENTED_EDGE('',*,*,#10869,.T.);
#10869 = EDGE_CURVE('',#10860,#10870,#10872,.T.);
#10870 = VERTEX_POINT('',#10871);
#10871 = CARTESIAN_POINT('',(24.,17.3,1.6));
#10872 = LINE('',#10873,#10874);
#10873 = CARTESIAN_POINT('',(24.,16.1,1.6));
#10874 = VECTOR('',#10875,1.);
#10875 = DIRECTION('',(-0.,1.,0.));
#10876 = ORIENTED_EDGE('',*,*,#10877,.T.);
#10877 = EDGE_CURVE('',#10870,#10878,#10880,.T.);
#10878 = VERTEX_POINT('',#10879);
#10879 = CARTESIAN_POINT('',(24.,17.3,2.1));
#10880 = LINE('',#10881,#10882);
#10881 = CARTESIAN_POINT('',(24.,17.3,1.6));
#10882 = VECTOR('',#10883,1.);
#10883 = DIRECTION('',(0.,0.,1.));
#10884 = ORIENTED_EDGE('',*,*,#10885,.F.);
#10885 = EDGE_CURVE('',#10862,#10878,#10886,.T.);
#10886 = LINE('',#10887,#10888);
#10887 = CARTESIAN_POINT('',(24.,16.1,2.1));
#10888 = VECTOR('',#10889,1.);
#10889 = DIRECTION('',(-0.,1.,0.));
#10890 = PLANE('',#10891);
#10891 = AXIS2_PLACEMENT_3D('',#10892,#10893,#10894);
#10892 = CARTESIAN_POINT('',(24.,16.1,1.6));
#10893 = DIRECTION('',(1.,0.,-0.));
#10894 = DIRECTION('',(0.,0.,1.));
#10895 = ADVANCED_FACE('',(#10896),#10912,.F.);
#10896 = FACE_BOUND('',#10897,.F.);
#10897 = EDGE_LOOP('',(#10898,#10904,#10905,#10911));
#10898 = ORIENTED_EDGE('',*,*,#10899,.F.);
#10899 = EDGE_CURVE('',#10820,#10860,#10900,.T.);
#10900 = LINE('',#10901,#10902);
#10901 = CARTESIAN_POINT('',(18.6,16.1,1.6));
#10902 = VECTOR('',#10903,1.);
#10903 = DIRECTION('',(1.,0.,-0.));
#10904 = ORIENTED_EDGE('',*,*,#10819,.T.);
#10905 = ORIENTED_EDGE('',*,*,#10906,.T.);
#10906 = EDGE_CURVE('',#10822,#10862,#10907,.T.);
#10907 = LINE('',#10908,#10909);
#10908 = CARTESIAN_POINT('',(18.6,16.1,2.1));
#10909 = VECTOR('',#10910,1.);
#10910 = DIRECTION('',(1.,0.,-0.));
#10911 = ORIENTED_EDGE('',*,*,#10859,.F.);
#10912 = PLANE('',#10913);
#10913 = AXIS2_PLACEMENT_3D('',#10914,#10915,#10916);
#10914 = CARTESIAN_POINT('',(18.6,16.1,1.6));
#10915 = DIRECTION('',(-0.,1.,0.));
#10916 = DIRECTION('',(0.,0.,1.));
#10917 = ADVANCED_FACE('',(#10918),#10934,.T.);
#10918 = FACE_BOUND('',#10919,.T.);
#10919 = EDGE_LOOP('',(#10920,#10926,#10927,#10933));
#10920 = ORIENTED_EDGE('',*,*,#10921,.F.);
#10921 = EDGE_CURVE('',#10830,#10870,#10922,.T.);
#10922 = LINE('',#10923,#10924);
#10923 = CARTESIAN_POINT('',(18.6,17.3,1.6));
#10924 = VECTOR('',#10925,1.);
#10925 = DIRECTION('',(1.,0.,-0.));
#10926 = ORIENTED_EDGE('',*,*,#10837,.T.);
#10927 = ORIENTED_EDGE('',*,*,#10928,.T.);
#10928 = EDGE_CURVE('',#10838,#10878,#10929,.T.);
#10929 = LINE('',#10930,#10931);
#10930 = CARTESIAN_POINT('',(18.6,17.3,2.1));
#10931 = VECTOR('',#10932,1.);
#10932 = DIRECTION('',(1.,0.,-0.));
#10933 = ORIENTED_EDGE('',*,*,#10877,.F.);
#10934 = PLANE('',#10935);
#10935 = AXIS2_PLACEMENT_3D('',#10936,#10937,#10938);
#10936 = CARTESIAN_POINT('',(18.6,17.3,1.6));
#10937 = DIRECTION('',(-0.,1.,0.));
#10938 = DIRECTION('',(0.,0.,1.));
#10939 = ADVANCED_FACE('',(#10940),#10946,.F.);
#10940 = FACE_BOUND('',#10941,.F.);
#10941 = EDGE_LOOP('',(#10942,#10943,#10944,#10945));
#10942 = ORIENTED_EDGE('',*,*,#10829,.F.);
#10943 = ORIENTED_EDGE('',*,*,#10899,.T.);
#10944 = ORIENTED_EDGE('',*,*,#10869,.T.);
#10945 = ORIENTED_EDGE('',*,*,#10921,.F.);
#10946 = PLANE('',#10947);
#10947 = AXIS2_PLACEMENT_3D('',#10948,#10949,#10950);
#10948 = CARTESIAN_POINT('',(18.6,16.1,1.6));
#10949 = DIRECTION('',(0.,0.,1.));
#10950 = DIRECTION('',(1.,0.,-0.));
#10951 = ADVANCED_FACE('',(#10952),#10958,.T.);
#10952 = FACE_BOUND('',#10953,.T.);
#10953 = EDGE_LOOP('',(#10954,#10955,#10956,#10957));
#10954 = ORIENTED_EDGE('',*,*,#10845,.F.);
#10955 = ORIENTED_EDGE('',*,*,#10906,.T.);
#10956 = ORIENTED_EDGE('',*,*,#10885,.T.);
#10957 = ORIENTED_EDGE('',*,*,#10928,.F.);
#10958 = PLANE('',#10959);
#10959 = AXIS2_PLACEMENT_3D('',#10960,#10961,#10962);
#10960 = CARTESIAN_POINT('',(18.6,16.1,2.1));
#10961 = DIRECTION('',(0.,0.,1.));
#10962 = DIRECTION('',(1.,0.,-0.));
#10963 = ( GEOMETRIC_REPRESENTATION_CONTEXT(3) 
GLOBAL_UNCERTAINTY_ASSIGNED_CONTEXT((#10967)) 
GLOBAL_UNIT_ASSIGNED_CONTEXT((#10964,#10965,#10966)) 
REPRESENTATION_CONTEXT('Context #1',
  '3D Context with UNIT and UNCERTAINTY') );
#10964 = ( LENGTH_UNIT() NAMED_UNIT(*) SI_UNIT(.MILLI.,.METRE.) );
#10965 = ( NAMED_UNIT(*) PLANE_ANGLE_UNIT() SI_UNIT($,.RADIAN.) );
#10966 = ( NAMED_UNIT(*) SI_UNIT($,.STERADIAN.) SOLID_ANGLE_UNIT() );
#10967 = UNCERTAINTY_MEASURE_WITH_UNIT(LENGTH_MEASURE(1.E-07),#10964,
  'distance_accuracy_value','confusion accuracy');
#10968 = CONTEXT_DEPENDENT_SHAPE_REPRESENTATION(#10969,#10971);
#10969 = ( REPRESENTATION_RELATIONSHIP('','',#10812,#10) 
REPRESENTATION_RELATIONSHIP_WITH_TRANSFORMATION(#10970) 
SHAPE_REPRESENTATION_RELATIONSHIP() );
#10970 = ITEM_DEFINED_TRANSFORMATION('','',#11,#127);
#10971 = PRODUCT_DEFINITION_SHAPE('Placement','Placement of an item',
  #10972);
#10972 = NEXT_ASSEMBLY_USAGE_OCCURRENCE('29','U_78M05_tab','',#5,#10807,
  $);
#10973 = PRODUCT_RELATED_PRODUCT_CATEGORY('part',$,(#10809));
#10974 = SHAPE_DEFINITION_REPRESENTATION(#10975,#10981);
#10975 = PRODUCT_DEFINITION_SHAPE('','',#10976);
#10976 = PRODUCT_DEFINITION('design','',#10977,#10980);
#10977 = PRODUCT_DEFINITION_FORMATION('','',#10978);
#10978 = PRODUCT('U_78M05_lead_18_9','U_78M05_lead_18_9','',(#10979));
#10979 = PRODUCT_CONTEXT('',#2,'mechanical');
#10980 = PRODUCT_DEFINITION_CONTEXT('part definition',#2,'design');
#10981 = ADVANCED_BREP_SHAPE_REPRESENTATION('',(#11,#10982),#11132);
#10982 = MANIFOLD_SOLID_BREP('',#10983);
#10983 = CLOSED_SHELL('',(#10984,#11024,#11064,#11086,#11108,#11120));
#10984 = ADVANCED_FACE('',(#10985),#11019,.F.);
#10985 = FACE_BOUND('',#10986,.F.);
#10986 = EDGE_LOOP('',(#10987,#10997,#11005,#11013));
#10987 = ORIENTED_EDGE('',*,*,#10988,.F.);
#10988 = EDGE_CURVE('',#10989,#10991,#10993,.T.);
#10989 = VERTEX_POINT('',#10990);
#10990 = CARTESIAN_POINT('',(18.9,8.6,1.6));
#10991 = VERTEX_POINT('',#10992);
#10992 = CARTESIAN_POINT('',(18.9,8.6,2.1));
#10993 = LINE('',#10994,#10995);
#10994 = CARTESIAN_POINT('',(18.9,8.6,1.6));
#10995 = VECTOR('',#10996,1.);
#10996 = DIRECTION('',(0.,0.,1.));
#10997 = ORIENTED_EDGE('',*,*,#10998,.T.);
#10998 = EDGE_CURVE('',#10989,#10999,#11001,.T.);
#10999 = VERTEX_POINT('',#11000);
#11000 = CARTESIAN_POINT('',(18.9,10.,1.6));
#11001 = LINE('',#11002,#11003);
#11002 = CARTESIAN_POINT('',(18.9,8.6,1.6));
#11003 = VECTOR('',#11004,1.);
#11004 = DIRECTION('',(-0.,1.,0.));
#11005 = ORIENTED_EDGE('',*,*,#11006,.T.);
#11006 = EDGE_CURVE('',#10999,#11007,#11009,.T.);
#11007 = VERTEX_POINT('',#11008);
#11008 = CARTESIAN_POINT('',(18.9,10.,2.1));
#11009 = LINE('',#11010,#11011);
#11010 = CARTESIAN_POINT('',(18.9,10.,1.6));
#11011 = VECTOR('',#11012,1.);
#11012 = DIRECTION('',(0.,0.,1.));
#11013 = ORIENTED_EDGE('',*,*,#11014,.F.);
#11014 = EDGE_CURVE('',#10991,#11007,#11015,.T.);
#11015 = LINE('',#11016,#11017);
#11016 = CARTESIAN_POINT('',(18.9,8.6,2.1));
#11017 = VECTOR('',#11018,1.);
#11018 = DIRECTION('',(-0.,1.,0.));
#11019 = PLANE('',#11020);
#11020 = AXIS2_PLACEMENT_3D('',#11021,#11022,#11023);
#11021 = CARTESIAN_POINT('',(18.9,8.6,1.6));
#11022 = DIRECTION('',(1.,0.,-0.));
#11023 = DIRECTION('',(0.,0.,1.));
#11024 = ADVANCED_FACE('',(#11025),#11059,.T.);
#11025 = FACE_BOUND('',#11026,.T.);
#11026 = EDGE_LOOP('',(#11027,#11037,#11045,#11053));
#11027 = ORIENTED_EDGE('',*,*,#11028,.F.);
#11028 = EDGE_CURVE('',#11029,#11031,#11033,.T.);
#11029 = VERTEX_POINT('',#11030);
#11030 = CARTESIAN_POINT('',(19.7,8.6,1.6));
#11031 = VERTEX_POINT('',#11032);
#11032 = CARTESIAN_POINT('',(19.7,8.6,2.1));
#11033 = LINE('',#11034,#11035);
#11034 = CARTESIAN_POINT('',(19.7,8.6,1.6));
#11035 = VECTOR('',#11036,1.);
#11036 = DIRECTION('',(0.,0.,1.));
#11037 = ORIENTED_EDGE('',*,*,#11038,.T.);
#11038 = EDGE_CURVE('',#11029,#11039,#11041,.T.);
#11039 = VERTEX_POINT('',#11040);
#11040 = CARTESIAN_POINT('',(19.7,10.,1.6));
#11041 = LINE('',#11042,#11043);
#11042 = CARTESIAN_POINT('',(19.7,8.6,1.6));
#11043 = VECTOR('',#11044,1.);
#11044 = DIRECTION('',(-0.,1.,0.));
#11045 = ORIENTED_EDGE('',*,*,#11046,.T.);
#11046 = EDGE_CURVE('',#11039,#11047,#11049,.T.);
#11047 = VERTEX_POINT('',#11048);
#11048 = CARTESIAN_POINT('',(19.7,10.,2.1));
#11049 = LINE('',#11050,#11051);
#11050 = CARTESIAN_POINT('',(19.7,10.,1.6));
#11051 = VECTOR('',#11052,1.);
#11052 = DIRECTION('',(0.,0.,1.));
#11053 = ORIENTED_EDGE('',*,*,#11054,.F.);
#11054 = EDGE_CURVE('',#11031,#11047,#11055,.T.);
#11055 = LINE('',#11056,#11057);
#11056 = CARTESIAN_POINT('',(19.7,8.6,2.1));
#11057 = VECTOR('',#11058,1.);
#11058 = DIRECTION('',(-0.,1.,0.));
#11059 = PLANE('',#11060);
#11060 = AXIS2_PLACEMENT_3D('',#11061,#11062,#11063);
#11061 = CARTESIAN_POINT('',(19.7,8.6,1.6));
#11062 = DIRECTION('',(1.,0.,-0.));
#11063 = DIRECTION('',(0.,0.,1.));
#11064 = ADVANCED_FACE('',(#11065),#11081,.F.);
#11065 = FACE_BOUND('',#11066,.F.);
#11066 = EDGE_LOOP('',(#11067,#11073,#11074,#11080));
#11067 = ORIENTED_EDGE('',*,*,#11068,.F.);
#11068 = EDGE_CURVE('',#10989,#11029,#11069,.T.);
#11069 = LINE('',#11070,#11071);
#11070 = CARTESIAN_POINT('',(18.9,8.6,1.6));
#11071 = VECTOR('',#11072,1.);
#11072 = DIRECTION('',(1.,0.,-0.));
#11073 = ORIENTED_EDGE('',*,*,#10988,.T.);
#11074 = ORIENTED_EDGE('',*,*,#11075,.T.);
#11075 = EDGE_CURVE('',#10991,#11031,#11076,.T.);
#11076 = LINE('',#11077,#11078);
#11077 = CARTESIAN_POINT('',(18.9,8.6,2.1));
#11078 = VECTOR('',#11079,1.);
#11079 = DIRECTION('',(1.,0.,-0.));
#11080 = ORIENTED_EDGE('',*,*,#11028,.F.);
#11081 = PLANE('',#11082);
#11082 = AXIS2_PLACEMENT_3D('',#11083,#11084,#11085);
#11083 = CARTESIAN_POINT('',(18.9,8.6,1.6));
#11084 = DIRECTION('',(-0.,1.,0.));
#11085 = DIRECTION('',(0.,0.,1.));
#11086 = ADVANCED_FACE('',(#11087),#11103,.T.);
#11087 = FACE_BOUND('',#11088,.T.);
#11088 = EDGE_LOOP('',(#11089,#11095,#11096,#11102));
#11089 = ORIENTED_EDGE('',*,*,#11090,.F.);
#11090 = EDGE_CURVE('',#10999,#11039,#11091,.T.);
#11091 = LINE('',#11092,#11093);
#11092 = CARTESIAN_POINT('',(18.9,10.,1.6));
#11093 = VECTOR('',#11094,1.);
#11094 = DIRECTION('',(1.,0.,-0.));
#11095 = ORIENTED_EDGE('',*,*,#11006,.T.);
#11096 = ORIENTED_EDGE('',*,*,#11097,.T.);
#11097 = EDGE_CURVE('',#11007,#11047,#11098,.T.);
#11098 = LINE('',#11099,#11100);
#11099 = CARTESIAN_POINT('',(18.9,10.,2.1));
#11100 = VECTOR('',#11101,1.);
#11101 = DIRECTION('',(1.,0.,-0.));
#11102 = ORIENTED_EDGE('',*,*,#11046,.F.);
#11103 = PLANE('',#11104);
#11104 = AXIS2_PLACEMENT_3D('',#11105,#11106,#11107);
#11105 = CARTESIAN_POINT('',(18.9,10.,1.6));
#11106 = DIRECTION('',(-0.,1.,0.));
#11107 = DIRECTION('',(0.,0.,1.));
#11108 = ADVANCED_FACE('',(#11109),#11115,.F.);
#11109 = FACE_BOUND('',#11110,.F.);
#11110 = EDGE_LOOP('',(#11111,#11112,#11113,#11114));
#11111 = ORIENTED_EDGE('',*,*,#10998,.F.);
#11112 = ORIENTED_EDGE('',*,*,#11068,.T.);
#11113 = ORIENTED_EDGE('',*,*,#11038,.T.);
#11114 = ORIENTED_EDGE('',*,*,#11090,.F.);
#11115 = PLANE('',#11116);
#11116 = AXIS2_PLACEMENT_3D('',#11117,#11118,#11119);
#11117 = CARTESIAN_POINT('',(18.9,8.6,1.6));
#11118 = DIRECTION('',(0.,0.,1.));
#11119 = DIRECTION('',(1.,0.,-0.));
#11120 = ADVANCED_FACE('',(#11121),#11127,.T.);
#11121 = FACE_BOUND('',#11122,.T.);
#11122 = EDGE_LOOP('',(#11123,#11124,#11125,#11126));
#11123 = ORIENTED_EDGE('',*,*,#11014,.F.);
#11124 = ORIENTED_EDGE('',*,*,#11075,.T.);
#11125 = ORIENTED_EDGE('',*,*,#11054,.T.);
#11126 = ORIENTED_EDGE('',*,*,#11097,.F.);
#11127 = PLANE('',#11128);
#11128 = AXIS2_PLACEMENT_3D('',#11129,#11130,#11131);
#11129 = CARTESIAN_POINT('',(18.9,8.6,2.1));
#11130 = DIRECTION('',(0.,0.,1.));
#11131 = DIRECTION('',(1.,0.,-0.));
#11132 = ( GEOMETRIC_REPRESENTATION_CONTEXT(3) 
GLOBAL_UNCERTAINTY_ASSIGNED_CONTEXT((#11136)) 
GLOBAL_UNIT_ASSIGNED_CONTEXT((#11133,#11134,#11135)) 
REPRESENTATION_CONTEXT('Context #1',
  '3D Context with UNIT and UNCERTAINTY') );
#11133 = ( LENGTH_UNIT() NAMED_UNIT(*) SI_UNIT(.MILLI.,.METRE.) );
#11134 = ( NAMED_UNIT(*) PLANE_ANGLE_UNIT() SI_UNIT($,.RADIAN.) );
#11135 = ( NAMED_UNIT(*) SI_UNIT($,.STERADIAN.) SOLID_ANGLE_UNIT() );
#11136 = UNCERTAINTY_MEASURE_WITH_UNIT(LENGTH_MEASURE(1.E-07),#11133,
  'distance_accuracy_value','confusion accuracy');
#11137 = CONTEXT_DEPENDENT_SHAPE_REPRESENTATION(#11138,#11140);
#11138 = ( REPRESENTATION_RELATIONSHIP('','',#10981,#10) 
REPRESENTATION_RELATIONSHIP_WITH_TRANSFORMATION(#11139) 
SHAPE_REPRESENTATION_RELATIONSHIP() );
#11139 = ITEM_DEFINED_TRANSFORMATION('','',#11,#131);
#11140 = PRODUCT_DEFINITION_SHAPE('Placement','Placement of an item',
  #11141);
#11141 = NEXT_ASSEMBLY_USAGE_OCCURRENCE('30','U_78M05_lead_18_9','',#5,
  #10976,$);
#11142 = PRODUCT_RELATED_PRODUCT_CATEGORY('part',$,(#10978));
#11143 = SHAPE_DEFINITION_REPRESENTATION(#11144,#11150);
#11144 = PRODUCT_DEFINITION_SHAPE('','',#11145);
#11145 = PRODUCT_DEFINITION('design','',#11146,#11149);
#11146 = PRODUCT_DEFINITION_FORMATION('','',#11147);
#11147 = PRODUCT('U_78M05_lead_23','U_78M05_lead_23','',(#11148));
#11148 = PRODUCT_CONTEXT('',#2,'mechanical');
#11149 = PRODUCT_DEFINITION_CONTEXT('part definition',#2,'design');
#11150 = ADVANCED_BREP_SHAPE_REPRESENTATION('',(#11,#11151),#11301);
#11151 = MANIFOLD_SOLID_BREP('',#11152);
#11152 = CLOSED_SHELL('',(#11153,#11193,#11233,#11255,#11277,#11289));
#11153 = ADVANCED_FACE('',(#11154),#11188,.F.);
#11154 = FACE_BOUND('',#11155,.F.);
#11155 = EDGE_LOOP('',(#11156,#11166,#11174,#11182));
#11156 = ORIENTED_EDGE('',*,*,#11157,.F.);
#11157 = EDGE_CURVE('',#11158,#11160,#11162,.T.);
#11158 = VERTEX_POINT('',#11159);
#11159 = CARTESIAN_POINT('',(23.,8.6,1.6));
#11160 = VERTEX_POINT('',#11161);
#11161 = CARTESIAN_POINT('',(23.,8.6,2.1));
#11162 = LINE('',#11163,#11164);
#11163 = CARTESIAN_POINT('',(23.,8.6,1.6));
#11164 = VECTOR('',#11165,1.);
#11165 = DIRECTION('',(0.,0.,1.));
#11166 = ORIENTED_EDGE('',*,*,#11167,.T.);
#11167 = EDGE_CURVE('',#11158,#11168,#11170,.T.);
#11168 = VERTEX_POINT('',#11169);
#11169 = CARTESIAN_POINT('',(23.,10.,1.6));
#11170 = LINE('',#11171,#11172);
#11171 = CARTESIAN_POINT('',(23.,8.6,1.6));
#11172 = VECTOR('',#11173,1.);
#11173 = DIRECTION('',(-0.,1.,0.));
#11174 = ORIENTED_EDGE('',*,*,#11175,.T.);
#11175 = EDGE_CURVE('',#11168,#11176,#11178,.T.);
#11176 = VERTEX_POINT('',#11177);
#11177 = CARTESIAN_POINT('',(23.,10.,2.1));
#11178 = LINE('',#11179,#11180);
#11179 = CARTESIAN_POINT('',(23.,10.,1.6));
#11180 = VECTOR('',#11181,1.);
#11181 = DIRECTION('',(0.,0.,1.));
#11182 = ORIENTED_EDGE('',*,*,#11183,.F.);
#11183 = EDGE_CURVE('',#11160,#11176,#11184,.T.);
#11184 = LINE('',#11185,#11186);
#11185 = CARTESIAN_POINT('',(23.,8.6,2.1));
#11186 = VECTOR('',#11187,1.);
#11187 = DIRECTION('',(-0.,1.,0.));
#11188 = PLANE('',#11189);
#11189 = AXIS2_PLACEMENT_3D('',#11190,#11191,#11192);
#11190 = CARTESIAN_POINT('',(23.,8.6,1.6));
#11191 = DIRECTION('',(1.,0.,-0.));
#11192 = DIRECTION('',(0.,0.,1.));
#11193 = ADVANCED_FACE('',(#11194),#11228,.T.);
#11194 = FACE_BOUND('',#11195,.T.);
#11195 = EDGE_LOOP('',(#11196,#11206,#11214,#11222));
#11196 = ORIENTED_EDGE('',*,*,#11197,.F.);
#11197 = EDGE_CURVE('',#11198,#11200,#11202,.T.);
#11198 = VERTEX_POINT('',#11199);
#11199 = CARTESIAN_POINT('',(23.8,8.6,1.6));
#11200 = VERTEX_POINT('',#11201);
#11201 = CARTESIAN_POINT('',(23.8,8.6,2.1));
#11202 = LINE('',#11203,#11204);
#11203 = CARTESIAN_POINT('',(23.8,8.6,1.6));
#11204 = VECTOR('',#11205,1.);
#11205 = DIRECTION('',(0.,0.,1.));
#11206 = ORIENTED_EDGE('',*,*,#11207,.T.);
#11207 = EDGE_CURVE('',#11198,#11208,#11210,.T.);
#11208 = VERTEX_POINT('',#11209);
#11209 = CARTESIAN_POINT('',(23.8,10.,1.6));
#11210 = LINE('',#11211,#11212);
#11211 = CARTESIAN_POINT('',(23.8,8.6,1.6));
#11212 = VECTOR('',#11213,1.);
#11213 = DIRECTION('',(-0.,1.,0.));
#11214 = ORIENTED_EDGE('',*,*,#11215,.T.);
#11215 = EDGE_CURVE('',#11208,#11216,#11218,.T.);
#11216 = VERTEX_POINT('',#11217);
#11217 = CARTESIAN_POINT('',(23.8,10.,2.1));
#11218 = LINE('',#11219,#11220);
#11219 = CARTESIAN_POINT('',(23.8,10.,1.6));
#11220 = VECTOR('',#11221,1.);
#11221 = DIRECTION('',(0.,0.,1.));
#11222 = ORIENTED_EDGE('',*,*,#11223,.F.);
#11223 = EDGE_CURVE('',#11200,#11216,#11224,.T.);
#11224 = LINE('',#11225,#11226);
#11225 = CARTESIAN_POINT('',(23.8,8.6,2.1));
#11226 = VECTOR('',#11227,1.);
#11227 = DIRECTION('',(-0.,1.,0.));
#11228 = PLANE('',#11229);
#11229 = AXIS2_PLACEMENT_3D('',#11230,#11231,#11232);
#11230 = CARTESIAN_POINT('',(23.8,8.6,1.6));
#11231 = DIRECTION('',(1.,0.,-0.));
#11232 = DIRECTION('',(0.,0.,1.));
#11233 = ADVANCED_FACE('',(#11234),#11250,.F.);
#11234 = FACE_BOUND('',#11235,.F.);
#11235 = EDGE_LOOP('',(#11236,#11242,#11243,#11249));
#11236 = ORIENTED_EDGE('',*,*,#11237,.F.);
#11237 = EDGE_CURVE('',#11158,#11198,#11238,.T.);
#11238 = LINE('',#11239,#11240);
#11239 = CARTESIAN_POINT('',(23.,8.6,1.6));
#11240 = VECTOR('',#11241,1.);
#11241 = DIRECTION('',(1.,0.,-0.));
#11242 = ORIENTED_EDGE('',*,*,#11157,.T.);
#11243 = ORIENTED_EDGE('',*,*,#11244,.T.);
#11244 = EDGE_CURVE('',#11160,#11200,#11245,.T.);
#11245 = LINE('',#11246,#11247);
#11246 = CARTESIAN_POINT('',(23.,8.6,2.1));
#11247 = VECTOR('',#11248,1.);
#11248 = DIRECTION('',(1.,0.,-0.));
#11249 = ORIENTED_EDGE('',*,*,#11197,.F.);
#11250 = PLANE('',#11251);
#11251 = AXIS2_PLACEMENT_3D('',#11252,#11253,#11254);
#11252 = CARTESIAN_POINT('',(23.,8.6,1.6));
#11253 = DIRECTION('',(-0.,1.,0.));
#11254 = DIRECTION('',(0.,0.,1.));
#11255 = ADVANCED_FACE('',(#11256),#11272,.T.);
#11256 = FACE_BOUND('',#11257,.T.);
#11257 = EDGE_LOOP('',(#11258,#11264,#11265,#11271));
#11258 = ORIENTED_EDGE('',*,*,#11259,.F.);
#11259 = EDGE_CURVE('',#11168,#11208,#11260,.T.);
#11260 = LINE('',#11261,#11262);
#11261 = CARTESIAN_POINT('',(23.,10.,1.6));
#11262 = VECTOR('',#11263,1.);
#11263 = DIRECTION('',(1.,0.,-0.));
#11264 = ORIENTED_EDGE('',*,*,#11175,.T.);
#11265 = ORIENTED_EDGE('',*,*,#11266,.T.);
#11266 = EDGE_CURVE('',#11176,#11216,#11267,.T.);
#11267 = LINE('',#11268,#11269);
#11268 = CARTESIAN_POINT('',(23.,10.,2.1));
#11269 = VECTOR('',#11270,1.);
#11270 = DIRECTION('',(1.,0.,-0.));
#11271 = ORIENTED_EDGE('',*,*,#11215,.F.);
#11272 = PLANE('',#11273);
#11273 = AXIS2_PLACEMENT_3D('',#11274,#11275,#11276);
#11274 = CARTESIAN_POINT('',(23.,10.,1.6));
#11275 = DIRECTION('',(-0.,1.,0.));
#11276 = DIRECTION('',(0.,0.,1.));
#11277 = ADVANCED_FACE('',(#11278),#11284,.F.);
#11278 = FACE_BOUND('',#11279,.F.);
#11279 = EDGE_LOOP('',(#11280,#11281,#11282,#11283));
#11280 = ORIENTED_EDGE('',*,*,#11167,.F.);
#11281 = ORIENTED_EDGE('',*,*,#11237,.T.);
#11282 = ORIENTED_EDGE('',*,*,#11207,.T.);
#11283 = ORIENTED_EDGE('',*,*,#11259,.F.);
#11284 = PLANE('',#11285);
#11285 = AXIS2_PLACEMENT_3D('',#11286,#11287,#11288);
#11286 = CARTESIAN_POINT('',(23.,8.6,1.6));
#11287 = DIRECTION('',(0.,0.,1.));
#11288 = DIRECTION('',(1.,0.,-0.));
#11289 = ADVANCED_FACE('',(#11290),#11296,.T.);
#11290 = FACE_BOUND('',#11291,.T.);
#11291 = EDGE_LOOP('',(#11292,#11293,#11294,#11295));
#11292 = ORIENTED_EDGE('',*,*,#11183,.F.);
#11293 = ORIENTED_EDGE('',*,*,#11244,.T.);
#11294 = ORIENTED_EDGE('',*,*,#11223,.T.);
#11295 = ORIENTED_EDGE('',*,*,#11266,.F.);
#11296 = PLANE('',#11297);
#11297 = AXIS2_PLACEMENT_3D('',#11298,#11299,#11300);
#11298 = CARTESIAN_POINT('',(23.,8.6,2.1));
#11299 = DIRECTION('',(0.,0.,1.));
#11300 = DIRECTION('',(1.,0.,-0.));
#11301 = ( GEOMETRIC_REPRESENTATION_CONTEXT(3) 
GLOBAL_UNCERTAINTY_ASSIGNED_CONTEXT((#11305)) 
GLOBAL_UNIT_ASSIGNED_CONTEXT((#11302,#11303,#11304)) 
REPRESENTATION_CONTEXT('Context #1',
  '3D Context with UNIT and UNCERTAINTY') );
#11302 = ( LENGTH_UNIT() NAMED_UNIT(*) SI_UNIT(.MILLI.,.METRE.) );
#11303 = ( NAMED_UNIT(*) PLANE_ANGLE_UNIT() SI_UNIT($,.RADIAN.) );
#11304 = ( NAMED_UNIT(*) SI_UNIT($,.STERADIAN.) SOLID_ANGLE_UNIT() );
#11305 = UNCERTAINTY_MEASURE_WITH_UNIT(LENGTH_MEASURE(1.E-07),#11302,
  'distance_accuracy_value','confusion accuracy');
#11306 = CONTEXT_DEPENDENT_SHAPE_REPRESENTATION(#11307,#11309);
#11307 = ( REPRESENTATION_RELATIONSHIP('','',#11150,#10) 
REPRESENTATION_RELATIONSHIP_WITH_TRANSFORMATION(#11308) 
SHAPE_REPRESENTATION_RELATIONSHIP() );
#11308 = ITEM_DEFINED_TRANSFORMATION('','',#11,#135);
#11309 = PRODUCT_DEFINITION_SHAPE('Placement','Placement of an item',
  #11310);
#11310 = NEXT_ASSEMBLY_USAGE_OCCURRENCE('31','U_78M05_lead_23','',#5,
  #11145,$);
#11311 = PRODUCT_RELATED_PRODUCT_CATEGORY('part',$,(#11147));
#11312 = SHAPE_DEFINITION_REPRESENTATION(#11313,#11319);
#11313 = PRODUCT_DEFINITION_SHAPE('','',#11314);
#11314 = PRODUCT_DEFINITION('design','',#11315,#11318);
#11315 = PRODUCT_DEFINITION_FORMATION('','',#11316);
#11316 = PRODUCT('D_L1','D_L1','',(#11317));
#11317 = PRODUCT_CONTEXT('',#2,'mechanical');
#11318 = PRODUCT_DEFINITION_CONTEXT('part definition',#2,'design');
#11319 = ADVANCED_BREP_SHAPE_REPRESENTATION('',(#11,#11320),#11470);
#11320 = MANIFOLD_SOLID_BREP('',#11321);
#11321 = CLOSED_SHELL('',(#11322,#11362,#11402,#11424,#11446,#11458));
#11322 = ADVANCED_FACE('',(#11323),#11357,.F.);
#11323 = FACE_BOUND('',#11324,.F.);
#11324 = EDGE_LOOP('',(#11325,#11335,#11343,#11351));
#11325 = ORIENTED_EDGE('',*,*,#11326,.F.);
#11326 = EDGE_CURVE('',#11327,#11329,#11331,.T.);
#11327 = VERTEX_POINT('',#11328);
#11328 = CARTESIAN_POINT('',(3.,25.,1.6));
#11329 = VERTEX_POINT('',#11330);
#11330 = CARTESIAN_POINT('',(3.,25.,3.6));
#11331 = LINE('',#11332,#11333);
#11332 = CARTESIAN_POINT('',(3.,25.,1.6));
#11333 = VECTOR('',#11334,1.);
#11334 = DIRECTION('',(0.,0.,1.));
#11335 = ORIENTED_EDGE('',*,*,#11336,.T.);
#11336 = EDGE_CURVE('',#11327,#11337,#11339,.T.);
#11337 = VERTEX_POINT('',#11338);
#11338 = CARTESIAN_POINT('',(3.,27.6,1.6));
#11339 = LINE('',#11340,#11341);
#11340 = CARTESIAN_POINT('',(3.,25.,1.6));
#11341 = VECTOR('',#11342,1.);
#11342 = DIRECTION('',(-0.,1.,0.));
#11343 = ORIENTED_EDGE('',*,*,#11344,.T.);
#11344 = EDGE_CURVE('',#11337,#11345,#11347,.T.);
#11345 = VERTEX_POINT('',#11346);
#11346 = CARTESIAN_POINT('',(3.,27.6,3.6));
#11347 = LINE('',#11348,#11349);
#11348 = CARTESIAN_POINT('',(3.,27.6,1.6));
#11349 = VECTOR('',#11350,1.);
#11350 = DIRECTION('',(0.,0.,1.));
#11351 = ORIENTED_EDGE('',*,*,#11352,.F.);
#11352 = EDGE_CURVE('',#11329,#11345,#11353,.T.);
#11353 = LINE('',#11354,#11355);
#11354 = CARTESIAN_POINT('',(3.,25.,3.6));
#11355 = VECTOR('',#11356,1.);
#11356 = DIRECTION('',(-0.,1.,0.));
#11357 = PLANE('',#11358);
#11358 = AXIS2_PLACEMENT_3D('',#11359,#11360,#11361);
#11359 = CARTESIAN_POINT('',(3.,25.,1.6));
#11360 = DIRECTION('',(1.,0.,-0.));
#11361 = DIRECTION('',(0.,0.,1.));
#11362 = ADVANCED_FACE('',(#11363),#11397,.T.);
#11363 = FACE_BOUND('',#11364,.T.);
#11364 = EDGE_LOOP('',(#11365,#11375,#11383,#11391));
#11365 = ORIENTED_EDGE('',*,*,#11366,.F.);
#11366 = EDGE_CURVE('',#11367,#11369,#11371,.T.);
#11367 = VERTEX_POINT('',#11368);
#11368 = CARTESIAN_POINT('',(7.3,25.,1.6));
#11369 = VERTEX_POINT('',#11370);
#11370 = CARTESIAN_POINT('',(7.3,25.,3.6));
#11371 = LINE('',#11372,#11373);
#11372 = CARTESIAN_POINT('',(7.3,25.,1.6));
#11373 = VECTOR('',#11374,1.);
#11374 = DIRECTION('',(0.,0.,1.));
#11375 = ORIENTED_EDGE('',*,*,#11376,.T.);
#11376 = EDGE_CURVE('',#11367,#11377,#11379,.T.);
#11377 = VERTEX_POINT('',#11378);
#11378 = CARTESIAN_POINT('',(7.3,27.6,1.6));
#11379 = LINE('',#11380,#11381);
#11380 = CARTESIAN_POINT('',(7.3,25.,1.6));
#11381 = VECTOR('',#11382,1.);
#11382 = DIRECTION('',(-0.,1.,0.));
#11383 = ORIENTED_EDGE('',*,*,#11384,.T.);
#11384 = EDGE_CURVE('',#11377,#11385,#11387,.T.);
#11385 = VERTEX_POINT('',#11386);
#11386 = CARTESIAN_POINT('',(7.3,27.6,3.6));
#11387 = LINE('',#11388,#11389);
#11388 = CARTESIAN_POINT('',(7.3,27.6,1.6));
#11389 = VECTOR('',#11390,1.);
#11390 = DIRECTION('',(0.,0.,1.));
#11391 = ORIENTED_EDGE('',*,*,#11392,.F.);
#11392 = EDGE_CURVE('',#11369,#11385,#11393,.T.);
#11393 = LINE('',#11394,#11395);
#11394 = CARTESIAN_POINT('',(7.3,25.,3.6));
#11395 = VECTOR('',#11396,1.);
#11396 = DIRECTION('',(-0.,1.,0.));
#11397 = PLANE('',#11398);
#11398 = AXIS2_PLACEMENT_3D('',#11399,#11400,#11401);
#11399 = CARTESIAN_POINT('',(7.3,25.,1.6));
#11400 = DIRECTION('',(1.,0.,-0.));
#11401 = DIRECTION('',(0.,0.,1.));
#11402 = ADVANCED_FACE('',(#11403),#11419,.F.);
#11403 = FACE_BOUND('',#11404,.F.);
#11404 = EDGE_LOOP('',(#11405,#11411,#11412,#11418));
#11405 = ORIENTED_EDGE('',*,*,#11406,.F.);
#11406 = EDGE_CURVE('',#11327,#11367,#11407,.T.);
#11407 = LINE('',#11408,#11409);
#11408 = CARTESIAN_POINT('',(3.,25.,1.6));
#11409 = VECTOR('',#11410,1.);
#11410 = DIRECTION('',(1.,0.,-0.));
#11411 = ORIENTED_EDGE('',*,*,#11326,.T.);
#11412 = ORIENTED_EDGE('',*,*,#11413,.T.);
#11413 = EDGE_CURVE('',#11329,#11369,#11414,.T.);
#11414 = LINE('',#11415,#11416);
#11415 = CARTESIAN_POINT('',(3.,25.,3.6));
#11416 = VECTOR('',#11417,1.);
#11417 = DIRECTION('',(1.,0.,-0.));
#11418 = ORIENTED_EDGE('',*,*,#11366,.F.);
#11419 = PLANE('',#11420);
#11420 = AXIS2_PLACEMENT_3D('',#11421,#11422,#11423);
#11421 = CARTESIAN_POINT('',(3.,25.,1.6));
#11422 = DIRECTION('',(-0.,1.,0.));
#11423 = DIRECTION('',(0.,0.,1.));
#11424 = ADVANCED_FACE('',(#11425),#11441,.T.);
#11425 = FACE_BOUND('',#11426,.T.);
#11426 = EDGE_LOOP('',(#11427,#11433,#11434,#11440));
#11427 = ORIENTED_EDGE('',*,*,#11428,.F.);
#11428 = EDGE_CURVE('',#11337,#11377,#11429,.T.);
#11429 = LINE('',#11430,#11431);
#11430 = CARTESIAN_POINT('',(3.,27.6,1.6));
#11431 = VECTOR('',#11432,1.);
#11432 = DIRECTION('',(1.,0.,-0.));
#11433 = ORIENTED_EDGE('',*,*,#11344,.T.);
#11434 = ORIENTED_EDGE('',*,*,#11435,.T.);
#11435 = EDGE_CURVE('',#11345,#11385,#11436,.T.);
#11436 = LINE('',#11437,#11438);
#11437 = CARTESIAN_POINT('',(3.,27.6,3.6));
#11438 = VECTOR('',#11439,1.);
#11439 = DIRECTION('',(1.,0.,-0.));
#11440 = ORIENTED_EDGE('',*,*,#11384,.F.);
#11441 = PLANE('',#11442);
#11442 = AXIS2_PLACEMENT_3D('',#11443,#11444,#11445);
#11443 = CARTESIAN_POINT('',(3.,27.6,1.6));
#11444 = DIRECTION('',(-0.,1.,0.));
#11445 = DIRECTION('',(0.,0.,1.));
#11446 = ADVANCED_FACE('',(#11447),#11453,.F.);
#11447 = FACE_BOUND('',#11448,.F.);
#11448 = EDGE_LOOP('',(#11449,#11450,#11451,#11452));
#11449 = ORIENTED_EDGE('',*,*,#11336,.F.);
#11450 = ORIENTED_EDGE('',*,*,#11406,.T.);
#11451 = ORIENTED_EDGE('',*,*,#11376,.T.);
#11452 = ORIENTED_EDGE('',*,*,#11428,.F.);
#11453 = PLANE('',#11454);
#11454 = AXIS2_PLACEMENT_3D('',#11455,#11456,#11457);
#11455 = CARTESIAN_POINT('',(3.,25.,1.6));
#11456 = DIRECTION('',(0.,0.,1.));
#11457 = DIRECTION('',(1.,0.,-0.));
#11458 = ADVANCED_FACE('',(#11459),#11465,.T.);
#11459 = FACE_BOUND('',#11460,.T.);
#11460 = EDGE_LOOP('',(#11461,#11462,#11463,#11464));
#11461 = ORIENTED_EDGE('',*,*,#11352,.F.);
#11462 = ORIENTED_EDGE('',*,*,#11413,.T.);
#11463 = ORIENTED_EDGE('',*,*,#11392,.T.);
#11464 = ORIENTED_EDGE('',*,*,#11435,.F.);
#11465 = PLANE('',#11466);
#11466 = AXIS2_PLACEMENT_3D('',#11467,#11468,#11469);
#11467 = CARTESIAN_POINT('',(3.,25.,3.6));
#11468 = DIRECTION('',(0.,0.,1.));
#11469 = DIRECTION('',(1.,0.,-0.));
#11470 = ( GEOMETRIC_REPRESENTATION_CONTEXT(3) 
GLOBAL_UNCERTAINTY_ASSIGNED_CONTEXT((#11474)) 
GLOBAL_UNIT_ASSIGNED_CONTEXT((#11471,#11472,#11473)) 
REPRESENTATION_CONTEXT('Context #1',
  '3D Context with UNIT and UNCERTAINTY') );
#11471 = ( LENGTH_UNIT() NAMED_UNIT(*) SI_UNIT(.MILLI.,.METRE.) );
#11472 = ( NAMED_UNIT(*) PLANE_ANGLE_UNIT() SI_UNIT($,.RADIAN.) );
#11473 = ( NAMED_UNIT(*) SI_UNIT($,.STERADIAN.) SOLID_ANGLE_UNIT() );
#11474 = UNCERTAINTY_MEASURE_WITH_UNIT(LENGTH_MEASURE(1.E-07),#11471,
  'distance_accuracy_value','confusion accuracy');
#11475 = CONTEXT_DEPENDENT_SHAPE_REPRESENTATION(#11476,#11478);
#11476 = ( REPRESENTATION_RELATIONSHIP('','',#11319,#10) 
REPRESENTATION_RELATIONSHIP_WITH_TRANSFORMATION(#11477) 
SHAPE_REPRESENTATION_RELATIONSHIP() );
#11477 = ITEM_DEFINED_TRANSFORMATION('','',#11,#139);
#11478 = PRODUCT_DEFINITION_SHAPE('Placement','Placement of an item',
  #11479);
#11479 = NEXT_ASSEMBLY_USAGE_OCCURRENCE('32','D_L1','',#5,#11314,$);
#11480 = PRODUCT_RELATED_PRODUCT_CATEGORY('part',$,(#11316));
#11481 = SHAPE_DEFINITION_REPRESENTATION(#11482,#11488);
#11482 = PRODUCT_DEFINITION_SHAPE('','',#11483);
#11483 = PRODUCT_DEFINITION('design','',#11484,#11487);
#11484 = PRODUCT_DEFINITION_FORMATION('','',#11485);
#11485 = PRODUCT('D_L1_band','D_L1_band','',(#11486));
#11486 = PRODUCT_CONTEXT('',#2,'mechanical');
#11487 = PRODUCT_DEFINITION_CONTEXT('part definition',#2,'design');
#11488 = ADVANCED_BREP_SHAPE_REPRESENTATION('',(#11,#11489),#11639);
#11489 = MANIFOLD_SOLID_BREP('',#11490);
#11490 = CLOSED_SHELL('',(#11491,#11531,#11571,#11593,#11615,#11627));
#11491 = ADVANCED_FACE('',(#11492),#11526,.F.);
#11492 = FACE_BOUND('',#11493,.F.);
#11493 = EDGE_LOOP('',(#11494,#11504,#11512,#11520));
#11494 = ORIENTED_EDGE('',*,*,#11495,.F.);
#11495 = EDGE_CURVE('',#11496,#11498,#11500,.T.);
#11496 = VERTEX_POINT('',#11497);
#11497 = CARTESIAN_POINT('',(3.4,24.99,1.61));
#11498 = VERTEX_POINT('',#11499);
#11499 = CARTESIAN_POINT('',(3.4,24.99,3.61));
#11500 = LINE('',#11501,#11502);
#11501 = CARTESIAN_POINT('',(3.4,24.99,1.61));
#11502 = VECTOR('',#11503,1.);
#11503 = DIRECTION('',(0.,0.,1.));
#11504 = ORIENTED_EDGE('',*,*,#11505,.T.);
#11505 = EDGE_CURVE('',#11496,#11506,#11508,.T.);
#11506 = VERTEX_POINT('',#11507);
#11507 = CARTESIAN_POINT('',(3.4,27.61,1.61));
#11508 = LINE('',#11509,#11510);
#11509 = CARTESIAN_POINT('',(3.4,24.99,1.61));
#11510 = VECTOR('',#11511,1.);
#11511 = DIRECTION('',(-0.,1.,0.));
#11512 = ORIENTED_EDGE('',*,*,#11513,.T.);
#11513 = EDGE_CURVE('',#11506,#11514,#11516,.T.);
#11514 = VERTEX_POINT('',#11515);
#11515 = CARTESIAN_POINT('',(3.4,27.61,3.61));
#11516 = LINE('',#11517,#11518);
#11517 = CARTESIAN_POINT('',(3.4,27.61,1.61));
#11518 = VECTOR('',#11519,1.);
#11519 = DIRECTION('',(0.,0.,1.));
#11520 = ORIENTED_EDGE('',*,*,#11521,.F.);
#11521 = EDGE_CURVE('',#11498,#11514,#11522,.T.);
#11522 = LINE('',#11523,#11524);
#11523 = CARTESIAN_POINT('',(3.4,24.99,3.61));
#11524 = VECTOR('',#11525,1.);
#11525 = DIRECTION('',(-0.,1.,0.));
#11526 = PLANE('',#11527);
#11527 = AXIS2_PLACEMENT_3D('',#11528,#11529,#11530);
#11528 = CARTESIAN_POINT('',(3.4,24.99,1.61));
#11529 = DIRECTION('',(1.,0.,-0.));
#11530 = DIRECTION('',(0.,0.,1.));
#11531 = ADVANCED_FACE('',(#11532),#11566,.T.);
#11532 = FACE_BOUND('',#11533,.T.);
#11533 = EDGE_LOOP('',(#11534,#11544,#11552,#11560));
#11534 = ORIENTED_EDGE('',*,*,#11535,.F.);
#11535 = EDGE_CURVE('',#11536,#11538,#11540,.T.);
#11536 = VERTEX_POINT('',#11537);
#11537 = CARTESIAN_POINT('',(4.,24.99,1.61));
#11538 = VERTEX_POINT('',#11539);
#11539 = CARTESIAN_POINT('',(4.,24.99,3.61));
#11540 = LINE('',#11541,#11542);
#11541 = CARTESIAN_POINT('',(4.,24.99,1.61));
#11542 = VECTOR('',#11543,1.);
#11543 = DIRECTION('',(0.,0.,1.));
#11544 = ORIENTED_EDGE('',*,*,#11545,.T.);
#11545 = EDGE_CURVE('',#11536,#11546,#11548,.T.);
#11546 = VERTEX_POINT('',#11547);
#11547 = CARTESIAN_POINT('',(4.,27.61,1.61));
#11548 = LINE('',#11549,#11550);
#11549 = CARTESIAN_POINT('',(4.,24.99,1.61));
#11550 = VECTOR('',#11551,1.);
#11551 = DIRECTION('',(-0.,1.,0.));
#11552 = ORIENTED_EDGE('',*,*,#11553,.T.);
#11553 = EDGE_CURVE('',#11546,#11554,#11556,.T.);
#11554 = VERTEX_POINT('',#11555);
#11555 = CARTESIAN_POINT('',(4.,27.61,3.61));
#11556 = LINE('',#11557,#11558);
#11557 = CARTESIAN_POINT('',(4.,27.61,1.61));
#11558 = VECTOR('',#11559,1.);
#11559 = DIRECTION('',(0.,0.,1.));
#11560 = ORIENTED_EDGE('',*,*,#11561,.F.);
#11561 = EDGE_CURVE('',#11538,#11554,#11562,.T.);
#11562 = LINE('',#11563,#11564);
#11563 = CARTESIAN_POINT('',(4.,24.99,3.61));
#11564 = VECTOR('',#11565,1.);
#11565 = DIRECTION('',(-0.,1.,0.));
#11566 = PLANE('',#11567);
#11567 = AXIS2_PLACEMENT_3D('',#11568,#11569,#11570);
#11568 = CARTESIAN_POINT('',(4.,24.99,1.61));
#11569 = DIRECTION('',(1.,0.,-0.));
#11570 = DIRECTION('',(0.,0.,1.));
#11571 = ADVANCED_FACE('',(#11572),#11588,.F.);
#11572 = FACE_BOUND('',#11573,.F.);
#11573 = EDGE_LOOP('',(#11574,#11580,#11581,#11587));
#11574 = ORIENTED_EDGE('',*,*,#11575,.F.);
#11575 = EDGE_CURVE('',#11496,#11536,#11576,.T.);
#11576 = LINE('',#11577,#11578);
#11577 = CARTESIAN_POINT('',(3.4,24.99,1.61));
#11578 = VECTOR('',#11579,1.);
#11579 = DIRECTION('',(1.,0.,-0.));
#11580 = ORIENTED_EDGE('',*,*,#11495,.T.);
#11581 = ORIENTED_EDGE('',*,*,#11582,.T.);
#11582 = EDGE_CURVE('',#11498,#11538,#11583,.T.);
#11583 = LINE('',#11584,#11585);
#11584 = CARTESIAN_POINT('',(3.4,24.99,3.61));
#11585 = VECTOR('',#11586,1.);
#11586 = DIRECTION('',(1.,0.,-0.));
#11587 = ORIENTED_EDGE('',*,*,#11535,.F.);
#11588 = PLANE('',#11589);
#11589 = AXIS2_PLACEMENT_3D('',#11590,#11591,#11592);
#11590 = CARTESIAN_POINT('',(3.4,24.99,1.61));
#11591 = DIRECTION('',(-0.,1.,0.));
#11592 = DIRECTION('',(0.,0.,1.));
#11593 = ADVANCED_FACE('',(#11594),#11610,.T.);
#11594 = FACE_BOUND('',#11595,.T.);
#11595 = EDGE_LOOP('',(#11596,#11602,#11603,#11609));
#11596 = ORIENTED_EDGE('',*,*,#11597,.F.);
#11597 = EDGE_CURVE('',#11506,#11546,#11598,.T.);
#11598 = LINE('',#11599,#11600);
#11599 = CARTESIAN_POINT('',(3.4,27.61,1.61));
#11600 = VECTOR('',#11601,1.);
#11601 = DIRECTION('',(1.,0.,-0.));
#11602 = ORIENTED_EDGE('',*,*,#11513,.T.);
#11603 = ORIENTED_EDGE('',*,*,#11604,.T.);
#11604 = EDGE_CURVE('',#11514,#11554,#11605,.T.);
#11605 = LINE('',#11606,#11607);
#11606 = CARTESIAN_POINT('',(3.4,27.61,3.61));
#11607 = VECTOR('',#11608,1.);
#11608 = DIRECTION('',(1.,0.,-0.));
#11609 = ORIENTED_EDGE('',*,*,#11553,.F.);
#11610 = PLANE('',#11611);
#11611 = AXIS2_PLACEMENT_3D('',#11612,#11613,#11614);
#11612 = CARTESIAN_POINT('',(3.4,27.61,1.61));
#11613 = DIRECTION('',(-0.,1.,0.));
#11614 = DIRECTION('',(0.,0.,1.));
#11615 = ADVANCED_FACE('',(#11616),#11622,.F.);
#11616 = FACE_BOUND('',#11617,.F.);
#11617 = EDGE_LOOP('',(#11618,#11619,#11620,#11621));
#11618 = ORIENTED_EDGE('',*,*,#11505,.F.);
#11619 = ORIENTED_EDGE('',*,*,#11575,.T.);
#11620 = ORIENTED_EDGE('',*,*,#11545,.T.);
#11621 = ORIENTED_EDGE('',*,*,#11597,.F.);
#11622 = PLANE('',#11623);
#11623 = AXIS2_PLACEMENT_3D('',#11624,#11625,#11626);
#11624 = CARTESIAN_POINT('',(3.4,24.99,1.61));
#11625 = DIRECTION('',(0.,0.,1.));
#11626 = DIRECTION('',(1.,0.,-0.));
#11627 = ADVANCED_FACE('',(#11628),#11634,.T.);
#11628 = FACE_BOUND('',#11629,.T.);
#11629 = EDGE_LOOP('',(#11630,#11631,#11632,#11633));
#11630 = ORIENTED_EDGE('',*,*,#11521,.F.);
#11631 = ORIENTED_EDGE('',*,*,#11582,.T.);
#11632 = ORIENTED_EDGE('',*,*,#11561,.T.);
#11633 = ORIENTED_EDGE('',*,*,#11604,.F.);
#11634 = PLANE('',#11635);
#11635 = AXIS2_PLACEMENT_3D('',#11636,#11637,#11638);
#11636 = CARTESIAN_POINT('',(3.4,24.99,3.61));
#11637 = DIRECTION('',(0.,0.,1.));
#11638 = DIRECTION('',(1.,0.,-0.));
#11639 = ( GEOMETRIC_REPRESENTATION_CONTEXT(3) 
GLOBAL_UNCERTAINTY_ASSIGNED_CONTEXT((#11643)) 
GLOBAL_UNIT_ASSIGNED_CONTEXT((#11640,#11641,#11642)) 
REPRESENTATION_CONTEXT('Context #1',
  '3D Context with UNIT and UNCERTAINTY') );
#11640 = ( LENGTH_UNIT() NAMED_UNIT(*) SI_UNIT(.MILLI.,.METRE.) );
#11641 = ( NAMED_UNIT(*) PLANE_ANGLE_UNIT() SI_UNIT($,.RADIAN.) );
#11642 = ( NAMED_UNIT(*) SI_UNIT($,.STERADIAN.) SOLID_ANGLE_UNIT() );
#11643 = UNCERTAINTY_MEASURE_WITH_UNIT(LENGTH_MEASURE(1.E-07),#11640,
  'distance_accuracy_value','confusion accuracy');
#11644 = CONTEXT_DEPENDENT_SHAPE_REPRESENTATION(#11645,#11647);
#11645 = ( REPRESENTATION_RELATIONSHIP('','',#11488,#10) 
REPRESENTATION_RELATIONSHIP_WITH_TRANSFORMATION(#11646) 
SHAPE_REPRESENTATION_RELATIONSHIP() );
#11646 = ITEM_DEFINED_TRANSFORMATION('','',#11,#143);
#11647 = PRODUCT_DEFINITION_SHAPE('Placement','Placement of an item',
  #11648);
#11648 = NEXT_ASSEMBLY_USAGE_OCCURRENCE('33','D_L1_band','',#5,#11483,$
  );
#11649 = PRODUCT_RELATED_PRODUCT_CATEGORY('part',$,(#11485));
#11650 = SHAPE_DEFINITION_REPRESENTATION(#11651,#11657);
#11651 = PRODUCT_DEFINITION_SHAPE('','',#11652);
#11652 = PRODUCT_DEFINITION('design','',#11653,#11656);
#11653 = PRODUCT_DEFINITION_FORMATION('','',#11654);
#11654 = PRODUCT('D_R1','D_R1','',(#11655));
#11655 = PRODUCT_CONTEXT('',#2,'mechanical');
#11656 = PRODUCT_DEFINITION_CONTEXT('part definition',#2,'design');
#11657 = ADVANCED_BREP_SHAPE_REPRESENTATION('',(#11,#11658),#11808);
#11658 = MANIFOLD_SOLID_BREP('',#11659);
#11659 = CLOSED_SHELL('',(#11660,#11700,#11740,#11762,#11784,#11796));
#11660 = ADVANCED_FACE('',(#11661),#11695,.F.);
#11661 = FACE_BOUND('',#11662,.F.);
#11662 = EDGE_LOOP('',(#11663,#11673,#11681,#11689));
#11663 = ORIENTED_EDGE('',*,*,#11664,.F.);
#11664 = EDGE_CURVE('',#11665,#11667,#11669,.T.);
#11665 = VERTEX_POINT('',#11666);
#11666 = CARTESIAN_POINT('',(35.7,25.,1.6));
#11667 = VERTEX_POINT('',#11668);
#11668 = CARTESIAN_POINT('',(35.7,25.,3.6));
#11669 = LINE('',#11670,#11671);
#11670 = CARTESIAN_POINT('',(35.7,25.,1.6));
#11671 = VECTOR('',#11672,1.);
#11672 = DIRECTION('',(0.,0.,1.));
#11673 = ORIENTED_EDGE('',*,*,#11674,.T.);
#11674 = EDGE_CURVE('',#11665,#11675,#11677,.T.);
#11675 = VERTEX_POINT('',#11676);
#11676 = CARTESIAN_POINT('',(35.7,27.6,1.6));
#11677 = LINE('',#11678,#11679);
#11678 = CARTESIAN_POINT('',(35.7,25.,1.6));
#11679 = VECTOR('',#11680,1.);
#11680 = DIRECTION('',(-0.,1.,0.));
#11681 = ORIENTED_EDGE('',*,*,#11682,.T.);
#11682 = EDGE_CURVE('',#11675,#11683,#11685,.T.);
#11683 = VERTEX_POINT('',#11684);
#11684 = CARTESIAN_POINT('',(35.7,27.6,3.6));
#11685 = LINE('',#11686,#11687);
#11686 = CARTESIAN_POINT('',(35.7,27.6,1.6));
#11687 = VECTOR('',#11688,1.);
#11688 = DIRECTION('',(0.,0.,1.));
#11689 = ORIENTED_EDGE('',*,*,#11690,.F.);
#11690 = EDGE_CURVE('',#11667,#11683,#11691,.T.);
#11691 = LINE('',#11692,#11693);
#11692 = CARTESIAN_POINT('',(35.7,25.,3.6));
#11693 = VECTOR('',#11694,1.);
#11694 = DIRECTION('',(-0.,1.,0.));
#11695 = PLANE('',#11696);
#11696 = AXIS2_PLACEMENT_3D('',#11697,#11698,#11699);
#11697 = CARTESIAN_POINT('',(35.7,25.,1.6));
#11698 = DIRECTION('',(1.,0.,-0.));
#11699 = DIRECTION('',(0.,0.,1.));
#11700 = ADVANCED_FACE('',(#11701),#11735,.T.);
#11701 = FACE_BOUND('',#11702,.T.);
#11702 = EDGE_LOOP('',(#11703,#11713,#11721,#11729));
#11703 = ORIENTED_EDGE('',*,*,#11704,.F.);
#11704 = EDGE_CURVE('',#11705,#11707,#11709,.T.);
#11705 = VERTEX_POINT('',#11706);
#11706 = CARTESIAN_POINT('',(40.,25.,1.6));
#11707 = VERTEX_POINT('',#11708);
#11708 = CARTESIAN_POINT('',(40.,25.,3.6));
#11709 = LINE('',#11710,#11711);
#11710 = CARTESIAN_POINT('',(40.,25.,1.6));
#11711 = VECTOR('',#11712,1.);
#11712 = DIRECTION('',(0.,0.,1.));
#11713 = ORIENTED_EDGE('',*,*,#11714,.T.);
#11714 = EDGE_CURVE('',#11705,#11715,#11717,.T.);
#11715 = VERTEX_POINT('',#11716);
#11716 = CARTESIAN_POINT('',(40.,27.6,1.6));
#11717 = LINE('',#11718,#11719);
#11718 = CARTESIAN_POINT('',(40.,25.,1.6));
#11719 = VECTOR('',#11720,1.);
#11720 = DIRECTION('',(-0.,1.,0.));
#11721 = ORIENTED_EDGE('',*,*,#11722,.T.);
#11722 = EDGE_CURVE('',#11715,#11723,#11725,.T.);
#11723 = VERTEX_POINT('',#11724);
#11724 = CARTESIAN_POINT('',(40.,27.6,3.6));
#11725 = LINE('',#11726,#11727);
#11726 = CARTESIAN_POINT('',(40.,27.6,1.6));
#11727 = VECTOR('',#11728,1.);
#11728 = DIRECTION('',(0.,0.,1.));
#11729 = ORIENTED_EDGE('',*,*,#11730,.F.);
#11730 = EDGE_CURVE('',#11707,#11723,#11731,.T.);
#11731 = LINE('',#11732,#11733);
#11732 = CARTESIAN_POINT('',(40.,25.,3.6));
#11733 = VECTOR('',#11734,1.);
#11734 = DIRECTION('',(-0.,1.,0.));
#11735 = PLANE('',#11736);
#11736 = AXIS2_PLACEMENT_3D('',#11737,#11738,#11739);
#11737 = CARTESIAN_POINT('',(40.,25.,1.6));
#11738 = DIRECTION('',(1.,0.,-0.));
#11739 = DIRECTION('',(0.,0.,1.));
#11740 = ADVANCED_FACE('',(#11741),#11757,.F.);
#11741 = FACE_BOUND('',#11742,.F.);
#11742 = EDGE_LOOP('',(#11743,#11749,#11750,#11756));
#11743 = ORIENTED_EDGE('',*,*,#11744,.F.);
#11744 = EDGE_CURVE('',#11665,#11705,#11745,.T.);
#11745 = LINE('',#11746,#11747);
#11746 = CARTESIAN_POINT('',(35.7,25.,1.6));
#11747 = VECTOR('',#11748,1.);
#11748 = DIRECTION('',(1.,0.,-0.));
#11749 = ORIENTED_EDGE('',*,*,#11664,.T.);
#11750 = ORIENTED_EDGE('',*,*,#11751,.T.);
#11751 = EDGE_CURVE('',#11667,#11707,#11752,.T.);
#11752 = LINE('',#11753,#11754);
#11753 = CARTESIAN_POINT('',(35.7,25.,3.6));
#11754 = VECTOR('',#11755,1.);
#11755 = DIRECTION('',(1.,0.,-0.));
#11756 = ORIENTED_EDGE('',*,*,#11704,.F.);
#11757 = PLANE('',#11758);
#11758 = AXIS2_PLACEMENT_3D('',#11759,#11760,#11761);
#11759 = CARTESIAN_POINT('',(35.7,25.,1.6));
#11760 = DIRECTION('',(-0.,1.,0.));
#11761 = DIRECTION('',(0.,0.,1.));
#11762 = ADVANCED_FACE('',(#11763),#11779,.T.);
#11763 = FACE_BOUND('',#11764,.T.);
#11764 = EDGE_LOOP('',(#11765,#11771,#11772,#11778));
#11765 = ORIENTED_EDGE('',*,*,#11766,.F.);
#11766 = EDGE_CURVE('',#11675,#11715,#11767,.T.);
#11767 = LINE('',#11768,#11769);
#11768 = CARTESIAN_POINT('',(35.7,27.6,1.6));
#11769 = VECTOR('',#11770,1.);
#11770 = DIRECTION('',(1.,0.,-0.));
#11771 = ORIENTED_EDGE('',*,*,#11682,.T.);
#11772 = ORIENTED_EDGE('',*,*,#11773,.T.);
#11773 = EDGE_CURVE('',#11683,#11723,#11774,.T.);
#11774 = LINE('',#11775,#11776);
#11775 = CARTESIAN_POINT('',(35.7,27.6,3.6));
#11776 = VECTOR('',#11777,1.);
#11777 = DIRECTION('',(1.,0.,-0.));
#11778 = ORIENTED_EDGE('',*,*,#11722,.F.);
#11779 = PLANE('',#11780);
#11780 = AXIS2_PLACEMENT_3D('',#11781,#11782,#11783);
#11781 = CARTESIAN_POINT('',(35.7,27.6,1.6));
#11782 = DIRECTION('',(-0.,1.,0.));
#11783 = DIRECTION('',(0.,0.,1.));
#11784 = ADVANCED_FACE('',(#11785),#11791,.F.);
#11785 = FACE_BOUND('',#11786,.F.);
#11786 = EDGE_LOOP('',(#11787,#11788,#11789,#11790));
#11787 = ORIENTED_EDGE('',*,*,#11674,.F.);
#11788 = ORIENTED_EDGE('',*,*,#11744,.T.);
#11789 = ORIENTED_EDGE('',*,*,#11714,.T.);
#11790 = ORIENTED_EDGE('',*,*,#11766,.F.);
#11791 = PLANE('',#11792);
#11792 = AXIS2_PLACEMENT_3D('',#11793,#11794,#11795);
#11793 = CARTESIAN_POINT('',(35.7,25.,1.6));
#11794 = DIRECTION('',(0.,0.,1.));
#11795 = DIRECTION('',(1.,0.,-0.));
#11796 = ADVANCED_FACE('',(#11797),#11803,.T.);
#11797 = FACE_BOUND('',#11798,.T.);
#11798 = EDGE_LOOP('',(#11799,#11800,#11801,#11802));
#11799 = ORIENTED_EDGE('',*,*,#11690,.F.);
#11800 = ORIENTED_EDGE('',*,*,#11751,.T.);
#11801 = ORIENTED_EDGE('',*,*,#11730,.T.);
#11802 = ORIENTED_EDGE('',*,*,#11773,.F.);
#11803 = PLANE('',#11804);
#11804 = AXIS2_PLACEMENT_3D('',#11805,#11806,#11807);
#11805 = CARTESIAN_POINT('',(35.7,25.,3.6));
#11806 = DIRECTION('',(0.,0.,1.));
#11807 = DIRECTION('',(1.,0.,-0.));
#11808 = ( GEOMETRIC_REPRESENTATION_CONTEXT(3) 
GLOBAL_UNCERTAINTY_ASSIGNED_CONTEXT((#11812)) 
GLOBAL_UNIT_ASSIGNED_CONTEXT((#11809,#11810,#11811)) 
REPRESENTATION_CONTEXT('Context #1',
  '3D Context with UNIT and UNCERTAINTY') );
#11809 = ( LENGTH_UNIT() NAMED_UNIT(*) SI_UNIT(.MILLI.,.METRE.) );
#11810 = ( NAMED_UNIT(*) PLANE_ANGLE_UNIT() SI_UNIT($,.RADIAN.) );
#11811 = ( NAMED_UNIT(*) SI_UNIT($,.STERADIAN.) SOLID_ANGLE_UNIT() );
#11812 = UNCERTAINTY_MEASURE_WITH_UNIT(LENGTH_MEASURE(1.E-07),#11809,
  'distance_accuracy_value','confusion accuracy');
#11813 = CONTEXT_DEPENDENT_SHAPE_REPRESENTATION(#11814,#11816);
#11814 = ( REPRESENTATION_RELATIONSHIP('','',#11657,#10) 
REPRESENTATION_RELATIONSHIP_WITH_TRANSFORMATION(#11815) 
SHAPE_REPRESENTATION_RELATIONSHIP() );
#11815 = ITEM_DEFINED_TRANSFORMATION('','',#11,#147);
#11816 = PRODUCT_DEFINITION_SHAPE('Placement','Placement of an item',
  #11817);
#11817 = NEXT_ASSEMBLY_USAGE_OCCURRENCE('34','D_R1','',#5,#11652,$);
#11818 = PRODUCT_RELATED_PRODUCT_CATEGORY('part',$,(#11654));
#11819 = SHAPE_DEFINITION_REPRESENTATION(#11820,#11826);
#11820 = PRODUCT_DEFINITION_SHAPE('','',#11821);
#11821 = PRODUCT_DEFINITION('design','',#11822,#11825);
#11822 = PRODUCT_DEFINITION_FORMATION('','',#11823);
#11823 = PRODUCT('D_R1_band','D_R1_band','',(#11824));
#11824 = PRODUCT_CONTEXT('',#2,'mechanical');
#11825 = PRODUCT_DEFINITION_CONTEXT('part definition',#2,'design');
#11826 = ADVANCED_BREP_SHAPE_REPRESENTATION('',(#11,#11827),#11977);
#11827 = MANIFOLD_SOLID_BREP('',#11828);
#11828 = CLOSED_SHELL('',(#11829,#11869,#11909,#11931,#11953,#11965));
#11829 = ADVANCED_FACE('',(#11830),#11864,.F.);
#11830 = FACE_BOUND('',#11831,.F.);
#11831 = EDGE_LOOP('',(#11832,#11842,#11850,#11858));
#11832 = ORIENTED_EDGE('',*,*,#11833,.F.);
#11833 = EDGE_CURVE('',#11834,#11836,#11838,.T.);
#11834 = VERTEX_POINT('',#11835);
#11835 = CARTESIAN_POINT('',(36.1,24.99,1.61));
#11836 = VERTEX_POINT('',#11837);
#11837 = CARTESIAN_POINT('',(36.1,24.99,3.61));
#11838 = LINE('',#11839,#11840);
#11839 = CARTESIAN_POINT('',(36.1,24.99,1.61));
#11840 = VECTOR('',#11841,1.);
#11841 = DIRECTION('',(0.,0.,1.));
#11842 = ORIENTED_EDGE('',*,*,#11843,.T.);
#11843 = EDGE_CURVE('',#11834,#11844,#11846,.T.);
#11844 = VERTEX_POINT('',#11845);
#11845 = CARTESIAN_POINT('',(36.1,27.61,1.61));
#11846 = LINE('',#11847,#11848);
#11847 = CARTESIAN_POINT('',(36.1,24.99,1.61));
#11848 = VECTOR('',#11849,1.);
#11849 = DIRECTION('',(-0.,1.,0.));
#11850 = ORIENTED_EDGE('',*,*,#11851,.T.);
#11851 = EDGE_CURVE('',#11844,#11852,#11854,.T.);
#11852 = VERTEX_POINT('',#11853);
#11853 = CARTESIAN_POINT('',(36.1,27.61,3.61));
#11854 = LINE('',#11855,#11856);
#11855 = CARTESIAN_POINT('',(36.1,27.61,1.61));
#11856 = VECTOR('',#11857,1.);
#11857 = DIRECTION('',(0.,0.,1.));
#11858 = ORIENTED_EDGE('',*,*,#11859,.F.);
#11859 = EDGE_CURVE('',#11836,#11852,#11860,.T.);
#11860 = LINE('',#11861,#11862);
#11861 = CARTESIAN_POINT('',(36.1,24.99,3.61));
#11862 = VECTOR('',#11863,1.);
#11863 = DIRECTION('',(-0.,1.,0.));
#11864 = PLANE('',#11865);
#11865 = AXIS2_PLACEMENT_3D('',#11866,#11867,#11868);
#11866 = CARTESIAN_POINT('',(36.1,24.99,1.61));
#11867 = DIRECTION('',(1.,0.,-0.));
#11868 = DIRECTION('',(0.,0.,1.));
#11869 = ADVANCED_FACE('',(#11870),#11904,.T.);
#11870 = FACE_BOUND('',#11871,.T.);
#11871 = EDGE_LOOP('',(#11872,#11882,#11890,#11898));
#11872 = ORIENTED_EDGE('',*,*,#11873,.F.);
#11873 = EDGE_CURVE('',#11874,#11876,#11878,.T.);
#11874 = VERTEX_POINT('',#11875);
#11875 = CARTESIAN_POINT('',(36.7,24.99,1.61));
#11876 = VERTEX_POINT('',#11877);
#11877 = CARTESIAN_POINT('',(36.7,24.99,3.61));
#11878 = LINE('',#11879,#11880);
#11879 = CARTESIAN_POINT('',(36.7,24.99,1.61));
#11880 = VECTOR('',#11881,1.);
#11881 = DIRECTION('',(0.,0.,1.));
#11882 = ORIENTED_EDGE('',*,*,#11883,.T.);
#11883 = EDGE_CURVE('',#11874,#11884,#11886,.T.);
#11884 = VERTEX_POINT('',#11885);
#11885 = CARTESIAN_POINT('',(36.7,27.61,1.61));
#11886 = LINE('',#11887,#11888);
#11887 = CARTESIAN_POINT('',(36.7,24.99,1.61));
#11888 = VECTOR('',#11889,1.);
#11889 = DIRECTION('',(-0.,1.,0.));
#11890 = ORIENTED_EDGE('',*,*,#11891,.T.);
#11891 = EDGE_CURVE('',#11884,#11892,#11894,.T.);
#11892 = VERTEX_POINT('',#11893);
#11893 = CARTESIAN_POINT('',(36.7,27.61,3.61));
#11894 = LINE('',#11895,#11896);
#11895 = CARTESIAN_POINT('',(36.7,27.61,1.61));
#11896 = VECTOR('',#11897,1.);
#11897 = DIRECTION('',(0.,0.,1.));
#11898 = ORIENTED_EDGE('',*,*,#11899,.F.);
#11899 = EDGE_CURVE('',#11876,#11892,#11900,.T.);
#11900 = LINE('',#11901,#11902);
#11901 = CARTESIAN_POINT('',(36.7,24.99,3.61));
#11902 = VECTOR('',#11903,1.);
#11903 = DIRECTION('',(-0.,1.,0.));
#11904 = PLANE('',#11905);
#11905 = AXIS2_PLACEMENT_3D('',#11906,#11907,#11908);
#11906 = CARTESIAN_POINT('',(36.7,24.99,1.61));
#11907 = DIRECTION('',(1.,0.,-0.));
#11908 = DIRECTION('',(0.,0.,1.));
#11909 = ADVANCED_FACE('',(#11910),#11926,.F.);
#11910 = FACE_BOUND('',#11911,.F.);
#11911 = EDGE_LOOP('',(#11912,#11918,#11919,#11925));
#11912 = ORIENTED_EDGE('',*,*,#11913,.F.);
#11913 = EDGE_CURVE('',#11834,#11874,#11914,.T.);
#11914 = LINE('',#11915,#11916);
#11915 = CARTESIAN_POINT('',(36.1,24.99,1.61));
#11916 = VECTOR('',#11917,1.);
#11917 = DIRECTION('',(1.,0.,-0.));
#11918 = ORIENTED_EDGE('',*,*,#11833,.T.);
#11919 = ORIENTED_EDGE('',*,*,#11920,.T.);
#11920 = EDGE_CURVE('',#11836,#11876,#11921,.T.);
#11921 = LINE('',#11922,#11923);
#11922 = CARTESIAN_POINT('',(36.1,24.99,3.61));
#11923 = VECTOR('',#11924,1.);
#11924 = DIRECTION('',(1.,0.,-0.));
#11925 = ORIENTED_EDGE('',*,*,#11873,.F.);
#11926 = PLANE('',#11927);
#11927 = AXIS2_PLACEMENT_3D('',#11928,#11929,#11930);
#11928 = CARTESIAN_POINT('',(36.1,24.99,1.61));
#11929 = DIRECTION('',(-0.,1.,0.));
#11930 = DIRECTION('',(0.,0.,1.));
#11931 = ADVANCED_FACE('',(#11932),#11948,.T.);
#11932 = FACE_BOUND('',#11933,.T.);
#11933 = EDGE_LOOP('',(#11934,#11940,#11941,#11947));
#11934 = ORIENTED_EDGE('',*,*,#11935,.F.);
#11935 = EDGE_CURVE('',#11844,#11884,#11936,.T.);
#11936 = LINE('',#11937,#11938);
#11937 = CARTESIAN_POINT('',(36.1,27.61,1.61));
#11938 = VECTOR('',#11939,1.);
#11939 = DIRECTION('',(1.,0.,-0.));
#11940 = ORIENTED_EDGE('',*,*,#11851,.T.);
#11941 = ORIENTED_EDGE('',*,*,#11942,.T.);
#11942 = EDGE_CURVE('',#11852,#11892,#11943,.T.);
#11943 = LINE('',#11944,#11945);
#11944 = CARTESIAN_POINT('',(36.1,27.61,3.61));
#11945 = VECTOR('',#11946,1.);
#11946 = DIRECTION('',(1.,0.,-0.));
#11947 = ORIENTED_EDGE('',*,*,#11891,.F.);
#11948 = PLANE('',#11949);
#11949 = AXIS2_PLACEMENT_3D('',#11950,#11951,#11952);
#11950 = CARTESIAN_POINT('',(36.1,27.61,1.61));
#11951 = DIRECTION('',(-0.,1.,0.));
#11952 = DIRECTION('',(0.,0.,1.));
#11953 = ADVANCED_FACE('',(#11954),#11960,.F.);
#11954 = FACE_BOUND('',#11955,.F.);
#11955 = EDGE_LOOP('',(#11956,#11957,#11958,#11959));
#11956 = ORIENTED_EDGE('',*,*,#11843,.F.);
#11957 = ORIENTED_EDGE('',*,*,#11913,.T.);
#11958 = ORIENTED_EDGE('',*,*,#11883,.T.);
#11959 = ORIENTED_EDGE('',*,*,#11935,.F.);
#11960 = PLANE('',#11961);
#11961 = AXIS2_PLACEMENT_3D('',#11962,#11963,#11964);
#11962 = CARTESIAN_POINT('',(36.1,24.99,1.61));
#11963 = DIRECTION('',(0.,0.,1.));
#11964 = DIRECTION('',(1.,0.,-0.));
#11965 = ADVANCED_FACE('',(#11966),#11972,.T.);
#11966 = FACE_BOUND('',#11967,.T.);
#11967 = EDGE_LOOP('',(#11968,#11969,#11970,#11971));
#11968 = ORIENTED_EDGE('',*,*,#11859,.F.);
#11969 = ORIENTED_EDGE('',*,*,#11920,.T.);
#11970 = ORIENTED_EDGE('',*,*,#11899,.T.);
#11971 = ORIENTED_EDGE('',*,*,#11942,.F.);
#11972 = PLANE('',#11973);
#11973 = AXIS2_PLACEMENT_3D('',#11974,#11975,#11976);
#11974 = CARTESIAN_POINT('',(36.1,24.99,3.61));
#11975 = DIRECTION('',(0.,0.,1.));
#11976 = DIRECTION('',(1.,0.,-0.));
#11977 = ( GEOMETRIC_REPRESENTATION_CONTEXT(3) 
GLOBAL_UNCERTAINTY_ASSIGNED_CONTEXT((#11981)) 
GLOBAL_UNIT_ASSIGNED_CONTEXT((#11978,#11979,#11980)) 
REPRESENTATION_CONTEXT('Context #1',
  '3D Context with UNIT and UNCERTAINTY') );
#11978 = ( LENGTH_UNIT() NAMED_UNIT(*) SI_UNIT(.MILLI.,.METRE.) );
#11979 = ( NAMED_UNIT(*) PLANE_ANGLE_UNIT() SI_UNIT($,.RADIAN.) );
#11980 = ( NAMED_UNIT(*) SI_UNIT($,.STERADIAN.) SOLID_ANGLE_UNIT() );
#11981 = UNCERTAINTY_MEASURE_WITH_UNIT(LENGTH_MEASURE(1.E-07),#11978,
  'distance_accuracy_value','confusion accuracy');
#11982 = CONTEXT_DEPENDENT_SHAPE_REPRESENTATION(#11983,#11985);
#11983 = ( REPRESENTATION_RELATIONSHIP('','',#11826,#10) 
REPRESENTATION_RELATIONSHIP_WITH_TRANSFORMATION(#11984) 
SHAPE_REPRESENTATION_RELATIONSHIP() );
#11984 = ITEM_DEFINED_TRANSFORMATION('','',#11,#151);
#11985 = PRODUCT_DEFINITION_SHAPE('Placement','Placement of an item',
  #11986);
#11986 = NEXT_ASSEMBLY_USAGE_OCCURRENCE('35','D_R1_band','',#5,#11821,$
  );
#11987 = PRODUCT_RELATED_PRODUCT_CATEGORY('part',$,(#11823));
#11988 = SHAPE_DEFINITION_REPRESENTATION(#11989,#11995);
#11989 = PRODUCT_DEFINITION_SHAPE('','',#11990);
#11990 = PRODUCT_DEFINITION('design','',#11991,#11994);
#11991 = PRODUCT_DEFINITION_FORMATION('','',#11992);
#11992 = PRODUCT('D_L2','D_L2','',(#11993));
#11993 = PRODUCT_CONTEXT('',#2,'mechanical');
#11994 = PRODUCT_DEFINITION_CONTEXT('part definition',#2,'design');
#11995 = ADVANCED_BREP_SHAPE_REPRESENTATION('',(#11,#11996),#12146);
#11996 = MANIFOLD_SOLID_BREP('',#11997);
#11997 = CLOSED_SHELL('',(#11998,#12038,#12078,#12100,#12122,#12134));
#11998 = ADVANCED_FACE('',(#11999),#12033,.F.);
#11999 = FACE_BOUND('',#12000,.F.);
#12000 = EDGE_LOOP('',(#12001,#12011,#12019,#12027));
#12001 = ORIENTED_EDGE('',*,*,#12002,.F.);
#12002 = EDGE_CURVE('',#12003,#12005,#12007,.T.);
#12003 = VERTEX_POINT('',#12004);
#12004 = CARTESIAN_POINT('',(3.,28.2,1.6));
#12005 = VERTEX_POINT('',#12006);
#12006 = CARTESIAN_POINT('',(3.,28.2,3.6));
#12007 = LINE('',#12008,#12009);
#12008 = CARTESIAN_POINT('',(3.,28.2,1.6));
#12009 = VECTOR('',#12010,1.);
#12010 = DIRECTION('',(0.,0.,1.));
#12011 = ORIENTED_EDGE('',*,*,#12012,.T.);
#12012 = EDGE_CURVE('',#12003,#12013,#12015,.T.);
#12013 = VERTEX_POINT('',#12014);
#12014 = CARTESIAN_POINT('',(3.,30.8,1.6));
#12015 = LINE('',#12016,#12017);
#12016 = CARTESIAN_POINT('',(3.,28.2,1.6));
#12017 = VECTOR('',#12018,1.);
#12018 = DIRECTION('',(-0.,1.,0.));
#12019 = ORIENTED_EDGE('',*,*,#12020,.T.);
#12020 = EDGE_CURVE('',#12013,#12021,#12023,.T.);
#12021 = VERTEX_POINT('',#12022);
#12022 = CARTESIAN_POINT('',(3.,30.8,3.6));
#12023 = LINE('',#12024,#12025);
#12024 = CARTESIAN_POINT('',(3.,30.8,1.6));
#12025 = VECTOR('',#12026,1.);
#12026 = DIRECTION('',(0.,0.,1.));
#12027 = ORIENTED_EDGE('',*,*,#12028,.F.);
#12028 = EDGE_CURVE('',#12005,#12021,#12029,.T.);
#12029 = LINE('',#12030,#12031);
#12030 = CARTESIAN_POINT('',(3.,28.2,3.6));
#12031 = VECTOR('',#12032,1.);
#12032 = DIRECTION('',(-0.,1.,0.));
#12033 = PLANE('',#12034);
#12034 = AXIS2_PLACEMENT_3D('',#12035,#12036,#12037);
#12035 = CARTESIAN_POINT('',(3.,28.2,1.6));
#12036 = DIRECTION('',(1.,0.,-0.));
#12037 = DIRECTION('',(0.,0.,1.));
#12038 = ADVANCED_FACE('',(#12039),#12073,.T.);
#12039 = FACE_BOUND('',#12040,.T.);
#12040 = EDGE_LOOP('',(#12041,#12051,#12059,#12067));
#12041 = ORIENTED_EDGE('',*,*,#12042,.F.);
#12042 = EDGE_CURVE('',#12043,#12045,#12047,.T.);
#12043 = VERTEX_POINT('',#12044);
#12044 = CARTESIAN_POINT('',(7.3,28.2,1.6));
#12045 = VERTEX_POINT('',#12046);
#12046 = CARTESIAN_POINT('',(7.3,28.2,3.6));
#12047 = LINE('',#12048,#12049);
#12048 = CARTESIAN_POINT('',(7.3,28.2,1.6));
#12049 = VECTOR('',#12050,1.);
#12050 = DIRECTION('',(0.,0.,1.));
#12051 = ORIENTED_EDGE('',*,*,#12052,.T.);
#12052 = EDGE_CURVE('',#12043,#12053,#12055,.T.);
#12053 = VERTEX_POINT('',#12054);
#12054 = CARTESIAN_POINT('',(7.3,30.8,1.6));
#12055 = LINE('',#12056,#12057);
#12056 = CARTESIAN_POINT('',(7.3,28.2,1.6));
#12057 = VECTOR('',#12058,1.);
#12058 = DIRECTION('',(-0.,1.,0.));
#12059 = ORIENTED_EDGE('',*,*,#12060,.T.);
#12060 = EDGE_CURVE('',#12053,#12061,#12063,.T.);
#12061 = VERTEX_POINT('',#12062);
#12062 = CARTESIAN_POINT('',(7.3,30.8,3.6));
#12063 = LINE('',#12064,#12065);
#12064 = CARTESIAN_POINT('',(7.3,30.8,1.6));
#12065 = VECTOR('',#12066,1.);
#12066 = DIRECTION('',(0.,0.,1.));
#12067 = ORIENTED_EDGE('',*,*,#12068,.F.);
#12068 = EDGE_CURVE('',#12045,#12061,#12069,.T.);
#12069 = LINE('',#12070,#12071);
#12070 = CARTESIAN_POINT('',(7.3,28.2,3.6));
#12071 = VECTOR('',#12072,1.);
#12072 = DIRECTION('',(-0.,1.,0.));
#12073 = PLANE('',#12074);
#12074 = AXIS2_PLACEMENT_3D('',#12075,#12076,#12077);
#12075 = CARTESIAN_POINT('',(7.3,28.2,1.6));
#12076 = DIRECTION('',(1.,0.,-0.));
#12077 = DIRECTION('',(0.,0.,1.));
#12078 = ADVANCED_FACE('',(#12079),#12095,.F.);
#12079 = FACE_BOUND('',#12080,.F.);
#12080 = EDGE_LOOP('',(#12081,#12087,#12088,#12094));
#12081 = ORIENTED_EDGE('',*,*,#12082,.F.);
#12082 = EDGE_CURVE('',#12003,#12043,#12083,.T.);
#12083 = LINE('',#12084,#12085);
#12084 = CARTESIAN_POINT('',(3.,28.2,1.6));
#12085 = VECTOR('',#12086,1.);
#12086 = DIRECTION('',(1.,0.,-0.));
#12087 = ORIENTED_EDGE('',*,*,#12002,.T.);
#12088 = ORIENTED_EDGE('',*,*,#12089,.T.);
#12089 = EDGE_CURVE('',#12005,#12045,#12090,.T.);
#12090 = LINE('',#12091,#12092);
#12091 = CARTESIAN_POINT('',(3.,28.2,3.6));
#12092 = VECTOR('',#12093,1.);
#12093 = DIRECTION('',(1.,0.,-0.));
#12094 = ORIENTED_EDGE('',*,*,#12042,.F.);
#12095 = PLANE('',#12096);
#12096 = AXIS2_PLACEMENT_3D('',#12097,#12098,#12099);
#12097 = CARTESIAN_POINT('',(3.,28.2,1.6));
#12098 = DIRECTION('',(-0.,1.,0.));
#12099 = DIRECTION('',(0.,0.,1.));
#12100 = ADVANCED_FACE('',(#12101),#12117,.T.);
#12101 = FACE_BOUND('',#12102,.T.);
#12102 = EDGE_LOOP('',(#12103,#12109,#12110,#12116));
#12103 = ORIENTED_EDGE('',*,*,#12104,.F.);
#12104 = EDGE_CURVE('',#12013,#12053,#12105,.T.);
#12105 = LINE('',#12106,#12107);
#12106 = CARTESIAN_POINT('',(3.,30.8,1.6));
#12107 = VECTOR('',#12108,1.);
#12108 = DIRECTION('',(1.,0.,-0.));
#12109 = ORIENTED_EDGE('',*,*,#12020,.T.);
#12110 = ORIENTED_EDGE('',*,*,#12111,.T.);
#12111 = EDGE_CURVE('',#12021,#12061,#12112,.T.);
#12112 = LINE('',#12113,#12114);
#12113 = CARTESIAN_POINT('',(3.,30.8,3.6));
#12114 = VECTOR('',#12115,1.);
#12115 = DIRECTION('',(1.,0.,-0.));
#12116 = ORIENTED_EDGE('',*,*,#12060,.F.);
#12117 = PLANE('',#12118);
#12118 = AXIS2_PLACEMENT_3D('',#12119,#12120,#12121);
#12119 = CARTESIAN_POINT('',(3.,30.8,1.6));
#12120 = DIRECTION('',(-0.,1.,0.));
#12121 = DIRECTION('',(0.,0.,1.));
#12122 = ADVANCED_FACE('',(#12123),#12129,.F.);
#12123 = FACE_BOUND('',#12124,.F.);
#12124 = EDGE_LOOP('',(#12125,#12126,#12127,#12128));
#12125 = ORIENTED_EDGE('',*,*,#12012,.F.);
#12126 = ORIENTED_EDGE('',*,*,#12082,.T.);
#12127 = ORIENTED_EDGE('',*,*,#12052,.T.);
#12128 = ORIENTED_EDGE('',*,*,#12104,.F.);
#12129 = PLANE('',#12130);
#12130 = AXIS2_PLACEMENT_3D('',#12131,#12132,#12133);
#12131 = CARTESIAN_POINT('',(3.,28.2,1.6));
#12132 = DIRECTION('',(0.,0.,1.));
#12133 = DIRECTION('',(1.,0.,-0.));
#12134 = ADVANCED_FACE('',(#12135),#12141,.T.);
#12135 = FACE_BOUND('',#12136,.T.);
#12136 = EDGE_LOOP('',(#12137,#12138,#12139,#12140));
#12137 = ORIENTED_EDGE('',*,*,#12028,.F.);
#12138 = ORIENTED_EDGE('',*,*,#12089,.T.);
#12139 = ORIENTED_EDGE('',*,*,#12068,.T.);
#12140 = ORIENTED_EDGE('',*,*,#12111,.F.);
#12141 = PLANE('',#12142);
#12142 = AXIS2_PLACEMENT_3D('',#12143,#12144,#12145);
#12143 = CARTESIAN_POINT('',(3.,28.2,3.6));
#12144 = DIRECTION('',(0.,0.,1.));
#12145 = DIRECTION('',(1.,0.,-0.));
#12146 = ( GEOMETRIC_REPRESENTATION_CONTEXT(3) 
GLOBAL_UNCERTAINTY_ASSIGNED_CONTEXT((#12150)) 
GLOBAL_UNIT_ASSIGNED_CONTEXT((#12147,#12148,#12149)) 
REPRESENTATION_CONTEXT('Context #1',
  '3D Context with UNIT and UNCERTAINTY') );
#12147 = ( LENGTH_UNIT() NAMED_UNIT(*) SI_UNIT(.MILLI.,.METRE.) );
#12148 = ( NAMED_UNIT(*) PLANE_ANGLE_UNIT() SI_UNIT($,.RADIAN.) );
#12149 = ( NAMED_UNIT(*) SI_UNIT($,.STERADIAN.) SOLID_ANGLE_UNIT() );
#12150 = UNCERTAINTY_MEASURE_WITH_UNIT(LENGTH_MEASURE(1.E-07),#12147,
  'distance_accuracy_value','confusion accuracy');
#12151 = CONTEXT_DEPENDENT_SHAPE_REPRESENTATION(#12152,#12154);
#12152 = ( REPRESENTATION_RELATIONSHIP('','',#11995,#10) 
REPRESENTATION_RELATIONSHIP_WITH_TRANSFORMATION(#12153) 
SHAPE_REPRESENTATION_RELATIONSHIP() );
#12153 = ITEM_DEFINED_TRANSFORMATION('','',#11,#155);
#12154 = PRODUCT_DEFINITION_SHAPE('Placement','Placement of an item',
  #12155);
#12155 = NEXT_ASSEMBLY_USAGE_OCCURRENCE('36','D_L2','',#5,#11990,$);
#12156 = PRODUCT_RELATED_PRODUCT_CATEGORY('part',$,(#11992));
#12157 = SHAPE_DEFINITION_REPRESENTATION(#12158,#12164);
#12158 = PRODUCT_DEFINITION_SHAPE('','',#12159);
#12159 = PRODUCT_DEFINITION('design','',#12160,#12163);
#12160 = PRODUCT_DEFINITION_FORMATION('','',#12161);
#12161 = PRODUCT('D_L2_band','D_L2_band','',(#12162));
#12162 = PRODUCT_CONTEXT('',#2,'mechanical');
#12163 = PRODUCT_DEFINITION_CONTEXT('part definition',#2,'design');
#12164 = ADVANCED_BREP_SHAPE_REPRESENTATION('',(#11,#12165),#12315);
#12165 = MANIFOLD_SOLID_BREP('',#12166);
#12166 = CLOSED_SHELL('',(#12167,#12207,#12247,#12269,#12291,#12303));
#12167 = ADVANCED_FACE('',(#12168),#12202,.F.);
#12168 = FACE_BOUND('',#12169,.F.);
#12169 = EDGE_LOOP('',(#12170,#12180,#12188,#12196));
#12170 = ORIENTED_EDGE('',*,*,#12171,.F.);
#12171 = EDGE_CURVE('',#12172,#12174,#12176,.T.);
#12172 = VERTEX_POINT('',#12173);
#12173 = CARTESIAN_POINT('',(3.4,28.19,1.61));
#12174 = VERTEX_POINT('',#12175);
#12175 = CARTESIAN_POINT('',(3.4,28.19,3.61));
#12176 = LINE('',#12177,#12178);
#12177 = CARTESIAN_POINT('',(3.4,28.19,1.61));
#12178 = VECTOR('',#12179,1.);
#12179 = DIRECTION('',(0.,0.,1.));
#12180 = ORIENTED_EDGE('',*,*,#12181,.T.);
#12181 = EDGE_CURVE('',#12172,#12182,#12184,.T.);
#12182 = VERTEX_POINT('',#12183);
#12183 = CARTESIAN_POINT('',(3.4,30.81,1.61));
#12184 = LINE('',#12185,#12186);
#12185 = CARTESIAN_POINT('',(3.4,28.19,1.61));
#12186 = VECTOR('',#12187,1.);
#12187 = DIRECTION('',(-0.,1.,0.));
#12188 = ORIENTED_EDGE('',*,*,#12189,.T.);
#12189 = EDGE_CURVE('',#12182,#12190,#12192,.T.);
#12190 = VERTEX_POINT('',#12191);
#12191 = CARTESIAN_POINT('',(3.4,30.81,3.61));
#12192 = LINE('',#12193,#12194);
#12193 = CARTESIAN_POINT('',(3.4,30.81,1.61));
#12194 = VECTOR('',#12195,1.);
#12195 = DIRECTION('',(0.,0.,1.));
#12196 = ORIENTED_EDGE('',*,*,#12197,.F.);
#12197 = EDGE_CURVE('',#12174,#12190,#12198,.T.);
#12198 = LINE('',#12199,#12200);
#12199 = CARTESIAN_POINT('',(3.4,28.19,3.61));
#12200 = VECTOR('',#12201,1.);
#12201 = DIRECTION('',(-0.,1.,0.));
#12202 = PLANE('',#12203);
#12203 = AXIS2_PLACEMENT_3D('',#12204,#12205,#12206);
#12204 = CARTESIAN_POINT('',(3.4,28.19,1.61));
#12205 = DIRECTION('',(1.,0.,-0.));
#12206 = DIRECTION('',(0.,0.,1.));
#12207 = ADVANCED_FACE('',(#12208),#12242,.T.);
#12208 = FACE_BOUND('',#12209,.T.);
#12209 = EDGE_LOOP('',(#12210,#12220,#12228,#12236));
#12210 = ORIENTED_EDGE('',*,*,#12211,.F.);
#12211 = EDGE_CURVE('',#12212,#12214,#12216,.T.);
#12212 = VERTEX_POINT('',#12213);
#12213 = CARTESIAN_POINT('',(4.,28.19,1.61));
#12214 = VERTEX_POINT('',#12215);
#12215 = CARTESIAN_POINT('',(4.,28.19,3.61));
#12216 = LINE('',#12217,#12218);
#12217 = CARTESIAN_POINT('',(4.,28.19,1.61));
#12218 = VECTOR('',#12219,1.);
#12219 = DIRECTION('',(0.,0.,1.));
#12220 = ORIENTED_EDGE('',*,*,#12221,.T.);
#12221 = EDGE_CURVE('',#12212,#12222,#12224,.T.);
#12222 = VERTEX_POINT('',#12223);
#12223 = CARTESIAN_POINT('',(4.,30.81,1.61));
#12224 = LINE('',#12225,#12226);
#12225 = CARTESIAN_POINT('',(4.,28.19,1.61));
#12226 = VECTOR('',#12227,1.);
#12227 = DIRECTION('',(-0.,1.,0.));
#12228 = ORIENTED_EDGE('',*,*,#12229,.T.);
#12229 = EDGE_CURVE('',#12222,#12230,#12232,.T.);
#12230 = VERTEX_POINT('',#12231);
#12231 = CARTESIAN_POINT('',(4.,30.81,3.61));
#12232 = LINE('',#12233,#12234);
#12233 = CARTESIAN_POINT('',(4.,30.81,1.61));
#12234 = VECTOR('',#12235,1.);
#12235 = DIRECTION('',(0.,0.,1.));
#12236 = ORIENTED_EDGE('',*,*,#12237,.F.);
#12237 = EDGE_CURVE('',#12214,#12230,#12238,.T.);
#12238 = LINE('',#12239,#12240);
#12239 = CARTESIAN_POINT('',(4.,28.19,3.61));
#12240 = VECTOR('',#12241,1.);
#12241 = DIRECTION('',(-0.,1.,0.));
#12242 = PLANE('',#12243);
#12243 = AXIS2_PLACEMENT_3D('',#12244,#12245,#12246);
#12244 = CARTESIAN_POINT('',(4.,28.19,1.61));
#12245 = DIRECTION('',(1.,0.,-0.));
#12246 = DIRECTION('',(0.,0.,1.));
#12247 = ADVANCED_FACE('',(#12248),#12264,.F.);
#12248 = FACE_BOUND('',#12249,.F.);
#12249 = EDGE_LOOP('',(#12250,#12256,#12257,#12263));
#12250 = ORIENTED_EDGE('',*,*,#12251,.F.);
#12251 = EDGE_CURVE('',#12172,#12212,#12252,.T.);
#12252 = LINE('',#12253,#12254);
#12253 = CARTESIAN_POINT('',(3.4,28.19,1.61));
#12254 = VECTOR('',#12255,1.);
#12255 = DIRECTION('',(1.,0.,-0.));
#12256 = ORIENTED_EDGE('',*,*,#12171,.T.);
#12257 = ORIENTED_EDGE('',*,*,#12258,.T.);
#12258 = EDGE_CURVE('',#12174,#12214,#12259,.T.);
#12259 = LINE('',#12260,#12261);
#12260 = CARTESIAN_POINT('',(3.4,28.19,3.61));
#12261 = VECTOR('',#12262,1.);
#12262 = DIRECTION('',(1.,0.,-0.));
#12263 = ORIENTED_EDGE('',*,*,#12211,.F.);
#12264 = PLANE('',#12265);
#12265 = AXIS2_PLACEMENT_3D('',#12266,#12267,#12268);
#12266 = CARTESIAN_POINT('',(3.4,28.19,1.61));
#12267 = DIRECTION('',(-0.,1.,0.));
#12268 = DIRECTION('',(0.,0.,1.));
#12269 = ADVANCED_FACE('',(#12270),#12286,.T.);
#12270 = FACE_BOUND('',#12271,.T.);
#12271 = EDGE_LOOP('',(#12272,#12278,#12279,#12285));
#12272 = ORIENTED_EDGE('',*,*,#12273,.F.);
#12273 = EDGE_CURVE('',#12182,#12222,#12274,.T.);
#12274 = LINE('',#12275,#12276);
#12275 = CARTESIAN_POINT('',(3.4,30.81,1.61));
#12276 = VECTOR('',#12277,1.);
#12277 = DIRECTION('',(1.,0.,-0.));
#12278 = ORIENTED_EDGE('',*,*,#12189,.T.);
#12279 = ORIENTED_EDGE('',*,*,#12280,.T.);
#12280 = EDGE_CURVE('',#12190,#12230,#12281,.T.);
#12281 = LINE('',#12282,#12283);
#12282 = CARTESIAN_POINT('',(3.4,30.81,3.61));
#12283 = VECTOR('',#12284,1.);
#12284 = DIRECTION('',(1.,0.,-0.));
#12285 = ORIENTED_EDGE('',*,*,#12229,.F.);
#12286 = PLANE('',#12287);
#12287 = AXIS2_PLACEMENT_3D('',#12288,#12289,#12290);
#12288 = CARTESIAN_POINT('',(3.4,30.81,1.61));
#12289 = DIRECTION('',(-0.,1.,0.));
#12290 = DIRECTION('',(0.,0.,1.));
#12291 = ADVANCED_FACE('',(#12292),#12298,.F.);
#12292 = FACE_BOUND('',#12293,.F.);
#12293 = EDGE_LOOP('',(#12294,#12295,#12296,#12297));
#12294 = ORIENTED_EDGE('',*,*,#12181,.F.);
#12295 = ORIENTED_EDGE('',*,*,#12251,.T.);
#12296 = ORIENTED_EDGE('',*,*,#12221,.T.);
#12297 = ORIENTED_EDGE('',*,*,#12273,.F.);
#12298 = PLANE('',#12299);
#12299 = AXIS2_PLACEMENT_3D('',#12300,#12301,#12302);
#12300 = CARTESIAN_POINT('',(3.4,28.19,1.61));
#12301 = DIRECTION('',(0.,0.,1.));
#12302 = DIRECTION('',(1.,0.,-0.));
#12303 = ADVANCED_FACE('',(#12304),#12310,.T.);
#12304 = FACE_BOUND('',#12305,.T.);
#12305 = EDGE_LOOP('',(#12306,#12307,#12308,#12309));
#12306 = ORIENTED_EDGE('',*,*,#12197,.F.);
#12307 = ORIENTED_EDGE('',*,*,#12258,.T.);
#12308 = ORIENTED_EDGE('',*,*,#12237,.T.);
#12309 = ORIENTED_EDGE('',*,*,#12280,.F.);
#12310 = PLANE('',#12311);
#12311 = AXIS2_PLACEMENT_3D('',#12312,#12313,#12314);
#12312 = CARTESIAN_POINT('',(3.4,28.19,3.61));
#12313 = DIRECTION('',(0.,0.,1.));
#12314 = DIRECTION('',(1.,0.,-0.));
#12315 = ( GEOMETRIC_REPRESENTATION_CONTEXT(3) 
GLOBAL_UNCERTAINTY_ASSIGNED_CONTEXT((#12319)) 
GLOBAL_UNIT_ASSIGNED_CONTEXT((#12316,#12317,#12318)) 
REPRESENTATION_CONTEXT('Context #1',
  '3D Context with UNIT and UNCERTAINTY') );
#12316 = ( LENGTH_UNIT() NAMED_UNIT(*) SI_UNIT(.MILLI.,.METRE.) );
#12317 = ( NAMED_UNIT(*) PLANE_ANGLE_UNIT() SI_UNIT($,.RADIAN.) );
#12318 = ( NAMED_UNIT(*) SI_UNIT($,.STERADIAN.) SOLID_ANGLE_UNIT() );
#12319 = UNCERTAINTY_MEASURE_WITH_UNIT(LENGTH_MEASURE(1.E-07),#12316,
  'distance_accuracy_value','confusion accuracy');
#12320 = CONTEXT_DEPENDENT_SHAPE_REPRESENTATION(#12321,#12323);
#12321 = ( REPRESENTATION_RELATIONSHIP('','',#12164,#10) 
REPRESENTATION_RELATIONSHIP_WITH_TRANSFORMATION(#12322) 
SHAPE_REPRESENTATION_RELATIONSHIP() );
#12322 = ITEM_DEFINED_TRANSFORMATION('','',#11,#159);
#12323 = PRODUCT_DEFINITION_SHAPE('Placement','Placement of an item',
  #12324);
#12324 = NEXT_ASSEMBLY_USAGE_OCCURRENCE('37','D_L2_band','',#5,#12159,$
  );
#12325 = PRODUCT_RELATED_PRODUCT_CATEGORY('part',$,(#12161));
#12326 = SHAPE_DEFINITION_REPRESENTATION(#12327,#12333);
#12327 = PRODUCT_DEFINITION_SHAPE('','',#12328);
#12328 = PRODUCT_DEFINITION('design','',#12329,#12332);
#12329 = PRODUCT_DEFINITION_FORMATION('','',#12330);
#12330 = PRODUCT('D_R2','D_R2','',(#12331));
#12331 = PRODUCT_CONTEXT('',#2,'mechanical');
#12332 = PRODUCT_DEFINITION_CONTEXT('part definition',#2,'design');
#12333 = ADVANCED_BREP_SHAPE_REPRESENTATION('',(#11,#12334),#12484);
#12334 = MANIFOLD_SOLID_BREP('',#12335);
#12335 = CLOSED_SHELL('',(#12336,#12376,#12416,#12438,#12460,#12472));
#12336 = ADVANCED_FACE('',(#12337),#12371,.F.);
#12337 = FACE_BOUND('',#12338,.F.);
#12338 = EDGE_LOOP('',(#12339,#12349,#12357,#12365));
#12339 = ORIENTED_EDGE('',*,*,#12340,.F.);
#12340 = EDGE_CURVE('',#12341,#12343,#12345,.T.);
#12341 = VERTEX_POINT('',#12342);
#12342 = CARTESIAN_POINT('',(35.7,28.2,1.6));
#12343 = VERTEX_POINT('',#12344);
#12344 = CARTESIAN_POINT('',(35.7,28.2,3.6));
#12345 = LINE('',#12346,#12347);
#12346 = CARTESIAN_POINT('',(35.7,28.2,1.6));
#12347 = VECTOR('',#12348,1.);
#12348 = DIRECTION('',(0.,0.,1.));
#12349 = ORIENTED_EDGE('',*,*,#12350,.T.);
#12350 = EDGE_CURVE('',#12341,#12351,#12353,.T.);
#12351 = VERTEX_POINT('',#12352);
#12352 = CARTESIAN_POINT('',(35.7,30.8,1.6));
#12353 = LINE('',#12354,#12355);
#12354 = CARTESIAN_POINT('',(35.7,28.2,1.6));
#12355 = VECTOR('',#12356,1.);
#12356 = DIRECTION('',(-0.,1.,0.));
#12357 = ORIENTED_EDGE('',*,*,#12358,.T.);
#12358 = EDGE_CURVE('',#12351,#12359,#12361,.T.);
#12359 = VERTEX_POINT('',#12360);
#12360 = CARTESIAN_POINT('',(35.7,30.8,3.6));
#12361 = LINE('',#12362,#12363);
#12362 = CARTESIAN_POINT('',(35.7,30.8,1.6));
#12363 = VECTOR('',#12364,1.);
#12364 = DIRECTION('',(0.,0.,1.));
#12365 = ORIENTED_EDGE('',*,*,#12366,.F.);
#12366 = EDGE_CURVE('',#12343,#12359,#12367,.T.);
#12367 = LINE('',#12368,#12369);
#12368 = CARTESIAN_POINT('',(35.7,28.2,3.6));
#12369 = VECTOR('',#12370,1.);
#12370 = DIRECTION('',(-0.,1.,0.));
#12371 = PLANE('',#12372);
#12372 = AXIS2_PLACEMENT_3D('',#12373,#12374,#12375);
#12373 = CARTESIAN_POINT('',(35.7,28.2,1.6));
#12374 = DIRECTION('',(1.,0.,-0.));
#12375 = DIRECTION('',(0.,0.,1.));
#12376 = ADVANCED_FACE('',(#12377),#12411,.T.);
#12377 = FACE_BOUND('',#12378,.T.);
#12378 = EDGE_LOOP('',(#12379,#12389,#12397,#12405));
#12379 = ORIENTED_EDGE('',*,*,#12380,.F.);
#12380 = EDGE_CURVE('',#12381,#12383,#12385,.T.);
#12381 = VERTEX_POINT('',#12382);
#12382 = CARTESIAN_POINT('',(40.,28.2,1.6));
#12383 = VERTEX_POINT('',#12384);
#12384 = CARTESIAN_POINT('',(40.,28.2,3.6));
#12385 = LINE('',#12386,#12387);
#12386 = CARTESIAN_POINT('',(40.,28.2,1.6));
#12387 = VECTOR('',#12388,1.);
#12388 = DIRECTION('',(0.,0.,1.));
#12389 = ORIENTED_EDGE('',*,*,#12390,.T.);
#12390 = EDGE_CURVE('',#12381,#12391,#12393,.T.);
#12391 = VERTEX_POINT('',#12392);
#12392 = CARTESIAN_POINT('',(40.,30.8,1.6));
#12393 = LINE('',#12394,#12395);
#12394 = CARTESIAN_POINT('',(40.,28.2,1.6));
#12395 = VECTOR('',#12396,1.);
#12396 = DIRECTION('',(-0.,1.,0.));
#12397 = ORIENTED_EDGE('',*,*,#12398,.T.);
#12398 = EDGE_CURVE('',#12391,#12399,#12401,.T.);
#12399 = VERTEX_POINT('',#12400);
#12400 = CARTESIAN_POINT('',(40.,30.8,3.6));
#12401 = LINE('',#12402,#12403);
#12402 = CARTESIAN_POINT('',(40.,30.8,1.6));
#12403 = VECTOR('',#12404,1.);
#12404 = DIRECTION('',(0.,0.,1.));
#12405 = ORIENTED_EDGE('',*,*,#12406,.F.);
#12406 = EDGE_CURVE('',#12383,#12399,#12407,.T.);
#12407 = LINE('',#12408,#12409);
#12408 = CARTESIAN_POINT('',(40.,28.2,3.6));
#12409 = VECTOR('',#12410,1.);
#12410 = DIRECTION('',(-0.,1.,0.));
#12411 = PLANE('',#12412);
#12412 = AXIS2_PLACEMENT_3D('',#12413,#12414,#12415);
#12413 = CARTESIAN_POINT('',(40.,28.2,1.6));
#12414 = DIRECTION('',(1.,0.,-0.));
#12415 = DIRECTION('',(0.,0.,1.));
#12416 = ADVANCED_FACE('',(#12417),#12433,.F.);
#12417 = FACE_BOUND('',#12418,.F.);
#12418 = EDGE_LOOP('',(#12419,#12425,#12426,#12432));
#12419 = ORIENTED_EDGE('',*,*,#12420,.F.);
#12420 = EDGE_CURVE('',#12341,#12381,#12421,.T.);
#12421 = LINE('',#12422,#12423);
#12422 = CARTESIAN_POINT('',(35.7,28.2,1.6));
#12423 = VECTOR('',#12424,1.);
#12424 = DIRECTION('',(1.,0.,-0.));
#12425 = ORIENTED_EDGE('',*,*,#12340,.T.);
#12426 = ORIENTED_EDGE('',*,*,#12427,.T.);
#12427 = EDGE_CURVE('',#12343,#12383,#12428,.T.);
#12428 = LINE('',#12429,#12430);
#12429 = CARTESIAN_POINT('',(35.7,28.2,3.6));
#12430 = VECTOR('',#12431,1.);
#12431 = DIRECTION('',(1.,0.,-0.));
#12432 = ORIENTED_EDGE('',*,*,#12380,.F.);
#12433 = PLANE('',#12434);
#12434 = AXIS2_PLACEMENT_3D('',#12435,#12436,#12437);
#12435 = CARTESIAN_POINT('',(35.7,28.2,1.6));
#12436 = DIRECTION('',(-0.,1.,0.));
#12437 = DIRECTION('',(0.,0.,1.));
#12438 = ADVANCED_FACE('',(#12439),#12455,.T.);
#12439 = FACE_BOUND('',#12440,.T.);
#12440 = EDGE_LOOP('',(#12441,#12447,#12448,#12454));
#12441 = ORIENTED_EDGE('',*,*,#12442,.F.);
#12442 = EDGE_CURVE('',#12351,#12391,#12443,.T.);
#12443 = LINE('',#12444,#12445);
#12444 = CARTESIAN_POINT('',(35.7,30.8,1.6));
#12445 = VECTOR('',#12446,1.);
#12446 = DIRECTION('',(1.,0.,-0.));
#12447 = ORIENTED_EDGE('',*,*,#12358,.T.);
#12448 = ORIENTED_EDGE('',*,*,#12449,.T.);
#12449 = EDGE_CURVE('',#12359,#12399,#12450,.T.);
#12450 = LINE('',#12451,#12452);
#12451 = CARTESIAN_POINT('',(35.7,30.8,3.6));
#12452 = VECTOR('',#12453,1.);
#12453 = DIRECTION('',(1.,0.,-0.));
#12454 = ORIENTED_EDGE('',*,*,#12398,.F.);
#12455 = PLANE('',#12456);
#12456 = AXIS2_PLACEMENT_3D('',#12457,#12458,#12459);
#12457 = CARTESIAN_POINT('',(35.7,30.8,1.6));
#12458 = DIRECTION('',(-0.,1.,0.));
#12459 = DIRECTION('',(0.,0.,1.));
#12460 = ADVANCED_FACE('',(#12461),#12467,.F.);
#12461 = FACE_BOUND('',#12462,.F.);
#12462 = EDGE_LOOP('',(#12463,#12464,#12465,#12466));
#12463 = ORIENTED_EDGE('',*,*,#12350,.F.);
#12464 = ORIENTED_EDGE('',*,*,#12420,.T.);
#12465 = ORIENTED_EDGE('',*,*,#12390,.T.);
#12466 = ORIENTED_EDGE('',*,*,#12442,.F.);
#12467 = PLANE('',#12468);
#12468 = AXIS2_PLACEMENT_3D('',#12469,#12470,#12471);
#12469 = CARTESIAN_POINT('',(35.7,28.2,1.6));
#12470 = DIRECTION('',(0.,0.,1.));
#12471 = DIRECTION('',(1.,0.,-0.));
#12472 = ADVANCED_FACE('',(#12473),#12479,.T.);
#12473 = FACE_BOUND('',#12474,.T.);
#12474 = EDGE_LOOP('',(#12475,#12476,#12477,#12478));
#12475 = ORIENTED_EDGE('',*,*,#12366,.F.);
#12476 = ORIENTED_EDGE('',*,*,#12427,.T.);
#12477 = ORIENTED_EDGE('',*,*,#12406,.T.);
#12478 = ORIENTED_EDGE('',*,*,#12449,.F.);
#12479 = PLANE('',#12480);
#12480 = AXIS2_PLACEMENT_3D('',#12481,#12482,#12483);
#12481 = CARTESIAN_POINT('',(35.7,28.2,3.6));
#12482 = DIRECTION('',(0.,0.,1.));
#12483 = DIRECTION('',(1.,0.,-0.));
#12484 = ( GEOMETRIC_REPRESENTATION_CONTEXT(3) 
GLOBAL_UNCERTAINTY_ASSIGNED_CONTEXT((#12488)) 
GLOBAL_UNIT_ASSIGNED_CONTEXT((#12485,#12486,#12487)) 
REPRESENTATION_CONTEXT('Context #1',
  '3D Context with UNIT and UNCERTAINTY') );
#12485 = ( LENGTH_UNIT() NAMED_UNIT(*) SI_UNIT(.MILLI.,.METRE.) );
#12486 = ( NAMED_UNIT(*) PLANE_ANGLE_UNIT() SI_UNIT($,.RADIAN.) );
#12487 = ( NAMED_UNIT(*) SI_UNIT($,.STERADIAN.) SOLID_ANGLE_UNIT() );
#12488 = UNCERTAINTY_MEASURE_WITH_UNIT(LENGTH_MEASURE(1.E-07),#12485,
  'distance_accuracy_value','confusion accuracy');
#12489 = CONTEXT_DEPENDENT_SHAPE_REPRESENTATION(#12490,#12492);
#12490 = ( REPRESENTATION_RELATIONSHIP('','',#12333,#10) 
REPRESENTATION_RELATIONSHIP_WITH_TRANSFORMATION(#12491) 
SHAPE_REPRESENTATION_RELATIONSHIP() );
#12491 = ITEM_DEFINED_TRANSFORMATION('','',#11,#163);
#12492 = PRODUCT_DEFINITION_SHAPE('Placement','Placement of an item',
  #12493);
#12493 = NEXT_ASSEMBLY_USAGE_OCCURRENCE('38','D_R2','',#5,#12328,$);
#12494 = PRODUCT_RELATED_PRODUCT_CATEGORY('part',$,(#12330));
#12495 = SHAPE_DEFINITION_REPRESENTATION(#12496,#12502);
#12496 = PRODUCT_DEFINITION_SHAPE('','',#12497);
#12497 = PRODUCT_DEFINITION('design','',#12498,#12501);
#12498 = PRODUCT_DEFINITION_FORMATION('','',#12499);
#12499 = PRODUCT('D_R2_band','D_R2_band','',(#12500));
#12500 = PRODUCT_CONTEXT('',#2,'mechanical');
#12501 = PRODUCT_DEFINITION_CONTEXT('part definition',#2,'design');
#12502 = ADVANCED_BREP_SHAPE_REPRESENTATION('',(#11,#12503),#12653);
#12503 = MANIFOLD_SOLID_BREP('',#12504);
#12504 = CLOSED_SHELL('',(#12505,#12545,#12585,#12607,#12629,#12641));
#12505 = ADVANCED_FACE('',(#12506),#12540,.F.);
#12506 = FACE_BOUND('',#12507,.F.);
#12507 = EDGE_LOOP('',(#12508,#12518,#12526,#12534));
#12508 = ORIENTED_EDGE('',*,*,#12509,.F.);
#12509 = EDGE_CURVE('',#12510,#12512,#12514,.T.);
#12510 = VERTEX_POINT('',#12511);
#12511 = CARTESIAN_POINT('',(36.1,28.19,1.61));
#12512 = VERTEX_POINT('',#12513);
#12513 = CARTESIAN_POINT('',(36.1,28.19,3.61));
#12514 = LINE('',#12515,#12516);
#12515 = CARTESIAN_POINT('',(36.1,28.19,1.61));
#12516 = VECTOR('',#12517,1.);
#12517 = DIRECTION('',(0.,0.,1.));
#12518 = ORIENTED_EDGE('',*,*,#12519,.T.);
#12519 = EDGE_CURVE('',#12510,#12520,#12522,.T.);
#12520 = VERTEX_POINT('',#12521);
#12521 = CARTESIAN_POINT('',(36.1,30.81,1.61));
#12522 = LINE('',#12523,#12524);
#12523 = CARTESIAN_POINT('',(36.1,28.19,1.61));
#12524 = VECTOR('',#12525,1.);
#12525 = DIRECTION('',(-0.,1.,0.));
#12526 = ORIENTED_EDGE('',*,*,#12527,.T.);
#12527 = EDGE_CURVE('',#12520,#12528,#12530,.T.);
#12528 = VERTEX_POINT('',#12529);
#12529 = CARTESIAN_POINT('',(36.1,30.81,3.61));
#12530 = LINE('',#12531,#12532);
#12531 = CARTESIAN_POINT('',(36.1,30.81,1.61));
#12532 = VECTOR('',#12533,1.);
#12533 = DIRECTION('',(0.,0.,1.));
#12534 = ORIENTED_EDGE('',*,*,#12535,.F.);
#12535 = EDGE_CURVE('',#12512,#12528,#12536,.T.);
#12536 = LINE('',#12537,#12538);
#12537 = CARTESIAN_POINT('',(36.1,28.19,3.61));
#12538 = VECTOR('',#12539,1.);
#12539 = DIRECTION('',(-0.,1.,0.));
#12540 = PLANE('',#12541);
#12541 = AXIS2_PLACEMENT_3D('',#12542,#12543,#12544);
#12542 = CARTESIAN_POINT('',(36.1,28.19,1.61));
#12543 = DIRECTION('',(1.,0.,-0.));
#12544 = DIRECTION('',(0.,0.,1.));
#12545 = ADVANCED_FACE('',(#12546),#12580,.T.);
#12546 = FACE_BOUND('',#12547,.T.);
#12547 = EDGE_LOOP('',(#12548,#12558,#12566,#12574));
#12548 = ORIENTED_EDGE('',*,*,#12549,.F.);
#12549 = EDGE_CURVE('',#12550,#12552,#12554,.T.);
#12550 = VERTEX_POINT('',#12551);
#12551 = CARTESIAN_POINT('',(36.7,28.19,1.61));
#12552 = VERTEX_POINT('',#12553);
#12553 = CARTESIAN_POINT('',(36.7,28.19,3.61));
#12554 = LINE('',#12555,#12556);
#12555 = CARTESIAN_POINT('',(36.7,28.19,1.61));
#12556 = VECTOR('',#12557,1.);
#12557 = DIRECTION('',(0.,0.,1.));
#12558 = ORIENTED_EDGE('',*,*,#12559,.T.);
#12559 = EDGE_CURVE('',#12550,#12560,#12562,.T.);
#12560 = VERTEX_POINT('',#12561);
#12561 = CARTESIAN_POINT('',(36.7,30.81,1.61));
#12562 = LINE('',#12563,#12564);
#12563 = CARTESIAN_POINT('',(36.7,28.19,1.61));
#12564 = VECTOR('',#12565,1.);
#12565 = DIRECTION('',(-0.,1.,0.));
#12566 = ORIENTED_EDGE('',*,*,#12567,.T.);
#12567 = EDGE_CURVE('',#12560,#12568,#12570,.T.);
#12568 = VERTEX_POINT('',#12569);
#12569 = CARTESIAN_POINT('',(36.7,30.81,3.61));
#12570 = LINE('',#12571,#12572);
#12571 = CARTESIAN_POINT('',(36.7,30.81,1.61));
#12572 = VECTOR('',#12573,1.);
#12573 = DIRECTION('',(0.,0.,1.));
#12574 = ORIENTED_EDGE('',*,*,#12575,.F.);
#12575 = EDGE_CURVE('',#12552,#12568,#12576,.T.);
#12576 = LINE('',#12577,#12578);
#12577 = CARTESIAN_POINT('',(36.7,28.19,3.61));
#12578 = VECTOR('',#12579,1.);
#12579 = DIRECTION('',(-0.,1.,0.));
#12580 = PLANE('',#12581);
#12581 = AXIS2_PLACEMENT_3D('',#12582,#12583,#12584);
#12582 = CARTESIAN_POINT('',(36.7,28.19,1.61));
#12583 = DIRECTION('',(1.,0.,-0.));
#12584 = DIRECTION('',(0.,0.,1.));
#12585 = ADVANCED_FACE('',(#12586),#12602,.F.);
#12586 = FACE_BOUND('',#12587,.F.);
#12587 = EDGE_LOOP('',(#12588,#12594,#12595,#12601));
#12588 = ORIENTED_EDGE('',*,*,#12589,.F.);
#12589 = EDGE_CURVE('',#12510,#12550,#12590,.T.);
#12590 = LINE('',#12591,#12592);
#12591 = CARTESIAN_POINT('',(36.1,28.19,1.61));
#12592 = VECTOR('',#12593,1.);
#12593 = DIRECTION('',(1.,0.,-0.));
#12594 = ORIENTED_EDGE('',*,*,#12509,.T.);
#12595 = ORIENTED_EDGE('',*,*,#12596,.T.);
#12596 = EDGE_CURVE('',#12512,#12552,#12597,.T.);
#12597 = LINE('',#12598,#12599);
#12598 = CARTESIAN_POINT('',(36.1,28.19,3.61));
#12599 = VECTOR('',#12600,1.);
#12600 = DIRECTION('',(1.,0.,-0.));
#12601 = ORIENTED_EDGE('',*,*,#12549,.F.);
#12602 = PLANE('',#12603);
#12603 = AXIS2_PLACEMENT_3D('',#12604,#12605,#12606);
#12604 = CARTESIAN_POINT('',(36.1,28.19,1.61));
#12605 = DIRECTION('',(-0.,1.,0.));
#12606 = DIRECTION('',(0.,0.,1.));
#12607 = ADVANCED_FACE('',(#12608),#12624,.T.);
#12608 = FACE_BOUND('',#12609,.T.);
#12609 = EDGE_LOOP('',(#12610,#12616,#12617,#12623));
#12610 = ORIENTED_EDGE('',*,*,#12611,.F.);
#12611 = EDGE_CURVE('',#12520,#12560,#12612,.T.);
#12612 = LINE('',#12613,#12614);
#12613 = CARTESIAN_POINT('',(36.1,30.81,1.61));
#12614 = VECTOR('',#12615,1.);
#12615 = DIRECTION('',(1.,0.,-0.));
#12616 = ORIENTED_EDGE('',*,*,#12527,.T.);
#12617 = ORIENTED_EDGE('',*,*,#12618,.T.);
#12618 = EDGE_CURVE('',#12528,#12568,#12619,.T.);
#12619 = LINE('',#12620,#12621);
#12620 = CARTESIAN_POINT('',(36.1,30.81,3.61));
#12621 = VECTOR('',#12622,1.);
#12622 = DIRECTION('',(1.,0.,-0.));
#12623 = ORIENTED_EDGE('',*,*,#12567,.F.);
#12624 = PLANE('',#12625);
#12625 = AXIS2_PLACEMENT_3D('',#12626,#12627,#12628);
#12626 = CARTESIAN_POINT('',(36.1,30.81,1.61));
#12627 = DIRECTION('',(-0.,1.,0.));
#12628 = DIRECTION('',(0.,0.,1.));
#12629 = ADVANCED_FACE('',(#12630),#12636,.F.);
#12630 = FACE_BOUND('',#12631,.F.);
#12631 = EDGE_LOOP('',(#12632,#12633,#12634,#12635));
#12632 = ORIENTED_EDGE('',*,*,#12519,.F.);
#12633 = ORIENTED_EDGE('',*,*,#12589,.T.);
#12634 = ORIENTED_EDGE('',*,*,#12559,.T.);
#12635 = ORIENTED_EDGE('',*,*,#12611,.F.);
#12636 = PLANE('',#12637);
#12637 = AXIS2_PLACEMENT_3D('',#12638,#12639,#12640);
#12638 = CARTESIAN_POINT('',(36.1,28.19,1.61));
#12639 = DIRECTION('',(0.,0.,1.));
#12640 = DIRECTION('',(1.,0.,-0.));
#12641 = ADVANCED_FACE('',(#12642),#12648,.T.);
#12642 = FACE_BOUND('',#12643,.T.);
#12643 = EDGE_LOOP('',(#12644,#12645,#12646,#12647));
#12644 = ORIENTED_EDGE('',*,*,#12535,.F.);
#12645 = ORIENTED_EDGE('',*,*,#12596,.T.);
#12646 = ORIENTED_EDGE('',*,*,#12575,.T.);
#12647 = ORIENTED_EDGE('',*,*,#12618,.F.);
#12648 = PLANE('',#12649);
#12649 = AXIS2_PLACEMENT_3D('',#12650,#12651,#12652);
#12650 = CARTESIAN_POINT('',(36.1,28.19,3.61));
#12651 = DIRECTION('',(0.,0.,1.));
#12652 = DIRECTION('',(1.,0.,-0.));
#12653 = ( GEOMETRIC_REPRESENTATION_CONTEXT(3) 
GLOBAL_UNCERTAINTY_ASSIGNED_CONTEXT((#12657)) 
GLOBAL_UNIT_ASSIGNED_CONTEXT((#12654,#12655,#12656)) 
REPRESENTATION_CONTEXT('Context #1',
  '3D Context with UNIT and UNCERTAINTY') );
#12654 = ( LENGTH_UNIT() NAMED_UNIT(*) SI_UNIT(.MILLI.,.METRE.) );
#12655 = ( NAMED_UNIT(*) PLANE_ANGLE_UNIT() SI_UNIT($,.RADIAN.) );
#12656 = ( NAMED_UNIT(*) SI_UNIT($,.STERADIAN.) SOLID_ANGLE_UNIT() );
#12657 = UNCERTAINTY_MEASURE_WITH_UNIT(LENGTH_MEASURE(1.E-07),#12654,
  'distance_accuracy_value','confusion accuracy');
#12658 = CONTEXT_DEPENDENT_SHAPE_REPRESENTATION(#12659,#12661);
#12659 = ( REPRESENTATION_RELATIONSHIP('','',#12502,#10) 
REPRESENTATION_RELATIONSHIP_WITH_TRANSFORMATION(#12660) 
SHAPE_REPRESENTATION_RELATIONSHIP() );
#12660 = ITEM_DEFINED_TRANSFORMATION('','',#11,#167);
#12661 = PRODUCT_DEFINITION_SHAPE('Placement','Placement of an item',
  #12662);
#12662 = NEXT_ASSEMBLY_USAGE_OCCURRENCE('39','D_R2_band','',#5,#12497,$
  );
#12663 = PRODUCT_RELATED_PRODUCT_CATEGORY('part',$,(#12499));
#12664 = SHAPE_DEFINITION_REPRESENTATION(#12665,#12671);
#12665 = PRODUCT_DEFINITION_SHAPE('','',#12666);
#12666 = PRODUCT_DEFINITION('design','',#12667,#12670);
#12667 = PRODUCT_DEFINITION_FORMATION('','',#12668);
#12668 = PRODUCT('D_L3','D_L3','',(#12669));
#12669 = PRODUCT_CONTEXT('',#2,'mechanical');
#12670 = PRODUCT_DEFINITION_CONTEXT('part definition',#2,'design');
#12671 = ADVANCED_BREP_SHAPE_REPRESENTATION('',(#11,#12672),#12822);
#12672 = MANIFOLD_SOLID_BREP('',#12673);
#12673 = CLOSED_SHELL('',(#12674,#12714,#12754,#12776,#12798,#12810));
#12674 = ADVANCED_FACE('',(#12675),#12709,.F.);
#12675 = FACE_BOUND('',#12676,.F.);
#12676 = EDGE_LOOP('',(#12677,#12687,#12695,#12703));
#12677 = ORIENTED_EDGE('',*,*,#12678,.F.);
#12678 = EDGE_CURVE('',#12679,#12681,#12683,.T.);
#12679 = VERTEX_POINT('',#12680);
#12680 = CARTESIAN_POINT('',(3.,31.4,1.6));
#12681 = VERTEX_POINT('',#12682);
#12682 = CARTESIAN_POINT('',(3.,31.4,3.6));
#12683 = LINE('',#12684,#12685);
#12684 = CARTESIAN_POINT('',(3.,31.4,1.6));
#12685 = VECTOR('',#12686,1.);
#12686 = DIRECTION('',(0.,0.,1.));
#12687 = ORIENTED_EDGE('',*,*,#12688,.T.);
#12688 = EDGE_CURVE('',#12679,#12689,#12691,.T.);
#12689 = VERTEX_POINT('',#12690);
#12690 = CARTESIAN_POINT('',(3.,34.,1.6));
#12691 = LINE('',#12692,#12693);
#12692 = CARTESIAN_POINT('',(3.,31.4,1.6));
#12693 = VECTOR('',#12694,1.);
#12694 = DIRECTION('',(-0.,1.,0.));
#12695 = ORIENTED_EDGE('',*,*,#12696,.T.);
#12696 = EDGE_CURVE('',#12689,#12697,#12699,.T.);
#12697 = VERTEX_POINT('',#12698);
#12698 = CARTESIAN_POINT('',(3.,34.,3.6));
#12699 = LINE('',#12700,#12701);
#12700 = CARTESIAN_POINT('',(3.,34.,1.6));
#12701 = VECTOR('',#12702,1.);
#12702 = DIRECTION('',(0.,0.,1.));
#12703 = ORIENTED_EDGE('',*,*,#12704,.F.);
#12704 = EDGE_CURVE('',#12681,#12697,#12705,.T.);
#12705 = LINE('',#12706,#12707);
#12706 = CARTESIAN_POINT('',(3.,31.4,3.6));
#12707 = VECTOR('',#12708,1.);
#12708 = DIRECTION('',(-0.,1.,0.));
#12709 = PLANE('',#12710);
#12710 = AXIS2_PLACEMENT_3D('',#12711,#12712,#12713);
#12711 = CARTESIAN_POINT('',(3.,31.4,1.6));
#12712 = DIRECTION('',(1.,0.,-0.));
#12713 = DIRECTION('',(0.,0.,1.));
#12714 = ADVANCED_FACE('',(#12715),#12749,.T.);
#12715 = FACE_BOUND('',#12716,.T.);
#12716 = EDGE_LOOP('',(#12717,#12727,#12735,#12743));
#12717 = ORIENTED_EDGE('',*,*,#12718,.F.);
#12718 = EDGE_CURVE('',#12719,#12721,#12723,.T.);
#12719 = VERTEX_POINT('',#12720);
#12720 = CARTESIAN_POINT('',(7.3,31.4,1.6));
#12721 = VERTEX_POINT('',#12722);
#12722 = CARTESIAN_POINT('',(7.3,31.4,3.6));
#12723 = LINE('',#12724,#12725);
#12724 = CARTESIAN_POINT('',(7.3,31.4,1.6));
#12725 = VECTOR('',#12726,1.);
#12726 = DIRECTION('',(0.,0.,1.));
#12727 = ORIENTED_EDGE('',*,*,#12728,.T.);
#12728 = EDGE_CURVE('',#12719,#12729,#12731,.T.);
#12729 = VERTEX_POINT('',#12730);
#12730 = CARTESIAN_POINT('',(7.3,34.,1.6));
#12731 = LINE('',#12732,#12733);
#12732 = CARTESIAN_POINT('',(7.3,31.4,1.6));
#12733 = VECTOR('',#12734,1.);
#12734 = DIRECTION('',(-0.,1.,0.));
#12735 = ORIENTED_EDGE('',*,*,#12736,.T.);
#12736 = EDGE_CURVE('',#12729,#12737,#12739,.T.);
#12737 = VERTEX_POINT('',#12738);
#12738 = CARTESIAN_POINT('',(7.3,34.,3.6));
#12739 = LINE('',#12740,#12741);
#12740 = CARTESIAN_POINT('',(7.3,34.,1.6));
#12741 = VECTOR('',#12742,1.);
#12742 = DIRECTION('',(0.,0.,1.));
#12743 = ORIENTED_EDGE('',*,*,#12744,.F.);
#12744 = EDGE_CURVE('',#12721,#12737,#12745,.T.);
#12745 = LINE('',#12746,#12747);
#12746 = CARTESIAN_POINT('',(7.3,31.4,3.6));
#12747 = VECTOR('',#12748,1.);
#12748 = DIRECTION('',(-0.,1.,0.));
#12749 = PLANE('',#12750);
#12750 = AXIS2_PLACEMENT_3D('',#12751,#12752,#12753);
#12751 = CARTESIAN_POINT('',(7.3,31.4,1.6));
#12752 = DIRECTION('',(1.,0.,-0.));
#12753 = DIRECTION('',(0.,0.,1.));
#12754 = ADVANCED_FACE('',(#12755),#12771,.F.);
#12755 = FACE_BOUND('',#12756,.F.);
#12756 = EDGE_LOOP('',(#12757,#12763,#12764,#12770));
#12757 = ORIENTED_EDGE('',*,*,#12758,.F.);
#12758 = EDGE_CURVE('',#12679,#12719,#12759,.T.);
#12759 = LINE('',#12760,#12761);
#12760 = CARTESIAN_POINT('',(3.,31.4,1.6));
#12761 = VECTOR('',#12762,1.);
#12762 = DIRECTION('',(1.,0.,-0.));
#12763 = ORIENTED_EDGE('',*,*,#12678,.T.);
#12764 = ORIENTED_EDGE('',*,*,#12765,.T.);
#12765 = EDGE_CURVE('',#12681,#12721,#12766,.T.);
#12766 = LINE('',#12767,#12768);
#12767 = CARTESIAN_POINT('',(3.,31.4,3.6));
#12768 = VECTOR('',#12769,1.);
#12769 = DIRECTION('',(1.,0.,-0.));
#12770 = ORIENTED_EDGE('',*,*,#12718,.F.);
#12771 = PLANE('',#12772);
#12772 = AXIS2_PLACEMENT_3D('',#12773,#12774,#12775);
#12773 = CARTESIAN_POINT('',(3.,31.4,1.6));
#12774 = DIRECTION('',(-0.,1.,0.));
#12775 = DIRECTION('',(0.,0.,1.));
#12776 = ADVANCED_FACE('',(#12777),#12793,.T.);
#12777 = FACE_BOUND('',#12778,.T.);
#12778 = EDGE_LOOP('',(#12779,#12785,#12786,#12792));
#12779 = ORIENTED_EDGE('',*,*,#12780,.F.);
#12780 = EDGE_CURVE('',#12689,#12729,#12781,.T.);
#12781 = LINE('',#12782,#12783);
#12782 = CARTESIAN_POINT('',(3.,34.,1.6));
#12783 = VECTOR('',#12784,1.);
#12784 = DIRECTION('',(1.,0.,-0.));
#12785 = ORIENTED_EDGE('',*,*,#12696,.T.);
#12786 = ORIENTED_EDGE('',*,*,#12787,.T.);
#12787 = EDGE_CURVE('',#12697,#12737,#12788,.T.);
#12788 = LINE('',#12789,#12790);
#12789 = CARTESIAN_POINT('',(3.,34.,3.6));
#12790 = VECTOR('',#12791,1.);
#12791 = DIRECTION('',(1.,0.,-0.));
#12792 = ORIENTED_EDGE('',*,*,#12736,.F.);
#12793 = PLANE('',#12794);
#12794 = AXIS2_PLACEMENT_3D('',#12795,#12796,#12797);
#12795 = CARTESIAN_POINT('',(3.,34.,1.6));
#12796 = DIRECTION('',(-0.,1.,0.));
#12797 = DIRECTION('',(0.,0.,1.));
#12798 = ADVANCED_FACE('',(#12799),#12805,.F.);
#12799 = FACE_BOUND('',#12800,.F.);
#12800 = EDGE_LOOP('',(#12801,#12802,#12803,#12804));
#12801 = ORIENTED_EDGE('',*,*,#12688,.F.);
#12802 = ORIENTED_EDGE('',*,*,#12758,.T.);
#12803 = ORIENTED_EDGE('',*,*,#12728,.T.);
#12804 = ORIENTED_EDGE('',*,*,#12780,.F.);
#12805 = PLANE('',#12806);
#12806 = AXIS2_PLACEMENT_3D('',#12807,#12808,#12809);
#12807 = CARTESIAN_POINT('',(3.,31.4,1.6));
#12808 = DIRECTION('',(0.,0.,1.));
#12809 = DIRECTION('',(1.,0.,-0.));
#12810 = ADVANCED_FACE('',(#12811),#12817,.T.);
#12811 = FACE_BOUND('',#12812,.T.);
#12812 = EDGE_LOOP('',(#12813,#12814,#12815,#12816));
#12813 = ORIENTED_EDGE('',*,*,#12704,.F.);
#12814 = ORIENTED_EDGE('',*,*,#12765,.T.);
#12815 = ORIENTED_EDGE('',*,*,#12744,.T.);
#12816 = ORIENTED_EDGE('',*,*,#12787,.F.);
#12817 = PLANE('',#12818);
#12818 = AXIS2_PLACEMENT_3D('',#12819,#12820,#12821);
#12819 = CARTESIAN_POINT('',(3.,31.4,3.6));
#12820 = DIRECTION('',(0.,0.,1.));
#12821 = DIRECTION('',(1.,0.,-0.));
#12822 = ( GEOMETRIC_REPRESENTATION_CONTEXT(3) 
GLOBAL_UNCERTAINTY_ASSIGNED_CONTEXT((#12826)) 
GLOBAL_UNIT_ASSIGNED_CONTEXT((#12823,#12824,#12825)) 
REPRESENTATION_CONTEXT('Context #1',
  '3D Context with UNIT and UNCERTAINTY') );
#12823 = ( LENGTH_UNIT() NAMED_UNIT(*) SI_UNIT(.MILLI.,.METRE.) );
#12824 = ( NAMED_UNIT(*) PLANE_ANGLE_UNIT() SI_UNIT($,.RADIAN.) );
#12825 = ( NAMED_UNIT(*) SI_UNIT($,.STERADIAN.) SOLID_ANGLE_UNIT() );
#12826 = UNCERTAINTY_MEASURE_WITH_UNIT(LENGTH_MEASURE(1.E-07),#12823,
  'distance_accuracy_value','confusion accuracy');
#12827 = CONTEXT_DEPENDENT_SHAPE_REPRESENTATION(#12828,#12830);
#12828 = ( REPRESENTATION_RELATIONSHIP('','',#12671,#10) 
REPRESENTATION_RELATIONSHIP_WITH_TRANSFORMATION(#12829) 
SHAPE_REPRESENTATION_RELATIONSHIP() );
#12829 = ITEM_DEFINED_TRANSFORMATION('','',#11,#171);
#12830 = PRODUCT_DEFINITION_SHAPE('Placement','Placement of an item',
  #12831);
#12831 = NEXT_ASSEMBLY_USAGE_OCCURRENCE('40','D_L3','',#5,#12666,$);
#12832 = PRODUCT_RELATED_PRODUCT_CATEGORY('part',$,(#12668));
#12833 = SHAPE_DEFINITION_REPRESENTATION(#12834,#12840);
#12834 = PRODUCT_DEFINITION_SHAPE('','',#12835);
#12835 = PRODUCT_DEFINITION('design','',#12836,#12839);
#12836 = PRODUCT_DEFINITION_FORMATION('','',#12837);
#12837 = PRODUCT('D_L3_band','D_L3_band','',(#12838));
#12838 = PRODUCT_CONTEXT('',#2,'mechanical');
#12839 = PRODUCT_DEFINITION_CONTEXT('part definition',#2,'design');
#12840 = ADVANCED_BREP_SHAPE_REPRESENTATION('',(#11,#12841),#12991);
#12841 = MANIFOLD_SOLID_BREP('',#12842);
#12842 = CLOSED_SHELL('',(#12843,#12883,#12923,#12945,#12967,#12979));
#12843 = ADVANCED_FACE('',(#12844),#12878,.F.);
#12844 = FACE_BOUND('',#12845,.F.);
#12845 = EDGE_LOOP('',(#12846,#12856,#12864,#12872));
#12846 = ORIENTED_EDGE('',*,*,#12847,.F.);
#12847 = EDGE_CURVE('',#12848,#12850,#12852,.T.);
#12848 = VERTEX_POINT('',#12849);
#12849 = CARTESIAN_POINT('',(3.4,31.39,1.61));
#12850 = VERTEX_POINT('',#12851);
#12851 = CARTESIAN_POINT('',(3.4,31.39,3.61));
#12852 = LINE('',#12853,#12854);
#12853 = CARTESIAN_POINT('',(3.4,31.39,1.61));
#12854 = VECTOR('',#12855,1.);
#12855 = DIRECTION('',(0.,0.,1.));
#12856 = ORIENTED_EDGE('',*,*,#12857,.T.);
#12857 = EDGE_CURVE('',#12848,#12858,#12860,.T.);
#12858 = VERTEX_POINT('',#12859);
#12859 = CARTESIAN_POINT('',(3.4,34.01,1.61));
#12860 = LINE('',#12861,#12862);
#12861 = CARTESIAN_POINT('',(3.4,31.39,1.61));
#12862 = VECTOR('',#12863,1.);
#12863 = DIRECTION('',(-0.,1.,0.));
#12864 = ORIENTED_EDGE('',*,*,#12865,.T.);
#12865 = EDGE_CURVE('',#12858,#12866,#12868,.T.);
#12866 = VERTEX_POINT('',#12867);
#12867 = CARTESIAN_POINT('',(3.4,34.01,3.61));
#12868 = LINE('',#12869,#12870);
#12869 = CARTESIAN_POINT('',(3.4,34.01,1.61));
#12870 = VECTOR('',#12871,1.);
#12871 = DIRECTION('',(0.,0.,1.));
#12872 = ORIENTED_EDGE('',*,*,#12873,.F.);
#12873 = EDGE_CURVE('',#12850,#12866,#12874,.T.);
#12874 = LINE('',#12875,#12876);
#12875 = CARTESIAN_POINT('',(3.4,31.39,3.61));
#12876 = VECTOR('',#12877,1.);
#12877 = DIRECTION('',(-0.,1.,0.));
#12878 = PLANE('',#12879);
#12879 = AXIS2_PLACEMENT_3D('',#12880,#12881,#12882);
#12880 = CARTESIAN_POINT('',(3.4,31.39,1.61));
#12881 = DIRECTION('',(1.,0.,-0.));
#12882 = DIRECTION('',(0.,0.,1.));
#12883 = ADVANCED_FACE('',(#12884),#12918,.T.);
#12884 = FACE_BOUND('',#12885,.T.);
#12885 = EDGE_LOOP('',(#12886,#12896,#12904,#12912));
#12886 = ORIENTED_EDGE('',*,*,#12887,.F.);
#12887 = EDGE_CURVE('',#12888,#12890,#12892,.T.);
#12888 = VERTEX_POINT('',#12889);
#12889 = CARTESIAN_POINT('',(4.,31.39,1.61));
#12890 = VERTEX_POINT('',#12891);
#12891 = CARTESIAN_POINT('',(4.,31.39,3.61));
#12892 = LINE('',#12893,#12894);
#12893 = CARTESIAN_POINT('',(4.,31.39,1.61));
#12894 = VECTOR('',#12895,1.);
#12895 = DIRECTION('',(0.,0.,1.));
#12896 = ORIENTED_EDGE('',*,*,#12897,.T.);
#12897 = EDGE_CURVE('',#12888,#12898,#12900,.T.);
#12898 = VERTEX_POINT('',#12899);
#12899 = CARTESIAN_POINT('',(4.,34.01,1.61));
#12900 = LINE('',#12901,#12902);
#12901 = CARTESIAN_POINT('',(4.,31.39,1.61));
#12902 = VECTOR('',#12903,1.);
#12903 = DIRECTION('',(-0.,1.,0.));
#12904 = ORIENTED_EDGE('',*,*,#12905,.T.);
#12905 = EDGE_CURVE('',#12898,#12906,#12908,.T.);
#12906 = VERTEX_POINT('',#12907);
#12907 = CARTESIAN_POINT('',(4.,34.01,3.61));
#12908 = LINE('',#12909,#12910);
#12909 = CARTESIAN_POINT('',(4.,34.01,1.61));
#12910 = VECTOR('',#12911,1.);
#12911 = DIRECTION('',(0.,0.,1.));
#12912 = ORIENTED_EDGE('',*,*,#12913,.F.);
#12913 = EDGE_CURVE('',#12890,#12906,#12914,.T.);
#12914 = LINE('',#12915,#12916);
#12915 = CARTESIAN_POINT('',(4.,31.39,3.61));
#12916 = VECTOR('',#12917,1.);
#12917 = DIRECTION('',(-0.,1.,0.));
#12918 = PLANE('',#12919);
#12919 = AXIS2_PLACEMENT_3D('',#12920,#12921,#12922);
#12920 = CARTESIAN_POINT('',(4.,31.39,1.61));
#12921 = DIRECTION('',(1.,0.,-0.));
#12922 = DIRECTION('',(0.,0.,1.));
#12923 = ADVANCED_FACE('',(#12924),#12940,.F.);
#12924 = FACE_BOUND('',#12925,.F.);
#12925 = EDGE_LOOP('',(#12926,#12932,#12933,#12939));
#12926 = ORIENTED_EDGE('',*,*,#12927,.F.);
#12927 = EDGE_CURVE('',#12848,#12888,#12928,.T.);
#12928 = LINE('',#12929,#12930);
#12929 = CARTESIAN_POINT('',(3.4,31.39,1.61));
#12930 = VECTOR('',#12931,1.);
#12931 = DIRECTION('',(1.,0.,-0.));
#12932 = ORIENTED_EDGE('',*,*,#12847,.T.);
#12933 = ORIENTED_EDGE('',*,*,#12934,.T.);
#12934 = EDGE_CURVE('',#12850,#12890,#12935,.T.);
#12935 = LINE('',#12936,#12937);
#12936 = CARTESIAN_POINT('',(3.4,31.39,3.61));
#12937 = VECTOR('',#12938,1.);
#12938 = DIRECTION('',(1.,0.,-0.));
#12939 = ORIENTED_EDGE('',*,*,#12887,.F.);
#12940 = PLANE('',#12941);
#12941 = AXIS2_PLACEMENT_3D('',#12942,#12943,#12944);
#12942 = CARTESIAN_POINT('',(3.4,31.39,1.61));
#12943 = DIRECTION('',(-0.,1.,0.));
#12944 = DIRECTION('',(0.,0.,1.));
#12945 = ADVANCED_FACE('',(#12946),#12962,.T.);
#12946 = FACE_BOUND('',#12947,.T.);
#12947 = EDGE_LOOP('',(#12948,#12954,#12955,#12961));
#12948 = ORIENTED_EDGE('',*,*,#12949,.F.);
#12949 = EDGE_CURVE('',#12858,#12898,#12950,.T.);
#12950 = LINE('',#12951,#12952);
#12951 = CARTESIAN_POINT('',(3.4,34.01,1.61));
#12952 = VECTOR('',#12953,1.);
#12953 = DIRECTION('',(1.,0.,-0.));
#12954 = ORIENTED_EDGE('',*,*,#12865,.T.);
#12955 = ORIENTED_EDGE('',*,*,#12956,.T.);
#12956 = EDGE_CURVE('',#12866,#12906,#12957,.T.);
#12957 = LINE('',#12958,#12959);
#12958 = CARTESIAN_POINT('',(3.4,34.01,3.61));
#12959 = VECTOR('',#12960,1.);
#12960 = DIRECTION('',(1.,0.,-0.));
#12961 = ORIENTED_EDGE('',*,*,#12905,.F.);
#12962 = PLANE('',#12963);
#12963 = AXIS2_PLACEMENT_3D('',#12964,#12965,#12966);
#12964 = CARTESIAN_POINT('',(3.4,34.01,1.61));
#12965 = DIRECTION('',(-0.,1.,0.));
#12966 = DIRECTION('',(0.,0.,1.));
#12967 = ADVANCED_FACE('',(#12968),#12974,.F.);
#12968 = FACE_BOUND('',#12969,.F.);
#12969 = EDGE_LOOP('',(#12970,#12971,#12972,#12973));
#12970 = ORIENTED_EDGE('',*,*,#12857,.F.);
#12971 = ORIENTED_EDGE('',*,*,#12927,.T.);
#12972 = ORIENTED_EDGE('',*,*,#12897,.T.);
#12973 = ORIENTED_EDGE('',*,*,#12949,.F.);
#12974 = PLANE('',#12975);
#12975 = AXIS2_PLACEMENT_3D('',#12976,#12977,#12978);
#12976 = CARTESIAN_POINT('',(3.4,31.39,1.61));
#12977 = DIRECTION('',(0.,0.,1.));
#12978 = DIRECTION('',(1.,0.,-0.));
#12979 = ADVANCED_FACE('',(#12980),#12986,.T.);
#12980 = FACE_BOUND('',#12981,.T.);
#12981 = EDGE_LOOP('',(#12982,#12983,#12984,#12985));
#12982 = ORIENTED_EDGE('',*,*,#12873,.F.);
#12983 = ORIENTED_EDGE('',*,*,#12934,.T.);
#12984 = ORIENTED_EDGE('',*,*,#12913,.T.);
#12985 = ORIENTED_EDGE('',*,*,#12956,.F.);
#12986 = PLANE('',#12987);
#12987 = AXIS2_PLACEMENT_3D('',#12988,#12989,#12990);
#12988 = CARTESIAN_POINT('',(3.4,31.39,3.61));
#12989 = DIRECTION('',(0.,0.,1.));
#12990 = DIRECTION('',(1.,0.,-0.));
#12991 = ( GEOMETRIC_REPRESENTATION_CONTEXT(3) 
GLOBAL_UNCERTAINTY_ASSIGNED_CONTEXT((#12995)) 
GLOBAL_UNIT_ASSIGNED_CONTEXT((#12992,#12993,#12994)) 
REPRESENTATION_CONTEXT('Context #1',
  '3D Context with UNIT and UNCERTAINTY') );
#12992 = ( LENGTH_UNIT() NAMED_UNIT(*) SI_UNIT(.MILLI.,.METRE.) );
#12993 = ( NAMED_UNIT(*) PLANE_ANGLE_UNIT() SI_UNIT($,.RADIAN.) );
#12994 = ( NAMED_UNIT(*) SI_UNIT($,.STERADIAN.) SOLID_ANGLE_UNIT() );
#12995 = UNCERTAINTY_MEASURE_WITH_UNIT(LENGTH_MEASURE(1.E-07),#12992,
  'distance_accuracy_value','confusion accuracy');
#12996 = CONTEXT_DEPENDENT_SHAPE_REPRESENTATION(#12997,#12999);
#12997 = ( REPRESENTATION_RELATIONSHIP('','',#12840,#10) 
REPRESENTATION_RELATIONSHIP_WITH_TRANSFORMATION(#12998) 
SHAPE_REPRESENTATION_RELATIONSHIP() );
#12998 = ITEM_DEFINED_TRANSFORMATION('','',#11,#175);
#12999 = PRODUCT_DEFINITION_SHAPE('Placement','Placement of an item',
  #13000);
#13000 = NEXT_ASSEMBLY_USAGE_OCCURRENCE('41','D_L3_band','',#5,#12835,$
  );
#13001 = PRODUCT_RELATED_PRODUCT_CATEGORY('part',$,(#12837));
#13002 = SHAPE_DEFINITION_REPRESENTATION(#13003,#13009);
#13003 = PRODUCT_DEFINITION_SHAPE('','',#13004);
#13004 = PRODUCT_DEFINITION('design','',#13005,#13008);
#13005 = PRODUCT_DEFINITION_FORMATION('','',#13006);
#13006 = PRODUCT('D_R3','D_R3','',(#13007));
#13007 = PRODUCT_CONTEXT('',#2,'mechanical');
#13008 = PRODUCT_DEFINITION_CONTEXT('part definition',#2,'design');
#13009 = ADVANCED_BREP_SHAPE_REPRESENTATION('',(#11,#13010),#13160);
#13010 = MANIFOLD_SOLID_BREP('',#13011);
#13011 = CLOSED_SHELL('',(#13012,#13052,#13092,#13114,#13136,#13148));
#13012 = ADVANCED_FACE('',(#13013),#13047,.F.);
#13013 = FACE_BOUND('',#13014,.F.);
#13014 = EDGE_LOOP('',(#13015,#13025,#13033,#13041));
#13015 = ORIENTED_EDGE('',*,*,#13016,.F.);
#13016 = EDGE_CURVE('',#13017,#13019,#13021,.T.);
#13017 = VERTEX_POINT('',#13018);
#13018 = CARTESIAN_POINT('',(35.7,31.4,1.6));
#13019 = VERTEX_POINT('',#13020);
#13020 = CARTESIAN_POINT('',(35.7,31.4,3.6));
#13021 = LINE('',#13022,#13023);
#13022 = CARTESIAN_POINT('',(35.7,31.4,1.6));
#13023 = VECTOR('',#13024,1.);
#13024 = DIRECTION('',(0.,0.,1.));
#13025 = ORIENTED_EDGE('',*,*,#13026,.T.);
#13026 = EDGE_CURVE('',#13017,#13027,#13029,.T.);
#13027 = VERTEX_POINT('',#13028);
#13028 = CARTESIAN_POINT('',(35.7,34.,1.6));
#13029 = LINE('',#13030,#13031);
#13030 = CARTESIAN_POINT('',(35.7,31.4,1.6));
#13031 = VECTOR('',#13032,1.);
#13032 = DIRECTION('',(-0.,1.,0.));
#13033 = ORIENTED_EDGE('',*,*,#13034,.T.);
#13034 = EDGE_CURVE('',#13027,#13035,#13037,.T.);
#13035 = VERTEX_POINT('',#13036);
#13036 = CARTESIAN_POINT('',(35.7,34.,3.6));
#13037 = LINE('',#13038,#13039);
#13038 = CARTESIAN_POINT('',(35.7,34.,1.6));
#13039 = VECTOR('',#13040,1.);
#13040 = DIRECTION('',(0.,0.,1.));
#13041 = ORIENTED_EDGE('',*,*,#13042,.F.);
#13042 = EDGE_CURVE('',#13019,#13035,#13043,.T.);
#13043 = LINE('',#13044,#13045);
#13044 = CARTESIAN_POINT('',(35.7,31.4,3.6));
#13045 = VECTOR('',#13046,1.);
#13046 = DIRECTION('',(-0.,1.,0.));
#13047 = PLANE('',#13048);
#13048 = AXIS2_PLACEMENT_3D('',#13049,#13050,#13051);
#13049 = CARTESIAN_POINT('',(35.7,31.4,1.6));
#13050 = DIRECTION('',(1.,0.,-0.));
#13051 = DIRECTION('',(0.,0.,1.));
#13052 = ADVANCED_FACE('',(#13053),#13087,.T.);
#13053 = FACE_BOUND('',#13054,.T.);
#13054 = EDGE_LOOP('',(#13055,#13065,#13073,#13081));
#13055 = ORIENTED_EDGE('',*,*,#13056,.F.);
#13056 = EDGE_CURVE('',#13057,#13059,#13061,.T.);
#13057 = VERTEX_POINT('',#13058);
#13058 = CARTESIAN_POINT('',(40.,31.4,1.6));
#13059 = VERTEX_POINT('',#13060);
#13060 = CARTESIAN_POINT('',(40.,31.4,3.6));
#13061 = LINE('',#13062,#13063);
#13062 = CARTESIAN_POINT('',(40.,31.4,1.6));
#13063 = VECTOR('',#13064,1.);
#13064 = DIRECTION('',(0.,0.,1.));
#13065 = ORIENTED_EDGE('',*,*,#13066,.T.);
#13066 = EDGE_CURVE('',#13057,#13067,#13069,.T.);
#13067 = VERTEX_POINT('',#13068);
#13068 = CARTESIAN_POINT('',(40.,34.,1.6));
#13069 = LINE('',#13070,#13071);
#13070 = CARTESIAN_POINT('',(40.,31.4,1.6));
#13071 = VECTOR('',#13072,1.);
#13072 = DIRECTION('',(-0.,1.,0.));
#13073 = ORIENTED_EDGE('',*,*,#13074,.T.);
#13074 = EDGE_CURVE('',#13067,#13075,#13077,.T.);
#13075 = VERTEX_POINT('',#13076);
#13076 = CARTESIAN_POINT('',(40.,34.,3.6));
#13077 = LINE('',#13078,#13079);
#13078 = CARTESIAN_POINT('',(40.,34.,1.6));
#13079 = VECTOR('',#13080,1.);
#13080 = DIRECTION('',(0.,0.,1.));
#13081 = ORIENTED_EDGE('',*,*,#13082,.F.);
#13082 = EDGE_CURVE('',#13059,#13075,#13083,.T.);
#13083 = LINE('',#13084,#13085);
#13084 = CARTESIAN_POINT('',(40.,31.4,3.6));
#13085 = VECTOR('',#13086,1.);
#13086 = DIRECTION('',(-0.,1.,0.));
#13087 = PLANE('',#13088);
#13088 = AXIS2_PLACEMENT_3D('',#13089,#13090,#13091);
#13089 = CARTESIAN_POINT('',(40.,31.4,1.6));
#13090 = DIRECTION('',(1.,0.,-0.));
#13091 = DIRECTION('',(0.,0.,1.));
#13092 = ADVANCED_FACE('',(#13093),#13109,.F.);
#13093 = FACE_BOUND('',#13094,.F.);
#13094 = EDGE_LOOP('',(#13095,#13101,#13102,#13108));
#13095 = ORIENTED_EDGE('',*,*,#13096,.F.);
#13096 = EDGE_CURVE('',#13017,#13057,#13097,.T.);
#13097 = LINE('',#13098,#13099);
#13098 = CARTESIAN_POINT('',(35.7,31.4,1.6));
#13099 = VECTOR('',#13100,1.);
#13100 = DIRECTION('',(1.,0.,-0.));
#13101 = ORIENTED_EDGE('',*,*,#13016,.T.);
#13102 = ORIENTED_EDGE('',*,*,#13103,.T.);
#13103 = EDGE_CURVE('',#13019,#13059,#13104,.T.);
#13104 = LINE('',#13105,#13106);
#13105 = CARTESIAN_POINT('',(35.7,31.4,3.6));
#13106 = VECTOR('',#13107,1.);
#13107 = DIRECTION('',(1.,0.,-0.));
#13108 = ORIENTED_EDGE('',*,*,#13056,.F.);
#13109 = PLANE('',#13110);
#13110 = AXIS2_PLACEMENT_3D('',#13111,#13112,#13113);
#13111 = CARTESIAN_POINT('',(35.7,31.4,1.6));
#13112 = DIRECTION('',(-0.,1.,0.));
#13113 = DIRECTION('',(0.,0.,1.));
#13114 = ADVANCED_FACE('',(#13115),#13131,.T.);
#13115 = FACE_BOUND('',#13116,.T.);
#13116 = EDGE_LOOP('',(#13117,#13123,#13124,#13130));
#13117 = ORIENTED_EDGE('',*,*,#13118,.F.);
#13118 = EDGE_CURVE('',#13027,#13067,#13119,.T.);
#13119 = LINE('',#13120,#13121);
#13120 = CARTESIAN_POINT('',(35.7,34.,1.6));
#13121 = VECTOR('',#13122,1.);
#13122 = DIRECTION('',(1.,0.,-0.));
#13123 = ORIENTED_EDGE('',*,*,#13034,.T.);
#13124 = ORIENTED_EDGE('',*,*,#13125,.T.);
#13125 = EDGE_CURVE('',#13035,#13075,#13126,.T.);
#13126 = LINE('',#13127,#13128);
#13127 = CARTESIAN_POINT('',(35.7,34.,3.6));
#13128 = VECTOR('',#13129,1.);
#13129 = DIRECTION('',(1.,0.,-0.));
#13130 = ORIENTED_EDGE('',*,*,#13074,.F.);
#13131 = PLANE('',#13132);
#13132 = AXIS2_PLACEMENT_3D('',#13133,#13134,#13135);
#13133 = CARTESIAN_POINT('',(35.7,34.,1.6));
#13134 = DIRECTION('',(-0.,1.,0.));
#13135 = DIRECTION('',(0.,0.,1.));
#13136 = ADVANCED_FACE('',(#13137),#13143,.F.);
#13137 = FACE_BOUND('',#13138,.F.);
#13138 = EDGE_LOOP('',(#13139,#13140,#13141,#13142));
#13139 = ORIENTED_EDGE('',*,*,#13026,.F.);
#13140 = ORIENTED_EDGE('',*,*,#13096,.T.);
#13141 = ORIENTED_EDGE('',*,*,#13066,.T.);
#13142 = ORIENTED_EDGE('',*,*,#13118,.F.);
#13143 = PLANE('',#13144);
#13144 = AXIS2_PLACEMENT_3D('',#13145,#13146,#13147);
#13145 = CARTESIAN_POINT('',(35.7,31.4,1.6));
#13146 = DIRECTION('',(0.,0.,1.));
#13147 = DIRECTION('',(1.,0.,-0.));
#13148 = ADVANCED_FACE('',(#13149),#13155,.T.);
#13149 = FACE_BOUND('',#13150,.T.);
#13150 = EDGE_LOOP('',(#13151,#13152,#13153,#13154));
#13151 = ORIENTED_EDGE('',*,*,#13042,.F.);
#13152 = ORIENTED_EDGE('',*,*,#13103,.T.);
#13153 = ORIENTED_EDGE('',*,*,#13082,.T.);
#13154 = ORIENTED_EDGE('',*,*,#13125,.F.);
#13155 = PLANE('',#13156);
#13156 = AXIS2_PLACEMENT_3D('',#13157,#13158,#13159);
#13157 = CARTESIAN_POINT('',(35.7,31.4,3.6));
#13158 = DIRECTION('',(0.,0.,1.));
#13159 = DIRECTION('',(1.,0.,-0.));
#13160 = ( GEOMETRIC_REPRESENTATION_CONTEXT(3) 
GLOBAL_UNCERTAINTY_ASSIGNED_CONTEXT((#13164)) 
GLOBAL_UNIT_ASSIGNED_CONTEXT((#13161,#13162,#13163)) 
REPRESENTATION_CONTEXT('Context #1',
  '3D Context with UNIT and UNCERTAINTY') );
#13161 = ( LENGTH_UNIT() NAMED_UNIT(*) SI_UNIT(.MILLI.,.METRE.) );
#13162 = ( NAMED_UNIT(*) PLANE_ANGLE_UNIT() SI_UNIT($,.RADIAN.) );
#13163 = ( NAMED_UNIT(*) SI_UNIT($,.STERADIAN.) SOLID_ANGLE_UNIT() );
#13164 = UNCERTAINTY_MEASURE_WITH_UNIT(LENGTH_MEASURE(1.E-07),#13161,
  'distance_accuracy_value','confusion accuracy');
#13165 = CONTEXT_DEPENDENT_SHAPE_REPRESENTATION(#13166,#13168);
#13166 = ( REPRESENTATION_RELATIONSHIP('','',#13009,#10) 
REPRESENTATION_RELATIONSHIP_WITH_TRANSFORMATION(#13167) 
SHAPE_REPRESENTATION_RELATIONSHIP() );
#13167 = ITEM_DEFINED_TRANSFORMATION('','',#11,#179);
#13168 = PRODUCT_DEFINITION_SHAPE('Placement','Placement of an item',
  #13169);
#13169 = NEXT_ASSEMBLY_USAGE_OCCURRENCE('42','D_R3','',#5,#13004,$);
#13170 = PRODUCT_RELATED_PRODUCT_CATEGORY('part',$,(#13006));
#13171 = SHAPE_DEFINITION_REPRESENTATION(#13172,#13178);
#13172 = PRODUCT_DEFINITION_SHAPE('','',#13173);
#13173 = PRODUCT_DEFINITION('design','',#13174,#13177);
#13174 = PRODUCT_DEFINITION_FORMATION('','',#13175);
#13175 = PRODUCT('D_R3_band','D_R3_band','',(#13176));
#13176 = PRODUCT_CONTEXT('',#2,'mechanical');
#13177 = PRODUCT_DEFINITION_CONTEXT('part definition',#2,'design');
#13178 = ADVANCED_BREP_SHAPE_REPRESENTATION('',(#11,#13179),#13329);
#13179 = MANIFOLD_SOLID_BREP('',#13180);
#13180 = CLOSED_SHELL('',(#13181,#13221,#13261,#13283,#13305,#13317));
#13181 = ADVANCED_FACE('',(#13182),#13216,.F.);
#13182 = FACE_BOUND('',#13183,.F.);
#13183 = EDGE_LOOP('',(#13184,#13194,#13202,#13210));
#13184 = ORIENTED_EDGE('',*,*,#13185,.F.);
#13185 = EDGE_CURVE('',#13186,#13188,#13190,.T.);
#13186 = VERTEX_POINT('',#13187);
#13187 = CARTESIAN_POINT('',(36.1,31.39,1.61));
#13188 = VERTEX_POINT('',#13189);
#13189 = CARTESIAN_POINT('',(36.1,31.39,3.61));
#13190 = LINE('',#13191,#13192);
#13191 = CARTESIAN_POINT('',(36.1,31.39,1.61));
#13192 = VECTOR('',#13193,1.);
#13193 = DIRECTION('',(0.,0.,1.));
#13194 = ORIENTED_EDGE('',*,*,#13195,.T.);
#13195 = EDGE_CURVE('',#13186,#13196,#13198,.T.);
#13196 = VERTEX_POINT('',#13197);
#13197 = CARTESIAN_POINT('',(36.1,34.01,1.61));
#13198 = LINE('',#13199,#13200);
#13199 = CARTESIAN_POINT('',(36.1,31.39,1.61));
#13200 = VECTOR('',#13201,1.);
#13201 = DIRECTION('',(-0.,1.,0.));
#13202 = ORIENTED_EDGE('',*,*,#13203,.T.);
#13203 = EDGE_CURVE('',#13196,#13204,#13206,.T.);
#13204 = VERTEX_POINT('',#13205);
#13205 = CARTESIAN_POINT('',(36.1,34.01,3.61));
#13206 = LINE('',#13207,#13208);
#13207 = CARTESIAN_POINT('',(36.1,34.01,1.61));
#13208 = VECTOR('',#13209,1.);
#13209 = DIRECTION('',(0.,0.,1.));
#13210 = ORIENTED_EDGE('',*,*,#13211,.F.);
#13211 = EDGE_CURVE('',#13188,#13204,#13212,.T.);
#13212 = LINE('',#13213,#13214);
#13213 = CARTESIAN_POINT('',(36.1,31.39,3.61));
#13214 = VECTOR('',#13215,1.);
#13215 = DIRECTION('',(-0.,1.,0.));
#13216 = PLANE('',#13217);
#13217 = AXIS2_PLACEMENT_3D('',#13218,#13219,#13220);
#13218 = CARTESIAN_POINT('',(36.1,31.39,1.61));
#13219 = DIRECTION('',(1.,0.,-0.));
#13220 = DIRECTION('',(0.,0.,1.));
#13221 = ADVANCED_FACE('',(#13222),#13256,.T.);
#13222 = FACE_BOUND('',#13223,.T.);
#13223 = EDGE_LOOP('',(#13224,#13234,#13242,#13250));
#13224 = ORIENTED_EDGE('',*,*,#13225,.F.);
#13225 = EDGE_CURVE('',#13226,#13228,#13230,.T.);
#13226 = VERTEX_POINT('',#13227);
#13227 = CARTESIAN_POINT('',(36.7,31.39,1.61));
#13228 = VERTEX_POINT('',#13229);
#13229 = CARTESIAN_POINT('',(36.7,31.39,3.61));
#13230 = LINE('',#13231,#13232);
#13231 = CARTESIAN_POINT('',(36.7,31.39,1.61));
#13232 = VECTOR('',#13233,1.);
#13233 = DIRECTION('',(0.,0.,1.));
#13234 = ORIENTED_EDGE('',*,*,#13235,.T.);
#13235 = EDGE_CURVE('',#13226,#13236,#13238,.T.);
#13236 = VERTEX_POINT('',#13237);
#13237 = CARTESIAN_POINT('',(36.7,34.01,1.61));
#13238 = LINE('',#13239,#13240);
#13239 = CARTESIAN_POINT('',(36.7,31.39,1.61));
#13240 = VECTOR('',#13241,1.);
#13241 = DIRECTION('',(-0.,1.,0.));
#13242 = ORIENTED_EDGE('',*,*,#13243,.T.);
#13243 = EDGE_CURVE('',#13236,#13244,#13246,.T.);
#13244 = VERTEX_POINT('',#13245);
#13245 = CARTESIAN_POINT('',(36.7,34.01,3.61));
#13246 = LINE('',#13247,#13248);
#13247 = CARTESIAN_POINT('',(36.7,34.01,1.61));
#13248 = VECTOR('',#13249,1.);
#13249 = DIRECTION('',(0.,0.,1.));
#13250 = ORIENTED_EDGE('',*,*,#13251,.F.);
#13251 = EDGE_CURVE('',#13228,#13244,#13252,.T.);
#13252 = LINE('',#13253,#13254);
#13253 = CARTESIAN_POINT('',(36.7,31.39,3.61));
#13254 = VECTOR('',#13255,1.);
#13255 = DIRECTION('',(-0.,1.,0.));
#13256 = PLANE('',#13257);
#13257 = AXIS2_PLACEMENT_3D('',#13258,#13259,#13260);
#13258 = CARTESIAN_POINT('',(36.7,31.39,1.61));
#13259 = DIRECTION('',(1.,0.,-0.));
#13260 = DIRECTION('',(0.,0.,1.));
#13261 = ADVANCED_FACE('',(#13262),#13278,.F.);
#13262 = FACE_BOUND('',#13263,.F.);
#13263 = EDGE_LOOP('',(#13264,#13270,#13271,#13277));
#13264 = ORIENTED_EDGE('',*,*,#13265,.F.);
#13265 = EDGE_CURVE('',#13186,#13226,#13266,.T.);
#13266 = LINE('',#13267,#13268);
#13267 = CARTESIAN_POINT('',(36.1,31.39,1.61));
#13268 = VECTOR('',#13269,1.);
#13269 = DIRECTION('',(1.,0.,-0.));
#13270 = ORIENTED_EDGE('',*,*,#13185,.T.);
#13271 = ORIENTED_EDGE('',*,*,#13272,.T.);
#13272 = EDGE_CURVE('',#13188,#13228,#13273,.T.);
#13273 = LINE('',#13274,#13275);
#13274 = CARTESIAN_POINT('',(36.1,31.39,3.61));
#13275 = VECTOR('',#13276,1.);
#13276 = DIRECTION('',(1.,0.,-0.));
#13277 = ORIENTED_EDGE('',*,*,#13225,.F.);
#13278 = PLANE('',#13279);
#13279 = AXIS2_PLACEMENT_3D('',#13280,#13281,#13282);
#13280 = CARTESIAN_POINT('',(36.1,31.39,1.61));
#13281 = DIRECTION('',(-0.,1.,0.));
#13282 = DIRECTION('',(0.,0.,1.));
#13283 = ADVANCED_FACE('',(#13284),#13300,.T.);
#13284 = FACE_BOUND('',#13285,.T.);
#13285 = EDGE_LOOP('',(#13286,#13292,#13293,#13299));
#13286 = ORIENTED_EDGE('',*,*,#13287,.F.);
#13287 = EDGE_CURVE('',#13196,#13236,#13288,.T.);
#13288 = LINE('',#13289,#13290);
#13289 = CARTESIAN_POINT('',(36.1,34.01,1.61));
#13290 = VECTOR('',#13291,1.);
#13291 = DIRECTION('',(1.,0.,-0.));
#13292 = ORIENTED_EDGE('',*,*,#13203,.T.);
#13293 = ORIENTED_EDGE('',*,*,#13294,.T.);
#13294 = EDGE_CURVE('',#13204,#13244,#13295,.T.);
#13295 = LINE('',#13296,#13297);
#13296 = CARTESIAN_POINT('',(36.1,34.01,3.61));
#13297 = VECTOR('',#13298,1.);
#13298 = DIRECTION('',(1.,0.,-0.));
#13299 = ORIENTED_EDGE('',*,*,#13243,.F.);
#13300 = PLANE('',#13301);
#13301 = AXIS2_PLACEMENT_3D('',#13302,#13303,#13304);
#13302 = CARTESIAN_POINT('',(36.1,34.01,1.61));
#13303 = DIRECTION('',(-0.,1.,0.));
#13304 = DIRECTION('',(0.,0.,1.));
#13305 = ADVANCED_FACE('',(#13306),#13312,.F.);
#13306 = FACE_BOUND('',#13307,.F.);
#13307 = EDGE_LOOP('',(#13308,#13309,#13310,#13311));
#13308 = ORIENTED_EDGE('',*,*,#13195,.F.);
#13309 = ORIENTED_EDGE('',*,*,#13265,.T.);
#13310 = ORIENTED_EDGE('',*,*,#13235,.T.);
#13311 = ORIENTED_EDGE('',*,*,#13287,.F.);
#13312 = PLANE('',#13313);
#13313 = AXIS2_PLACEMENT_3D('',#13314,#13315,#13316);
#13314 = CARTESIAN_POINT('',(36.1,31.39,1.61));
#13315 = DIRECTION('',(0.,0.,1.));
#13316 = DIRECTION('',(1.,0.,-0.));
#13317 = ADVANCED_FACE('',(#13318),#13324,.T.);
#13318 = FACE_BOUND('',#13319,.T.);
#13319 = EDGE_LOOP('',(#13320,#13321,#13322,#13323));
#13320 = ORIENTED_EDGE('',*,*,#13211,.F.);
#13321 = ORIENTED_EDGE('',*,*,#13272,.T.);
#13322 = ORIENTED_EDGE('',*,*,#13251,.T.);
#13323 = ORIENTED_EDGE('',*,*,#13294,.F.);
#13324 = PLANE('',#13325);
#13325 = AXIS2_PLACEMENT_3D('',#13326,#13327,#13328);
#13326 = CARTESIAN_POINT('',(36.1,31.39,3.61));
#13327 = DIRECTION('',(0.,0.,1.));
#13328 = DIRECTION('',(1.,0.,-0.));
#13329 = ( GEOMETRIC_REPRESENTATION_CONTEXT(3) 
GLOBAL_UNCERTAINTY_ASSIGNED_CONTEXT((#13333)) 
GLOBAL_UNIT_ASSIGNED_CONTEXT((#13330,#13331,#13332)) 
REPRESENTATION_CONTEXT('Context #1',
  '3D Context with UNIT and UNCERTAINTY') );
#13330 = ( LENGTH_UNIT() NAMED_UNIT(*) SI_UNIT(.MILLI.,.METRE.) );
#13331 = ( NAMED_UNIT(*) PLANE_ANGLE_UNIT() SI_UNIT($,.RADIAN.) );
#13332 = ( NAMED_UNIT(*) SI_UNIT($,.STERADIAN.) SOLID_ANGLE_UNIT() );
#13333 = UNCERTAINTY_MEASURE_WITH_UNIT(LENGTH_MEASURE(1.E-07),#13330,
  'distance_accuracy_value','confusion accuracy');
#13334 = CONTEXT_DEPENDENT_SHAPE_REPRESENTATION(#13335,#13337);
#13335 = ( REPRESENTATION_RELATIONSHIP('','',#13178,#10) 
REPRESENTATION_RELATIONSHIP_WITH_TRANSFORMATION(#13336) 
SHAPE_REPRESENTATION_RELATIONSHIP() );
#13336 = ITEM_DEFINED_TRANSFORMATION('','',#11,#183);
#13337 = PRODUCT_DEFINITION_SHAPE('Placement','Placement of an item',
  #13338);
#13338 = NEXT_ASSEMBLY_USAGE_OCCURRENCE('43','D_R3_band','',#5,#13173,$
  );
#13339 = PRODUCT_RELATED_PRODUCT_CATEGORY('part',$,(#13175));
#13340 = SHAPE_DEFINITION_REPRESENTATION(#13341,#13347);
#13341 = PRODUCT_DEFINITION_SHAPE('','',#13342);
#13342 = PRODUCT_DEFINITION('design','',#13343,#13346);
#13343 = PRODUCT_DEFINITION_FORMATION('','',#13344);
#13344 = PRODUCT('D_L4','D_L4','',(#13345));
#13345 = PRODUCT_CONTEXT('',#2,'mechanical');
#13346 = PRODUCT_DEFINITION_CONTEXT('part definition',#2,'design');
#13347 = ADVANCED_BREP_SHAPE_REPRESENTATION('',(#11,#13348),#13498);
#13348 = MANIFOLD_SOLID_BREP('',#13349);
#13349 = CLOSED_SHELL('',(#13350,#13390,#13430,#13452,#13474,#13486));
#13350 = ADVANCED_FACE('',(#13351),#13385,.F.);
#13351 = FACE_BOUND('',#13352,.F.);
#13352 = EDGE_LOOP('',(#13353,#13363,#13371,#13379));
#13353 = ORIENTED_EDGE('',*,*,#13354,.F.);
#13354 = EDGE_CURVE('',#13355,#13357,#13359,.T.);
#13355 = VERTEX_POINT('',#13356);
#13356 = CARTESIAN_POINT('',(3.,34.6,1.6));
#13357 = VERTEX_POINT('',#13358);
#13358 = CARTESIAN_POINT('',(3.,34.6,3.6));
#13359 = LINE('',#13360,#13361);
#13360 = CARTESIAN_POINT('',(3.,34.6,1.6));
#13361 = VECTOR('',#13362,1.);
#13362 = DIRECTION('',(0.,0.,1.));
#13363 = ORIENTED_EDGE('',*,*,#13364,.T.);
#13364 = EDGE_CURVE('',#13355,#13365,#13367,.T.);
#13365 = VERTEX_POINT('',#13366);
#13366 = CARTESIAN_POINT('',(3.,37.2,1.6));
#13367 = LINE('',#13368,#13369);
#13368 = CARTESIAN_POINT('',(3.,34.6,1.6));
#13369 = VECTOR('',#13370,1.);
#13370 = DIRECTION('',(-0.,1.,0.));
#13371 = ORIENTED_EDGE('',*,*,#13372,.T.);
#13372 = EDGE_CURVE('',#13365,#13373,#13375,.T.);
#13373 = VERTEX_POINT('',#13374);
#13374 = CARTESIAN_POINT('',(3.,37.2,3.6));
#13375 = LINE('',#13376,#13377);
#13376 = CARTESIAN_POINT('',(3.,37.2,1.6));
#13377 = VECTOR('',#13378,1.);
#13378 = DIRECTION('',(0.,0.,1.));
#13379 = ORIENTED_EDGE('',*,*,#13380,.F.);
#13380 = EDGE_CURVE('',#13357,#13373,#13381,.T.);
#13381 = LINE('',#13382,#13383);
#13382 = CARTESIAN_POINT('',(3.,34.6,3.6));
#13383 = VECTOR('',#13384,1.);
#13384 = DIRECTION('',(-0.,1.,0.));
#13385 = PLANE('',#13386);
#13386 = AXIS2_PLACEMENT_3D('',#13387,#13388,#13389);
#13387 = CARTESIAN_POINT('',(3.,34.6,1.6));
#13388 = DIRECTION('',(1.,0.,-0.));
#13389 = DIRECTION('',(0.,0.,1.));
#13390 = ADVANCED_FACE('',(#13391),#13425,.T.);
#13391 = FACE_BOUND('',#13392,.T.);
#13392 = EDGE_LOOP('',(#13393,#13403,#13411,#13419));
#13393 = ORIENTED_EDGE('',*,*,#13394,.F.);
#13394 = EDGE_CURVE('',#13395,#13397,#13399,.T.);
#13395 = VERTEX_POINT('',#13396);
#13396 = CARTESIAN_POINT('',(7.3,34.6,1.6));
#13397 = VERTEX_POINT('',#13398);
#13398 = CARTESIAN_POINT('',(7.3,34.6,3.6));
#13399 = LINE('',#13400,#13401);
#13400 = CARTESIAN_POINT('',(7.3,34.6,1.6));
#13401 = VECTOR('',#13402,1.);
#13402 = DIRECTION('',(0.,0.,1.));
#13403 = ORIENTED_EDGE('',*,*,#13404,.T.);
#13404 = EDGE_CURVE('',#13395,#13405,#13407,.T.);
#13405 = VERTEX_POINT('',#13406);
#13406 = CARTESIAN_POINT('',(7.3,37.2,1.6));
#13407 = LINE('',#13408,#13409);
#13408 = CARTESIAN_POINT('',(7.3,34.6,1.6));
#13409 = VECTOR('',#13410,1.);
#13410 = DIRECTION('',(-0.,1.,0.));
#13411 = ORIENTED_EDGE('',*,*,#13412,.T.);
#13412 = EDGE_CURVE('',#13405,#13413,#13415,.T.);
#13413 = VERTEX_POINT('',#13414);
#13414 = CARTESIAN_POINT('',(7.3,37.2,3.6));
#13415 = LINE('',#13416,#13417);
#13416 = CARTESIAN_POINT('',(7.3,37.2,1.6));
#13417 = VECTOR('',#13418,1.);
#13418 = DIRECTION('',(0.,0.,1.));
#13419 = ORIENTED_EDGE('',*,*,#13420,.F.);
#13420 = EDGE_CURVE('',#13397,#13413,#13421,.T.);
#13421 = LINE('',#13422,#13423);
#13422 = CARTESIAN_POINT('',(7.3,34.6,3.6));
#13423 = VECTOR('',#13424,1.);
#13424 = DIRECTION('',(-0.,1.,0.));
#13425 = PLANE('',#13426);
#13426 = AXIS2_PLACEMENT_3D('',#13427,#13428,#13429);
#13427 = CARTESIAN_POINT('',(7.3,34.6,1.6));
#13428 = DIRECTION('',(1.,0.,-0.));
#13429 = DIRECTION('',(0.,0.,1.));
#13430 = ADVANCED_FACE('',(#13431),#13447,.F.);
#13431 = FACE_BOUND('',#13432,.F.);
#13432 = EDGE_LOOP('',(#13433,#13439,#13440,#13446));
#13433 = ORIENTED_EDGE('',*,*,#13434,.F.);
#13434 = EDGE_CURVE('',#13355,#13395,#13435,.T.);
#13435 = LINE('',#13436,#13437);
#13436 = CARTESIAN_POINT('',(3.,34.6,1.6));
#13437 = VECTOR('',#13438,1.);
#13438 = DIRECTION('',(1.,0.,-0.));
#13439 = ORIENTED_EDGE('',*,*,#13354,.T.);
#13440 = ORIENTED_EDGE('',*,*,#13441,.T.);
#13441 = EDGE_CURVE('',#13357,#13397,#13442,.T.);
#13442 = LINE('',#13443,#13444);
#13443 = CARTESIAN_POINT('',(3.,34.6,3.6));
#13444 = VECTOR('',#13445,1.);
#13445 = DIRECTION('',(1.,0.,-0.));
#13446 = ORIENTED_EDGE('',*,*,#13394,.F.);
#13447 = PLANE('',#13448);
#13448 = AXIS2_PLACEMENT_3D('',#13449,#13450,#13451);
#13449 = CARTESIAN_POINT('',(3.,34.6,1.6));
#13450 = DIRECTION('',(-0.,1.,0.));
#13451 = DIRECTION('',(0.,0.,1.));
#13452 = ADVANCED_FACE('',(#13453),#13469,.T.);
#13453 = FACE_BOUND('',#13454,.T.);
#13454 = EDGE_LOOP('',(#13455,#13461,#13462,#13468));
#13455 = ORIENTED_EDGE('',*,*,#13456,.F.);
#13456 = EDGE_CURVE('',#13365,#13405,#13457,.T.);
#13457 = LINE('',#13458,#13459);
#13458 = CARTESIAN_POINT('',(3.,37.2,1.6));
#13459 = VECTOR('',#13460,1.);
#13460 = DIRECTION('',(1.,0.,-0.));
#13461 = ORIENTED_EDGE('',*,*,#13372,.T.);
#13462 = ORIENTED_EDGE('',*,*,#13463,.T.);
#13463 = EDGE_CURVE('',#13373,#13413,#13464,.T.);
#13464 = LINE('',#13465,#13466);
#13465 = CARTESIAN_POINT('',(3.,37.2,3.6));
#13466 = VECTOR('',#13467,1.);
#13467 = DIRECTION('',(1.,0.,-0.));
#13468 = ORIENTED_EDGE('',*,*,#13412,.F.);
#13469 = PLANE('',#13470);
#13470 = AXIS2_PLACEMENT_3D('',#13471,#13472,#13473);
#13471 = CARTESIAN_POINT('',(3.,37.2,1.6));
#13472 = DIRECTION('',(-0.,1.,0.));
#13473 = DIRECTION('',(0.,0.,1.));
#13474 = ADVANCED_FACE('',(#13475),#13481,.F.);
#13475 = FACE_BOUND('',#13476,.F.);
#13476 = EDGE_LOOP('',(#13477,#13478,#13479,#13480));
#13477 = ORIENTED_EDGE('',*,*,#13364,.F.);
#13478 = ORIENTED_EDGE('',*,*,#13434,.T.);
#13479 = ORIENTED_EDGE('',*,*,#13404,.T.);
#13480 = ORIENTED_EDGE('',*,*,#13456,.F.);
#13481 = PLANE('',#13482);
#13482 = AXIS2_PLACEMENT_3D('',#13483,#13484,#13485);
#13483 = CARTESIAN_POINT('',(3.,34.6,1.6));
#13484 = DIRECTION('',(0.,0.,1.));
#13485 = DIRECTION('',(1.,0.,-0.));
#13486 = ADVANCED_FACE('',(#13487),#13493,.T.);
#13487 = FACE_BOUND('',#13488,.T.);
#13488 = EDGE_LOOP('',(#13489,#13490,#13491,#13492));
#13489 = ORIENTED_EDGE('',*,*,#13380,.F.);
#13490 = ORIENTED_EDGE('',*,*,#13441,.T.);
#13491 = ORIENTED_EDGE('',*,*,#13420,.T.);
#13492 = ORIENTED_EDGE('',*,*,#13463,.F.);
#13493 = PLANE('',#13494);
#13494 = AXIS2_PLACEMENT_3D('',#13495,#13496,#13497);
#13495 = CARTESIAN_POINT('',(3.,34.6,3.6));
#13496 = DIRECTION('',(0.,0.,1.));
#13497 = DIRECTION('',(1.,0.,-0.));
#13498 = ( GEOMETRIC_REPRESENTATION_CONTEXT(3) 
GLOBAL_UNCERTAINTY_ASSIGNED_CONTEXT((#13502)) 
GLOBAL_UNIT_ASSIGNED_CONTEXT((#13499,#13500,#13501)) 
REPRESENTATION_CONTEXT('Context #1',
  '3D Context with UNIT and UNCERTAINTY') );
#13499 = ( LENGTH_UNIT() NAMED_UNIT(*) SI_UNIT(.MILLI.,.METRE.) );
#13500 = ( NAMED_UNIT(*) PLANE_ANGLE_UNIT() SI_UNIT($,.RADIAN.) );
#13501 = ( NAMED_UNIT(*) SI_UNIT($,.STERADIAN.) SOLID_ANGLE_UNIT() );
#13502 = UNCERTAINTY_MEASURE_WITH_UNIT(LENGTH_MEASURE(1.E-07),#13499,
  'distance_accuracy_value','confusion accuracy');
#13503 = CONTEXT_DEPENDENT_SHAPE_REPRESENTATION(#13504,#13506);
#13504 = ( REPRESENTATION_RELATIONSHIP('','',#13347,#10) 
REPRESENTATION_RELATIONSHIP_WITH_TRANSFORMATION(#13505) 
SHAPE_REPRESENTATION_RELATIONSHIP() );
#13505 = ITEM_DEFINED_TRANSFORMATION('','',#11,#187);
#13506 = PRODUCT_DEFINITION_SHAPE('Placement','Placement of an item',
  #13507);
#13507 = NEXT_ASSEMBLY_USAGE_OCCURRENCE('44','D_L4','',#5,#13342,$);
#13508 = PRODUCT_RELATED_PRODUCT_CATEGORY('part',$,(#13344));
#13509 = SHAPE_DEFINITION_REPRESENTATION(#13510,#13516);
#13510 = PRODUCT_DEFINITION_SHAPE('','',#13511);
#13511 = PRODUCT_DEFINITION('design','',#13512,#13515);
#13512 = PRODUCT_DEFINITION_FORMATION('','',#13513);
#13513 = PRODUCT('D_L4_band','D_L4_band','',(#13514));
#13514 = PRODUCT_CONTEXT('',#2,'mechanical');
#13515 = PRODUCT_DEFINITION_CONTEXT('part definition',#2,'design');
#13516 = ADVANCED_BREP_SHAPE_REPRESENTATION('',(#11,#13517),#13667);
#13517 = MANIFOLD_SOLID_BREP('',#13518);
#13518 = CLOSED_SHELL('',(#13519,#13559,#13599,#13621,#13643,#13655));
#13519 = ADVANCED_FACE('',(#13520),#13554,.F.);
#13520 = FACE_BOUND('',#13521,.F.);
#13521 = EDGE_LOOP('',(#13522,#13532,#13540,#13548));
#13522 = ORIENTED_EDGE('',*,*,#13523,.F.);
#13523 = EDGE_CURVE('',#13524,#13526,#13528,.T.);
#13524 = VERTEX_POINT('',#13525);
#13525 = CARTESIAN_POINT('',(3.4,34.59,1.61));
#13526 = VERTEX_POINT('',#13527);
#13527 = CARTESIAN_POINT('',(3.4,34.59,3.61));
#13528 = LINE('',#13529,#13530);
#13529 = CARTESIAN_POINT('',(3.4,34.59,1.61));
#13530 = VECTOR('',#13531,1.);
#13531 = DIRECTION('',(0.,0.,1.));
#13532 = ORIENTED_EDGE('',*,*,#13533,.T.);
#13533 = EDGE_CURVE('',#13524,#13534,#13536,.T.);
#13534 = VERTEX_POINT('',#13535);
#13535 = CARTESIAN_POINT('',(3.4,37.21,1.61));
#13536 = LINE('',#13537,#13538);
#13537 = CARTESIAN_POINT('',(3.4,34.59,1.61));
#13538 = VECTOR('',#13539,1.);
#13539 = DIRECTION('',(-0.,1.,0.));
#13540 = ORIENTED_EDGE('',*,*,#13541,.T.);
#13541 = EDGE_CURVE('',#13534,#13542,#13544,.T.);
#13542 = VERTEX_POINT('',#13543);
#13543 = CARTESIAN_POINT('',(3.4,37.21,3.61));
#13544 = LINE('',#13545,#13546);
#13545 = CARTESIAN_POINT('',(3.4,37.21,1.61));
#13546 = VECTOR('',#13547,1.);
#13547 = DIRECTION('',(0.,0.,1.));
#13548 = ORIENTED_EDGE('',*,*,#13549,.F.);
#13549 = EDGE_CURVE('',#13526,#13542,#13550,.T.);
#13550 = LINE('',#13551,#13552);
#13551 = CARTESIAN_POINT('',(3.4,34.59,3.61));
#13552 = VECTOR('',#13553,1.);
#13553 = DIRECTION('',(-0.,1.,0.));
#13554 = PLANE('',#13555);
#13555 = AXIS2_PLACEMENT_3D('',#13556,#13557,#13558);
#13556 = CARTESIAN_POINT('',(3.4,34.59,1.61));
#13557 = DIRECTION('',(1.,0.,-0.));
#13558 = DIRECTION('',(0.,0.,1.));
#13559 = ADVANCED_FACE('',(#13560),#13594,.T.);
#13560 = FACE_BOUND('',#13561,.T.);
#13561 = EDGE_LOOP('',(#13562,#13572,#13580,#13588));
#13562 = ORIENTED_EDGE('',*,*,#13563,.F.);
#13563 = EDGE_CURVE('',#13564,#13566,#13568,.T.);
#13564 = VERTEX_POINT('',#13565);
#13565 = CARTESIAN_POINT('',(4.,34.59,1.61));
#13566 = VERTEX_POINT('',#13567);
#13567 = CARTESIAN_POINT('',(4.,34.59,3.61));
#13568 = LINE('',#13569,#13570);
#13569 = CARTESIAN_POINT('',(4.,34.59,1.61));
#13570 = VECTOR('',#13571,1.);
#13571 = DIRECTION('',(0.,0.,1.));
#13572 = ORIENTED_EDGE('',*,*,#13573,.T.);
#13573 = EDGE_CURVE('',#13564,#13574,#13576,.T.);
#13574 = VERTEX_POINT('',#13575);
#13575 = CARTESIAN_POINT('',(4.,37.21,1.61));
#13576 = LINE('',#13577,#13578);
#13577 = CARTESIAN_POINT('',(4.,34.59,1.61));
#13578 = VECTOR('',#13579,1.);
#13579 = DIRECTION('',(-0.,1.,0.));
#13580 = ORIENTED_EDGE('',*,*,#13581,.T.);
#13581 = EDGE_CURVE('',#13574,#13582,#13584,.T.);
#13582 = VERTEX_POINT('',#13583);
#13583 = CARTESIAN_POINT('',(4.,37.21,3.61));
#13584 = LINE('',#13585,#13586);
#13585 = CARTESIAN_POINT('',(4.,37.21,1.61));
#13586 = VECTOR('',#13587,1.);
#13587 = DIRECTION('',(0.,0.,1.));
#13588 = ORIENTED_EDGE('',*,*,#13589,.F.);
#13589 = EDGE_CURVE('',#13566,#13582,#13590,.T.);
#13590 = LINE('',#13591,#13592);
#13591 = CARTESIAN_POINT('',(4.,34.59,3.61));
#13592 = VECTOR('',#13593,1.);
#13593 = DIRECTION('',(-0.,1.,0.));
#13594 = PLANE('',#13595);
#13595 = AXIS2_PLACEMENT_3D('',#13596,#13597,#13598);
#13596 = CARTESIAN_POINT('',(4.,34.59,1.61));
#13597 = DIRECTION('',(1.,0.,-0.));
#13598 = DIRECTION('',(0.,0.,1.));
#13599 = ADVANCED_FACE('',(#13600),#13616,.F.);
#13600 = FACE_BOUND('',#13601,.F.);
#13601 = EDGE_LOOP('',(#13602,#13608,#13609,#13615));
#13602 = ORIENTED_EDGE('',*,*,#13603,.F.);
#13603 = EDGE_CURVE('',#13524,#13564,#13604,.T.);
#13604 = LINE('',#13605,#13606);
#13605 = CARTESIAN_POINT('',(3.4,34.59,1.61));
#13606 = VECTOR('',#13607,1.);
#13607 = DIRECTION('',(1.,0.,-0.));
#13608 = ORIENTED_EDGE('',*,*,#13523,.T.);
#13609 = ORIENTED_EDGE('',*,*,#13610,.T.);
#13610 = EDGE_CURVE('',#13526,#13566,#13611,.T.);
#13611 = LINE('',#13612,#13613);
#13612 = CARTESIAN_POINT('',(3.4,34.59,3.61));
#13613 = VECTOR('',#13614,1.);
#13614 = DIRECTION('',(1.,0.,-0.));
#13615 = ORIENTED_EDGE('',*,*,#13563,.F.);
#13616 = PLANE('',#13617);
#13617 = AXIS2_PLACEMENT_3D('',#13618,#13619,#13620);
#13618 = CARTESIAN_POINT('',(3.4,34.59,1.61));
#13619 = DIRECTION('',(-0.,1.,0.));
#13620 = DIRECTION('',(0.,0.,1.));
#13621 = ADVANCED_FACE('',(#13622),#13638,.T.);
#13622 = FACE_BOUND('',#13623,.T.);
#13623 = EDGE_LOOP('',(#13624,#13630,#13631,#13637));
#13624 = ORIENTED_EDGE('',*,*,#13625,.F.);
#13625 = EDGE_CURVE('',#13534,#13574,#13626,.T.);
#13626 = LINE('',#13627,#13628);
#13627 = CARTESIAN_POINT('',(3.4,37.21,1.61));
#13628 = VECTOR('',#13629,1.);
#13629 = DIRECTION('',(1.,0.,-0.));
#13630 = ORIENTED_EDGE('',*,*,#13541,.T.);
#13631 = ORIENTED_EDGE('',*,*,#13632,.T.);
#13632 = EDGE_CURVE('',#13542,#13582,#13633,.T.);
#13633 = LINE('',#13634,#13635);
#13634 = CARTESIAN_POINT('',(3.4,37.21,3.61));
#13635 = VECTOR('',#13636,1.);
#13636 = DIRECTION('',(1.,0.,-0.));
#13637 = ORIENTED_EDGE('',*,*,#13581,.F.);
#13638 = PLANE('',#13639);
#13639 = AXIS2_PLACEMENT_3D('',#13640,#13641,#13642);
#13640 = CARTESIAN_POINT('',(3.4,37.21,1.61));
#13641 = DIRECTION('',(-0.,1.,0.));
#13642 = DIRECTION('',(0.,0.,1.));
#13643 = ADVANCED_FACE('',(#13644),#13650,.F.);
#13644 = FACE_BOUND('',#13645,.F.);
#13645 = EDGE_LOOP('',(#13646,#13647,#13648,#13649));
#13646 = ORIENTED_EDGE('',*,*,#13533,.F.);
#13647 = ORIENTED_EDGE('',*,*,#13603,.T.);
#13648 = ORIENTED_EDGE('',*,*,#13573,.T.);
#13649 = ORIENTED_EDGE('',*,*,#13625,.F.);
#13650 = PLANE('',#13651);
#13651 = AXIS2_PLACEMENT_3D('',#13652,#13653,#13654);
#13652 = CARTESIAN_POINT('',(3.4,34.59,1.61));
#13653 = DIRECTION('',(0.,0.,1.));
#13654 = DIRECTION('',(1.,0.,-0.));
#13655 = ADVANCED_FACE('',(#13656),#13662,.T.);
#13656 = FACE_BOUND('',#13657,.T.);
#13657 = EDGE_LOOP('',(#13658,#13659,#13660,#13661));
#13658 = ORIENTED_EDGE('',*,*,#13549,.F.);
#13659 = ORIENTED_EDGE('',*,*,#13610,.T.);
#13660 = ORIENTED_EDGE('',*,*,#13589,.T.);
#13661 = ORIENTED_EDGE('',*,*,#13632,.F.);
#13662 = PLANE('',#13663);
#13663 = AXIS2_PLACEMENT_3D('',#13664,#13665,#13666);
#13664 = CARTESIAN_POINT('',(3.4,34.59,3.61));
#13665 = DIRECTION('',(0.,0.,1.));
#13666 = DIRECTION('',(1.,0.,-0.));
#13667 = ( GEOMETRIC_REPRESENTATION_CONTEXT(3) 
GLOBAL_UNCERTAINTY_ASSIGNED_CONTEXT((#13671)) 
GLOBAL_UNIT_ASSIGNED_CONTEXT((#13668,#13669,#13670)) 
REPRESENTATION_CONTEXT('Context #1',
  '3D Context with UNIT and UNCERTAINTY') );
#13668 = ( LENGTH_UNIT() NAMED_UNIT(*) SI_UNIT(.MILLI.,.METRE.) );
#13669 = ( NAMED_UNIT(*) PLANE_ANGLE_UNIT() SI_UNIT($,.RADIAN.) );
#13670 = ( NAMED_UNIT(*) SI_UNIT($,.STERADIAN.) SOLID_ANGLE_UNIT() );
#13671 = UNCERTAINTY_MEASURE_WITH_UNIT(LENGTH_MEASURE(1.E-07),#13668,
  'distance_accuracy_value','confusion accuracy');
#13672 = CONTEXT_DEPENDENT_SHAPE_REPRESENTATION(#13673,#13675);
#13673 = ( REPRESENTATION_RELATIONSHIP('','',#13516,#10) 
REPRESENTATION_RELATIONSHIP_WITH_TRANSFORMATION(#13674) 
SHAPE_REPRESENTATION_RELATIONSHIP() );
#13674 = ITEM_DEFINED_TRANSFORMATION('','',#11,#191);
#13675 = PRODUCT_DEFINITION_SHAPE('Placement','Placement of an item',
  #13676);
#13676 = NEXT_ASSEMBLY_USAGE_OCCURRENCE('45','D_L4_band','',#5,#13511,$
  );
#13677 = PRODUCT_RELATED_PRODUCT_CATEGORY('part',$,(#13513));
#13678 = SHAPE_DEFINITION_REPRESENTATION(#13679,#13685);
#13679 = PRODUCT_DEFINITION_SHAPE('','',#13680);
#13680 = PRODUCT_DEFINITION('design','',#13681,#13684);
#13681 = PRODUCT_DEFINITION_FORMATION('','',#13682);
#13682 = PRODUCT('D_R4','D_R4','',(#13683));
#13683 = PRODUCT_CONTEXT('',#2,'mechanical');
#13684 = PRODUCT_DEFINITION_CONTEXT('part definition',#2,'design');
#13685 = ADVANCED_BREP_SHAPE_REPRESENTATION('',(#11,#13686),#13836);
#13686 = MANIFOLD_SOLID_BREP('',#13687);
#13687 = CLOSED_SHELL('',(#13688,#13728,#13768,#13790,#13812,#13824));
#13688 = ADVANCED_FACE('',(#13689),#13723,.F.);
#13689 = FACE_BOUND('',#13690,.F.);
#13690 = EDGE_LOOP('',(#13691,#13701,#13709,#13717));
#13691 = ORIENTED_EDGE('',*,*,#13692,.F.);
#13692 = EDGE_CURVE('',#13693,#13695,#13697,.T.);
#13693 = VERTEX_POINT('',#13694);
#13694 = CARTESIAN_POINT('',(35.7,34.6,1.6));
#13695 = VERTEX_POINT('',#13696);
#13696 = CARTESIAN_POINT('',(35.7,34.6,3.6));
#13697 = LINE('',#13698,#13699);
#13698 = CARTESIAN_POINT('',(35.7,34.6,1.6));
#13699 = VECTOR('',#13700,1.);
#13700 = DIRECTION('',(0.,0.,1.));
#13701 = ORIENTED_EDGE('',*,*,#13702,.T.);
#13702 = EDGE_CURVE('',#13693,#13703,#13705,.T.);
#13703 = VERTEX_POINT('',#13704);
#13704 = CARTESIAN_POINT('',(35.7,37.2,1.6));
#13705 = LINE('',#13706,#13707);
#13706 = CARTESIAN_POINT('',(35.7,34.6,1.6));
#13707 = VECTOR('',#13708,1.);
#13708 = DIRECTION('',(-0.,1.,0.));
#13709 = ORIENTED_EDGE('',*,*,#13710,.T.);
#13710 = EDGE_CURVE('',#13703,#13711,#13713,.T.);
#13711 = VERTEX_POINT('',#13712);
#13712 = CARTESIAN_POINT('',(35.7,37.2,3.6));
#13713 = LINE('',#13714,#13715);
#13714 = CARTESIAN_POINT('',(35.7,37.2,1.6));
#13715 = VECTOR('',#13716,1.);
#13716 = DIRECTION('',(0.,0.,1.));
#13717 = ORIENTED_EDGE('',*,*,#13718,.F.);
#13718 = EDGE_CURVE('',#13695,#13711,#13719,.T.);
#13719 = LINE('',#13720,#13721);
#13720 = CARTESIAN_POINT('',(35.7,34.6,3.6));
#13721 = VECTOR('',#13722,1.);
#13722 = DIRECTION('',(-0.,1.,0.));
#13723 = PLANE('',#13724);
#13724 = AXIS2_PLACEMENT_3D('',#13725,#13726,#13727);
#13725 = CARTESIAN_POINT('',(35.7,34.6,1.6));
#13726 = DIRECTION('',(1.,0.,-0.));
#13727 = DIRECTION('',(0.,0.,1.));
#13728 = ADVANCED_FACE('',(#13729),#13763,.T.);
#13729 = FACE_BOUND('',#13730,.T.);
#13730 = EDGE_LOOP('',(#13731,#13741,#13749,#13757));
#13731 = ORIENTED_EDGE('',*,*,#13732,.F.);
#13732 = EDGE_CURVE('',#13733,#13735,#13737,.T.);
#13733 = VERTEX_POINT('',#13734);
#13734 = CARTESIAN_POINT('',(40.,34.6,1.6));
#13735 = VERTEX_POINT('',#13736);
#13736 = CARTESIAN_POINT('',(40.,34.6,3.6));
#13737 = LINE('',#13738,#13739);
#13738 = CARTESIAN_POINT('',(40.,34.6,1.6));
#13739 = VECTOR('',#13740,1.);
#13740 = DIRECTION('',(0.,0.,1.));
#13741 = ORIENTED_EDGE('',*,*,#13742,.T.);
#13742 = EDGE_CURVE('',#13733,#13743,#13745,.T.);
#13743 = VERTEX_POINT('',#13744);
#13744 = CARTESIAN_POINT('',(40.,37.2,1.6));
#13745 = LINE('',#13746,#13747);
#13746 = CARTESIAN_POINT('',(40.,34.6,1.6));
#13747 = VECTOR('',#13748,1.);
#13748 = DIRECTION('',(-0.,1.,0.));
#13749 = ORIENTED_EDGE('',*,*,#13750,.T.);
#13750 = EDGE_CURVE('',#13743,#13751,#13753,.T.);
#13751 = VERTEX_POINT('',#13752);
#13752 = CARTESIAN_POINT('',(40.,37.2,3.6));
#13753 = LINE('',#13754,#13755);
#13754 = CARTESIAN_POINT('',(40.,37.2,1.6));
#13755 = VECTOR('',#13756,1.);
#13756 = DIRECTION('',(0.,0.,1.));
#13757 = ORIENTED_EDGE('',*,*,#13758,.F.);
#13758 = EDGE_CURVE('',#13735,#13751,#13759,.T.);
#13759 = LINE('',#13760,#13761);
#13760 = CARTESIAN_POINT('',(40.,34.6,3.6));
#13761 = VECTOR('',#13762,1.);
#13762 = DIRECTION('',(-0.,1.,0.));
#13763 = PLANE('',#13764);
#13764 = AXIS2_PLACEMENT_3D('',#13765,#13766,#13767);
#13765 = CARTESIAN_POINT('',(40.,34.6,1.6));
#13766 = DIRECTION('',(1.,0.,-0.));
#13767 = DIRECTION('',(0.,0.,1.));
#13768 = ADVANCED_FACE('',(#13769),#13785,.F.);
#13769 = FACE_BOUND('',#13770,.F.);
#13770 = EDGE_LOOP('',(#13771,#13777,#13778,#13784));
#13771 = ORIENTED_EDGE('',*,*,#13772,.F.);
#13772 = EDGE_CURVE('',#13693,#13733,#13773,.T.);
#13773 = LINE('',#13774,#13775);
#13774 = CARTESIAN_POINT('',(35.7,34.6,1.6));
#13775 = VECTOR('',#13776,1.);
#13776 = DIRECTION('',(1.,0.,-0.));
#13777 = ORIENTED_EDGE('',*,*,#13692,.T.);
#13778 = ORIENTED_EDGE('',*,*,#13779,.T.);
#13779 = EDGE_CURVE('',#13695,#13735,#13780,.T.);
#13780 = LINE('',#13781,#13782);
#13781 = CARTESIAN_POINT('',(35.7,34.6,3.6));
#13782 = VECTOR('',#13783,1.);
#13783 = DIRECTION('',(1.,0.,-0.));
#13784 = ORIENTED_EDGE('',*,*,#13732,.F.);
#13785 = PLANE('',#13786);
#13786 = AXIS2_PLACEMENT_3D('',#13787,#13788,#13789);
#13787 = CARTESIAN_POINT('',(35.7,34.6,1.6));
#13788 = DIRECTION('',(-0.,1.,0.));
#13789 = DIRECTION('',(0.,0.,1.));
#13790 = ADVANCED_FACE('',(#13791),#13807,.T.);
#13791 = FACE_BOUND('',#13792,.T.);
#13792 = EDGE_LOOP('',(#13793,#13799,#13800,#13806));
#13793 = ORIENTED_EDGE('',*,*,#13794,.F.);
#13794 = EDGE_CURVE('',#13703,#13743,#13795,.T.);
#13795 = LINE('',#13796,#13797);
#13796 = CARTESIAN_POINT('',(35.7,37.2,1.6));
#13797 = VECTOR('',#13798,1.);
#13798 = DIRECTION('',(1.,0.,-0.));
#13799 = ORIENTED_EDGE('',*,*,#13710,.T.);
#13800 = ORIENTED_EDGE('',*,*,#13801,.T.);
#13801 = EDGE_CURVE('',#13711,#13751,#13802,.T.);
#13802 = LINE('',#13803,#13804);
#13803 = CARTESIAN_POINT('',(35.7,37.2,3.6));
#13804 = VECTOR('',#13805,1.);
#13805 = DIRECTION('',(1.,0.,-0.));
#13806 = ORIENTED_EDGE('',*,*,#13750,.F.);
#13807 = PLANE('',#13808);
#13808 = AXIS2_PLACEMENT_3D('',#13809,#13810,#13811);
#13809 = CARTESIAN_POINT('',(35.7,37.2,1.6));
#13810 = DIRECTION('',(-0.,1.,0.));
#13811 = DIRECTION('',(0.,0.,1.));
#13812 = ADVANCED_FACE('',(#13813),#13819,.F.);
#13813 = FACE_BOUND('',#13814,.F.);
#13814 = EDGE_LOOP('',(#13815,#13816,#13817,#13818));
#13815 = ORIENTED_EDGE('',*,*,#13702,.F.);
#13816 = ORIENTED_EDGE('',*,*,#13772,.T.);
#13817 = ORIENTED_EDGE('',*,*,#13742,.T.);
#13818 = ORIENTED_EDGE('',*,*,#13794,.F.);
#13819 = PLANE('',#13820);
#13820 = AXIS2_PLACEMENT_3D('',#13821,#13822,#13823);
#13821 = CARTESIAN_POINT('',(35.7,34.6,1.6));
#13822 = DIRECTION('',(0.,0.,1.));
#13823 = DIRECTION('',(1.,0.,-0.));
#13824 = ADVANCED_FACE('',(#13825),#13831,.T.);
#13825 = FACE_BOUND('',#13826,.T.);
#13826 = EDGE_LOOP('',(#13827,#13828,#13829,#13830));
#13827 = ORIENTED_EDGE('',*,*,#13718,.F.);
#13828 = ORIENTED_EDGE('',*,*,#13779,.T.);
#13829 = ORIENTED_EDGE('',*,*,#13758,.T.);
#13830 = ORIENTED_EDGE('',*,*,#13801,.F.);
#13831 = PLANE('',#13832);
#13832 = AXIS2_PLACEMENT_3D('',#13833,#13834,#13835);
#13833 = CARTESIAN_POINT('',(35.7,34.6,3.6));
#13834 = DIRECTION('',(0.,0.,1.));
#13835 = DIRECTION('',(1.,0.,-0.));
#13836 = ( GEOMETRIC_REPRESENTATION_CONTEXT(3) 
GLOBAL_UNCERTAINTY_ASSIGNED_CONTEXT((#13840)) 
GLOBAL_UNIT_ASSIGNED_CONTEXT((#13837,#13838,#13839)) 
REPRESENTATION_CONTEXT('Context #1',
  '3D Context with UNIT and UNCERTAINTY') );
#13837 = ( LENGTH_UNIT() NAMED_UNIT(*) SI_UNIT(.MILLI.,.METRE.) );
#13838 = ( NAMED_UNIT(*) PLANE_ANGLE_UNIT() SI_UNIT($,.RADIAN.) );
#13839 = ( NAMED_UNIT(*) SI_UNIT($,.STERADIAN.) SOLID_ANGLE_UNIT() );
#13840 = UNCERTAINTY_MEASURE_WITH_UNIT(LENGTH_MEASURE(1.E-07),#13837,
  'distance_accuracy_value','confusion accuracy');
#13841 = CONTEXT_DEPENDENT_SHAPE_REPRESENTATION(#13842,#13844);
#13842 = ( REPRESENTATION_RELATIONSHIP('','',#13685,#10) 
REPRESENTATION_RELATIONSHIP_WITH_TRANSFORMATION(#13843) 
SHAPE_REPRESENTATION_RELATIONSHIP() );
#13843 = ITEM_DEFINED_TRANSFORMATION('','',#11,#195);
#13844 = PRODUCT_DEFINITION_SHAPE('Placement','Placement of an item',
  #13845);
#13845 = NEXT_ASSEMBLY_USAGE_OCCURRENCE('46','D_R4','',#5,#13680,$);
#13846 = PRODUCT_RELATED_PRODUCT_CATEGORY('part',$,(#13682));
#13847 = SHAPE_DEFINITION_REPRESENTATION(#13848,#13854);
#13848 = PRODUCT_DEFINITION_SHAPE('','',#13849);
#13849 = PRODUCT_DEFINITION('design','',#13850,#13853);
#13850 = PRODUCT_DEFINITION_FORMATION('','',#13851);
#13851 = PRODUCT('D_R4_band','D_R4_band','',(#13852));
#13852 = PRODUCT_CONTEXT('',#2,'mechanical');
#13853 = PRODUCT_DEFINITION_CONTEXT('part definition',#2,'design');
#13854 = ADVANCED_BREP_SHAPE_REPRESENTATION('',(#11,#13855),#14005);
#13855 = MANIFOLD_SOLID_BREP('',#13856);
#13856 = CLOSED_SHELL('',(#13857,#13897,#13937,#13959,#13981,#13993));
#13857 = ADVANCED_FACE('',(#13858),#13892,.F.);
#13858 = FACE_BOUND('',#13859,.F.);
#13859 = EDGE_LOOP('',(#13860,#13870,#13878,#13886));
#13860 = ORIENTED_EDGE('',*,*,#13861,.F.);
#13861 = EDGE_CURVE('',#13862,#13864,#13866,.T.);
#13862 = VERTEX_POINT('',#13863);
#13863 = CARTESIAN_POINT('',(36.1,34.59,1.61));
#13864 = VERTEX_POINT('',#13865);
#13865 = CARTESIAN_POINT('',(36.1,34.59,3.61));
#13866 = LINE('',#13867,#13868);
#13867 = CARTESIAN_POINT('',(36.1,34.59,1.61));
#13868 = VECTOR('',#13869,1.);
#13869 = DIRECTION('',(0.,0.,1.));
#13870 = ORIENTED_EDGE('',*,*,#13871,.T.);
#13871 = EDGE_CURVE('',#13862,#13872,#13874,.T.);
#13872 = VERTEX_POINT('',#13873);
#13873 = CARTESIAN_POINT('',(36.1,37.21,1.61));
#13874 = LINE('',#13875,#13876);
#13875 = CARTESIAN_POINT('',(36.1,34.59,1.61));
#13876 = VECTOR('',#13877,1.);
#13877 = DIRECTION('',(-0.,1.,0.));
#13878 = ORIENTED_EDGE('',*,*,#13879,.T.);
#13879 = EDGE_CURVE('',#13872,#13880,#13882,.T.);
#13880 = VERTEX_POINT('',#13881);
#13881 = CARTESIAN_POINT('',(36.1,37.21,3.61));
#13882 = LINE('',#13883,#13884);
#13883 = CARTESIAN_POINT('',(36.1,37.21,1.61));
#13884 = VECTOR('',#13885,1.);
#13885 = DIRECTION('',(0.,0.,1.));
#13886 = ORIENTED_EDGE('',*,*,#13887,.F.);
#13887 = EDGE_CURVE('',#13864,#13880,#13888,.T.);
#13888 = LINE('',#13889,#13890);
#13889 = CARTESIAN_POINT('',(36.1,34.59,3.61));
#13890 = VECTOR('',#13891,1.);
#13891 = DIRECTION('',(-0.,1.,0.));
#13892 = PLANE('',#13893);
#13893 = AXIS2_PLACEMENT_3D('',#13894,#13895,#13896);
#13894 = CARTESIAN_POINT('',(36.1,34.59,1.61));
#13895 = DIRECTION('',(1.,0.,-0.));
#13896 = DIRECTION('',(0.,0.,1.));
#13897 = ADVANCED_FACE('',(#13898),#13932,.T.);
#13898 = FACE_BOUND('',#13899,.T.);
#13899 = EDGE_LOOP('',(#13900,#13910,#13918,#13926));
#13900 = ORIENTED_EDGE('',*,*,#13901,.F.);
#13901 = EDGE_CURVE('',#13902,#13904,#13906,.T.);
#13902 = VERTEX_POINT('',#13903);
#13903 = CARTESIAN_POINT('',(36.7,34.59,1.61));
#13904 = VERTEX_POINT('',#13905);
#13905 = CARTESIAN_POINT('',(36.7,34.59,3.61));
#13906 = LINE('',#13907,#13908);
#13907 = CARTESIAN_POINT('',(36.7,34.59,1.61));
#13908 = VECTOR('',#13909,1.);
#13909 = DIRECTION('',(0.,0.,1.));
#13910 = ORIENTED_EDGE('',*,*,#13911,.T.);
#13911 = EDGE_CURVE('',#13902,#13912,#13914,.T.);
#13912 = VERTEX_POINT('',#13913);
#13913 = CARTESIAN_POINT('',(36.7,37.21,1.61));
#13914 = LINE('',#13915,#13916);
#13915 = CARTESIAN_POINT('',(36.7,34.59,1.61));
#13916 = VECTOR('',#13917,1.);
#13917 = DIRECTION('',(-0.,1.,0.));
#13918 = ORIENTED_EDGE('',*,*,#13919,.T.);
#13919 = EDGE_CURVE('',#13912,#13920,#13922,.T.);
#13920 = VERTEX_POINT('',#13921);
#13921 = CARTESIAN_POINT('',(36.7,37.21,3.61));
#13922 = LINE('',#13923,#13924);
#13923 = CARTESIAN_POINT('',(36.7,37.21,1.61));
#13924 = VECTOR('',#13925,1.);
#13925 = DIRECTION('',(0.,0.,1.));
#13926 = ORIENTED_EDGE('',*,*,#13927,.F.);
#13927 = EDGE_CURVE('',#13904,#13920,#13928,.T.);
#13928 = LINE('',#13929,#13930);
#13929 = CARTESIAN_POINT('',(36.7,34.59,3.61));
#13930 = VECTOR('',#13931,1.);
#13931 = DIRECTION('',(-0.,1.,0.));
#13932 = PLANE('',#13933);
#13933 = AXIS2_PLACEMENT_3D('',#13934,#13935,#13936);
#13934 = CARTESIAN_POINT('',(36.7,34.59,1.61));
#13935 = DIRECTION('',(1.,0.,-0.));
#13936 = DIRECTION('',(0.,0.,1.));
#13937 = ADVANCED_FACE('',(#13938),#13954,.F.);
#13938 = FACE_BOUND('',#13939,.F.);
#13939 = EDGE_LOOP('',(#13940,#13946,#13947,#13953));
#13940 = ORIENTED_EDGE('',*,*,#13941,.F.);
#13941 = EDGE_CURVE('',#13862,#13902,#13942,.T.);
#13942 = LINE('',#13943,#13944);
#13943 = CARTESIAN_POINT('',(36.1,34.59,1.61));
#13944 = VECTOR('',#13945,1.);
#13945 = DIRECTION('',(1.,0.,-0.));
#13946 = ORIENTED_EDGE('',*,*,#13861,.T.);
#13947 = ORIENTED_EDGE('',*,*,#13948,.T.);
#13948 = EDGE_CURVE('',#13864,#13904,#13949,.T.);
#13949 = LINE('',#13950,#13951);
#13950 = CARTESIAN_POINT('',(36.1,34.59,3.61));
#13951 = VECTOR('',#13952,1.);
#13952 = DIRECTION('',(1.,0.,-0.));
#13953 = ORIENTED_EDGE('',*,*,#13901,.F.);
#13954 = PLANE('',#13955);
#13955 = AXIS2_PLACEMENT_3D('',#13956,#13957,#13958);
#13956 = CARTESIAN_POINT('',(36.1,34.59,1.61));
#13957 = DIRECTION('',(-0.,1.,0.));
#13958 = DIRECTION('',(0.,0.,1.));
#13959 = ADVANCED_FACE('',(#13960),#13976,.T.);
#13960 = FACE_BOUND('',#13961,.T.);
#13961 = EDGE_LOOP('',(#13962,#13968,#13969,#13975));
#13962 = ORIENTED_EDGE('',*,*,#13963,.F.);
#13963 = EDGE_CURVE('',#13872,#13912,#13964,.T.);
#13964 = LINE('',#13965,#13966);
#13965 = CARTESIAN_POINT('',(36.1,37.21,1.61));
#13966 = VECTOR('',#13967,1.);
#13967 = DIRECTION('',(1.,0.,-0.));
#13968 = ORIENTED_EDGE('',*,*,#13879,.T.);
#13969 = ORIENTED_EDGE('',*,*,#13970,.T.);
#13970 = EDGE_CURVE('',#13880,#13920,#13971,.T.);
#13971 = LINE('',#13972,#13973);
#13972 = CARTESIAN_POINT('',(36.1,37.21,3.61));
#13973 = VECTOR('',#13974,1.);
#13974 = DIRECTION('',(1.,0.,-0.));
#13975 = ORIENTED_EDGE('',*,*,#13919,.F.);
#13976 = PLANE('',#13977);
#13977 = AXIS2_PLACEMENT_3D('',#13978,#13979,#13980);
#13978 = CARTESIAN_POINT('',(36.1,37.21,1.61));
#13979 = DIRECTION('',(-0.,1.,0.));
#13980 = DIRECTION('',(0.,0.,1.));
#13981 = ADVANCED_FACE('',(#13982),#13988,.F.);
#13982 = FACE_BOUND('',#13983,.F.);
#13983 = EDGE_LOOP('',(#13984,#13985,#13986,#13987));
#13984 = ORIENTED_EDGE('',*,*,#13871,.F.);
#13985 = ORIENTED_EDGE('',*,*,#13941,.T.);
#13986 = ORIENTED_EDGE('',*,*,#13911,.T.);
#13987 = ORIENTED_EDGE('',*,*,#13963,.F.);
#13988 = PLANE('',#13989);
#13989 = AXIS2_PLACEMENT_3D('',#13990,#13991,#13992);
#13990 = CARTESIAN_POINT('',(36.1,34.59,1.61));
#13991 = DIRECTION('',(0.,0.,1.));
#13992 = DIRECTION('',(1.,0.,-0.));
#13993 = ADVANCED_FACE('',(#13994),#14000,.T.);
#13994 = FACE_BOUND('',#13995,.T.);
#13995 = EDGE_LOOP('',(#13996,#13997,#13998,#13999));
#13996 = ORIENTED_EDGE('',*,*,#13887,.F.);
#13997 = ORIENTED_EDGE('',*,*,#13948,.T.);
#13998 = ORIENTED_EDGE('',*,*,#13927,.T.);
#13999 = ORIENTED_EDGE('',*,*,#13970,.F.);
#14000 = PLANE('',#14001);
#14001 = AXIS2_PLACEMENT_3D('',#14002,#14003,#14004);
#14002 = CARTESIAN_POINT('',(36.1,34.59,3.61));
#14003 = DIRECTION('',(0.,0.,1.));
#14004 = DIRECTION('',(1.,0.,-0.));
#14005 = ( GEOMETRIC_REPRESENTATION_CONTEXT(3) 
GLOBAL_UNCERTAINTY_ASSIGNED_CONTEXT((#14009)) 
GLOBAL_UNIT_ASSIGNED_CONTEXT((#14006,#14007,#14008)) 
REPRESENTATION_CONTEXT('Context #1',
  '3D Context with UNIT and UNCERTAINTY') );
#14006 = ( LENGTH_UNIT() NAMED_UNIT(*) SI_UNIT(.MILLI.,.METRE.) );
#14007 = ( NAMED_UNIT(*) PLANE_ANGLE_UNIT() SI_UNIT($,.RADIAN.) );
#14008 = ( NAMED_UNIT(*) SI_UNIT($,.STERADIAN.) SOLID_ANGLE_UNIT() );
#14009 = UNCERTAINTY_MEASURE_WITH_UNIT(LENGTH_MEASURE(1.E-07),#14006,
  'distance_accuracy_value','confusion accuracy');
#14010 = CONTEXT_DEPENDENT_SHAPE_REPRESENTATION(#14011,#14013);
#14011 = ( REPRESENTATION_RELATIONSHIP('','',#13854,#10) 
REPRESENTATION_RELATIONSHIP_WITH_TRANSFORMATION(#14012) 
SHAPE_REPRESENTATION_RELATIONSHIP() );
#14012 = ITEM_DEFINED_TRANSFORMATION('','',#11,#199);
#14013 = PRODUCT_DEFINITION_SHAPE('Placement','Placement of an item',
  #14014);
#14014 = NEXT_ASSEMBLY_USAGE_OCCURRENCE('47','D_R4_band','',#5,#13849,$
  );
#14015 = PRODUCT_RELATED_PRODUCT_CATEGORY('part',$,(#13851));
#14016 = SHAPE_DEFINITION_REPRESENTATION(#14017,#14023);
#14017 = PRODUCT_DEFINITION_SHAPE('','',#14018);
#14018 = PRODUCT_DEFINITION('design','',#14019,#14022);
#14019 = PRODUCT_DEFINITION_FORMATION('','',#14020);
#14020 = PRODUCT('LED_Power','LED_Power','',(#14021));
#14021 = PRODUCT_CONTEXT('',#2,'mechanical');
#14022 = PRODUCT_DEFINITION_CONTEXT('part definition',#2,'design');
#14023 = ADVANCED_BREP_SHAPE_REPRESENTATION('',(#11,#14024),#14174);
#14024 = MANIFOLD_SOLID_BREP('',#14025);
#14025 = CLOSED_SHELL('',(#14026,#14066,#14106,#14128,#14150,#14162));
#14026 = ADVANCED_FACE('',(#14027),#14061,.F.);
#14027 = FACE_BOUND('',#14028,.F.);
#14028 = EDGE_LOOP('',(#14029,#14039,#14047,#14055));
#14029 = ORIENTED_EDGE('',*,*,#14030,.F.);
#14030 = EDGE_CURVE('',#14031,#14033,#14035,.T.);
#14031 = VERTEX_POINT('',#14032);
#14032 = CARTESIAN_POINT('',(36.,9.,1.6));
#14033 = VERTEX_POINT('',#14034);
#14034 = CARTESIAN_POINT('',(36.,9.,2.4));
#14035 = LINE('',#14036,#14037);
#14036 = CARTESIAN_POINT('',(36.,9.,1.6));
#14037 = VECTOR('',#14038,1.);
#14038 = DIRECTION('',(0.,0.,1.));
#14039 = ORIENTED_EDGE('',*,*,#14040,.T.);
#14040 = EDGE_CURVE('',#14031,#14041,#14043,.T.);
#14041 = VERTEX_POINT('',#14042);
#14042 = CARTESIAN_POINT('',(36.,9.8,1.6));
#14043 = LINE('',#14044,#14045);
#14044 = CARTESIAN_POINT('',(36.,9.,1.6));
#14045 = VECTOR('',#14046,1.);
#14046 = DIRECTION('',(-0.,1.,0.));
#14047 = ORIENTED_EDGE('',*,*,#14048,.T.);
#14048 = EDGE_CURVE('',#14041,#14049,#14051,.T.);
#14049 = VERTEX_POINT('',#14050);
#14050 = CARTESIAN_POINT('',(36.,9.8,2.4));
#14051 = LINE('',#14052,#14053);
#14052 = CARTESIAN_POINT('',(36.,9.8,1.6));
#14053 = VECTOR('',#14054,1.);
#14054 = DIRECTION('',(0.,0.,1.));
#14055 = ORIENTED_EDGE('',*,*,#14056,.F.);
#14056 = EDGE_CURVE('',#14033,#14049,#14057,.T.);
#14057 = LINE('',#14058,#14059);
#14058 = CARTESIAN_POINT('',(36.,9.,2.4));
#14059 = VECTOR('',#14060,1.);
#14060 = DIRECTION('',(-0.,1.,0.));
#14061 = PLANE('',#14062);
#14062 = AXIS2_PLACEMENT_3D('',#14063,#14064,#14065);
#14063 = CARTESIAN_POINT('',(36.,9.,1.6));
#14064 = DIRECTION('',(1.,0.,-0.));
#14065 = DIRECTION('',(0.,0.,1.));
#14066 = ADVANCED_FACE('',(#14067),#14101,.T.);
#14067 = FACE_BOUND('',#14068,.T.);
#14068 = EDGE_LOOP('',(#14069,#14079,#14087,#14095));
#14069 = ORIENTED_EDGE('',*,*,#14070,.F.);
#14070 = EDGE_CURVE('',#14071,#14073,#14075,.T.);
#14071 = VERTEX_POINT('',#14072);
#14072 = CARTESIAN_POINT('',(37.6,9.,1.6));
#14073 = VERTEX_POINT('',#14074);
#14074 = CARTESIAN_POINT('',(37.6,9.,2.4));
#14075 = LINE('',#14076,#14077);
#14076 = CARTESIAN_POINT('',(37.6,9.,1.6));
#14077 = VECTOR('',#14078,1.);
#14078 = DIRECTION('',(0.,0.,1.));
#14079 = ORIENTED_EDGE('',*,*,#14080,.T.);
#14080 = EDGE_CURVE('',#14071,#14081,#14083,.T.);
#14081 = VERTEX_POINT('',#14082);
#14082 = CARTESIAN_POINT('',(37.6,9.8,1.6));
#14083 = LINE('',#14084,#14085);
#14084 = CARTESIAN_POINT('',(37.6,9.,1.6));
#14085 = VECTOR('',#14086,1.);
#14086 = DIRECTION('',(-0.,1.,0.));
#14087 = ORIENTED_EDGE('',*,*,#14088,.T.);
#14088 = EDGE_CURVE('',#14081,#14089,#14091,.T.);
#14089 = VERTEX_POINT('',#14090);
#14090 = CARTESIAN_POINT('',(37.6,9.8,2.4));
#14091 = LINE('',#14092,#14093);
#14092 = CARTESIAN_POINT('',(37.6,9.8,1.6));
#14093 = VECTOR('',#14094,1.);
#14094 = DIRECTION('',(0.,0.,1.));
#14095 = ORIENTED_EDGE('',*,*,#14096,.F.);
#14096 = EDGE_CURVE('',#14073,#14089,#14097,.T.);
#14097 = LINE('',#14098,#14099);
#14098 = CARTESIAN_POINT('',(37.6,9.,2.4));
#14099 = VECTOR('',#14100,1.);
#14100 = DIRECTION('',(-0.,1.,0.));
#14101 = PLANE('',#14102);
#14102 = AXIS2_PLACEMENT_3D('',#14103,#14104,#14105);
#14103 = CARTESIAN_POINT('',(37.6,9.,1.6));
#14104 = DIRECTION('',(1.,0.,-0.));
#14105 = DIRECTION('',(0.,0.,1.));
#14106 = ADVANCED_FACE('',(#14107),#14123,.F.);
#14107 = FACE_BOUND('',#14108,.F.);
#14108 = EDGE_LOOP('',(#14109,#14115,#14116,#14122));
#14109 = ORIENTED_EDGE('',*,*,#14110,.F.);
#14110 = EDGE_CURVE('',#14031,#14071,#14111,.T.);
#14111 = LINE('',#14112,#14113);
#14112 = CARTESIAN_POINT('',(36.,9.,1.6));
#14113 = VECTOR('',#14114,1.);
#14114 = DIRECTION('',(1.,0.,-0.));
#14115 = ORIENTED_EDGE('',*,*,#14030,.T.);
#14116 = ORIENTED_EDGE('',*,*,#14117,.T.);
#14117 = EDGE_CURVE('',#14033,#14073,#14118,.T.);
#14118 = LINE('',#14119,#14120);
#14119 = CARTESIAN_POINT('',(36.,9.,2.4));
#14120 = VECTOR('',#14121,1.);
#14121 = DIRECTION('',(1.,0.,-0.));
#14122 = ORIENTED_EDGE('',*,*,#14070,.F.);
#14123 = PLANE('',#14124);
#14124 = AXIS2_PLACEMENT_3D('',#14125,#14126,#14127);
#14125 = CARTESIAN_POINT('',(36.,9.,1.6));
#14126 = DIRECTION('',(-0.,1.,0.));
#14127 = DIRECTION('',(0.,0.,1.));
#14128 = ADVANCED_FACE('',(#14129),#14145,.T.);
#14129 = FACE_BOUND('',#14130,.T.);
#14130 = EDGE_LOOP('',(#14131,#14137,#14138,#14144));
#14131 = ORIENTED_EDGE('',*,*,#14132,.F.);
#14132 = EDGE_CURVE('',#14041,#14081,#14133,.T.);
#14133 = LINE('',#14134,#14135);
#14134 = CARTESIAN_POINT('',(36.,9.8,1.6));
#14135 = VECTOR('',#14136,1.);
#14136 = DIRECTION('',(1.,0.,-0.));
#14137 = ORIENTED_EDGE('',*,*,#14048,.T.);
#14138 = ORIENTED_EDGE('',*,*,#14139,.T.);
#14139 = EDGE_CURVE('',#14049,#14089,#14140,.T.);
#14140 = LINE('',#14141,#14142);
#14141 = CARTESIAN_POINT('',(36.,9.8,2.4));
#14142 = VECTOR('',#14143,1.);
#14143 = DIRECTION('',(1.,0.,-0.));
#14144 = ORIENTED_EDGE('',*,*,#14088,.F.);
#14145 = PLANE('',#14146);
#14146 = AXIS2_PLACEMENT_3D('',#14147,#14148,#14149);
#14147 = CARTESIAN_POINT('',(36.,9.8,1.6));
#14148 = DIRECTION('',(-0.,1.,0.));
#14149 = DIRECTION('',(0.,0.,1.));
#14150 = ADVANCED_FACE('',(#14151),#14157,.F.);
#14151 = FACE_BOUND('',#14152,.F.);
#14152 = EDGE_LOOP('',(#14153,#14154,#14155,#14156));
#14153 = ORIENTED_EDGE('',*,*,#14040,.F.);
#14154 = ORIENTED_EDGE('',*,*,#14110,.T.);
#14155 = ORIENTED_EDGE('',*,*,#14080,.T.);
#14156 = ORIENTED_EDGE('',*,*,#14132,.F.);
#14157 = PLANE('',#14158);
#14158 = AXIS2_PLACEMENT_3D('',#14159,#14160,#14161);
#14159 = CARTESIAN_POINT('',(36.,9.,1.6));
#14160 = DIRECTION('',(0.,0.,1.));
#14161 = DIRECTION('',(1.,0.,-0.));
#14162 = ADVANCED_FACE('',(#14163),#14169,.T.);
#14163 = FACE_BOUND('',#14164,.T.);
#14164 = EDGE_LOOP('',(#14165,#14166,#14167,#14168));
#14165 = ORIENTED_EDGE('',*,*,#14056,.F.);
#14166 = ORIENTED_EDGE('',*,*,#14117,.T.);
#14167 = ORIENTED_EDGE('',*,*,#14096,.T.);
#14168 = ORIENTED_EDGE('',*,*,#14139,.F.);
#14169 = PLANE('',#14170);
#14170 = AXIS2_PLACEMENT_3D('',#14171,#14172,#14173);
#14171 = CARTESIAN_POINT('',(36.,9.,2.4));
#14172 = DIRECTION('',(0.,0.,1.));
#14173 = DIRECTION('',(1.,0.,-0.));
#14174 = ( GEOMETRIC_REPRESENTATION_CONTEXT(3) 
GLOBAL_UNCERTAINTY_ASSIGNED_CONTEXT((#14178)) 
GLOBAL_UNIT_ASSIGNED_CONTEXT((#14175,#14176,#14177)) 
REPRESENTATION_CONTEXT('Context #1',
  '3D Context with UNIT and UNCERTAINTY') );
#14175 = ( LENGTH_UNIT() NAMED_UNIT(*) SI_UNIT(.MILLI.,.METRE.) );
#14176 = ( NAMED_UNIT(*) PLANE_ANGLE_UNIT() SI_UNIT($,.RADIAN.) );
#14177 = ( NAMED_UNIT(*) SI_UNIT($,.STERADIAN.) SOLID_ANGLE_UNIT() );
#14178 = UNCERTAINTY_MEASURE_WITH_UNIT(LENGTH_MEASURE(1.E-07),#14175,
  'distance_accuracy_value','confusion accuracy');
#14179 = CONTEXT_DEPENDENT_SHAPE_REPRESENTATION(#14180,#14182);
#14180 = ( REPRESENTATION_RELATIONSHIP('','',#14023,#10) 
REPRESENTATION_RELATIONSHIP_WITH_TRANSFORMATION(#14181) 
SHAPE_REPRESENTATION_RELATIONSHIP() );
#14181 = ITEM_DEFINED_TRANSFORMATION('','',#11,#203);
#14182 = PRODUCT_DEFINITION_SHAPE('Placement','Placement of an item',
  #14183);
#14183 = NEXT_ASSEMBLY_USAGE_OCCURRENCE('48','LED_Power','',#5,#14018,$
  );
#14184 = PRODUCT_RELATED_PRODUCT_CATEGORY('part',$,(#14020));
#14185 = SHAPE_DEFINITION_REPRESENTATION(#14186,#14192);
#14186 = PRODUCT_DEFINITION_SHAPE('','',#14187);
#14187 = PRODUCT_DEFINITION('design','',#14188,#14191);
#14188 = PRODUCT_DEFINITION_FORMATION('','',#14189);
#14189 = PRODUCT('R1','R1','',(#14190));
#14190 = PRODUCT_CONTEXT('',#2,'mechanical');
#14191 = PRODUCT_DEFINITION_CONTEXT('part definition',#2,'design');
#14192 = ADVANCED_BREP_SHAPE_REPRESENTATION('',(#11,#14193),#14343);
#14193 = MANIFOLD_SOLID_BREP('',#14194);
#14194 = CLOSED_SHELL('',(#14195,#14235,#14275,#14297,#14319,#14331));
#14195 = ADVANCED_FACE('',(#14196),#14230,.F.);
#14196 = FACE_BOUND('',#14197,.F.);
#14197 = EDGE_LOOP('',(#14198,#14208,#14216,#14224));
#14198 = ORIENTED_EDGE('',*,*,#14199,.F.);
#14199 = EDGE_CURVE('',#14200,#14202,#14204,.T.);
#14200 = VERTEX_POINT('',#14201);
#14201 = CARTESIAN_POINT('',(36.,11.,1.6));
#14202 = VERTEX_POINT('',#14203);
#14203 = CARTESIAN_POINT('',(36.,11.,2.1));
#14204 = LINE('',#14205,#14206);
#14205 = CARTESIAN_POINT('',(36.,11.,1.6));
#14206 = VECTOR('',#14207,1.);
#14207 = DIRECTION('',(0.,0.,1.));
#14208 = ORIENTED_EDGE('',*,*,#14209,.T.);
#14209 = EDGE_CURVE('',#14200,#14210,#14212,.T.);
#14210 = VERTEX_POINT('',#14211);
#14211 = CARTESIAN_POINT('',(36.,11.8,1.6));
#14212 = LINE('',#14213,#14214);
#14213 = CARTESIAN_POINT('',(36.,11.,1.6));
#14214 = VECTOR('',#14215,1.);
#14215 = DIRECTION('',(-0.,1.,0.));
#14216 = ORIENTED_EDGE('',*,*,#14217,.T.);
#14217 = EDGE_CURVE('',#14210,#14218,#14220,.T.);
#14218 = VERTEX_POINT('',#14219);
#14219 = CARTESIAN_POINT('',(36.,11.8,2.1));
#14220 = LINE('',#14221,#14222);
#14221 = CARTESIAN_POINT('',(36.,11.8,1.6));
#14222 = VECTOR('',#14223,1.);
#14223 = DIRECTION('',(0.,0.,1.));
#14224 = ORIENTED_EDGE('',*,*,#14225,.F.);
#14225 = EDGE_CURVE('',#14202,#14218,#14226,.T.);
#14226 = LINE('',#14227,#14228);
#14227 = CARTESIAN_POINT('',(36.,11.,2.1));
#14228 = VECTOR('',#14229,1.);
#14229 = DIRECTION('',(-0.,1.,0.));
#14230 = PLANE('',#14231);
#14231 = AXIS2_PLACEMENT_3D('',#14232,#14233,#14234);
#14232 = CARTESIAN_POINT('',(36.,11.,1.6));
#14233 = DIRECTION('',(1.,0.,-0.));
#14234 = DIRECTION('',(0.,0.,1.));
#14235 = ADVANCED_FACE('',(#14236),#14270,.T.);
#14236 = FACE_BOUND('',#14237,.T.);
#14237 = EDGE_LOOP('',(#14238,#14248,#14256,#14264));
#14238 = ORIENTED_EDGE('',*,*,#14239,.F.);
#14239 = EDGE_CURVE('',#14240,#14242,#14244,.T.);
#14240 = VERTEX_POINT('',#14241);
#14241 = CARTESIAN_POINT('',(37.6,11.,1.6));
#14242 = VERTEX_POINT('',#14243);
#14243 = CARTESIAN_POINT('',(37.6,11.,2.1));
#14244 = LINE('',#14245,#14246);
#14245 = CARTESIAN_POINT('',(37.6,11.,1.6));
#14246 = VECTOR('',#14247,1.);
#14247 = DIRECTION('',(0.,0.,1.));
#14248 = ORIENTED_EDGE('',*,*,#14249,.T.);
#14249 = EDGE_CURVE('',#14240,#14250,#14252,.T.);
#14250 = VERTEX_POINT('',#14251);
#14251 = CARTESIAN_POINT('',(37.6,11.8,1.6));
#14252 = LINE('',#14253,#14254);
#14253 = CARTESIAN_POINT('',(37.6,11.,1.6));
#14254 = VECTOR('',#14255,1.);
#14255 = DIRECTION('',(-0.,1.,0.));
#14256 = ORIENTED_EDGE('',*,*,#14257,.T.);
#14257 = EDGE_CURVE('',#14250,#14258,#14260,.T.);
#14258 = VERTEX_POINT('',#14259);
#14259 = CARTESIAN_POINT('',(37.6,11.8,2.1));
#14260 = LINE('',#14261,#14262);
#14261 = CARTESIAN_POINT('',(37.6,11.8,1.6));
#14262 = VECTOR('',#14263,1.);
#14263 = DIRECTION('',(0.,0.,1.));
#14264 = ORIENTED_EDGE('',*,*,#14265,.F.);
#14265 = EDGE_CURVE('',#14242,#14258,#14266,.T.);
#14266 = LINE('',#14267,#14268);
#14267 = CARTESIAN_POINT('',(37.6,11.,2.1));
#14268 = VECTOR('',#14269,1.);
#14269 = DIRECTION('',(-0.,1.,0.));
#14270 = PLANE('',#14271);
#14271 = AXIS2_PLACEMENT_3D('',#14272,#14273,#14274);
#14272 = CARTESIAN_POINT('',(37.6,11.,1.6));
#14273 = DIRECTION('',(1.,0.,-0.));
#14274 = DIRECTION('',(0.,0.,1.));
#14275 = ADVANCED_FACE('',(#14276),#14292,.F.);
#14276 = FACE_BOUND('',#14277,.F.);
#14277 = EDGE_LOOP('',(#14278,#14284,#14285,#14291));
#14278 = ORIENTED_EDGE('',*,*,#14279,.F.);
#14279 = EDGE_CURVE('',#14200,#14240,#14280,.T.);
#14280 = LINE('',#14281,#14282);
#14281 = CARTESIAN_POINT('',(36.,11.,1.6));
#14282 = VECTOR('',#14283,1.);
#14283 = DIRECTION('',(1.,0.,-0.));
#14284 = ORIENTED_EDGE('',*,*,#14199,.T.);
#14285 = ORIENTED_EDGE('',*,*,#14286,.T.);
#14286 = EDGE_CURVE('',#14202,#14242,#14287,.T.);
#14287 = LINE('',#14288,#14289);
#14288 = CARTESIAN_POINT('',(36.,11.,2.1));
#14289 = VECTOR('',#14290,1.);
#14290 = DIRECTION('',(1.,0.,-0.));
#14291 = ORIENTED_EDGE('',*,*,#14239,.F.);
#14292 = PLANE('',#14293);
#14293 = AXIS2_PLACEMENT_3D('',#14294,#14295,#14296);
#14294 = CARTESIAN_POINT('',(36.,11.,1.6));
#14295 = DIRECTION('',(-0.,1.,0.));
#14296 = DIRECTION('',(0.,0.,1.));
#14297 = ADVANCED_FACE('',(#14298),#14314,.T.);
#14298 = FACE_BOUND('',#14299,.T.);
#14299 = EDGE_LOOP('',(#14300,#14306,#14307,#14313));
#14300 = ORIENTED_EDGE('',*,*,#14301,.F.);
#14301 = EDGE_CURVE('',#14210,#14250,#14302,.T.);
#14302 = LINE('',#14303,#14304);
#14303 = CARTESIAN_POINT('',(36.,11.8,1.6));
#14304 = VECTOR('',#14305,1.);
#14305 = DIRECTION('',(1.,0.,-0.));
#14306 = ORIENTED_EDGE('',*,*,#14217,.T.);
#14307 = ORIENTED_EDGE('',*,*,#14308,.T.);
#14308 = EDGE_CURVE('',#14218,#14258,#14309,.T.);
#14309 = LINE('',#14310,#14311);
#14310 = CARTESIAN_POINT('',(36.,11.8,2.1));
#14311 = VECTOR('',#14312,1.);
#14312 = DIRECTION('',(1.,0.,-0.));
#14313 = ORIENTED_EDGE('',*,*,#14257,.F.);
#14314 = PLANE('',#14315);
#14315 = AXIS2_PLACEMENT_3D('',#14316,#14317,#14318);
#14316 = CARTESIAN_POINT('',(36.,11.8,1.6));
#14317 = DIRECTION('',(-0.,1.,0.));
#14318 = DIRECTION('',(0.,0.,1.));
#14319 = ADVANCED_FACE('',(#14320),#14326,.F.);
#14320 = FACE_BOUND('',#14321,.F.);
#14321 = EDGE_LOOP('',(#14322,#14323,#14324,#14325));
#14322 = ORIENTED_EDGE('',*,*,#14209,.F.);
#14323 = ORIENTED_EDGE('',*,*,#14279,.T.);
#14324 = ORIENTED_EDGE('',*,*,#14249,.T.);
#14325 = ORIENTED_EDGE('',*,*,#14301,.F.);
#14326 = PLANE('',#14327);
#14327 = AXIS2_PLACEMENT_3D('',#14328,#14329,#14330);
#14328 = CARTESIAN_POINT('',(36.,11.,1.6));
#14329 = DIRECTION('',(0.,0.,1.));
#14330 = DIRECTION('',(1.,0.,-0.));
#14331 = ADVANCED_FACE('',(#14332),#14338,.T.);
#14332 = FACE_BOUND('',#14333,.T.);
#14333 = EDGE_LOOP('',(#14334,#14335,#14336,#14337));
#14334 = ORIENTED_EDGE('',*,*,#14225,.F.);
#14335 = ORIENTED_EDGE('',*,*,#14286,.T.);
#14336 = ORIENTED_EDGE('',*,*,#14265,.T.);
#14337 = ORIENTED_EDGE('',*,*,#14308,.F.);
#14338 = PLANE('',#14339);
#14339 = AXIS2_PLACEMENT_3D('',#14340,#14341,#14342);
#14340 = CARTESIAN_POINT('',(36.,11.,2.1));
#14341 = DIRECTION('',(0.,0.,1.));
#14342 = DIRECTION('',(1.,0.,-0.));
#14343 = ( GEOMETRIC_REPRESENTATION_CONTEXT(3) 
GLOBAL_UNCERTAINTY_ASSIGNED_CONTEXT((#14347)) 
GLOBAL_UNIT_ASSIGNED_CONTEXT((#14344,#14345,#14346)) 
REPRESENTATION_CONTEXT('Context #1',
  '3D Context with UNIT and UNCERTAINTY') );
#14344 = ( LENGTH_UNIT() NAMED_UNIT(*) SI_UNIT(.MILLI.,.METRE.) );
#14345 = ( NAMED_UNIT(*) PLANE_ANGLE_UNIT() SI_UNIT($,.RADIAN.) );
#14346 = ( NAMED_UNIT(*) SI_UNIT($,.STERADIAN.) SOLID_ANGLE_UNIT() );
#14347 = UNCERTAINTY_MEASURE_WITH_UNIT(LENGTH_MEASURE(1.E-07),#14344,
  'distance_accuracy_value','confusion accuracy');
#14348 = CONTEXT_DEPENDENT_SHAPE_REPRESENTATION(#14349,#14351);
#14349 = ( REPRESENTATION_RELATIONSHIP('','',#14192,#10) 
REPRESENTATION_RELATIONSHIP_WITH_TRANSFORMATION(#14350) 
SHAPE_REPRESENTATION_RELATIONSHIP() );
#14350 = ITEM_DEFINED_TRANSFORMATION('','',#11,#207);
#14351 = PRODUCT_DEFINITION_SHAPE('Placement','Placement of an item',
  #14352);
#14352 = NEXT_ASSEMBLY_USAGE_OCCURRENCE('49','R1','',#5,#14187,$);
#14353 = PRODUCT_RELATED_PRODUCT_CATEGORY('part',$,(#14189));
#14354 = SHAPE_DEFINITION_REPRESENTATION(#14355,#14361);
#14355 = PRODUCT_DEFINITION_SHAPE('','',#14356);
#14356 = PRODUCT_DEFINITION('design','',#14357,#14360);
#14357 = PRODUCT_DEFINITION_FORMATION('','',#14358);
#14358 = PRODUCT('R2','R2','',(#14359));
#14359 = PRODUCT_CONTEXT('',#2,'mechanical');
#14360 = PRODUCT_DEFINITION_CONTEXT('part definition',#2,'design');
#14361 = ADVANCED_BREP_SHAPE_REPRESENTATION('',(#11,#14362),#14512);
#14362 = MANIFOLD_SOLID_BREP('',#14363);
#14363 = CLOSED_SHELL('',(#14364,#14404,#14444,#14466,#14488,#14500));
#14364 = ADVANCED_FACE('',(#14365),#14399,.F.);
#14365 = FACE_BOUND('',#14366,.F.);
#14366 = EDGE_LOOP('',(#14367,#14377,#14385,#14393));
#14367 = ORIENTED_EDGE('',*,*,#14368,.F.);
#14368 = EDGE_CURVE('',#14369,#14371,#14373,.T.);
#14369 = VERTEX_POINT('',#14370);
#14370 = CARTESIAN_POINT('',(38.5,9.,1.6));
#14371 = VERTEX_POINT('',#14372);
#14372 = CARTESIAN_POINT('',(38.5,9.,2.1));
#14373 = LINE('',#14374,#14375);
#14374 = CARTESIAN_POINT('',(38.5,9.,1.6));
#14375 = VECTOR('',#14376,1.);
#14376 = DIRECTION('',(0.,0.,1.));
#14377 = ORIENTED_EDGE('',*,*,#14378,.T.);
#14378 = EDGE_CURVE('',#14369,#14379,#14381,.T.);
#14379 = VERTEX_POINT('',#14380);
#14380 = CARTESIAN_POINT('',(38.5,9.8,1.6));
#14381 = LINE('',#14382,#14383);
#14382 = CARTESIAN_POINT('',(38.5,9.,1.6));
#14383 = VECTOR('',#14384,1.);
#14384 = DIRECTION('',(-0.,1.,0.));
#14385 = ORIENTED_EDGE('',*,*,#14386,.T.);
#14386 = EDGE_CURVE('',#14379,#14387,#14389,.T.);
#14387 = VERTEX_POINT('',#14388);
#14388 = CARTESIAN_POINT('',(38.5,9.8,2.1));
#14389 = LINE('',#14390,#14391);
#14390 = CARTESIAN_POINT('',(38.5,9.8,1.6));
#14391 = VECTOR('',#14392,1.);
#14392 = DIRECTION('',(0.,0.,1.));
#14393 = ORIENTED_EDGE('',*,*,#14394,.F.);
#14394 = EDGE_CURVE('',#14371,#14387,#14395,.T.);
#14395 = LINE('',#14396,#14397);
#14396 = CARTESIAN_POINT('',(38.5,9.,2.1));
#14397 = VECTOR('',#14398,1.);
#14398 = DIRECTION('',(-0.,1.,0.));
#14399 = PLANE('',#14400);
#14400 = AXIS2_PLACEMENT_3D('',#14401,#14402,#14403);
#14401 = CARTESIAN_POINT('',(38.5,9.,1.6));
#14402 = DIRECTION('',(1.,0.,-0.));
#14403 = DIRECTION('',(0.,0.,1.));
#14404 = ADVANCED_FACE('',(#14405),#14439,.T.);
#14405 = FACE_BOUND('',#14406,.T.);
#14406 = EDGE_LOOP('',(#14407,#14417,#14425,#14433));
#14407 = ORIENTED_EDGE('',*,*,#14408,.F.);
#14408 = EDGE_CURVE('',#14409,#14411,#14413,.T.);
#14409 = VERTEX_POINT('',#14410);
#14410 = CARTESIAN_POINT('',(40.1,9.,1.6));
#14411 = VERTEX_POINT('',#14412);
#14412 = CARTESIAN_POINT('',(40.1,9.,2.1));
#14413 = LINE('',#14414,#14415);
#14414 = CARTESIAN_POINT('',(40.1,9.,1.6));
#14415 = VECTOR('',#14416,1.);
#14416 = DIRECTION('',(0.,0.,1.));
#14417 = ORIENTED_EDGE('',*,*,#14418,.T.);
#14418 = EDGE_CURVE('',#14409,#14419,#14421,.T.);
#14419 = VERTEX_POINT('',#14420);
#14420 = CARTESIAN_POINT('',(40.1,9.8,1.6));
#14421 = LINE('',#14422,#14423);
#14422 = CARTESIAN_POINT('',(40.1,9.,1.6));
#14423 = VECTOR('',#14424,1.);
#14424 = DIRECTION('',(-0.,1.,0.));
#14425 = ORIENTED_EDGE('',*,*,#14426,.T.);
#14426 = EDGE_CURVE('',#14419,#14427,#14429,.T.);
#14427 = VERTEX_POINT('',#14428);
#14428 = CARTESIAN_POINT('',(40.1,9.8,2.1));
#14429 = LINE('',#14430,#14431);
#14430 = CARTESIAN_POINT('',(40.1,9.8,1.6));
#14431 = VECTOR('',#14432,1.);
#14432 = DIRECTION('',(0.,0.,1.));
#14433 = ORIENTED_EDGE('',*,*,#14434,.F.);
#14434 = EDGE_CURVE('',#14411,#14427,#14435,.T.);
#14435 = LINE('',#14436,#14437);
#14436 = CARTESIAN_POINT('',(40.1,9.,2.1));
#14437 = VECTOR('',#14438,1.);
#14438 = DIRECTION('',(-0.,1.,0.));
#14439 = PLANE('',#14440);
#14440 = AXIS2_PLACEMENT_3D('',#14441,#14442,#14443);
#14441 = CARTESIAN_POINT('',(40.1,9.,1.6));
#14442 = DIRECTION('',(1.,0.,-0.));
#14443 = DIRECTION('',(0.,0.,1.));
#14444 = ADVANCED_FACE('',(#14445),#14461,.F.);
#14445 = FACE_BOUND('',#14446,.F.);
#14446 = EDGE_LOOP('',(#14447,#14453,#14454,#14460));
#14447 = ORIENTED_EDGE('',*,*,#14448,.F.);
#14448 = EDGE_CURVE('',#14369,#14409,#14449,.T.);
#14449 = LINE('',#14450,#14451);
#14450 = CARTESIAN_POINT('',(38.5,9.,1.6));
#14451 = VECTOR('',#14452,1.);
#14452 = DIRECTION('',(1.,0.,-0.));
#14453 = ORIENTED_EDGE('',*,*,#14368,.T.);
#14454 = ORIENTED_EDGE('',*,*,#14455,.T.);
#14455 = EDGE_CURVE('',#14371,#14411,#14456,.T.);
#14456 = LINE('',#14457,#14458);
#14457 = CARTESIAN_POINT('',(38.5,9.,2.1));
#14458 = VECTOR('',#14459,1.);
#14459 = DIRECTION('',(1.,0.,-0.));
#14460 = ORIENTED_EDGE('',*,*,#14408,.F.);
#14461 = PLANE('',#14462);
#14462 = AXIS2_PLACEMENT_3D('',#14463,#14464,#14465);
#14463 = CARTESIAN_POINT('',(38.5,9.,1.6));
#14464 = DIRECTION('',(-0.,1.,0.));
#14465 = DIRECTION('',(0.,0.,1.));
#14466 = ADVANCED_FACE('',(#14467),#14483,.T.);
#14467 = FACE_BOUND('',#14468,.T.);
#14468 = EDGE_LOOP('',(#14469,#14475,#14476,#14482));
#14469 = ORIENTED_EDGE('',*,*,#14470,.F.);
#14470 = EDGE_CURVE('',#14379,#14419,#14471,.T.);
#14471 = LINE('',#14472,#14473);
#14472 = CARTESIAN_POINT('',(38.5,9.8,1.6));
#14473 = VECTOR('',#14474,1.);
#14474 = DIRECTION('',(1.,0.,-0.));
#14475 = ORIENTED_EDGE('',*,*,#14386,.T.);
#14476 = ORIENTED_EDGE('',*,*,#14477,.T.);
#14477 = EDGE_CURVE('',#14387,#14427,#14478,.T.);
#14478 = LINE('',#14479,#14480);
#14479 = CARTESIAN_POINT('',(38.5,9.8,2.1));
#14480 = VECTOR('',#14481,1.);
#14481 = DIRECTION('',(1.,0.,-0.));
#14482 = ORIENTED_EDGE('',*,*,#14426,.F.);
#14483 = PLANE('',#14484);
#14484 = AXIS2_PLACEMENT_3D('',#14485,#14486,#14487);
#14485 = CARTESIAN_POINT('',(38.5,9.8,1.6));
#14486 = DIRECTION('',(-0.,1.,0.));
#14487 = DIRECTION('',(0.,0.,1.));
#14488 = ADVANCED_FACE('',(#14489),#14495,.F.);
#14489 = FACE_BOUND('',#14490,.F.);
#14490 = EDGE_LOOP('',(#14491,#14492,#14493,#14494));
#14491 = ORIENTED_EDGE('',*,*,#14378,.F.);
#14492 = ORIENTED_EDGE('',*,*,#14448,.T.);
#14493 = ORIENTED_EDGE('',*,*,#14418,.T.);
#14494 = ORIENTED_EDGE('',*,*,#14470,.F.);
#14495 = PLANE('',#14496);
#14496 = AXIS2_PLACEMENT_3D('',#14497,#14498,#14499);
#14497 = CARTESIAN_POINT('',(38.5,9.,1.6));
#14498 = DIRECTION('',(0.,0.,1.));
#14499 = DIRECTION('',(1.,0.,-0.));
#14500 = ADVANCED_FACE('',(#14501),#14507,.T.);
#14501 = FACE_BOUND('',#14502,.T.);
#14502 = EDGE_LOOP('',(#14503,#14504,#14505,#14506));
#14503 = ORIENTED_EDGE('',*,*,#14394,.F.);
#14504 = ORIENTED_EDGE('',*,*,#14455,.T.);
#14505 = ORIENTED_EDGE('',*,*,#14434,.T.);
#14506 = ORIENTED_EDGE('',*,*,#14477,.F.);
#14507 = PLANE('',#14508);
#14508 = AXIS2_PLACEMENT_3D('',#14509,#14510,#14511);
#14509 = CARTESIAN_POINT('',(38.5,9.,2.1));
#14510 = DIRECTION('',(0.,0.,1.));
#14511 = DIRECTION('',(1.,0.,-0.));
#14512 = ( GEOMETRIC_REPRESENTATION_CONTEXT(3) 
GLOBAL_UNCERTAINTY_ASSIGNED_CONTEXT((#14516)) 
GLOBAL_UNIT_ASSIGNED_CONTEXT((#14513,#14514,#14515)) 
REPRESENTATION_CONTEXT('Context #1',
  '3D Context with UNIT and UNCERTAINTY') );
#14513 = ( LENGTH_UNIT() NAMED_UNIT(*) SI_UNIT(.MILLI.,.METRE.) );
#14514 = ( NAMED_UNIT(*) PLANE_ANGLE_UNIT() SI_UNIT($,.RADIAN.) );
#14515 = ( NAMED_UNIT(*) SI_UNIT($,.STERADIAN.) SOLID_ANGLE_UNIT() );
#14516 = UNCERTAINTY_MEASURE_WITH_UNIT(LENGTH_MEASURE(1.E-07),#14513,
  'distance_accuracy_value','confusion accuracy');
#14517 = CONTEXT_DEPENDENT_SHAPE_REPRESENTATION(#14518,#14520);
#14518 = ( REPRESENTATION_RELATIONSHIP('','',#14361,#10) 
REPRESENTATION_RELATIONSHIP_WITH_TRANSFORMATION(#14519) 
SHAPE_REPRESENTATION_RELATIONSHIP() );
#14519 = ITEM_DEFINED_TRANSFORMATION('','',#11,#211);
#14520 = PRODUCT_DEFINITION_SHAPE('Placement','Placement of an item',
  #14521);
#14521 = NEXT_ASSEMBLY_USAGE_OCCURRENCE('50','R2','',#5,#14356,$);
#14522 = PRODUCT_RELATED_PRODUCT_CATEGORY('part',$,(#14358));
#14523 = SHAPE_DEFINITION_REPRESENTATION(#14524,#14530);
#14524 = PRODUCT_DEFINITION_SHAPE('','',#14525);
#14525 = PRODUCT_DEFINITION('design','',#14526,#14529);
#14526 = PRODUCT_DEFINITION_FORMATION('','',#14527);
#14527 = PRODUCT('R3','R3','',(#14528));
#14528 = PRODUCT_CONTEXT('',#2,'mechanical');
#14529 = PRODUCT_DEFINITION_CONTEXT('part definition',#2,'design');
#14530 = ADVANCED_BREP_SHAPE_REPRESENTATION('',(#11,#14531),#14681);
#14531 = MANIFOLD_SOLID_BREP('',#14532);
#14532 = CLOSED_SHELL('',(#14533,#14573,#14613,#14635,#14657,#14669));
#14533 = ADVANCED_FACE('',(#14534),#14568,.F.);
#14534 = FACE_BOUND('',#14535,.F.);
#14535 = EDGE_LOOP('',(#14536,#14546,#14554,#14562));
#14536 = ORIENTED_EDGE('',*,*,#14537,.F.);
#14537 = EDGE_CURVE('',#14538,#14540,#14542,.T.);
#14538 = VERTEX_POINT('',#14539);
#14539 = CARTESIAN_POINT('',(38.5,11.,1.6));
#14540 = VERTEX_POINT('',#14541);
#14541 = CARTESIAN_POINT('',(38.5,11.,2.1));
#14542 = LINE('',#14543,#14544);
#14543 = CARTESIAN_POINT('',(38.5,11.,1.6));
#14544 = VECTOR('',#14545,1.);
#14545 = DIRECTION('',(0.,0.,1.));
#14546 = ORIENTED_EDGE('',*,*,#14547,.T.);
#14547 = EDGE_CURVE('',#14538,#14548,#14550,.T.);
#14548 = VERTEX_POINT('',#14549);
#14549 = CARTESIAN_POINT('',(38.5,11.8,1.6));
#14550 = LINE('',#14551,#14552);
#14551 = CARTESIAN_POINT('',(38.5,11.,1.6));
#14552 = VECTOR('',#14553,1.);
#14553 = DIRECTION('',(-0.,1.,0.));
#14554 = ORIENTED_EDGE('',*,*,#14555,.T.);
#14555 = EDGE_CURVE('',#14548,#14556,#14558,.T.);
#14556 = VERTEX_POINT('',#14557);
#14557 = CARTESIAN_POINT('',(38.5,11.8,2.1));
#14558 = LINE('',#14559,#14560);
#14559 = CARTESIAN_POINT('',(38.5,11.8,1.6));
#14560 = VECTOR('',#14561,1.);
#14561 = DIRECTION('',(0.,0.,1.));
#14562 = ORIENTED_EDGE('',*,*,#14563,.F.);
#14563 = EDGE_CURVE('',#14540,#14556,#14564,.T.);
#14564 = LINE('',#14565,#14566);
#14565 = CARTESIAN_POINT('',(38.5,11.,2.1));
#14566 = VECTOR('',#14567,1.);
#14567 = DIRECTION('',(-0.,1.,0.));
#14568 = PLANE('',#14569);
#14569 = AXIS2_PLACEMENT_3D('',#14570,#14571,#14572);
#14570 = CARTESIAN_POINT('',(38.5,11.,1.6));
#14571 = DIRECTION('',(1.,0.,-0.));
#14572 = DIRECTION('',(0.,0.,1.));
#14573 = ADVANCED_FACE('',(#14574),#14608,.T.);
#14574 = FACE_BOUND('',#14575,.T.);
#14575 = EDGE_LOOP('',(#14576,#14586,#14594,#14602));
#14576 = ORIENTED_EDGE('',*,*,#14577,.F.);
#14577 = EDGE_CURVE('',#14578,#14580,#14582,.T.);
#14578 = VERTEX_POINT('',#14579);
#14579 = CARTESIAN_POINT('',(40.1,11.,1.6));
#14580 = VERTEX_POINT('',#14581);
#14581 = CARTESIAN_POINT('',(40.1,11.,2.1));
#14582 = LINE('',#14583,#14584);
#14583 = CARTESIAN_POINT('',(40.1,11.,1.6));
#14584 = VECTOR('',#14585,1.);
#14585 = DIRECTION('',(0.,0.,1.));
#14586 = ORIENTED_EDGE('',*,*,#14587,.T.);
#14587 = EDGE_CURVE('',#14578,#14588,#14590,.T.);
#14588 = VERTEX_POINT('',#14589);
#14589 = CARTESIAN_POINT('',(40.1,11.8,1.6));
#14590 = LINE('',#14591,#14592);
#14591 = CARTESIAN_POINT('',(40.1,11.,1.6));
#14592 = VECTOR('',#14593,1.);
#14593 = DIRECTION('',(-0.,1.,0.));
#14594 = ORIENTED_EDGE('',*,*,#14595,.T.);
#14595 = EDGE_CURVE('',#14588,#14596,#14598,.T.);
#14596 = VERTEX_POINT('',#14597);
#14597 = CARTESIAN_POINT('',(40.1,11.8,2.1));
#14598 = LINE('',#14599,#14600);
#14599 = CARTESIAN_POINT('',(40.1,11.8,1.6));
#14600 = VECTOR('',#14601,1.);
#14601 = DIRECTION('',(0.,0.,1.));
#14602 = ORIENTED_EDGE('',*,*,#14603,.F.);
#14603 = EDGE_CURVE('',#14580,#14596,#14604,.T.);
#14604 = LINE('',#14605,#14606);
#14605 = CARTESIAN_POINT('',(40.1,11.,2.1));
#14606 = VECTOR('',#14607,1.);
#14607 = DIRECTION('',(-0.,1.,0.));
#14608 = PLANE('',#14609);
#14609 = AXIS2_PLACEMENT_3D('',#14610,#14611,#14612);
#14610 = CARTESIAN_POINT('',(40.1,11.,1.6));
#14611 = DIRECTION('',(1.,0.,-0.));
#14612 = DIRECTION('',(0.,0.,1.));
#14613 = ADVANCED_FACE('',(#14614),#14630,.F.);
#14614 = FACE_BOUND('',#14615,.F.);
#14615 = EDGE_LOOP('',(#14616,#14622,#14623,#14629));
#14616 = ORIENTED_EDGE('',*,*,#14617,.F.);
#14617 = EDGE_CURVE('',#14538,#14578,#14618,.T.);
#14618 = LINE('',#14619,#14620);
#14619 = CARTESIAN_POINT('',(38.5,11.,1.6));
#14620 = VECTOR('',#14621,1.);
#14621 = DIRECTION('',(1.,0.,-0.));
#14622 = ORIENTED_EDGE('',*,*,#14537,.T.);
#14623 = ORIENTED_EDGE('',*,*,#14624,.T.);
#14624 = EDGE_CURVE('',#14540,#14580,#14625,.T.);
#14625 = LINE('',#14626,#14627);
#14626 = CARTESIAN_POINT('',(38.5,11.,2.1));
#14627 = VECTOR('',#14628,1.);
#14628 = DIRECTION('',(1.,0.,-0.));
#14629 = ORIENTED_EDGE('',*,*,#14577,.F.);
#14630 = PLANE('',#14631);
#14631 = AXIS2_PLACEMENT_3D('',#14632,#14633,#14634);
#14632 = CARTESIAN_POINT('',(38.5,11.,1.6));
#14633 = DIRECTION('',(-0.,1.,0.));
#14634 = DIRECTION('',(0.,0.,1.));
#14635 = ADVANCED_FACE('',(#14636),#14652,.T.);
#14636 = FACE_BOUND('',#14637,.T.);
#14637 = EDGE_LOOP('',(#14638,#14644,#14645,#14651));
#14638 = ORIENTED_EDGE('',*,*,#14639,.F.);
#14639 = EDGE_CURVE('',#14548,#14588,#14640,.T.);
#14640 = LINE('',#14641,#14642);
#14641 = CARTESIAN_POINT('',(38.5,11.8,1.6));
#14642 = VECTOR('',#14643,1.);
#14643 = DIRECTION('',(1.,0.,-0.));
#14644 = ORIENTED_EDGE('',*,*,#14555,.T.);
#14645 = ORIENTED_EDGE('',*,*,#14646,.T.);
#14646 = EDGE_CURVE('',#14556,#14596,#14647,.T.);
#14647 = LINE('',#14648,#14649);
#14648 = CARTESIAN_POINT('',(38.5,11.8,2.1));
#14649 = VECTOR('',#14650,1.);
#14650 = DIRECTION('',(1.,0.,-0.));
#14651 = ORIENTED_EDGE('',*,*,#14595,.F.);
#14652 = PLANE('',#14653);
#14653 = AXIS2_PLACEMENT_3D('',#14654,#14655,#14656);
#14654 = CARTESIAN_POINT('',(38.5,11.8,1.6));
#14655 = DIRECTION('',(-0.,1.,0.));
#14656 = DIRECTION('',(0.,0.,1.));
#14657 = ADVANCED_FACE('',(#14658),#14664,.F.);
#14658 = FACE_BOUND('',#14659,.F.);
#14659 = EDGE_LOOP('',(#14660,#14661,#14662,#14663));
#14660 = ORIENTED_EDGE('',*,*,#14547,.F.);
#14661 = ORIENTED_EDGE('',*,*,#14617,.T.);
#14662 = ORIENTED_EDGE('',*,*,#14587,.T.);
#14663 = ORIENTED_EDGE('',*,*,#14639,.F.);
#14664 = PLANE('',#14665);
#14665 = AXIS2_PLACEMENT_3D('',#14666,#14667,#14668);
#14666 = CARTESIAN_POINT('',(38.5,11.,1.6));
#14667 = DIRECTION('',(0.,0.,1.));
#14668 = DIRECTION('',(1.,0.,-0.));
#14669 = ADVANCED_FACE('',(#14670),#14676,.T.);
#14670 = FACE_BOUND('',#14671,.T.);
#14671 = EDGE_LOOP('',(#14672,#14673,#14674,#14675));
#14672 = ORIENTED_EDGE('',*,*,#14563,.F.);
#14673 = ORIENTED_EDGE('',*,*,#14624,.T.);
#14674 = ORIENTED_EDGE('',*,*,#14603,.T.);
#14675 = ORIENTED_EDGE('',*,*,#14646,.F.);
#14676 = PLANE('',#14677);
#14677 = AXIS2_PLACEMENT_3D('',#14678,#14679,#14680);
#14678 = CARTESIAN_POINT('',(38.5,11.,2.1));
#14679 = DIRECTION('',(0.,0.,1.));
#14680 = DIRECTION('',(1.,0.,-0.));
#14681 = ( GEOMETRIC_REPRESENTATION_CONTEXT(3) 
GLOBAL_UNCERTAINTY_ASSIGNED_CONTEXT((#14685)) 
GLOBAL_UNIT_ASSIGNED_CONTEXT((#14682,#14683,#14684)) 
REPRESENTATION_CONTEXT('Context #1',
  '3D Context with UNIT and UNCERTAINTY') );
#14682 = ( LENGTH_UNIT() NAMED_UNIT(*) SI_UNIT(.MILLI.,.METRE.) );
#14683 = ( NAMED_UNIT(*) PLANE_ANGLE_UNIT() SI_UNIT($,.RADIAN.) );
#14684 = ( NAMED_UNIT(*) SI_UNIT($,.STERADIAN.) SOLID_ANGLE_UNIT() );
#14685 = UNCERTAINTY_MEASURE_WITH_UNIT(LENGTH_MEASURE(1.E-07),#14682,
  'distance_accuracy_value','confusion accuracy');
#14686 = CONTEXT_DEPENDENT_SHAPE_REPRESENTATION(#14687,#14689);
#14687 = ( REPRESENTATION_RELATIONSHIP('','',#14530,#10) 
REPRESENTATION_RELATIONSHIP_WITH_TRANSFORMATION(#14688) 
SHAPE_REPRESENTATION_RELATIONSHIP() );
#14688 = ITEM_DEFINED_TRANSFORMATION('','',#11,#215);
#14689 = PRODUCT_DEFINITION_SHAPE('Placement','Placement of an item',
  #14690);
#14690 = NEXT_ASSEMBLY_USAGE_OCCURRENCE('51','R3','',#5,#14525,$);
#14691 = PRODUCT_RELATED_PRODUCT_CATEGORY('part',$,(#14527));
#14692 = SHAPE_DEFINITION_REPRESENTATION(#14693,#14699);
#14693 = PRODUCT_DEFINITION_SHAPE('','',#14694);
#14694 = PRODUCT_DEFINITION('design','',#14695,#14698);
#14695 = PRODUCT_DEFINITION_FORMATION('','',#14696);
#14696 = PRODUCT('C_100nF','C_100nF','',(#14697));
#14697 = PRODUCT_CONTEXT('',#2,'mechanical');
#14698 = PRODUCT_DEFINITION_CONTEXT('part definition',#2,'design');
#14699 = ADVANCED_BREP_SHAPE_REPRESENTATION('',(#11,#14700),#14850);
#14700 = MANIFOLD_SOLID_BREP('',#14701);
#14701 = CLOSED_SHELL('',(#14702,#14742,#14782,#14804,#14826,#14838));
#14702 = ADVANCED_FACE('',(#14703),#14737,.F.);
#14703 = FACE_BOUND('',#14704,.F.);
#14704 = EDGE_LOOP('',(#14705,#14715,#14723,#14731));
#14705 = ORIENTED_EDGE('',*,*,#14706,.F.);
#14706 = EDGE_CURVE('',#14707,#14709,#14711,.T.);
#14707 = VERTEX_POINT('',#14708);
#14708 = CARTESIAN_POINT('',(25.5,8.3,1.6));
#14709 = VERTEX_POINT('',#14710);
#14710 = CARTESIAN_POINT('',(25.5,8.3,2.5));
#14711 = LINE('',#14712,#14713);
#14712 = CARTESIAN_POINT('',(25.5,8.3,1.6));
#14713 = VECTOR('',#14714,1.);
#14714 = DIRECTION('',(0.,0.,1.));
#14715 = ORIENTED_EDGE('',*,*,#14716,.T.);
#14716 = EDGE_CURVE('',#14707,#14717,#14719,.T.);
#14717 = VERTEX_POINT('',#14718);
#14718 = CARTESIAN_POINT('',(25.5,9.55,1.6));
#14719 = LINE('',#14720,#14721);
#14720 = CARTESIAN_POINT('',(25.5,8.3,1.6));
#14721 = VECTOR('',#14722,1.);
#14722 = DIRECTION('',(-0.,1.,0.));
#14723 = ORIENTED_EDGE('',*,*,#14724,.T.);
#14724 = EDGE_CURVE('',#14717,#14725,#14727,.T.);
#14725 = VERTEX_POINT('',#14726);
#14726 = CARTESIAN_POINT('',(25.5,9.55,2.5));
#14727 = LINE('',#14728,#14729);
#14728 = CARTESIAN_POINT('',(25.5,9.55,1.6));
#14729 = VECTOR('',#14730,1.);
#14730 = DIRECTION('',(0.,0.,1.));
#14731 = ORIENTED_EDGE('',*,*,#14732,.F.);
#14732 = EDGE_CURVE('',#14709,#14725,#14733,.T.);
#14733 = LINE('',#14734,#14735);
#14734 = CARTESIAN_POINT('',(25.5,8.3,2.5));
#14735 = VECTOR('',#14736,1.);
#14736 = DIRECTION('',(-0.,1.,0.));
#14737 = PLANE('',#14738);
#14738 = AXIS2_PLACEMENT_3D('',#14739,#14740,#14741);
#14739 = CARTESIAN_POINT('',(25.5,8.3,1.6));
#14740 = DIRECTION('',(1.,0.,-0.));
#14741 = DIRECTION('',(0.,0.,1.));
#14742 = ADVANCED_FACE('',(#14743),#14777,.T.);
#14743 = FACE_BOUND('',#14744,.T.);
#14744 = EDGE_LOOP('',(#14745,#14755,#14763,#14771));
#14745 = ORIENTED_EDGE('',*,*,#14746,.F.);
#14746 = EDGE_CURVE('',#14747,#14749,#14751,.T.);
#14747 = VERTEX_POINT('',#14748);
#14748 = CARTESIAN_POINT('',(27.5,8.3,1.6));
#14749 = VERTEX_POINT('',#14750);
#14750 = CARTESIAN_POINT('',(27.5,8.3,2.5));
#14751 = LINE('',#14752,#14753);
#14752 = CARTESIAN_POINT('',(27.5,8.3,1.6));
#14753 = VECTOR('',#14754,1.);
#14754 = DIRECTION('',(0.,0.,1.));
#14755 = ORIENTED_EDGE('',*,*,#14756,.T.);
#14756 = EDGE_CURVE('',#14747,#14757,#14759,.T.);
#14757 = VERTEX_POINT('',#14758);
#14758 = CARTESIAN_POINT('',(27.5,9.55,1.6));
#14759 = LINE('',#14760,#14761);
#14760 = CARTESIAN_POINT('',(27.5,8.3,1.6));
#14761 = VECTOR('',#14762,1.);
#14762 = DIRECTION('',(-0.,1.,0.));
#14763 = ORIENTED_EDGE('',*,*,#14764,.T.);
#14764 = EDGE_CURVE('',#14757,#14765,#14767,.T.);
#14765 = VERTEX_POINT('',#14766);
#14766 = CARTESIAN_POINT('',(27.5,9.55,2.5));
#14767 = LINE('',#14768,#14769);
#14768 = CARTESIAN_POINT('',(27.5,9.55,1.6));
#14769 = VECTOR('',#14770,1.);
#14770 = DIRECTION('',(0.,0.,1.));
#14771 = ORIENTED_EDGE('',*,*,#14772,.F.);
#14772 = EDGE_CURVE('',#14749,#14765,#14773,.T.);
#14773 = LINE('',#14774,#14775);
#14774 = CARTESIAN_POINT('',(27.5,8.3,2.5));
#14775 = VECTOR('',#14776,1.);
#14776 = DIRECTION('',(-0.,1.,0.));
#14777 = PLANE('',#14778);
#14778 = AXIS2_PLACEMENT_3D('',#14779,#14780,#14781);
#14779 = CARTESIAN_POINT('',(27.5,8.3,1.6));
#14780 = DIRECTION('',(1.,0.,-0.));
#14781 = DIRECTION('',(0.,0.,1.));
#14782 = ADVANCED_FACE('',(#14783),#14799,.F.);
#14783 = FACE_BOUND('',#14784,.F.);
#14784 = EDGE_LOOP('',(#14785,#14791,#14792,#14798));
#14785 = ORIENTED_EDGE('',*,*,#14786,.F.);
#14786 = EDGE_CURVE('',#14707,#14747,#14787,.T.);
#14787 = LINE('',#14788,#14789);
#14788 = CARTESIAN_POINT('',(25.5,8.3,1.6));
#14789 = VECTOR('',#14790,1.);
#14790 = DIRECTION('',(1.,0.,-0.));
#14791 = ORIENTED_EDGE('',*,*,#14706,.T.);
#14792 = ORIENTED_EDGE('',*,*,#14793,.T.);
#14793 = EDGE_CURVE('',#14709,#14749,#14794,.T.);
#14794 = LINE('',#14795,#14796);
#14795 = CARTESIAN_POINT('',(25.5,8.3,2.5));
#14796 = VECTOR('',#14797,1.);
#14797 = DIRECTION('',(1.,0.,-0.));
#14798 = ORIENTED_EDGE('',*,*,#14746,.F.);
#14799 = PLANE('',#14800);
#14800 = AXIS2_PLACEMENT_3D('',#14801,#14802,#14803);
#14801 = CARTESIAN_POINT('',(25.5,8.3,1.6));
#14802 = DIRECTION('',(-0.,1.,0.));
#14803 = DIRECTION('',(0.,0.,1.));
#14804 = ADVANCED_FACE('',(#14805),#14821,.T.);
#14805 = FACE_BOUND('',#14806,.T.);
#14806 = EDGE_LOOP('',(#14807,#14813,#14814,#14820));
#14807 = ORIENTED_EDGE('',*,*,#14808,.F.);
#14808 = EDGE_CURVE('',#14717,#14757,#14809,.T.);
#14809 = LINE('',#14810,#14811);
#14810 = CARTESIAN_POINT('',(25.5,9.55,1.6));
#14811 = VECTOR('',#14812,1.);
#14812 = DIRECTION('',(1.,0.,-0.));
#14813 = ORIENTED_EDGE('',*,*,#14724,.T.);
#14814 = ORIENTED_EDGE('',*,*,#14815,.T.);
#14815 = EDGE_CURVE('',#14725,#14765,#14816,.T.);
#14816 = LINE('',#14817,#14818);
#14817 = CARTESIAN_POINT('',(25.5,9.55,2.5));
#14818 = VECTOR('',#14819,1.);
#14819 = DIRECTION('',(1.,0.,-0.));
#14820 = ORIENTED_EDGE('',*,*,#14764,.F.);
#14821 = PLANE('',#14822);
#14822 = AXIS2_PLACEMENT_3D('',#14823,#14824,#14825);
#14823 = CARTESIAN_POINT('',(25.5,9.55,1.6));
#14824 = DIRECTION('',(-0.,1.,0.));
#14825 = DIRECTION('',(0.,0.,1.));
#14826 = ADVANCED_FACE('',(#14827),#14833,.F.);
#14827 = FACE_BOUND('',#14828,.F.);
#14828 = EDGE_LOOP('',(#14829,#14830,#14831,#14832));
#14829 = ORIENTED_EDGE('',*,*,#14716,.F.);
#14830 = ORIENTED_EDGE('',*,*,#14786,.T.);
#14831 = ORIENTED_EDGE('',*,*,#14756,.T.);
#14832 = ORIENTED_EDGE('',*,*,#14808,.F.);
#14833 = PLANE('',#14834);
#14834 = AXIS2_PLACEMENT_3D('',#14835,#14836,#14837);
#14835 = CARTESIAN_POINT('',(25.5,8.3,1.6));
#14836 = DIRECTION('',(0.,0.,1.));
#14837 = DIRECTION('',(1.,0.,-0.));
#14838 = ADVANCED_FACE('',(#14839),#14845,.T.);
#14839 = FACE_BOUND('',#14840,.T.);
#14840 = EDGE_LOOP('',(#14841,#14842,#14843,#14844));
#14841 = ORIENTED_EDGE('',*,*,#14732,.F.);
#14842 = ORIENTED_EDGE('',*,*,#14793,.T.);
#14843 = ORIENTED_EDGE('',*,*,#14772,.T.);
#14844 = ORIENTED_EDGE('',*,*,#14815,.F.);
#14845 = PLANE('',#14846);
#14846 = AXIS2_PLACEMENT_3D('',#14847,#14848,#14849);
#14847 = CARTESIAN_POINT('',(25.5,8.3,2.5));
#14848 = DIRECTION('',(0.,0.,1.));
#14849 = DIRECTION('',(1.,0.,-0.));
#14850 = ( GEOMETRIC_REPRESENTATION_CONTEXT(3) 
GLOBAL_UNCERTAINTY_ASSIGNED_CONTEXT((#14854)) 
GLOBAL_UNIT_ASSIGNED_CONTEXT((#14851,#14852,#14853)) 
REPRESENTATION_CONTEXT('Context #1',
  '3D Context with UNIT and UNCERTAINTY') );
#14851 = ( LENGTH_UNIT() NAMED_UNIT(*) SI_UNIT(.MILLI.,.METRE.) );
#14852 = ( NAMED_UNIT(*) PLANE_ANGLE_UNIT() SI_UNIT($,.RADIAN.) );
#14853 = ( NAMED_UNIT(*) SI_UNIT($,.STERADIAN.) SOLID_ANGLE_UNIT() );
#14854 = UNCERTAINTY_MEASURE_WITH_UNIT(LENGTH_MEASURE(1.E-07),#14851,
  'distance_accuracy_value','confusion accuracy');
#14855 = CONTEXT_DEPENDENT_SHAPE_REPRESENTATION(#14856,#14858);
#14856 = ( REPRESENTATION_RELATIONSHIP('','',#14699,#10) 
REPRESENTATION_RELATIONSHIP_WITH_TRANSFORMATION(#14857) 
SHAPE_REPRESENTATION_RELATIONSHIP() );
#14857 = ITEM_DEFINED_TRANSFORMATION('','',#11,#219);
#14858 = PRODUCT_DEFINITION_SHAPE('Placement','Placement of an item',
  #14859);
#14859 = NEXT_ASSEMBLY_USAGE_OCCURRENCE('52','C_100nF','',#5,#14694,$);
#14860 = PRODUCT_RELATED_PRODUCT_CATEGORY('part',$,(#14696));
ENDSEC;
END-ISO-10303-21;
