ISO-10303-21;
HEADER;
FILE_DESCRIPTION(('FreeCAD Model'),'2;1');
FILE_NAME('Open CASCADE Shape Model','2026-09-27T17:49:18',('Author'),(
    ''),'Open CASCADE STEP processor 7.8','FreeCAD','Unknown');
FILE_SCHEMA(('AUTOMOTIVE_DESIGN { 1 0 10303 214 1 1 1 1 }'));
ENDSEC;
DATA;
#1 = APPLICATION_PROTOCOL_DEFINITION('international standard',
  'automotive_design',2000,#2);
#2 = APPLICATION_CONTEXT(
  'core data for automotive mechanical design processes');
#3 = SHAPE_DEFINITION_REPRESENTATION(#4,#10);
#4 = PRODUCT_DEFINITION_SHAPE('','',#5);
#5 = PRODUCT_DEFINITION('design','',#6,#9);
#6 = PRODUCT_DEFINITION_FORMATION('','',#7);
#7 = PRODUCT('dhb12','dhb12','',(#8));
#8 = PRODUCT_CONTEXT('',#2,'mechanical');
#9 = PRODUCT_DEFINITION_CONTEXT('part definition',#2,'design');
#10 = SHAPE_REPRESENTATION('',(#11,#15,#19,#23,#27,#31,#35,#39,#43,#47,
    #51,#55,#59,#63,#67,#71,#75,#79,#83,#87,#91,#95,#99,#103,#107,#111,
    #115,#119,#123,#127,#131,#135,#139,#143,#147,#151,#155,#159,#163,
    #167,#171,#175,#179),#183);
#11 = AXIS2_PLACEMENT_3D('',#12,#13,#14);
#12 = CARTESIAN_POINT('',(0.,0.,0.));
#13 = DIRECTION('',(0.,0.,1.));
#14 = DIRECTION('',(1.,0.,-0.));
#15 = AXIS2_PLACEMENT_3D('',#16,#17,#18);
#16 = CARTESIAN_POINT('',(9.,21.,-2.));
#17 = DIRECTION('',(0.,0.,1.));
#18 = DIRECTION('',(1.,0.,0.));
#19 = AXIS2_PLACEMENT_3D('',#20,#21,#22);
#20 = CARTESIAN_POINT('',(15.,3.,1.6));
#21 = DIRECTION('',(0.,0.,1.));
#22 = DIRECTION('',(1.,0.,0.));
#23 = AXIS2_PLACEMENT_3D('',#24,#25,#26);
#24 = CARTESIAN_POINT('',(64.,11.,1.6));
#25 = DIRECTION('',(0.,0.,1.));
#26 = DIRECTION('',(1.,0.,0.));
#27 = AXIS2_PLACEMENT_3D('',#28,#29,#30);
#28 = CARTESIAN_POINT('',(9.,12.,1.6));
#29 = DIRECTION('',(0.,0.,1.));
#30 = DIRECTION('',(1.,0.,0.));
#31 = AXIS2_PLACEMENT_3D('',#32,#33,#34);
#32 = CARTESIAN_POINT('',(0.,0.,0.));
#33 = DIRECTION('',(0.,0.,1.));
#34 = DIRECTION('',(1.,0.,0.));
#35 = AXIS2_PLACEMENT_3D('',#36,#37,#38);
#36 = CARTESIAN_POINT('',(15.,3.,7.6));
#37 = DIRECTION('',(0.,0.,1.));
#38 = DIRECTION('',(1.,0.,0.));
#39 = AXIS2_PLACEMENT_3D('',#40,#41,#42);
#40 = CARTESIAN_POINT('',(15.,9.,7.6));
#41 = DIRECTION('',(0.,0.,1.));
#42 = DIRECTION('',(1.,0.,0.));
#43 = AXIS2_PLACEMENT_3D('',#44,#45,#46);
#44 = CARTESIAN_POINT('',(15.,15.,7.6));
#45 = DIRECTION('',(0.,0.,1.));
#46 = DIRECTION('',(1.,0.,0.));
#47 = AXIS2_PLACEMENT_3D('',#48,#49,#50);
#48 = CARTESIAN_POINT('',(15.,21.,7.6));
#49 = DIRECTION('',(0.,0.,1.));
#50 = DIRECTION('',(1.,0.,0.));
#51 = AXIS2_PLACEMENT_3D('',#52,#53,#54);
#52 = CARTESIAN_POINT('',(15.,27.,7.6));
#53 = DIRECTION('',(0.,0.,1.));
#54 = DIRECTION('',(1.,0.,0.));
#55 = AXIS2_PLACEMENT_3D('',#56,#57,#58);
#56 = CARTESIAN_POINT('',(15.,33.,7.6));
#57 = DIRECTION('',(0.,0.,1.));
#58 = DIRECTION('',(1.,0.,0.));
#59 = AXIS2_PLACEMENT_3D('',#60,#61,#62);
#60 = CARTESIAN_POINT('',(15.,39.,7.6));
#61 = DIRECTION('',(0.,0.,1.));
#62 = DIRECTION('',(1.,0.,0.));
#63 = AXIS2_PLACEMENT_3D('',#64,#65,#66);
#64 = CARTESIAN_POINT('',(15.,45.,7.6));
#65 = DIRECTION('',(0.,0.,1.));
#66 = DIRECTION('',(1.,0.,0.));
#67 = AXIS2_PLACEMENT_3D('',#68,#69,#70);
#68 = CARTESIAN_POINT('',(15.,51.5,7.6));
#69 = DIRECTION('',(0.,0.,1.));
#70 = DIRECTION('',(1.,0.,0.));
#71 = AXIS2_PLACEMENT_3D('',#72,#73,#74);
#72 = CARTESIAN_POINT('',(66.,8.,1.6));
#73 = DIRECTION('',(0.,0.,1.));
#74 = DIRECTION('',(1.,0.,0.));
#75 = AXIS2_PLACEMENT_3D('',#76,#77,#78);
#76 = CARTESIAN_POINT('',(60.,8.,1.6));
#77 = DIRECTION('',(0.,0.,1.));
#78 = DIRECTION('',(1.,0.,0.));
#79 = AXIS2_PLACEMENT_3D('',#80,#81,#82);
#80 = CARTESIAN_POINT('',(67.,12.,5.));
#81 = DIRECTION('',(0.,0.,1.));
#82 = DIRECTION('',(1.,0.,0.));
#83 = AXIS2_PLACEMENT_3D('',#84,#85,#86);
#84 = CARTESIAN_POINT('',(65.,12.,5.));
#85 = DIRECTION('',(0.,0.,1.));
#86 = DIRECTION('',(1.,0.,0.));
#87 = AXIS2_PLACEMENT_3D('',#88,#89,#90);
#88 = CARTESIAN_POINT('',(65.,14.,5.));
#89 = DIRECTION('',(0.,0.,1.));
#90 = DIRECTION('',(1.,0.,0.));
#91 = AXIS2_PLACEMENT_3D('',#92,#93,#94);
#92 = CARTESIAN_POINT('',(65.,16.,5.));
#93 = DIRECTION('',(0.,0.,1.));
#94 = DIRECTION('',(1.,0.,0.));
#95 = AXIS2_PLACEMENT_3D('',#96,#97,#98);
#96 = CARTESIAN_POINT('',(65.,18.,5.));
#97 = DIRECTION('',(0.,0.,1.));
#98 = DIRECTION('',(1.,0.,0.));
#99 = AXIS2_PLACEMENT_3D('',#100,#101,#102);
#100 = CARTESIAN_POINT('',(65.,20.,5.));
#101 = DIRECTION('',(0.,0.,1.));
#102 = DIRECTION('',(1.,0.,0.));
#103 = AXIS2_PLACEMENT_3D('',#104,#105,#106);
#104 = CARTESIAN_POINT('',(65.,22.,5.));
#105 = DIRECTION('',(0.,0.,1.));
#106 = DIRECTION('',(1.,0.,0.));
#107 = AXIS2_PLACEMENT_3D('',#108,#109,#110);
#108 = CARTESIAN_POINT('',(65.,24.,5.));
#109 = DIRECTION('',(0.,0.,1.));
#110 = DIRECTION('',(1.,0.,0.));
#111 = AXIS2_PLACEMENT_3D('',#112,#113,#114);
#112 = CARTESIAN_POINT('',(67.,14.,5.));
#113 = DIRECTION('',(0.,0.,1.));
#114 = DIRECTION('',(1.,0.,0.));
#115 = AXIS2_PLACEMENT_3D('',#116,#117,#118);
#116 = CARTESIAN_POINT('',(67.,16.,5.));
#117 = DIRECTION('',(0.,0.,1.));
#118 = DIRECTION('',(1.,0.,0.));
#119 = AXIS2_PLACEMENT_3D('',#120,#121,#122);
#120 = CARTESIAN_POINT('',(67.,16.,5.));
#121 = DIRECTION('',(0.,0.,1.));
#122 = DIRECTION('',(1.,0.,0.));
#123 = AXIS2_PLACEMENT_3D('',#124,#125,#126);
#124 = CARTESIAN_POINT('',(67.,18.,5.));
#125 = DIRECTION('',(0.,0.,1.));
#126 = DIRECTION('',(1.,0.,0.));
#127 = AXIS2_PLACEMENT_3D('',#128,#129,#130);
#128 = CARTESIAN_POINT('',(67.,20.,5.));
#129 = DIRECTION('',(0.,0.,1.));
#130 = DIRECTION('',(1.,0.,0.));
#131 = AXIS2_PLACEMENT_3D('',#132,#133,#134);
#132 = CARTESIAN_POINT('',(67.,22.,5.));
#133 = DIRECTION('',(0.,0.,1.));
#134 = DIRECTION('',(1.,0.,0.));
#135 = AXIS2_PLACEMENT_3D('',#136,#137,#138);
#136 = CARTESIAN_POINT('',(67.,24.,5.));
#137 = DIRECTION('',(0.,0.,1.));
#138 = DIRECTION('',(1.,0.,0.));
#139 = AXIS2_PLACEMENT_3D('',#140,#141,#142);
#140 = CARTESIAN_POINT('',(54.,1.,1.6));
#141 = DIRECTION('',(0.,0.,1.));
#142 = DIRECTION('',(1.,0.,0.));
#143 = AXIS2_PLACEMENT_3D('',#144,#145,#146);
#144 = CARTESIAN_POINT('',(49.,41.,1.6));
#145 = DIRECTION('',(0.,0.,1.));
#146 = DIRECTION('',(1.,0.,0.));
#147 = AXIS2_PLACEMENT_3D('',#148,#149,#150);
#148 = CARTESIAN_POINT('',(49.,15.,1.6));
#149 = DIRECTION('',(0.,0.,1.));
#150 = DIRECTION('',(1.,0.,0.));
#151 = AXIS2_PLACEMENT_3D('',#152,#153,#154);
#152 = CARTESIAN_POINT('',(49.,22.,1.6));
#153 = DIRECTION('',(0.,0.,1.));
#154 = DIRECTION('',(1.,0.,0.));
#155 = AXIS2_PLACEMENT_3D('',#156,#157,#158);
#156 = CARTESIAN_POINT('',(49.,32.,1.6));
#157 = DIRECTION('',(0.,0.,1.));
#158 = DIRECTION('',(1.,0.,0.));
#159 = AXIS2_PLACEMENT_3D('',#160,#161,#162);
#160 = CARTESIAN_POINT('',(49.,48.,1.6));
#161 = DIRECTION('',(0.,0.,1.));
#162 = DIRECTION('',(1.,0.,0.));
#163 = AXIS2_PLACEMENT_3D('',#164,#165,#166);
#164 = CARTESIAN_POINT('',(49.,6.,1.6));
#165 = DIRECTION('',(0.,0.,1.));
#166 = DIRECTION('',(1.,0.,0.));
#167 = AXIS2_PLACEMENT_3D('',#168,#169,#170);
#168 = CARTESIAN_POINT('',(0.,0.,0.));
#169 = DIRECTION('',(0.,0.,1.));
#170 = DIRECTION('',(1.,0.,0.));
#171 = AXIS2_PLACEMENT_3D('',#172,#173,#174);
#172 = CARTESIAN_POINT('',(30.,16.,-2.));
#173 = DIRECTION('',(0.,0.,1.));
#174 = DIRECTION('',(1.,0.,0.));
#175 = AXIS2_PLACEMENT_3D('',#176,#177,#178);
#176 = CARTESIAN_POINT('',(30.,40.,-2.));
#177 = DIRECTION('',(0.,0.,1.));
#178 = DIRECTION('',(1.,0.,0.));
#179 = AXIS2_PLACEMENT_3D('',#180,#181,#182);
#180 = CARTESIAN_POINT('',(64.,11.,-2.));
#181 = DIRECTION('',(0.,0.,1.));
#182 = DIRECTION('',(1.,0.,0.));
#183 = ( GEOMETRIC_REPRESENTATION_CONTEXT(3) 
GLOBAL_UNCERTAINTY_ASSIGNED_CONTEXT((#187)) GLOBAL_UNIT_ASSIGNED_CONTEXT
((#184,#185,#186)) REPRESENTATION_CONTEXT('Context #1',
  '3D Context with UNIT and UNCERTAINTY') );
#184 = ( LENGTH_UNIT() NAMED_UNIT(*) SI_UNIT(.MILLI.,.METRE.) );
#185 = ( NAMED_UNIT(*) PLANE_ANGLE_UNIT() SI_UNIT($,.RADIAN.) );
#186 = ( NAMED_UNIT(*) SI_UNIT($,.STERADIAN.) SOLID_ANGLE_UNIT() );
#187 = UNCERTAINTY_MEASURE_WITH_UNIT(LENGTH_MEASURE(1.E-06),#184,
  'distance_accuracy_value','confusion accuracy');
#188 = PRODUCT_RELATED_PRODUCT_CATEGORY('part',$,(#7));
#189 = SHAPE_DEFINITION_REPRESENTATION(#190,#196);
#190 = PRODUCT_DEFINITION_SHAPE('','',#191);
#191 = PRODUCT_DEFINITION('design','',#192,#195);
#192 = PRODUCT_DEFINITION_FORMATION('','',#193);
#193 = PRODUCT('Cube042','Cube042','',(#194));
#194 = PRODUCT_CONTEXT('',#2,'mechanical');
#195 = PRODUCT_DEFINITION_CONTEXT('part definition',#2,'design');
#196 = ADVANCED_BREP_SHAPE_REPRESENTATION('',(#11,#197),#347);
#197 = MANIFOLD_SOLID_BREP('',#198);
#198 = CLOSED_SHELL('',(#199,#239,#279,#301,#323,#335));
#199 = ADVANCED_FACE('',(#200),#234,.F.);
#200 = FACE_BOUND('',#201,.F.);
#201 = EDGE_LOOP('',(#202,#212,#220,#228));
#202 = ORIENTED_EDGE('',*,*,#203,.F.);
#203 = EDGE_CURVE('',#204,#206,#208,.T.);
#204 = VERTEX_POINT('',#205);
#205 = CARTESIAN_POINT('',(0.,0.,0.));
#206 = VERTEX_POINT('',#207);
#207 = CARTESIAN_POINT('',(0.,0.,2.));
#208 = LINE('',#209,#210);
#209 = CARTESIAN_POINT('',(0.,0.,0.));
#210 = VECTOR('',#211,1.);
#211 = DIRECTION('',(0.,0.,1.));
#212 = ORIENTED_EDGE('',*,*,#213,.T.);
#213 = EDGE_CURVE('',#204,#214,#216,.T.);
#214 = VERTEX_POINT('',#215);
#215 = CARTESIAN_POINT('',(0.,27.,0.));
#216 = LINE('',#217,#218);
#217 = CARTESIAN_POINT('',(0.,0.,0.));
#218 = VECTOR('',#219,1.);
#219 = DIRECTION('',(-0.,1.,0.));
#220 = ORIENTED_EDGE('',*,*,#221,.T.);
#221 = EDGE_CURVE('',#214,#222,#224,.T.);
#222 = VERTEX_POINT('',#223);
#223 = CARTESIAN_POINT('',(0.,27.,2.));
#224 = LINE('',#225,#226);
#225 = CARTESIAN_POINT('',(0.,27.,0.));
#226 = VECTOR('',#227,1.);
#227 = DIRECTION('',(0.,0.,1.));
#228 = ORIENTED_EDGE('',*,*,#229,.F.);
#229 = EDGE_CURVE('',#206,#222,#230,.T.);
#230 = LINE('',#231,#232);
#231 = CARTESIAN_POINT('',(0.,0.,2.));
#232 = VECTOR('',#233,1.);
#233 = DIRECTION('',(-0.,1.,0.));
#234 = PLANE('',#235);
#235 = AXIS2_PLACEMENT_3D('',#236,#237,#238);
#236 = CARTESIAN_POINT('',(0.,0.,0.));
#237 = DIRECTION('',(1.,0.,-0.));
#238 = DIRECTION('',(0.,0.,1.));
#239 = ADVANCED_FACE('',(#240),#274,.T.);
#240 = FACE_BOUND('',#241,.T.);
#241 = EDGE_LOOP('',(#242,#252,#260,#268));
#242 = ORIENTED_EDGE('',*,*,#243,.F.);
#243 = EDGE_CURVE('',#244,#246,#248,.T.);
#244 = VERTEX_POINT('',#245);
#245 = CARTESIAN_POINT('',(2.,0.,0.));
#246 = VERTEX_POINT('',#247);
#247 = CARTESIAN_POINT('',(2.,0.,2.));
#248 = LINE('',#249,#250);
#249 = CARTESIAN_POINT('',(2.,0.,0.));
#250 = VECTOR('',#251,1.);
#251 = DIRECTION('',(0.,0.,1.));
#252 = ORIENTED_EDGE('',*,*,#253,.T.);
#253 = EDGE_CURVE('',#244,#254,#256,.T.);
#254 = VERTEX_POINT('',#255);
#255 = CARTESIAN_POINT('',(2.,27.,0.));
#256 = LINE('',#257,#258);
#257 = CARTESIAN_POINT('',(2.,0.,0.));
#258 = VECTOR('',#259,1.);
#259 = DIRECTION('',(-0.,1.,0.));
#260 = ORIENTED_EDGE('',*,*,#261,.T.);
#261 = EDGE_CURVE('',#254,#262,#264,.T.);
#262 = VERTEX_POINT('',#263);
#263 = CARTESIAN_POINT('',(2.,27.,2.));
#264 = LINE('',#265,#266);
#265 = CARTESIAN_POINT('',(2.,27.,0.));
#266 = VECTOR('',#267,1.);
#267 = DIRECTION('',(0.,0.,1.));
#268 = ORIENTED_EDGE('',*,*,#269,.F.);
#269 = EDGE_CURVE('',#246,#262,#270,.T.);
#270 = LINE('',#271,#272);
#271 = CARTESIAN_POINT('',(2.,0.,2.));
#272 = VECTOR('',#273,1.);
#273 = DIRECTION('',(-0.,1.,0.));
#274 = PLANE('',#275);
#275 = AXIS2_PLACEMENT_3D('',#276,#277,#278);
#276 = CARTESIAN_POINT('',(2.,0.,0.));
#277 = DIRECTION('',(1.,0.,-0.));
#278 = DIRECTION('',(0.,0.,1.));
#279 = ADVANCED_FACE('',(#280),#296,.F.);
#280 = FACE_BOUND('',#281,.F.);
#281 = EDGE_LOOP('',(#282,#288,#289,#295));
#282 = ORIENTED_EDGE('',*,*,#283,.F.);
#283 = EDGE_CURVE('',#204,#244,#284,.T.);
#284 = LINE('',#285,#286);
#285 = CARTESIAN_POINT('',(0.,0.,0.));
#286 = VECTOR('',#287,1.);
#287 = DIRECTION('',(1.,0.,-0.));
#288 = ORIENTED_EDGE('',*,*,#203,.T.);
#289 = ORIENTED_EDGE('',*,*,#290,.T.);
#290 = EDGE_CURVE('',#206,#246,#291,.T.);
#291 = LINE('',#292,#293);
#292 = CARTESIAN_POINT('',(0.,0.,2.));
#293 = VECTOR('',#294,1.);
#294 = DIRECTION('',(1.,0.,-0.));
#295 = ORIENTED_EDGE('',*,*,#243,.F.);
#296 = PLANE('',#297);
#297 = AXIS2_PLACEMENT_3D('',#298,#299,#300);
#298 = CARTESIAN_POINT('',(0.,0.,0.));
#299 = DIRECTION('',(-0.,1.,0.));
#300 = DIRECTION('',(0.,0.,1.));
#301 = ADVANCED_FACE('',(#302),#318,.T.);
#302 = FACE_BOUND('',#303,.T.);
#303 = EDGE_LOOP('',(#304,#310,#311,#317));
#304 = ORIENTED_EDGE('',*,*,#305,.F.);
#305 = EDGE_CURVE('',#214,#254,#306,.T.);
#306 = LINE('',#307,#308);
#307 = CARTESIAN_POINT('',(0.,27.,0.));
#308 = VECTOR('',#309,1.);
#309 = DIRECTION('',(1.,0.,-0.));
#310 = ORIENTED_EDGE('',*,*,#221,.T.);
#311 = ORIENTED_EDGE('',*,*,#312,.T.);
#312 = EDGE_CURVE('',#222,#262,#313,.T.);
#313 = LINE('',#314,#315);
#314 = CARTESIAN_POINT('',(0.,27.,2.));
#315 = VECTOR('',#316,1.);
#316 = DIRECTION('',(1.,0.,-0.));
#317 = ORIENTED_EDGE('',*,*,#261,.F.);
#318 = PLANE('',#319);
#319 = AXIS2_PLACEMENT_3D('',#320,#321,#322);
#320 = CARTESIAN_POINT('',(0.,27.,0.));
#321 = DIRECTION('',(-0.,1.,0.));
#322 = DIRECTION('',(0.,0.,1.));
#323 = ADVANCED_FACE('',(#324),#330,.F.);
#324 = FACE_BOUND('',#325,.F.);
#325 = EDGE_LOOP('',(#326,#327,#328,#329));
#326 = ORIENTED_EDGE('',*,*,#213,.F.);
#327 = ORIENTED_EDGE('',*,*,#283,.T.);
#328 = ORIENTED_EDGE('',*,*,#253,.T.);
#329 = ORIENTED_EDGE('',*,*,#305,.F.);
#330 = PLANE('',#331);
#331 = AXIS2_PLACEMENT_3D('',#332,#333,#334);
#332 = CARTESIAN_POINT('',(0.,0.,0.));
#333 = DIRECTION('',(0.,0.,1.));
#334 = DIRECTION('',(1.,0.,-0.));
#335 = ADVANCED_FACE('',(#336),#342,.T.);
#336 = FACE_BOUND('',#337,.T.);
#337 = EDGE_LOOP('',(#338,#339,#340,#341));
#338 = ORIENTED_EDGE('',*,*,#229,.F.);
#339 = ORIENTED_EDGE('',*,*,#290,.T.);
#340 = ORIENTED_EDGE('',*,*,#269,.T.);
#341 = ORIENTED_EDGE('',*,*,#312,.F.);
#342 = PLANE('',#343);
#343 = AXIS2_PLACEMENT_3D('',#344,#345,#346);
#344 = CARTESIAN_POINT('',(0.,0.,2.));
#345 = DIRECTION('',(0.,0.,1.));
#346 = DIRECTION('',(1.,0.,-0.));
#347 = ( GEOMETRIC_REPRESENTATION_CONTEXT(3) 
GLOBAL_UNCERTAINTY_ASSIGNED_CONTEXT((#351)) GLOBAL_UNIT_ASSIGNED_CONTEXT
((#348,#349,#350)) REPRESENTATION_CONTEXT('Context #1',
  '3D Context with UNIT and UNCERTAINTY') );
#348 = ( LENGTH_UNIT() NAMED_UNIT(*) SI_UNIT(.MILLI.,.METRE.) );
#349 = ( NAMED_UNIT(*) PLANE_ANGLE_UNIT() SI_UNIT($,.RADIAN.) );
#350 = ( NAMED_UNIT(*) SI_UNIT($,.STERADIAN.) SOLID_ANGLE_UNIT() );
#351 = UNCERTAINTY_MEASURE_WITH_UNIT(LENGTH_MEASURE(1.E-07),#348,
  'distance_accuracy_value','confusion accuracy');
#352 = CONTEXT_DEPENDENT_SHAPE_REPRESENTATION(#353,#355);
#353 = ( REPRESENTATION_RELATIONSHIP('','',#196,#10) 
REPRESENTATION_RELATIONSHIP_WITH_TRANSFORMATION(#354) 
SHAPE_REPRESENTATION_RELATIONSHIP() );
#354 = ITEM_DEFINED_TRANSFORMATION('','',#11,#15);
#355 = PRODUCT_DEFINITION_SHAPE('Placement','Placement of an item',#356
  );
#356 = NEXT_ASSEMBLY_USAGE_OCCURRENCE('1','Cube042','',#5,#191,$);
#357 = PRODUCT_RELATED_PRODUCT_CATEGORY('part',$,(#193));
#358 = SHAPE_DEFINITION_REPRESENTATION(#359,#365);
#359 = PRODUCT_DEFINITION_SHAPE('','',#360);
#360 = PRODUCT_DEFINITION('design','',#361,#364);
#361 = PRODUCT_DEFINITION_FORMATION('','',#362);
#362 = PRODUCT('Cube001','Cube001','',(#363));
#363 = PRODUCT_CONTEXT('',#2,'mechanical');
#364 = PRODUCT_DEFINITION_CONTEXT('part definition',#2,'design');
#365 = ADVANCED_BREP_SHAPE_REPRESENTATION('',(#11,#366),#516);
#366 = MANIFOLD_SOLID_BREP('',#367);
#367 = CLOSED_SHELL('',(#368,#408,#448,#470,#492,#504));
#368 = ADVANCED_FACE('',(#369),#403,.F.);
#369 = FACE_BOUND('',#370,.F.);
#370 = EDGE_LOOP('',(#371,#381,#389,#397));
#371 = ORIENTED_EDGE('',*,*,#372,.F.);
#372 = EDGE_CURVE('',#373,#375,#377,.T.);
#373 = VERTEX_POINT('',#374);
#374 = CARTESIAN_POINT('',(0.,0.,0.));
#375 = VERTEX_POINT('',#376);
#376 = CARTESIAN_POINT('',(0.,0.,6.));
#377 = LINE('',#378,#379);
#378 = CARTESIAN_POINT('',(0.,0.,0.));
#379 = VECTOR('',#380,1.);
#380 = DIRECTION('',(0.,0.,1.));
#381 = ORIENTED_EDGE('',*,*,#382,.T.);
#382 = EDGE_CURVE('',#373,#383,#385,.T.);
#383 = VERTEX_POINT('',#384);
#384 = CARTESIAN_POINT('',(0.,50.,0.));
#385 = LINE('',#386,#387);
#386 = CARTESIAN_POINT('',(0.,0.,0.));
#387 = VECTOR('',#388,1.);
#388 = DIRECTION('',(-0.,1.,0.));
#389 = ORIENTED_EDGE('',*,*,#390,.T.);
#390 = EDGE_CURVE('',#383,#391,#393,.T.);
#391 = VERTEX_POINT('',#392);
#392 = CARTESIAN_POINT('',(0.,50.,6.));
#393 = LINE('',#394,#395);
#394 = CARTESIAN_POINT('',(0.,50.,0.));
#395 = VECTOR('',#396,1.);
#396 = DIRECTION('',(0.,0.,1.));
#397 = ORIENTED_EDGE('',*,*,#398,.F.);
#398 = EDGE_CURVE('',#375,#391,#399,.T.);
#399 = LINE('',#400,#401);
#400 = CARTESIAN_POINT('',(0.,0.,6.));
#401 = VECTOR('',#402,1.);
#402 = DIRECTION('',(-0.,1.,0.));
#403 = PLANE('',#404);
#404 = AXIS2_PLACEMENT_3D('',#405,#406,#407);
#405 = CARTESIAN_POINT('',(0.,0.,0.));
#406 = DIRECTION('',(1.,0.,-0.));
#407 = DIRECTION('',(0.,0.,1.));
#408 = ADVANCED_FACE('',(#409),#443,.T.);
#409 = FACE_BOUND('',#410,.T.);
#410 = EDGE_LOOP('',(#411,#421,#429,#437));
#411 = ORIENTED_EDGE('',*,*,#412,.F.);
#412 = EDGE_CURVE('',#413,#415,#417,.T.);
#413 = VERTEX_POINT('',#414);
#414 = CARTESIAN_POINT('',(32.,0.,0.));
#415 = VERTEX_POINT('',#416);
#416 = CARTESIAN_POINT('',(32.,0.,6.));
#417 = LINE('',#418,#419);
#418 = CARTESIAN_POINT('',(32.,0.,0.));
#419 = VECTOR('',#420,1.);
#420 = DIRECTION('',(0.,0.,1.));
#421 = ORIENTED_EDGE('',*,*,#422,.T.);
#422 = EDGE_CURVE('',#413,#423,#425,.T.);
#423 = VERTEX_POINT('',#424);
#424 = CARTESIAN_POINT('',(32.,50.,0.));
#425 = LINE('',#426,#427);
#426 = CARTESIAN_POINT('',(32.,0.,0.));
#427 = VECTOR('',#428,1.);
#428 = DIRECTION('',(-0.,1.,0.));
#429 = ORIENTED_EDGE('',*,*,#430,.T.);
#430 = EDGE_CURVE('',#423,#431,#433,.T.);
#431 = VERTEX_POINT('',#432);
#432 = CARTESIAN_POINT('',(32.,50.,6.));
#433 = LINE('',#434,#435);
#434 = CARTESIAN_POINT('',(32.,50.,0.));
#435 = VECTOR('',#436,1.);
#436 = DIRECTION('',(0.,0.,1.));
#437 = ORIENTED_EDGE('',*,*,#438,.F.);
#438 = EDGE_CURVE('',#415,#431,#439,.T.);
#439 = LINE('',#440,#441);
#440 = CARTESIAN_POINT('',(32.,0.,6.));
#441 = VECTOR('',#442,1.);
#442 = DIRECTION('',(-0.,1.,0.));
#443 = PLANE('',#444);
#444 = AXIS2_PLACEMENT_3D('',#445,#446,#447);
#445 = CARTESIAN_POINT('',(32.,0.,0.));
#446 = DIRECTION('',(1.,0.,-0.));
#447 = DIRECTION('',(0.,0.,1.));
#448 = ADVANCED_FACE('',(#449),#465,.F.);
#449 = FACE_BOUND('',#450,.F.);
#450 = EDGE_LOOP('',(#451,#457,#458,#464));
#451 = ORIENTED_EDGE('',*,*,#452,.F.);
#452 = EDGE_CURVE('',#373,#413,#453,.T.);
#453 = LINE('',#454,#455);
#454 = CARTESIAN_POINT('',(0.,0.,0.));
#455 = VECTOR('',#456,1.);
#456 = DIRECTION('',(1.,0.,-0.));
#457 = ORIENTED_EDGE('',*,*,#372,.T.);
#458 = ORIENTED_EDGE('',*,*,#459,.T.);
#459 = EDGE_CURVE('',#375,#415,#460,.T.);
#460 = LINE('',#461,#462);
#461 = CARTESIAN_POINT('',(0.,0.,6.));
#462 = VECTOR('',#463,1.);
#463 = DIRECTION('',(1.,0.,-0.));
#464 = ORIENTED_EDGE('',*,*,#412,.F.);
#465 = PLANE('',#466);
#466 = AXIS2_PLACEMENT_3D('',#467,#468,#469);
#467 = CARTESIAN_POINT('',(0.,0.,0.));
#468 = DIRECTION('',(-0.,1.,0.));
#469 = DIRECTION('',(0.,0.,1.));
#470 = ADVANCED_FACE('',(#471),#487,.T.);
#471 = FACE_BOUND('',#472,.T.);
#472 = EDGE_LOOP('',(#473,#479,#480,#486));
#473 = ORIENTED_EDGE('',*,*,#474,.F.);
#474 = EDGE_CURVE('',#383,#423,#475,.T.);
#475 = LINE('',#476,#477);
#476 = CARTESIAN_POINT('',(0.,50.,0.));
#477 = VECTOR('',#478,1.);
#478 = DIRECTION('',(1.,0.,-0.));
#479 = ORIENTED_EDGE('',*,*,#390,.T.);
#480 = ORIENTED_EDGE('',*,*,#481,.T.);
#481 = EDGE_CURVE('',#391,#431,#482,.T.);
#482 = LINE('',#483,#484);
#483 = CARTESIAN_POINT('',(0.,50.,6.));
#484 = VECTOR('',#485,1.);
#485 = DIRECTION('',(1.,0.,-0.));
#486 = ORIENTED_EDGE('',*,*,#430,.F.);
#487 = PLANE('',#488);
#488 = AXIS2_PLACEMENT_3D('',#489,#490,#491);
#489 = CARTESIAN_POINT('',(0.,50.,0.));
#490 = DIRECTION('',(-0.,1.,0.));
#491 = DIRECTION('',(0.,0.,1.));
#492 = ADVANCED_FACE('',(#493),#499,.F.);
#493 = FACE_BOUND('',#494,.F.);
#494 = EDGE_LOOP('',(#495,#496,#497,#498));
#495 = ORIENTED_EDGE('',*,*,#382,.F.);
#496 = ORIENTED_EDGE('',*,*,#452,.T.);
#497 = ORIENTED_EDGE('',*,*,#422,.T.);
#498 = ORIENTED_EDGE('',*,*,#474,.F.);
#499 = PLANE('',#500);
#500 = AXIS2_PLACEMENT_3D('',#501,#502,#503);
#501 = CARTESIAN_POINT('',(0.,0.,0.));
#502 = DIRECTION('',(0.,0.,1.));
#503 = DIRECTION('',(1.,0.,-0.));
#504 = ADVANCED_FACE('',(#505),#511,.T.);
#505 = FACE_BOUND('',#506,.T.);
#506 = EDGE_LOOP('',(#507,#508,#509,#510));
#507 = ORIENTED_EDGE('',*,*,#398,.F.);
#508 = ORIENTED_EDGE('',*,*,#459,.T.);
#509 = ORIENTED_EDGE('',*,*,#438,.T.);
#510 = ORIENTED_EDGE('',*,*,#481,.F.);
#511 = PLANE('',#512);
#512 = AXIS2_PLACEMENT_3D('',#513,#514,#515);
#513 = CARTESIAN_POINT('',(0.,0.,6.));
#514 = DIRECTION('',(0.,0.,1.));
#515 = DIRECTION('',(1.,0.,-0.));
#516 = ( GEOMETRIC_REPRESENTATION_CONTEXT(3) 
GLOBAL_UNCERTAINTY_ASSIGNED_CONTEXT((#520)) GLOBAL_UNIT_ASSIGNED_CONTEXT
((#517,#518,#519)) REPRESENTATION_CONTEXT('Context #1',
  '3D Context with UNIT and UNCERTAINTY') );
#517 = ( LENGTH_UNIT() NAMED_UNIT(*) SI_UNIT(.MILLI.,.METRE.) );
#518 = ( NAMED_UNIT(*) PLANE_ANGLE_UNIT() SI_UNIT($,.RADIAN.) );
#519 = ( NAMED_UNIT(*) SI_UNIT($,.STERADIAN.) SOLID_ANGLE_UNIT() );
#520 = UNCERTAINTY_MEASURE_WITH_UNIT(LENGTH_MEASURE(1.E-07),#517,
  'distance_accuracy_value','confusion accuracy');
#521 = CONTEXT_DEPENDENT_SHAPE_REPRESENTATION(#522,#524);
#522 = ( REPRESENTATION_RELATIONSHIP('','',#365,#10) 
REPRESENTATION_RELATIONSHIP_WITH_TRANSFORMATION(#523) 
SHAPE_REPRESENTATION_RELATIONSHIP() );
#523 = ITEM_DEFINED_TRANSFORMATION('','',#11,#19);
#524 = PRODUCT_DEFINITION_SHAPE('Placement','Placement of an item',#525
  );
#525 = NEXT_ASSEMBLY_USAGE_OCCURRENCE('2','Cube001','',#5,#360,$);
#526 = PRODUCT_RELATED_PRODUCT_CATEGORY('part',$,(#362));
#527 = SHAPE_DEFINITION_REPRESENTATION(#528,#534);
#528 = PRODUCT_DEFINITION_SHAPE('','',#529);
#529 = PRODUCT_DEFINITION('design','',#530,#533);
#530 = PRODUCT_DEFINITION_FORMATION('','',#531);
#531 = PRODUCT('Cube003','Cube003','',(#532));
#532 = PRODUCT_CONTEXT('',#2,'mechanical');
#533 = PRODUCT_DEFINITION_CONTEXT('part definition',#2,'design');
#534 = ADVANCED_BREP_SHAPE_REPRESENTATION('',(#11,#535),#685);
#535 = MANIFOLD_SOLID_BREP('',#536);
#536 = CLOSED_SHELL('',(#537,#577,#617,#639,#661,#673));
#537 = ADVANCED_FACE('',(#538),#572,.F.);
#538 = FACE_BOUND('',#539,.F.);
#539 = EDGE_LOOP('',(#540,#550,#558,#566));
#540 = ORIENTED_EDGE('',*,*,#541,.F.);
#541 = EDGE_CURVE('',#542,#544,#546,.T.);
#542 = VERTEX_POINT('',#543);
#543 = CARTESIAN_POINT('',(0.,0.,0.));
#544 = VERTEX_POINT('',#545);
#545 = CARTESIAN_POINT('',(0.,0.,3.));
#546 = LINE('',#547,#548);
#547 = CARTESIAN_POINT('',(0.,0.,0.));
#548 = VECTOR('',#549,1.);
#549 = DIRECTION('',(0.,0.,1.));
#550 = ORIENTED_EDGE('',*,*,#551,.T.);
#551 = EDGE_CURVE('',#542,#552,#554,.T.);
#552 = VERTEX_POINT('',#553);
#553 = CARTESIAN_POINT('',(0.,15.,0.));
#554 = LINE('',#555,#556);
#555 = CARTESIAN_POINT('',(0.,0.,0.));
#556 = VECTOR('',#557,1.);
#557 = DIRECTION('',(-0.,1.,0.));
#558 = ORIENTED_EDGE('',*,*,#559,.T.);
#559 = EDGE_CURVE('',#552,#560,#562,.T.);
#560 = VERTEX_POINT('',#561);
#561 = CARTESIAN_POINT('',(0.,15.,3.));
#562 = LINE('',#563,#564);
#563 = CARTESIAN_POINT('',(0.,15.,0.));
#564 = VECTOR('',#565,1.);
#565 = DIRECTION('',(0.,0.,1.));
#566 = ORIENTED_EDGE('',*,*,#567,.F.);
#567 = EDGE_CURVE('',#544,#560,#568,.T.);
#568 = LINE('',#569,#570);
#569 = CARTESIAN_POINT('',(0.,0.,3.));
#570 = VECTOR('',#571,1.);
#571 = DIRECTION('',(-0.,1.,0.));
#572 = PLANE('',#573);
#573 = AXIS2_PLACEMENT_3D('',#574,#575,#576);
#574 = CARTESIAN_POINT('',(0.,0.,0.));
#575 = DIRECTION('',(1.,0.,-0.));
#576 = DIRECTION('',(0.,0.,1.));
#577 = ADVANCED_FACE('',(#578),#612,.T.);
#578 = FACE_BOUND('',#579,.T.);
#579 = EDGE_LOOP('',(#580,#590,#598,#606));
#580 = ORIENTED_EDGE('',*,*,#581,.F.);
#581 = EDGE_CURVE('',#582,#584,#586,.T.);
#582 = VERTEX_POINT('',#583);
#583 = CARTESIAN_POINT('',(5.,0.,0.));
#584 = VERTEX_POINT('',#585);
#585 = CARTESIAN_POINT('',(5.,0.,3.));
#586 = LINE('',#587,#588);
#587 = CARTESIAN_POINT('',(5.,0.,0.));
#588 = VECTOR('',#589,1.);
#589 = DIRECTION('',(0.,0.,1.));
#590 = ORIENTED_EDGE('',*,*,#591,.T.);
#591 = EDGE_CURVE('',#582,#592,#594,.T.);
#592 = VERTEX_POINT('',#593);
#593 = CARTESIAN_POINT('',(5.,15.,0.));
#594 = LINE('',#595,#596);
#595 = CARTESIAN_POINT('',(5.,0.,0.));
#596 = VECTOR('',#597,1.);
#597 = DIRECTION('',(-0.,1.,0.));
#598 = ORIENTED_EDGE('',*,*,#599,.T.);
#599 = EDGE_CURVE('',#592,#600,#602,.T.);
#600 = VERTEX_POINT('',#601);
#601 = CARTESIAN_POINT('',(5.,15.,3.));
#602 = LINE('',#603,#604);
#603 = CARTESIAN_POINT('',(5.,15.,0.));
#604 = VECTOR('',#605,1.);
#605 = DIRECTION('',(0.,0.,1.));
#606 = ORIENTED_EDGE('',*,*,#607,.F.);
#607 = EDGE_CURVE('',#584,#600,#608,.T.);
#608 = LINE('',#609,#610);
#609 = CARTESIAN_POINT('',(5.,0.,3.));
#610 = VECTOR('',#611,1.);
#611 = DIRECTION('',(-0.,1.,0.));
#612 = PLANE('',#613);
#613 = AXIS2_PLACEMENT_3D('',#614,#615,#616);
#614 = CARTESIAN_POINT('',(5.,0.,0.));
#615 = DIRECTION('',(1.,0.,-0.));
#616 = DIRECTION('',(0.,0.,1.));
#617 = ADVANCED_FACE('',(#618),#634,.F.);
#618 = FACE_BOUND('',#619,.F.);
#619 = EDGE_LOOP('',(#620,#626,#627,#633));
#620 = ORIENTED_EDGE('',*,*,#621,.F.);
#621 = EDGE_CURVE('',#542,#582,#622,.T.);
#622 = LINE('',#623,#624);
#623 = CARTESIAN_POINT('',(0.,0.,0.));
#624 = VECTOR('',#625,1.);
#625 = DIRECTION('',(1.,0.,-0.));
#626 = ORIENTED_EDGE('',*,*,#541,.T.);
#627 = ORIENTED_EDGE('',*,*,#628,.T.);
#628 = EDGE_CURVE('',#544,#584,#629,.T.);
#629 = LINE('',#630,#631);
#630 = CARTESIAN_POINT('',(0.,0.,3.));
#631 = VECTOR('',#632,1.);
#632 = DIRECTION('',(1.,0.,-0.));
#633 = ORIENTED_EDGE('',*,*,#581,.F.);
#634 = PLANE('',#635);
#635 = AXIS2_PLACEMENT_3D('',#636,#637,#638);
#636 = CARTESIAN_POINT('',(0.,0.,0.));
#637 = DIRECTION('',(-0.,1.,0.));
#638 = DIRECTION('',(0.,0.,1.));
#639 = ADVANCED_FACE('',(#640),#656,.T.);
#640 = FACE_BOUND('',#641,.T.);
#641 = EDGE_LOOP('',(#642,#648,#649,#655));
#642 = ORIENTED_EDGE('',*,*,#643,.F.);
#643 = EDGE_CURVE('',#552,#592,#644,.T.);
#644 = LINE('',#645,#646);
#645 = CARTESIAN_POINT('',(0.,15.,0.));
#646 = VECTOR('',#647,1.);
#647 = DIRECTION('',(1.,0.,-0.));
#648 = ORIENTED_EDGE('',*,*,#559,.T.);
#649 = ORIENTED_EDGE('',*,*,#650,.T.);
#650 = EDGE_CURVE('',#560,#600,#651,.T.);
#651 = LINE('',#652,#653);
#652 = CARTESIAN_POINT('',(0.,15.,3.));
#653 = VECTOR('',#654,1.);
#654 = DIRECTION('',(1.,0.,-0.));
#655 = ORIENTED_EDGE('',*,*,#599,.F.);
#656 = PLANE('',#657);
#657 = AXIS2_PLACEMENT_3D('',#658,#659,#660);
#658 = CARTESIAN_POINT('',(0.,15.,0.));
#659 = DIRECTION('',(-0.,1.,0.));
#660 = DIRECTION('',(0.,0.,1.));
#661 = ADVANCED_FACE('',(#662),#668,.F.);
#662 = FACE_BOUND('',#663,.F.);
#663 = EDGE_LOOP('',(#664,#665,#666,#667));
#664 = ORIENTED_EDGE('',*,*,#551,.F.);
#665 = ORIENTED_EDGE('',*,*,#621,.T.);
#666 = ORIENTED_EDGE('',*,*,#591,.T.);
#667 = ORIENTED_EDGE('',*,*,#643,.F.);
#668 = PLANE('',#669);
#669 = AXIS2_PLACEMENT_3D('',#670,#671,#672);
#670 = CARTESIAN_POINT('',(0.,0.,0.));
#671 = DIRECTION('',(0.,0.,1.));
#672 = DIRECTION('',(1.,0.,-0.));
#673 = ADVANCED_FACE('',(#674),#680,.T.);
#674 = FACE_BOUND('',#675,.T.);
#675 = EDGE_LOOP('',(#676,#677,#678,#679));
#676 = ORIENTED_EDGE('',*,*,#567,.F.);
#677 = ORIENTED_EDGE('',*,*,#628,.T.);
#678 = ORIENTED_EDGE('',*,*,#607,.T.);
#679 = ORIENTED_EDGE('',*,*,#650,.F.);
#680 = PLANE('',#681);
#681 = AXIS2_PLACEMENT_3D('',#682,#683,#684);
#682 = CARTESIAN_POINT('',(0.,0.,3.));
#683 = DIRECTION('',(0.,0.,1.));
#684 = DIRECTION('',(1.,0.,-0.));
#685 = ( GEOMETRIC_REPRESENTATION_CONTEXT(3) 
GLOBAL_UNCERTAINTY_ASSIGNED_CONTEXT((#689)) GLOBAL_UNIT_ASSIGNED_CONTEXT
((#686,#687,#688)) REPRESENTATION_CONTEXT('Context #1',
  '3D Context with UNIT and UNCERTAINTY') );
#686 = ( LENGTH_UNIT() NAMED_UNIT(*) SI_UNIT(.MILLI.,.METRE.) );
#687 = ( NAMED_UNIT(*) PLANE_ANGLE_UNIT() SI_UNIT($,.RADIAN.) );
#688 = ( NAMED_UNIT(*) SI_UNIT($,.STERADIAN.) SOLID_ANGLE_UNIT() );
#689 = UNCERTAINTY_MEASURE_WITH_UNIT(LENGTH_MEASURE(1.E-07),#686,
  'distance_accuracy_value','confusion accuracy');
#690 = CONTEXT_DEPENDENT_SHAPE_REPRESENTATION(#691,#693);
#691 = ( REPRESENTATION_RELATIONSHIP('','',#534,#10) 
REPRESENTATION_RELATIONSHIP_WITH_TRANSFORMATION(#692) 
SHAPE_REPRESENTATION_RELATIONSHIP() );
#692 = ITEM_DEFINED_TRANSFORMATION('','',#11,#23);
#693 = PRODUCT_DEFINITION_SHAPE('Placement','Placement of an item',#694
  );
#694 = NEXT_ASSEMBLY_USAGE_OCCURRENCE('3','Cube003','',#5,#529,$);
#695 = PRODUCT_RELATED_PRODUCT_CATEGORY('part',$,(#531));
#696 = SHAPE_DEFINITION_REPRESENTATION(#697,#703);
#697 = PRODUCT_DEFINITION_SHAPE('','',#698);
#698 = PRODUCT_DEFINITION('design','',#699,#702);
#699 = PRODUCT_DEFINITION_FORMATION('','',#700);
#700 = PRODUCT('Cylinder','Cylinder','',(#701));
#701 = PRODUCT_CONTEXT('',#2,'mechanical');
#702 = PRODUCT_DEFINITION_CONTEXT('part definition',#2,'design');
#703 = ADVANCED_BREP_SHAPE_REPRESENTATION('',(#11,#704),#757);
#704 = MANIFOLD_SOLID_BREP('',#705);
#705 = CLOSED_SHELL('',(#706,#739,#748));
#706 = ADVANCED_FACE('',(#707),#734,.T.);
#707 = FACE_BOUND('',#708,.F.);
#708 = EDGE_LOOP('',(#709,#719,#726,#727));
#709 = ORIENTED_EDGE('',*,*,#710,.T.);
#710 = EDGE_CURVE('',#711,#713,#715,.T.);
#711 = VERTEX_POINT('',#712);
#712 = CARTESIAN_POINT('',(5.,-1.E-15,0.));
#713 = VERTEX_POINT('',#714);
#714 = CARTESIAN_POINT('',(5.,-1.E-15,11.));
#715 = LINE('',#716,#717);
#716 = CARTESIAN_POINT('',(5.,-1.22E-15,0.));
#717 = VECTOR('',#718,1.);
#718 = DIRECTION('',(0.,0.,1.));
#719 = ORIENTED_EDGE('',*,*,#720,.T.);
#720 = EDGE_CURVE('',#713,#713,#721,.T.);
#721 = CIRCLE('',#722,5.);
#722 = AXIS2_PLACEMENT_3D('',#723,#724,#725);
#723 = CARTESIAN_POINT('',(0.,0.,11.));
#724 = DIRECTION('',(0.,0.,1.));
#725 = DIRECTION('',(1.,0.,0.));
#726 = ORIENTED_EDGE('',*,*,#710,.F.);
#727 = ORIENTED_EDGE('',*,*,#728,.F.);
#728 = EDGE_CURVE('',#711,#711,#729,.T.);
#729 = CIRCLE('',#730,5.);
#730 = AXIS2_PLACEMENT_3D('',#731,#732,#733);
#731 = CARTESIAN_POINT('',(0.,0.,0.));
#732 = DIRECTION('',(0.,0.,1.));
#733 = DIRECTION('',(1.,0.,-0.));
#734 = CYLINDRICAL_SURFACE('',#735,5.);
#735 = AXIS2_PLACEMENT_3D('',#736,#737,#738);
#736 = CARTESIAN_POINT('',(0.,0.,0.));
#737 = DIRECTION('',(-0.,-0.,-1.));
#738 = DIRECTION('',(1.,0.,-0.));
#739 = ADVANCED_FACE('',(#740),#743,.F.);
#740 = FACE_BOUND('',#741,.T.);
#741 = EDGE_LOOP('',(#742));
#742 = ORIENTED_EDGE('',*,*,#728,.F.);
#743 = PLANE('',#744);
#744 = AXIS2_PLACEMENT_3D('',#745,#746,#747);
#745 = CARTESIAN_POINT('',(0.,0.,0.));
#746 = DIRECTION('',(0.,0.,1.));
#747 = DIRECTION('',(1.,0.,-0.));
#748 = ADVANCED_FACE('',(#749),#752,.T.);
#749 = FACE_BOUND('',#750,.F.);
#750 = EDGE_LOOP('',(#751));
#751 = ORIENTED_EDGE('',*,*,#720,.F.);
#752 = PLANE('',#753);
#753 = AXIS2_PLACEMENT_3D('',#754,#755,#756);
#754 = CARTESIAN_POINT('',(0.,0.,11.));
#755 = DIRECTION('',(0.,0.,1.));
#756 = DIRECTION('',(1.,0.,0.));
#757 = ( GEOMETRIC_REPRESENTATION_CONTEXT(3) 
GLOBAL_UNCERTAINTY_ASSIGNED_CONTEXT((#761)) GLOBAL_UNIT_ASSIGNED_CONTEXT
((#758,#759,#760)) REPRESENTATION_CONTEXT('Context #1',
  '3D Context with UNIT and UNCERTAINTY') );
#758 = ( LENGTH_UNIT() NAMED_UNIT(*) SI_UNIT(.MILLI.,.METRE.) );
#759 = ( NAMED_UNIT(*) PLANE_ANGLE_UNIT() SI_UNIT($,.RADIAN.) );
#760 = ( NAMED_UNIT(*) SI_UNIT($,.STERADIAN.) SOLID_ANGLE_UNIT() );
#761 = UNCERTAINTY_MEASURE_WITH_UNIT(LENGTH_MEASURE(1.E-07),#758,
  'distance_accuracy_value','confusion accuracy');
#762 = CONTEXT_DEPENDENT_SHAPE_REPRESENTATION(#763,#765);
#763 = ( REPRESENTATION_RELATIONSHIP('','',#703,#10) 
REPRESENTATION_RELATIONSHIP_WITH_TRANSFORMATION(#764) 
SHAPE_REPRESENTATION_RELATIONSHIP() );
#764 = ITEM_DEFINED_TRANSFORMATION('','',#11,#27);
#765 = PRODUCT_DEFINITION_SHAPE('Placement','Placement of an item',#766
  );
#766 = NEXT_ASSEMBLY_USAGE_OCCURRENCE('4','Cylinder','',#5,#698,$);
#767 = PRODUCT_RELATED_PRODUCT_CATEGORY('part',$,(#700));
#768 = SHAPE_DEFINITION_REPRESENTATION(#769,#775);
#769 = PRODUCT_DEFINITION_SHAPE('','',#770);
#770 = PRODUCT_DEFINITION('design','',#771,#774);
#771 = PRODUCT_DEFINITION_FORMATION('','',#772);
#772 = PRODUCT('Cut003','Cut003','',(#773));
#773 = PRODUCT_CONTEXT('',#2,'mechanical');
#774 = PRODUCT_DEFINITION_CONTEXT('part definition',#2,'design');
#775 = ADVANCED_BREP_SHAPE_REPRESENTATION('',(#11,#776),#1222);
#776 = MANIFOLD_SOLID_BREP('',#777);
#777 = CLOSED_SHELL('',(#778,#818,#929,#954,#979,#1074,#1091,#1108,#1125
    ,#1142,#1154,#1171,#1188,#1205));
#778 = ADVANCED_FACE('',(#779),#813,.F.);
#779 = FACE_BOUND('',#780,.F.);
#780 = EDGE_LOOP('',(#781,#791,#799,#807));
#781 = ORIENTED_EDGE('',*,*,#782,.F.);
#782 = EDGE_CURVE('',#783,#785,#787,.T.);
#783 = VERTEX_POINT('',#784);
#784 = CARTESIAN_POINT('',(0.,3.,1.6));
#785 = VERTEX_POINT('',#786);
#786 = CARTESIAN_POINT('',(0.,53.,1.6));
#787 = LINE('',#788,#789);
#788 = CARTESIAN_POINT('',(0.,0.,1.6));
#789 = VECTOR('',#790,1.);
#790 = DIRECTION('',(0.,1.,0.));
#791 = ORIENTED_EDGE('',*,*,#792,.F.);
#792 = EDGE_CURVE('',#793,#783,#795,.T.);
#793 = VERTEX_POINT('',#794);
#794 = CARTESIAN_POINT('',(0.,3.,0.));
#795 = LINE('',#796,#797);
#796 = CARTESIAN_POINT('',(-4.4E-16,3.,0.));
#797 = VECTOR('',#798,1.);
#798 = DIRECTION('',(0.,0.,1.));
#799 = ORIENTED_EDGE('',*,*,#800,.T.);
#800 = EDGE_CURVE('',#793,#801,#803,.T.);
#801 = VERTEX_POINT('',#802);
#802 = CARTESIAN_POINT('',(0.,53.,0.));
#803 = LINE('',#804,#805);
#804 = CARTESIAN_POINT('',(0.,0.,0.));
#805 = VECTOR('',#806,1.);
#806 = DIRECTION('',(0.,1.,0.));
#807 = ORIENTED_EDGE('',*,*,#808,.T.);
#808 = EDGE_CURVE('',#801,#785,#809,.T.);
#809 = LINE('',#810,#811);
#810 = CARTESIAN_POINT('',(-4.4E-16,53.,0.));
#811 = VECTOR('',#812,1.);
#812 = DIRECTION('',(0.,0.,1.));
#813 = PLANE('',#814);
#814 = AXIS2_PLACEMENT_3D('',#815,#816,#817);
#815 = CARTESIAN_POINT('',(0.,0.,0.));
#816 = DIRECTION('',(1.,0.,0.));
#817 = DIRECTION('',(0.,0.,1.));
#818 = ADVANCED_FACE('',(#819,#880,#891,#902,#913),#924,.T.);
#819 = FACE_BOUND('',#820,.T.);
#820 = EDGE_LOOP('',(#821,#822,#831,#839,#848,#856,#865,#873));
#821 = ORIENTED_EDGE('',*,*,#782,.F.);
#822 = ORIENTED_EDGE('',*,*,#823,.T.);
#823 = EDGE_CURVE('',#783,#824,#826,.T.);
#824 = VERTEX_POINT('',#825);
#825 = CARTESIAN_POINT('',(3.,0.,1.6));
#826 = CIRCLE('',#827,3.);
#827 = AXIS2_PLACEMENT_3D('',#828,#829,#830);
#828 = CARTESIAN_POINT('',(3.,3.,1.6));
#829 = DIRECTION('',(-0.,0.,1.));
#830 = DIRECTION('',(0.,-1.,0.));
#831 = ORIENTED_EDGE('',*,*,#832,.T.);
#832 = EDGE_CURVE('',#824,#833,#835,.T.);
#833 = VERTEX_POINT('',#834);
#834 = CARTESIAN_POINT('',(69.,0.,1.6));
#835 = LINE('',#836,#837);
#836 = CARTESIAN_POINT('',(0.,0.,1.6));
#837 = VECTOR('',#838,1.);
#838 = DIRECTION('',(1.,0.,0.));
#839 = ORIENTED_EDGE('',*,*,#840,.F.);
#840 = EDGE_CURVE('',#841,#833,#843,.T.);
#841 = VERTEX_POINT('',#842);
#842 = CARTESIAN_POINT('',(72.,3.,1.6));
#843 = CIRCLE('',#844,3.);
#844 = AXIS2_PLACEMENT_3D('',#845,#846,#847);
#845 = CARTESIAN_POINT('',(69.,3.,1.6));
#846 = DIRECTION('',(-0.,-0.,-1.));
#847 = DIRECTION('',(0.,-1.,0.));
#848 = ORIENTED_EDGE('',*,*,#849,.T.);
#849 = EDGE_CURVE('',#841,#850,#852,.T.);
#850 = VERTEX_POINT('',#851);
#851 = CARTESIAN_POINT('',(72.,53.,1.6));
#852 = LINE('',#853,#854);
#853 = CARTESIAN_POINT('',(72.,0.,1.6));
#854 = VECTOR('',#855,1.);
#855 = DIRECTION('',(0.,1.,0.));
#856 = ORIENTED_EDGE('',*,*,#857,.T.);
#857 = EDGE_CURVE('',#850,#858,#860,.T.);
#858 = VERTEX_POINT('',#859);
#859 = CARTESIAN_POINT('',(69.,56.,1.6));
#860 = CIRCLE('',#861,3.);
#861 = AXIS2_PLACEMENT_3D('',#862,#863,#864);
#862 = CARTESIAN_POINT('',(69.,53.,1.6));
#863 = DIRECTION('',(-0.,0.,1.));
#864 = DIRECTION('',(0.,-1.,0.));
#865 = ORIENTED_EDGE('',*,*,#866,.F.);
#866 = EDGE_CURVE('',#867,#858,#869,.T.);
#867 = VERTEX_POINT('',#868);
#868 = CARTESIAN_POINT('',(3.,56.,1.6));
#869 = LINE('',#870,#871);
#870 = CARTESIAN_POINT('',(0.,56.,1.6));
#871 = VECTOR('',#872,1.);
#872 = DIRECTION('',(1.,0.,0.));
#873 = ORIENTED_EDGE('',*,*,#874,.F.);
#874 = EDGE_CURVE('',#785,#867,#875,.T.);
#875 = CIRCLE('',#876,3.);
#876 = AXIS2_PLACEMENT_3D('',#877,#878,#879);
#877 = CARTESIAN_POINT('',(3.,53.,1.6));
#878 = DIRECTION('',(-0.,-0.,-1.));
#879 = DIRECTION('',(0.,-1.,0.));
#880 = FACE_BOUND('',#881,.T.);
#881 = EDGE_LOOP('',(#882));
#882 = ORIENTED_EDGE('',*,*,#883,.T.);
#883 = EDGE_CURVE('',#884,#884,#886,.T.);
#884 = VERTEX_POINT('',#885);
#885 = CARTESIAN_POINT('',(5.,3.,1.6));
#886 = CIRCLE('',#887,2.);
#887 = AXIS2_PLACEMENT_3D('',#888,#889,#890);
#888 = CARTESIAN_POINT('',(3.,3.,1.6));
#889 = DIRECTION('',(0.,0.,-1.));
#890 = DIRECTION('',(1.,0.,0.));
#891 = FACE_BOUND('',#892,.T.);
#892 = EDGE_LOOP('',(#893));
#893 = ORIENTED_EDGE('',*,*,#894,.T.);
#894 = EDGE_CURVE('',#895,#895,#897,.T.);
#895 = VERTEX_POINT('',#896);
#896 = CARTESIAN_POINT('',(71.,3.,1.6));
#897 = CIRCLE('',#898,2.);
#898 = AXIS2_PLACEMENT_3D('',#899,#900,#901);
#899 = CARTESIAN_POINT('',(69.,3.,1.6));
#900 = DIRECTION('',(0.,0.,-1.));
#901 = DIRECTION('',(1.,0.,0.));
#902 = FACE_BOUND('',#903,.T.);
#903 = EDGE_LOOP('',(#904));
#904 = ORIENTED_EDGE('',*,*,#905,.T.);
#905 = EDGE_CURVE('',#906,#906,#908,.T.);
#906 = VERTEX_POINT('',#907);
#907 = CARTESIAN_POINT('',(5.,53.,1.6));
#908 = CIRCLE('',#909,2.);
#909 = AXIS2_PLACEMENT_3D('',#910,#911,#912);
#910 = CARTESIAN_POINT('',(3.,53.,1.6));
#911 = DIRECTION('',(0.,0.,-1.));
#912 = DIRECTION('',(1.,0.,0.));
#913 = FACE_BOUND('',#914,.T.);
#914 = EDGE_LOOP('',(#915));
#915 = ORIENTED_EDGE('',*,*,#916,.T.);
#916 = EDGE_CURVE('',#917,#917,#919,.T.);
#917 = VERTEX_POINT('',#918);
#918 = CARTESIAN_POINT('',(71.,53.,1.6));
#919 = CIRCLE('',#920,2.);
#920 = AXIS2_PLACEMENT_3D('',#921,#922,#923);
#921 = CARTESIAN_POINT('',(69.,53.,1.6));
#922 = DIRECTION('',(0.,0.,-1.));
#923 = DIRECTION('',(1.,0.,0.));
#924 = PLANE('',#925);
#925 = AXIS2_PLACEMENT_3D('',#926,#927,#928);
#926 = CARTESIAN_POINT('',(0.,0.,1.6));
#927 = DIRECTION('',(0.,0.,1.));
#928 = DIRECTION('',(1.,0.,0.));
#929 = ADVANCED_FACE('',(#930),#949,.T.);
#930 = FACE_BOUND('',#931,.T.);
#931 = EDGE_LOOP('',(#932,#941,#947,#948));
#932 = ORIENTED_EDGE('',*,*,#933,.T.);
#933 = EDGE_CURVE('',#793,#934,#936,.T.);
#934 = VERTEX_POINT('',#935);
#935 = CARTESIAN_POINT('',(3.,0.,0.));
#936 = CIRCLE('',#937,3.);
#937 = AXIS2_PLACEMENT_3D('',#938,#939,#940);
#938 = CARTESIAN_POINT('',(3.,3.,0.));
#939 = DIRECTION('',(-0.,0.,1.));
#940 = DIRECTION('',(0.,-1.,0.));
#941 = ORIENTED_EDGE('',*,*,#942,.T.);
#942 = EDGE_CURVE('',#934,#824,#943,.T.);
#943 = LINE('',#944,#945);
#944 = CARTESIAN_POINT('',(3.,-4.4E-16,0.));
#945 = VECTOR('',#946,1.);
#946 = DIRECTION('',(0.,0.,1.));
#947 = ORIENTED_EDGE('',*,*,#823,.F.);
#948 = ORIENTED_EDGE('',*,*,#792,.F.);
#949 = CYLINDRICAL_SURFACE('',#950,3.);
#950 = AXIS2_PLACEMENT_3D('',#951,#952,#953);
#951 = CARTESIAN_POINT('',(3.,3.,0.));
#952 = DIRECTION('',(0.,0.,1.));
#953 = DIRECTION('',(-1.,0.,0.));
#954 = ADVANCED_FACE('',(#955),#974,.T.);
#955 = FACE_BOUND('',#956,.F.);
#956 = EDGE_LOOP('',(#957,#966,#972,#973));
#957 = ORIENTED_EDGE('',*,*,#958,.T.);
#958 = EDGE_CURVE('',#801,#959,#961,.T.);
#959 = VERTEX_POINT('',#960);
#960 = CARTESIAN_POINT('',(3.,56.,0.));
#961 = CIRCLE('',#962,3.);
#962 = AXIS2_PLACEMENT_3D('',#963,#964,#965);
#963 = CARTESIAN_POINT('',(3.,53.,0.));
#964 = DIRECTION('',(-0.,-0.,-1.));
#965 = DIRECTION('',(0.,-1.,0.));
#966 = ORIENTED_EDGE('',*,*,#967,.T.);
#967 = EDGE_CURVE('',#959,#867,#968,.T.);
#968 = LINE('',#969,#970);
#969 = CARTESIAN_POINT('',(3.,56.,0.));
#970 = VECTOR('',#971,1.);
#971 = DIRECTION('',(0.,0.,1.));
#972 = ORIENTED_EDGE('',*,*,#874,.F.);
#973 = ORIENTED_EDGE('',*,*,#808,.F.);
#974 = CYLINDRICAL_SURFACE('',#975,3.);
#975 = AXIS2_PLACEMENT_3D('',#976,#977,#978);
#976 = CARTESIAN_POINT('',(3.,53.,0.));
#977 = DIRECTION('',(0.,0.,1.));
#978 = DIRECTION('',(-1.,0.,0.));
#979 = ADVANCED_FACE('',(#980,#1025,#1036,#1047,#1058),#1069,.F.);
#980 = FACE_BOUND('',#981,.F.);
#981 = EDGE_LOOP('',(#982,#983,#984,#992,#1001,#1009,#1018,#1024));
#982 = ORIENTED_EDGE('',*,*,#800,.F.);
#983 = ORIENTED_EDGE('',*,*,#933,.T.);
#984 = ORIENTED_EDGE('',*,*,#985,.T.);
#985 = EDGE_CURVE('',#934,#986,#988,.T.);
#986 = VERTEX_POINT('',#987);
#987 = CARTESIAN_POINT('',(69.,0.,0.));
#988 = LINE('',#989,#990);
#989 = CARTESIAN_POINT('',(0.,0.,0.));
#990 = VECTOR('',#991,1.);
#991 = DIRECTION('',(1.,0.,0.));
#992 = ORIENTED_EDGE('',*,*,#993,.F.);
#993 = EDGE_CURVE('',#994,#986,#996,.T.);
#994 = VERTEX_POINT('',#995);
#995 = CARTESIAN_POINT('',(72.,3.,0.));
#996 = CIRCLE('',#997,3.);
#997 = AXIS2_PLACEMENT_3D('',#998,#999,#1000);
#998 = CARTESIAN_POINT('',(69.,3.,0.));
#999 = DIRECTION('',(-0.,-0.,-1.));
#1000 = DIRECTION('',(0.,-1.,0.));
#1001 = ORIENTED_EDGE('',*,*,#1002,.T.);
#1002 = EDGE_CURVE('',#994,#1003,#1005,.T.);
#1003 = VERTEX_POINT('',#1004);
#1004 = CARTESIAN_POINT('',(72.,53.,0.));
#1005 = LINE('',#1006,#1007);
#1006 = CARTESIAN_POINT('',(72.,0.,0.));
#1007 = VECTOR('',#1008,1.);
#1008 = DIRECTION('',(0.,1.,0.));
#1009 = ORIENTED_EDGE('',*,*,#1010,.T.);
#1010 = EDGE_CURVE('',#1003,#1011,#1013,.T.);
#1011 = VERTEX_POINT('',#1012);
#1012 = CARTESIAN_POINT('',(69.,56.,0.));
#1013 = CIRCLE('',#1014,3.);
#1014 = AXIS2_PLACEMENT_3D('',#1015,#1016,#1017);
#1015 = CARTESIAN_POINT('',(69.,53.,0.));
#1016 = DIRECTION('',(-0.,0.,1.));
#1017 = DIRECTION('',(0.,-1.,0.));
#1018 = ORIENTED_EDGE('',*,*,#1019,.F.);
#1019 = EDGE_CURVE('',#959,#1011,#1020,.T.);
#1020 = LINE('',#1021,#1022);
#1021 = CARTESIAN_POINT('',(0.,56.,0.));
#1022 = VECTOR('',#1023,1.);
#1023 = DIRECTION('',(1.,0.,0.));
#1024 = ORIENTED_EDGE('',*,*,#958,.F.);
#1025 = FACE_BOUND('',#1026,.F.);
#1026 = EDGE_LOOP('',(#1027));
#1027 = ORIENTED_EDGE('',*,*,#1028,.T.);
#1028 = EDGE_CURVE('',#1029,#1029,#1031,.T.);
#1029 = VERTEX_POINT('',#1030);
#1030 = CARTESIAN_POINT('',(5.,3.,0.));
#1031 = CIRCLE('',#1032,2.);
#1032 = AXIS2_PLACEMENT_3D('',#1033,#1034,#1035);
#1033 = CARTESIAN_POINT('',(3.,3.,0.));
#1034 = DIRECTION('',(0.,0.,-1.));
#1035 = DIRECTION('',(1.,0.,0.));
#1036 = FACE_BOUND('',#1037,.F.);
#1037 = EDGE_LOOP('',(#1038));
#1038 = ORIENTED_EDGE('',*,*,#1039,.T.);
#1039 = EDGE_CURVE('',#1040,#1040,#1042,.T.);
#1040 = VERTEX_POINT('',#1041);
#1041 = CARTESIAN_POINT('',(71.,3.,0.));
#1042 = CIRCLE('',#1043,2.);
#1043 = AXIS2_PLACEMENT_3D('',#1044,#1045,#1046);
#1044 = CARTESIAN_POINT('',(69.,3.,0.));
#1045 = DIRECTION('',(0.,0.,-1.));
#1046 = DIRECTION('',(1.,0.,0.));
#1047 = FACE_BOUND('',#1048,.F.);
#1048 = EDGE_LOOP('',(#1049));
#1049 = ORIENTED_EDGE('',*,*,#1050,.T.);
#1050 = EDGE_CURVE('',#1051,#1051,#1053,.T.);
#1051 = VERTEX_POINT('',#1052);
#1052 = CARTESIAN_POINT('',(5.,53.,0.));
#1053 = CIRCLE('',#1054,2.);
#1054 = AXIS2_PLACEMENT_3D('',#1055,#1056,#1057);
#1055 = CARTESIAN_POINT('',(3.,53.,0.));
#1056 = DIRECTION('',(0.,0.,-1.));
#1057 = DIRECTION('',(1.,0.,0.));
#1058 = FACE_BOUND('',#1059,.F.);
#1059 = EDGE_LOOP('',(#1060));
#1060 = ORIENTED_EDGE('',*,*,#1061,.T.);
#1061 = EDGE_CURVE('',#1062,#1062,#1064,.T.);
#1062 = VERTEX_POINT('',#1063);
#1063 = CARTESIAN_POINT('',(71.,53.,0.));
#1064 = CIRCLE('',#1065,2.);
#1065 = AXIS2_PLACEMENT_3D('',#1066,#1067,#1068);
#1066 = CARTESIAN_POINT('',(69.,53.,0.));
#1067 = DIRECTION('',(0.,0.,-1.));
#1068 = DIRECTION('',(1.,0.,0.));
#1069 = PLANE('',#1070);
#1070 = AXIS2_PLACEMENT_3D('',#1071,#1072,#1073);
#1071 = CARTESIAN_POINT('',(0.,0.,0.));
#1072 = DIRECTION('',(0.,0.,1.));
#1073 = DIRECTION('',(1.,0.,0.));
#1074 = ADVANCED_FACE('',(#1075),#1086,.F.);
#1075 = FACE_BOUND('',#1076,.F.);
#1076 = EDGE_LOOP('',(#1077,#1078,#1079,#1080));
#1077 = ORIENTED_EDGE('',*,*,#985,.F.);
#1078 = ORIENTED_EDGE('',*,*,#942,.T.);
#1079 = ORIENTED_EDGE('',*,*,#832,.T.);
#1080 = ORIENTED_EDGE('',*,*,#1081,.F.);
#1081 = EDGE_CURVE('',#986,#833,#1082,.T.);
#1082 = LINE('',#1083,#1084);
#1083 = CARTESIAN_POINT('',(69.,-4.4E-16,0.));
#1084 = VECTOR('',#1085,1.);
#1085 = DIRECTION('',(0.,0.,1.));
#1086 = PLANE('',#1087);
#1087 = AXIS2_PLACEMENT_3D('',#1088,#1089,#1090);
#1088 = CARTESIAN_POINT('',(0.,0.,0.));
#1089 = DIRECTION('',(0.,1.,0.));
#1090 = DIRECTION('',(0.,0.,1.));
#1091 = ADVANCED_FACE('',(#1092),#1103,.T.);
#1092 = FACE_BOUND('',#1093,.T.);
#1093 = EDGE_LOOP('',(#1094,#1095,#1096,#1097));
#1094 = ORIENTED_EDGE('',*,*,#1019,.F.);
#1095 = ORIENTED_EDGE('',*,*,#967,.T.);
#1096 = ORIENTED_EDGE('',*,*,#866,.T.);
#1097 = ORIENTED_EDGE('',*,*,#1098,.F.);
#1098 = EDGE_CURVE('',#1011,#858,#1099,.T.);
#1099 = LINE('',#1100,#1101);
#1100 = CARTESIAN_POINT('',(69.,56.,0.));
#1101 = VECTOR('',#1102,1.);
#1102 = DIRECTION('',(0.,0.,1.));
#1103 = PLANE('',#1104);
#1104 = AXIS2_PLACEMENT_3D('',#1105,#1106,#1107);
#1105 = CARTESIAN_POINT('',(0.,56.,0.));
#1106 = DIRECTION('',(0.,1.,0.));
#1107 = DIRECTION('',(0.,0.,1.));
#1108 = ADVANCED_FACE('',(#1109),#1120,.T.);
#1109 = FACE_BOUND('',#1110,.F.);
#1110 = EDGE_LOOP('',(#1111,#1112,#1113,#1114));
#1111 = ORIENTED_EDGE('',*,*,#993,.T.);
#1112 = ORIENTED_EDGE('',*,*,#1081,.T.);
#1113 = ORIENTED_EDGE('',*,*,#840,.F.);
#1114 = ORIENTED_EDGE('',*,*,#1115,.F.);
#1115 = EDGE_CURVE('',#994,#841,#1116,.T.);
#1116 = LINE('',#1117,#1118);
#1117 = CARTESIAN_POINT('',(72.,3.,0.));
#1118 = VECTOR('',#1119,1.);
#1119 = DIRECTION('',(0.,0.,1.));
#1120 = CYLINDRICAL_SURFACE('',#1121,3.);
#1121 = AXIS2_PLACEMENT_3D('',#1122,#1123,#1124);
#1122 = CARTESIAN_POINT('',(69.,3.,0.));
#1123 = DIRECTION('',(0.,0.,1.));
#1124 = DIRECTION('',(1.,0.,0.));
#1125 = ADVANCED_FACE('',(#1126),#1137,.T.);
#1126 = FACE_BOUND('',#1127,.T.);
#1127 = EDGE_LOOP('',(#1128,#1129,#1130,#1131));
#1128 = ORIENTED_EDGE('',*,*,#1010,.T.);
#1129 = ORIENTED_EDGE('',*,*,#1098,.T.);
#1130 = ORIENTED_EDGE('',*,*,#857,.F.);
#1131 = ORIENTED_EDGE('',*,*,#1132,.F.);
#1132 = EDGE_CURVE('',#1003,#850,#1133,.T.);
#1133 = LINE('',#1134,#1135);
#1134 = CARTESIAN_POINT('',(72.,53.,0.));
#1135 = VECTOR('',#1136,1.);
#1136 = DIRECTION('',(0.,0.,1.));
#1137 = CYLINDRICAL_SURFACE('',#1138,3.);
#1138 = AXIS2_PLACEMENT_3D('',#1139,#1140,#1141);
#1139 = CARTESIAN_POINT('',(69.,53.,0.));
#1140 = DIRECTION('',(0.,0.,1.));
#1141 = DIRECTION('',(1.,0.,0.));
#1142 = ADVANCED_FACE('',(#1143),#1149,.T.);
#1143 = FACE_BOUND('',#1144,.T.);
#1144 = EDGE_LOOP('',(#1145,#1146,#1147,#1148));
#1145 = ORIENTED_EDGE('',*,*,#849,.F.);
#1146 = ORIENTED_EDGE('',*,*,#1115,.F.);
#1147 = ORIENTED_EDGE('',*,*,#1002,.T.);
#1148 = ORIENTED_EDGE('',*,*,#1132,.T.);
#1149 = PLANE('',#1150);
#1150 = AXIS2_PLACEMENT_3D('',#1151,#1152,#1153);
#1151 = CARTESIAN_POINT('',(72.,0.,0.));
#1152 = DIRECTION('',(1.,0.,0.));
#1153 = DIRECTION('',(0.,0.,1.));
#1154 = ADVANCED_FACE('',(#1155),#1166,.F.);
#1155 = FACE_BOUND('',#1156,.T.);
#1156 = EDGE_LOOP('',(#1157,#1158,#1164,#1165));
#1157 = ORIENTED_EDGE('',*,*,#1028,.T.);
#1158 = ORIENTED_EDGE('',*,*,#1159,.T.);
#1159 = EDGE_CURVE('',#1029,#884,#1160,.T.);
#1160 = LINE('',#1161,#1162);
#1161 = CARTESIAN_POINT('',(5.,3.,-4.));
#1162 = VECTOR('',#1163,1.);
#1163 = DIRECTION('',(0.,0.,1.));
#1164 = ORIENTED_EDGE('',*,*,#883,.F.);
#1165 = ORIENTED_EDGE('',*,*,#1159,.F.);
#1166 = CYLINDRICAL_SURFACE('',#1167,2.);
#1167 = AXIS2_PLACEMENT_3D('',#1168,#1169,#1170);
#1168 = CARTESIAN_POINT('',(3.,3.,-4.));
#1169 = DIRECTION('',(-0.,-0.,-1.));
#1170 = DIRECTION('',(1.,0.,0.));
#1171 = ADVANCED_FACE('',(#1172),#1183,.F.);
#1172 = FACE_BOUND('',#1173,.T.);
#1173 = EDGE_LOOP('',(#1174,#1175,#1181,#1182));
#1174 = ORIENTED_EDGE('',*,*,#1039,.T.);
#1175 = ORIENTED_EDGE('',*,*,#1176,.T.);
#1176 = EDGE_CURVE('',#1040,#895,#1177,.T.);
#1177 = LINE('',#1178,#1179);
#1178 = CARTESIAN_POINT('',(71.,3.,-4.));
#1179 = VECTOR('',#1180,1.);
#1180 = DIRECTION('',(0.,0.,1.));
#1181 = ORIENTED_EDGE('',*,*,#894,.F.);
#1182 = ORIENTED_EDGE('',*,*,#1176,.F.);
#1183 = CYLINDRICAL_SURFACE('',#1184,2.);
#1184 = AXIS2_PLACEMENT_3D('',#1185,#1186,#1187);
#1185 = CARTESIAN_POINT('',(69.,3.,-4.));
#1186 = DIRECTION('',(-0.,-0.,-1.));
#1187 = DIRECTION('',(1.,0.,0.));
#1188 = ADVANCED_FACE('',(#1189),#1200,.F.);
#1189 = FACE_BOUND('',#1190,.T.);
#1190 = EDGE_LOOP('',(#1191,#1192,#1198,#1199));
#1191 = ORIENTED_EDGE('',*,*,#1050,.T.);
#1192 = ORIENTED_EDGE('',*,*,#1193,.T.);
#1193 = EDGE_CURVE('',#1051,#906,#1194,.T.);
#1194 = LINE('',#1195,#1196);
#1195 = CARTESIAN_POINT('',(5.,53.,-4.));
#1196 = VECTOR('',#1197,1.);
#1197 = DIRECTION('',(0.,0.,1.));
#1198 = ORIENTED_EDGE('',*,*,#905,.F.);
#1199 = ORIENTED_EDGE('',*,*,#1193,.F.);
#1200 = CYLINDRICAL_SURFACE('',#1201,2.);
#1201 = AXIS2_PLACEMENT_3D('',#1202,#1203,#1204);
#1202 = CARTESIAN_POINT('',(3.,53.,-4.));
#1203 = DIRECTION('',(-0.,-0.,-1.));
#1204 = DIRECTION('',(1.,0.,0.));
#1205 = ADVANCED_FACE('',(#1206),#1217,.F.);
#1206 = FACE_BOUND('',#1207,.T.);
#1207 = EDGE_LOOP('',(#1208,#1209,#1215,#1216));
#1208 = ORIENTED_EDGE('',*,*,#1061,.T.);
#1209 = ORIENTED_EDGE('',*,*,#1210,.T.);
#1210 = EDGE_CURVE('',#1062,#917,#1211,.T.);
#1211 = LINE('',#1212,#1213);
#1212 = CARTESIAN_POINT('',(71.,53.,-4.));
#1213 = VECTOR('',#1214,1.);
#1214 = DIRECTION('',(0.,0.,1.));
#1215 = ORIENTED_EDGE('',*,*,#916,.F.);
#1216 = ORIENTED_EDGE('',*,*,#1210,.F.);
#1217 = CYLINDRICAL_SURFACE('',#1218,2.);
#1218 = AXIS2_PLACEMENT_3D('',#1219,#1220,#1221);
#1219 = CARTESIAN_POINT('',(69.,53.,-4.));
#1220 = DIRECTION('',(-0.,-0.,-1.));
#1221 = DIRECTION('',(1.,0.,0.));
#1222 = ( GEOMETRIC_REPRESENTATION_CONTEXT(3) 
GLOBAL_UNCERTAINTY_ASSIGNED_CONTEXT((#1226)) 
GLOBAL_UNIT_ASSIGNED_CONTEXT((#1223,#1224,#1225)) REPRESENTATION_CONTEXT
('Context #1','3D Context with UNIT and UNCERTAINTY') );
#1223 = ( LENGTH_UNIT() NAMED_UNIT(*) SI_UNIT(.MILLI.,.METRE.) );
#1224 = ( NAMED_UNIT(*) PLANE_ANGLE_UNIT() SI_UNIT($,.RADIAN.) );
#1225 = ( NAMED_UNIT(*) SI_UNIT($,.STERADIAN.) SOLID_ANGLE_UNIT() );
#1226 = UNCERTAINTY_MEASURE_WITH_UNIT(LENGTH_MEASURE(1.E-07),#1223,
  'distance_accuracy_value','confusion accuracy');
#1227 = CONTEXT_DEPENDENT_SHAPE_REPRESENTATION(#1228,#1230);
#1228 = ( REPRESENTATION_RELATIONSHIP('','',#775,#10) 
REPRESENTATION_RELATIONSHIP_WITH_TRANSFORMATION(#1229) 
SHAPE_REPRESENTATION_RELATIONSHIP() );
#1229 = ITEM_DEFINED_TRANSFORMATION('','',#11,#31);
#1230 = PRODUCT_DEFINITION_SHAPE('Placement','Placement of an item',
  #1231);
#1231 = NEXT_ASSEMBLY_USAGE_OCCURRENCE('5','Cut003','',#5,#770,$);
#1232 = PRODUCT_RELATED_PRODUCT_CATEGORY('part',$,(#772));
#1233 = SHAPE_DEFINITION_REPRESENTATION(#1234,#1240);
#1234 = PRODUCT_DEFINITION_SHAPE('','',#1235);
#1235 = PRODUCT_DEFINITION('design','',#1236,#1239);
#1236 = PRODUCT_DEFINITION_FORMATION('','',#1237);
#1237 = PRODUCT('Cube004','Cube004','',(#1238));
#1238 = PRODUCT_CONTEXT('',#2,'mechanical');
#1239 = PRODUCT_DEFINITION_CONTEXT('part definition',#2,'design');
#1240 = ADVANCED_BREP_SHAPE_REPRESENTATION('',(#11,#1241),#1391);
#1241 = MANIFOLD_SOLID_BREP('',#1242);
#1242 = CLOSED_SHELL('',(#1243,#1283,#1323,#1345,#1367,#1379));
#1243 = ADVANCED_FACE('',(#1244),#1278,.F.);
#1244 = FACE_BOUND('',#1245,.F.);
#1245 = EDGE_LOOP('',(#1246,#1256,#1264,#1272));
#1246 = ORIENTED_EDGE('',*,*,#1247,.F.);
#1247 = EDGE_CURVE('',#1248,#1250,#1252,.T.);
#1248 = VERTEX_POINT('',#1249);
#1249 = CARTESIAN_POINT('',(0.,0.,0.));
#1250 = VERTEX_POINT('',#1251);
#1251 = CARTESIAN_POINT('',(0.,0.,13.));
#1252 = LINE('',#1253,#1254);
#1253 = CARTESIAN_POINT('',(0.,0.,0.));
#1254 = VECTOR('',#1255,1.);
#1255 = DIRECTION('',(0.,0.,1.));
#1256 = ORIENTED_EDGE('',*,*,#1257,.T.);
#1257 = EDGE_CURVE('',#1248,#1258,#1260,.T.);
#1258 = VERTEX_POINT('',#1259);
#1259 = CARTESIAN_POINT('',(0.,1.5,0.));
#1260 = LINE('',#1261,#1262);
#1261 = CARTESIAN_POINT('',(0.,0.,0.));
#1262 = VECTOR('',#1263,1.);
#1263 = DIRECTION('',(-0.,1.,0.));
#1264 = ORIENTED_EDGE('',*,*,#1265,.T.);
#1265 = EDGE_CURVE('',#1258,#1266,#1268,.T.);
#1266 = VERTEX_POINT('',#1267);
#1267 = CARTESIAN_POINT('',(0.,1.5,13.));
#1268 = LINE('',#1269,#1270);
#1269 = CARTESIAN_POINT('',(0.,1.5,0.));
#1270 = VECTOR('',#1271,1.);
#1271 = DIRECTION('',(0.,0.,1.));
#1272 = ORIENTED_EDGE('',*,*,#1273,.F.);
#1273 = EDGE_CURVE('',#1250,#1266,#1274,.T.);
#1274 = LINE('',#1275,#1276);
#1275 = CARTESIAN_POINT('',(0.,0.,13.));
#1276 = VECTOR('',#1277,1.);
#1277 = DIRECTION('',(-0.,1.,0.));
#1278 = PLANE('',#1279);
#1279 = AXIS2_PLACEMENT_3D('',#1280,#1281,#1282);
#1280 = CARTESIAN_POINT('',(0.,0.,0.));
#1281 = DIRECTION('',(1.,0.,-0.));
#1282 = DIRECTION('',(0.,0.,1.));
#1283 = ADVANCED_FACE('',(#1284),#1318,.T.);
#1284 = FACE_BOUND('',#1285,.T.);
#1285 = EDGE_LOOP('',(#1286,#1296,#1304,#1312));
#1286 = ORIENTED_EDGE('',*,*,#1287,.F.);
#1287 = EDGE_CURVE('',#1288,#1290,#1292,.T.);
#1288 = VERTEX_POINT('',#1289);
#1289 = CARTESIAN_POINT('',(32.,0.,0.));
#1290 = VERTEX_POINT('',#1291);
#1291 = CARTESIAN_POINT('',(32.,0.,13.));
#1292 = LINE('',#1293,#1294);
#1293 = CARTESIAN_POINT('',(32.,0.,0.));
#1294 = VECTOR('',#1295,1.);
#1295 = DIRECTION('',(0.,0.,1.));
#1296 = ORIENTED_EDGE('',*,*,#1297,.T.);
#1297 = EDGE_CURVE('',#1288,#1298,#1300,.T.);
#1298 = VERTEX_POINT('',#1299);
#1299 = CARTESIAN_POINT('',(32.,1.5,0.));
#1300 = LINE('',#1301,#1302);
#1301 = CARTESIAN_POINT('',(32.,0.,0.));
#1302 = VECTOR('',#1303,1.);
#1303 = DIRECTION('',(-0.,1.,0.));
#1304 = ORIENTED_EDGE('',*,*,#1305,.T.);
#1305 = EDGE_CURVE('',#1298,#1306,#1308,.T.);
#1306 = VERTEX_POINT('',#1307);
#1307 = CARTESIAN_POINT('',(32.,1.5,13.));
#1308 = LINE('',#1309,#1310);
#1309 = CARTESIAN_POINT('',(32.,1.5,0.));
#1310 = VECTOR('',#1311,1.);
#1311 = DIRECTION('',(0.,0.,1.));
#1312 = ORIENTED_EDGE('',*,*,#1313,.F.);
#1313 = EDGE_CURVE('',#1290,#1306,#1314,.T.);
#1314 = LINE('',#1315,#1316);
#1315 = CARTESIAN_POINT('',(32.,0.,13.));
#1316 = VECTOR('',#1317,1.);
#1317 = DIRECTION('',(-0.,1.,0.));
#1318 = PLANE('',#1319);
#1319 = AXIS2_PLACEMENT_3D('',#1320,#1321,#1322);
#1320 = CARTESIAN_POINT('',(32.,0.,0.));
#1321 = DIRECTION('',(1.,0.,-0.));
#1322 = DIRECTION('',(0.,0.,1.));
#1323 = ADVANCED_FACE('',(#1324),#1340,.F.);
#1324 = FACE_BOUND('',#1325,.F.);
#1325 = EDGE_LOOP('',(#1326,#1332,#1333,#1339));
#1326 = ORIENTED_EDGE('',*,*,#1327,.F.);
#1327 = EDGE_CURVE('',#1248,#1288,#1328,.T.);
#1328 = LINE('',#1329,#1330);
#1329 = CARTESIAN_POINT('',(0.,0.,0.));
#1330 = VECTOR('',#1331,1.);
#1331 = DIRECTION('',(1.,0.,-0.));
#1332 = ORIENTED_EDGE('',*,*,#1247,.T.);
#1333 = ORIENTED_EDGE('',*,*,#1334,.T.);
#1334 = EDGE_CURVE('',#1250,#1290,#1335,.T.);
#1335 = LINE('',#1336,#1337);
#1336 = CARTESIAN_POINT('',(0.,0.,13.));
#1337 = VECTOR('',#1338,1.);
#1338 = DIRECTION('',(1.,0.,-0.));
#1339 = ORIENTED_EDGE('',*,*,#1287,.F.);
#1340 = PLANE('',#1341);
#1341 = AXIS2_PLACEMENT_3D('',#1342,#1343,#1344);
#1342 = CARTESIAN_POINT('',(0.,0.,0.));
#1343 = DIRECTION('',(-0.,1.,0.));
#1344 = DIRECTION('',(0.,0.,1.));
#1345 = ADVANCED_FACE('',(#1346),#1362,.T.);
#1346 = FACE_BOUND('',#1347,.T.);
#1347 = EDGE_LOOP('',(#1348,#1354,#1355,#1361));
#1348 = ORIENTED_EDGE('',*,*,#1349,.F.);
#1349 = EDGE_CURVE('',#1258,#1298,#1350,.T.);
#1350 = LINE('',#1351,#1352);
#1351 = CARTESIAN_POINT('',(0.,1.5,0.));
#1352 = VECTOR('',#1353,1.);
#1353 = DIRECTION('',(1.,0.,-0.));
#1354 = ORIENTED_EDGE('',*,*,#1265,.T.);
#1355 = ORIENTED_EDGE('',*,*,#1356,.T.);
#1356 = EDGE_CURVE('',#1266,#1306,#1357,.T.);
#1357 = LINE('',#1358,#1359);
#1358 = CARTESIAN_POINT('',(0.,1.5,13.));
#1359 = VECTOR('',#1360,1.);
#1360 = DIRECTION('',(1.,0.,-0.));
#1361 = ORIENTED_EDGE('',*,*,#1305,.F.);
#1362 = PLANE('',#1363);
#1363 = AXIS2_PLACEMENT_3D('',#1364,#1365,#1366);
#1364 = CARTESIAN_POINT('',(0.,1.5,0.));
#1365 = DIRECTION('',(-0.,1.,0.));
#1366 = DIRECTION('',(0.,0.,1.));
#1367 = ADVANCED_FACE('',(#1368),#1374,.F.);
#1368 = FACE_BOUND('',#1369,.F.);
#1369 = EDGE_LOOP('',(#1370,#1371,#1372,#1373));
#1370 = ORIENTED_EDGE('',*,*,#1257,.F.);
#1371 = ORIENTED_EDGE('',*,*,#1327,.T.);
#1372 = ORIENTED_EDGE('',*,*,#1297,.T.);
#1373 = ORIENTED_EDGE('',*,*,#1349,.F.);
#1374 = PLANE('',#1375);
#1375 = AXIS2_PLACEMENT_3D('',#1376,#1377,#1378);
#1376 = CARTESIAN_POINT('',(0.,0.,0.));
#1377 = DIRECTION('',(0.,0.,1.));
#1378 = DIRECTION('',(1.,0.,-0.));
#1379 = ADVANCED_FACE('',(#1380),#1386,.T.);
#1380 = FACE_BOUND('',#1381,.T.);
#1381 = EDGE_LOOP('',(#1382,#1383,#1384,#1385));
#1382 = ORIENTED_EDGE('',*,*,#1273,.F.);
#1383 = ORIENTED_EDGE('',*,*,#1334,.T.);
#1384 = ORIENTED_EDGE('',*,*,#1313,.T.);
#1385 = ORIENTED_EDGE('',*,*,#1356,.F.);
#1386 = PLANE('',#1387);
#1387 = AXIS2_PLACEMENT_3D('',#1388,#1389,#1390);
#1388 = CARTESIAN_POINT('',(0.,0.,13.));
#1389 = DIRECTION('',(0.,0.,1.));
#1390 = DIRECTION('',(1.,0.,-0.));
#1391 = ( GEOMETRIC_REPRESENTATION_CONTEXT(3) 
GLOBAL_UNCERTAINTY_ASSIGNED_CONTEXT((#1395)) 
GLOBAL_UNIT_ASSIGNED_CONTEXT((#1392,#1393,#1394)) REPRESENTATION_CONTEXT
('Context #1','3D Context with UNIT and UNCERTAINTY') );
#1392 = ( LENGTH_UNIT() NAMED_UNIT(*) SI_UNIT(.MILLI.,.METRE.) );
#1393 = ( NAMED_UNIT(*) PLANE_ANGLE_UNIT() SI_UNIT($,.RADIAN.) );
#1394 = ( NAMED_UNIT(*) SI_UNIT($,.STERADIAN.) SOLID_ANGLE_UNIT() );
#1395 = UNCERTAINTY_MEASURE_WITH_UNIT(LENGTH_MEASURE(1.E-07),#1392,
  'distance_accuracy_value','confusion accuracy');
#1396 = CONTEXT_DEPENDENT_SHAPE_REPRESENTATION(#1397,#1399);
#1397 = ( REPRESENTATION_RELATIONSHIP('','',#1240,#10) 
REPRESENTATION_RELATIONSHIP_WITH_TRANSFORMATION(#1398) 
SHAPE_REPRESENTATION_RELATIONSHIP() );
#1398 = ITEM_DEFINED_TRANSFORMATION('','',#11,#35);
#1399 = PRODUCT_DEFINITION_SHAPE('Placement','Placement of an item',
  #1400);
#1400 = NEXT_ASSEMBLY_USAGE_OCCURRENCE('6','Cube004','',#5,#1235,$);
#1401 = PRODUCT_RELATED_PRODUCT_CATEGORY('part',$,(#1237));
#1402 = SHAPE_DEFINITION_REPRESENTATION(#1403,#1409);
#1403 = PRODUCT_DEFINITION_SHAPE('','',#1404);
#1404 = PRODUCT_DEFINITION('design','',#1405,#1408);
#1405 = PRODUCT_DEFINITION_FORMATION('','',#1406);
#1406 = PRODUCT('Cube005','Cube005','',(#1407));
#1407 = PRODUCT_CONTEXT('',#2,'mechanical');
#1408 = PRODUCT_DEFINITION_CONTEXT('part definition',#2,'design');
#1409 = ADVANCED_BREP_SHAPE_REPRESENTATION('',(#11,#1410),#1560);
#1410 = MANIFOLD_SOLID_BREP('',#1411);
#1411 = CLOSED_SHELL('',(#1412,#1452,#1492,#1514,#1536,#1548));
#1412 = ADVANCED_FACE('',(#1413),#1447,.F.);
#1413 = FACE_BOUND('',#1414,.F.);
#1414 = EDGE_LOOP('',(#1415,#1425,#1433,#1441));
#1415 = ORIENTED_EDGE('',*,*,#1416,.F.);
#1416 = EDGE_CURVE('',#1417,#1419,#1421,.T.);
#1417 = VERTEX_POINT('',#1418);
#1418 = CARTESIAN_POINT('',(0.,0.,0.));
#1419 = VERTEX_POINT('',#1420);
#1420 = CARTESIAN_POINT('',(0.,0.,13.));
#1421 = LINE('',#1422,#1423);
#1422 = CARTESIAN_POINT('',(0.,0.,0.));
#1423 = VECTOR('',#1424,1.);
#1424 = DIRECTION('',(0.,0.,1.));
#1425 = ORIENTED_EDGE('',*,*,#1426,.T.);
#1426 = EDGE_CURVE('',#1417,#1427,#1429,.T.);
#1427 = VERTEX_POINT('',#1428);
#1428 = CARTESIAN_POINT('',(0.,1.5,0.));
#1429 = LINE('',#1430,#1431);
#1430 = CARTESIAN_POINT('',(0.,0.,0.));
#1431 = VECTOR('',#1432,1.);
#1432 = DIRECTION('',(-0.,1.,0.));
#1433 = ORIENTED_EDGE('',*,*,#1434,.T.);
#1434 = EDGE_CURVE('',#1427,#1435,#1437,.T.);
#1435 = VERTEX_POINT('',#1436);
#1436 = CARTESIAN_POINT('',(0.,1.5,13.));
#1437 = LINE('',#1438,#1439);
#1438 = CARTESIAN_POINT('',(0.,1.5,0.));
#1439 = VECTOR('',#1440,1.);
#1440 = DIRECTION('',(0.,0.,1.));
#1441 = ORIENTED_EDGE('',*,*,#1442,.F.);
#1442 = EDGE_CURVE('',#1419,#1435,#1443,.T.);
#1443 = LINE('',#1444,#1445);
#1444 = CARTESIAN_POINT('',(0.,0.,13.));
#1445 = VECTOR('',#1446,1.);
#1446 = DIRECTION('',(-0.,1.,0.));
#1447 = PLANE('',#1448);
#1448 = AXIS2_PLACEMENT_3D('',#1449,#1450,#1451);
#1449 = CARTESIAN_POINT('',(0.,0.,0.));
#1450 = DIRECTION('',(1.,0.,-0.));
#1451 = DIRECTION('',(0.,0.,1.));
#1452 = ADVANCED_FACE('',(#1453),#1487,.T.);
#1453 = FACE_BOUND('',#1454,.T.);
#1454 = EDGE_LOOP('',(#1455,#1465,#1473,#1481));
#1455 = ORIENTED_EDGE('',*,*,#1456,.F.);
#1456 = EDGE_CURVE('',#1457,#1459,#1461,.T.);
#1457 = VERTEX_POINT('',#1458);
#1458 = CARTESIAN_POINT('',(32.,0.,0.));
#1459 = VERTEX_POINT('',#1460);
#1460 = CARTESIAN_POINT('',(32.,0.,13.));
#1461 = LINE('',#1462,#1463);
#1462 = CARTESIAN_POINT('',(32.,0.,0.));
#1463 = VECTOR('',#1464,1.);
#1464 = DIRECTION('',(0.,0.,1.));
#1465 = ORIENTED_EDGE('',*,*,#1466,.T.);
#1466 = EDGE_CURVE('',#1457,#1467,#1469,.T.);
#1467 = VERTEX_POINT('',#1468);
#1468 = CARTESIAN_POINT('',(32.,1.5,0.));
#1469 = LINE('',#1470,#1471);
#1470 = CARTESIAN_POINT('',(32.,0.,0.));
#1471 = VECTOR('',#1472,1.);
#1472 = DIRECTION('',(-0.,1.,0.));
#1473 = ORIENTED_EDGE('',*,*,#1474,.T.);
#1474 = EDGE_CURVE('',#1467,#1475,#1477,.T.);
#1475 = VERTEX_POINT('',#1476);
#1476 = CARTESIAN_POINT('',(32.,1.5,13.));
#1477 = LINE('',#1478,#1479);
#1478 = CARTESIAN_POINT('',(32.,1.5,0.));
#1479 = VECTOR('',#1480,1.);
#1480 = DIRECTION('',(0.,0.,1.));
#1481 = ORIENTED_EDGE('',*,*,#1482,.F.);
#1482 = EDGE_CURVE('',#1459,#1475,#1483,.T.);
#1483 = LINE('',#1484,#1485);
#1484 = CARTESIAN_POINT('',(32.,0.,13.));
#1485 = VECTOR('',#1486,1.);
#1486 = DIRECTION('',(-0.,1.,0.));
#1487 = PLANE('',#1488);
#1488 = AXIS2_PLACEMENT_3D('',#1489,#1490,#1491);
#1489 = CARTESIAN_POINT('',(32.,0.,0.));
#1490 = DIRECTION('',(1.,0.,-0.));
#1491 = DIRECTION('',(0.,0.,1.));
#1492 = ADVANCED_FACE('',(#1493),#1509,.F.);
#1493 = FACE_BOUND('',#1494,.F.);
#1494 = EDGE_LOOP('',(#1495,#1501,#1502,#1508));
#1495 = ORIENTED_EDGE('',*,*,#1496,.F.);
#1496 = EDGE_CURVE('',#1417,#1457,#1497,.T.);
#1497 = LINE('',#1498,#1499);
#1498 = CARTESIAN_POINT('',(0.,0.,0.));
#1499 = VECTOR('',#1500,1.);
#1500 = DIRECTION('',(1.,0.,-0.));
#1501 = ORIENTED_EDGE('',*,*,#1416,.T.);
#1502 = ORIENTED_EDGE('',*,*,#1503,.T.);
#1503 = EDGE_CURVE('',#1419,#1459,#1504,.T.);
#1504 = LINE('',#1505,#1506);
#1505 = CARTESIAN_POINT('',(0.,0.,13.));
#1506 = VECTOR('',#1507,1.);
#1507 = DIRECTION('',(1.,0.,-0.));
#1508 = ORIENTED_EDGE('',*,*,#1456,.F.);
#1509 = PLANE('',#1510);
#1510 = AXIS2_PLACEMENT_3D('',#1511,#1512,#1513);
#1511 = CARTESIAN_POINT('',(0.,0.,0.));
#1512 = DIRECTION('',(-0.,1.,0.));
#1513 = DIRECTION('',(0.,0.,1.));
#1514 = ADVANCED_FACE('',(#1515),#1531,.T.);
#1515 = FACE_BOUND('',#1516,.T.);
#1516 = EDGE_LOOP('',(#1517,#1523,#1524,#1530));
#1517 = ORIENTED_EDGE('',*,*,#1518,.F.);
#1518 = EDGE_CURVE('',#1427,#1467,#1519,.T.);
#1519 = LINE('',#1520,#1521);
#1520 = CARTESIAN_POINT('',(0.,1.5,0.));
#1521 = VECTOR('',#1522,1.);
#1522 = DIRECTION('',(1.,0.,-0.));
#1523 = ORIENTED_EDGE('',*,*,#1434,.T.);
#1524 = ORIENTED_EDGE('',*,*,#1525,.T.);
#1525 = EDGE_CURVE('',#1435,#1475,#1526,.T.);
#1526 = LINE('',#1527,#1528);
#1527 = CARTESIAN_POINT('',(0.,1.5,13.));
#1528 = VECTOR('',#1529,1.);
#1529 = DIRECTION('',(1.,0.,-0.));
#1530 = ORIENTED_EDGE('',*,*,#1474,.F.);
#1531 = PLANE('',#1532);
#1532 = AXIS2_PLACEMENT_3D('',#1533,#1534,#1535);
#1533 = CARTESIAN_POINT('',(0.,1.5,0.));
#1534 = DIRECTION('',(-0.,1.,0.));
#1535 = DIRECTION('',(0.,0.,1.));
#1536 = ADVANCED_FACE('',(#1537),#1543,.F.);
#1537 = FACE_BOUND('',#1538,.F.);
#1538 = EDGE_LOOP('',(#1539,#1540,#1541,#1542));
#1539 = ORIENTED_EDGE('',*,*,#1426,.F.);
#1540 = ORIENTED_EDGE('',*,*,#1496,.T.);
#1541 = ORIENTED_EDGE('',*,*,#1466,.T.);
#1542 = ORIENTED_EDGE('',*,*,#1518,.F.);
#1543 = PLANE('',#1544);
#1544 = AXIS2_PLACEMENT_3D('',#1545,#1546,#1547);
#1545 = CARTESIAN_POINT('',(0.,0.,0.));
#1546 = DIRECTION('',(0.,0.,1.));
#1547 = DIRECTION('',(1.,0.,-0.));
#1548 = ADVANCED_FACE('',(#1549),#1555,.T.);
#1549 = FACE_BOUND('',#1550,.T.);
#1550 = EDGE_LOOP('',(#1551,#1552,#1553,#1554));
#1551 = ORIENTED_EDGE('',*,*,#1442,.F.);
#1552 = ORIENTED_EDGE('',*,*,#1503,.T.);
#1553 = ORIENTED_EDGE('',*,*,#1482,.T.);
#1554 = ORIENTED_EDGE('',*,*,#1525,.F.);
#1555 = PLANE('',#1556);
#1556 = AXIS2_PLACEMENT_3D('',#1557,#1558,#1559);
#1557 = CARTESIAN_POINT('',(0.,0.,13.));
#1558 = DIRECTION('',(0.,0.,1.));
#1559 = DIRECTION('',(1.,0.,-0.));
#1560 = ( GEOMETRIC_REPRESENTATION_CONTEXT(3) 
GLOBAL_UNCERTAINTY_ASSIGNED_CONTEXT((#1564)) 
GLOBAL_UNIT_ASSIGNED_CONTEXT((#1561,#1562,#1563)) REPRESENTATION_CONTEXT
('Context #1','3D Context with UNIT and UNCERTAINTY') );
#1561 = ( LENGTH_UNIT() NAMED_UNIT(*) SI_UNIT(.MILLI.,.METRE.) );
#1562 = ( NAMED_UNIT(*) PLANE_ANGLE_UNIT() SI_UNIT($,.RADIAN.) );
#1563 = ( NAMED_UNIT(*) SI_UNIT($,.STERADIAN.) SOLID_ANGLE_UNIT() );
#1564 = UNCERTAINTY_MEASURE_WITH_UNIT(LENGTH_MEASURE(1.E-07),#1561,
  'distance_accuracy_value','confusion accuracy');
#1565 = CONTEXT_DEPENDENT_SHAPE_REPRESENTATION(#1566,#1568);
#1566 = ( REPRESENTATION_RELATIONSHIP('','',#1409,#10) 
REPRESENTATION_RELATIONSHIP_WITH_TRANSFORMATION(#1567) 
SHAPE_REPRESENTATION_RELATIONSHIP() );
#1567 = ITEM_DEFINED_TRANSFORMATION('','',#11,#39);
#1568 = PRODUCT_DEFINITION_SHAPE('Placement','Placement of an item',
  #1569);
#1569 = NEXT_ASSEMBLY_USAGE_OCCURRENCE('7','Cube005','',#5,#1404,$);
#1570 = PRODUCT_RELATED_PRODUCT_CATEGORY('part',$,(#1406));
#1571 = SHAPE_DEFINITION_REPRESENTATION(#1572,#1578);
#1572 = PRODUCT_DEFINITION_SHAPE('','',#1573);
#1573 = PRODUCT_DEFINITION('design','',#1574,#1577);
#1574 = PRODUCT_DEFINITION_FORMATION('','',#1575);
#1575 = PRODUCT('Cube006','Cube006','',(#1576));
#1576 = PRODUCT_CONTEXT('',#2,'mechanical');
#1577 = PRODUCT_DEFINITION_CONTEXT('part definition',#2,'design');
#1578 = ADVANCED_BREP_SHAPE_REPRESENTATION('',(#11,#1579),#1729);
#1579 = MANIFOLD_SOLID_BREP('',#1580);
#1580 = CLOSED_SHELL('',(#1581,#1621,#1661,#1683,#1705,#1717));
#1581 = ADVANCED_FACE('',(#1582),#1616,.F.);
#1582 = FACE_BOUND('',#1583,.F.);
#1583 = EDGE_LOOP('',(#1584,#1594,#1602,#1610));
#1584 = ORIENTED_EDGE('',*,*,#1585,.F.);
#1585 = EDGE_CURVE('',#1586,#1588,#1590,.T.);
#1586 = VERTEX_POINT('',#1587);
#1587 = CARTESIAN_POINT('',(0.,0.,0.));
#1588 = VERTEX_POINT('',#1589);
#1589 = CARTESIAN_POINT('',(0.,0.,13.));
#1590 = LINE('',#1591,#1592);
#1591 = CARTESIAN_POINT('',(0.,0.,0.));
#1592 = VECTOR('',#1593,1.);
#1593 = DIRECTION('',(0.,0.,1.));
#1594 = ORIENTED_EDGE('',*,*,#1595,.T.);
#1595 = EDGE_CURVE('',#1586,#1596,#1598,.T.);
#1596 = VERTEX_POINT('',#1597);
#1597 = CARTESIAN_POINT('',(0.,1.5,0.));
#1598 = LINE('',#1599,#1600);
#1599 = CARTESIAN_POINT('',(0.,0.,0.));
#1600 = VECTOR('',#1601,1.);
#1601 = DIRECTION('',(-0.,1.,0.));
#1602 = ORIENTED_EDGE('',*,*,#1603,.T.);
#1603 = EDGE_CURVE('',#1596,#1604,#1606,.T.);
#1604 = VERTEX_POINT('',#1605);
#1605 = CARTESIAN_POINT('',(0.,1.5,13.));
#1606 = LINE('',#1607,#1608);
#1607 = CARTESIAN_POINT('',(0.,1.5,0.));
#1608 = VECTOR('',#1609,1.);
#1609 = DIRECTION('',(0.,0.,1.));
#1610 = ORIENTED_EDGE('',*,*,#1611,.F.);
#1611 = EDGE_CURVE('',#1588,#1604,#1612,.T.);
#1612 = LINE('',#1613,#1614);
#1613 = CARTESIAN_POINT('',(0.,0.,13.));
#1614 = VECTOR('',#1615,1.);
#1615 = DIRECTION('',(-0.,1.,0.));
#1616 = PLANE('',#1617);
#1617 = AXIS2_PLACEMENT_3D('',#1618,#1619,#1620);
#1618 = CARTESIAN_POINT('',(0.,0.,0.));
#1619 = DIRECTION('',(1.,0.,-0.));
#1620 = DIRECTION('',(0.,0.,1.));
#1621 = ADVANCED_FACE('',(#1622),#1656,.T.);
#1622 = FACE_BOUND('',#1623,.T.);
#1623 = EDGE_LOOP('',(#1624,#1634,#1642,#1650));
#1624 = ORIENTED_EDGE('',*,*,#1625,.F.);
#1625 = EDGE_CURVE('',#1626,#1628,#1630,.T.);
#1626 = VERTEX_POINT('',#1627);
#1627 = CARTESIAN_POINT('',(32.,0.,0.));
#1628 = VERTEX_POINT('',#1629);
#1629 = CARTESIAN_POINT('',(32.,0.,13.));
#1630 = LINE('',#1631,#1632);
#1631 = CARTESIAN_POINT('',(32.,0.,0.));
#1632 = VECTOR('',#1633,1.);
#1633 = DIRECTION('',(0.,0.,1.));
#1634 = ORIENTED_EDGE('',*,*,#1635,.T.);
#1635 = EDGE_CURVE('',#1626,#1636,#1638,.T.);
#1636 = VERTEX_POINT('',#1637);
#1637 = CARTESIAN_POINT('',(32.,1.5,0.));
#1638 = LINE('',#1639,#1640);
#1639 = CARTESIAN_POINT('',(32.,0.,0.));
#1640 = VECTOR('',#1641,1.);
#1641 = DIRECTION('',(-0.,1.,0.));
#1642 = ORIENTED_EDGE('',*,*,#1643,.T.);
#1643 = EDGE_CURVE('',#1636,#1644,#1646,.T.);
#1644 = VERTEX_POINT('',#1645);
#1645 = CARTESIAN_POINT('',(32.,1.5,13.));
#1646 = LINE('',#1647,#1648);
#1647 = CARTESIAN_POINT('',(32.,1.5,0.));
#1648 = VECTOR('',#1649,1.);
#1649 = DIRECTION('',(0.,0.,1.));
#1650 = ORIENTED_EDGE('',*,*,#1651,.F.);
#1651 = EDGE_CURVE('',#1628,#1644,#1652,.T.);
#1652 = LINE('',#1653,#1654);
#1653 = CARTESIAN_POINT('',(32.,0.,13.));
#1654 = VECTOR('',#1655,1.);
#1655 = DIRECTION('',(-0.,1.,0.));
#1656 = PLANE('',#1657);
#1657 = AXIS2_PLACEMENT_3D('',#1658,#1659,#1660);
#1658 = CARTESIAN_POINT('',(32.,0.,0.));
#1659 = DIRECTION('',(1.,0.,-0.));
#1660 = DIRECTION('',(0.,0.,1.));
#1661 = ADVANCED_FACE('',(#1662),#1678,.F.);
#1662 = FACE_BOUND('',#1663,.F.);
#1663 = EDGE_LOOP('',(#1664,#1670,#1671,#1677));
#1664 = ORIENTED_EDGE('',*,*,#1665,.F.);
#1665 = EDGE_CURVE('',#1586,#1626,#1666,.T.);
#1666 = LINE('',#1667,#1668);
#1667 = CARTESIAN_POINT('',(0.,0.,0.));
#1668 = VECTOR('',#1669,1.);
#1669 = DIRECTION('',(1.,0.,-0.));
#1670 = ORIENTED_EDGE('',*,*,#1585,.T.);
#1671 = ORIENTED_EDGE('',*,*,#1672,.T.);
#1672 = EDGE_CURVE('',#1588,#1628,#1673,.T.);
#1673 = LINE('',#1674,#1675);
#1674 = CARTESIAN_POINT('',(0.,0.,13.));
#1675 = VECTOR('',#1676,1.);
#1676 = DIRECTION('',(1.,0.,-0.));
#1677 = ORIENTED_EDGE('',*,*,#1625,.F.);
#1678 = PLANE('',#1679);
#1679 = AXIS2_PLACEMENT_3D('',#1680,#1681,#1682);
#1680 = CARTESIAN_POINT('',(0.,0.,0.));
#1681 = DIRECTION('',(-0.,1.,0.));
#1682 = DIRECTION('',(0.,0.,1.));
#1683 = ADVANCED_FACE('',(#1684),#1700,.T.);
#1684 = FACE_BOUND('',#1685,.T.);
#1685 = EDGE_LOOP('',(#1686,#1692,#1693,#1699));
#1686 = ORIENTED_EDGE('',*,*,#1687,.F.);
#1687 = EDGE_CURVE('',#1596,#1636,#1688,.T.);
#1688 = LINE('',#1689,#1690);
#1689 = CARTESIAN_POINT('',(0.,1.5,0.));
#1690 = VECTOR('',#1691,1.);
#1691 = DIRECTION('',(1.,0.,-0.));
#1692 = ORIENTED_EDGE('',*,*,#1603,.T.);
#1693 = ORIENTED_EDGE('',*,*,#1694,.T.);
#1694 = EDGE_CURVE('',#1604,#1644,#1695,.T.);
#1695 = LINE('',#1696,#1697);
#1696 = CARTESIAN_POINT('',(0.,1.5,13.));
#1697 = VECTOR('',#1698,1.);
#1698 = DIRECTION('',(1.,0.,-0.));
#1699 = ORIENTED_EDGE('',*,*,#1643,.F.);
#1700 = PLANE('',#1701);
#1701 = AXIS2_PLACEMENT_3D('',#1702,#1703,#1704);
#1702 = CARTESIAN_POINT('',(0.,1.5,0.));
#1703 = DIRECTION('',(-0.,1.,0.));
#1704 = DIRECTION('',(0.,0.,1.));
#1705 = ADVANCED_FACE('',(#1706),#1712,.F.);
#1706 = FACE_BOUND('',#1707,.F.);
#1707 = EDGE_LOOP('',(#1708,#1709,#1710,#1711));
#1708 = ORIENTED_EDGE('',*,*,#1595,.F.);
#1709 = ORIENTED_EDGE('',*,*,#1665,.T.);
#1710 = ORIENTED_EDGE('',*,*,#1635,.T.);
#1711 = ORIENTED_EDGE('',*,*,#1687,.F.);
#1712 = PLANE('',#1713);
#1713 = AXIS2_PLACEMENT_3D('',#1714,#1715,#1716);
#1714 = CARTESIAN_POINT('',(0.,0.,0.));
#1715 = DIRECTION('',(0.,0.,1.));
#1716 = DIRECTION('',(1.,0.,-0.));
#1717 = ADVANCED_FACE('',(#1718),#1724,.T.);
#1718 = FACE_BOUND('',#1719,.T.);
#1719 = EDGE_LOOP('',(#1720,#1721,#1722,#1723));
#1720 = ORIENTED_EDGE('',*,*,#1611,.F.);
#1721 = ORIENTED_EDGE('',*,*,#1672,.T.);
#1722 = ORIENTED_EDGE('',*,*,#1651,.T.);
#1723 = ORIENTED_EDGE('',*,*,#1694,.F.);
#1724 = PLANE('',#1725);
#1725 = AXIS2_PLACEMENT_3D('',#1726,#1727,#1728);
#1726 = CARTESIAN_POINT('',(0.,0.,13.));
#1727 = DIRECTION('',(0.,0.,1.));
#1728 = DIRECTION('',(1.,0.,-0.));
#1729 = ( GEOMETRIC_REPRESENTATION_CONTEXT(3) 
GLOBAL_UNCERTAINTY_ASSIGNED_CONTEXT((#1733)) 
GLOBAL_UNIT_ASSIGNED_CONTEXT((#1730,#1731,#1732)) REPRESENTATION_CONTEXT
('Context #1','3D Context with UNIT and UNCERTAINTY') );
#1730 = ( LENGTH_UNIT() NAMED_UNIT(*) SI_UNIT(.MILLI.,.METRE.) );
#1731 = ( NAMED_UNIT(*) PLANE_ANGLE_UNIT() SI_UNIT($,.RADIAN.) );
#1732 = ( NAMED_UNIT(*) SI_UNIT($,.STERADIAN.) SOLID_ANGLE_UNIT() );
#1733 = UNCERTAINTY_MEASURE_WITH_UNIT(LENGTH_MEASURE(1.E-07),#1730,
  'distance_accuracy_value','confusion accuracy');
#1734 = CONTEXT_DEPENDENT_SHAPE_REPRESENTATION(#1735,#1737);
#1735 = ( REPRESENTATION_RELATIONSHIP('','',#1578,#10) 
REPRESENTATION_RELATIONSHIP_WITH_TRANSFORMATION(#1736) 
SHAPE_REPRESENTATION_RELATIONSHIP() );
#1736 = ITEM_DEFINED_TRANSFORMATION('','',#11,#43);
#1737 = PRODUCT_DEFINITION_SHAPE('Placement','Placement of an item',
  #1738);
#1738 = NEXT_ASSEMBLY_USAGE_OCCURRENCE('8','Cube006','',#5,#1573,$);
#1739 = PRODUCT_RELATED_PRODUCT_CATEGORY('part',$,(#1575));
#1740 = SHAPE_DEFINITION_REPRESENTATION(#1741,#1747);
#1741 = PRODUCT_DEFINITION_SHAPE('','',#1742);
#1742 = PRODUCT_DEFINITION('design','',#1743,#1746);
#1743 = PRODUCT_DEFINITION_FORMATION('','',#1744);
#1744 = PRODUCT('Cube007','Cube007','',(#1745));
#1745 = PRODUCT_CONTEXT('',#2,'mechanical');
#1746 = PRODUCT_DEFINITION_CONTEXT('part definition',#2,'design');
#1747 = ADVANCED_BREP_SHAPE_REPRESENTATION('',(#11,#1748),#1898);
#1748 = MANIFOLD_SOLID_BREP('',#1749);
#1749 = CLOSED_SHELL('',(#1750,#1790,#1830,#1852,#1874,#1886));
#1750 = ADVANCED_FACE('',(#1751),#1785,.F.);
#1751 = FACE_BOUND('',#1752,.F.);
#1752 = EDGE_LOOP('',(#1753,#1763,#1771,#1779));
#1753 = ORIENTED_EDGE('',*,*,#1754,.F.);
#1754 = EDGE_CURVE('',#1755,#1757,#1759,.T.);
#1755 = VERTEX_POINT('',#1756);
#1756 = CARTESIAN_POINT('',(0.,0.,0.));
#1757 = VERTEX_POINT('',#1758);
#1758 = CARTESIAN_POINT('',(0.,0.,13.));
#1759 = LINE('',#1760,#1761);
#1760 = CARTESIAN_POINT('',(0.,0.,0.));
#1761 = VECTOR('',#1762,1.);
#1762 = DIRECTION('',(0.,0.,1.));
#1763 = ORIENTED_EDGE('',*,*,#1764,.T.);
#1764 = EDGE_CURVE('',#1755,#1765,#1767,.T.);
#1765 = VERTEX_POINT('',#1766);
#1766 = CARTESIAN_POINT('',(0.,1.5,0.));
#1767 = LINE('',#1768,#1769);
#1768 = CARTESIAN_POINT('',(0.,0.,0.));
#1769 = VECTOR('',#1770,1.);
#1770 = DIRECTION('',(-0.,1.,0.));
#1771 = ORIENTED_EDGE('',*,*,#1772,.T.);
#1772 = EDGE_CURVE('',#1765,#1773,#1775,.T.);
#1773 = VERTEX_POINT('',#1774);
#1774 = CARTESIAN_POINT('',(0.,1.5,13.));
#1775 = LINE('',#1776,#1777);
#1776 = CARTESIAN_POINT('',(0.,1.5,0.));
#1777 = VECTOR('',#1778,1.);
#1778 = DIRECTION('',(0.,0.,1.));
#1779 = ORIENTED_EDGE('',*,*,#1780,.F.);
#1780 = EDGE_CURVE('',#1757,#1773,#1781,.T.);
#1781 = LINE('',#1782,#1783);
#1782 = CARTESIAN_POINT('',(0.,0.,13.));
#1783 = VECTOR('',#1784,1.);
#1784 = DIRECTION('',(-0.,1.,0.));
#1785 = PLANE('',#1786);
#1786 = AXIS2_PLACEMENT_3D('',#1787,#1788,#1789);
#1787 = CARTESIAN_POINT('',(0.,0.,0.));
#1788 = DIRECTION('',(1.,0.,-0.));
#1789 = DIRECTION('',(0.,0.,1.));
#1790 = ADVANCED_FACE('',(#1791),#1825,.T.);
#1791 = FACE_BOUND('',#1792,.T.);
#1792 = EDGE_LOOP('',(#1793,#1803,#1811,#1819));
#1793 = ORIENTED_EDGE('',*,*,#1794,.F.);
#1794 = EDGE_CURVE('',#1795,#1797,#1799,.T.);
#1795 = VERTEX_POINT('',#1796);
#1796 = CARTESIAN_POINT('',(32.,0.,0.));
#1797 = VERTEX_POINT('',#1798);
#1798 = CARTESIAN_POINT('',(32.,0.,13.));
#1799 = LINE('',#1800,#1801);
#1800 = CARTESIAN_POINT('',(32.,0.,0.));
#1801 = VECTOR('',#1802,1.);
#1802 = DIRECTION('',(0.,0.,1.));
#1803 = ORIENTED_EDGE('',*,*,#1804,.T.);
#1804 = EDGE_CURVE('',#1795,#1805,#1807,.T.);
#1805 = VERTEX_POINT('',#1806);
#1806 = CARTESIAN_POINT('',(32.,1.5,0.));
#1807 = LINE('',#1808,#1809);
#1808 = CARTESIAN_POINT('',(32.,0.,0.));
#1809 = VECTOR('',#1810,1.);
#1810 = DIRECTION('',(-0.,1.,0.));
#1811 = ORIENTED_EDGE('',*,*,#1812,.T.);
#1812 = EDGE_CURVE('',#1805,#1813,#1815,.T.);
#1813 = VERTEX_POINT('',#1814);
#1814 = CARTESIAN_POINT('',(32.,1.5,13.));
#1815 = LINE('',#1816,#1817);
#1816 = CARTESIAN_POINT('',(32.,1.5,0.));
#1817 = VECTOR('',#1818,1.);
#1818 = DIRECTION('',(0.,0.,1.));
#1819 = ORIENTED_EDGE('',*,*,#1820,.F.);
#1820 = EDGE_CURVE('',#1797,#1813,#1821,.T.);
#1821 = LINE('',#1822,#1823);
#1822 = CARTESIAN_POINT('',(32.,0.,13.));
#1823 = VECTOR('',#1824,1.);
#1824 = DIRECTION('',(-0.,1.,0.));
#1825 = PLANE('',#1826);
#1826 = AXIS2_PLACEMENT_3D('',#1827,#1828,#1829);
#1827 = CARTESIAN_POINT('',(32.,0.,0.));
#1828 = DIRECTION('',(1.,0.,-0.));
#1829 = DIRECTION('',(0.,0.,1.));
#1830 = ADVANCED_FACE('',(#1831),#1847,.F.);
#1831 = FACE_BOUND('',#1832,.F.);
#1832 = EDGE_LOOP('',(#1833,#1839,#1840,#1846));
#1833 = ORIENTED_EDGE('',*,*,#1834,.F.);
#1834 = EDGE_CURVE('',#1755,#1795,#1835,.T.);
#1835 = LINE('',#1836,#1837);
#1836 = CARTESIAN_POINT('',(0.,0.,0.));
#1837 = VECTOR('',#1838,1.);
#1838 = DIRECTION('',(1.,0.,-0.));
#1839 = ORIENTED_EDGE('',*,*,#1754,.T.);
#1840 = ORIENTED_EDGE('',*,*,#1841,.T.);
#1841 = EDGE_CURVE('',#1757,#1797,#1842,.T.);
#1842 = LINE('',#1843,#1844);
#1843 = CARTESIAN_POINT('',(0.,0.,13.));
#1844 = VECTOR('',#1845,1.);
#1845 = DIRECTION('',(1.,0.,-0.));
#1846 = ORIENTED_EDGE('',*,*,#1794,.F.);
#1847 = PLANE('',#1848);
#1848 = AXIS2_PLACEMENT_3D('',#1849,#1850,#1851);
#1849 = CARTESIAN_POINT('',(0.,0.,0.));
#1850 = DIRECTION('',(-0.,1.,0.));
#1851 = DIRECTION('',(0.,0.,1.));
#1852 = ADVANCED_FACE('',(#1853),#1869,.T.);
#1853 = FACE_BOUND('',#1854,.T.);
#1854 = EDGE_LOOP('',(#1855,#1861,#1862,#1868));
#1855 = ORIENTED_EDGE('',*,*,#1856,.F.);
#1856 = EDGE_CURVE('',#1765,#1805,#1857,.T.);
#1857 = LINE('',#1858,#1859);
#1858 = CARTESIAN_POINT('',(0.,1.5,0.));
#1859 = VECTOR('',#1860,1.);
#1860 = DIRECTION('',(1.,0.,-0.));
#1861 = ORIENTED_EDGE('',*,*,#1772,.T.);
#1862 = ORIENTED_EDGE('',*,*,#1863,.T.);
#1863 = EDGE_CURVE('',#1773,#1813,#1864,.T.);
#1864 = LINE('',#1865,#1866);
#1865 = CARTESIAN_POINT('',(0.,1.5,13.));
#1866 = VECTOR('',#1867,1.);
#1867 = DIRECTION('',(1.,0.,-0.));
#1868 = ORIENTED_EDGE('',*,*,#1812,.F.);
#1869 = PLANE('',#1870);
#1870 = AXIS2_PLACEMENT_3D('',#1871,#1872,#1873);
#1871 = CARTESIAN_POINT('',(0.,1.5,0.));
#1872 = DIRECTION('',(-0.,1.,0.));
#1873 = DIRECTION('',(0.,0.,1.));
#1874 = ADVANCED_FACE('',(#1875),#1881,.F.);
#1875 = FACE_BOUND('',#1876,.F.);
#1876 = EDGE_LOOP('',(#1877,#1878,#1879,#1880));
#1877 = ORIENTED_EDGE('',*,*,#1764,.F.);
#1878 = ORIENTED_EDGE('',*,*,#1834,.T.);
#1879 = ORIENTED_EDGE('',*,*,#1804,.T.);
#1880 = ORIENTED_EDGE('',*,*,#1856,.F.);
#1881 = PLANE('',#1882);
#1882 = AXIS2_PLACEMENT_3D('',#1883,#1884,#1885);
#1883 = CARTESIAN_POINT('',(0.,0.,0.));
#1884 = DIRECTION('',(0.,0.,1.));
#1885 = DIRECTION('',(1.,0.,-0.));
#1886 = ADVANCED_FACE('',(#1887),#1893,.T.);
#1887 = FACE_BOUND('',#1888,.T.);
#1888 = EDGE_LOOP('',(#1889,#1890,#1891,#1892));
#1889 = ORIENTED_EDGE('',*,*,#1780,.F.);
#1890 = ORIENTED_EDGE('',*,*,#1841,.T.);
#1891 = ORIENTED_EDGE('',*,*,#1820,.T.);
#1892 = ORIENTED_EDGE('',*,*,#1863,.F.);
#1893 = PLANE('',#1894);
#1894 = AXIS2_PLACEMENT_3D('',#1895,#1896,#1897);
#1895 = CARTESIAN_POINT('',(0.,0.,13.));
#1896 = DIRECTION('',(0.,0.,1.));
#1897 = DIRECTION('',(1.,0.,-0.));
#1898 = ( GEOMETRIC_REPRESENTATION_CONTEXT(3) 
GLOBAL_UNCERTAINTY_ASSIGNED_CONTEXT((#1902)) 
GLOBAL_UNIT_ASSIGNED_CONTEXT((#1899,#1900,#1901)) REPRESENTATION_CONTEXT
('Context #1','3D Context with UNIT and UNCERTAINTY') );
#1899 = ( LENGTH_UNIT() NAMED_UNIT(*) SI_UNIT(.MILLI.,.METRE.) );
#1900 = ( NAMED_UNIT(*) PLANE_ANGLE_UNIT() SI_UNIT($,.RADIAN.) );
#1901 = ( NAMED_UNIT(*) SI_UNIT($,.STERADIAN.) SOLID_ANGLE_UNIT() );
#1902 = UNCERTAINTY_MEASURE_WITH_UNIT(LENGTH_MEASURE(1.E-07),#1899,
  'distance_accuracy_value','confusion accuracy');
#1903 = CONTEXT_DEPENDENT_SHAPE_REPRESENTATION(#1904,#1906);
#1904 = ( REPRESENTATION_RELATIONSHIP('','',#1747,#10) 
REPRESENTATION_RELATIONSHIP_WITH_TRANSFORMATION(#1905) 
SHAPE_REPRESENTATION_RELATIONSHIP() );
#1905 = ITEM_DEFINED_TRANSFORMATION('','',#11,#47);
#1906 = PRODUCT_DEFINITION_SHAPE('Placement','Placement of an item',
  #1907);
#1907 = NEXT_ASSEMBLY_USAGE_OCCURRENCE('9','Cube007','',#5,#1742,$);
#1908 = PRODUCT_RELATED_PRODUCT_CATEGORY('part',$,(#1744));
#1909 = SHAPE_DEFINITION_REPRESENTATION(#1910,#1916);
#1910 = PRODUCT_DEFINITION_SHAPE('','',#1911);
#1911 = PRODUCT_DEFINITION('design','',#1912,#1915);
#1912 = PRODUCT_DEFINITION_FORMATION('','',#1913);
#1913 = PRODUCT('Cube008','Cube008','',(#1914));
#1914 = PRODUCT_CONTEXT('',#2,'mechanical');
#1915 = PRODUCT_DEFINITION_CONTEXT('part definition',#2,'design');
#1916 = ADVANCED_BREP_SHAPE_REPRESENTATION('',(#11,#1917),#2067);
#1917 = MANIFOLD_SOLID_BREP('',#1918);
#1918 = CLOSED_SHELL('',(#1919,#1959,#1999,#2021,#2043,#2055));
#1919 = ADVANCED_FACE('',(#1920),#1954,.F.);
#1920 = FACE_BOUND('',#1921,.F.);
#1921 = EDGE_LOOP('',(#1922,#1932,#1940,#1948));
#1922 = ORIENTED_EDGE('',*,*,#1923,.F.);
#1923 = EDGE_CURVE('',#1924,#1926,#1928,.T.);
#1924 = VERTEX_POINT('',#1925);
#1925 = CARTESIAN_POINT('',(0.,0.,0.));
#1926 = VERTEX_POINT('',#1927);
#1927 = CARTESIAN_POINT('',(0.,0.,13.));
#1928 = LINE('',#1929,#1930);
#1929 = CARTESIAN_POINT('',(0.,0.,0.));
#1930 = VECTOR('',#1931,1.);
#1931 = DIRECTION('',(0.,0.,1.));
#1932 = ORIENTED_EDGE('',*,*,#1933,.T.);
#1933 = EDGE_CURVE('',#1924,#1934,#1936,.T.);
#1934 = VERTEX_POINT('',#1935);
#1935 = CARTESIAN_POINT('',(0.,1.5,0.));
#1936 = LINE('',#1937,#1938);
#1937 = CARTESIAN_POINT('',(0.,0.,0.));
#1938 = VECTOR('',#1939,1.);
#1939 = DIRECTION('',(-0.,1.,0.));
#1940 = ORIENTED_EDGE('',*,*,#1941,.T.);
#1941 = EDGE_CURVE('',#1934,#1942,#1944,.T.);
#1942 = VERTEX_POINT('',#1943);
#1943 = CARTESIAN_POINT('',(0.,1.5,13.));
#1944 = LINE('',#1945,#1946);
#1945 = CARTESIAN_POINT('',(0.,1.5,0.));
#1946 = VECTOR('',#1947,1.);
#1947 = DIRECTION('',(0.,0.,1.));
#1948 = ORIENTED_EDGE('',*,*,#1949,.F.);
#1949 = EDGE_CURVE('',#1926,#1942,#1950,.T.);
#1950 = LINE('',#1951,#1952);
#1951 = CARTESIAN_POINT('',(0.,0.,13.));
#1952 = VECTOR('',#1953,1.);
#1953 = DIRECTION('',(-0.,1.,0.));
#1954 = PLANE('',#1955);
#1955 = AXIS2_PLACEMENT_3D('',#1956,#1957,#1958);
#1956 = CARTESIAN_POINT('',(0.,0.,0.));
#1957 = DIRECTION('',(1.,0.,-0.));
#1958 = DIRECTION('',(0.,0.,1.));
#1959 = ADVANCED_FACE('',(#1960),#1994,.T.);
#1960 = FACE_BOUND('',#1961,.T.);
#1961 = EDGE_LOOP('',(#1962,#1972,#1980,#1988));
#1962 = ORIENTED_EDGE('',*,*,#1963,.F.);
#1963 = EDGE_CURVE('',#1964,#1966,#1968,.T.);
#1964 = VERTEX_POINT('',#1965);
#1965 = CARTESIAN_POINT('',(32.,0.,0.));
#1966 = VERTEX_POINT('',#1967);
#1967 = CARTESIAN_POINT('',(32.,0.,13.));
#1968 = LINE('',#1969,#1970);
#1969 = CARTESIAN_POINT('',(32.,0.,0.));
#1970 = VECTOR('',#1971,1.);
#1971 = DIRECTION('',(0.,0.,1.));
#1972 = ORIENTED_EDGE('',*,*,#1973,.T.);
#1973 = EDGE_CURVE('',#1964,#1974,#1976,.T.);
#1974 = VERTEX_POINT('',#1975);
#1975 = CARTESIAN_POINT('',(32.,1.5,0.));
#1976 = LINE('',#1977,#1978);
#1977 = CARTESIAN_POINT('',(32.,0.,0.));
#1978 = VECTOR('',#1979,1.);
#1979 = DIRECTION('',(-0.,1.,0.));
#1980 = ORIENTED_EDGE('',*,*,#1981,.T.);
#1981 = EDGE_CURVE('',#1974,#1982,#1984,.T.);
#1982 = VERTEX_POINT('',#1983);
#1983 = CARTESIAN_POINT('',(32.,1.5,13.));
#1984 = LINE('',#1985,#1986);
#1985 = CARTESIAN_POINT('',(32.,1.5,0.));
#1986 = VECTOR('',#1987,1.);
#1987 = DIRECTION('',(0.,0.,1.));
#1988 = ORIENTED_EDGE('',*,*,#1989,.F.);
#1989 = EDGE_CURVE('',#1966,#1982,#1990,.T.);
#1990 = LINE('',#1991,#1992);
#1991 = CARTESIAN_POINT('',(32.,0.,13.));
#1992 = VECTOR('',#1993,1.);
#1993 = DIRECTION('',(-0.,1.,0.));
#1994 = PLANE('',#1995);
#1995 = AXIS2_PLACEMENT_3D('',#1996,#1997,#1998);
#1996 = CARTESIAN_POINT('',(32.,0.,0.));
#1997 = DIRECTION('',(1.,0.,-0.));
#1998 = DIRECTION('',(0.,0.,1.));
#1999 = ADVANCED_FACE('',(#2000),#2016,.F.);
#2000 = FACE_BOUND('',#2001,.F.);
#2001 = EDGE_LOOP('',(#2002,#2008,#2009,#2015));
#2002 = ORIENTED_EDGE('',*,*,#2003,.F.);
#2003 = EDGE_CURVE('',#1924,#1964,#2004,.T.);
#2004 = LINE('',#2005,#2006);
#2005 = CARTESIAN_POINT('',(0.,0.,0.));
#2006 = VECTOR('',#2007,1.);
#2007 = DIRECTION('',(1.,0.,-0.));
#2008 = ORIENTED_EDGE('',*,*,#1923,.T.);
#2009 = ORIENTED_EDGE('',*,*,#2010,.T.);
#2010 = EDGE_CURVE('',#1926,#1966,#2011,.T.);
#2011 = LINE('',#2012,#2013);
#2012 = CARTESIAN_POINT('',(0.,0.,13.));
#2013 = VECTOR('',#2014,1.);
#2014 = DIRECTION('',(1.,0.,-0.));
#2015 = ORIENTED_EDGE('',*,*,#1963,.F.);
#2016 = PLANE('',#2017);
#2017 = AXIS2_PLACEMENT_3D('',#2018,#2019,#2020);
#2018 = CARTESIAN_POINT('',(0.,0.,0.));
#2019 = DIRECTION('',(-0.,1.,0.));
#2020 = DIRECTION('',(0.,0.,1.));
#2021 = ADVANCED_FACE('',(#2022),#2038,.T.);
#2022 = FACE_BOUND('',#2023,.T.);
#2023 = EDGE_LOOP('',(#2024,#2030,#2031,#2037));
#2024 = ORIENTED_EDGE('',*,*,#2025,.F.);
#2025 = EDGE_CURVE('',#1934,#1974,#2026,.T.);
#2026 = LINE('',#2027,#2028);
#2027 = CARTESIAN_POINT('',(0.,1.5,0.));
#2028 = VECTOR('',#2029,1.);
#2029 = DIRECTION('',(1.,0.,-0.));
#2030 = ORIENTED_EDGE('',*,*,#1941,.T.);
#2031 = ORIENTED_EDGE('',*,*,#2032,.T.);
#2032 = EDGE_CURVE('',#1942,#1982,#2033,.T.);
#2033 = LINE('',#2034,#2035);
#2034 = CARTESIAN_POINT('',(0.,1.5,13.));
#2035 = VECTOR('',#2036,1.);
#2036 = DIRECTION('',(1.,0.,-0.));
#2037 = ORIENTED_EDGE('',*,*,#1981,.F.);
#2038 = PLANE('',#2039);
#2039 = AXIS2_PLACEMENT_3D('',#2040,#2041,#2042);
#2040 = CARTESIAN_POINT('',(0.,1.5,0.));
#2041 = DIRECTION('',(-0.,1.,0.));
#2042 = DIRECTION('',(0.,0.,1.));
#2043 = ADVANCED_FACE('',(#2044),#2050,.F.);
#2044 = FACE_BOUND('',#2045,.F.);
#2045 = EDGE_LOOP('',(#2046,#2047,#2048,#2049));
#2046 = ORIENTED_EDGE('',*,*,#1933,.F.);
#2047 = ORIENTED_EDGE('',*,*,#2003,.T.);
#2048 = ORIENTED_EDGE('',*,*,#1973,.T.);
#2049 = ORIENTED_EDGE('',*,*,#2025,.F.);
#2050 = PLANE('',#2051);
#2051 = AXIS2_PLACEMENT_3D('',#2052,#2053,#2054);
#2052 = CARTESIAN_POINT('',(0.,0.,0.));
#2053 = DIRECTION('',(0.,0.,1.));
#2054 = DIRECTION('',(1.,0.,-0.));
#2055 = ADVANCED_FACE('',(#2056),#2062,.T.);
#2056 = FACE_BOUND('',#2057,.T.);
#2057 = EDGE_LOOP('',(#2058,#2059,#2060,#2061));
#2058 = ORIENTED_EDGE('',*,*,#1949,.F.);
#2059 = ORIENTED_EDGE('',*,*,#2010,.T.);
#2060 = ORIENTED_EDGE('',*,*,#1989,.T.);
#2061 = ORIENTED_EDGE('',*,*,#2032,.F.);
#2062 = PLANE('',#2063);
#2063 = AXIS2_PLACEMENT_3D('',#2064,#2065,#2066);
#2064 = CARTESIAN_POINT('',(0.,0.,13.));
#2065 = DIRECTION('',(0.,0.,1.));
#2066 = DIRECTION('',(1.,0.,-0.));
#2067 = ( GEOMETRIC_REPRESENTATION_CONTEXT(3) 
GLOBAL_UNCERTAINTY_ASSIGNED_CONTEXT((#2071)) 
GLOBAL_UNIT_ASSIGNED_CONTEXT((#2068,#2069,#2070)) REPRESENTATION_CONTEXT
('Context #1','3D Context with UNIT and UNCERTAINTY') );
#2068 = ( LENGTH_UNIT() NAMED_UNIT(*) SI_UNIT(.MILLI.,.METRE.) );
#2069 = ( NAMED_UNIT(*) PLANE_ANGLE_UNIT() SI_UNIT($,.RADIAN.) );
#2070 = ( NAMED_UNIT(*) SI_UNIT($,.STERADIAN.) SOLID_ANGLE_UNIT() );
#2071 = UNCERTAINTY_MEASURE_WITH_UNIT(LENGTH_MEASURE(1.E-07),#2068,
  'distance_accuracy_value','confusion accuracy');
#2072 = CONTEXT_DEPENDENT_SHAPE_REPRESENTATION(#2073,#2075);
#2073 = ( REPRESENTATION_RELATIONSHIP('','',#1916,#10) 
REPRESENTATION_RELATIONSHIP_WITH_TRANSFORMATION(#2074) 
SHAPE_REPRESENTATION_RELATIONSHIP() );
#2074 = ITEM_DEFINED_TRANSFORMATION('','',#11,#51);
#2075 = PRODUCT_DEFINITION_SHAPE('Placement','Placement of an item',
  #2076);
#2076 = NEXT_ASSEMBLY_USAGE_OCCURRENCE('10','Cube008','',#5,#1911,$);
#2077 = PRODUCT_RELATED_PRODUCT_CATEGORY('part',$,(#1913));
#2078 = SHAPE_DEFINITION_REPRESENTATION(#2079,#2085);
#2079 = PRODUCT_DEFINITION_SHAPE('','',#2080);
#2080 = PRODUCT_DEFINITION('design','',#2081,#2084);
#2081 = PRODUCT_DEFINITION_FORMATION('','',#2082);
#2082 = PRODUCT('Cube009','Cube009','',(#2083));
#2083 = PRODUCT_CONTEXT('',#2,'mechanical');
#2084 = PRODUCT_DEFINITION_CONTEXT('part definition',#2,'design');
#2085 = ADVANCED_BREP_SHAPE_REPRESENTATION('',(#11,#2086),#2236);
#2086 = MANIFOLD_SOLID_BREP('',#2087);
#2087 = CLOSED_SHELL('',(#2088,#2128,#2168,#2190,#2212,#2224));
#2088 = ADVANCED_FACE('',(#2089),#2123,.F.);
#2089 = FACE_BOUND('',#2090,.F.);
#2090 = EDGE_LOOP('',(#2091,#2101,#2109,#2117));
#2091 = ORIENTED_EDGE('',*,*,#2092,.F.);
#2092 = EDGE_CURVE('',#2093,#2095,#2097,.T.);
#2093 = VERTEX_POINT('',#2094);
#2094 = CARTESIAN_POINT('',(0.,0.,0.));
#2095 = VERTEX_POINT('',#2096);
#2096 = CARTESIAN_POINT('',(0.,0.,13.));
#2097 = LINE('',#2098,#2099);
#2098 = CARTESIAN_POINT('',(0.,0.,0.));
#2099 = VECTOR('',#2100,1.);
#2100 = DIRECTION('',(0.,0.,1.));
#2101 = ORIENTED_EDGE('',*,*,#2102,.T.);
#2102 = EDGE_CURVE('',#2093,#2103,#2105,.T.);
#2103 = VERTEX_POINT('',#2104);
#2104 = CARTESIAN_POINT('',(0.,1.5,0.));
#2105 = LINE('',#2106,#2107);
#2106 = CARTESIAN_POINT('',(0.,0.,0.));
#2107 = VECTOR('',#2108,1.);
#2108 = DIRECTION('',(-0.,1.,0.));
#2109 = ORIENTED_EDGE('',*,*,#2110,.T.);
#2110 = EDGE_CURVE('',#2103,#2111,#2113,.T.);
#2111 = VERTEX_POINT('',#2112);
#2112 = CARTESIAN_POINT('',(0.,1.5,13.));
#2113 = LINE('',#2114,#2115);
#2114 = CARTESIAN_POINT('',(0.,1.5,0.));
#2115 = VECTOR('',#2116,1.);
#2116 = DIRECTION('',(0.,0.,1.));
#2117 = ORIENTED_EDGE('',*,*,#2118,.F.);
#2118 = EDGE_CURVE('',#2095,#2111,#2119,.T.);
#2119 = LINE('',#2120,#2121);
#2120 = CARTESIAN_POINT('',(0.,0.,13.));
#2121 = VECTOR('',#2122,1.);
#2122 = DIRECTION('',(-0.,1.,0.));
#2123 = PLANE('',#2124);
#2124 = AXIS2_PLACEMENT_3D('',#2125,#2126,#2127);
#2125 = CARTESIAN_POINT('',(0.,0.,0.));
#2126 = DIRECTION('',(1.,0.,-0.));
#2127 = DIRECTION('',(0.,0.,1.));
#2128 = ADVANCED_FACE('',(#2129),#2163,.T.);
#2129 = FACE_BOUND('',#2130,.T.);
#2130 = EDGE_LOOP('',(#2131,#2141,#2149,#2157));
#2131 = ORIENTED_EDGE('',*,*,#2132,.F.);
#2132 = EDGE_CURVE('',#2133,#2135,#2137,.T.);
#2133 = VERTEX_POINT('',#2134);
#2134 = CARTESIAN_POINT('',(32.,0.,0.));
#2135 = VERTEX_POINT('',#2136);
#2136 = CARTESIAN_POINT('',(32.,0.,13.));
#2137 = LINE('',#2138,#2139);
#2138 = CARTESIAN_POINT('',(32.,0.,0.));
#2139 = VECTOR('',#2140,1.);
#2140 = DIRECTION('',(0.,0.,1.));
#2141 = ORIENTED_EDGE('',*,*,#2142,.T.);
#2142 = EDGE_CURVE('',#2133,#2143,#2145,.T.);
#2143 = VERTEX_POINT('',#2144);
#2144 = CARTESIAN_POINT('',(32.,1.5,0.));
#2145 = LINE('',#2146,#2147);
#2146 = CARTESIAN_POINT('',(32.,0.,0.));
#2147 = VECTOR('',#2148,1.);
#2148 = DIRECTION('',(-0.,1.,0.));
#2149 = ORIENTED_EDGE('',*,*,#2150,.T.);
#2150 = EDGE_CURVE('',#2143,#2151,#2153,.T.);
#2151 = VERTEX_POINT('',#2152);
#2152 = CARTESIAN_POINT('',(32.,1.5,13.));
#2153 = LINE('',#2154,#2155);
#2154 = CARTESIAN_POINT('',(32.,1.5,0.));
#2155 = VECTOR('',#2156,1.);
#2156 = DIRECTION('',(0.,0.,1.));
#2157 = ORIENTED_EDGE('',*,*,#2158,.F.);
#2158 = EDGE_CURVE('',#2135,#2151,#2159,.T.);
#2159 = LINE('',#2160,#2161);
#2160 = CARTESIAN_POINT('',(32.,0.,13.));
#2161 = VECTOR('',#2162,1.);
#2162 = DIRECTION('',(-0.,1.,0.));
#2163 = PLANE('',#2164);
#2164 = AXIS2_PLACEMENT_3D('',#2165,#2166,#2167);
#2165 = CARTESIAN_POINT('',(32.,0.,0.));
#2166 = DIRECTION('',(1.,0.,-0.));
#2167 = DIRECTION('',(0.,0.,1.));
#2168 = ADVANCED_FACE('',(#2169),#2185,.F.);
#2169 = FACE_BOUND('',#2170,.F.);
#2170 = EDGE_LOOP('',(#2171,#2177,#2178,#2184));
#2171 = ORIENTED_EDGE('',*,*,#2172,.F.);
#2172 = EDGE_CURVE('',#2093,#2133,#2173,.T.);
#2173 = LINE('',#2174,#2175);
#2174 = CARTESIAN_POINT('',(0.,0.,0.));
#2175 = VECTOR('',#2176,1.);
#2176 = DIRECTION('',(1.,0.,-0.));
#2177 = ORIENTED_EDGE('',*,*,#2092,.T.);
#2178 = ORIENTED_EDGE('',*,*,#2179,.T.);
#2179 = EDGE_CURVE('',#2095,#2135,#2180,.T.);
#2180 = LINE('',#2181,#2182);
#2181 = CARTESIAN_POINT('',(0.,0.,13.));
#2182 = VECTOR('',#2183,1.);
#2183 = DIRECTION('',(1.,0.,-0.));
#2184 = ORIENTED_EDGE('',*,*,#2132,.F.);
#2185 = PLANE('',#2186);
#2186 = AXIS2_PLACEMENT_3D('',#2187,#2188,#2189);
#2187 = CARTESIAN_POINT('',(0.,0.,0.));
#2188 = DIRECTION('',(-0.,1.,0.));
#2189 = DIRECTION('',(0.,0.,1.));
#2190 = ADVANCED_FACE('',(#2191),#2207,.T.);
#2191 = FACE_BOUND('',#2192,.T.);
#2192 = EDGE_LOOP('',(#2193,#2199,#2200,#2206));
#2193 = ORIENTED_EDGE('',*,*,#2194,.F.);
#2194 = EDGE_CURVE('',#2103,#2143,#2195,.T.);
#2195 = LINE('',#2196,#2197);
#2196 = CARTESIAN_POINT('',(0.,1.5,0.));
#2197 = VECTOR('',#2198,1.);
#2198 = DIRECTION('',(1.,0.,-0.));
#2199 = ORIENTED_EDGE('',*,*,#2110,.T.);
#2200 = ORIENTED_EDGE('',*,*,#2201,.T.);
#2201 = EDGE_CURVE('',#2111,#2151,#2202,.T.);
#2202 = LINE('',#2203,#2204);
#2203 = CARTESIAN_POINT('',(0.,1.5,13.));
#2204 = VECTOR('',#2205,1.);
#2205 = DIRECTION('',(1.,0.,-0.));
#2206 = ORIENTED_EDGE('',*,*,#2150,.F.);
#2207 = PLANE('',#2208);
#2208 = AXIS2_PLACEMENT_3D('',#2209,#2210,#2211);
#2209 = CARTESIAN_POINT('',(0.,1.5,0.));
#2210 = DIRECTION('',(-0.,1.,0.));
#2211 = DIRECTION('',(0.,0.,1.));
#2212 = ADVANCED_FACE('',(#2213),#2219,.F.);
#2213 = FACE_BOUND('',#2214,.F.);
#2214 = EDGE_LOOP('',(#2215,#2216,#2217,#2218));
#2215 = ORIENTED_EDGE('',*,*,#2102,.F.);
#2216 = ORIENTED_EDGE('',*,*,#2172,.T.);
#2217 = ORIENTED_EDGE('',*,*,#2142,.T.);
#2218 = ORIENTED_EDGE('',*,*,#2194,.F.);
#2219 = PLANE('',#2220);
#2220 = AXIS2_PLACEMENT_3D('',#2221,#2222,#2223);
#2221 = CARTESIAN_POINT('',(0.,0.,0.));
#2222 = DIRECTION('',(0.,0.,1.));
#2223 = DIRECTION('',(1.,0.,-0.));
#2224 = ADVANCED_FACE('',(#2225),#2231,.T.);
#2225 = FACE_BOUND('',#2226,.T.);
#2226 = EDGE_LOOP('',(#2227,#2228,#2229,#2230));
#2227 = ORIENTED_EDGE('',*,*,#2118,.F.);
#2228 = ORIENTED_EDGE('',*,*,#2179,.T.);
#2229 = ORIENTED_EDGE('',*,*,#2158,.T.);
#2230 = ORIENTED_EDGE('',*,*,#2201,.F.);
#2231 = PLANE('',#2232);
#2232 = AXIS2_PLACEMENT_3D('',#2233,#2234,#2235);
#2233 = CARTESIAN_POINT('',(0.,0.,13.));
#2234 = DIRECTION('',(0.,0.,1.));
#2235 = DIRECTION('',(1.,0.,-0.));
#2236 = ( GEOMETRIC_REPRESENTATION_CONTEXT(3) 
GLOBAL_UNCERTAINTY_ASSIGNED_CONTEXT((#2240)) 
GLOBAL_UNIT_ASSIGNED_CONTEXT((#2237,#2238,#2239)) REPRESENTATION_CONTEXT
('Context #1','3D Context with UNIT and UNCERTAINTY') );
#2237 = ( LENGTH_UNIT() NAMED_UNIT(*) SI_UNIT(.MILLI.,.METRE.) );
#2238 = ( NAMED_UNIT(*) PLANE_ANGLE_UNIT() SI_UNIT($,.RADIAN.) );
#2239 = ( NAMED_UNIT(*) SI_UNIT($,.STERADIAN.) SOLID_ANGLE_UNIT() );
#2240 = UNCERTAINTY_MEASURE_WITH_UNIT(LENGTH_MEASURE(1.E-07),#2237,
  'distance_accuracy_value','confusion accuracy');
#2241 = CONTEXT_DEPENDENT_SHAPE_REPRESENTATION(#2242,#2244);
#2242 = ( REPRESENTATION_RELATIONSHIP('','',#2085,#10) 
REPRESENTATION_RELATIONSHIP_WITH_TRANSFORMATION(#2243) 
SHAPE_REPRESENTATION_RELATIONSHIP() );
#2243 = ITEM_DEFINED_TRANSFORMATION('','',#11,#55);
#2244 = PRODUCT_DEFINITION_SHAPE('Placement','Placement of an item',
  #2245);
#2245 = NEXT_ASSEMBLY_USAGE_OCCURRENCE('11','Cube009','',#5,#2080,$);
#2246 = PRODUCT_RELATED_PRODUCT_CATEGORY('part',$,(#2082));
#2247 = SHAPE_DEFINITION_REPRESENTATION(#2248,#2254);
#2248 = PRODUCT_DEFINITION_SHAPE('','',#2249);
#2249 = PRODUCT_DEFINITION('design','',#2250,#2253);
#2250 = PRODUCT_DEFINITION_FORMATION('','',#2251);
#2251 = PRODUCT('Cube010','Cube010','',(#2252));
#2252 = PRODUCT_CONTEXT('',#2,'mechanical');
#2253 = PRODUCT_DEFINITION_CONTEXT('part definition',#2,'design');
#2254 = ADVANCED_BREP_SHAPE_REPRESENTATION('',(#11,#2255),#2405);
#2255 = MANIFOLD_SOLID_BREP('',#2256);
#2256 = CLOSED_SHELL('',(#2257,#2297,#2337,#2359,#2381,#2393));
#2257 = ADVANCED_FACE('',(#2258),#2292,.F.);
#2258 = FACE_BOUND('',#2259,.F.);
#2259 = EDGE_LOOP('',(#2260,#2270,#2278,#2286));
#2260 = ORIENTED_EDGE('',*,*,#2261,.F.);
#2261 = EDGE_CURVE('',#2262,#2264,#2266,.T.);
#2262 = VERTEX_POINT('',#2263);
#2263 = CARTESIAN_POINT('',(0.,0.,0.));
#2264 = VERTEX_POINT('',#2265);
#2265 = CARTESIAN_POINT('',(0.,0.,13.));
#2266 = LINE('',#2267,#2268);
#2267 = CARTESIAN_POINT('',(0.,0.,0.));
#2268 = VECTOR('',#2269,1.);
#2269 = DIRECTION('',(0.,0.,1.));
#2270 = ORIENTED_EDGE('',*,*,#2271,.T.);
#2271 = EDGE_CURVE('',#2262,#2272,#2274,.T.);
#2272 = VERTEX_POINT('',#2273);
#2273 = CARTESIAN_POINT('',(0.,1.5,0.));
#2274 = LINE('',#2275,#2276);
#2275 = CARTESIAN_POINT('',(0.,0.,0.));
#2276 = VECTOR('',#2277,1.);
#2277 = DIRECTION('',(-0.,1.,0.));
#2278 = ORIENTED_EDGE('',*,*,#2279,.T.);
#2279 = EDGE_CURVE('',#2272,#2280,#2282,.T.);
#2280 = VERTEX_POINT('',#2281);
#2281 = CARTESIAN_POINT('',(0.,1.5,13.));
#2282 = LINE('',#2283,#2284);
#2283 = CARTESIAN_POINT('',(0.,1.5,0.));
#2284 = VECTOR('',#2285,1.);
#2285 = DIRECTION('',(0.,0.,1.));
#2286 = ORIENTED_EDGE('',*,*,#2287,.F.);
#2287 = EDGE_CURVE('',#2264,#2280,#2288,.T.);
#2288 = LINE('',#2289,#2290);
#2289 = CARTESIAN_POINT('',(0.,0.,13.));
#2290 = VECTOR('',#2291,1.);
#2291 = DIRECTION('',(-0.,1.,0.));
#2292 = PLANE('',#2293);
#2293 = AXIS2_PLACEMENT_3D('',#2294,#2295,#2296);
#2294 = CARTESIAN_POINT('',(0.,0.,0.));
#2295 = DIRECTION('',(1.,0.,-0.));
#2296 = DIRECTION('',(0.,0.,1.));
#2297 = ADVANCED_FACE('',(#2298),#2332,.T.);
#2298 = FACE_BOUND('',#2299,.T.);
#2299 = EDGE_LOOP('',(#2300,#2310,#2318,#2326));
#2300 = ORIENTED_EDGE('',*,*,#2301,.F.);
#2301 = EDGE_CURVE('',#2302,#2304,#2306,.T.);
#2302 = VERTEX_POINT('',#2303);
#2303 = CARTESIAN_POINT('',(32.,0.,0.));
#2304 = VERTEX_POINT('',#2305);
#2305 = CARTESIAN_POINT('',(32.,0.,13.));
#2306 = LINE('',#2307,#2308);
#2307 = CARTESIAN_POINT('',(32.,0.,0.));
#2308 = VECTOR('',#2309,1.);
#2309 = DIRECTION('',(0.,0.,1.));
#2310 = ORIENTED_EDGE('',*,*,#2311,.T.);
#2311 = EDGE_CURVE('',#2302,#2312,#2314,.T.);
#2312 = VERTEX_POINT('',#2313);
#2313 = CARTESIAN_POINT('',(32.,1.5,0.));
#2314 = LINE('',#2315,#2316);
#2315 = CARTESIAN_POINT('',(32.,0.,0.));
#2316 = VECTOR('',#2317,1.);
#2317 = DIRECTION('',(-0.,1.,0.));
#2318 = ORIENTED_EDGE('',*,*,#2319,.T.);
#2319 = EDGE_CURVE('',#2312,#2320,#2322,.T.);
#2320 = VERTEX_POINT('',#2321);
#2321 = CARTESIAN_POINT('',(32.,1.5,13.));
#2322 = LINE('',#2323,#2324);
#2323 = CARTESIAN_POINT('',(32.,1.5,0.));
#2324 = VECTOR('',#2325,1.);
#2325 = DIRECTION('',(0.,0.,1.));
#2326 = ORIENTED_EDGE('',*,*,#2327,.F.);
#2327 = EDGE_CURVE('',#2304,#2320,#2328,.T.);
#2328 = LINE('',#2329,#2330);
#2329 = CARTESIAN_POINT('',(32.,0.,13.));
#2330 = VECTOR('',#2331,1.);
#2331 = DIRECTION('',(-0.,1.,0.));
#2332 = PLANE('',#2333);
#2333 = AXIS2_PLACEMENT_3D('',#2334,#2335,#2336);
#2334 = CARTESIAN_POINT('',(32.,0.,0.));
#2335 = DIRECTION('',(1.,0.,-0.));
#2336 = DIRECTION('',(0.,0.,1.));
#2337 = ADVANCED_FACE('',(#2338),#2354,.F.);
#2338 = FACE_BOUND('',#2339,.F.);
#2339 = EDGE_LOOP('',(#2340,#2346,#2347,#2353));
#2340 = ORIENTED_EDGE('',*,*,#2341,.F.);
#2341 = EDGE_CURVE('',#2262,#2302,#2342,.T.);
#2342 = LINE('',#2343,#2344);
#2343 = CARTESIAN_POINT('',(0.,0.,0.));
#2344 = VECTOR('',#2345,1.);
#2345 = DIRECTION('',(1.,0.,-0.));
#2346 = ORIENTED_EDGE('',*,*,#2261,.T.);
#2347 = ORIENTED_EDGE('',*,*,#2348,.T.);
#2348 = EDGE_CURVE('',#2264,#2304,#2349,.T.);
#2349 = LINE('',#2350,#2351);
#2350 = CARTESIAN_POINT('',(0.,0.,13.));
#2351 = VECTOR('',#2352,1.);
#2352 = DIRECTION('',(1.,0.,-0.));
#2353 = ORIENTED_EDGE('',*,*,#2301,.F.);
#2354 = PLANE('',#2355);
#2355 = AXIS2_PLACEMENT_3D('',#2356,#2357,#2358);
#2356 = CARTESIAN_POINT('',(0.,0.,0.));
#2357 = DIRECTION('',(-0.,1.,0.));
#2358 = DIRECTION('',(0.,0.,1.));
#2359 = ADVANCED_FACE('',(#2360),#2376,.T.);
#2360 = FACE_BOUND('',#2361,.T.);
#2361 = EDGE_LOOP('',(#2362,#2368,#2369,#2375));
#2362 = ORIENTED_EDGE('',*,*,#2363,.F.);
#2363 = EDGE_CURVE('',#2272,#2312,#2364,.T.);
#2364 = LINE('',#2365,#2366);
#2365 = CARTESIAN_POINT('',(0.,1.5,0.));
#2366 = VECTOR('',#2367,1.);
#2367 = DIRECTION('',(1.,0.,-0.));
#2368 = ORIENTED_EDGE('',*,*,#2279,.T.);
#2369 = ORIENTED_EDGE('',*,*,#2370,.T.);
#2370 = EDGE_CURVE('',#2280,#2320,#2371,.T.);
#2371 = LINE('',#2372,#2373);
#2372 = CARTESIAN_POINT('',(0.,1.5,13.));
#2373 = VECTOR('',#2374,1.);
#2374 = DIRECTION('',(1.,0.,-0.));
#2375 = ORIENTED_EDGE('',*,*,#2319,.F.);
#2376 = PLANE('',#2377);
#2377 = AXIS2_PLACEMENT_3D('',#2378,#2379,#2380);
#2378 = CARTESIAN_POINT('',(0.,1.5,0.));
#2379 = DIRECTION('',(-0.,1.,0.));
#2380 = DIRECTION('',(0.,0.,1.));
#2381 = ADVANCED_FACE('',(#2382),#2388,.F.);
#2382 = FACE_BOUND('',#2383,.F.);
#2383 = EDGE_LOOP('',(#2384,#2385,#2386,#2387));
#2384 = ORIENTED_EDGE('',*,*,#2271,.F.);
#2385 = ORIENTED_EDGE('',*,*,#2341,.T.);
#2386 = ORIENTED_EDGE('',*,*,#2311,.T.);
#2387 = ORIENTED_EDGE('',*,*,#2363,.F.);
#2388 = PLANE('',#2389);
#2389 = AXIS2_PLACEMENT_3D('',#2390,#2391,#2392);
#2390 = CARTESIAN_POINT('',(0.,0.,0.));
#2391 = DIRECTION('',(0.,0.,1.));
#2392 = DIRECTION('',(1.,0.,-0.));
#2393 = ADVANCED_FACE('',(#2394),#2400,.T.);
#2394 = FACE_BOUND('',#2395,.T.);
#2395 = EDGE_LOOP('',(#2396,#2397,#2398,#2399));
#2396 = ORIENTED_EDGE('',*,*,#2287,.F.);
#2397 = ORIENTED_EDGE('',*,*,#2348,.T.);
#2398 = ORIENTED_EDGE('',*,*,#2327,.T.);
#2399 = ORIENTED_EDGE('',*,*,#2370,.F.);
#2400 = PLANE('',#2401);
#2401 = AXIS2_PLACEMENT_3D('',#2402,#2403,#2404);
#2402 = CARTESIAN_POINT('',(0.,0.,13.));
#2403 = DIRECTION('',(0.,0.,1.));
#2404 = DIRECTION('',(1.,0.,-0.));
#2405 = ( GEOMETRIC_REPRESENTATION_CONTEXT(3) 
GLOBAL_UNCERTAINTY_ASSIGNED_CONTEXT((#2409)) 
GLOBAL_UNIT_ASSIGNED_CONTEXT((#2406,#2407,#2408)) REPRESENTATION_CONTEXT
('Context #1','3D Context with UNIT and UNCERTAINTY') );
#2406 = ( LENGTH_UNIT() NAMED_UNIT(*) SI_UNIT(.MILLI.,.METRE.) );
#2407 = ( NAMED_UNIT(*) PLANE_ANGLE_UNIT() SI_UNIT($,.RADIAN.) );
#2408 = ( NAMED_UNIT(*) SI_UNIT($,.STERADIAN.) SOLID_ANGLE_UNIT() );
#2409 = UNCERTAINTY_MEASURE_WITH_UNIT(LENGTH_MEASURE(1.E-07),#2406,
  'distance_accuracy_value','confusion accuracy');
#2410 = CONTEXT_DEPENDENT_SHAPE_REPRESENTATION(#2411,#2413);
#2411 = ( REPRESENTATION_RELATIONSHIP('','',#2254,#10) 
REPRESENTATION_RELATIONSHIP_WITH_TRANSFORMATION(#2412) 
SHAPE_REPRESENTATION_RELATIONSHIP() );
#2412 = ITEM_DEFINED_TRANSFORMATION('','',#11,#59);
#2413 = PRODUCT_DEFINITION_SHAPE('Placement','Placement of an item',
  #2414);
#2414 = NEXT_ASSEMBLY_USAGE_OCCURRENCE('12','Cube010','',#5,#2249,$);
#2415 = PRODUCT_RELATED_PRODUCT_CATEGORY('part',$,(#2251));
#2416 = SHAPE_DEFINITION_REPRESENTATION(#2417,#2423);
#2417 = PRODUCT_DEFINITION_SHAPE('','',#2418);
#2418 = PRODUCT_DEFINITION('design','',#2419,#2422);
#2419 = PRODUCT_DEFINITION_FORMATION('','',#2420);
#2420 = PRODUCT('Cube011','Cube011','',(#2421));
#2421 = PRODUCT_CONTEXT('',#2,'mechanical');
#2422 = PRODUCT_DEFINITION_CONTEXT('part definition',#2,'design');
#2423 = ADVANCED_BREP_SHAPE_REPRESENTATION('',(#11,#2424),#2574);
#2424 = MANIFOLD_SOLID_BREP('',#2425);
#2425 = CLOSED_SHELL('',(#2426,#2466,#2506,#2528,#2550,#2562));
#2426 = ADVANCED_FACE('',(#2427),#2461,.F.);
#2427 = FACE_BOUND('',#2428,.F.);
#2428 = EDGE_LOOP('',(#2429,#2439,#2447,#2455));
#2429 = ORIENTED_EDGE('',*,*,#2430,.F.);
#2430 = EDGE_CURVE('',#2431,#2433,#2435,.T.);
#2431 = VERTEX_POINT('',#2432);
#2432 = CARTESIAN_POINT('',(0.,0.,0.));
#2433 = VERTEX_POINT('',#2434);
#2434 = CARTESIAN_POINT('',(0.,0.,13.));
#2435 = LINE('',#2436,#2437);
#2436 = CARTESIAN_POINT('',(0.,0.,0.));
#2437 = VECTOR('',#2438,1.);
#2438 = DIRECTION('',(0.,0.,1.));
#2439 = ORIENTED_EDGE('',*,*,#2440,.T.);
#2440 = EDGE_CURVE('',#2431,#2441,#2443,.T.);
#2441 = VERTEX_POINT('',#2442);
#2442 = CARTESIAN_POINT('',(0.,1.5,0.));
#2443 = LINE('',#2444,#2445);
#2444 = CARTESIAN_POINT('',(0.,0.,0.));
#2445 = VECTOR('',#2446,1.);
#2446 = DIRECTION('',(-0.,1.,0.));
#2447 = ORIENTED_EDGE('',*,*,#2448,.T.);
#2448 = EDGE_CURVE('',#2441,#2449,#2451,.T.);
#2449 = VERTEX_POINT('',#2450);
#2450 = CARTESIAN_POINT('',(0.,1.5,13.));
#2451 = LINE('',#2452,#2453);
#2452 = CARTESIAN_POINT('',(0.,1.5,0.));
#2453 = VECTOR('',#2454,1.);
#2454 = DIRECTION('',(0.,0.,1.));
#2455 = ORIENTED_EDGE('',*,*,#2456,.F.);
#2456 = EDGE_CURVE('',#2433,#2449,#2457,.T.);
#2457 = LINE('',#2458,#2459);
#2458 = CARTESIAN_POINT('',(0.,0.,13.));
#2459 = VECTOR('',#2460,1.);
#2460 = DIRECTION('',(-0.,1.,0.));
#2461 = PLANE('',#2462);
#2462 = AXIS2_PLACEMENT_3D('',#2463,#2464,#2465);
#2463 = CARTESIAN_POINT('',(0.,0.,0.));
#2464 = DIRECTION('',(1.,0.,-0.));
#2465 = DIRECTION('',(0.,0.,1.));
#2466 = ADVANCED_FACE('',(#2467),#2501,.T.);
#2467 = FACE_BOUND('',#2468,.T.);
#2468 = EDGE_LOOP('',(#2469,#2479,#2487,#2495));
#2469 = ORIENTED_EDGE('',*,*,#2470,.F.);
#2470 = EDGE_CURVE('',#2471,#2473,#2475,.T.);
#2471 = VERTEX_POINT('',#2472);
#2472 = CARTESIAN_POINT('',(32.,0.,0.));
#2473 = VERTEX_POINT('',#2474);
#2474 = CARTESIAN_POINT('',(32.,0.,13.));
#2475 = LINE('',#2476,#2477);
#2476 = CARTESIAN_POINT('',(32.,0.,0.));
#2477 = VECTOR('',#2478,1.);
#2478 = DIRECTION('',(0.,0.,1.));
#2479 = ORIENTED_EDGE('',*,*,#2480,.T.);
#2480 = EDGE_CURVE('',#2471,#2481,#2483,.T.);
#2481 = VERTEX_POINT('',#2482);
#2482 = CARTESIAN_POINT('',(32.,1.5,0.));
#2483 = LINE('',#2484,#2485);
#2484 = CARTESIAN_POINT('',(32.,0.,0.));
#2485 = VECTOR('',#2486,1.);
#2486 = DIRECTION('',(-0.,1.,0.));
#2487 = ORIENTED_EDGE('',*,*,#2488,.T.);
#2488 = EDGE_CURVE('',#2481,#2489,#2491,.T.);
#2489 = VERTEX_POINT('',#2490);
#2490 = CARTESIAN_POINT('',(32.,1.5,13.));
#2491 = LINE('',#2492,#2493);
#2492 = CARTESIAN_POINT('',(32.,1.5,0.));
#2493 = VECTOR('',#2494,1.);
#2494 = DIRECTION('',(0.,0.,1.));
#2495 = ORIENTED_EDGE('',*,*,#2496,.F.);
#2496 = EDGE_CURVE('',#2473,#2489,#2497,.T.);
#2497 = LINE('',#2498,#2499);
#2498 = CARTESIAN_POINT('',(32.,0.,13.));
#2499 = VECTOR('',#2500,1.);
#2500 = DIRECTION('',(-0.,1.,0.));
#2501 = PLANE('',#2502);
#2502 = AXIS2_PLACEMENT_3D('',#2503,#2504,#2505);
#2503 = CARTESIAN_POINT('',(32.,0.,0.));
#2504 = DIRECTION('',(1.,0.,-0.));
#2505 = DIRECTION('',(0.,0.,1.));
#2506 = ADVANCED_FACE('',(#2507),#2523,.F.);
#2507 = FACE_BOUND('',#2508,.F.);
#2508 = EDGE_LOOP('',(#2509,#2515,#2516,#2522));
#2509 = ORIENTED_EDGE('',*,*,#2510,.F.);
#2510 = EDGE_CURVE('',#2431,#2471,#2511,.T.);
#2511 = LINE('',#2512,#2513);
#2512 = CARTESIAN_POINT('',(0.,0.,0.));
#2513 = VECTOR('',#2514,1.);
#2514 = DIRECTION('',(1.,0.,-0.));
#2515 = ORIENTED_EDGE('',*,*,#2430,.T.);
#2516 = ORIENTED_EDGE('',*,*,#2517,.T.);
#2517 = EDGE_CURVE('',#2433,#2473,#2518,.T.);
#2518 = LINE('',#2519,#2520);
#2519 = CARTESIAN_POINT('',(0.,0.,13.));
#2520 = VECTOR('',#2521,1.);
#2521 = DIRECTION('',(1.,0.,-0.));
#2522 = ORIENTED_EDGE('',*,*,#2470,.F.);
#2523 = PLANE('',#2524);
#2524 = AXIS2_PLACEMENT_3D('',#2525,#2526,#2527);
#2525 = CARTESIAN_POINT('',(0.,0.,0.));
#2526 = DIRECTION('',(-0.,1.,0.));
#2527 = DIRECTION('',(0.,0.,1.));
#2528 = ADVANCED_FACE('',(#2529),#2545,.T.);
#2529 = FACE_BOUND('',#2530,.T.);
#2530 = EDGE_LOOP('',(#2531,#2537,#2538,#2544));
#2531 = ORIENTED_EDGE('',*,*,#2532,.F.);
#2532 = EDGE_CURVE('',#2441,#2481,#2533,.T.);
#2533 = LINE('',#2534,#2535);
#2534 = CARTESIAN_POINT('',(0.,1.5,0.));
#2535 = VECTOR('',#2536,1.);
#2536 = DIRECTION('',(1.,0.,-0.));
#2537 = ORIENTED_EDGE('',*,*,#2448,.T.);
#2538 = ORIENTED_EDGE('',*,*,#2539,.T.);
#2539 = EDGE_CURVE('',#2449,#2489,#2540,.T.);
#2540 = LINE('',#2541,#2542);
#2541 = CARTESIAN_POINT('',(0.,1.5,13.));
#2542 = VECTOR('',#2543,1.);
#2543 = DIRECTION('',(1.,0.,-0.));
#2544 = ORIENTED_EDGE('',*,*,#2488,.F.);
#2545 = PLANE('',#2546);
#2546 = AXIS2_PLACEMENT_3D('',#2547,#2548,#2549);
#2547 = CARTESIAN_POINT('',(0.,1.5,0.));
#2548 = DIRECTION('',(-0.,1.,0.));
#2549 = DIRECTION('',(0.,0.,1.));
#2550 = ADVANCED_FACE('',(#2551),#2557,.F.);
#2551 = FACE_BOUND('',#2552,.F.);
#2552 = EDGE_LOOP('',(#2553,#2554,#2555,#2556));
#2553 = ORIENTED_EDGE('',*,*,#2440,.F.);
#2554 = ORIENTED_EDGE('',*,*,#2510,.T.);
#2555 = ORIENTED_EDGE('',*,*,#2480,.T.);
#2556 = ORIENTED_EDGE('',*,*,#2532,.F.);
#2557 = PLANE('',#2558);
#2558 = AXIS2_PLACEMENT_3D('',#2559,#2560,#2561);
#2559 = CARTESIAN_POINT('',(0.,0.,0.));
#2560 = DIRECTION('',(0.,0.,1.));
#2561 = DIRECTION('',(1.,0.,-0.));
#2562 = ADVANCED_FACE('',(#2563),#2569,.T.);
#2563 = FACE_BOUND('',#2564,.T.);
#2564 = EDGE_LOOP('',(#2565,#2566,#2567,#2568));
#2565 = ORIENTED_EDGE('',*,*,#2456,.F.);
#2566 = ORIENTED_EDGE('',*,*,#2517,.T.);
#2567 = ORIENTED_EDGE('',*,*,#2496,.T.);
#2568 = ORIENTED_EDGE('',*,*,#2539,.F.);
#2569 = PLANE('',#2570);
#2570 = AXIS2_PLACEMENT_3D('',#2571,#2572,#2573);
#2571 = CARTESIAN_POINT('',(0.,0.,13.));
#2572 = DIRECTION('',(0.,0.,1.));
#2573 = DIRECTION('',(1.,0.,-0.));
#2574 = ( GEOMETRIC_REPRESENTATION_CONTEXT(3) 
GLOBAL_UNCERTAINTY_ASSIGNED_CONTEXT((#2578)) 
GLOBAL_UNIT_ASSIGNED_CONTEXT((#2575,#2576,#2577)) REPRESENTATION_CONTEXT
('Context #1','3D Context with UNIT and UNCERTAINTY') );
#2575 = ( LENGTH_UNIT() NAMED_UNIT(*) SI_UNIT(.MILLI.,.METRE.) );
#2576 = ( NAMED_UNIT(*) PLANE_ANGLE_UNIT() SI_UNIT($,.RADIAN.) );
#2577 = ( NAMED_UNIT(*) SI_UNIT($,.STERADIAN.) SOLID_ANGLE_UNIT() );
#2578 = UNCERTAINTY_MEASURE_WITH_UNIT(LENGTH_MEASURE(1.E-07),#2575,
  'distance_accuracy_value','confusion accuracy');
#2579 = CONTEXT_DEPENDENT_SHAPE_REPRESENTATION(#2580,#2582);
#2580 = ( REPRESENTATION_RELATIONSHIP('','',#2423,#10) 
REPRESENTATION_RELATIONSHIP_WITH_TRANSFORMATION(#2581) 
SHAPE_REPRESENTATION_RELATIONSHIP() );
#2581 = ITEM_DEFINED_TRANSFORMATION('','',#11,#63);
#2582 = PRODUCT_DEFINITION_SHAPE('Placement','Placement of an item',
  #2583);
#2583 = NEXT_ASSEMBLY_USAGE_OCCURRENCE('13','Cube011','',#5,#2418,$);
#2584 = PRODUCT_RELATED_PRODUCT_CATEGORY('part',$,(#2420));
#2585 = SHAPE_DEFINITION_REPRESENTATION(#2586,#2592);
#2586 = PRODUCT_DEFINITION_SHAPE('','',#2587);
#2587 = PRODUCT_DEFINITION('design','',#2588,#2591);
#2588 = PRODUCT_DEFINITION_FORMATION('','',#2589);
#2589 = PRODUCT('Cube012','Cube012','',(#2590));
#2590 = PRODUCT_CONTEXT('',#2,'mechanical');
#2591 = PRODUCT_DEFINITION_CONTEXT('part definition',#2,'design');
#2592 = ADVANCED_BREP_SHAPE_REPRESENTATION('',(#11,#2593),#2743);
#2593 = MANIFOLD_SOLID_BREP('',#2594);
#2594 = CLOSED_SHELL('',(#2595,#2635,#2675,#2697,#2719,#2731));
#2595 = ADVANCED_FACE('',(#2596),#2630,.F.);
#2596 = FACE_BOUND('',#2597,.F.);
#2597 = EDGE_LOOP('',(#2598,#2608,#2616,#2624));
#2598 = ORIENTED_EDGE('',*,*,#2599,.F.);
#2599 = EDGE_CURVE('',#2600,#2602,#2604,.T.);
#2600 = VERTEX_POINT('',#2601);
#2601 = CARTESIAN_POINT('',(0.,0.,0.));
#2602 = VERTEX_POINT('',#2603);
#2603 = CARTESIAN_POINT('',(0.,0.,13.));
#2604 = LINE('',#2605,#2606);
#2605 = CARTESIAN_POINT('',(0.,0.,0.));
#2606 = VECTOR('',#2607,1.);
#2607 = DIRECTION('',(0.,0.,1.));
#2608 = ORIENTED_EDGE('',*,*,#2609,.T.);
#2609 = EDGE_CURVE('',#2600,#2610,#2612,.T.);
#2610 = VERTEX_POINT('',#2611);
#2611 = CARTESIAN_POINT('',(0.,1.5,0.));
#2612 = LINE('',#2613,#2614);
#2613 = CARTESIAN_POINT('',(0.,0.,0.));
#2614 = VECTOR('',#2615,1.);
#2615 = DIRECTION('',(-0.,1.,0.));
#2616 = ORIENTED_EDGE('',*,*,#2617,.T.);
#2617 = EDGE_CURVE('',#2610,#2618,#2620,.T.);
#2618 = VERTEX_POINT('',#2619);
#2619 = CARTESIAN_POINT('',(0.,1.5,13.));
#2620 = LINE('',#2621,#2622);
#2621 = CARTESIAN_POINT('',(0.,1.5,0.));
#2622 = VECTOR('',#2623,1.);
#2623 = DIRECTION('',(0.,0.,1.));
#2624 = ORIENTED_EDGE('',*,*,#2625,.F.);
#2625 = EDGE_CURVE('',#2602,#2618,#2626,.T.);
#2626 = LINE('',#2627,#2628);
#2627 = CARTESIAN_POINT('',(0.,0.,13.));
#2628 = VECTOR('',#2629,1.);
#2629 = DIRECTION('',(-0.,1.,0.));
#2630 = PLANE('',#2631);
#2631 = AXIS2_PLACEMENT_3D('',#2632,#2633,#2634);
#2632 = CARTESIAN_POINT('',(0.,0.,0.));
#2633 = DIRECTION('',(1.,0.,-0.));
#2634 = DIRECTION('',(0.,0.,1.));
#2635 = ADVANCED_FACE('',(#2636),#2670,.T.);
#2636 = FACE_BOUND('',#2637,.T.);
#2637 = EDGE_LOOP('',(#2638,#2648,#2656,#2664));
#2638 = ORIENTED_EDGE('',*,*,#2639,.F.);
#2639 = EDGE_CURVE('',#2640,#2642,#2644,.T.);
#2640 = VERTEX_POINT('',#2641);
#2641 = CARTESIAN_POINT('',(32.,0.,0.));
#2642 = VERTEX_POINT('',#2643);
#2643 = CARTESIAN_POINT('',(32.,0.,13.));
#2644 = LINE('',#2645,#2646);
#2645 = CARTESIAN_POINT('',(32.,0.,0.));
#2646 = VECTOR('',#2647,1.);
#2647 = DIRECTION('',(0.,0.,1.));
#2648 = ORIENTED_EDGE('',*,*,#2649,.T.);
#2649 = EDGE_CURVE('',#2640,#2650,#2652,.T.);
#2650 = VERTEX_POINT('',#2651);
#2651 = CARTESIAN_POINT('',(32.,1.5,0.));
#2652 = LINE('',#2653,#2654);
#2653 = CARTESIAN_POINT('',(32.,0.,0.));
#2654 = VECTOR('',#2655,1.);
#2655 = DIRECTION('',(-0.,1.,0.));
#2656 = ORIENTED_EDGE('',*,*,#2657,.T.);
#2657 = EDGE_CURVE('',#2650,#2658,#2660,.T.);
#2658 = VERTEX_POINT('',#2659);
#2659 = CARTESIAN_POINT('',(32.,1.5,13.));
#2660 = LINE('',#2661,#2662);
#2661 = CARTESIAN_POINT('',(32.,1.5,0.));
#2662 = VECTOR('',#2663,1.);
#2663 = DIRECTION('',(0.,0.,1.));
#2664 = ORIENTED_EDGE('',*,*,#2665,.F.);
#2665 = EDGE_CURVE('',#2642,#2658,#2666,.T.);
#2666 = LINE('',#2667,#2668);
#2667 = CARTESIAN_POINT('',(32.,0.,13.));
#2668 = VECTOR('',#2669,1.);
#2669 = DIRECTION('',(-0.,1.,0.));
#2670 = PLANE('',#2671);
#2671 = AXIS2_PLACEMENT_3D('',#2672,#2673,#2674);
#2672 = CARTESIAN_POINT('',(32.,0.,0.));
#2673 = DIRECTION('',(1.,0.,-0.));
#2674 = DIRECTION('',(0.,0.,1.));
#2675 = ADVANCED_FACE('',(#2676),#2692,.F.);
#2676 = FACE_BOUND('',#2677,.F.);
#2677 = EDGE_LOOP('',(#2678,#2684,#2685,#2691));
#2678 = ORIENTED_EDGE('',*,*,#2679,.F.);
#2679 = EDGE_CURVE('',#2600,#2640,#2680,.T.);
#2680 = LINE('',#2681,#2682);
#2681 = CARTESIAN_POINT('',(0.,0.,0.));
#2682 = VECTOR('',#2683,1.);
#2683 = DIRECTION('',(1.,0.,-0.));
#2684 = ORIENTED_EDGE('',*,*,#2599,.T.);
#2685 = ORIENTED_EDGE('',*,*,#2686,.T.);
#2686 = EDGE_CURVE('',#2602,#2642,#2687,.T.);
#2687 = LINE('',#2688,#2689);
#2688 = CARTESIAN_POINT('',(0.,0.,13.));
#2689 = VECTOR('',#2690,1.);
#2690 = DIRECTION('',(1.,0.,-0.));
#2691 = ORIENTED_EDGE('',*,*,#2639,.F.);
#2692 = PLANE('',#2693);
#2693 = AXIS2_PLACEMENT_3D('',#2694,#2695,#2696);
#2694 = CARTESIAN_POINT('',(0.,0.,0.));
#2695 = DIRECTION('',(-0.,1.,0.));
#2696 = DIRECTION('',(0.,0.,1.));
#2697 = ADVANCED_FACE('',(#2698),#2714,.T.);
#2698 = FACE_BOUND('',#2699,.T.);
#2699 = EDGE_LOOP('',(#2700,#2706,#2707,#2713));
#2700 = ORIENTED_EDGE('',*,*,#2701,.F.);
#2701 = EDGE_CURVE('',#2610,#2650,#2702,.T.);
#2702 = LINE('',#2703,#2704);
#2703 = CARTESIAN_POINT('',(0.,1.5,0.));
#2704 = VECTOR('',#2705,1.);
#2705 = DIRECTION('',(1.,0.,-0.));
#2706 = ORIENTED_EDGE('',*,*,#2617,.T.);
#2707 = ORIENTED_EDGE('',*,*,#2708,.T.);
#2708 = EDGE_CURVE('',#2618,#2658,#2709,.T.);
#2709 = LINE('',#2710,#2711);
#2710 = CARTESIAN_POINT('',(0.,1.5,13.));
#2711 = VECTOR('',#2712,1.);
#2712 = DIRECTION('',(1.,0.,-0.));
#2713 = ORIENTED_EDGE('',*,*,#2657,.F.);
#2714 = PLANE('',#2715);
#2715 = AXIS2_PLACEMENT_3D('',#2716,#2717,#2718);
#2716 = CARTESIAN_POINT('',(0.,1.5,0.));
#2717 = DIRECTION('',(-0.,1.,0.));
#2718 = DIRECTION('',(0.,0.,1.));
#2719 = ADVANCED_FACE('',(#2720),#2726,.F.);
#2720 = FACE_BOUND('',#2721,.F.);
#2721 = EDGE_LOOP('',(#2722,#2723,#2724,#2725));
#2722 = ORIENTED_EDGE('',*,*,#2609,.F.);
#2723 = ORIENTED_EDGE('',*,*,#2679,.T.);
#2724 = ORIENTED_EDGE('',*,*,#2649,.T.);
#2725 = ORIENTED_EDGE('',*,*,#2701,.F.);
#2726 = PLANE('',#2727);
#2727 = AXIS2_PLACEMENT_3D('',#2728,#2729,#2730);
#2728 = CARTESIAN_POINT('',(0.,0.,0.));
#2729 = DIRECTION('',(0.,0.,1.));
#2730 = DIRECTION('',(1.,0.,-0.));
#2731 = ADVANCED_FACE('',(#2732),#2738,.T.);
#2732 = FACE_BOUND('',#2733,.T.);
#2733 = EDGE_LOOP('',(#2734,#2735,#2736,#2737));
#2734 = ORIENTED_EDGE('',*,*,#2625,.F.);
#2735 = ORIENTED_EDGE('',*,*,#2686,.T.);
#2736 = ORIENTED_EDGE('',*,*,#2665,.T.);
#2737 = ORIENTED_EDGE('',*,*,#2708,.F.);
#2738 = PLANE('',#2739);
#2739 = AXIS2_PLACEMENT_3D('',#2740,#2741,#2742);
#2740 = CARTESIAN_POINT('',(0.,0.,13.));
#2741 = DIRECTION('',(0.,0.,1.));
#2742 = DIRECTION('',(1.,0.,-0.));
#2743 = ( GEOMETRIC_REPRESENTATION_CONTEXT(3) 
GLOBAL_UNCERTAINTY_ASSIGNED_CONTEXT((#2747)) 
GLOBAL_UNIT_ASSIGNED_CONTEXT((#2744,#2745,#2746)) REPRESENTATION_CONTEXT
('Context #1','3D Context with UNIT and UNCERTAINTY') );
#2744 = ( LENGTH_UNIT() NAMED_UNIT(*) SI_UNIT(.MILLI.,.METRE.) );
#2745 = ( NAMED_UNIT(*) PLANE_ANGLE_UNIT() SI_UNIT($,.RADIAN.) );
#2746 = ( NAMED_UNIT(*) SI_UNIT($,.STERADIAN.) SOLID_ANGLE_UNIT() );
#2747 = UNCERTAINTY_MEASURE_WITH_UNIT(LENGTH_MEASURE(1.E-07),#2744,
  'distance_accuracy_value','confusion accuracy');
#2748 = CONTEXT_DEPENDENT_SHAPE_REPRESENTATION(#2749,#2751);
#2749 = ( REPRESENTATION_RELATIONSHIP('','',#2592,#10) 
REPRESENTATION_RELATIONSHIP_WITH_TRANSFORMATION(#2750) 
SHAPE_REPRESENTATION_RELATIONSHIP() );
#2750 = ITEM_DEFINED_TRANSFORMATION('','',#11,#67);
#2751 = PRODUCT_DEFINITION_SHAPE('Placement','Placement of an item',
  #2752);
#2752 = NEXT_ASSEMBLY_USAGE_OCCURRENCE('14','Cube012','',#5,#2587,$);
#2753 = PRODUCT_RELATED_PRODUCT_CATEGORY('part',$,(#2589));
#2754 = SHAPE_DEFINITION_REPRESENTATION(#2755,#2761);
#2755 = PRODUCT_DEFINITION_SHAPE('','',#2756);
#2756 = PRODUCT_DEFINITION('design','',#2757,#2760);
#2757 = PRODUCT_DEFINITION_FORMATION('','',#2758);
#2758 = PRODUCT('Cylinder005','Cylinder005','',(#2759));
#2759 = PRODUCT_CONTEXT('',#2,'mechanical');
#2760 = PRODUCT_DEFINITION_CONTEXT('part definition',#2,'design');
#2761 = ADVANCED_BREP_SHAPE_REPRESENTATION('',(#11,#2762),#2815);
#2762 = MANIFOLD_SOLID_BREP('',#2763);
#2763 = CLOSED_SHELL('',(#2764,#2797,#2806));
#2764 = ADVANCED_FACE('',(#2765),#2792,.T.);
#2765 = FACE_BOUND('',#2766,.F.);
#2766 = EDGE_LOOP('',(#2767,#2777,#2784,#2785));
#2767 = ORIENTED_EDGE('',*,*,#2768,.T.);
#2768 = EDGE_CURVE('',#2769,#2771,#2773,.T.);
#2769 = VERTEX_POINT('',#2770);
#2770 = CARTESIAN_POINT('',(2.5,-1.E-15,0.));
#2771 = VERTEX_POINT('',#2772);
#2772 = CARTESIAN_POINT('',(2.5,-1.E-15,6.));
#2773 = LINE('',#2774,#2775);
#2774 = CARTESIAN_POINT('',(2.5,-6.1E-16,0.));
#2775 = VECTOR('',#2776,1.);
#2776 = DIRECTION('',(0.,0.,1.));
#2777 = ORIENTED_EDGE('',*,*,#2778,.T.);
#2778 = EDGE_CURVE('',#2771,#2771,#2779,.T.);
#2779 = CIRCLE('',#2780,2.5);
#2780 = AXIS2_PLACEMENT_3D('',#2781,#2782,#2783);
#2781 = CARTESIAN_POINT('',(0.,0.,6.));
#2782 = DIRECTION('',(0.,0.,1.));
#2783 = DIRECTION('',(1.,0.,0.));
#2784 = ORIENTED_EDGE('',*,*,#2768,.F.);
#2785 = ORIENTED_EDGE('',*,*,#2786,.F.);
#2786 = EDGE_CURVE('',#2769,#2769,#2787,.T.);
#2787 = CIRCLE('',#2788,2.5);
#2788 = AXIS2_PLACEMENT_3D('',#2789,#2790,#2791);
#2789 = CARTESIAN_POINT('',(0.,0.,0.));
#2790 = DIRECTION('',(0.,0.,1.));
#2791 = DIRECTION('',(1.,0.,-0.));
#2792 = CYLINDRICAL_SURFACE('',#2793,2.5);
#2793 = AXIS2_PLACEMENT_3D('',#2794,#2795,#2796);
#2794 = CARTESIAN_POINT('',(0.,0.,0.));
#2795 = DIRECTION('',(-0.,-0.,-1.));
#2796 = DIRECTION('',(1.,0.,-0.));
#2797 = ADVANCED_FACE('',(#2798),#2801,.F.);
#2798 = FACE_BOUND('',#2799,.T.);
#2799 = EDGE_LOOP('',(#2800));
#2800 = ORIENTED_EDGE('',*,*,#2786,.F.);
#2801 = PLANE('',#2802);
#2802 = AXIS2_PLACEMENT_3D('',#2803,#2804,#2805);
#2803 = CARTESIAN_POINT('',(0.,0.,0.));
#2804 = DIRECTION('',(0.,0.,1.));
#2805 = DIRECTION('',(1.,0.,-0.));
#2806 = ADVANCED_FACE('',(#2807),#2810,.T.);
#2807 = FACE_BOUND('',#2808,.F.);
#2808 = EDGE_LOOP('',(#2809));
#2809 = ORIENTED_EDGE('',*,*,#2778,.F.);
#2810 = PLANE('',#2811);
#2811 = AXIS2_PLACEMENT_3D('',#2812,#2813,#2814);
#2812 = CARTESIAN_POINT('',(0.,0.,6.));
#2813 = DIRECTION('',(0.,0.,1.));
#2814 = DIRECTION('',(1.,0.,0.));
#2815 = ( GEOMETRIC_REPRESENTATION_CONTEXT(3) 
GLOBAL_UNCERTAINTY_ASSIGNED_CONTEXT((#2819)) 
GLOBAL_UNIT_ASSIGNED_CONTEXT((#2816,#2817,#2818)) REPRESENTATION_CONTEXT
('Context #1','3D Context with UNIT and UNCERTAINTY') );
#2816 = ( LENGTH_UNIT() NAMED_UNIT(*) SI_UNIT(.MILLI.,.METRE.) );
#2817 = ( NAMED_UNIT(*) PLANE_ANGLE_UNIT() SI_UNIT($,.RADIAN.) );
#2818 = ( NAMED_UNIT(*) SI_UNIT($,.STERADIAN.) SOLID_ANGLE_UNIT() );
#2819 = UNCERTAINTY_MEASURE_WITH_UNIT(LENGTH_MEASURE(1.E-07),#2816,
  'distance_accuracy_value','confusion accuracy');
#2820 = CONTEXT_DEPENDENT_SHAPE_REPRESENTATION(#2821,#2823);
#2821 = ( REPRESENTATION_RELATIONSHIP('','',#2761,#10) 
REPRESENTATION_RELATIONSHIP_WITH_TRANSFORMATION(#2822) 
SHAPE_REPRESENTATION_RELATIONSHIP() );
#2822 = ITEM_DEFINED_TRANSFORMATION('','',#11,#71);
#2823 = PRODUCT_DEFINITION_SHAPE('Placement','Placement of an item',
  #2824);
#2824 = NEXT_ASSEMBLY_USAGE_OCCURRENCE('15','Cylinder005','',#5,#2756,$
  );
#2825 = PRODUCT_RELATED_PRODUCT_CATEGORY('part',$,(#2758));
#2826 = SHAPE_DEFINITION_REPRESENTATION(#2827,#2833);
#2827 = PRODUCT_DEFINITION_SHAPE('','',#2828);
#2828 = PRODUCT_DEFINITION('design','',#2829,#2832);
#2829 = PRODUCT_DEFINITION_FORMATION('','',#2830);
#2830 = PRODUCT('Cylinder006','Cylinder006','',(#2831));
#2831 = PRODUCT_CONTEXT('',#2,'mechanical');
#2832 = PRODUCT_DEFINITION_CONTEXT('part definition',#2,'design');
#2833 = ADVANCED_BREP_SHAPE_REPRESENTATION('',(#11,#2834),#2887);
#2834 = MANIFOLD_SOLID_BREP('',#2835);
#2835 = CLOSED_SHELL('',(#2836,#2869,#2878));
#2836 = ADVANCED_FACE('',(#2837),#2864,.T.);
#2837 = FACE_BOUND('',#2838,.F.);
#2838 = EDGE_LOOP('',(#2839,#2849,#2856,#2857));
#2839 = ORIENTED_EDGE('',*,*,#2840,.T.);
#2840 = EDGE_CURVE('',#2841,#2843,#2845,.T.);
#2841 = VERTEX_POINT('',#2842);
#2842 = CARTESIAN_POINT('',(2.5,-1.E-15,0.));
#2843 = VERTEX_POINT('',#2844);
#2844 = CARTESIAN_POINT('',(2.5,-1.E-15,6.));
#2845 = LINE('',#2846,#2847);
#2846 = CARTESIAN_POINT('',(2.5,-6.1E-16,0.));
#2847 = VECTOR('',#2848,1.);
#2848 = DIRECTION('',(0.,0.,1.));
#2849 = ORIENTED_EDGE('',*,*,#2850,.T.);
#2850 = EDGE_CURVE('',#2843,#2843,#2851,.T.);
#2851 = CIRCLE('',#2852,2.5);
#2852 = AXIS2_PLACEMENT_3D('',#2853,#2854,#2855);
#2853 = CARTESIAN_POINT('',(0.,0.,6.));
#2854 = DIRECTION('',(0.,0.,1.));
#2855 = DIRECTION('',(1.,0.,0.));
#2856 = ORIENTED_EDGE('',*,*,#2840,.F.);
#2857 = ORIENTED_EDGE('',*,*,#2858,.F.);
#2858 = EDGE_CURVE('',#2841,#2841,#2859,.T.);
#2859 = CIRCLE('',#2860,2.5);
#2860 = AXIS2_PLACEMENT_3D('',#2861,#2862,#2863);
#2861 = CARTESIAN_POINT('',(0.,0.,0.));
#2862 = DIRECTION('',(0.,0.,1.));
#2863 = DIRECTION('',(1.,0.,-0.));
#2864 = CYLINDRICAL_SURFACE('',#2865,2.5);
#2865 = AXIS2_PLACEMENT_3D('',#2866,#2867,#2868);
#2866 = CARTESIAN_POINT('',(0.,0.,0.));
#2867 = DIRECTION('',(-0.,-0.,-1.));
#2868 = DIRECTION('',(1.,0.,-0.));
#2869 = ADVANCED_FACE('',(#2870),#2873,.F.);
#2870 = FACE_BOUND('',#2871,.T.);
#2871 = EDGE_LOOP('',(#2872));
#2872 = ORIENTED_EDGE('',*,*,#2858,.F.);
#2873 = PLANE('',#2874);
#2874 = AXIS2_PLACEMENT_3D('',#2875,#2876,#2877);
#2875 = CARTESIAN_POINT('',(0.,0.,0.));
#2876 = DIRECTION('',(0.,0.,1.));
#2877 = DIRECTION('',(1.,0.,-0.));
#2878 = ADVANCED_FACE('',(#2879),#2882,.T.);
#2879 = FACE_BOUND('',#2880,.F.);
#2880 = EDGE_LOOP('',(#2881));
#2881 = ORIENTED_EDGE('',*,*,#2850,.F.);
#2882 = PLANE('',#2883);
#2883 = AXIS2_PLACEMENT_3D('',#2884,#2885,#2886);
#2884 = CARTESIAN_POINT('',(0.,0.,6.));
#2885 = DIRECTION('',(0.,0.,1.));
#2886 = DIRECTION('',(1.,0.,0.));
#2887 = ( GEOMETRIC_REPRESENTATION_CONTEXT(3) 
GLOBAL_UNCERTAINTY_ASSIGNED_CONTEXT((#2891)) 
GLOBAL_UNIT_ASSIGNED_CONTEXT((#2888,#2889,#2890)) REPRESENTATION_CONTEXT
('Context #1','3D Context with UNIT and UNCERTAINTY') );
#2888 = ( LENGTH_UNIT() NAMED_UNIT(*) SI_UNIT(.MILLI.,.METRE.) );
#2889 = ( NAMED_UNIT(*) PLANE_ANGLE_UNIT() SI_UNIT($,.RADIAN.) );
#2890 = ( NAMED_UNIT(*) SI_UNIT($,.STERADIAN.) SOLID_ANGLE_UNIT() );
#2891 = UNCERTAINTY_MEASURE_WITH_UNIT(LENGTH_MEASURE(1.E-07),#2888,
  'distance_accuracy_value','confusion accuracy');
#2892 = CONTEXT_DEPENDENT_SHAPE_REPRESENTATION(#2893,#2895);
#2893 = ( REPRESENTATION_RELATIONSHIP('','',#2833,#10) 
REPRESENTATION_RELATIONSHIP_WITH_TRANSFORMATION(#2894) 
SHAPE_REPRESENTATION_RELATIONSHIP() );
#2894 = ITEM_DEFINED_TRANSFORMATION('','',#11,#75);
#2895 = PRODUCT_DEFINITION_SHAPE('Placement','Placement of an item',
  #2896);
#2896 = NEXT_ASSEMBLY_USAGE_OCCURRENCE('16','Cylinder006','',#5,#2828,$
  );
#2897 = PRODUCT_RELATED_PRODUCT_CATEGORY('part',$,(#2830));
#2898 = SHAPE_DEFINITION_REPRESENTATION(#2899,#2905);
#2899 = PRODUCT_DEFINITION_SHAPE('','',#2900);
#2900 = PRODUCT_DEFINITION('design','',#2901,#2904);
#2901 = PRODUCT_DEFINITION_FORMATION('','',#2902);
#2902 = PRODUCT('Cube013','Cube013','',(#2903));
#2903 = PRODUCT_CONTEXT('',#2,'mechanical');
#2904 = PRODUCT_DEFINITION_CONTEXT('part definition',#2,'design');
#2905 = ADVANCED_BREP_SHAPE_REPRESENTATION('',(#11,#2906),#3056);
#2906 = MANIFOLD_SOLID_BREP('',#2907);
#2907 = CLOSED_SHELL('',(#2908,#2948,#2988,#3010,#3032,#3044));
#2908 = ADVANCED_FACE('',(#2909),#2943,.F.);
#2909 = FACE_BOUND('',#2910,.F.);
#2910 = EDGE_LOOP('',(#2911,#2921,#2929,#2937));
#2911 = ORIENTED_EDGE('',*,*,#2912,.F.);
#2912 = EDGE_CURVE('',#2913,#2915,#2917,.T.);
#2913 = VERTEX_POINT('',#2914);
#2914 = CARTESIAN_POINT('',(0.,0.,0.));
#2915 = VERTEX_POINT('',#2916);
#2916 = CARTESIAN_POINT('',(0.,0.,5.));
#2917 = LINE('',#2918,#2919);
#2918 = CARTESIAN_POINT('',(0.,0.,0.));
#2919 = VECTOR('',#2920,1.);
#2920 = DIRECTION('',(0.,0.,1.));
#2921 = ORIENTED_EDGE('',*,*,#2922,.T.);
#2922 = EDGE_CURVE('',#2913,#2923,#2925,.T.);
#2923 = VERTEX_POINT('',#2924);
#2924 = CARTESIAN_POINT('',(0.,1.,0.));
#2925 = LINE('',#2926,#2927);
#2926 = CARTESIAN_POINT('',(0.,0.,0.));
#2927 = VECTOR('',#2928,1.);
#2928 = DIRECTION('',(-0.,1.,0.));
#2929 = ORIENTED_EDGE('',*,*,#2930,.T.);
#2930 = EDGE_CURVE('',#2923,#2931,#2933,.T.);
#2931 = VERTEX_POINT('',#2932);
#2932 = CARTESIAN_POINT('',(0.,1.,5.));
#2933 = LINE('',#2934,#2935);
#2934 = CARTESIAN_POINT('',(0.,1.,0.));
#2935 = VECTOR('',#2936,1.);
#2936 = DIRECTION('',(0.,0.,1.));
#2937 = ORIENTED_EDGE('',*,*,#2938,.F.);
#2938 = EDGE_CURVE('',#2915,#2931,#2939,.T.);
#2939 = LINE('',#2940,#2941);
#2940 = CARTESIAN_POINT('',(0.,0.,5.));
#2941 = VECTOR('',#2942,1.);
#2942 = DIRECTION('',(-0.,1.,0.));
#2943 = PLANE('',#2944);
#2944 = AXIS2_PLACEMENT_3D('',#2945,#2946,#2947);
#2945 = CARTESIAN_POINT('',(0.,0.,0.));
#2946 = DIRECTION('',(1.,0.,-0.));
#2947 = DIRECTION('',(0.,0.,1.));
#2948 = ADVANCED_FACE('',(#2949),#2983,.T.);
#2949 = FACE_BOUND('',#2950,.T.);
#2950 = EDGE_LOOP('',(#2951,#2961,#2969,#2977));
#2951 = ORIENTED_EDGE('',*,*,#2952,.F.);
#2952 = EDGE_CURVE('',#2953,#2955,#2957,.T.);
#2953 = VERTEX_POINT('',#2954);
#2954 = CARTESIAN_POINT('',(1.,0.,0.));
#2955 = VERTEX_POINT('',#2956);
#2956 = CARTESIAN_POINT('',(1.,0.,5.));
#2957 = LINE('',#2958,#2959);
#2958 = CARTESIAN_POINT('',(1.,0.,0.));
#2959 = VECTOR('',#2960,1.);
#2960 = DIRECTION('',(0.,0.,1.));
#2961 = ORIENTED_EDGE('',*,*,#2962,.T.);
#2962 = EDGE_CURVE('',#2953,#2963,#2965,.T.);
#2963 = VERTEX_POINT('',#2964);
#2964 = CARTESIAN_POINT('',(1.,1.,0.));
#2965 = LINE('',#2966,#2967);
#2966 = CARTESIAN_POINT('',(1.,0.,0.));
#2967 = VECTOR('',#2968,1.);
#2968 = DIRECTION('',(-0.,1.,0.));
#2969 = ORIENTED_EDGE('',*,*,#2970,.T.);
#2970 = EDGE_CURVE('',#2963,#2971,#2973,.T.);
#2971 = VERTEX_POINT('',#2972);
#2972 = CARTESIAN_POINT('',(1.,1.,5.));
#2973 = LINE('',#2974,#2975);
#2974 = CARTESIAN_POINT('',(1.,1.,0.));
#2975 = VECTOR('',#2976,1.);
#2976 = DIRECTION('',(0.,0.,1.));
#2977 = ORIENTED_EDGE('',*,*,#2978,.F.);
#2978 = EDGE_CURVE('',#2955,#2971,#2979,.T.);
#2979 = LINE('',#2980,#2981);
#2980 = CARTESIAN_POINT('',(1.,0.,5.));
#2981 = VECTOR('',#2982,1.);
#2982 = DIRECTION('',(-0.,1.,0.));
#2983 = PLANE('',#2984);
#2984 = AXIS2_PLACEMENT_3D('',#2985,#2986,#2987);
#2985 = CARTESIAN_POINT('',(1.,0.,0.));
#2986 = DIRECTION('',(1.,0.,-0.));
#2987 = DIRECTION('',(0.,0.,1.));
#2988 = ADVANCED_FACE('',(#2989),#3005,.F.);
#2989 = FACE_BOUND('',#2990,.F.);
#2990 = EDGE_LOOP('',(#2991,#2997,#2998,#3004));
#2991 = ORIENTED_EDGE('',*,*,#2992,.F.);
#2992 = EDGE_CURVE('',#2913,#2953,#2993,.T.);
#2993 = LINE('',#2994,#2995);
#2994 = CARTESIAN_POINT('',(0.,0.,0.));
#2995 = VECTOR('',#2996,1.);
#2996 = DIRECTION('',(1.,0.,-0.));
#2997 = ORIENTED_EDGE('',*,*,#2912,.T.);
#2998 = ORIENTED_EDGE('',*,*,#2999,.T.);
#2999 = EDGE_CURVE('',#2915,#2955,#3000,.T.);
#3000 = LINE('',#3001,#3002);
#3001 = CARTESIAN_POINT('',(0.,0.,5.));
#3002 = VECTOR('',#3003,1.);
#3003 = DIRECTION('',(1.,0.,-0.));
#3004 = ORIENTED_EDGE('',*,*,#2952,.F.);
#3005 = PLANE('',#3006);
#3006 = AXIS2_PLACEMENT_3D('',#3007,#3008,#3009);
#3007 = CARTESIAN_POINT('',(0.,0.,0.));
#3008 = DIRECTION('',(-0.,1.,0.));
#3009 = DIRECTION('',(0.,0.,1.));
#3010 = ADVANCED_FACE('',(#3011),#3027,.T.);
#3011 = FACE_BOUND('',#3012,.T.);
#3012 = EDGE_LOOP('',(#3013,#3019,#3020,#3026));
#3013 = ORIENTED_EDGE('',*,*,#3014,.F.);
#3014 = EDGE_CURVE('',#2923,#2963,#3015,.T.);
#3015 = LINE('',#3016,#3017);
#3016 = CARTESIAN_POINT('',(0.,1.,0.));
#3017 = VECTOR('',#3018,1.);
#3018 = DIRECTION('',(1.,0.,-0.));
#3019 = ORIENTED_EDGE('',*,*,#2930,.T.);
#3020 = ORIENTED_EDGE('',*,*,#3021,.T.);
#3021 = EDGE_CURVE('',#2931,#2971,#3022,.T.);
#3022 = LINE('',#3023,#3024);
#3023 = CARTESIAN_POINT('',(0.,1.,5.));
#3024 = VECTOR('',#3025,1.);
#3025 = DIRECTION('',(1.,0.,-0.));
#3026 = ORIENTED_EDGE('',*,*,#2970,.F.);
#3027 = PLANE('',#3028);
#3028 = AXIS2_PLACEMENT_3D('',#3029,#3030,#3031);
#3029 = CARTESIAN_POINT('',(0.,1.,0.));
#3030 = DIRECTION('',(-0.,1.,0.));
#3031 = DIRECTION('',(0.,0.,1.));
#3032 = ADVANCED_FACE('',(#3033),#3039,.F.);
#3033 = FACE_BOUND('',#3034,.F.);
#3034 = EDGE_LOOP('',(#3035,#3036,#3037,#3038));
#3035 = ORIENTED_EDGE('',*,*,#2922,.F.);
#3036 = ORIENTED_EDGE('',*,*,#2992,.T.);
#3037 = ORIENTED_EDGE('',*,*,#2962,.T.);
#3038 = ORIENTED_EDGE('',*,*,#3014,.F.);
#3039 = PLANE('',#3040);
#3040 = AXIS2_PLACEMENT_3D('',#3041,#3042,#3043);
#3041 = CARTESIAN_POINT('',(0.,0.,0.));
#3042 = DIRECTION('',(0.,0.,1.));
#3043 = DIRECTION('',(1.,0.,-0.));
#3044 = ADVANCED_FACE('',(#3045),#3051,.T.);
#3045 = FACE_BOUND('',#3046,.T.);
#3046 = EDGE_LOOP('',(#3047,#3048,#3049,#3050));
#3047 = ORIENTED_EDGE('',*,*,#2938,.F.);
#3048 = ORIENTED_EDGE('',*,*,#2999,.T.);
#3049 = ORIENTED_EDGE('',*,*,#2978,.T.);
#3050 = ORIENTED_EDGE('',*,*,#3021,.F.);
#3051 = PLANE('',#3052);
#3052 = AXIS2_PLACEMENT_3D('',#3053,#3054,#3055);
#3053 = CARTESIAN_POINT('',(0.,0.,5.));
#3054 = DIRECTION('',(0.,0.,1.));
#3055 = DIRECTION('',(1.,0.,-0.));
#3056 = ( GEOMETRIC_REPRESENTATION_CONTEXT(3) 
GLOBAL_UNCERTAINTY_ASSIGNED_CONTEXT((#3060)) 
GLOBAL_UNIT_ASSIGNED_CONTEXT((#3057,#3058,#3059)) REPRESENTATION_CONTEXT
('Context #1','3D Context with UNIT and UNCERTAINTY') );
#3057 = ( LENGTH_UNIT() NAMED_UNIT(*) SI_UNIT(.MILLI.,.METRE.) );
#3058 = ( NAMED_UNIT(*) PLANE_ANGLE_UNIT() SI_UNIT($,.RADIAN.) );
#3059 = ( NAMED_UNIT(*) SI_UNIT($,.STERADIAN.) SOLID_ANGLE_UNIT() );
#3060 = UNCERTAINTY_MEASURE_WITH_UNIT(LENGTH_MEASURE(1.E-07),#3057,
  'distance_accuracy_value','confusion accuracy');
#3061 = CONTEXT_DEPENDENT_SHAPE_REPRESENTATION(#3062,#3064);
#3062 = ( REPRESENTATION_RELATIONSHIP('','',#2905,#10) 
REPRESENTATION_RELATIONSHIP_WITH_TRANSFORMATION(#3063) 
SHAPE_REPRESENTATION_RELATIONSHIP() );
#3063 = ITEM_DEFINED_TRANSFORMATION('','',#11,#79);
#3064 = PRODUCT_DEFINITION_SHAPE('Placement','Placement of an item',
  #3065);
#3065 = NEXT_ASSEMBLY_USAGE_OCCURRENCE('17','Cube013','',#5,#2900,$);
#3066 = PRODUCT_RELATED_PRODUCT_CATEGORY('part',$,(#2902));
#3067 = SHAPE_DEFINITION_REPRESENTATION(#3068,#3074);
#3068 = PRODUCT_DEFINITION_SHAPE('','',#3069);
#3069 = PRODUCT_DEFINITION('design','',#3070,#3073);
#3070 = PRODUCT_DEFINITION_FORMATION('','',#3071);
#3071 = PRODUCT('Cube014','Cube014','',(#3072));
#3072 = PRODUCT_CONTEXT('',#2,'mechanical');
#3073 = PRODUCT_DEFINITION_CONTEXT('part definition',#2,'design');
#3074 = ADVANCED_BREP_SHAPE_REPRESENTATION('',(#11,#3075),#3225);
#3075 = MANIFOLD_SOLID_BREP('',#3076);
#3076 = CLOSED_SHELL('',(#3077,#3117,#3157,#3179,#3201,#3213));
#3077 = ADVANCED_FACE('',(#3078),#3112,.F.);
#3078 = FACE_BOUND('',#3079,.F.);
#3079 = EDGE_LOOP('',(#3080,#3090,#3098,#3106));
#3080 = ORIENTED_EDGE('',*,*,#3081,.F.);
#3081 = EDGE_CURVE('',#3082,#3084,#3086,.T.);
#3082 = VERTEX_POINT('',#3083);
#3083 = CARTESIAN_POINT('',(0.,0.,0.));
#3084 = VERTEX_POINT('',#3085);
#3085 = CARTESIAN_POINT('',(0.,0.,5.));
#3086 = LINE('',#3087,#3088);
#3087 = CARTESIAN_POINT('',(0.,0.,0.));
#3088 = VECTOR('',#3089,1.);
#3089 = DIRECTION('',(0.,0.,1.));
#3090 = ORIENTED_EDGE('',*,*,#3091,.T.);
#3091 = EDGE_CURVE('',#3082,#3092,#3094,.T.);
#3092 = VERTEX_POINT('',#3093);
#3093 = CARTESIAN_POINT('',(0.,1.,0.));
#3094 = LINE('',#3095,#3096);
#3095 = CARTESIAN_POINT('',(0.,0.,0.));
#3096 = VECTOR('',#3097,1.);
#3097 = DIRECTION('',(-0.,1.,0.));
#3098 = ORIENTED_EDGE('',*,*,#3099,.T.);
#3099 = EDGE_CURVE('',#3092,#3100,#3102,.T.);
#3100 = VERTEX_POINT('',#3101);
#3101 = CARTESIAN_POINT('',(0.,1.,5.));
#3102 = LINE('',#3103,#3104);
#3103 = CARTESIAN_POINT('',(0.,1.,0.));
#3104 = VECTOR('',#3105,1.);
#3105 = DIRECTION('',(0.,0.,1.));
#3106 = ORIENTED_EDGE('',*,*,#3107,.F.);
#3107 = EDGE_CURVE('',#3084,#3100,#3108,.T.);
#3108 = LINE('',#3109,#3110);
#3109 = CARTESIAN_POINT('',(0.,0.,5.));
#3110 = VECTOR('',#3111,1.);
#3111 = DIRECTION('',(-0.,1.,0.));
#3112 = PLANE('',#3113);
#3113 = AXIS2_PLACEMENT_3D('',#3114,#3115,#3116);
#3114 = CARTESIAN_POINT('',(0.,0.,0.));
#3115 = DIRECTION('',(1.,0.,-0.));
#3116 = DIRECTION('',(0.,0.,1.));
#3117 = ADVANCED_FACE('',(#3118),#3152,.T.);
#3118 = FACE_BOUND('',#3119,.T.);
#3119 = EDGE_LOOP('',(#3120,#3130,#3138,#3146));
#3120 = ORIENTED_EDGE('',*,*,#3121,.F.);
#3121 = EDGE_CURVE('',#3122,#3124,#3126,.T.);
#3122 = VERTEX_POINT('',#3123);
#3123 = CARTESIAN_POINT('',(1.,0.,0.));
#3124 = VERTEX_POINT('',#3125);
#3125 = CARTESIAN_POINT('',(1.,0.,5.));
#3126 = LINE('',#3127,#3128);
#3127 = CARTESIAN_POINT('',(1.,0.,0.));
#3128 = VECTOR('',#3129,1.);
#3129 = DIRECTION('',(0.,0.,1.));
#3130 = ORIENTED_EDGE('',*,*,#3131,.T.);
#3131 = EDGE_CURVE('',#3122,#3132,#3134,.T.);
#3132 = VERTEX_POINT('',#3133);
#3133 = CARTESIAN_POINT('',(1.,1.,0.));
#3134 = LINE('',#3135,#3136);
#3135 = CARTESIAN_POINT('',(1.,0.,0.));
#3136 = VECTOR('',#3137,1.);
#3137 = DIRECTION('',(-0.,1.,0.));
#3138 = ORIENTED_EDGE('',*,*,#3139,.T.);
#3139 = EDGE_CURVE('',#3132,#3140,#3142,.T.);
#3140 = VERTEX_POINT('',#3141);
#3141 = CARTESIAN_POINT('',(1.,1.,5.));
#3142 = LINE('',#3143,#3144);
#3143 = CARTESIAN_POINT('',(1.,1.,0.));
#3144 = VECTOR('',#3145,1.);
#3145 = DIRECTION('',(0.,0.,1.));
#3146 = ORIENTED_EDGE('',*,*,#3147,.F.);
#3147 = EDGE_CURVE('',#3124,#3140,#3148,.T.);
#3148 = LINE('',#3149,#3150);
#3149 = CARTESIAN_POINT('',(1.,0.,5.));
#3150 = VECTOR('',#3151,1.);
#3151 = DIRECTION('',(-0.,1.,0.));
#3152 = PLANE('',#3153);
#3153 = AXIS2_PLACEMENT_3D('',#3154,#3155,#3156);
#3154 = CARTESIAN_POINT('',(1.,0.,0.));
#3155 = DIRECTION('',(1.,0.,-0.));
#3156 = DIRECTION('',(0.,0.,1.));
#3157 = ADVANCED_FACE('',(#3158),#3174,.F.);
#3158 = FACE_BOUND('',#3159,.F.);
#3159 = EDGE_LOOP('',(#3160,#3166,#3167,#3173));
#3160 = ORIENTED_EDGE('',*,*,#3161,.F.);
#3161 = EDGE_CURVE('',#3082,#3122,#3162,.T.);
#3162 = LINE('',#3163,#3164);
#3163 = CARTESIAN_POINT('',(0.,0.,0.));
#3164 = VECTOR('',#3165,1.);
#3165 = DIRECTION('',(1.,0.,-0.));
#3166 = ORIENTED_EDGE('',*,*,#3081,.T.);
#3167 = ORIENTED_EDGE('',*,*,#3168,.T.);
#3168 = EDGE_CURVE('',#3084,#3124,#3169,.T.);
#3169 = LINE('',#3170,#3171);
#3170 = CARTESIAN_POINT('',(0.,0.,5.));
#3171 = VECTOR('',#3172,1.);
#3172 = DIRECTION('',(1.,0.,-0.));
#3173 = ORIENTED_EDGE('',*,*,#3121,.F.);
#3174 = PLANE('',#3175);
#3175 = AXIS2_PLACEMENT_3D('',#3176,#3177,#3178);
#3176 = CARTESIAN_POINT('',(0.,0.,0.));
#3177 = DIRECTION('',(-0.,1.,0.));
#3178 = DIRECTION('',(0.,0.,1.));
#3179 = ADVANCED_FACE('',(#3180),#3196,.T.);
#3180 = FACE_BOUND('',#3181,.T.);
#3181 = EDGE_LOOP('',(#3182,#3188,#3189,#3195));
#3182 = ORIENTED_EDGE('',*,*,#3183,.F.);
#3183 = EDGE_CURVE('',#3092,#3132,#3184,.T.);
#3184 = LINE('',#3185,#3186);
#3185 = CARTESIAN_POINT('',(0.,1.,0.));
#3186 = VECTOR('',#3187,1.);
#3187 = DIRECTION('',(1.,0.,-0.));
#3188 = ORIENTED_EDGE('',*,*,#3099,.T.);
#3189 = ORIENTED_EDGE('',*,*,#3190,.T.);
#3190 = EDGE_CURVE('',#3100,#3140,#3191,.T.);
#3191 = LINE('',#3192,#3193);
#3192 = CARTESIAN_POINT('',(0.,1.,5.));
#3193 = VECTOR('',#3194,1.);
#3194 = DIRECTION('',(1.,0.,-0.));
#3195 = ORIENTED_EDGE('',*,*,#3139,.F.);
#3196 = PLANE('',#3197);
#3197 = AXIS2_PLACEMENT_3D('',#3198,#3199,#3200);
#3198 = CARTESIAN_POINT('',(0.,1.,0.));
#3199 = DIRECTION('',(-0.,1.,0.));
#3200 = DIRECTION('',(0.,0.,1.));
#3201 = ADVANCED_FACE('',(#3202),#3208,.F.);
#3202 = FACE_BOUND('',#3203,.F.);
#3203 = EDGE_LOOP('',(#3204,#3205,#3206,#3207));
#3204 = ORIENTED_EDGE('',*,*,#3091,.F.);
#3205 = ORIENTED_EDGE('',*,*,#3161,.T.);
#3206 = ORIENTED_EDGE('',*,*,#3131,.T.);
#3207 = ORIENTED_EDGE('',*,*,#3183,.F.);
#3208 = PLANE('',#3209);
#3209 = AXIS2_PLACEMENT_3D('',#3210,#3211,#3212);
#3210 = CARTESIAN_POINT('',(0.,0.,0.));
#3211 = DIRECTION('',(0.,0.,1.));
#3212 = DIRECTION('',(1.,0.,-0.));
#3213 = ADVANCED_FACE('',(#3214),#3220,.T.);
#3214 = FACE_BOUND('',#3215,.T.);
#3215 = EDGE_LOOP('',(#3216,#3217,#3218,#3219));
#3216 = ORIENTED_EDGE('',*,*,#3107,.F.);
#3217 = ORIENTED_EDGE('',*,*,#3168,.T.);
#3218 = ORIENTED_EDGE('',*,*,#3147,.T.);
#3219 = ORIENTED_EDGE('',*,*,#3190,.F.);
#3220 = PLANE('',#3221);
#3221 = AXIS2_PLACEMENT_3D('',#3222,#3223,#3224);
#3222 = CARTESIAN_POINT('',(0.,0.,5.));
#3223 = DIRECTION('',(0.,0.,1.));
#3224 = DIRECTION('',(1.,0.,-0.));
#3225 = ( GEOMETRIC_REPRESENTATION_CONTEXT(3) 
GLOBAL_UNCERTAINTY_ASSIGNED_CONTEXT((#3229)) 
GLOBAL_UNIT_ASSIGNED_CONTEXT((#3226,#3227,#3228)) REPRESENTATION_CONTEXT
('Context #1','3D Context with UNIT and UNCERTAINTY') );
#3226 = ( LENGTH_UNIT() NAMED_UNIT(*) SI_UNIT(.MILLI.,.METRE.) );
#3227 = ( NAMED_UNIT(*) PLANE_ANGLE_UNIT() SI_UNIT($,.RADIAN.) );
#3228 = ( NAMED_UNIT(*) SI_UNIT($,.STERADIAN.) SOLID_ANGLE_UNIT() );
#3229 = UNCERTAINTY_MEASURE_WITH_UNIT(LENGTH_MEASURE(1.E-07),#3226,
  'distance_accuracy_value','confusion accuracy');
#3230 = CONTEXT_DEPENDENT_SHAPE_REPRESENTATION(#3231,#3233);
#3231 = ( REPRESENTATION_RELATIONSHIP('','',#3074,#10) 
REPRESENTATION_RELATIONSHIP_WITH_TRANSFORMATION(#3232) 
SHAPE_REPRESENTATION_RELATIONSHIP() );
#3232 = ITEM_DEFINED_TRANSFORMATION('','',#11,#83);
#3233 = PRODUCT_DEFINITION_SHAPE('Placement','Placement of an item',
  #3234);
#3234 = NEXT_ASSEMBLY_USAGE_OCCURRENCE('18','Cube014','',#5,#3069,$);
#3235 = PRODUCT_RELATED_PRODUCT_CATEGORY('part',$,(#3071));
#3236 = SHAPE_DEFINITION_REPRESENTATION(#3237,#3243);
#3237 = PRODUCT_DEFINITION_SHAPE('','',#3238);
#3238 = PRODUCT_DEFINITION('design','',#3239,#3242);
#3239 = PRODUCT_DEFINITION_FORMATION('','',#3240);
#3240 = PRODUCT('Cube015','Cube015','',(#3241));
#3241 = PRODUCT_CONTEXT('',#2,'mechanical');
#3242 = PRODUCT_DEFINITION_CONTEXT('part definition',#2,'design');
#3243 = ADVANCED_BREP_SHAPE_REPRESENTATION('',(#11,#3244),#3394);
#3244 = MANIFOLD_SOLID_BREP('',#3245);
#3245 = CLOSED_SHELL('',(#3246,#3286,#3326,#3348,#3370,#3382));
#3246 = ADVANCED_FACE('',(#3247),#3281,.F.);
#3247 = FACE_BOUND('',#3248,.F.);
#3248 = EDGE_LOOP('',(#3249,#3259,#3267,#3275));
#3249 = ORIENTED_EDGE('',*,*,#3250,.F.);
#3250 = EDGE_CURVE('',#3251,#3253,#3255,.T.);
#3251 = VERTEX_POINT('',#3252);
#3252 = CARTESIAN_POINT('',(0.,0.,0.));
#3253 = VERTEX_POINT('',#3254);
#3254 = CARTESIAN_POINT('',(0.,0.,5.));
#3255 = LINE('',#3256,#3257);
#3256 = CARTESIAN_POINT('',(0.,0.,0.));
#3257 = VECTOR('',#3258,1.);
#3258 = DIRECTION('',(0.,0.,1.));
#3259 = ORIENTED_EDGE('',*,*,#3260,.T.);
#3260 = EDGE_CURVE('',#3251,#3261,#3263,.T.);
#3261 = VERTEX_POINT('',#3262);
#3262 = CARTESIAN_POINT('',(0.,1.,0.));
#3263 = LINE('',#3264,#3265);
#3264 = CARTESIAN_POINT('',(0.,0.,0.));
#3265 = VECTOR('',#3266,1.);
#3266 = DIRECTION('',(-0.,1.,0.));
#3267 = ORIENTED_EDGE('',*,*,#3268,.T.);
#3268 = EDGE_CURVE('',#3261,#3269,#3271,.T.);
#3269 = VERTEX_POINT('',#3270);
#3270 = CARTESIAN_POINT('',(0.,1.,5.));
#3271 = LINE('',#3272,#3273);
#3272 = CARTESIAN_POINT('',(0.,1.,0.));
#3273 = VECTOR('',#3274,1.);
#3274 = DIRECTION('',(0.,0.,1.));
#3275 = ORIENTED_EDGE('',*,*,#3276,.F.);
#3276 = EDGE_CURVE('',#3253,#3269,#3277,.T.);
#3277 = LINE('',#3278,#3279);
#3278 = CARTESIAN_POINT('',(0.,0.,5.));
#3279 = VECTOR('',#3280,1.);
#3280 = DIRECTION('',(-0.,1.,0.));
#3281 = PLANE('',#3282);
#3282 = AXIS2_PLACEMENT_3D('',#3283,#3284,#3285);
#3283 = CARTESIAN_POINT('',(0.,0.,0.));
#3284 = DIRECTION('',(1.,0.,-0.));
#3285 = DIRECTION('',(0.,0.,1.));
#3286 = ADVANCED_FACE('',(#3287),#3321,.T.);
#3287 = FACE_BOUND('',#3288,.T.);
#3288 = EDGE_LOOP('',(#3289,#3299,#3307,#3315));
#3289 = ORIENTED_EDGE('',*,*,#3290,.F.);
#3290 = EDGE_CURVE('',#3291,#3293,#3295,.T.);
#3291 = VERTEX_POINT('',#3292);
#3292 = CARTESIAN_POINT('',(1.,0.,0.));
#3293 = VERTEX_POINT('',#3294);
#3294 = CARTESIAN_POINT('',(1.,0.,5.));
#3295 = LINE('',#3296,#3297);
#3296 = CARTESIAN_POINT('',(1.,0.,0.));
#3297 = VECTOR('',#3298,1.);
#3298 = DIRECTION('',(0.,0.,1.));
#3299 = ORIENTED_EDGE('',*,*,#3300,.T.);
#3300 = EDGE_CURVE('',#3291,#3301,#3303,.T.);
#3301 = VERTEX_POINT('',#3302);
#3302 = CARTESIAN_POINT('',(1.,1.,0.));
#3303 = LINE('',#3304,#3305);
#3304 = CARTESIAN_POINT('',(1.,0.,0.));
#3305 = VECTOR('',#3306,1.);
#3306 = DIRECTION('',(-0.,1.,0.));
#3307 = ORIENTED_EDGE('',*,*,#3308,.T.);
#3308 = EDGE_CURVE('',#3301,#3309,#3311,.T.);
#3309 = VERTEX_POINT('',#3310);
#3310 = CARTESIAN_POINT('',(1.,1.,5.));
#3311 = LINE('',#3312,#3313);
#3312 = CARTESIAN_POINT('',(1.,1.,0.));
#3313 = VECTOR('',#3314,1.);
#3314 = DIRECTION('',(0.,0.,1.));
#3315 = ORIENTED_EDGE('',*,*,#3316,.F.);
#3316 = EDGE_CURVE('',#3293,#3309,#3317,.T.);
#3317 = LINE('',#3318,#3319);
#3318 = CARTESIAN_POINT('',(1.,0.,5.));
#3319 = VECTOR('',#3320,1.);
#3320 = DIRECTION('',(-0.,1.,0.));
#3321 = PLANE('',#3322);
#3322 = AXIS2_PLACEMENT_3D('',#3323,#3324,#3325);
#3323 = CARTESIAN_POINT('',(1.,0.,0.));
#3324 = DIRECTION('',(1.,0.,-0.));
#3325 = DIRECTION('',(0.,0.,1.));
#3326 = ADVANCED_FACE('',(#3327),#3343,.F.);
#3327 = FACE_BOUND('',#3328,.F.);
#3328 = EDGE_LOOP('',(#3329,#3335,#3336,#3342));
#3329 = ORIENTED_EDGE('',*,*,#3330,.F.);
#3330 = EDGE_CURVE('',#3251,#3291,#3331,.T.);
#3331 = LINE('',#3332,#3333);
#3332 = CARTESIAN_POINT('',(0.,0.,0.));
#3333 = VECTOR('',#3334,1.);
#3334 = DIRECTION('',(1.,0.,-0.));
#3335 = ORIENTED_EDGE('',*,*,#3250,.T.);
#3336 = ORIENTED_EDGE('',*,*,#3337,.T.);
#3337 = EDGE_CURVE('',#3253,#3293,#3338,.T.);
#3338 = LINE('',#3339,#3340);
#3339 = CARTESIAN_POINT('',(0.,0.,5.));
#3340 = VECTOR('',#3341,1.);
#3341 = DIRECTION('',(1.,0.,-0.));
#3342 = ORIENTED_EDGE('',*,*,#3290,.F.);
#3343 = PLANE('',#3344);
#3344 = AXIS2_PLACEMENT_3D('',#3345,#3346,#3347);
#3345 = CARTESIAN_POINT('',(0.,0.,0.));
#3346 = DIRECTION('',(-0.,1.,0.));
#3347 = DIRECTION('',(0.,0.,1.));
#3348 = ADVANCED_FACE('',(#3349),#3365,.T.);
#3349 = FACE_BOUND('',#3350,.T.);
#3350 = EDGE_LOOP('',(#3351,#3357,#3358,#3364));
#3351 = ORIENTED_EDGE('',*,*,#3352,.F.);
#3352 = EDGE_CURVE('',#3261,#3301,#3353,.T.);
#3353 = LINE('',#3354,#3355);
#3354 = CARTESIAN_POINT('',(0.,1.,0.));
#3355 = VECTOR('',#3356,1.);
#3356 = DIRECTION('',(1.,0.,-0.));
#3357 = ORIENTED_EDGE('',*,*,#3268,.T.);
#3358 = ORIENTED_EDGE('',*,*,#3359,.T.);
#3359 = EDGE_CURVE('',#3269,#3309,#3360,.T.);
#3360 = LINE('',#3361,#3362);
#3361 = CARTESIAN_POINT('',(0.,1.,5.));
#3362 = VECTOR('',#3363,1.);
#3363 = DIRECTION('',(1.,0.,-0.));
#3364 = ORIENTED_EDGE('',*,*,#3308,.F.);
#3365 = PLANE('',#3366);
#3366 = AXIS2_PLACEMENT_3D('',#3367,#3368,#3369);
#3367 = CARTESIAN_POINT('',(0.,1.,0.));
#3368 = DIRECTION('',(-0.,1.,0.));
#3369 = DIRECTION('',(0.,0.,1.));
#3370 = ADVANCED_FACE('',(#3371),#3377,.F.);
#3371 = FACE_BOUND('',#3372,.F.);
#3372 = EDGE_LOOP('',(#3373,#3374,#3375,#3376));
#3373 = ORIENTED_EDGE('',*,*,#3260,.F.);
#3374 = ORIENTED_EDGE('',*,*,#3330,.T.);
#3375 = ORIENTED_EDGE('',*,*,#3300,.T.);
#3376 = ORIENTED_EDGE('',*,*,#3352,.F.);
#3377 = PLANE('',#3378);
#3378 = AXIS2_PLACEMENT_3D('',#3379,#3380,#3381);
#3379 = CARTESIAN_POINT('',(0.,0.,0.));
#3380 = DIRECTION('',(0.,0.,1.));
#3381 = DIRECTION('',(1.,0.,-0.));
#3382 = ADVANCED_FACE('',(#3383),#3389,.T.);
#3383 = FACE_BOUND('',#3384,.T.);
#3384 = EDGE_LOOP('',(#3385,#3386,#3387,#3388));
#3385 = ORIENTED_EDGE('',*,*,#3276,.F.);
#3386 = ORIENTED_EDGE('',*,*,#3337,.T.);
#3387 = ORIENTED_EDGE('',*,*,#3316,.T.);
#3388 = ORIENTED_EDGE('',*,*,#3359,.F.);
#3389 = PLANE('',#3390);
#3390 = AXIS2_PLACEMENT_3D('',#3391,#3392,#3393);
#3391 = CARTESIAN_POINT('',(0.,0.,5.));
#3392 = DIRECTION('',(0.,0.,1.));
#3393 = DIRECTION('',(1.,0.,-0.));
#3394 = ( GEOMETRIC_REPRESENTATION_CONTEXT(3) 
GLOBAL_UNCERTAINTY_ASSIGNED_CONTEXT((#3398)) 
GLOBAL_UNIT_ASSIGNED_CONTEXT((#3395,#3396,#3397)) REPRESENTATION_CONTEXT
('Context #1','3D Context with UNIT and UNCERTAINTY') );
#3395 = ( LENGTH_UNIT() NAMED_UNIT(*) SI_UNIT(.MILLI.,.METRE.) );
#3396 = ( NAMED_UNIT(*) PLANE_ANGLE_UNIT() SI_UNIT($,.RADIAN.) );
#3397 = ( NAMED_UNIT(*) SI_UNIT($,.STERADIAN.) SOLID_ANGLE_UNIT() );
#3398 = UNCERTAINTY_MEASURE_WITH_UNIT(LENGTH_MEASURE(1.E-07),#3395,
  'distance_accuracy_value','confusion accuracy');
#3399 = CONTEXT_DEPENDENT_SHAPE_REPRESENTATION(#3400,#3402);
#3400 = ( REPRESENTATION_RELATIONSHIP('','',#3243,#10) 
REPRESENTATION_RELATIONSHIP_WITH_TRANSFORMATION(#3401) 
SHAPE_REPRESENTATION_RELATIONSHIP() );
#3401 = ITEM_DEFINED_TRANSFORMATION('','',#11,#87);
#3402 = PRODUCT_DEFINITION_SHAPE('Placement','Placement of an item',
  #3403);
#3403 = NEXT_ASSEMBLY_USAGE_OCCURRENCE('19','Cube015','',#5,#3238,$);
#3404 = PRODUCT_RELATED_PRODUCT_CATEGORY('part',$,(#3240));
#3405 = SHAPE_DEFINITION_REPRESENTATION(#3406,#3412);
#3406 = PRODUCT_DEFINITION_SHAPE('','',#3407);
#3407 = PRODUCT_DEFINITION('design','',#3408,#3411);
#3408 = PRODUCT_DEFINITION_FORMATION('','',#3409);
#3409 = PRODUCT('Cube016','Cube016','',(#3410));
#3410 = PRODUCT_CONTEXT('',#2,'mechanical');
#3411 = PRODUCT_DEFINITION_CONTEXT('part definition',#2,'design');
#3412 = ADVANCED_BREP_SHAPE_REPRESENTATION('',(#11,#3413),#3563);
#3413 = MANIFOLD_SOLID_BREP('',#3414);
#3414 = CLOSED_SHELL('',(#3415,#3455,#3495,#3517,#3539,#3551));
#3415 = ADVANCED_FACE('',(#3416),#3450,.F.);
#3416 = FACE_BOUND('',#3417,.F.);
#3417 = EDGE_LOOP('',(#3418,#3428,#3436,#3444));
#3418 = ORIENTED_EDGE('',*,*,#3419,.F.);
#3419 = EDGE_CURVE('',#3420,#3422,#3424,.T.);
#3420 = VERTEX_POINT('',#3421);
#3421 = CARTESIAN_POINT('',(0.,0.,0.));
#3422 = VERTEX_POINT('',#3423);
#3423 = CARTESIAN_POINT('',(0.,0.,5.));
#3424 = LINE('',#3425,#3426);
#3425 = CARTESIAN_POINT('',(0.,0.,0.));
#3426 = VECTOR('',#3427,1.);
#3427 = DIRECTION('',(0.,0.,1.));
#3428 = ORIENTED_EDGE('',*,*,#3429,.T.);
#3429 = EDGE_CURVE('',#3420,#3430,#3432,.T.);
#3430 = VERTEX_POINT('',#3431);
#3431 = CARTESIAN_POINT('',(0.,1.,0.));
#3432 = LINE('',#3433,#3434);
#3433 = CARTESIAN_POINT('',(0.,0.,0.));
#3434 = VECTOR('',#3435,1.);
#3435 = DIRECTION('',(-0.,1.,0.));
#3436 = ORIENTED_EDGE('',*,*,#3437,.T.);
#3437 = EDGE_CURVE('',#3430,#3438,#3440,.T.);
#3438 = VERTEX_POINT('',#3439);
#3439 = CARTESIAN_POINT('',(0.,1.,5.));
#3440 = LINE('',#3441,#3442);
#3441 = CARTESIAN_POINT('',(0.,1.,0.));
#3442 = VECTOR('',#3443,1.);
#3443 = DIRECTION('',(0.,0.,1.));
#3444 = ORIENTED_EDGE('',*,*,#3445,.F.);
#3445 = EDGE_CURVE('',#3422,#3438,#3446,.T.);
#3446 = LINE('',#3447,#3448);
#3447 = CARTESIAN_POINT('',(0.,0.,5.));
#3448 = VECTOR('',#3449,1.);
#3449 = DIRECTION('',(-0.,1.,0.));
#3450 = PLANE('',#3451);
#3451 = AXIS2_PLACEMENT_3D('',#3452,#3453,#3454);
#3452 = CARTESIAN_POINT('',(0.,0.,0.));
#3453 = DIRECTION('',(1.,0.,-0.));
#3454 = DIRECTION('',(0.,0.,1.));
#3455 = ADVANCED_FACE('',(#3456),#3490,.T.);
#3456 = FACE_BOUND('',#3457,.T.);
#3457 = EDGE_LOOP('',(#3458,#3468,#3476,#3484));
#3458 = ORIENTED_EDGE('',*,*,#3459,.F.);
#3459 = EDGE_CURVE('',#3460,#3462,#3464,.T.);
#3460 = VERTEX_POINT('',#3461);
#3461 = CARTESIAN_POINT('',(1.,0.,0.));
#3462 = VERTEX_POINT('',#3463);
#3463 = CARTESIAN_POINT('',(1.,0.,5.));
#3464 = LINE('',#3465,#3466);
#3465 = CARTESIAN_POINT('',(1.,0.,0.));
#3466 = VECTOR('',#3467,1.);
#3467 = DIRECTION('',(0.,0.,1.));
#3468 = ORIENTED_EDGE('',*,*,#3469,.T.);
#3469 = EDGE_CURVE('',#3460,#3470,#3472,.T.);
#3470 = VERTEX_POINT('',#3471);
#3471 = CARTESIAN_POINT('',(1.,1.,0.));
#3472 = LINE('',#3473,#3474);
#3473 = CARTESIAN_POINT('',(1.,0.,0.));
#3474 = VECTOR('',#3475,1.);
#3475 = DIRECTION('',(-0.,1.,0.));
#3476 = ORIENTED_EDGE('',*,*,#3477,.T.);
#3477 = EDGE_CURVE('',#3470,#3478,#3480,.T.);
#3478 = VERTEX_POINT('',#3479);
#3479 = CARTESIAN_POINT('',(1.,1.,5.));
#3480 = LINE('',#3481,#3482);
#3481 = CARTESIAN_POINT('',(1.,1.,0.));
#3482 = VECTOR('',#3483,1.);
#3483 = DIRECTION('',(0.,0.,1.));
#3484 = ORIENTED_EDGE('',*,*,#3485,.F.);
#3485 = EDGE_CURVE('',#3462,#3478,#3486,.T.);
#3486 = LINE('',#3487,#3488);
#3487 = CARTESIAN_POINT('',(1.,0.,5.));
#3488 = VECTOR('',#3489,1.);
#3489 = DIRECTION('',(-0.,1.,0.));
#3490 = PLANE('',#3491);
#3491 = AXIS2_PLACEMENT_3D('',#3492,#3493,#3494);
#3492 = CARTESIAN_POINT('',(1.,0.,0.));
#3493 = DIRECTION('',(1.,0.,-0.));
#3494 = DIRECTION('',(0.,0.,1.));
#3495 = ADVANCED_FACE('',(#3496),#3512,.F.);
#3496 = FACE_BOUND('',#3497,.F.);
#3497 = EDGE_LOOP('',(#3498,#3504,#3505,#3511));
#3498 = ORIENTED_EDGE('',*,*,#3499,.F.);
#3499 = EDGE_CURVE('',#3420,#3460,#3500,.T.);
#3500 = LINE('',#3501,#3502);
#3501 = CARTESIAN_POINT('',(0.,0.,0.));
#3502 = VECTOR('',#3503,1.);
#3503 = DIRECTION('',(1.,0.,-0.));
#3504 = ORIENTED_EDGE('',*,*,#3419,.T.);
#3505 = ORIENTED_EDGE('',*,*,#3506,.T.);
#3506 = EDGE_CURVE('',#3422,#3462,#3507,.T.);
#3507 = LINE('',#3508,#3509);
#3508 = CARTESIAN_POINT('',(0.,0.,5.));
#3509 = VECTOR('',#3510,1.);
#3510 = DIRECTION('',(1.,0.,-0.));
#3511 = ORIENTED_EDGE('',*,*,#3459,.F.);
#3512 = PLANE('',#3513);
#3513 = AXIS2_PLACEMENT_3D('',#3514,#3515,#3516);
#3514 = CARTESIAN_POINT('',(0.,0.,0.));
#3515 = DIRECTION('',(-0.,1.,0.));
#3516 = DIRECTION('',(0.,0.,1.));
#3517 = ADVANCED_FACE('',(#3518),#3534,.T.);
#3518 = FACE_BOUND('',#3519,.T.);
#3519 = EDGE_LOOP('',(#3520,#3526,#3527,#3533));
#3520 = ORIENTED_EDGE('',*,*,#3521,.F.);
#3521 = EDGE_CURVE('',#3430,#3470,#3522,.T.);
#3522 = LINE('',#3523,#3524);
#3523 = CARTESIAN_POINT('',(0.,1.,0.));
#3524 = VECTOR('',#3525,1.);
#3525 = DIRECTION('',(1.,0.,-0.));
#3526 = ORIENTED_EDGE('',*,*,#3437,.T.);
#3527 = ORIENTED_EDGE('',*,*,#3528,.T.);
#3528 = EDGE_CURVE('',#3438,#3478,#3529,.T.);
#3529 = LINE('',#3530,#3531);
#3530 = CARTESIAN_POINT('',(0.,1.,5.));
#3531 = VECTOR('',#3532,1.);
#3532 = DIRECTION('',(1.,0.,-0.));
#3533 = ORIENTED_EDGE('',*,*,#3477,.F.);
#3534 = PLANE('',#3535);
#3535 = AXIS2_PLACEMENT_3D('',#3536,#3537,#3538);
#3536 = CARTESIAN_POINT('',(0.,1.,0.));
#3537 = DIRECTION('',(-0.,1.,0.));
#3538 = DIRECTION('',(0.,0.,1.));
#3539 = ADVANCED_FACE('',(#3540),#3546,.F.);
#3540 = FACE_BOUND('',#3541,.F.);
#3541 = EDGE_LOOP('',(#3542,#3543,#3544,#3545));
#3542 = ORIENTED_EDGE('',*,*,#3429,.F.);
#3543 = ORIENTED_EDGE('',*,*,#3499,.T.);
#3544 = ORIENTED_EDGE('',*,*,#3469,.T.);
#3545 = ORIENTED_EDGE('',*,*,#3521,.F.);
#3546 = PLANE('',#3547);
#3547 = AXIS2_PLACEMENT_3D('',#3548,#3549,#3550);
#3548 = CARTESIAN_POINT('',(0.,0.,0.));
#3549 = DIRECTION('',(0.,0.,1.));
#3550 = DIRECTION('',(1.,0.,-0.));
#3551 = ADVANCED_FACE('',(#3552),#3558,.T.);
#3552 = FACE_BOUND('',#3553,.T.);
#3553 = EDGE_LOOP('',(#3554,#3555,#3556,#3557));
#3554 = ORIENTED_EDGE('',*,*,#3445,.F.);
#3555 = ORIENTED_EDGE('',*,*,#3506,.T.);
#3556 = ORIENTED_EDGE('',*,*,#3485,.T.);
#3557 = ORIENTED_EDGE('',*,*,#3528,.F.);
#3558 = PLANE('',#3559);
#3559 = AXIS2_PLACEMENT_3D('',#3560,#3561,#3562);
#3560 = CARTESIAN_POINT('',(0.,0.,5.));
#3561 = DIRECTION('',(0.,0.,1.));
#3562 = DIRECTION('',(1.,0.,-0.));
#3563 = ( GEOMETRIC_REPRESENTATION_CONTEXT(3) 
GLOBAL_UNCERTAINTY_ASSIGNED_CONTEXT((#3567)) 
GLOBAL_UNIT_ASSIGNED_CONTEXT((#3564,#3565,#3566)) REPRESENTATION_CONTEXT
('Context #1','3D Context with UNIT and UNCERTAINTY') );
#3564 = ( LENGTH_UNIT() NAMED_UNIT(*) SI_UNIT(.MILLI.,.METRE.) );
#3565 = ( NAMED_UNIT(*) PLANE_ANGLE_UNIT() SI_UNIT($,.RADIAN.) );
#3566 = ( NAMED_UNIT(*) SI_UNIT($,.STERADIAN.) SOLID_ANGLE_UNIT() );
#3567 = UNCERTAINTY_MEASURE_WITH_UNIT(LENGTH_MEASURE(1.E-07),#3564,
  'distance_accuracy_value','confusion accuracy');
#3568 = CONTEXT_DEPENDENT_SHAPE_REPRESENTATION(#3569,#3571);
#3569 = ( REPRESENTATION_RELATIONSHIP('','',#3412,#10) 
REPRESENTATION_RELATIONSHIP_WITH_TRANSFORMATION(#3570) 
SHAPE_REPRESENTATION_RELATIONSHIP() );
#3570 = ITEM_DEFINED_TRANSFORMATION('','',#11,#91);
#3571 = PRODUCT_DEFINITION_SHAPE('Placement','Placement of an item',
  #3572);
#3572 = NEXT_ASSEMBLY_USAGE_OCCURRENCE('20','Cube016','',#5,#3407,$);
#3573 = PRODUCT_RELATED_PRODUCT_CATEGORY('part',$,(#3409));
#3574 = SHAPE_DEFINITION_REPRESENTATION(#3575,#3581);
#3575 = PRODUCT_DEFINITION_SHAPE('','',#3576);
#3576 = PRODUCT_DEFINITION('design','',#3577,#3580);
#3577 = PRODUCT_DEFINITION_FORMATION('','',#3578);
#3578 = PRODUCT('Cube017','Cube017','',(#3579));
#3579 = PRODUCT_CONTEXT('',#2,'mechanical');
#3580 = PRODUCT_DEFINITION_CONTEXT('part definition',#2,'design');
#3581 = ADVANCED_BREP_SHAPE_REPRESENTATION('',(#11,#3582),#3732);
#3582 = MANIFOLD_SOLID_BREP('',#3583);
#3583 = CLOSED_SHELL('',(#3584,#3624,#3664,#3686,#3708,#3720));
#3584 = ADVANCED_FACE('',(#3585),#3619,.F.);
#3585 = FACE_BOUND('',#3586,.F.);
#3586 = EDGE_LOOP('',(#3587,#3597,#3605,#3613));
#3587 = ORIENTED_EDGE('',*,*,#3588,.F.);
#3588 = EDGE_CURVE('',#3589,#3591,#3593,.T.);
#3589 = VERTEX_POINT('',#3590);
#3590 = CARTESIAN_POINT('',(0.,0.,0.));
#3591 = VERTEX_POINT('',#3592);
#3592 = CARTESIAN_POINT('',(0.,0.,5.));
#3593 = LINE('',#3594,#3595);
#3594 = CARTESIAN_POINT('',(0.,0.,0.));
#3595 = VECTOR('',#3596,1.);
#3596 = DIRECTION('',(0.,0.,1.));
#3597 = ORIENTED_EDGE('',*,*,#3598,.T.);
#3598 = EDGE_CURVE('',#3589,#3599,#3601,.T.);
#3599 = VERTEX_POINT('',#3600);
#3600 = CARTESIAN_POINT('',(0.,1.,0.));
#3601 = LINE('',#3602,#3603);
#3602 = CARTESIAN_POINT('',(0.,0.,0.));
#3603 = VECTOR('',#3604,1.);
#3604 = DIRECTION('',(-0.,1.,0.));
#3605 = ORIENTED_EDGE('',*,*,#3606,.T.);
#3606 = EDGE_CURVE('',#3599,#3607,#3609,.T.);
#3607 = VERTEX_POINT('',#3608);
#3608 = CARTESIAN_POINT('',(0.,1.,5.));
#3609 = LINE('',#3610,#3611);
#3610 = CARTESIAN_POINT('',(0.,1.,0.));
#3611 = VECTOR('',#3612,1.);
#3612 = DIRECTION('',(0.,0.,1.));
#3613 = ORIENTED_EDGE('',*,*,#3614,.F.);
#3614 = EDGE_CURVE('',#3591,#3607,#3615,.T.);
#3615 = LINE('',#3616,#3617);
#3616 = CARTESIAN_POINT('',(0.,0.,5.));
#3617 = VECTOR('',#3618,1.);
#3618 = DIRECTION('',(-0.,1.,0.));
#3619 = PLANE('',#3620);
#3620 = AXIS2_PLACEMENT_3D('',#3621,#3622,#3623);
#3621 = CARTESIAN_POINT('',(0.,0.,0.));
#3622 = DIRECTION('',(1.,0.,-0.));
#3623 = DIRECTION('',(0.,0.,1.));
#3624 = ADVANCED_FACE('',(#3625),#3659,.T.);
#3625 = FACE_BOUND('',#3626,.T.);
#3626 = EDGE_LOOP('',(#3627,#3637,#3645,#3653));
#3627 = ORIENTED_EDGE('',*,*,#3628,.F.);
#3628 = EDGE_CURVE('',#3629,#3631,#3633,.T.);
#3629 = VERTEX_POINT('',#3630);
#3630 = CARTESIAN_POINT('',(1.,0.,0.));
#3631 = VERTEX_POINT('',#3632);
#3632 = CARTESIAN_POINT('',(1.,0.,5.));
#3633 = LINE('',#3634,#3635);
#3634 = CARTESIAN_POINT('',(1.,0.,0.));
#3635 = VECTOR('',#3636,1.);
#3636 = DIRECTION('',(0.,0.,1.));
#3637 = ORIENTED_EDGE('',*,*,#3638,.T.);
#3638 = EDGE_CURVE('',#3629,#3639,#3641,.T.);
#3639 = VERTEX_POINT('',#3640);
#3640 = CARTESIAN_POINT('',(1.,1.,0.));
#3641 = LINE('',#3642,#3643);
#3642 = CARTESIAN_POINT('',(1.,0.,0.));
#3643 = VECTOR('',#3644,1.);
#3644 = DIRECTION('',(-0.,1.,0.));
#3645 = ORIENTED_EDGE('',*,*,#3646,.T.);
#3646 = EDGE_CURVE('',#3639,#3647,#3649,.T.);
#3647 = VERTEX_POINT('',#3648);
#3648 = CARTESIAN_POINT('',(1.,1.,5.));
#3649 = LINE('',#3650,#3651);
#3650 = CARTESIAN_POINT('',(1.,1.,0.));
#3651 = VECTOR('',#3652,1.);
#3652 = DIRECTION('',(0.,0.,1.));
#3653 = ORIENTED_EDGE('',*,*,#3654,.F.);
#3654 = EDGE_CURVE('',#3631,#3647,#3655,.T.);
#3655 = LINE('',#3656,#3657);
#3656 = CARTESIAN_POINT('',(1.,0.,5.));
#3657 = VECTOR('',#3658,1.);
#3658 = DIRECTION('',(-0.,1.,0.));
#3659 = PLANE('',#3660);
#3660 = AXIS2_PLACEMENT_3D('',#3661,#3662,#3663);
#3661 = CARTESIAN_POINT('',(1.,0.,0.));
#3662 = DIRECTION('',(1.,0.,-0.));
#3663 = DIRECTION('',(0.,0.,1.));
#3664 = ADVANCED_FACE('',(#3665),#3681,.F.);
#3665 = FACE_BOUND('',#3666,.F.);
#3666 = EDGE_LOOP('',(#3667,#3673,#3674,#3680));
#3667 = ORIENTED_EDGE('',*,*,#3668,.F.);
#3668 = EDGE_CURVE('',#3589,#3629,#3669,.T.);
#3669 = LINE('',#3670,#3671);
#3670 = CARTESIAN_POINT('',(0.,0.,0.));
#3671 = VECTOR('',#3672,1.);
#3672 = DIRECTION('',(1.,0.,-0.));
#3673 = ORIENTED_EDGE('',*,*,#3588,.T.);
#3674 = ORIENTED_EDGE('',*,*,#3675,.T.);
#3675 = EDGE_CURVE('',#3591,#3631,#3676,.T.);
#3676 = LINE('',#3677,#3678);
#3677 = CARTESIAN_POINT('',(0.,0.,5.));
#3678 = VECTOR('',#3679,1.);
#3679 = DIRECTION('',(1.,0.,-0.));
#3680 = ORIENTED_EDGE('',*,*,#3628,.F.);
#3681 = PLANE('',#3682);
#3682 = AXIS2_PLACEMENT_3D('',#3683,#3684,#3685);
#3683 = CARTESIAN_POINT('',(0.,0.,0.));
#3684 = DIRECTION('',(-0.,1.,0.));
#3685 = DIRECTION('',(0.,0.,1.));
#3686 = ADVANCED_FACE('',(#3687),#3703,.T.);
#3687 = FACE_BOUND('',#3688,.T.);
#3688 = EDGE_LOOP('',(#3689,#3695,#3696,#3702));
#3689 = ORIENTED_EDGE('',*,*,#3690,.F.);
#3690 = EDGE_CURVE('',#3599,#3639,#3691,.T.);
#3691 = LINE('',#3692,#3693);
#3692 = CARTESIAN_POINT('',(0.,1.,0.));
#3693 = VECTOR('',#3694,1.);
#3694 = DIRECTION('',(1.,0.,-0.));
#3695 = ORIENTED_EDGE('',*,*,#3606,.T.);
#3696 = ORIENTED_EDGE('',*,*,#3697,.T.);
#3697 = EDGE_CURVE('',#3607,#3647,#3698,.T.);
#3698 = LINE('',#3699,#3700);
#3699 = CARTESIAN_POINT('',(0.,1.,5.));
#3700 = VECTOR('',#3701,1.);
#3701 = DIRECTION('',(1.,0.,-0.));
#3702 = ORIENTED_EDGE('',*,*,#3646,.F.);
#3703 = PLANE('',#3704);
#3704 = AXIS2_PLACEMENT_3D('',#3705,#3706,#3707);
#3705 = CARTESIAN_POINT('',(0.,1.,0.));
#3706 = DIRECTION('',(-0.,1.,0.));
#3707 = DIRECTION('',(0.,0.,1.));
#3708 = ADVANCED_FACE('',(#3709),#3715,.F.);
#3709 = FACE_BOUND('',#3710,.F.);
#3710 = EDGE_LOOP('',(#3711,#3712,#3713,#3714));
#3711 = ORIENTED_EDGE('',*,*,#3598,.F.);
#3712 = ORIENTED_EDGE('',*,*,#3668,.T.);
#3713 = ORIENTED_EDGE('',*,*,#3638,.T.);
#3714 = ORIENTED_EDGE('',*,*,#3690,.F.);
#3715 = PLANE('',#3716);
#3716 = AXIS2_PLACEMENT_3D('',#3717,#3718,#3719);
#3717 = CARTESIAN_POINT('',(0.,0.,0.));
#3718 = DIRECTION('',(0.,0.,1.));
#3719 = DIRECTION('',(1.,0.,-0.));
#3720 = ADVANCED_FACE('',(#3721),#3727,.T.);
#3721 = FACE_BOUND('',#3722,.T.);
#3722 = EDGE_LOOP('',(#3723,#3724,#3725,#3726));
#3723 = ORIENTED_EDGE('',*,*,#3614,.F.);
#3724 = ORIENTED_EDGE('',*,*,#3675,.T.);
#3725 = ORIENTED_EDGE('',*,*,#3654,.T.);
#3726 = ORIENTED_EDGE('',*,*,#3697,.F.);
#3727 = PLANE('',#3728);
#3728 = AXIS2_PLACEMENT_3D('',#3729,#3730,#3731);
#3729 = CARTESIAN_POINT('',(0.,0.,5.));
#3730 = DIRECTION('',(0.,0.,1.));
#3731 = DIRECTION('',(1.,0.,-0.));
#3732 = ( GEOMETRIC_REPRESENTATION_CONTEXT(3) 
GLOBAL_UNCERTAINTY_ASSIGNED_CONTEXT((#3736)) 
GLOBAL_UNIT_ASSIGNED_CONTEXT((#3733,#3734,#3735)) REPRESENTATION_CONTEXT
('Context #1','3D Context with UNIT and UNCERTAINTY') );
#3733 = ( LENGTH_UNIT() NAMED_UNIT(*) SI_UNIT(.MILLI.,.METRE.) );
#3734 = ( NAMED_UNIT(*) PLANE_ANGLE_UNIT() SI_UNIT($,.RADIAN.) );
#3735 = ( NAMED_UNIT(*) SI_UNIT($,.STERADIAN.) SOLID_ANGLE_UNIT() );
#3736 = UNCERTAINTY_MEASURE_WITH_UNIT(LENGTH_MEASURE(1.E-07),#3733,
  'distance_accuracy_value','confusion accuracy');
#3737 = CONTEXT_DEPENDENT_SHAPE_REPRESENTATION(#3738,#3740);
#3738 = ( REPRESENTATION_RELATIONSHIP('','',#3581,#10) 
REPRESENTATION_RELATIONSHIP_WITH_TRANSFORMATION(#3739) 
SHAPE_REPRESENTATION_RELATIONSHIP() );
#3739 = ITEM_DEFINED_TRANSFORMATION('','',#11,#95);
#3740 = PRODUCT_DEFINITION_SHAPE('Placement','Placement of an item',
  #3741);
#3741 = NEXT_ASSEMBLY_USAGE_OCCURRENCE('21','Cube017','',#5,#3576,$);
#3742 = PRODUCT_RELATED_PRODUCT_CATEGORY('part',$,(#3578));
#3743 = SHAPE_DEFINITION_REPRESENTATION(#3744,#3750);
#3744 = PRODUCT_DEFINITION_SHAPE('','',#3745);
#3745 = PRODUCT_DEFINITION('design','',#3746,#3749);
#3746 = PRODUCT_DEFINITION_FORMATION('','',#3747);
#3747 = PRODUCT('Cube018','Cube018','',(#3748));
#3748 = PRODUCT_CONTEXT('',#2,'mechanical');
#3749 = PRODUCT_DEFINITION_CONTEXT('part definition',#2,'design');
#3750 = ADVANCED_BREP_SHAPE_REPRESENTATION('',(#11,#3751),#3901);
#3751 = MANIFOLD_SOLID_BREP('',#3752);
#3752 = CLOSED_SHELL('',(#3753,#3793,#3833,#3855,#3877,#3889));
#3753 = ADVANCED_FACE('',(#3754),#3788,.F.);
#3754 = FACE_BOUND('',#3755,.F.);
#3755 = EDGE_LOOP('',(#3756,#3766,#3774,#3782));
#3756 = ORIENTED_EDGE('',*,*,#3757,.F.);
#3757 = EDGE_CURVE('',#3758,#3760,#3762,.T.);
#3758 = VERTEX_POINT('',#3759);
#3759 = CARTESIAN_POINT('',(0.,0.,0.));
#3760 = VERTEX_POINT('',#3761);
#3761 = CARTESIAN_POINT('',(0.,0.,5.));
#3762 = LINE('',#3763,#3764);
#3763 = CARTESIAN_POINT('',(0.,0.,0.));
#3764 = VECTOR('',#3765,1.);
#3765 = DIRECTION('',(0.,0.,1.));
#3766 = ORIENTED_EDGE('',*,*,#3767,.T.);
#3767 = EDGE_CURVE('',#3758,#3768,#3770,.T.);
#3768 = VERTEX_POINT('',#3769);
#3769 = CARTESIAN_POINT('',(0.,1.,0.));
#3770 = LINE('',#3771,#3772);
#3771 = CARTESIAN_POINT('',(0.,0.,0.));
#3772 = VECTOR('',#3773,1.);
#3773 = DIRECTION('',(-0.,1.,0.));
#3774 = ORIENTED_EDGE('',*,*,#3775,.T.);
#3775 = EDGE_CURVE('',#3768,#3776,#3778,.T.);
#3776 = VERTEX_POINT('',#3777);
#3777 = CARTESIAN_POINT('',(0.,1.,5.));
#3778 = LINE('',#3779,#3780);
#3779 = CARTESIAN_POINT('',(0.,1.,0.));
#3780 = VECTOR('',#3781,1.);
#3781 = DIRECTION('',(0.,0.,1.));
#3782 = ORIENTED_EDGE('',*,*,#3783,.F.);
#3783 = EDGE_CURVE('',#3760,#3776,#3784,.T.);
#3784 = LINE('',#3785,#3786);
#3785 = CARTESIAN_POINT('',(0.,0.,5.));
#3786 = VECTOR('',#3787,1.);
#3787 = DIRECTION('',(-0.,1.,0.));
#3788 = PLANE('',#3789);
#3789 = AXIS2_PLACEMENT_3D('',#3790,#3791,#3792);
#3790 = CARTESIAN_POINT('',(0.,0.,0.));
#3791 = DIRECTION('',(1.,0.,-0.));
#3792 = DIRECTION('',(0.,0.,1.));
#3793 = ADVANCED_FACE('',(#3794),#3828,.T.);
#3794 = FACE_BOUND('',#3795,.T.);
#3795 = EDGE_LOOP('',(#3796,#3806,#3814,#3822));
#3796 = ORIENTED_EDGE('',*,*,#3797,.F.);
#3797 = EDGE_CURVE('',#3798,#3800,#3802,.T.);
#3798 = VERTEX_POINT('',#3799);
#3799 = CARTESIAN_POINT('',(1.,0.,0.));
#3800 = VERTEX_POINT('',#3801);
#3801 = CARTESIAN_POINT('',(1.,0.,5.));
#3802 = LINE('',#3803,#3804);
#3803 = CARTESIAN_POINT('',(1.,0.,0.));
#3804 = VECTOR('',#3805,1.);
#3805 = DIRECTION('',(0.,0.,1.));
#3806 = ORIENTED_EDGE('',*,*,#3807,.T.);
#3807 = EDGE_CURVE('',#3798,#3808,#3810,.T.);
#3808 = VERTEX_POINT('',#3809);
#3809 = CARTESIAN_POINT('',(1.,1.,0.));
#3810 = LINE('',#3811,#3812);
#3811 = CARTESIAN_POINT('',(1.,0.,0.));
#3812 = VECTOR('',#3813,1.);
#3813 = DIRECTION('',(-0.,1.,0.));
#3814 = ORIENTED_EDGE('',*,*,#3815,.T.);
#3815 = EDGE_CURVE('',#3808,#3816,#3818,.T.);
#3816 = VERTEX_POINT('',#3817);
#3817 = CARTESIAN_POINT('',(1.,1.,5.));
#3818 = LINE('',#3819,#3820);
#3819 = CARTESIAN_POINT('',(1.,1.,0.));
#3820 = VECTOR('',#3821,1.);
#3821 = DIRECTION('',(0.,0.,1.));
#3822 = ORIENTED_EDGE('',*,*,#3823,.F.);
#3823 = EDGE_CURVE('',#3800,#3816,#3824,.T.);
#3824 = LINE('',#3825,#3826);
#3825 = CARTESIAN_POINT('',(1.,0.,5.));
#3826 = VECTOR('',#3827,1.);
#3827 = DIRECTION('',(-0.,1.,0.));
#3828 = PLANE('',#3829);
#3829 = AXIS2_PLACEMENT_3D('',#3830,#3831,#3832);
#3830 = CARTESIAN_POINT('',(1.,0.,0.));
#3831 = DIRECTION('',(1.,0.,-0.));
#3832 = DIRECTION('',(0.,0.,1.));
#3833 = ADVANCED_FACE('',(#3834),#3850,.F.);
#3834 = FACE_BOUND('',#3835,.F.);
#3835 = EDGE_LOOP('',(#3836,#3842,#3843,#3849));
#3836 = ORIENTED_EDGE('',*,*,#3837,.F.);
#3837 = EDGE_CURVE('',#3758,#3798,#3838,.T.);
#3838 = LINE('',#3839,#3840);
#3839 = CARTESIAN_POINT('',(0.,0.,0.));
#3840 = VECTOR('',#3841,1.);
#3841 = DIRECTION('',(1.,0.,-0.));
#3842 = ORIENTED_EDGE('',*,*,#3757,.T.);
#3843 = ORIENTED_EDGE('',*,*,#3844,.T.);
#3844 = EDGE_CURVE('',#3760,#3800,#3845,.T.);
#3845 = LINE('',#3846,#3847);
#3846 = CARTESIAN_POINT('',(0.,0.,5.));
#3847 = VECTOR('',#3848,1.);
#3848 = DIRECTION('',(1.,0.,-0.));
#3849 = ORIENTED_EDGE('',*,*,#3797,.F.);
#3850 = PLANE('',#3851);
#3851 = AXIS2_PLACEMENT_3D('',#3852,#3853,#3854);
#3852 = CARTESIAN_POINT('',(0.,0.,0.));
#3853 = DIRECTION('',(-0.,1.,0.));
#3854 = DIRECTION('',(0.,0.,1.));
#3855 = ADVANCED_FACE('',(#3856),#3872,.T.);
#3856 = FACE_BOUND('',#3857,.T.);
#3857 = EDGE_LOOP('',(#3858,#3864,#3865,#3871));
#3858 = ORIENTED_EDGE('',*,*,#3859,.F.);
#3859 = EDGE_CURVE('',#3768,#3808,#3860,.T.);
#3860 = LINE('',#3861,#3862);
#3861 = CARTESIAN_POINT('',(0.,1.,0.));
#3862 = VECTOR('',#3863,1.);
#3863 = DIRECTION('',(1.,0.,-0.));
#3864 = ORIENTED_EDGE('',*,*,#3775,.T.);
#3865 = ORIENTED_EDGE('',*,*,#3866,.T.);
#3866 = EDGE_CURVE('',#3776,#3816,#3867,.T.);
#3867 = LINE('',#3868,#3869);
#3868 = CARTESIAN_POINT('',(0.,1.,5.));
#3869 = VECTOR('',#3870,1.);
#3870 = DIRECTION('',(1.,0.,-0.));
#3871 = ORIENTED_EDGE('',*,*,#3815,.F.);
#3872 = PLANE('',#3873);
#3873 = AXIS2_PLACEMENT_3D('',#3874,#3875,#3876);
#3874 = CARTESIAN_POINT('',(0.,1.,0.));
#3875 = DIRECTION('',(-0.,1.,0.));
#3876 = DIRECTION('',(0.,0.,1.));
#3877 = ADVANCED_FACE('',(#3878),#3884,.F.);
#3878 = FACE_BOUND('',#3879,.F.);
#3879 = EDGE_LOOP('',(#3880,#3881,#3882,#3883));
#3880 = ORIENTED_EDGE('',*,*,#3767,.F.);
#3881 = ORIENTED_EDGE('',*,*,#3837,.T.);
#3882 = ORIENTED_EDGE('',*,*,#3807,.T.);
#3883 = ORIENTED_EDGE('',*,*,#3859,.F.);
#3884 = PLANE('',#3885);
#3885 = AXIS2_PLACEMENT_3D('',#3886,#3887,#3888);
#3886 = CARTESIAN_POINT('',(0.,0.,0.));
#3887 = DIRECTION('',(0.,0.,1.));
#3888 = DIRECTION('',(1.,0.,-0.));
#3889 = ADVANCED_FACE('',(#3890),#3896,.T.);
#3890 = FACE_BOUND('',#3891,.T.);
#3891 = EDGE_LOOP('',(#3892,#3893,#3894,#3895));
#3892 = ORIENTED_EDGE('',*,*,#3783,.F.);
#3893 = ORIENTED_EDGE('',*,*,#3844,.T.);
#3894 = ORIENTED_EDGE('',*,*,#3823,.T.);
#3895 = ORIENTED_EDGE('',*,*,#3866,.F.);
#3896 = PLANE('',#3897);
#3897 = AXIS2_PLACEMENT_3D('',#3898,#3899,#3900);
#3898 = CARTESIAN_POINT('',(0.,0.,5.));
#3899 = DIRECTION('',(0.,0.,1.));
#3900 = DIRECTION('',(1.,0.,-0.));
#3901 = ( GEOMETRIC_REPRESENTATION_CONTEXT(3) 
GLOBAL_UNCERTAINTY_ASSIGNED_CONTEXT((#3905)) 
GLOBAL_UNIT_ASSIGNED_CONTEXT((#3902,#3903,#3904)) REPRESENTATION_CONTEXT
('Context #1','3D Context with UNIT and UNCERTAINTY') );
#3902 = ( LENGTH_UNIT() NAMED_UNIT(*) SI_UNIT(.MILLI.,.METRE.) );
#3903 = ( NAMED_UNIT(*) PLANE_ANGLE_UNIT() SI_UNIT($,.RADIAN.) );
#3904 = ( NAMED_UNIT(*) SI_UNIT($,.STERADIAN.) SOLID_ANGLE_UNIT() );
#3905 = UNCERTAINTY_MEASURE_WITH_UNIT(LENGTH_MEASURE(1.E-07),#3902,
  'distance_accuracy_value','confusion accuracy');
#3906 = CONTEXT_DEPENDENT_SHAPE_REPRESENTATION(#3907,#3909);
#3907 = ( REPRESENTATION_RELATIONSHIP('','',#3750,#10) 
REPRESENTATION_RELATIONSHIP_WITH_TRANSFORMATION(#3908) 
SHAPE_REPRESENTATION_RELATIONSHIP() );
#3908 = ITEM_DEFINED_TRANSFORMATION('','',#11,#99);
#3909 = PRODUCT_DEFINITION_SHAPE('Placement','Placement of an item',
  #3910);
#3910 = NEXT_ASSEMBLY_USAGE_OCCURRENCE('22','Cube018','',#5,#3745,$);
#3911 = PRODUCT_RELATED_PRODUCT_CATEGORY('part',$,(#3747));
#3912 = SHAPE_DEFINITION_REPRESENTATION(#3913,#3919);
#3913 = PRODUCT_DEFINITION_SHAPE('','',#3914);
#3914 = PRODUCT_DEFINITION('design','',#3915,#3918);
#3915 = PRODUCT_DEFINITION_FORMATION('','',#3916);
#3916 = PRODUCT('Cube019','Cube019','',(#3917));
#3917 = PRODUCT_CONTEXT('',#2,'mechanical');
#3918 = PRODUCT_DEFINITION_CONTEXT('part definition',#2,'design');
#3919 = ADVANCED_BREP_SHAPE_REPRESENTATION('',(#11,#3920),#4070);
#3920 = MANIFOLD_SOLID_BREP('',#3921);
#3921 = CLOSED_SHELL('',(#3922,#3962,#4002,#4024,#4046,#4058));
#3922 = ADVANCED_FACE('',(#3923),#3957,.F.);
#3923 = FACE_BOUND('',#3924,.F.);
#3924 = EDGE_LOOP('',(#3925,#3935,#3943,#3951));
#3925 = ORIENTED_EDGE('',*,*,#3926,.F.);
#3926 = EDGE_CURVE('',#3927,#3929,#3931,.T.);
#3927 = VERTEX_POINT('',#3928);
#3928 = CARTESIAN_POINT('',(0.,0.,0.));
#3929 = VERTEX_POINT('',#3930);
#3930 = CARTESIAN_POINT('',(0.,0.,5.));
#3931 = LINE('',#3932,#3933);
#3932 = CARTESIAN_POINT('',(0.,0.,0.));
#3933 = VECTOR('',#3934,1.);
#3934 = DIRECTION('',(0.,0.,1.));
#3935 = ORIENTED_EDGE('',*,*,#3936,.T.);
#3936 = EDGE_CURVE('',#3927,#3937,#3939,.T.);
#3937 = VERTEX_POINT('',#3938);
#3938 = CARTESIAN_POINT('',(0.,1.,0.));
#3939 = LINE('',#3940,#3941);
#3940 = CARTESIAN_POINT('',(0.,0.,0.));
#3941 = VECTOR('',#3942,1.);
#3942 = DIRECTION('',(-0.,1.,0.));
#3943 = ORIENTED_EDGE('',*,*,#3944,.T.);
#3944 = EDGE_CURVE('',#3937,#3945,#3947,.T.);
#3945 = VERTEX_POINT('',#3946);
#3946 = CARTESIAN_POINT('',(0.,1.,5.));
#3947 = LINE('',#3948,#3949);
#3948 = CARTESIAN_POINT('',(0.,1.,0.));
#3949 = VECTOR('',#3950,1.);
#3950 = DIRECTION('',(0.,0.,1.));
#3951 = ORIENTED_EDGE('',*,*,#3952,.F.);
#3952 = EDGE_CURVE('',#3929,#3945,#3953,.T.);
#3953 = LINE('',#3954,#3955);
#3954 = CARTESIAN_POINT('',(0.,0.,5.));
#3955 = VECTOR('',#3956,1.);
#3956 = DIRECTION('',(-0.,1.,0.));
#3957 = PLANE('',#3958);
#3958 = AXIS2_PLACEMENT_3D('',#3959,#3960,#3961);
#3959 = CARTESIAN_POINT('',(0.,0.,0.));
#3960 = DIRECTION('',(1.,0.,-0.));
#3961 = DIRECTION('',(0.,0.,1.));
#3962 = ADVANCED_FACE('',(#3963),#3997,.T.);
#3963 = FACE_BOUND('',#3964,.T.);
#3964 = EDGE_LOOP('',(#3965,#3975,#3983,#3991));
#3965 = ORIENTED_EDGE('',*,*,#3966,.F.);
#3966 = EDGE_CURVE('',#3967,#3969,#3971,.T.);
#3967 = VERTEX_POINT('',#3968);
#3968 = CARTESIAN_POINT('',(1.,0.,0.));
#3969 = VERTEX_POINT('',#3970);
#3970 = CARTESIAN_POINT('',(1.,0.,5.));
#3971 = LINE('',#3972,#3973);
#3972 = CARTESIAN_POINT('',(1.,0.,0.));
#3973 = VECTOR('',#3974,1.);
#3974 = DIRECTION('',(0.,0.,1.));
#3975 = ORIENTED_EDGE('',*,*,#3976,.T.);
#3976 = EDGE_CURVE('',#3967,#3977,#3979,.T.);
#3977 = VERTEX_POINT('',#3978);
#3978 = CARTESIAN_POINT('',(1.,1.,0.));
#3979 = LINE('',#3980,#3981);
#3980 = CARTESIAN_POINT('',(1.,0.,0.));
#3981 = VECTOR('',#3982,1.);
#3982 = DIRECTION('',(-0.,1.,0.));
#3983 = ORIENTED_EDGE('',*,*,#3984,.T.);
#3984 = EDGE_CURVE('',#3977,#3985,#3987,.T.);
#3985 = VERTEX_POINT('',#3986);
#3986 = CARTESIAN_POINT('',(1.,1.,5.));
#3987 = LINE('',#3988,#3989);
#3988 = CARTESIAN_POINT('',(1.,1.,0.));
#3989 = VECTOR('',#3990,1.);
#3990 = DIRECTION('',(0.,0.,1.));
#3991 = ORIENTED_EDGE('',*,*,#3992,.F.);
#3992 = EDGE_CURVE('',#3969,#3985,#3993,.T.);
#3993 = LINE('',#3994,#3995);
#3994 = CARTESIAN_POINT('',(1.,0.,5.));
#3995 = VECTOR('',#3996,1.);
#3996 = DIRECTION('',(-0.,1.,0.));
#3997 = PLANE('',#3998);
#3998 = AXIS2_PLACEMENT_3D('',#3999,#4000,#4001);
#3999 = CARTESIAN_POINT('',(1.,0.,0.));
#4000 = DIRECTION('',(1.,0.,-0.));
#4001 = DIRECTION('',(0.,0.,1.));
#4002 = ADVANCED_FACE('',(#4003),#4019,.F.);
#4003 = FACE_BOUND('',#4004,.F.);
#4004 = EDGE_LOOP('',(#4005,#4011,#4012,#4018));
#4005 = ORIENTED_EDGE('',*,*,#4006,.F.);
#4006 = EDGE_CURVE('',#3927,#3967,#4007,.T.);
#4007 = LINE('',#4008,#4009);
#4008 = CARTESIAN_POINT('',(0.,0.,0.));
#4009 = VECTOR('',#4010,1.);
#4010 = DIRECTION('',(1.,0.,-0.));
#4011 = ORIENTED_EDGE('',*,*,#3926,.T.);
#4012 = ORIENTED_EDGE('',*,*,#4013,.T.);
#4013 = EDGE_CURVE('',#3929,#3969,#4014,.T.);
#4014 = LINE('',#4015,#4016);
#4015 = CARTESIAN_POINT('',(0.,0.,5.));
#4016 = VECTOR('',#4017,1.);
#4017 = DIRECTION('',(1.,0.,-0.));
#4018 = ORIENTED_EDGE('',*,*,#3966,.F.);
#4019 = PLANE('',#4020);
#4020 = AXIS2_PLACEMENT_3D('',#4021,#4022,#4023);
#4021 = CARTESIAN_POINT('',(0.,0.,0.));
#4022 = DIRECTION('',(-0.,1.,0.));
#4023 = DIRECTION('',(0.,0.,1.));
#4024 = ADVANCED_FACE('',(#4025),#4041,.T.);
#4025 = FACE_BOUND('',#4026,.T.);
#4026 = EDGE_LOOP('',(#4027,#4033,#4034,#4040));
#4027 = ORIENTED_EDGE('',*,*,#4028,.F.);
#4028 = EDGE_CURVE('',#3937,#3977,#4029,.T.);
#4029 = LINE('',#4030,#4031);
#4030 = CARTESIAN_POINT('',(0.,1.,0.));
#4031 = VECTOR('',#4032,1.);
#4032 = DIRECTION('',(1.,0.,-0.));
#4033 = ORIENTED_EDGE('',*,*,#3944,.T.);
#4034 = ORIENTED_EDGE('',*,*,#4035,.T.);
#4035 = EDGE_CURVE('',#3945,#3985,#4036,.T.);
#4036 = LINE('',#4037,#4038);
#4037 = CARTESIAN_POINT('',(0.,1.,5.));
#4038 = VECTOR('',#4039,1.);
#4039 = DIRECTION('',(1.,0.,-0.));
#4040 = ORIENTED_EDGE('',*,*,#3984,.F.);
#4041 = PLANE('',#4042);
#4042 = AXIS2_PLACEMENT_3D('',#4043,#4044,#4045);
#4043 = CARTESIAN_POINT('',(0.,1.,0.));
#4044 = DIRECTION('',(-0.,1.,0.));
#4045 = DIRECTION('',(0.,0.,1.));
#4046 = ADVANCED_FACE('',(#4047),#4053,.F.);
#4047 = FACE_BOUND('',#4048,.F.);
#4048 = EDGE_LOOP('',(#4049,#4050,#4051,#4052));
#4049 = ORIENTED_EDGE('',*,*,#3936,.F.);
#4050 = ORIENTED_EDGE('',*,*,#4006,.T.);
#4051 = ORIENTED_EDGE('',*,*,#3976,.T.);
#4052 = ORIENTED_EDGE('',*,*,#4028,.F.);
#4053 = PLANE('',#4054);
#4054 = AXIS2_PLACEMENT_3D('',#4055,#4056,#4057);
#4055 = CARTESIAN_POINT('',(0.,0.,0.));
#4056 = DIRECTION('',(0.,0.,1.));
#4057 = DIRECTION('',(1.,0.,-0.));
#4058 = ADVANCED_FACE('',(#4059),#4065,.T.);
#4059 = FACE_BOUND('',#4060,.T.);
#4060 = EDGE_LOOP('',(#4061,#4062,#4063,#4064));
#4061 = ORIENTED_EDGE('',*,*,#3952,.F.);
#4062 = ORIENTED_EDGE('',*,*,#4013,.T.);
#4063 = ORIENTED_EDGE('',*,*,#3992,.T.);
#4064 = ORIENTED_EDGE('',*,*,#4035,.F.);
#4065 = PLANE('',#4066);
#4066 = AXIS2_PLACEMENT_3D('',#4067,#4068,#4069);
#4067 = CARTESIAN_POINT('',(0.,0.,5.));
#4068 = DIRECTION('',(0.,0.,1.));
#4069 = DIRECTION('',(1.,0.,-0.));
#4070 = ( GEOMETRIC_REPRESENTATION_CONTEXT(3) 
GLOBAL_UNCERTAINTY_ASSIGNED_CONTEXT((#4074)) 
GLOBAL_UNIT_ASSIGNED_CONTEXT((#4071,#4072,#4073)) REPRESENTATION_CONTEXT
('Context #1','3D Context with UNIT and UNCERTAINTY') );
#4071 = ( LENGTH_UNIT() NAMED_UNIT(*) SI_UNIT(.MILLI.,.METRE.) );
#4072 = ( NAMED_UNIT(*) PLANE_ANGLE_UNIT() SI_UNIT($,.RADIAN.) );
#4073 = ( NAMED_UNIT(*) SI_UNIT($,.STERADIAN.) SOLID_ANGLE_UNIT() );
#4074 = UNCERTAINTY_MEASURE_WITH_UNIT(LENGTH_MEASURE(1.E-07),#4071,
  'distance_accuracy_value','confusion accuracy');
#4075 = CONTEXT_DEPENDENT_SHAPE_REPRESENTATION(#4076,#4078);
#4076 = ( REPRESENTATION_RELATIONSHIP('','',#3919,#10) 
REPRESENTATION_RELATIONSHIP_WITH_TRANSFORMATION(#4077) 
SHAPE_REPRESENTATION_RELATIONSHIP() );
#4077 = ITEM_DEFINED_TRANSFORMATION('','',#11,#103);
#4078 = PRODUCT_DEFINITION_SHAPE('Placement','Placement of an item',
  #4079);
#4079 = NEXT_ASSEMBLY_USAGE_OCCURRENCE('23','Cube019','',#5,#3914,$);
#4080 = PRODUCT_RELATED_PRODUCT_CATEGORY('part',$,(#3916));
#4081 = SHAPE_DEFINITION_REPRESENTATION(#4082,#4088);
#4082 = PRODUCT_DEFINITION_SHAPE('','',#4083);
#4083 = PRODUCT_DEFINITION('design','',#4084,#4087);
#4084 = PRODUCT_DEFINITION_FORMATION('','',#4085);
#4085 = PRODUCT('Cube020','Cube020','',(#4086));
#4086 = PRODUCT_CONTEXT('',#2,'mechanical');
#4087 = PRODUCT_DEFINITION_CONTEXT('part definition',#2,'design');
#4088 = ADVANCED_BREP_SHAPE_REPRESENTATION('',(#11,#4089),#4239);
#4089 = MANIFOLD_SOLID_BREP('',#4090);
#4090 = CLOSED_SHELL('',(#4091,#4131,#4171,#4193,#4215,#4227));
#4091 = ADVANCED_FACE('',(#4092),#4126,.F.);
#4092 = FACE_BOUND('',#4093,.F.);
#4093 = EDGE_LOOP('',(#4094,#4104,#4112,#4120));
#4094 = ORIENTED_EDGE('',*,*,#4095,.F.);
#4095 = EDGE_CURVE('',#4096,#4098,#4100,.T.);
#4096 = VERTEX_POINT('',#4097);
#4097 = CARTESIAN_POINT('',(0.,0.,0.));
#4098 = VERTEX_POINT('',#4099);
#4099 = CARTESIAN_POINT('',(0.,0.,5.));
#4100 = LINE('',#4101,#4102);
#4101 = CARTESIAN_POINT('',(0.,0.,0.));
#4102 = VECTOR('',#4103,1.);
#4103 = DIRECTION('',(0.,0.,1.));
#4104 = ORIENTED_EDGE('',*,*,#4105,.T.);
#4105 = EDGE_CURVE('',#4096,#4106,#4108,.T.);
#4106 = VERTEX_POINT('',#4107);
#4107 = CARTESIAN_POINT('',(0.,1.,0.));
#4108 = LINE('',#4109,#4110);
#4109 = CARTESIAN_POINT('',(0.,0.,0.));
#4110 = VECTOR('',#4111,1.);
#4111 = DIRECTION('',(-0.,1.,0.));
#4112 = ORIENTED_EDGE('',*,*,#4113,.T.);
#4113 = EDGE_CURVE('',#4106,#4114,#4116,.T.);
#4114 = VERTEX_POINT('',#4115);
#4115 = CARTESIAN_POINT('',(0.,1.,5.));
#4116 = LINE('',#4117,#4118);
#4117 = CARTESIAN_POINT('',(0.,1.,0.));
#4118 = VECTOR('',#4119,1.);
#4119 = DIRECTION('',(0.,0.,1.));
#4120 = ORIENTED_EDGE('',*,*,#4121,.F.);
#4121 = EDGE_CURVE('',#4098,#4114,#4122,.T.);
#4122 = LINE('',#4123,#4124);
#4123 = CARTESIAN_POINT('',(0.,0.,5.));
#4124 = VECTOR('',#4125,1.);
#4125 = DIRECTION('',(-0.,1.,0.));
#4126 = PLANE('',#4127);
#4127 = AXIS2_PLACEMENT_3D('',#4128,#4129,#4130);
#4128 = CARTESIAN_POINT('',(0.,0.,0.));
#4129 = DIRECTION('',(1.,0.,-0.));
#4130 = DIRECTION('',(0.,0.,1.));
#4131 = ADVANCED_FACE('',(#4132),#4166,.T.);
#4132 = FACE_BOUND('',#4133,.T.);
#4133 = EDGE_LOOP('',(#4134,#4144,#4152,#4160));
#4134 = ORIENTED_EDGE('',*,*,#4135,.F.);
#4135 = EDGE_CURVE('',#4136,#4138,#4140,.T.);
#4136 = VERTEX_POINT('',#4137);
#4137 = CARTESIAN_POINT('',(1.,0.,0.));
#4138 = VERTEX_POINT('',#4139);
#4139 = CARTESIAN_POINT('',(1.,0.,5.));
#4140 = LINE('',#4141,#4142);
#4141 = CARTESIAN_POINT('',(1.,0.,0.));
#4142 = VECTOR('',#4143,1.);
#4143 = DIRECTION('',(0.,0.,1.));
#4144 = ORIENTED_EDGE('',*,*,#4145,.T.);
#4145 = EDGE_CURVE('',#4136,#4146,#4148,.T.);
#4146 = VERTEX_POINT('',#4147);
#4147 = CARTESIAN_POINT('',(1.,1.,0.));
#4148 = LINE('',#4149,#4150);
#4149 = CARTESIAN_POINT('',(1.,0.,0.));
#4150 = VECTOR('',#4151,1.);
#4151 = DIRECTION('',(-0.,1.,0.));
#4152 = ORIENTED_EDGE('',*,*,#4153,.T.);
#4153 = EDGE_CURVE('',#4146,#4154,#4156,.T.);
#4154 = VERTEX_POINT('',#4155);
#4155 = CARTESIAN_POINT('',(1.,1.,5.));
#4156 = LINE('',#4157,#4158);
#4157 = CARTESIAN_POINT('',(1.,1.,0.));
#4158 = VECTOR('',#4159,1.);
#4159 = DIRECTION('',(0.,0.,1.));
#4160 = ORIENTED_EDGE('',*,*,#4161,.F.);
#4161 = EDGE_CURVE('',#4138,#4154,#4162,.T.);
#4162 = LINE('',#4163,#4164);
#4163 = CARTESIAN_POINT('',(1.,0.,5.));
#4164 = VECTOR('',#4165,1.);
#4165 = DIRECTION('',(-0.,1.,0.));
#4166 = PLANE('',#4167);
#4167 = AXIS2_PLACEMENT_3D('',#4168,#4169,#4170);
#4168 = CARTESIAN_POINT('',(1.,0.,0.));
#4169 = DIRECTION('',(1.,0.,-0.));
#4170 = DIRECTION('',(0.,0.,1.));
#4171 = ADVANCED_FACE('',(#4172),#4188,.F.);
#4172 = FACE_BOUND('',#4173,.F.);
#4173 = EDGE_LOOP('',(#4174,#4180,#4181,#4187));
#4174 = ORIENTED_EDGE('',*,*,#4175,.F.);
#4175 = EDGE_CURVE('',#4096,#4136,#4176,.T.);
#4176 = LINE('',#4177,#4178);
#4177 = CARTESIAN_POINT('',(0.,0.,0.));
#4178 = VECTOR('',#4179,1.);
#4179 = DIRECTION('',(1.,0.,-0.));
#4180 = ORIENTED_EDGE('',*,*,#4095,.T.);
#4181 = ORIENTED_EDGE('',*,*,#4182,.T.);
#4182 = EDGE_CURVE('',#4098,#4138,#4183,.T.);
#4183 = LINE('',#4184,#4185);
#4184 = CARTESIAN_POINT('',(0.,0.,5.));
#4185 = VECTOR('',#4186,1.);
#4186 = DIRECTION('',(1.,0.,-0.));
#4187 = ORIENTED_EDGE('',*,*,#4135,.F.);
#4188 = PLANE('',#4189);
#4189 = AXIS2_PLACEMENT_3D('',#4190,#4191,#4192);
#4190 = CARTESIAN_POINT('',(0.,0.,0.));
#4191 = DIRECTION('',(-0.,1.,0.));
#4192 = DIRECTION('',(0.,0.,1.));
#4193 = ADVANCED_FACE('',(#4194),#4210,.T.);
#4194 = FACE_BOUND('',#4195,.T.);
#4195 = EDGE_LOOP('',(#4196,#4202,#4203,#4209));
#4196 = ORIENTED_EDGE('',*,*,#4197,.F.);
#4197 = EDGE_CURVE('',#4106,#4146,#4198,.T.);
#4198 = LINE('',#4199,#4200);
#4199 = CARTESIAN_POINT('',(0.,1.,0.));
#4200 = VECTOR('',#4201,1.);
#4201 = DIRECTION('',(1.,0.,-0.));
#4202 = ORIENTED_EDGE('',*,*,#4113,.T.);
#4203 = ORIENTED_EDGE('',*,*,#4204,.T.);
#4204 = EDGE_CURVE('',#4114,#4154,#4205,.T.);
#4205 = LINE('',#4206,#4207);
#4206 = CARTESIAN_POINT('',(0.,1.,5.));
#4207 = VECTOR('',#4208,1.);
#4208 = DIRECTION('',(1.,0.,-0.));
#4209 = ORIENTED_EDGE('',*,*,#4153,.F.);
#4210 = PLANE('',#4211);
#4211 = AXIS2_PLACEMENT_3D('',#4212,#4213,#4214);
#4212 = CARTESIAN_POINT('',(0.,1.,0.));
#4213 = DIRECTION('',(-0.,1.,0.));
#4214 = DIRECTION('',(0.,0.,1.));
#4215 = ADVANCED_FACE('',(#4216),#4222,.F.);
#4216 = FACE_BOUND('',#4217,.F.);
#4217 = EDGE_LOOP('',(#4218,#4219,#4220,#4221));
#4218 = ORIENTED_EDGE('',*,*,#4105,.F.);
#4219 = ORIENTED_EDGE('',*,*,#4175,.T.);
#4220 = ORIENTED_EDGE('',*,*,#4145,.T.);
#4221 = ORIENTED_EDGE('',*,*,#4197,.F.);
#4222 = PLANE('',#4223);
#4223 = AXIS2_PLACEMENT_3D('',#4224,#4225,#4226);
#4224 = CARTESIAN_POINT('',(0.,0.,0.));
#4225 = DIRECTION('',(0.,0.,1.));
#4226 = DIRECTION('',(1.,0.,-0.));
#4227 = ADVANCED_FACE('',(#4228),#4234,.T.);
#4228 = FACE_BOUND('',#4229,.T.);
#4229 = EDGE_LOOP('',(#4230,#4231,#4232,#4233));
#4230 = ORIENTED_EDGE('',*,*,#4121,.F.);
#4231 = ORIENTED_EDGE('',*,*,#4182,.T.);
#4232 = ORIENTED_EDGE('',*,*,#4161,.T.);
#4233 = ORIENTED_EDGE('',*,*,#4204,.F.);
#4234 = PLANE('',#4235);
#4235 = AXIS2_PLACEMENT_3D('',#4236,#4237,#4238);
#4236 = CARTESIAN_POINT('',(0.,0.,5.));
#4237 = DIRECTION('',(0.,0.,1.));
#4238 = DIRECTION('',(1.,0.,-0.));
#4239 = ( GEOMETRIC_REPRESENTATION_CONTEXT(3) 
GLOBAL_UNCERTAINTY_ASSIGNED_CONTEXT((#4243)) 
GLOBAL_UNIT_ASSIGNED_CONTEXT((#4240,#4241,#4242)) REPRESENTATION_CONTEXT
('Context #1','3D Context with UNIT and UNCERTAINTY') );
#4240 = ( LENGTH_UNIT() NAMED_UNIT(*) SI_UNIT(.MILLI.,.METRE.) );
#4241 = ( NAMED_UNIT(*) PLANE_ANGLE_UNIT() SI_UNIT($,.RADIAN.) );
#4242 = ( NAMED_UNIT(*) SI_UNIT($,.STERADIAN.) SOLID_ANGLE_UNIT() );
#4243 = UNCERTAINTY_MEASURE_WITH_UNIT(LENGTH_MEASURE(1.E-07),#4240,
  'distance_accuracy_value','confusion accuracy');
#4244 = CONTEXT_DEPENDENT_SHAPE_REPRESENTATION(#4245,#4247);
#4245 = ( REPRESENTATION_RELATIONSHIP('','',#4088,#10) 
REPRESENTATION_RELATIONSHIP_WITH_TRANSFORMATION(#4246) 
SHAPE_REPRESENTATION_RELATIONSHIP() );
#4246 = ITEM_DEFINED_TRANSFORMATION('','',#11,#107);
#4247 = PRODUCT_DEFINITION_SHAPE('Placement','Placement of an item',
  #4248);
#4248 = NEXT_ASSEMBLY_USAGE_OCCURRENCE('24','Cube020','',#5,#4083,$);
#4249 = PRODUCT_RELATED_PRODUCT_CATEGORY('part',$,(#4085));
#4250 = SHAPE_DEFINITION_REPRESENTATION(#4251,#4257);
#4251 = PRODUCT_DEFINITION_SHAPE('','',#4252);
#4252 = PRODUCT_DEFINITION('design','',#4253,#4256);
#4253 = PRODUCT_DEFINITION_FORMATION('','',#4254);
#4254 = PRODUCT('Cube021','Cube021','',(#4255));
#4255 = PRODUCT_CONTEXT('',#2,'mechanical');
#4256 = PRODUCT_DEFINITION_CONTEXT('part definition',#2,'design');
#4257 = ADVANCED_BREP_SHAPE_REPRESENTATION('',(#11,#4258),#4408);
#4258 = MANIFOLD_SOLID_BREP('',#4259);
#4259 = CLOSED_SHELL('',(#4260,#4300,#4340,#4362,#4384,#4396));
#4260 = ADVANCED_FACE('',(#4261),#4295,.F.);
#4261 = FACE_BOUND('',#4262,.F.);
#4262 = EDGE_LOOP('',(#4263,#4273,#4281,#4289));
#4263 = ORIENTED_EDGE('',*,*,#4264,.F.);
#4264 = EDGE_CURVE('',#4265,#4267,#4269,.T.);
#4265 = VERTEX_POINT('',#4266);
#4266 = CARTESIAN_POINT('',(0.,0.,0.));
#4267 = VERTEX_POINT('',#4268);
#4268 = CARTESIAN_POINT('',(0.,0.,5.));
#4269 = LINE('',#4270,#4271);
#4270 = CARTESIAN_POINT('',(0.,0.,0.));
#4271 = VECTOR('',#4272,1.);
#4272 = DIRECTION('',(0.,0.,1.));
#4273 = ORIENTED_EDGE('',*,*,#4274,.T.);
#4274 = EDGE_CURVE('',#4265,#4275,#4277,.T.);
#4275 = VERTEX_POINT('',#4276);
#4276 = CARTESIAN_POINT('',(0.,1.,0.));
#4277 = LINE('',#4278,#4279);
#4278 = CARTESIAN_POINT('',(0.,0.,0.));
#4279 = VECTOR('',#4280,1.);
#4280 = DIRECTION('',(-0.,1.,0.));
#4281 = ORIENTED_EDGE('',*,*,#4282,.T.);
#4282 = EDGE_CURVE('',#4275,#4283,#4285,.T.);
#4283 = VERTEX_POINT('',#4284);
#4284 = CARTESIAN_POINT('',(0.,1.,5.));
#4285 = LINE('',#4286,#4287);
#4286 = CARTESIAN_POINT('',(0.,1.,0.));
#4287 = VECTOR('',#4288,1.);
#4288 = DIRECTION('',(0.,0.,1.));
#4289 = ORIENTED_EDGE('',*,*,#4290,.F.);
#4290 = EDGE_CURVE('',#4267,#4283,#4291,.T.);
#4291 = LINE('',#4292,#4293);
#4292 = CARTESIAN_POINT('',(0.,0.,5.));
#4293 = VECTOR('',#4294,1.);
#4294 = DIRECTION('',(-0.,1.,0.));
#4295 = PLANE('',#4296);
#4296 = AXIS2_PLACEMENT_3D('',#4297,#4298,#4299);
#4297 = CARTESIAN_POINT('',(0.,0.,0.));
#4298 = DIRECTION('',(1.,0.,-0.));
#4299 = DIRECTION('',(0.,0.,1.));
#4300 = ADVANCED_FACE('',(#4301),#4335,.T.);
#4301 = FACE_BOUND('',#4302,.T.);
#4302 = EDGE_LOOP('',(#4303,#4313,#4321,#4329));
#4303 = ORIENTED_EDGE('',*,*,#4304,.F.);
#4304 = EDGE_CURVE('',#4305,#4307,#4309,.T.);
#4305 = VERTEX_POINT('',#4306);
#4306 = CARTESIAN_POINT('',(1.,0.,0.));
#4307 = VERTEX_POINT('',#4308);
#4308 = CARTESIAN_POINT('',(1.,0.,5.));
#4309 = LINE('',#4310,#4311);
#4310 = CARTESIAN_POINT('',(1.,0.,0.));
#4311 = VECTOR('',#4312,1.);
#4312 = DIRECTION('',(0.,0.,1.));
#4313 = ORIENTED_EDGE('',*,*,#4314,.T.);
#4314 = EDGE_CURVE('',#4305,#4315,#4317,.T.);
#4315 = VERTEX_POINT('',#4316);
#4316 = CARTESIAN_POINT('',(1.,1.,0.));
#4317 = LINE('',#4318,#4319);
#4318 = CARTESIAN_POINT('',(1.,0.,0.));
#4319 = VECTOR('',#4320,1.);
#4320 = DIRECTION('',(-0.,1.,0.));
#4321 = ORIENTED_EDGE('',*,*,#4322,.T.);
#4322 = EDGE_CURVE('',#4315,#4323,#4325,.T.);
#4323 = VERTEX_POINT('',#4324);
#4324 = CARTESIAN_POINT('',(1.,1.,5.));
#4325 = LINE('',#4326,#4327);
#4326 = CARTESIAN_POINT('',(1.,1.,0.));
#4327 = VECTOR('',#4328,1.);
#4328 = DIRECTION('',(0.,0.,1.));
#4329 = ORIENTED_EDGE('',*,*,#4330,.F.);
#4330 = EDGE_CURVE('',#4307,#4323,#4331,.T.);
#4331 = LINE('',#4332,#4333);
#4332 = CARTESIAN_POINT('',(1.,0.,5.));
#4333 = VECTOR('',#4334,1.);
#4334 = DIRECTION('',(-0.,1.,0.));
#4335 = PLANE('',#4336);
#4336 = AXIS2_PLACEMENT_3D('',#4337,#4338,#4339);
#4337 = CARTESIAN_POINT('',(1.,0.,0.));
#4338 = DIRECTION('',(1.,0.,-0.));
#4339 = DIRECTION('',(0.,0.,1.));
#4340 = ADVANCED_FACE('',(#4341),#4357,.F.);
#4341 = FACE_BOUND('',#4342,.F.);
#4342 = EDGE_LOOP('',(#4343,#4349,#4350,#4356));
#4343 = ORIENTED_EDGE('',*,*,#4344,.F.);
#4344 = EDGE_CURVE('',#4265,#4305,#4345,.T.);
#4345 = LINE('',#4346,#4347);
#4346 = CARTESIAN_POINT('',(0.,0.,0.));
#4347 = VECTOR('',#4348,1.);
#4348 = DIRECTION('',(1.,0.,-0.));
#4349 = ORIENTED_EDGE('',*,*,#4264,.T.);
#4350 = ORIENTED_EDGE('',*,*,#4351,.T.);
#4351 = EDGE_CURVE('',#4267,#4307,#4352,.T.);
#4352 = LINE('',#4353,#4354);
#4353 = CARTESIAN_POINT('',(0.,0.,5.));
#4354 = VECTOR('',#4355,1.);
#4355 = DIRECTION('',(1.,0.,-0.));
#4356 = ORIENTED_EDGE('',*,*,#4304,.F.);
#4357 = PLANE('',#4358);
#4358 = AXIS2_PLACEMENT_3D('',#4359,#4360,#4361);
#4359 = CARTESIAN_POINT('',(0.,0.,0.));
#4360 = DIRECTION('',(-0.,1.,0.));
#4361 = DIRECTION('',(0.,0.,1.));
#4362 = ADVANCED_FACE('',(#4363),#4379,.T.);
#4363 = FACE_BOUND('',#4364,.T.);
#4364 = EDGE_LOOP('',(#4365,#4371,#4372,#4378));
#4365 = ORIENTED_EDGE('',*,*,#4366,.F.);
#4366 = EDGE_CURVE('',#4275,#4315,#4367,.T.);
#4367 = LINE('',#4368,#4369);
#4368 = CARTESIAN_POINT('',(0.,1.,0.));
#4369 = VECTOR('',#4370,1.);
#4370 = DIRECTION('',(1.,0.,-0.));
#4371 = ORIENTED_EDGE('',*,*,#4282,.T.);
#4372 = ORIENTED_EDGE('',*,*,#4373,.T.);
#4373 = EDGE_CURVE('',#4283,#4323,#4374,.T.);
#4374 = LINE('',#4375,#4376);
#4375 = CARTESIAN_POINT('',(0.,1.,5.));
#4376 = VECTOR('',#4377,1.);
#4377 = DIRECTION('',(1.,0.,-0.));
#4378 = ORIENTED_EDGE('',*,*,#4322,.F.);
#4379 = PLANE('',#4380);
#4380 = AXIS2_PLACEMENT_3D('',#4381,#4382,#4383);
#4381 = CARTESIAN_POINT('',(0.,1.,0.));
#4382 = DIRECTION('',(-0.,1.,0.));
#4383 = DIRECTION('',(0.,0.,1.));
#4384 = ADVANCED_FACE('',(#4385),#4391,.F.);
#4385 = FACE_BOUND('',#4386,.F.);
#4386 = EDGE_LOOP('',(#4387,#4388,#4389,#4390));
#4387 = ORIENTED_EDGE('',*,*,#4274,.F.);
#4388 = ORIENTED_EDGE('',*,*,#4344,.T.);
#4389 = ORIENTED_EDGE('',*,*,#4314,.T.);
#4390 = ORIENTED_EDGE('',*,*,#4366,.F.);
#4391 = PLANE('',#4392);
#4392 = AXIS2_PLACEMENT_3D('',#4393,#4394,#4395);
#4393 = CARTESIAN_POINT('',(0.,0.,0.));
#4394 = DIRECTION('',(0.,0.,1.));
#4395 = DIRECTION('',(1.,0.,-0.));
#4396 = ADVANCED_FACE('',(#4397),#4403,.T.);
#4397 = FACE_BOUND('',#4398,.T.);
#4398 = EDGE_LOOP('',(#4399,#4400,#4401,#4402));
#4399 = ORIENTED_EDGE('',*,*,#4290,.F.);
#4400 = ORIENTED_EDGE('',*,*,#4351,.T.);
#4401 = ORIENTED_EDGE('',*,*,#4330,.T.);
#4402 = ORIENTED_EDGE('',*,*,#4373,.F.);
#4403 = PLANE('',#4404);
#4404 = AXIS2_PLACEMENT_3D('',#4405,#4406,#4407);
#4405 = CARTESIAN_POINT('',(0.,0.,5.));
#4406 = DIRECTION('',(0.,0.,1.));
#4407 = DIRECTION('',(1.,0.,-0.));
#4408 = ( GEOMETRIC_REPRESENTATION_CONTEXT(3) 
GLOBAL_UNCERTAINTY_ASSIGNED_CONTEXT((#4412)) 
GLOBAL_UNIT_ASSIGNED_CONTEXT((#4409,#4410,#4411)) REPRESENTATION_CONTEXT
('Context #1','3D Context with UNIT and UNCERTAINTY') );
#4409 = ( LENGTH_UNIT() NAMED_UNIT(*) SI_UNIT(.MILLI.,.METRE.) );
#4410 = ( NAMED_UNIT(*) PLANE_ANGLE_UNIT() SI_UNIT($,.RADIAN.) );
#4411 = ( NAMED_UNIT(*) SI_UNIT($,.STERADIAN.) SOLID_ANGLE_UNIT() );
#4412 = UNCERTAINTY_MEASURE_WITH_UNIT(LENGTH_MEASURE(1.E-07),#4409,
  'distance_accuracy_value','confusion accuracy');
#4413 = CONTEXT_DEPENDENT_SHAPE_REPRESENTATION(#4414,#4416);
#4414 = ( REPRESENTATION_RELATIONSHIP('','',#4257,#10) 
REPRESENTATION_RELATIONSHIP_WITH_TRANSFORMATION(#4415) 
SHAPE_REPRESENTATION_RELATIONSHIP() );
#4415 = ITEM_DEFINED_TRANSFORMATION('','',#11,#111);
#4416 = PRODUCT_DEFINITION_SHAPE('Placement','Placement of an item',
  #4417);
#4417 = NEXT_ASSEMBLY_USAGE_OCCURRENCE('25','Cube021','',#5,#4252,$);
#4418 = PRODUCT_RELATED_PRODUCT_CATEGORY('part',$,(#4254));
#4419 = SHAPE_DEFINITION_REPRESENTATION(#4420,#4426);
#4420 = PRODUCT_DEFINITION_SHAPE('','',#4421);
#4421 = PRODUCT_DEFINITION('design','',#4422,#4425);
#4422 = PRODUCT_DEFINITION_FORMATION('','',#4423);
#4423 = PRODUCT('Cube022','Cube022','',(#4424));
#4424 = PRODUCT_CONTEXT('',#2,'mechanical');
#4425 = PRODUCT_DEFINITION_CONTEXT('part definition',#2,'design');
#4426 = ADVANCED_BREP_SHAPE_REPRESENTATION('',(#11,#4427),#4577);
#4427 = MANIFOLD_SOLID_BREP('',#4428);
#4428 = CLOSED_SHELL('',(#4429,#4469,#4509,#4531,#4553,#4565));
#4429 = ADVANCED_FACE('',(#4430),#4464,.F.);
#4430 = FACE_BOUND('',#4431,.F.);
#4431 = EDGE_LOOP('',(#4432,#4442,#4450,#4458));
#4432 = ORIENTED_EDGE('',*,*,#4433,.F.);
#4433 = EDGE_CURVE('',#4434,#4436,#4438,.T.);
#4434 = VERTEX_POINT('',#4435);
#4435 = CARTESIAN_POINT('',(0.,0.,0.));
#4436 = VERTEX_POINT('',#4437);
#4437 = CARTESIAN_POINT('',(0.,0.,5.));
#4438 = LINE('',#4439,#4440);
#4439 = CARTESIAN_POINT('',(0.,0.,0.));
#4440 = VECTOR('',#4441,1.);
#4441 = DIRECTION('',(0.,0.,1.));
#4442 = ORIENTED_EDGE('',*,*,#4443,.T.);
#4443 = EDGE_CURVE('',#4434,#4444,#4446,.T.);
#4444 = VERTEX_POINT('',#4445);
#4445 = CARTESIAN_POINT('',(0.,1.,0.));
#4446 = LINE('',#4447,#4448);
#4447 = CARTESIAN_POINT('',(0.,0.,0.));
#4448 = VECTOR('',#4449,1.);
#4449 = DIRECTION('',(-0.,1.,0.));
#4450 = ORIENTED_EDGE('',*,*,#4451,.T.);
#4451 = EDGE_CURVE('',#4444,#4452,#4454,.T.);
#4452 = VERTEX_POINT('',#4453);
#4453 = CARTESIAN_POINT('',(0.,1.,5.));
#4454 = LINE('',#4455,#4456);
#4455 = CARTESIAN_POINT('',(0.,1.,0.));
#4456 = VECTOR('',#4457,1.);
#4457 = DIRECTION('',(0.,0.,1.));
#4458 = ORIENTED_EDGE('',*,*,#4459,.F.);
#4459 = EDGE_CURVE('',#4436,#4452,#4460,.T.);
#4460 = LINE('',#4461,#4462);
#4461 = CARTESIAN_POINT('',(0.,0.,5.));
#4462 = VECTOR('',#4463,1.);
#4463 = DIRECTION('',(-0.,1.,0.));
#4464 = PLANE('',#4465);
#4465 = AXIS2_PLACEMENT_3D('',#4466,#4467,#4468);
#4466 = CARTESIAN_POINT('',(0.,0.,0.));
#4467 = DIRECTION('',(1.,0.,-0.));
#4468 = DIRECTION('',(0.,0.,1.));
#4469 = ADVANCED_FACE('',(#4470),#4504,.T.);
#4470 = FACE_BOUND('',#4471,.T.);
#4471 = EDGE_LOOP('',(#4472,#4482,#4490,#4498));
#4472 = ORIENTED_EDGE('',*,*,#4473,.F.);
#4473 = EDGE_CURVE('',#4474,#4476,#4478,.T.);
#4474 = VERTEX_POINT('',#4475);
#4475 = CARTESIAN_POINT('',(1.,0.,0.));
#4476 = VERTEX_POINT('',#4477);
#4477 = CARTESIAN_POINT('',(1.,0.,5.));
#4478 = LINE('',#4479,#4480);
#4479 = CARTESIAN_POINT('',(1.,0.,0.));
#4480 = VECTOR('',#4481,1.);
#4481 = DIRECTION('',(0.,0.,1.));
#4482 = ORIENTED_EDGE('',*,*,#4483,.T.);
#4483 = EDGE_CURVE('',#4474,#4484,#4486,.T.);
#4484 = VERTEX_POINT('',#4485);
#4485 = CARTESIAN_POINT('',(1.,1.,0.));
#4486 = LINE('',#4487,#4488);
#4487 = CARTESIAN_POINT('',(1.,0.,0.));
#4488 = VECTOR('',#4489,1.);
#4489 = DIRECTION('',(-0.,1.,0.));
#4490 = ORIENTED_EDGE('',*,*,#4491,.T.);
#4491 = EDGE_CURVE('',#4484,#4492,#4494,.T.);
#4492 = VERTEX_POINT('',#4493);
#4493 = CARTESIAN_POINT('',(1.,1.,5.));
#4494 = LINE('',#4495,#4496);
#4495 = CARTESIAN_POINT('',(1.,1.,0.));
#4496 = VECTOR('',#4497,1.);
#4497 = DIRECTION('',(0.,0.,1.));
#4498 = ORIENTED_EDGE('',*,*,#4499,.F.);
#4499 = EDGE_CURVE('',#4476,#4492,#4500,.T.);
#4500 = LINE('',#4501,#4502);
#4501 = CARTESIAN_POINT('',(1.,0.,5.));
#4502 = VECTOR('',#4503,1.);
#4503 = DIRECTION('',(-0.,1.,0.));
#4504 = PLANE('',#4505);
#4505 = AXIS2_PLACEMENT_3D('',#4506,#4507,#4508);
#4506 = CARTESIAN_POINT('',(1.,0.,0.));
#4507 = DIRECTION('',(1.,0.,-0.));
#4508 = DIRECTION('',(0.,0.,1.));
#4509 = ADVANCED_FACE('',(#4510),#4526,.F.);
#4510 = FACE_BOUND('',#4511,.F.);
#4511 = EDGE_LOOP('',(#4512,#4518,#4519,#4525));
#4512 = ORIENTED_EDGE('',*,*,#4513,.F.);
#4513 = EDGE_CURVE('',#4434,#4474,#4514,.T.);
#4514 = LINE('',#4515,#4516);
#4515 = CARTESIAN_POINT('',(0.,0.,0.));
#4516 = VECTOR('',#4517,1.);
#4517 = DIRECTION('',(1.,0.,-0.));
#4518 = ORIENTED_EDGE('',*,*,#4433,.T.);
#4519 = ORIENTED_EDGE('',*,*,#4520,.T.);
#4520 = EDGE_CURVE('',#4436,#4476,#4521,.T.);
#4521 = LINE('',#4522,#4523);
#4522 = CARTESIAN_POINT('',(0.,0.,5.));
#4523 = VECTOR('',#4524,1.);
#4524 = DIRECTION('',(1.,0.,-0.));
#4525 = ORIENTED_EDGE('',*,*,#4473,.F.);
#4526 = PLANE('',#4527);
#4527 = AXIS2_PLACEMENT_3D('',#4528,#4529,#4530);
#4528 = CARTESIAN_POINT('',(0.,0.,0.));
#4529 = DIRECTION('',(-0.,1.,0.));
#4530 = DIRECTION('',(0.,0.,1.));
#4531 = ADVANCED_FACE('',(#4532),#4548,.T.);
#4532 = FACE_BOUND('',#4533,.T.);
#4533 = EDGE_LOOP('',(#4534,#4540,#4541,#4547));
#4534 = ORIENTED_EDGE('',*,*,#4535,.F.);
#4535 = EDGE_CURVE('',#4444,#4484,#4536,.T.);
#4536 = LINE('',#4537,#4538);
#4537 = CARTESIAN_POINT('',(0.,1.,0.));
#4538 = VECTOR('',#4539,1.);
#4539 = DIRECTION('',(1.,0.,-0.));
#4540 = ORIENTED_EDGE('',*,*,#4451,.T.);
#4541 = ORIENTED_EDGE('',*,*,#4542,.T.);
#4542 = EDGE_CURVE('',#4452,#4492,#4543,.T.);
#4543 = LINE('',#4544,#4545);
#4544 = CARTESIAN_POINT('',(0.,1.,5.));
#4545 = VECTOR('',#4546,1.);
#4546 = DIRECTION('',(1.,0.,-0.));
#4547 = ORIENTED_EDGE('',*,*,#4491,.F.);
#4548 = PLANE('',#4549);
#4549 = AXIS2_PLACEMENT_3D('',#4550,#4551,#4552);
#4550 = CARTESIAN_POINT('',(0.,1.,0.));
#4551 = DIRECTION('',(-0.,1.,0.));
#4552 = DIRECTION('',(0.,0.,1.));
#4553 = ADVANCED_FACE('',(#4554),#4560,.F.);
#4554 = FACE_BOUND('',#4555,.F.);
#4555 = EDGE_LOOP('',(#4556,#4557,#4558,#4559));
#4556 = ORIENTED_EDGE('',*,*,#4443,.F.);
#4557 = ORIENTED_EDGE('',*,*,#4513,.T.);
#4558 = ORIENTED_EDGE('',*,*,#4483,.T.);
#4559 = ORIENTED_EDGE('',*,*,#4535,.F.);
#4560 = PLANE('',#4561);
#4561 = AXIS2_PLACEMENT_3D('',#4562,#4563,#4564);
#4562 = CARTESIAN_POINT('',(0.,0.,0.));
#4563 = DIRECTION('',(0.,0.,1.));
#4564 = DIRECTION('',(1.,0.,-0.));
#4565 = ADVANCED_FACE('',(#4566),#4572,.T.);
#4566 = FACE_BOUND('',#4567,.T.);
#4567 = EDGE_LOOP('',(#4568,#4569,#4570,#4571));
#4568 = ORIENTED_EDGE('',*,*,#4459,.F.);
#4569 = ORIENTED_EDGE('',*,*,#4520,.T.);
#4570 = ORIENTED_EDGE('',*,*,#4499,.T.);
#4571 = ORIENTED_EDGE('',*,*,#4542,.F.);
#4572 = PLANE('',#4573);
#4573 = AXIS2_PLACEMENT_3D('',#4574,#4575,#4576);
#4574 = CARTESIAN_POINT('',(0.,0.,5.));
#4575 = DIRECTION('',(0.,0.,1.));
#4576 = DIRECTION('',(1.,0.,-0.));
#4577 = ( GEOMETRIC_REPRESENTATION_CONTEXT(3) 
GLOBAL_UNCERTAINTY_ASSIGNED_CONTEXT((#4581)) 
GLOBAL_UNIT_ASSIGNED_CONTEXT((#4578,#4579,#4580)) REPRESENTATION_CONTEXT
('Context #1','3D Context with UNIT and UNCERTAINTY') );
#4578 = ( LENGTH_UNIT() NAMED_UNIT(*) SI_UNIT(.MILLI.,.METRE.) );
#4579 = ( NAMED_UNIT(*) PLANE_ANGLE_UNIT() SI_UNIT($,.RADIAN.) );
#4580 = ( NAMED_UNIT(*) SI_UNIT($,.STERADIAN.) SOLID_ANGLE_UNIT() );
#4581 = UNCERTAINTY_MEASURE_WITH_UNIT(LENGTH_MEASURE(1.E-07),#4578,
  'distance_accuracy_value','confusion accuracy');
#4582 = CONTEXT_DEPENDENT_SHAPE_REPRESENTATION(#4583,#4585);
#4583 = ( REPRESENTATION_RELATIONSHIP('','',#4426,#10) 
REPRESENTATION_RELATIONSHIP_WITH_TRANSFORMATION(#4584) 
SHAPE_REPRESENTATION_RELATIONSHIP() );
#4584 = ITEM_DEFINED_TRANSFORMATION('','',#11,#115);
#4585 = PRODUCT_DEFINITION_SHAPE('Placement','Placement of an item',
  #4586);
#4586 = NEXT_ASSEMBLY_USAGE_OCCURRENCE('26','Cube022','',#5,#4421,$);
#4587 = PRODUCT_RELATED_PRODUCT_CATEGORY('part',$,(#4423));
#4588 = SHAPE_DEFINITION_REPRESENTATION(#4589,#4595);
#4589 = PRODUCT_DEFINITION_SHAPE('','',#4590);
#4590 = PRODUCT_DEFINITION('design','',#4591,#4594);
#4591 = PRODUCT_DEFINITION_FORMATION('','',#4592);
#4592 = PRODUCT('Cube023','Cube023','',(#4593));
#4593 = PRODUCT_CONTEXT('',#2,'mechanical');
#4594 = PRODUCT_DEFINITION_CONTEXT('part definition',#2,'design');
#4595 = ADVANCED_BREP_SHAPE_REPRESENTATION('',(#11,#4596),#4746);
#4596 = MANIFOLD_SOLID_BREP('',#4597);
#4597 = CLOSED_SHELL('',(#4598,#4638,#4678,#4700,#4722,#4734));
#4598 = ADVANCED_FACE('',(#4599),#4633,.F.);
#4599 = FACE_BOUND('',#4600,.F.);
#4600 = EDGE_LOOP('',(#4601,#4611,#4619,#4627));
#4601 = ORIENTED_EDGE('',*,*,#4602,.F.);
#4602 = EDGE_CURVE('',#4603,#4605,#4607,.T.);
#4603 = VERTEX_POINT('',#4604);
#4604 = CARTESIAN_POINT('',(0.,0.,0.));
#4605 = VERTEX_POINT('',#4606);
#4606 = CARTESIAN_POINT('',(0.,0.,5.));
#4607 = LINE('',#4608,#4609);
#4608 = CARTESIAN_POINT('',(0.,0.,0.));
#4609 = VECTOR('',#4610,1.);
#4610 = DIRECTION('',(0.,0.,1.));
#4611 = ORIENTED_EDGE('',*,*,#4612,.T.);
#4612 = EDGE_CURVE('',#4603,#4613,#4615,.T.);
#4613 = VERTEX_POINT('',#4614);
#4614 = CARTESIAN_POINT('',(0.,1.,0.));
#4615 = LINE('',#4616,#4617);
#4616 = CARTESIAN_POINT('',(0.,0.,0.));
#4617 = VECTOR('',#4618,1.);
#4618 = DIRECTION('',(-0.,1.,0.));
#4619 = ORIENTED_EDGE('',*,*,#4620,.T.);
#4620 = EDGE_CURVE('',#4613,#4621,#4623,.T.);
#4621 = VERTEX_POINT('',#4622);
#4622 = CARTESIAN_POINT('',(0.,1.,5.));
#4623 = LINE('',#4624,#4625);
#4624 = CARTESIAN_POINT('',(0.,1.,0.));
#4625 = VECTOR('',#4626,1.);
#4626 = DIRECTION('',(0.,0.,1.));
#4627 = ORIENTED_EDGE('',*,*,#4628,.F.);
#4628 = EDGE_CURVE('',#4605,#4621,#4629,.T.);
#4629 = LINE('',#4630,#4631);
#4630 = CARTESIAN_POINT('',(0.,0.,5.));
#4631 = VECTOR('',#4632,1.);
#4632 = DIRECTION('',(-0.,1.,0.));
#4633 = PLANE('',#4634);
#4634 = AXIS2_PLACEMENT_3D('',#4635,#4636,#4637);
#4635 = CARTESIAN_POINT('',(0.,0.,0.));
#4636 = DIRECTION('',(1.,0.,-0.));
#4637 = DIRECTION('',(0.,0.,1.));
#4638 = ADVANCED_FACE('',(#4639),#4673,.T.);
#4639 = FACE_BOUND('',#4640,.T.);
#4640 = EDGE_LOOP('',(#4641,#4651,#4659,#4667));
#4641 = ORIENTED_EDGE('',*,*,#4642,.F.);
#4642 = EDGE_CURVE('',#4643,#4645,#4647,.T.);
#4643 = VERTEX_POINT('',#4644);
#4644 = CARTESIAN_POINT('',(1.,0.,0.));
#4645 = VERTEX_POINT('',#4646);
#4646 = CARTESIAN_POINT('',(1.,0.,5.));
#4647 = LINE('',#4648,#4649);
#4648 = CARTESIAN_POINT('',(1.,0.,0.));
#4649 = VECTOR('',#4650,1.);
#4650 = DIRECTION('',(0.,0.,1.));
#4651 = ORIENTED_EDGE('',*,*,#4652,.T.);
#4652 = EDGE_CURVE('',#4643,#4653,#4655,.T.);
#4653 = VERTEX_POINT('',#4654);
#4654 = CARTESIAN_POINT('',(1.,1.,0.));
#4655 = LINE('',#4656,#4657);
#4656 = CARTESIAN_POINT('',(1.,0.,0.));
#4657 = VECTOR('',#4658,1.);
#4658 = DIRECTION('',(-0.,1.,0.));
#4659 = ORIENTED_EDGE('',*,*,#4660,.T.);
#4660 = EDGE_CURVE('',#4653,#4661,#4663,.T.);
#4661 = VERTEX_POINT('',#4662);
#4662 = CARTESIAN_POINT('',(1.,1.,5.));
#4663 = LINE('',#4664,#4665);
#4664 = CARTESIAN_POINT('',(1.,1.,0.));
#4665 = VECTOR('',#4666,1.);
#4666 = DIRECTION('',(0.,0.,1.));
#4667 = ORIENTED_EDGE('',*,*,#4668,.F.);
#4668 = EDGE_CURVE('',#4645,#4661,#4669,.T.);
#4669 = LINE('',#4670,#4671);
#4670 = CARTESIAN_POINT('',(1.,0.,5.));
#4671 = VECTOR('',#4672,1.);
#4672 = DIRECTION('',(-0.,1.,0.));
#4673 = PLANE('',#4674);
#4674 = AXIS2_PLACEMENT_3D('',#4675,#4676,#4677);
#4675 = CARTESIAN_POINT('',(1.,0.,0.));
#4676 = DIRECTION('',(1.,0.,-0.));
#4677 = DIRECTION('',(0.,0.,1.));
#4678 = ADVANCED_FACE('',(#4679),#4695,.F.);
#4679 = FACE_BOUND('',#4680,.F.);
#4680 = EDGE_LOOP('',(#4681,#4687,#4688,#4694));
#4681 = ORIENTED_EDGE('',*,*,#4682,.F.);
#4682 = EDGE_CURVE('',#4603,#4643,#4683,.T.);
#4683 = LINE('',#4684,#4685);
#4684 = CARTESIAN_POINT('',(0.,0.,0.));
#4685 = VECTOR('',#4686,1.);
#4686 = DIRECTION('',(1.,0.,-0.));
#4687 = ORIENTED_EDGE('',*,*,#4602,.T.);
#4688 = ORIENTED_EDGE('',*,*,#4689,.T.);
#4689 = EDGE_CURVE('',#4605,#4645,#4690,.T.);
#4690 = LINE('',#4691,#4692);
#4691 = CARTESIAN_POINT('',(0.,0.,5.));
#4692 = VECTOR('',#4693,1.);
#4693 = DIRECTION('',(1.,0.,-0.));
#4694 = ORIENTED_EDGE('',*,*,#4642,.F.);
#4695 = PLANE('',#4696);
#4696 = AXIS2_PLACEMENT_3D('',#4697,#4698,#4699);
#4697 = CARTESIAN_POINT('',(0.,0.,0.));
#4698 = DIRECTION('',(-0.,1.,0.));
#4699 = DIRECTION('',(0.,0.,1.));
#4700 = ADVANCED_FACE('',(#4701),#4717,.T.);
#4701 = FACE_BOUND('',#4702,.T.);
#4702 = EDGE_LOOP('',(#4703,#4709,#4710,#4716));
#4703 = ORIENTED_EDGE('',*,*,#4704,.F.);
#4704 = EDGE_CURVE('',#4613,#4653,#4705,.T.);
#4705 = LINE('',#4706,#4707);
#4706 = CARTESIAN_POINT('',(0.,1.,0.));
#4707 = VECTOR('',#4708,1.);
#4708 = DIRECTION('',(1.,0.,-0.));
#4709 = ORIENTED_EDGE('',*,*,#4620,.T.);
#4710 = ORIENTED_EDGE('',*,*,#4711,.T.);
#4711 = EDGE_CURVE('',#4621,#4661,#4712,.T.);
#4712 = LINE('',#4713,#4714);
#4713 = CARTESIAN_POINT('',(0.,1.,5.));
#4714 = VECTOR('',#4715,1.);
#4715 = DIRECTION('',(1.,0.,-0.));
#4716 = ORIENTED_EDGE('',*,*,#4660,.F.);
#4717 = PLANE('',#4718);
#4718 = AXIS2_PLACEMENT_3D('',#4719,#4720,#4721);
#4719 = CARTESIAN_POINT('',(0.,1.,0.));
#4720 = DIRECTION('',(-0.,1.,0.));
#4721 = DIRECTION('',(0.,0.,1.));
#4722 = ADVANCED_FACE('',(#4723),#4729,.F.);
#4723 = FACE_BOUND('',#4724,.F.);
#4724 = EDGE_LOOP('',(#4725,#4726,#4727,#4728));
#4725 = ORIENTED_EDGE('',*,*,#4612,.F.);
#4726 = ORIENTED_EDGE('',*,*,#4682,.T.);
#4727 = ORIENTED_EDGE('',*,*,#4652,.T.);
#4728 = ORIENTED_EDGE('',*,*,#4704,.F.);
#4729 = PLANE('',#4730);
#4730 = AXIS2_PLACEMENT_3D('',#4731,#4732,#4733);
#4731 = CARTESIAN_POINT('',(0.,0.,0.));
#4732 = DIRECTION('',(0.,0.,1.));
#4733 = DIRECTION('',(1.,0.,-0.));
#4734 = ADVANCED_FACE('',(#4735),#4741,.T.);
#4735 = FACE_BOUND('',#4736,.T.);
#4736 = EDGE_LOOP('',(#4737,#4738,#4739,#4740));
#4737 = ORIENTED_EDGE('',*,*,#4628,.F.);
#4738 = ORIENTED_EDGE('',*,*,#4689,.T.);
#4739 = ORIENTED_EDGE('',*,*,#4668,.T.);
#4740 = ORIENTED_EDGE('',*,*,#4711,.F.);
#4741 = PLANE('',#4742);
#4742 = AXIS2_PLACEMENT_3D('',#4743,#4744,#4745);
#4743 = CARTESIAN_POINT('',(0.,0.,5.));
#4744 = DIRECTION('',(0.,0.,1.));
#4745 = DIRECTION('',(1.,0.,-0.));
#4746 = ( GEOMETRIC_REPRESENTATION_CONTEXT(3) 
GLOBAL_UNCERTAINTY_ASSIGNED_CONTEXT((#4750)) 
GLOBAL_UNIT_ASSIGNED_CONTEXT((#4747,#4748,#4749)) REPRESENTATION_CONTEXT
('Context #1','3D Context with UNIT and UNCERTAINTY') );
#4747 = ( LENGTH_UNIT() NAMED_UNIT(*) SI_UNIT(.MILLI.,.METRE.) );
#4748 = ( NAMED_UNIT(*) PLANE_ANGLE_UNIT() SI_UNIT($,.RADIAN.) );
#4749 = ( NAMED_UNIT(*) SI_UNIT($,.STERADIAN.) SOLID_ANGLE_UNIT() );
#4750 = UNCERTAINTY_MEASURE_WITH_UNIT(LENGTH_MEASURE(1.E-07),#4747,
  'distance_accuracy_value','confusion accuracy');
#4751 = CONTEXT_DEPENDENT_SHAPE_REPRESENTATION(#4752,#4754);
#4752 = ( REPRESENTATION_RELATIONSHIP('','',#4595,#10) 
REPRESENTATION_RELATIONSHIP_WITH_TRANSFORMATION(#4753) 
SHAPE_REPRESENTATION_RELATIONSHIP() );
#4753 = ITEM_DEFINED_TRANSFORMATION('','',#11,#119);
#4754 = PRODUCT_DEFINITION_SHAPE('Placement','Placement of an item',
  #4755);
#4755 = NEXT_ASSEMBLY_USAGE_OCCURRENCE('27','Cube023','',#5,#4590,$);
#4756 = PRODUCT_RELATED_PRODUCT_CATEGORY('part',$,(#4592));
#4757 = SHAPE_DEFINITION_REPRESENTATION(#4758,#4764);
#4758 = PRODUCT_DEFINITION_SHAPE('','',#4759);
#4759 = PRODUCT_DEFINITION('design','',#4760,#4763);
#4760 = PRODUCT_DEFINITION_FORMATION('','',#4761);
#4761 = PRODUCT('Cube024','Cube024','',(#4762));
#4762 = PRODUCT_CONTEXT('',#2,'mechanical');
#4763 = PRODUCT_DEFINITION_CONTEXT('part definition',#2,'design');
#4764 = ADVANCED_BREP_SHAPE_REPRESENTATION('',(#11,#4765),#4915);
#4765 = MANIFOLD_SOLID_BREP('',#4766);
#4766 = CLOSED_SHELL('',(#4767,#4807,#4847,#4869,#4891,#4903));
#4767 = ADVANCED_FACE('',(#4768),#4802,.F.);
#4768 = FACE_BOUND('',#4769,.F.);
#4769 = EDGE_LOOP('',(#4770,#4780,#4788,#4796));
#4770 = ORIENTED_EDGE('',*,*,#4771,.F.);
#4771 = EDGE_CURVE('',#4772,#4774,#4776,.T.);
#4772 = VERTEX_POINT('',#4773);
#4773 = CARTESIAN_POINT('',(0.,0.,0.));
#4774 = VERTEX_POINT('',#4775);
#4775 = CARTESIAN_POINT('',(0.,0.,5.));
#4776 = LINE('',#4777,#4778);
#4777 = CARTESIAN_POINT('',(0.,0.,0.));
#4778 = VECTOR('',#4779,1.);
#4779 = DIRECTION('',(0.,0.,1.));
#4780 = ORIENTED_EDGE('',*,*,#4781,.T.);
#4781 = EDGE_CURVE('',#4772,#4782,#4784,.T.);
#4782 = VERTEX_POINT('',#4783);
#4783 = CARTESIAN_POINT('',(0.,1.,0.));
#4784 = LINE('',#4785,#4786);
#4785 = CARTESIAN_POINT('',(0.,0.,0.));
#4786 = VECTOR('',#4787,1.);
#4787 = DIRECTION('',(-0.,1.,0.));
#4788 = ORIENTED_EDGE('',*,*,#4789,.T.);
#4789 = EDGE_CURVE('',#4782,#4790,#4792,.T.);
#4790 = VERTEX_POINT('',#4791);
#4791 = CARTESIAN_POINT('',(0.,1.,5.));
#4792 = LINE('',#4793,#4794);
#4793 = CARTESIAN_POINT('',(0.,1.,0.));
#4794 = VECTOR('',#4795,1.);
#4795 = DIRECTION('',(0.,0.,1.));
#4796 = ORIENTED_EDGE('',*,*,#4797,.F.);
#4797 = EDGE_CURVE('',#4774,#4790,#4798,.T.);
#4798 = LINE('',#4799,#4800);
#4799 = CARTESIAN_POINT('',(0.,0.,5.));
#4800 = VECTOR('',#4801,1.);
#4801 = DIRECTION('',(-0.,1.,0.));
#4802 = PLANE('',#4803);
#4803 = AXIS2_PLACEMENT_3D('',#4804,#4805,#4806);
#4804 = CARTESIAN_POINT('',(0.,0.,0.));
#4805 = DIRECTION('',(1.,0.,-0.));
#4806 = DIRECTION('',(0.,0.,1.));
#4807 = ADVANCED_FACE('',(#4808),#4842,.T.);
#4808 = FACE_BOUND('',#4809,.T.);
#4809 = EDGE_LOOP('',(#4810,#4820,#4828,#4836));
#4810 = ORIENTED_EDGE('',*,*,#4811,.F.);
#4811 = EDGE_CURVE('',#4812,#4814,#4816,.T.);
#4812 = VERTEX_POINT('',#4813);
#4813 = CARTESIAN_POINT('',(1.,0.,0.));
#4814 = VERTEX_POINT('',#4815);
#4815 = CARTESIAN_POINT('',(1.,0.,5.));
#4816 = LINE('',#4817,#4818);
#4817 = CARTESIAN_POINT('',(1.,0.,0.));
#4818 = VECTOR('',#4819,1.);
#4819 = DIRECTION('',(0.,0.,1.));
#4820 = ORIENTED_EDGE('',*,*,#4821,.T.);
#4821 = EDGE_CURVE('',#4812,#4822,#4824,.T.);
#4822 = VERTEX_POINT('',#4823);
#4823 = CARTESIAN_POINT('',(1.,1.,0.));
#4824 = LINE('',#4825,#4826);
#4825 = CARTESIAN_POINT('',(1.,0.,0.));
#4826 = VECTOR('',#4827,1.);
#4827 = DIRECTION('',(-0.,1.,0.));
#4828 = ORIENTED_EDGE('',*,*,#4829,.T.);
#4829 = EDGE_CURVE('',#4822,#4830,#4832,.T.);
#4830 = VERTEX_POINT('',#4831);
#4831 = CARTESIAN_POINT('',(1.,1.,5.));
#4832 = LINE('',#4833,#4834);
#4833 = CARTESIAN_POINT('',(1.,1.,0.));
#4834 = VECTOR('',#4835,1.);
#4835 = DIRECTION('',(0.,0.,1.));
#4836 = ORIENTED_EDGE('',*,*,#4837,.F.);
#4837 = EDGE_CURVE('',#4814,#4830,#4838,.T.);
#4838 = LINE('',#4839,#4840);
#4839 = CARTESIAN_POINT('',(1.,0.,5.));
#4840 = VECTOR('',#4841,1.);
#4841 = DIRECTION('',(-0.,1.,0.));
#4842 = PLANE('',#4843);
#4843 = AXIS2_PLACEMENT_3D('',#4844,#4845,#4846);
#4844 = CARTESIAN_POINT('',(1.,0.,0.));
#4845 = DIRECTION('',(1.,0.,-0.));
#4846 = DIRECTION('',(0.,0.,1.));
#4847 = ADVANCED_FACE('',(#4848),#4864,.F.);
#4848 = FACE_BOUND('',#4849,.F.);
#4849 = EDGE_LOOP('',(#4850,#4856,#4857,#4863));
#4850 = ORIENTED_EDGE('',*,*,#4851,.F.);
#4851 = EDGE_CURVE('',#4772,#4812,#4852,.T.);
#4852 = LINE('',#4853,#4854);
#4853 = CARTESIAN_POINT('',(0.,0.,0.));
#4854 = VECTOR('',#4855,1.);
#4855 = DIRECTION('',(1.,0.,-0.));
#4856 = ORIENTED_EDGE('',*,*,#4771,.T.);
#4857 = ORIENTED_EDGE('',*,*,#4858,.T.);
#4858 = EDGE_CURVE('',#4774,#4814,#4859,.T.);
#4859 = LINE('',#4860,#4861);
#4860 = CARTESIAN_POINT('',(0.,0.,5.));
#4861 = VECTOR('',#4862,1.);
#4862 = DIRECTION('',(1.,0.,-0.));
#4863 = ORIENTED_EDGE('',*,*,#4811,.F.);
#4864 = PLANE('',#4865);
#4865 = AXIS2_PLACEMENT_3D('',#4866,#4867,#4868);
#4866 = CARTESIAN_POINT('',(0.,0.,0.));
#4867 = DIRECTION('',(-0.,1.,0.));
#4868 = DIRECTION('',(0.,0.,1.));
#4869 = ADVANCED_FACE('',(#4870),#4886,.T.);
#4870 = FACE_BOUND('',#4871,.T.);
#4871 = EDGE_LOOP('',(#4872,#4878,#4879,#4885));
#4872 = ORIENTED_EDGE('',*,*,#4873,.F.);
#4873 = EDGE_CURVE('',#4782,#4822,#4874,.T.);
#4874 = LINE('',#4875,#4876);
#4875 = CARTESIAN_POINT('',(0.,1.,0.));
#4876 = VECTOR('',#4877,1.);
#4877 = DIRECTION('',(1.,0.,-0.));
#4878 = ORIENTED_EDGE('',*,*,#4789,.T.);
#4879 = ORIENTED_EDGE('',*,*,#4880,.T.);
#4880 = EDGE_CURVE('',#4790,#4830,#4881,.T.);
#4881 = LINE('',#4882,#4883);
#4882 = CARTESIAN_POINT('',(0.,1.,5.));
#4883 = VECTOR('',#4884,1.);
#4884 = DIRECTION('',(1.,0.,-0.));
#4885 = ORIENTED_EDGE('',*,*,#4829,.F.);
#4886 = PLANE('',#4887);
#4887 = AXIS2_PLACEMENT_3D('',#4888,#4889,#4890);
#4888 = CARTESIAN_POINT('',(0.,1.,0.));
#4889 = DIRECTION('',(-0.,1.,0.));
#4890 = DIRECTION('',(0.,0.,1.));
#4891 = ADVANCED_FACE('',(#4892),#4898,.F.);
#4892 = FACE_BOUND('',#4893,.F.);
#4893 = EDGE_LOOP('',(#4894,#4895,#4896,#4897));
#4894 = ORIENTED_EDGE('',*,*,#4781,.F.);
#4895 = ORIENTED_EDGE('',*,*,#4851,.T.);
#4896 = ORIENTED_EDGE('',*,*,#4821,.T.);
#4897 = ORIENTED_EDGE('',*,*,#4873,.F.);
#4898 = PLANE('',#4899);
#4899 = AXIS2_PLACEMENT_3D('',#4900,#4901,#4902);
#4900 = CARTESIAN_POINT('',(0.,0.,0.));
#4901 = DIRECTION('',(0.,0.,1.));
#4902 = DIRECTION('',(1.,0.,-0.));
#4903 = ADVANCED_FACE('',(#4904),#4910,.T.);
#4904 = FACE_BOUND('',#4905,.T.);
#4905 = EDGE_LOOP('',(#4906,#4907,#4908,#4909));
#4906 = ORIENTED_EDGE('',*,*,#4797,.F.);
#4907 = ORIENTED_EDGE('',*,*,#4858,.T.);
#4908 = ORIENTED_EDGE('',*,*,#4837,.T.);
#4909 = ORIENTED_EDGE('',*,*,#4880,.F.);
#4910 = PLANE('',#4911);
#4911 = AXIS2_PLACEMENT_3D('',#4912,#4913,#4914);
#4912 = CARTESIAN_POINT('',(0.,0.,5.));
#4913 = DIRECTION('',(0.,0.,1.));
#4914 = DIRECTION('',(1.,0.,-0.));
#4915 = ( GEOMETRIC_REPRESENTATION_CONTEXT(3) 
GLOBAL_UNCERTAINTY_ASSIGNED_CONTEXT((#4919)) 
GLOBAL_UNIT_ASSIGNED_CONTEXT((#4916,#4917,#4918)) REPRESENTATION_CONTEXT
('Context #1','3D Context with UNIT and UNCERTAINTY') );
#4916 = ( LENGTH_UNIT() NAMED_UNIT(*) SI_UNIT(.MILLI.,.METRE.) );
#4917 = ( NAMED_UNIT(*) PLANE_ANGLE_UNIT() SI_UNIT($,.RADIAN.) );
#4918 = ( NAMED_UNIT(*) SI_UNIT($,.STERADIAN.) SOLID_ANGLE_UNIT() );
#4919 = UNCERTAINTY_MEASURE_WITH_UNIT(LENGTH_MEASURE(1.E-07),#4916,
  'distance_accuracy_value','confusion accuracy');
#4920 = CONTEXT_DEPENDENT_SHAPE_REPRESENTATION(#4921,#4923);
#4921 = ( REPRESENTATION_RELATIONSHIP('','',#4764,#10) 
REPRESENTATION_RELATIONSHIP_WITH_TRANSFORMATION(#4922) 
SHAPE_REPRESENTATION_RELATIONSHIP() );
#4922 = ITEM_DEFINED_TRANSFORMATION('','',#11,#123);
#4923 = PRODUCT_DEFINITION_SHAPE('Placement','Placement of an item',
  #4924);
#4924 = NEXT_ASSEMBLY_USAGE_OCCURRENCE('28','Cube024','',#5,#4759,$);
#4925 = PRODUCT_RELATED_PRODUCT_CATEGORY('part',$,(#4761));
#4926 = SHAPE_DEFINITION_REPRESENTATION(#4927,#4933);
#4927 = PRODUCT_DEFINITION_SHAPE('','',#4928);
#4928 = PRODUCT_DEFINITION('design','',#4929,#4932);
#4929 = PRODUCT_DEFINITION_FORMATION('','',#4930);
#4930 = PRODUCT('Cube025','Cube025','',(#4931));
#4931 = PRODUCT_CONTEXT('',#2,'mechanical');
#4932 = PRODUCT_DEFINITION_CONTEXT('part definition',#2,'design');
#4933 = ADVANCED_BREP_SHAPE_REPRESENTATION('',(#11,#4934),#5084);
#4934 = MANIFOLD_SOLID_BREP('',#4935);
#4935 = CLOSED_SHELL('',(#4936,#4976,#5016,#5038,#5060,#5072));
#4936 = ADVANCED_FACE('',(#4937),#4971,.F.);
#4937 = FACE_BOUND('',#4938,.F.);
#4938 = EDGE_LOOP('',(#4939,#4949,#4957,#4965));
#4939 = ORIENTED_EDGE('',*,*,#4940,.F.);
#4940 = EDGE_CURVE('',#4941,#4943,#4945,.T.);
#4941 = VERTEX_POINT('',#4942);
#4942 = CARTESIAN_POINT('',(0.,0.,0.));
#4943 = VERTEX_POINT('',#4944);
#4944 = CARTESIAN_POINT('',(0.,0.,5.));
#4945 = LINE('',#4946,#4947);
#4946 = CARTESIAN_POINT('',(0.,0.,0.));
#4947 = VECTOR('',#4948,1.);
#4948 = DIRECTION('',(0.,0.,1.));
#4949 = ORIENTED_EDGE('',*,*,#4950,.T.);
#4950 = EDGE_CURVE('',#4941,#4951,#4953,.T.);
#4951 = VERTEX_POINT('',#4952);
#4952 = CARTESIAN_POINT('',(0.,1.,0.));
#4953 = LINE('',#4954,#4955);
#4954 = CARTESIAN_POINT('',(0.,0.,0.));
#4955 = VECTOR('',#4956,1.);
#4956 = DIRECTION('',(-0.,1.,0.));
#4957 = ORIENTED_EDGE('',*,*,#4958,.T.);
#4958 = EDGE_CURVE('',#4951,#4959,#4961,.T.);
#4959 = VERTEX_POINT('',#4960);
#4960 = CARTESIAN_POINT('',(0.,1.,5.));
#4961 = LINE('',#4962,#4963);
#4962 = CARTESIAN_POINT('',(0.,1.,0.));
#4963 = VECTOR('',#4964,1.);
#4964 = DIRECTION('',(0.,0.,1.));
#4965 = ORIENTED_EDGE('',*,*,#4966,.F.);
#4966 = EDGE_CURVE('',#4943,#4959,#4967,.T.);
#4967 = LINE('',#4968,#4969);
#4968 = CARTESIAN_POINT('',(0.,0.,5.));
#4969 = VECTOR('',#4970,1.);
#4970 = DIRECTION('',(-0.,1.,0.));
#4971 = PLANE('',#4972);
#4972 = AXIS2_PLACEMENT_3D('',#4973,#4974,#4975);
#4973 = CARTESIAN_POINT('',(0.,0.,0.));
#4974 = DIRECTION('',(1.,0.,-0.));
#4975 = DIRECTION('',(0.,0.,1.));
#4976 = ADVANCED_FACE('',(#4977),#5011,.T.);
#4977 = FACE_BOUND('',#4978,.T.);
#4978 = EDGE_LOOP('',(#4979,#4989,#4997,#5005));
#4979 = ORIENTED_EDGE('',*,*,#4980,.F.);
#4980 = EDGE_CURVE('',#4981,#4983,#4985,.T.);
#4981 = VERTEX_POINT('',#4982);
#4982 = CARTESIAN_POINT('',(1.,0.,0.));
#4983 = VERTEX_POINT('',#4984);
#4984 = CARTESIAN_POINT('',(1.,0.,5.));
#4985 = LINE('',#4986,#4987);
#4986 = CARTESIAN_POINT('',(1.,0.,0.));
#4987 = VECTOR('',#4988,1.);
#4988 = DIRECTION('',(0.,0.,1.));
#4989 = ORIENTED_EDGE('',*,*,#4990,.T.);
#4990 = EDGE_CURVE('',#4981,#4991,#4993,.T.);
#4991 = VERTEX_POINT('',#4992);
#4992 = CARTESIAN_POINT('',(1.,1.,0.));
#4993 = LINE('',#4994,#4995);
#4994 = CARTESIAN_POINT('',(1.,0.,0.));
#4995 = VECTOR('',#4996,1.);
#4996 = DIRECTION('',(-0.,1.,0.));
#4997 = ORIENTED_EDGE('',*,*,#4998,.T.);
#4998 = EDGE_CURVE('',#4991,#4999,#5001,.T.);
#4999 = VERTEX_POINT('',#5000);
#5000 = CARTESIAN_POINT('',(1.,1.,5.));
#5001 = LINE('',#5002,#5003);
#5002 = CARTESIAN_POINT('',(1.,1.,0.));
#5003 = VECTOR('',#5004,1.);
#5004 = DIRECTION('',(0.,0.,1.));
#5005 = ORIENTED_EDGE('',*,*,#5006,.F.);
#5006 = EDGE_CURVE('',#4983,#4999,#5007,.T.);
#5007 = LINE('',#5008,#5009);
#5008 = CARTESIAN_POINT('',(1.,0.,5.));
#5009 = VECTOR('',#5010,1.);
#5010 = DIRECTION('',(-0.,1.,0.));
#5011 = PLANE('',#5012);
#5012 = AXIS2_PLACEMENT_3D('',#5013,#5014,#5015);
#5013 = CARTESIAN_POINT('',(1.,0.,0.));
#5014 = DIRECTION('',(1.,0.,-0.));
#5015 = DIRECTION('',(0.,0.,1.));
#5016 = ADVANCED_FACE('',(#5017),#5033,.F.);
#5017 = FACE_BOUND('',#5018,.F.);
#5018 = EDGE_LOOP('',(#5019,#5025,#5026,#5032));
#5019 = ORIENTED_EDGE('',*,*,#5020,.F.);
#5020 = EDGE_CURVE('',#4941,#4981,#5021,.T.);
#5021 = LINE('',#5022,#5023);
#5022 = CARTESIAN_POINT('',(0.,0.,0.));
#5023 = VECTOR('',#5024,1.);
#5024 = DIRECTION('',(1.,0.,-0.));
#5025 = ORIENTED_EDGE('',*,*,#4940,.T.);
#5026 = ORIENTED_EDGE('',*,*,#5027,.T.);
#5027 = EDGE_CURVE('',#4943,#4983,#5028,.T.);
#5028 = LINE('',#5029,#5030);
#5029 = CARTESIAN_POINT('',(0.,0.,5.));
#5030 = VECTOR('',#5031,1.);
#5031 = DIRECTION('',(1.,0.,-0.));
#5032 = ORIENTED_EDGE('',*,*,#4980,.F.);
#5033 = PLANE('',#5034);
#5034 = AXIS2_PLACEMENT_3D('',#5035,#5036,#5037);
#5035 = CARTESIAN_POINT('',(0.,0.,0.));
#5036 = DIRECTION('',(-0.,1.,0.));
#5037 = DIRECTION('',(0.,0.,1.));
#5038 = ADVANCED_FACE('',(#5039),#5055,.T.);
#5039 = FACE_BOUND('',#5040,.T.);
#5040 = EDGE_LOOP('',(#5041,#5047,#5048,#5054));
#5041 = ORIENTED_EDGE('',*,*,#5042,.F.);
#5042 = EDGE_CURVE('',#4951,#4991,#5043,.T.);
#5043 = LINE('',#5044,#5045);
#5044 = CARTESIAN_POINT('',(0.,1.,0.));
#5045 = VECTOR('',#5046,1.);
#5046 = DIRECTION('',(1.,0.,-0.));
#5047 = ORIENTED_EDGE('',*,*,#4958,.T.);
#5048 = ORIENTED_EDGE('',*,*,#5049,.T.);
#5049 = EDGE_CURVE('',#4959,#4999,#5050,.T.);
#5050 = LINE('',#5051,#5052);
#5051 = CARTESIAN_POINT('',(0.,1.,5.));
#5052 = VECTOR('',#5053,1.);
#5053 = DIRECTION('',(1.,0.,-0.));
#5054 = ORIENTED_EDGE('',*,*,#4998,.F.);
#5055 = PLANE('',#5056);
#5056 = AXIS2_PLACEMENT_3D('',#5057,#5058,#5059);
#5057 = CARTESIAN_POINT('',(0.,1.,0.));
#5058 = DIRECTION('',(-0.,1.,0.));
#5059 = DIRECTION('',(0.,0.,1.));
#5060 = ADVANCED_FACE('',(#5061),#5067,.F.);
#5061 = FACE_BOUND('',#5062,.F.);
#5062 = EDGE_LOOP('',(#5063,#5064,#5065,#5066));
#5063 = ORIENTED_EDGE('',*,*,#4950,.F.);
#5064 = ORIENTED_EDGE('',*,*,#5020,.T.);
#5065 = ORIENTED_EDGE('',*,*,#4990,.T.);
#5066 = ORIENTED_EDGE('',*,*,#5042,.F.);
#5067 = PLANE('',#5068);
#5068 = AXIS2_PLACEMENT_3D('',#5069,#5070,#5071);
#5069 = CARTESIAN_POINT('',(0.,0.,0.));
#5070 = DIRECTION('',(0.,0.,1.));
#5071 = DIRECTION('',(1.,0.,-0.));
#5072 = ADVANCED_FACE('',(#5073),#5079,.T.);
#5073 = FACE_BOUND('',#5074,.T.);
#5074 = EDGE_LOOP('',(#5075,#5076,#5077,#5078));
#5075 = ORIENTED_EDGE('',*,*,#4966,.F.);
#5076 = ORIENTED_EDGE('',*,*,#5027,.T.);
#5077 = ORIENTED_EDGE('',*,*,#5006,.T.);
#5078 = ORIENTED_EDGE('',*,*,#5049,.F.);
#5079 = PLANE('',#5080);
#5080 = AXIS2_PLACEMENT_3D('',#5081,#5082,#5083);
#5081 = CARTESIAN_POINT('',(0.,0.,5.));
#5082 = DIRECTION('',(0.,0.,1.));
#5083 = DIRECTION('',(1.,0.,-0.));
#5084 = ( GEOMETRIC_REPRESENTATION_CONTEXT(3) 
GLOBAL_UNCERTAINTY_ASSIGNED_CONTEXT((#5088)) 
GLOBAL_UNIT_ASSIGNED_CONTEXT((#5085,#5086,#5087)) REPRESENTATION_CONTEXT
('Context #1','3D Context with UNIT and UNCERTAINTY') );
#5085 = ( LENGTH_UNIT() NAMED_UNIT(*) SI_UNIT(.MILLI.,.METRE.) );
#5086 = ( NAMED_UNIT(*) PLANE_ANGLE_UNIT() SI_UNIT($,.RADIAN.) );
#5087 = ( NAMED_UNIT(*) SI_UNIT($,.STERADIAN.) SOLID_ANGLE_UNIT() );
#5088 = UNCERTAINTY_MEASURE_WITH_UNIT(LENGTH_MEASURE(1.E-07),#5085,
  'distance_accuracy_value','confusion accuracy');
#5089 = CONTEXT_DEPENDENT_SHAPE_REPRESENTATION(#5090,#5092);
#5090 = ( REPRESENTATION_RELATIONSHIP('','',#4933,#10) 
REPRESENTATION_RELATIONSHIP_WITH_TRANSFORMATION(#5091) 
SHAPE_REPRESENTATION_RELATIONSHIP() );
#5091 = ITEM_DEFINED_TRANSFORMATION('','',#11,#127);
#5092 = PRODUCT_DEFINITION_SHAPE('Placement','Placement of an item',
  #5093);
#5093 = NEXT_ASSEMBLY_USAGE_OCCURRENCE('29','Cube025','',#5,#4928,$);
#5094 = PRODUCT_RELATED_PRODUCT_CATEGORY('part',$,(#4930));
#5095 = SHAPE_DEFINITION_REPRESENTATION(#5096,#5102);
#5096 = PRODUCT_DEFINITION_SHAPE('','',#5097);
#5097 = PRODUCT_DEFINITION('design','',#5098,#5101);
#5098 = PRODUCT_DEFINITION_FORMATION('','',#5099);
#5099 = PRODUCT('Cube026','Cube026','',(#5100));
#5100 = PRODUCT_CONTEXT('',#2,'mechanical');
#5101 = PRODUCT_DEFINITION_CONTEXT('part definition',#2,'design');
#5102 = ADVANCED_BREP_SHAPE_REPRESENTATION('',(#11,#5103),#5253);
#5103 = MANIFOLD_SOLID_BREP('',#5104);
#5104 = CLOSED_SHELL('',(#5105,#5145,#5185,#5207,#5229,#5241));
#5105 = ADVANCED_FACE('',(#5106),#5140,.F.);
#5106 = FACE_BOUND('',#5107,.F.);
#5107 = EDGE_LOOP('',(#5108,#5118,#5126,#5134));
#5108 = ORIENTED_EDGE('',*,*,#5109,.F.);
#5109 = EDGE_CURVE('',#5110,#5112,#5114,.T.);
#5110 = VERTEX_POINT('',#5111);
#5111 = CARTESIAN_POINT('',(0.,0.,0.));
#5112 = VERTEX_POINT('',#5113);
#5113 = CARTESIAN_POINT('',(0.,0.,5.));
#5114 = LINE('',#5115,#5116);
#5115 = CARTESIAN_POINT('',(0.,0.,0.));
#5116 = VECTOR('',#5117,1.);
#5117 = DIRECTION('',(0.,0.,1.));
#5118 = ORIENTED_EDGE('',*,*,#5119,.T.);
#5119 = EDGE_CURVE('',#5110,#5120,#5122,.T.);
#5120 = VERTEX_POINT('',#5121);
#5121 = CARTESIAN_POINT('',(0.,1.,0.));
#5122 = LINE('',#5123,#5124);
#5123 = CARTESIAN_POINT('',(0.,0.,0.));
#5124 = VECTOR('',#5125,1.);
#5125 = DIRECTION('',(-0.,1.,0.));
#5126 = ORIENTED_EDGE('',*,*,#5127,.T.);
#5127 = EDGE_CURVE('',#5120,#5128,#5130,.T.);
#5128 = VERTEX_POINT('',#5129);
#5129 = CARTESIAN_POINT('',(0.,1.,5.));
#5130 = LINE('',#5131,#5132);
#5131 = CARTESIAN_POINT('',(0.,1.,0.));
#5132 = VECTOR('',#5133,1.);
#5133 = DIRECTION('',(0.,0.,1.));
#5134 = ORIENTED_EDGE('',*,*,#5135,.F.);
#5135 = EDGE_CURVE('',#5112,#5128,#5136,.T.);
#5136 = LINE('',#5137,#5138);
#5137 = CARTESIAN_POINT('',(0.,0.,5.));
#5138 = VECTOR('',#5139,1.);
#5139 = DIRECTION('',(-0.,1.,0.));
#5140 = PLANE('',#5141);
#5141 = AXIS2_PLACEMENT_3D('',#5142,#5143,#5144);
#5142 = CARTESIAN_POINT('',(0.,0.,0.));
#5143 = DIRECTION('',(1.,0.,-0.));
#5144 = DIRECTION('',(0.,0.,1.));
#5145 = ADVANCED_FACE('',(#5146),#5180,.T.);
#5146 = FACE_BOUND('',#5147,.T.);
#5147 = EDGE_LOOP('',(#5148,#5158,#5166,#5174));
#5148 = ORIENTED_EDGE('',*,*,#5149,.F.);
#5149 = EDGE_CURVE('',#5150,#5152,#5154,.T.);
#5150 = VERTEX_POINT('',#5151);
#5151 = CARTESIAN_POINT('',(1.,0.,0.));
#5152 = VERTEX_POINT('',#5153);
#5153 = CARTESIAN_POINT('',(1.,0.,5.));
#5154 = LINE('',#5155,#5156);
#5155 = CARTESIAN_POINT('',(1.,0.,0.));
#5156 = VECTOR('',#5157,1.);
#5157 = DIRECTION('',(0.,0.,1.));
#5158 = ORIENTED_EDGE('',*,*,#5159,.T.);
#5159 = EDGE_CURVE('',#5150,#5160,#5162,.T.);
#5160 = VERTEX_POINT('',#5161);
#5161 = CARTESIAN_POINT('',(1.,1.,0.));
#5162 = LINE('',#5163,#5164);
#5163 = CARTESIAN_POINT('',(1.,0.,0.));
#5164 = VECTOR('',#5165,1.);
#5165 = DIRECTION('',(-0.,1.,0.));
#5166 = ORIENTED_EDGE('',*,*,#5167,.T.);
#5167 = EDGE_CURVE('',#5160,#5168,#5170,.T.);
#5168 = VERTEX_POINT('',#5169);
#5169 = CARTESIAN_POINT('',(1.,1.,5.));
#5170 = LINE('',#5171,#5172);
#5171 = CARTESIAN_POINT('',(1.,1.,0.));
#5172 = VECTOR('',#5173,1.);
#5173 = DIRECTION('',(0.,0.,1.));
#5174 = ORIENTED_EDGE('',*,*,#5175,.F.);
#5175 = EDGE_CURVE('',#5152,#5168,#5176,.T.);
#5176 = LINE('',#5177,#5178);
#5177 = CARTESIAN_POINT('',(1.,0.,5.));
#5178 = VECTOR('',#5179,1.);
#5179 = DIRECTION('',(-0.,1.,0.));
#5180 = PLANE('',#5181);
#5181 = AXIS2_PLACEMENT_3D('',#5182,#5183,#5184);
#5182 = CARTESIAN_POINT('',(1.,0.,0.));
#5183 = DIRECTION('',(1.,0.,-0.));
#5184 = DIRECTION('',(0.,0.,1.));
#5185 = ADVANCED_FACE('',(#5186),#5202,.F.);
#5186 = FACE_BOUND('',#5187,.F.);
#5187 = EDGE_LOOP('',(#5188,#5194,#5195,#5201));
#5188 = ORIENTED_EDGE('',*,*,#5189,.F.);
#5189 = EDGE_CURVE('',#5110,#5150,#5190,.T.);
#5190 = LINE('',#5191,#5192);
#5191 = CARTESIAN_POINT('',(0.,0.,0.));
#5192 = VECTOR('',#5193,1.);
#5193 = DIRECTION('',(1.,0.,-0.));
#5194 = ORIENTED_EDGE('',*,*,#5109,.T.);
#5195 = ORIENTED_EDGE('',*,*,#5196,.T.);
#5196 = EDGE_CURVE('',#5112,#5152,#5197,.T.);
#5197 = LINE('',#5198,#5199);
#5198 = CARTESIAN_POINT('',(0.,0.,5.));
#5199 = VECTOR('',#5200,1.);
#5200 = DIRECTION('',(1.,0.,-0.));
#5201 = ORIENTED_EDGE('',*,*,#5149,.F.);
#5202 = PLANE('',#5203);
#5203 = AXIS2_PLACEMENT_3D('',#5204,#5205,#5206);
#5204 = CARTESIAN_POINT('',(0.,0.,0.));
#5205 = DIRECTION('',(-0.,1.,0.));
#5206 = DIRECTION('',(0.,0.,1.));
#5207 = ADVANCED_FACE('',(#5208),#5224,.T.);
#5208 = FACE_BOUND('',#5209,.T.);
#5209 = EDGE_LOOP('',(#5210,#5216,#5217,#5223));
#5210 = ORIENTED_EDGE('',*,*,#5211,.F.);
#5211 = EDGE_CURVE('',#5120,#5160,#5212,.T.);
#5212 = LINE('',#5213,#5214);
#5213 = CARTESIAN_POINT('',(0.,1.,0.));
#5214 = VECTOR('',#5215,1.);
#5215 = DIRECTION('',(1.,0.,-0.));
#5216 = ORIENTED_EDGE('',*,*,#5127,.T.);
#5217 = ORIENTED_EDGE('',*,*,#5218,.T.);
#5218 = EDGE_CURVE('',#5128,#5168,#5219,.T.);
#5219 = LINE('',#5220,#5221);
#5220 = CARTESIAN_POINT('',(0.,1.,5.));
#5221 = VECTOR('',#5222,1.);
#5222 = DIRECTION('',(1.,0.,-0.));
#5223 = ORIENTED_EDGE('',*,*,#5167,.F.);
#5224 = PLANE('',#5225);
#5225 = AXIS2_PLACEMENT_3D('',#5226,#5227,#5228);
#5226 = CARTESIAN_POINT('',(0.,1.,0.));
#5227 = DIRECTION('',(-0.,1.,0.));
#5228 = DIRECTION('',(0.,0.,1.));
#5229 = ADVANCED_FACE('',(#5230),#5236,.F.);
#5230 = FACE_BOUND('',#5231,.F.);
#5231 = EDGE_LOOP('',(#5232,#5233,#5234,#5235));
#5232 = ORIENTED_EDGE('',*,*,#5119,.F.);
#5233 = ORIENTED_EDGE('',*,*,#5189,.T.);
#5234 = ORIENTED_EDGE('',*,*,#5159,.T.);
#5235 = ORIENTED_EDGE('',*,*,#5211,.F.);
#5236 = PLANE('',#5237);
#5237 = AXIS2_PLACEMENT_3D('',#5238,#5239,#5240);
#5238 = CARTESIAN_POINT('',(0.,0.,0.));
#5239 = DIRECTION('',(0.,0.,1.));
#5240 = DIRECTION('',(1.,0.,-0.));
#5241 = ADVANCED_FACE('',(#5242),#5248,.T.);
#5242 = FACE_BOUND('',#5243,.T.);
#5243 = EDGE_LOOP('',(#5244,#5245,#5246,#5247));
#5244 = ORIENTED_EDGE('',*,*,#5135,.F.);
#5245 = ORIENTED_EDGE('',*,*,#5196,.T.);
#5246 = ORIENTED_EDGE('',*,*,#5175,.T.);
#5247 = ORIENTED_EDGE('',*,*,#5218,.F.);
#5248 = PLANE('',#5249);
#5249 = AXIS2_PLACEMENT_3D('',#5250,#5251,#5252);
#5250 = CARTESIAN_POINT('',(0.,0.,5.));
#5251 = DIRECTION('',(0.,0.,1.));
#5252 = DIRECTION('',(1.,0.,-0.));
#5253 = ( GEOMETRIC_REPRESENTATION_CONTEXT(3) 
GLOBAL_UNCERTAINTY_ASSIGNED_CONTEXT((#5257)) 
GLOBAL_UNIT_ASSIGNED_CONTEXT((#5254,#5255,#5256)) REPRESENTATION_CONTEXT
('Context #1','3D Context with UNIT and UNCERTAINTY') );
#5254 = ( LENGTH_UNIT() NAMED_UNIT(*) SI_UNIT(.MILLI.,.METRE.) );
#5255 = ( NAMED_UNIT(*) PLANE_ANGLE_UNIT() SI_UNIT($,.RADIAN.) );
#5256 = ( NAMED_UNIT(*) SI_UNIT($,.STERADIAN.) SOLID_ANGLE_UNIT() );
#5257 = UNCERTAINTY_MEASURE_WITH_UNIT(LENGTH_MEASURE(1.E-07),#5254,
  'distance_accuracy_value','confusion accuracy');
#5258 = CONTEXT_DEPENDENT_SHAPE_REPRESENTATION(#5259,#5261);
#5259 = ( REPRESENTATION_RELATIONSHIP('','',#5102,#10) 
REPRESENTATION_RELATIONSHIP_WITH_TRANSFORMATION(#5260) 
SHAPE_REPRESENTATION_RELATIONSHIP() );
#5260 = ITEM_DEFINED_TRANSFORMATION('','',#11,#131);
#5261 = PRODUCT_DEFINITION_SHAPE('Placement','Placement of an item',
  #5262);
#5262 = NEXT_ASSEMBLY_USAGE_OCCURRENCE('30','Cube026','',#5,#5097,$);
#5263 = PRODUCT_RELATED_PRODUCT_CATEGORY('part',$,(#5099));
#5264 = SHAPE_DEFINITION_REPRESENTATION(#5265,#5271);
#5265 = PRODUCT_DEFINITION_SHAPE('','',#5266);
#5266 = PRODUCT_DEFINITION('design','',#5267,#5270);
#5267 = PRODUCT_DEFINITION_FORMATION('','',#5268);
#5268 = PRODUCT('Cube027','Cube027','',(#5269));
#5269 = PRODUCT_CONTEXT('',#2,'mechanical');
#5270 = PRODUCT_DEFINITION_CONTEXT('part definition',#2,'design');
#5271 = ADVANCED_BREP_SHAPE_REPRESENTATION('',(#11,#5272),#5422);
#5272 = MANIFOLD_SOLID_BREP('',#5273);
#5273 = CLOSED_SHELL('',(#5274,#5314,#5354,#5376,#5398,#5410));
#5274 = ADVANCED_FACE('',(#5275),#5309,.F.);
#5275 = FACE_BOUND('',#5276,.F.);
#5276 = EDGE_LOOP('',(#5277,#5287,#5295,#5303));
#5277 = ORIENTED_EDGE('',*,*,#5278,.F.);
#5278 = EDGE_CURVE('',#5279,#5281,#5283,.T.);
#5279 = VERTEX_POINT('',#5280);
#5280 = CARTESIAN_POINT('',(0.,0.,0.));
#5281 = VERTEX_POINT('',#5282);
#5282 = CARTESIAN_POINT('',(0.,0.,5.));
#5283 = LINE('',#5284,#5285);
#5284 = CARTESIAN_POINT('',(0.,0.,0.));
#5285 = VECTOR('',#5286,1.);
#5286 = DIRECTION('',(0.,0.,1.));
#5287 = ORIENTED_EDGE('',*,*,#5288,.T.);
#5288 = EDGE_CURVE('',#5279,#5289,#5291,.T.);
#5289 = VERTEX_POINT('',#5290);
#5290 = CARTESIAN_POINT('',(0.,1.,0.));
#5291 = LINE('',#5292,#5293);
#5292 = CARTESIAN_POINT('',(0.,0.,0.));
#5293 = VECTOR('',#5294,1.);
#5294 = DIRECTION('',(-0.,1.,0.));
#5295 = ORIENTED_EDGE('',*,*,#5296,.T.);
#5296 = EDGE_CURVE('',#5289,#5297,#5299,.T.);
#5297 = VERTEX_POINT('',#5298);
#5298 = CARTESIAN_POINT('',(0.,1.,5.));
#5299 = LINE('',#5300,#5301);
#5300 = CARTESIAN_POINT('',(0.,1.,0.));
#5301 = VECTOR('',#5302,1.);
#5302 = DIRECTION('',(0.,0.,1.));
#5303 = ORIENTED_EDGE('',*,*,#5304,.F.);
#5304 = EDGE_CURVE('',#5281,#5297,#5305,.T.);
#5305 = LINE('',#5306,#5307);
#5306 = CARTESIAN_POINT('',(0.,0.,5.));
#5307 = VECTOR('',#5308,1.);
#5308 = DIRECTION('',(-0.,1.,0.));
#5309 = PLANE('',#5310);
#5310 = AXIS2_PLACEMENT_3D('',#5311,#5312,#5313);
#5311 = CARTESIAN_POINT('',(0.,0.,0.));
#5312 = DIRECTION('',(1.,0.,-0.));
#5313 = DIRECTION('',(0.,0.,1.));
#5314 = ADVANCED_FACE('',(#5315),#5349,.T.);
#5315 = FACE_BOUND('',#5316,.T.);
#5316 = EDGE_LOOP('',(#5317,#5327,#5335,#5343));
#5317 = ORIENTED_EDGE('',*,*,#5318,.F.);
#5318 = EDGE_CURVE('',#5319,#5321,#5323,.T.);
#5319 = VERTEX_POINT('',#5320);
#5320 = CARTESIAN_POINT('',(1.,0.,0.));
#5321 = VERTEX_POINT('',#5322);
#5322 = CARTESIAN_POINT('',(1.,0.,5.));
#5323 = LINE('',#5324,#5325);
#5324 = CARTESIAN_POINT('',(1.,0.,0.));
#5325 = VECTOR('',#5326,1.);
#5326 = DIRECTION('',(0.,0.,1.));
#5327 = ORIENTED_EDGE('',*,*,#5328,.T.);
#5328 = EDGE_CURVE('',#5319,#5329,#5331,.T.);
#5329 = VERTEX_POINT('',#5330);
#5330 = CARTESIAN_POINT('',(1.,1.,0.));
#5331 = LINE('',#5332,#5333);
#5332 = CARTESIAN_POINT('',(1.,0.,0.));
#5333 = VECTOR('',#5334,1.);
#5334 = DIRECTION('',(-0.,1.,0.));
#5335 = ORIENTED_EDGE('',*,*,#5336,.T.);
#5336 = EDGE_CURVE('',#5329,#5337,#5339,.T.);
#5337 = VERTEX_POINT('',#5338);
#5338 = CARTESIAN_POINT('',(1.,1.,5.));
#5339 = LINE('',#5340,#5341);
#5340 = CARTESIAN_POINT('',(1.,1.,0.));
#5341 = VECTOR('',#5342,1.);
#5342 = DIRECTION('',(0.,0.,1.));
#5343 = ORIENTED_EDGE('',*,*,#5344,.F.);
#5344 = EDGE_CURVE('',#5321,#5337,#5345,.T.);
#5345 = LINE('',#5346,#5347);
#5346 = CARTESIAN_POINT('',(1.,0.,5.));
#5347 = VECTOR('',#5348,1.);
#5348 = DIRECTION('',(-0.,1.,0.));
#5349 = PLANE('',#5350);
#5350 = AXIS2_PLACEMENT_3D('',#5351,#5352,#5353);
#5351 = CARTESIAN_POINT('',(1.,0.,0.));
#5352 = DIRECTION('',(1.,0.,-0.));
#5353 = DIRECTION('',(0.,0.,1.));
#5354 = ADVANCED_FACE('',(#5355),#5371,.F.);
#5355 = FACE_BOUND('',#5356,.F.);
#5356 = EDGE_LOOP('',(#5357,#5363,#5364,#5370));
#5357 = ORIENTED_EDGE('',*,*,#5358,.F.);
#5358 = EDGE_CURVE('',#5279,#5319,#5359,.T.);
#5359 = LINE('',#5360,#5361);
#5360 = CARTESIAN_POINT('',(0.,0.,0.));
#5361 = VECTOR('',#5362,1.);
#5362 = DIRECTION('',(1.,0.,-0.));
#5363 = ORIENTED_EDGE('',*,*,#5278,.T.);
#5364 = ORIENTED_EDGE('',*,*,#5365,.T.);
#5365 = EDGE_CURVE('',#5281,#5321,#5366,.T.);
#5366 = LINE('',#5367,#5368);
#5367 = CARTESIAN_POINT('',(0.,0.,5.));
#5368 = VECTOR('',#5369,1.);
#5369 = DIRECTION('',(1.,0.,-0.));
#5370 = ORIENTED_EDGE('',*,*,#5318,.F.);
#5371 = PLANE('',#5372);
#5372 = AXIS2_PLACEMENT_3D('',#5373,#5374,#5375);
#5373 = CARTESIAN_POINT('',(0.,0.,0.));
#5374 = DIRECTION('',(-0.,1.,0.));
#5375 = DIRECTION('',(0.,0.,1.));
#5376 = ADVANCED_FACE('',(#5377),#5393,.T.);
#5377 = FACE_BOUND('',#5378,.T.);
#5378 = EDGE_LOOP('',(#5379,#5385,#5386,#5392));
#5379 = ORIENTED_EDGE('',*,*,#5380,.F.);
#5380 = EDGE_CURVE('',#5289,#5329,#5381,.T.);
#5381 = LINE('',#5382,#5383);
#5382 = CARTESIAN_POINT('',(0.,1.,0.));
#5383 = VECTOR('',#5384,1.);
#5384 = DIRECTION('',(1.,0.,-0.));
#5385 = ORIENTED_EDGE('',*,*,#5296,.T.);
#5386 = ORIENTED_EDGE('',*,*,#5387,.T.);
#5387 = EDGE_CURVE('',#5297,#5337,#5388,.T.);
#5388 = LINE('',#5389,#5390);
#5389 = CARTESIAN_POINT('',(0.,1.,5.));
#5390 = VECTOR('',#5391,1.);
#5391 = DIRECTION('',(1.,0.,-0.));
#5392 = ORIENTED_EDGE('',*,*,#5336,.F.);
#5393 = PLANE('',#5394);
#5394 = AXIS2_PLACEMENT_3D('',#5395,#5396,#5397);
#5395 = CARTESIAN_POINT('',(0.,1.,0.));
#5396 = DIRECTION('',(-0.,1.,0.));
#5397 = DIRECTION('',(0.,0.,1.));
#5398 = ADVANCED_FACE('',(#5399),#5405,.F.);
#5399 = FACE_BOUND('',#5400,.F.);
#5400 = EDGE_LOOP('',(#5401,#5402,#5403,#5404));
#5401 = ORIENTED_EDGE('',*,*,#5288,.F.);
#5402 = ORIENTED_EDGE('',*,*,#5358,.T.);
#5403 = ORIENTED_EDGE('',*,*,#5328,.T.);
#5404 = ORIENTED_EDGE('',*,*,#5380,.F.);
#5405 = PLANE('',#5406);
#5406 = AXIS2_PLACEMENT_3D('',#5407,#5408,#5409);
#5407 = CARTESIAN_POINT('',(0.,0.,0.));
#5408 = DIRECTION('',(0.,0.,1.));
#5409 = DIRECTION('',(1.,0.,-0.));
#5410 = ADVANCED_FACE('',(#5411),#5417,.T.);
#5411 = FACE_BOUND('',#5412,.T.);
#5412 = EDGE_LOOP('',(#5413,#5414,#5415,#5416));
#5413 = ORIENTED_EDGE('',*,*,#5304,.F.);
#5414 = ORIENTED_EDGE('',*,*,#5365,.T.);
#5415 = ORIENTED_EDGE('',*,*,#5344,.T.);
#5416 = ORIENTED_EDGE('',*,*,#5387,.F.);
#5417 = PLANE('',#5418);
#5418 = AXIS2_PLACEMENT_3D('',#5419,#5420,#5421);
#5419 = CARTESIAN_POINT('',(0.,0.,5.));
#5420 = DIRECTION('',(0.,0.,1.));
#5421 = DIRECTION('',(1.,0.,-0.));
#5422 = ( GEOMETRIC_REPRESENTATION_CONTEXT(3) 
GLOBAL_UNCERTAINTY_ASSIGNED_CONTEXT((#5426)) 
GLOBAL_UNIT_ASSIGNED_CONTEXT((#5423,#5424,#5425)) REPRESENTATION_CONTEXT
('Context #1','3D Context with UNIT and UNCERTAINTY') );
#5423 = ( LENGTH_UNIT() NAMED_UNIT(*) SI_UNIT(.MILLI.,.METRE.) );
#5424 = ( NAMED_UNIT(*) PLANE_ANGLE_UNIT() SI_UNIT($,.RADIAN.) );
#5425 = ( NAMED_UNIT(*) SI_UNIT($,.STERADIAN.) SOLID_ANGLE_UNIT() );
#5426 = UNCERTAINTY_MEASURE_WITH_UNIT(LENGTH_MEASURE(1.E-07),#5423,
  'distance_accuracy_value','confusion accuracy');
#5427 = CONTEXT_DEPENDENT_SHAPE_REPRESENTATION(#5428,#5430);
#5428 = ( REPRESENTATION_RELATIONSHIP('','',#5271,#10) 
REPRESENTATION_RELATIONSHIP_WITH_TRANSFORMATION(#5429) 
SHAPE_REPRESENTATION_RELATIONSHIP() );
#5429 = ITEM_DEFINED_TRANSFORMATION('','',#11,#135);
#5430 = PRODUCT_DEFINITION_SHAPE('Placement','Placement of an item',
  #5431);
#5431 = NEXT_ASSEMBLY_USAGE_OCCURRENCE('31','Cube027','',#5,#5266,$);
#5432 = PRODUCT_RELATED_PRODUCT_CATEGORY('part',$,(#5268));
#5433 = SHAPE_DEFINITION_REPRESENTATION(#5434,#5440);
#5434 = PRODUCT_DEFINITION_SHAPE('','',#5435);
#5435 = PRODUCT_DEFINITION('design','',#5436,#5439);
#5436 = PRODUCT_DEFINITION_FORMATION('','',#5437);
#5437 = PRODUCT('Cube028','Cube028','',(#5438));
#5438 = PRODUCT_CONTEXT('',#2,'mechanical');
#5439 = PRODUCT_DEFINITION_CONTEXT('part definition',#2,'design');
#5440 = ADVANCED_BREP_SHAPE_REPRESENTATION('',(#11,#5441),#5591);
#5441 = MANIFOLD_SOLID_BREP('',#5442);
#5442 = CLOSED_SHELL('',(#5443,#5483,#5523,#5545,#5567,#5579));
#5443 = ADVANCED_FACE('',(#5444),#5478,.F.);
#5444 = FACE_BOUND('',#5445,.F.);
#5445 = EDGE_LOOP('',(#5446,#5456,#5464,#5472));
#5446 = ORIENTED_EDGE('',*,*,#5447,.F.);
#5447 = EDGE_CURVE('',#5448,#5450,#5452,.T.);
#5448 = VERTEX_POINT('',#5449);
#5449 = CARTESIAN_POINT('',(0.,0.,0.));
#5450 = VERTEX_POINT('',#5451);
#5451 = CARTESIAN_POINT('',(0.,0.,1.));
#5452 = LINE('',#5453,#5454);
#5453 = CARTESIAN_POINT('',(0.,0.,0.));
#5454 = VECTOR('',#5455,1.);
#5455 = DIRECTION('',(0.,0.,1.));
#5456 = ORIENTED_EDGE('',*,*,#5457,.T.);
#5457 = EDGE_CURVE('',#5448,#5458,#5460,.T.);
#5458 = VERTEX_POINT('',#5459);
#5459 = CARTESIAN_POINT('',(0.,5.,0.));
#5460 = LINE('',#5461,#5462);
#5461 = CARTESIAN_POINT('',(0.,0.,0.));
#5462 = VECTOR('',#5463,1.);
#5463 = DIRECTION('',(-0.,1.,0.));
#5464 = ORIENTED_EDGE('',*,*,#5465,.T.);
#5465 = EDGE_CURVE('',#5458,#5466,#5468,.T.);
#5466 = VERTEX_POINT('',#5467);
#5467 = CARTESIAN_POINT('',(0.,5.,1.));
#5468 = LINE('',#5469,#5470);
#5469 = CARTESIAN_POINT('',(0.,5.,0.));
#5470 = VECTOR('',#5471,1.);
#5471 = DIRECTION('',(0.,0.,1.));
#5472 = ORIENTED_EDGE('',*,*,#5473,.F.);
#5473 = EDGE_CURVE('',#5450,#5466,#5474,.T.);
#5474 = LINE('',#5475,#5476);
#5475 = CARTESIAN_POINT('',(0.,0.,1.));
#5476 = VECTOR('',#5477,1.);
#5477 = DIRECTION('',(-0.,1.,0.));
#5478 = PLANE('',#5479);
#5479 = AXIS2_PLACEMENT_3D('',#5480,#5481,#5482);
#5480 = CARTESIAN_POINT('',(0.,0.,0.));
#5481 = DIRECTION('',(1.,0.,-0.));
#5482 = DIRECTION('',(0.,0.,1.));
#5483 = ADVANCED_FACE('',(#5484),#5518,.T.);
#5484 = FACE_BOUND('',#5485,.T.);
#5485 = EDGE_LOOP('',(#5486,#5496,#5504,#5512));
#5486 = ORIENTED_EDGE('',*,*,#5487,.F.);
#5487 = EDGE_CURVE('',#5488,#5490,#5492,.T.);
#5488 = VERTEX_POINT('',#5489);
#5489 = CARTESIAN_POINT('',(4.,0.,0.));
#5490 = VERTEX_POINT('',#5491);
#5491 = CARTESIAN_POINT('',(4.,0.,1.));
#5492 = LINE('',#5493,#5494);
#5493 = CARTESIAN_POINT('',(4.,0.,0.));
#5494 = VECTOR('',#5495,1.);
#5495 = DIRECTION('',(0.,0.,1.));
#5496 = ORIENTED_EDGE('',*,*,#5497,.T.);
#5497 = EDGE_CURVE('',#5488,#5498,#5500,.T.);
#5498 = VERTEX_POINT('',#5499);
#5499 = CARTESIAN_POINT('',(4.,5.,0.));
#5500 = LINE('',#5501,#5502);
#5501 = CARTESIAN_POINT('',(4.,0.,0.));
#5502 = VECTOR('',#5503,1.);
#5503 = DIRECTION('',(-0.,1.,0.));
#5504 = ORIENTED_EDGE('',*,*,#5505,.T.);
#5505 = EDGE_CURVE('',#5498,#5506,#5508,.T.);
#5506 = VERTEX_POINT('',#5507);
#5507 = CARTESIAN_POINT('',(4.,5.,1.));
#5508 = LINE('',#5509,#5510);
#5509 = CARTESIAN_POINT('',(4.,5.,0.));
#5510 = VECTOR('',#5511,1.);
#5511 = DIRECTION('',(0.,0.,1.));
#5512 = ORIENTED_EDGE('',*,*,#5513,.F.);
#5513 = EDGE_CURVE('',#5490,#5506,#5514,.T.);
#5514 = LINE('',#5515,#5516);
#5515 = CARTESIAN_POINT('',(4.,0.,1.));
#5516 = VECTOR('',#5517,1.);
#5517 = DIRECTION('',(-0.,1.,0.));
#5518 = PLANE('',#5519);
#5519 = AXIS2_PLACEMENT_3D('',#5520,#5521,#5522);
#5520 = CARTESIAN_POINT('',(4.,0.,0.));
#5521 = DIRECTION('',(1.,0.,-0.));
#5522 = DIRECTION('',(0.,0.,1.));
#5523 = ADVANCED_FACE('',(#5524),#5540,.F.);
#5524 = FACE_BOUND('',#5525,.F.);
#5525 = EDGE_LOOP('',(#5526,#5532,#5533,#5539));
#5526 = ORIENTED_EDGE('',*,*,#5527,.F.);
#5527 = EDGE_CURVE('',#5448,#5488,#5528,.T.);
#5528 = LINE('',#5529,#5530);
#5529 = CARTESIAN_POINT('',(0.,0.,0.));
#5530 = VECTOR('',#5531,1.);
#5531 = DIRECTION('',(1.,0.,-0.));
#5532 = ORIENTED_EDGE('',*,*,#5447,.T.);
#5533 = ORIENTED_EDGE('',*,*,#5534,.T.);
#5534 = EDGE_CURVE('',#5450,#5490,#5535,.T.);
#5535 = LINE('',#5536,#5537);
#5536 = CARTESIAN_POINT('',(0.,0.,1.));
#5537 = VECTOR('',#5538,1.);
#5538 = DIRECTION('',(1.,0.,-0.));
#5539 = ORIENTED_EDGE('',*,*,#5487,.F.);
#5540 = PLANE('',#5541);
#5541 = AXIS2_PLACEMENT_3D('',#5542,#5543,#5544);
#5542 = CARTESIAN_POINT('',(0.,0.,0.));
#5543 = DIRECTION('',(-0.,1.,0.));
#5544 = DIRECTION('',(0.,0.,1.));
#5545 = ADVANCED_FACE('',(#5546),#5562,.T.);
#5546 = FACE_BOUND('',#5547,.T.);
#5547 = EDGE_LOOP('',(#5548,#5554,#5555,#5561));
#5548 = ORIENTED_EDGE('',*,*,#5549,.F.);
#5549 = EDGE_CURVE('',#5458,#5498,#5550,.T.);
#5550 = LINE('',#5551,#5552);
#5551 = CARTESIAN_POINT('',(0.,5.,0.));
#5552 = VECTOR('',#5553,1.);
#5553 = DIRECTION('',(1.,0.,-0.));
#5554 = ORIENTED_EDGE('',*,*,#5465,.T.);
#5555 = ORIENTED_EDGE('',*,*,#5556,.T.);
#5556 = EDGE_CURVE('',#5466,#5506,#5557,.T.);
#5557 = LINE('',#5558,#5559);
#5558 = CARTESIAN_POINT('',(0.,5.,1.));
#5559 = VECTOR('',#5560,1.);
#5560 = DIRECTION('',(1.,0.,-0.));
#5561 = ORIENTED_EDGE('',*,*,#5505,.F.);
#5562 = PLANE('',#5563);
#5563 = AXIS2_PLACEMENT_3D('',#5564,#5565,#5566);
#5564 = CARTESIAN_POINT('',(0.,5.,0.));
#5565 = DIRECTION('',(-0.,1.,0.));
#5566 = DIRECTION('',(0.,0.,1.));
#5567 = ADVANCED_FACE('',(#5568),#5574,.F.);
#5568 = FACE_BOUND('',#5569,.F.);
#5569 = EDGE_LOOP('',(#5570,#5571,#5572,#5573));
#5570 = ORIENTED_EDGE('',*,*,#5457,.F.);
#5571 = ORIENTED_EDGE('',*,*,#5527,.T.);
#5572 = ORIENTED_EDGE('',*,*,#5497,.T.);
#5573 = ORIENTED_EDGE('',*,*,#5549,.F.);
#5574 = PLANE('',#5575);
#5575 = AXIS2_PLACEMENT_3D('',#5576,#5577,#5578);
#5576 = CARTESIAN_POINT('',(0.,0.,0.));
#5577 = DIRECTION('',(0.,0.,1.));
#5578 = DIRECTION('',(1.,0.,-0.));
#5579 = ADVANCED_FACE('',(#5580),#5586,.T.);
#5580 = FACE_BOUND('',#5581,.T.);
#5581 = EDGE_LOOP('',(#5582,#5583,#5584,#5585));
#5582 = ORIENTED_EDGE('',*,*,#5473,.F.);
#5583 = ORIENTED_EDGE('',*,*,#5534,.T.);
#5584 = ORIENTED_EDGE('',*,*,#5513,.T.);
#5585 = ORIENTED_EDGE('',*,*,#5556,.F.);
#5586 = PLANE('',#5587);
#5587 = AXIS2_PLACEMENT_3D('',#5588,#5589,#5590);
#5588 = CARTESIAN_POINT('',(0.,0.,1.));
#5589 = DIRECTION('',(0.,0.,1.));
#5590 = DIRECTION('',(1.,0.,-0.));
#5591 = ( GEOMETRIC_REPRESENTATION_CONTEXT(3) 
GLOBAL_UNCERTAINTY_ASSIGNED_CONTEXT((#5595)) 
GLOBAL_UNIT_ASSIGNED_CONTEXT((#5592,#5593,#5594)) REPRESENTATION_CONTEXT
('Context #1','3D Context with UNIT and UNCERTAINTY') );
#5592 = ( LENGTH_UNIT() NAMED_UNIT(*) SI_UNIT(.MILLI.,.METRE.) );
#5593 = ( NAMED_UNIT(*) PLANE_ANGLE_UNIT() SI_UNIT($,.RADIAN.) );
#5594 = ( NAMED_UNIT(*) SI_UNIT($,.STERADIAN.) SOLID_ANGLE_UNIT() );
#5595 = UNCERTAINTY_MEASURE_WITH_UNIT(LENGTH_MEASURE(1.E-07),#5592,
  'distance_accuracy_value','confusion accuracy');
#5596 = CONTEXT_DEPENDENT_SHAPE_REPRESENTATION(#5597,#5599);
#5597 = ( REPRESENTATION_RELATIONSHIP('','',#5440,#10) 
REPRESENTATION_RELATIONSHIP_WITH_TRANSFORMATION(#5598) 
SHAPE_REPRESENTATION_RELATIONSHIP() );
#5598 = ITEM_DEFINED_TRANSFORMATION('','',#11,#139);
#5599 = PRODUCT_DEFINITION_SHAPE('Placement','Placement of an item',
  #5600);
#5600 = NEXT_ASSEMBLY_USAGE_OCCURRENCE('32','Cube028','',#5,#5435,$);
#5601 = PRODUCT_RELATED_PRODUCT_CATEGORY('part',$,(#5437));
#5602 = SHAPE_DEFINITION_REPRESENTATION(#5603,#5609);
#5603 = PRODUCT_DEFINITION_SHAPE('','',#5604);
#5604 = PRODUCT_DEFINITION('design','',#5605,#5608);
#5605 = PRODUCT_DEFINITION_FORMATION('','',#5606);
#5606 = PRODUCT('Cube029','Cube029','',(#5607));
#5607 = PRODUCT_CONTEXT('',#2,'mechanical');
#5608 = PRODUCT_DEFINITION_CONTEXT('part definition',#2,'design');
#5609 = ADVANCED_BREP_SHAPE_REPRESENTATION('',(#11,#5610),#5760);
#5610 = MANIFOLD_SOLID_BREP('',#5611);
#5611 = CLOSED_SHELL('',(#5612,#5652,#5692,#5714,#5736,#5748));
#5612 = ADVANCED_FACE('',(#5613),#5647,.F.);
#5613 = FACE_BOUND('',#5614,.F.);
#5614 = EDGE_LOOP('',(#5615,#5625,#5633,#5641));
#5615 = ORIENTED_EDGE('',*,*,#5616,.F.);
#5616 = EDGE_CURVE('',#5617,#5619,#5621,.T.);
#5617 = VERTEX_POINT('',#5618);
#5618 = CARTESIAN_POINT('',(0.,0.,0.));
#5619 = VERTEX_POINT('',#5620);
#5620 = CARTESIAN_POINT('',(0.,0.,1.));
#5621 = LINE('',#5622,#5623);
#5622 = CARTESIAN_POINT('',(0.,0.,0.));
#5623 = VECTOR('',#5624,1.);
#5624 = DIRECTION('',(0.,0.,1.));
#5625 = ORIENTED_EDGE('',*,*,#5626,.T.);
#5626 = EDGE_CURVE('',#5617,#5627,#5629,.T.);
#5627 = VERTEX_POINT('',#5628);
#5628 = CARTESIAN_POINT('',(0.,5.,0.));
#5629 = LINE('',#5630,#5631);
#5630 = CARTESIAN_POINT('',(0.,0.,0.));
#5631 = VECTOR('',#5632,1.);
#5632 = DIRECTION('',(-0.,1.,0.));
#5633 = ORIENTED_EDGE('',*,*,#5634,.T.);
#5634 = EDGE_CURVE('',#5627,#5635,#5637,.T.);
#5635 = VERTEX_POINT('',#5636);
#5636 = CARTESIAN_POINT('',(0.,5.,1.));
#5637 = LINE('',#5638,#5639);
#5638 = CARTESIAN_POINT('',(0.,5.,0.));
#5639 = VECTOR('',#5640,1.);
#5640 = DIRECTION('',(0.,0.,1.));
#5641 = ORIENTED_EDGE('',*,*,#5642,.F.);
#5642 = EDGE_CURVE('',#5619,#5635,#5643,.T.);
#5643 = LINE('',#5644,#5645);
#5644 = CARTESIAN_POINT('',(0.,0.,1.));
#5645 = VECTOR('',#5646,1.);
#5646 = DIRECTION('',(-0.,1.,0.));
#5647 = PLANE('',#5648);
#5648 = AXIS2_PLACEMENT_3D('',#5649,#5650,#5651);
#5649 = CARTESIAN_POINT('',(0.,0.,0.));
#5650 = DIRECTION('',(1.,0.,-0.));
#5651 = DIRECTION('',(0.,0.,1.));
#5652 = ADVANCED_FACE('',(#5653),#5687,.T.);
#5653 = FACE_BOUND('',#5654,.T.);
#5654 = EDGE_LOOP('',(#5655,#5665,#5673,#5681));
#5655 = ORIENTED_EDGE('',*,*,#5656,.F.);
#5656 = EDGE_CURVE('',#5657,#5659,#5661,.T.);
#5657 = VERTEX_POINT('',#5658);
#5658 = CARTESIAN_POINT('',(4.,0.,0.));
#5659 = VERTEX_POINT('',#5660);
#5660 = CARTESIAN_POINT('',(4.,0.,1.));
#5661 = LINE('',#5662,#5663);
#5662 = CARTESIAN_POINT('',(4.,0.,0.));
#5663 = VECTOR('',#5664,1.);
#5664 = DIRECTION('',(0.,0.,1.));
#5665 = ORIENTED_EDGE('',*,*,#5666,.T.);
#5666 = EDGE_CURVE('',#5657,#5667,#5669,.T.);
#5667 = VERTEX_POINT('',#5668);
#5668 = CARTESIAN_POINT('',(4.,5.,0.));
#5669 = LINE('',#5670,#5671);
#5670 = CARTESIAN_POINT('',(4.,0.,0.));
#5671 = VECTOR('',#5672,1.);
#5672 = DIRECTION('',(-0.,1.,0.));
#5673 = ORIENTED_EDGE('',*,*,#5674,.T.);
#5674 = EDGE_CURVE('',#5667,#5675,#5677,.T.);
#5675 = VERTEX_POINT('',#5676);
#5676 = CARTESIAN_POINT('',(4.,5.,1.));
#5677 = LINE('',#5678,#5679);
#5678 = CARTESIAN_POINT('',(4.,5.,0.));
#5679 = VECTOR('',#5680,1.);
#5680 = DIRECTION('',(0.,0.,1.));
#5681 = ORIENTED_EDGE('',*,*,#5682,.F.);
#5682 = EDGE_CURVE('',#5659,#5675,#5683,.T.);
#5683 = LINE('',#5684,#5685);
#5684 = CARTESIAN_POINT('',(4.,0.,1.));
#5685 = VECTOR('',#5686,1.);
#5686 = DIRECTION('',(-0.,1.,0.));
#5687 = PLANE('',#5688);
#5688 = AXIS2_PLACEMENT_3D('',#5689,#5690,#5691);
#5689 = CARTESIAN_POINT('',(4.,0.,0.));
#5690 = DIRECTION('',(1.,0.,-0.));
#5691 = DIRECTION('',(0.,0.,1.));
#5692 = ADVANCED_FACE('',(#5693),#5709,.F.);
#5693 = FACE_BOUND('',#5694,.F.);
#5694 = EDGE_LOOP('',(#5695,#5701,#5702,#5708));
#5695 = ORIENTED_EDGE('',*,*,#5696,.F.);
#5696 = EDGE_CURVE('',#5617,#5657,#5697,.T.);
#5697 = LINE('',#5698,#5699);
#5698 = CARTESIAN_POINT('',(0.,0.,0.));
#5699 = VECTOR('',#5700,1.);
#5700 = DIRECTION('',(1.,0.,-0.));
#5701 = ORIENTED_EDGE('',*,*,#5616,.T.);
#5702 = ORIENTED_EDGE('',*,*,#5703,.T.);
#5703 = EDGE_CURVE('',#5619,#5659,#5704,.T.);
#5704 = LINE('',#5705,#5706);
#5705 = CARTESIAN_POINT('',(0.,0.,1.));
#5706 = VECTOR('',#5707,1.);
#5707 = DIRECTION('',(1.,0.,-0.));
#5708 = ORIENTED_EDGE('',*,*,#5656,.F.);
#5709 = PLANE('',#5710);
#5710 = AXIS2_PLACEMENT_3D('',#5711,#5712,#5713);
#5711 = CARTESIAN_POINT('',(0.,0.,0.));
#5712 = DIRECTION('',(-0.,1.,0.));
#5713 = DIRECTION('',(0.,0.,1.));
#5714 = ADVANCED_FACE('',(#5715),#5731,.T.);
#5715 = FACE_BOUND('',#5716,.T.);
#5716 = EDGE_LOOP('',(#5717,#5723,#5724,#5730));
#5717 = ORIENTED_EDGE('',*,*,#5718,.F.);
#5718 = EDGE_CURVE('',#5627,#5667,#5719,.T.);
#5719 = LINE('',#5720,#5721);
#5720 = CARTESIAN_POINT('',(0.,5.,0.));
#5721 = VECTOR('',#5722,1.);
#5722 = DIRECTION('',(1.,0.,-0.));
#5723 = ORIENTED_EDGE('',*,*,#5634,.T.);
#5724 = ORIENTED_EDGE('',*,*,#5725,.T.);
#5725 = EDGE_CURVE('',#5635,#5675,#5726,.T.);
#5726 = LINE('',#5727,#5728);
#5727 = CARTESIAN_POINT('',(0.,5.,1.));
#5728 = VECTOR('',#5729,1.);
#5729 = DIRECTION('',(1.,0.,-0.));
#5730 = ORIENTED_EDGE('',*,*,#5674,.F.);
#5731 = PLANE('',#5732);
#5732 = AXIS2_PLACEMENT_3D('',#5733,#5734,#5735);
#5733 = CARTESIAN_POINT('',(0.,5.,0.));
#5734 = DIRECTION('',(-0.,1.,0.));
#5735 = DIRECTION('',(0.,0.,1.));
#5736 = ADVANCED_FACE('',(#5737),#5743,.F.);
#5737 = FACE_BOUND('',#5738,.F.);
#5738 = EDGE_LOOP('',(#5739,#5740,#5741,#5742));
#5739 = ORIENTED_EDGE('',*,*,#5626,.F.);
#5740 = ORIENTED_EDGE('',*,*,#5696,.T.);
#5741 = ORIENTED_EDGE('',*,*,#5666,.T.);
#5742 = ORIENTED_EDGE('',*,*,#5718,.F.);
#5743 = PLANE('',#5744);
#5744 = AXIS2_PLACEMENT_3D('',#5745,#5746,#5747);
#5745 = CARTESIAN_POINT('',(0.,0.,0.));
#5746 = DIRECTION('',(0.,0.,1.));
#5747 = DIRECTION('',(1.,0.,-0.));
#5748 = ADVANCED_FACE('',(#5749),#5755,.T.);
#5749 = FACE_BOUND('',#5750,.T.);
#5750 = EDGE_LOOP('',(#5751,#5752,#5753,#5754));
#5751 = ORIENTED_EDGE('',*,*,#5642,.F.);
#5752 = ORIENTED_EDGE('',*,*,#5703,.T.);
#5753 = ORIENTED_EDGE('',*,*,#5682,.T.);
#5754 = ORIENTED_EDGE('',*,*,#5725,.F.);
#5755 = PLANE('',#5756);
#5756 = AXIS2_PLACEMENT_3D('',#5757,#5758,#5759);
#5757 = CARTESIAN_POINT('',(0.,0.,1.));
#5758 = DIRECTION('',(0.,0.,1.));
#5759 = DIRECTION('',(1.,0.,-0.));
#5760 = ( GEOMETRIC_REPRESENTATION_CONTEXT(3) 
GLOBAL_UNCERTAINTY_ASSIGNED_CONTEXT((#5764)) 
GLOBAL_UNIT_ASSIGNED_CONTEXT((#5761,#5762,#5763)) REPRESENTATION_CONTEXT
('Context #1','3D Context with UNIT and UNCERTAINTY') );
#5761 = ( LENGTH_UNIT() NAMED_UNIT(*) SI_UNIT(.MILLI.,.METRE.) );
#5762 = ( NAMED_UNIT(*) PLANE_ANGLE_UNIT() SI_UNIT($,.RADIAN.) );
#5763 = ( NAMED_UNIT(*) SI_UNIT($,.STERADIAN.) SOLID_ANGLE_UNIT() );
#5764 = UNCERTAINTY_MEASURE_WITH_UNIT(LENGTH_MEASURE(1.E-07),#5761,
  'distance_accuracy_value','confusion accuracy');
#5765 = CONTEXT_DEPENDENT_SHAPE_REPRESENTATION(#5766,#5768);
#5766 = ( REPRESENTATION_RELATIONSHIP('','',#5609,#10) 
REPRESENTATION_RELATIONSHIP_WITH_TRANSFORMATION(#5767) 
SHAPE_REPRESENTATION_RELATIONSHIP() );
#5767 = ITEM_DEFINED_TRANSFORMATION('','',#11,#143);
#5768 = PRODUCT_DEFINITION_SHAPE('Placement','Placement of an item',
  #5769);
#5769 = NEXT_ASSEMBLY_USAGE_OCCURRENCE('33','Cube029','',#5,#5604,$);
#5770 = PRODUCT_RELATED_PRODUCT_CATEGORY('part',$,(#5606));
#5771 = SHAPE_DEFINITION_REPRESENTATION(#5772,#5778);
#5772 = PRODUCT_DEFINITION_SHAPE('','',#5773);
#5773 = PRODUCT_DEFINITION('design','',#5774,#5777);
#5774 = PRODUCT_DEFINITION_FORMATION('','',#5775);
#5775 = PRODUCT('Cube030','Cube030','',(#5776));
#5776 = PRODUCT_CONTEXT('',#2,'mechanical');
#5777 = PRODUCT_DEFINITION_CONTEXT('part definition',#2,'design');
#5778 = ADVANCED_BREP_SHAPE_REPRESENTATION('',(#11,#5779),#5929);
#5779 = MANIFOLD_SOLID_BREP('',#5780);
#5780 = CLOSED_SHELL('',(#5781,#5821,#5861,#5883,#5905,#5917));
#5781 = ADVANCED_FACE('',(#5782),#5816,.F.);
#5782 = FACE_BOUND('',#5783,.F.);
#5783 = EDGE_LOOP('',(#5784,#5794,#5802,#5810));
#5784 = ORIENTED_EDGE('',*,*,#5785,.F.);
#5785 = EDGE_CURVE('',#5786,#5788,#5790,.T.);
#5786 = VERTEX_POINT('',#5787);
#5787 = CARTESIAN_POINT('',(0.,0.,0.));
#5788 = VERTEX_POINT('',#5789);
#5789 = CARTESIAN_POINT('',(0.,0.,1.));
#5790 = LINE('',#5791,#5792);
#5791 = CARTESIAN_POINT('',(0.,0.,0.));
#5792 = VECTOR('',#5793,1.);
#5793 = DIRECTION('',(0.,0.,1.));
#5794 = ORIENTED_EDGE('',*,*,#5795,.T.);
#5795 = EDGE_CURVE('',#5786,#5796,#5798,.T.);
#5796 = VERTEX_POINT('',#5797);
#5797 = CARTESIAN_POINT('',(0.,5.,0.));
#5798 = LINE('',#5799,#5800);
#5799 = CARTESIAN_POINT('',(0.,0.,0.));
#5800 = VECTOR('',#5801,1.);
#5801 = DIRECTION('',(-0.,1.,0.));
#5802 = ORIENTED_EDGE('',*,*,#5803,.T.);
#5803 = EDGE_CURVE('',#5796,#5804,#5806,.T.);
#5804 = VERTEX_POINT('',#5805);
#5805 = CARTESIAN_POINT('',(0.,5.,1.));
#5806 = LINE('',#5807,#5808);
#5807 = CARTESIAN_POINT('',(0.,5.,0.));
#5808 = VECTOR('',#5809,1.);
#5809 = DIRECTION('',(0.,0.,1.));
#5810 = ORIENTED_EDGE('',*,*,#5811,.F.);
#5811 = EDGE_CURVE('',#5788,#5804,#5812,.T.);
#5812 = LINE('',#5813,#5814);
#5813 = CARTESIAN_POINT('',(0.,0.,1.));
#5814 = VECTOR('',#5815,1.);
#5815 = DIRECTION('',(-0.,1.,0.));
#5816 = PLANE('',#5817);
#5817 = AXIS2_PLACEMENT_3D('',#5818,#5819,#5820);
#5818 = CARTESIAN_POINT('',(0.,0.,0.));
#5819 = DIRECTION('',(1.,0.,-0.));
#5820 = DIRECTION('',(0.,0.,1.));
#5821 = ADVANCED_FACE('',(#5822),#5856,.T.);
#5822 = FACE_BOUND('',#5823,.T.);
#5823 = EDGE_LOOP('',(#5824,#5834,#5842,#5850));
#5824 = ORIENTED_EDGE('',*,*,#5825,.F.);
#5825 = EDGE_CURVE('',#5826,#5828,#5830,.T.);
#5826 = VERTEX_POINT('',#5827);
#5827 = CARTESIAN_POINT('',(4.,0.,0.));
#5828 = VERTEX_POINT('',#5829);
#5829 = CARTESIAN_POINT('',(4.,0.,1.));
#5830 = LINE('',#5831,#5832);
#5831 = CARTESIAN_POINT('',(4.,0.,0.));
#5832 = VECTOR('',#5833,1.);
#5833 = DIRECTION('',(0.,0.,1.));
#5834 = ORIENTED_EDGE('',*,*,#5835,.T.);
#5835 = EDGE_CURVE('',#5826,#5836,#5838,.T.);
#5836 = VERTEX_POINT('',#5837);
#5837 = CARTESIAN_POINT('',(4.,5.,0.));
#5838 = LINE('',#5839,#5840);
#5839 = CARTESIAN_POINT('',(4.,0.,0.));
#5840 = VECTOR('',#5841,1.);
#5841 = DIRECTION('',(-0.,1.,0.));
#5842 = ORIENTED_EDGE('',*,*,#5843,.T.);
#5843 = EDGE_CURVE('',#5836,#5844,#5846,.T.);
#5844 = VERTEX_POINT('',#5845);
#5845 = CARTESIAN_POINT('',(4.,5.,1.));
#5846 = LINE('',#5847,#5848);
#5847 = CARTESIAN_POINT('',(4.,5.,0.));
#5848 = VECTOR('',#5849,1.);
#5849 = DIRECTION('',(0.,0.,1.));
#5850 = ORIENTED_EDGE('',*,*,#5851,.F.);
#5851 = EDGE_CURVE('',#5828,#5844,#5852,.T.);
#5852 = LINE('',#5853,#5854);
#5853 = CARTESIAN_POINT('',(4.,0.,1.));
#5854 = VECTOR('',#5855,1.);
#5855 = DIRECTION('',(-0.,1.,0.));
#5856 = PLANE('',#5857);
#5857 = AXIS2_PLACEMENT_3D('',#5858,#5859,#5860);
#5858 = CARTESIAN_POINT('',(4.,0.,0.));
#5859 = DIRECTION('',(1.,0.,-0.));
#5860 = DIRECTION('',(0.,0.,1.));
#5861 = ADVANCED_FACE('',(#5862),#5878,.F.);
#5862 = FACE_BOUND('',#5863,.F.);
#5863 = EDGE_LOOP('',(#5864,#5870,#5871,#5877));
#5864 = ORIENTED_EDGE('',*,*,#5865,.F.);
#5865 = EDGE_CURVE('',#5786,#5826,#5866,.T.);
#5866 = LINE('',#5867,#5868);
#5867 = CARTESIAN_POINT('',(0.,0.,0.));
#5868 = VECTOR('',#5869,1.);
#5869 = DIRECTION('',(1.,0.,-0.));
#5870 = ORIENTED_EDGE('',*,*,#5785,.T.);
#5871 = ORIENTED_EDGE('',*,*,#5872,.T.);
#5872 = EDGE_CURVE('',#5788,#5828,#5873,.T.);
#5873 = LINE('',#5874,#5875);
#5874 = CARTESIAN_POINT('',(0.,0.,1.));
#5875 = VECTOR('',#5876,1.);
#5876 = DIRECTION('',(1.,0.,-0.));
#5877 = ORIENTED_EDGE('',*,*,#5825,.F.);
#5878 = PLANE('',#5879);
#5879 = AXIS2_PLACEMENT_3D('',#5880,#5881,#5882);
#5880 = CARTESIAN_POINT('',(0.,0.,0.));
#5881 = DIRECTION('',(-0.,1.,0.));
#5882 = DIRECTION('',(0.,0.,1.));
#5883 = ADVANCED_FACE('',(#5884),#5900,.T.);
#5884 = FACE_BOUND('',#5885,.T.);
#5885 = EDGE_LOOP('',(#5886,#5892,#5893,#5899));
#5886 = ORIENTED_EDGE('',*,*,#5887,.F.);
#5887 = EDGE_CURVE('',#5796,#5836,#5888,.T.);
#5888 = LINE('',#5889,#5890);
#5889 = CARTESIAN_POINT('',(0.,5.,0.));
#5890 = VECTOR('',#5891,1.);
#5891 = DIRECTION('',(1.,0.,-0.));
#5892 = ORIENTED_EDGE('',*,*,#5803,.T.);
#5893 = ORIENTED_EDGE('',*,*,#5894,.T.);
#5894 = EDGE_CURVE('',#5804,#5844,#5895,.T.);
#5895 = LINE('',#5896,#5897);
#5896 = CARTESIAN_POINT('',(0.,5.,1.));
#5897 = VECTOR('',#5898,1.);
#5898 = DIRECTION('',(1.,0.,-0.));
#5899 = ORIENTED_EDGE('',*,*,#5843,.F.);
#5900 = PLANE('',#5901);
#5901 = AXIS2_PLACEMENT_3D('',#5902,#5903,#5904);
#5902 = CARTESIAN_POINT('',(0.,5.,0.));
#5903 = DIRECTION('',(-0.,1.,0.));
#5904 = DIRECTION('',(0.,0.,1.));
#5905 = ADVANCED_FACE('',(#5906),#5912,.F.);
#5906 = FACE_BOUND('',#5907,.F.);
#5907 = EDGE_LOOP('',(#5908,#5909,#5910,#5911));
#5908 = ORIENTED_EDGE('',*,*,#5795,.F.);
#5909 = ORIENTED_EDGE('',*,*,#5865,.T.);
#5910 = ORIENTED_EDGE('',*,*,#5835,.T.);
#5911 = ORIENTED_EDGE('',*,*,#5887,.F.);
#5912 = PLANE('',#5913);
#5913 = AXIS2_PLACEMENT_3D('',#5914,#5915,#5916);
#5914 = CARTESIAN_POINT('',(0.,0.,0.));
#5915 = DIRECTION('',(0.,0.,1.));
#5916 = DIRECTION('',(1.,0.,-0.));
#5917 = ADVANCED_FACE('',(#5918),#5924,.T.);
#5918 = FACE_BOUND('',#5919,.T.);
#5919 = EDGE_LOOP('',(#5920,#5921,#5922,#5923));
#5920 = ORIENTED_EDGE('',*,*,#5811,.F.);
#5921 = ORIENTED_EDGE('',*,*,#5872,.T.);
#5922 = ORIENTED_EDGE('',*,*,#5851,.T.);
#5923 = ORIENTED_EDGE('',*,*,#5894,.F.);
#5924 = PLANE('',#5925);
#5925 = AXIS2_PLACEMENT_3D('',#5926,#5927,#5928);
#5926 = CARTESIAN_POINT('',(0.,0.,1.));
#5927 = DIRECTION('',(0.,0.,1.));
#5928 = DIRECTION('',(1.,0.,-0.));
#5929 = ( GEOMETRIC_REPRESENTATION_CONTEXT(3) 
GLOBAL_UNCERTAINTY_ASSIGNED_CONTEXT((#5933)) 
GLOBAL_UNIT_ASSIGNED_CONTEXT((#5930,#5931,#5932)) REPRESENTATION_CONTEXT
('Context #1','3D Context with UNIT and UNCERTAINTY') );
#5930 = ( LENGTH_UNIT() NAMED_UNIT(*) SI_UNIT(.MILLI.,.METRE.) );
#5931 = ( NAMED_UNIT(*) PLANE_ANGLE_UNIT() SI_UNIT($,.RADIAN.) );
#5932 = ( NAMED_UNIT(*) SI_UNIT($,.STERADIAN.) SOLID_ANGLE_UNIT() );
#5933 = UNCERTAINTY_MEASURE_WITH_UNIT(LENGTH_MEASURE(1.E-07),#5930,
  'distance_accuracy_value','confusion accuracy');
#5934 = CONTEXT_DEPENDENT_SHAPE_REPRESENTATION(#5935,#5937);
#5935 = ( REPRESENTATION_RELATIONSHIP('','',#5778,#10) 
REPRESENTATION_RELATIONSHIP_WITH_TRANSFORMATION(#5936) 
SHAPE_REPRESENTATION_RELATIONSHIP() );
#5936 = ITEM_DEFINED_TRANSFORMATION('','',#11,#147);
#5937 = PRODUCT_DEFINITION_SHAPE('Placement','Placement of an item',
  #5938);
#5938 = NEXT_ASSEMBLY_USAGE_OCCURRENCE('34','Cube030','',#5,#5773,$);
#5939 = PRODUCT_RELATED_PRODUCT_CATEGORY('part',$,(#5775));
#5940 = SHAPE_DEFINITION_REPRESENTATION(#5941,#5947);
#5941 = PRODUCT_DEFINITION_SHAPE('','',#5942);
#5942 = PRODUCT_DEFINITION('design','',#5943,#5946);
#5943 = PRODUCT_DEFINITION_FORMATION('','',#5944);
#5944 = PRODUCT('Cube031','Cube031','',(#5945));
#5945 = PRODUCT_CONTEXT('',#2,'mechanical');
#5946 = PRODUCT_DEFINITION_CONTEXT('part definition',#2,'design');
#5947 = ADVANCED_BREP_SHAPE_REPRESENTATION('',(#11,#5948),#6098);
#5948 = MANIFOLD_SOLID_BREP('',#5949);
#5949 = CLOSED_SHELL('',(#5950,#5990,#6030,#6052,#6074,#6086));
#5950 = ADVANCED_FACE('',(#5951),#5985,.F.);
#5951 = FACE_BOUND('',#5952,.F.);
#5952 = EDGE_LOOP('',(#5953,#5963,#5971,#5979));
#5953 = ORIENTED_EDGE('',*,*,#5954,.F.);
#5954 = EDGE_CURVE('',#5955,#5957,#5959,.T.);
#5955 = VERTEX_POINT('',#5956);
#5956 = CARTESIAN_POINT('',(0.,0.,0.));
#5957 = VERTEX_POINT('',#5958);
#5958 = CARTESIAN_POINT('',(0.,0.,1.));
#5959 = LINE('',#5960,#5961);
#5960 = CARTESIAN_POINT('',(0.,0.,0.));
#5961 = VECTOR('',#5962,1.);
#5962 = DIRECTION('',(0.,0.,1.));
#5963 = ORIENTED_EDGE('',*,*,#5964,.T.);
#5964 = EDGE_CURVE('',#5955,#5965,#5967,.T.);
#5965 = VERTEX_POINT('',#5966);
#5966 = CARTESIAN_POINT('',(0.,5.,0.));
#5967 = LINE('',#5968,#5969);
#5968 = CARTESIAN_POINT('',(0.,0.,0.));
#5969 = VECTOR('',#5970,1.);
#5970 = DIRECTION('',(-0.,1.,0.));
#5971 = ORIENTED_EDGE('',*,*,#5972,.T.);
#5972 = EDGE_CURVE('',#5965,#5973,#5975,.T.);
#5973 = VERTEX_POINT('',#5974);
#5974 = CARTESIAN_POINT('',(0.,5.,1.));
#5975 = LINE('',#5976,#5977);
#5976 = CARTESIAN_POINT('',(0.,5.,0.));
#5977 = VECTOR('',#5978,1.);
#5978 = DIRECTION('',(0.,0.,1.));
#5979 = ORIENTED_EDGE('',*,*,#5980,.F.);
#5980 = EDGE_CURVE('',#5957,#5973,#5981,.T.);
#5981 = LINE('',#5982,#5983);
#5982 = CARTESIAN_POINT('',(0.,0.,1.));
#5983 = VECTOR('',#5984,1.);
#5984 = DIRECTION('',(-0.,1.,0.));
#5985 = PLANE('',#5986);
#5986 = AXIS2_PLACEMENT_3D('',#5987,#5988,#5989);
#5987 = CARTESIAN_POINT('',(0.,0.,0.));
#5988 = DIRECTION('',(1.,0.,-0.));
#5989 = DIRECTION('',(0.,0.,1.));
#5990 = ADVANCED_FACE('',(#5991),#6025,.T.);
#5991 = FACE_BOUND('',#5992,.T.);
#5992 = EDGE_LOOP('',(#5993,#6003,#6011,#6019));
#5993 = ORIENTED_EDGE('',*,*,#5994,.F.);
#5994 = EDGE_CURVE('',#5995,#5997,#5999,.T.);
#5995 = VERTEX_POINT('',#5996);
#5996 = CARTESIAN_POINT('',(4.,0.,0.));
#5997 = VERTEX_POINT('',#5998);
#5998 = CARTESIAN_POINT('',(4.,0.,1.));
#5999 = LINE('',#6000,#6001);
#6000 = CARTESIAN_POINT('',(4.,0.,0.));
#6001 = VECTOR('',#6002,1.);
#6002 = DIRECTION('',(0.,0.,1.));
#6003 = ORIENTED_EDGE('',*,*,#6004,.T.);
#6004 = EDGE_CURVE('',#5995,#6005,#6007,.T.);
#6005 = VERTEX_POINT('',#6006);
#6006 = CARTESIAN_POINT('',(4.,5.,0.));
#6007 = LINE('',#6008,#6009);
#6008 = CARTESIAN_POINT('',(4.,0.,0.));
#6009 = VECTOR('',#6010,1.);
#6010 = DIRECTION('',(-0.,1.,0.));
#6011 = ORIENTED_EDGE('',*,*,#6012,.T.);
#6012 = EDGE_CURVE('',#6005,#6013,#6015,.T.);
#6013 = VERTEX_POINT('',#6014);
#6014 = CARTESIAN_POINT('',(4.,5.,1.));
#6015 = LINE('',#6016,#6017);
#6016 = CARTESIAN_POINT('',(4.,5.,0.));
#6017 = VECTOR('',#6018,1.);
#6018 = DIRECTION('',(0.,0.,1.));
#6019 = ORIENTED_EDGE('',*,*,#6020,.F.);
#6020 = EDGE_CURVE('',#5997,#6013,#6021,.T.);
#6021 = LINE('',#6022,#6023);
#6022 = CARTESIAN_POINT('',(4.,0.,1.));
#6023 = VECTOR('',#6024,1.);
#6024 = DIRECTION('',(-0.,1.,0.));
#6025 = PLANE('',#6026);
#6026 = AXIS2_PLACEMENT_3D('',#6027,#6028,#6029);
#6027 = CARTESIAN_POINT('',(4.,0.,0.));
#6028 = DIRECTION('',(1.,0.,-0.));
#6029 = DIRECTION('',(0.,0.,1.));
#6030 = ADVANCED_FACE('',(#6031),#6047,.F.);
#6031 = FACE_BOUND('',#6032,.F.);
#6032 = EDGE_LOOP('',(#6033,#6039,#6040,#6046));
#6033 = ORIENTED_EDGE('',*,*,#6034,.F.);
#6034 = EDGE_CURVE('',#5955,#5995,#6035,.T.);
#6035 = LINE('',#6036,#6037);
#6036 = CARTESIAN_POINT('',(0.,0.,0.));
#6037 = VECTOR('',#6038,1.);
#6038 = DIRECTION('',(1.,0.,-0.));
#6039 = ORIENTED_EDGE('',*,*,#5954,.T.);
#6040 = ORIENTED_EDGE('',*,*,#6041,.T.);
#6041 = EDGE_CURVE('',#5957,#5997,#6042,.T.);
#6042 = LINE('',#6043,#6044);
#6043 = CARTESIAN_POINT('',(0.,0.,1.));
#6044 = VECTOR('',#6045,1.);
#6045 = DIRECTION('',(1.,0.,-0.));
#6046 = ORIENTED_EDGE('',*,*,#5994,.F.);
#6047 = PLANE('',#6048);
#6048 = AXIS2_PLACEMENT_3D('',#6049,#6050,#6051);
#6049 = CARTESIAN_POINT('',(0.,0.,0.));
#6050 = DIRECTION('',(-0.,1.,0.));
#6051 = DIRECTION('',(0.,0.,1.));
#6052 = ADVANCED_FACE('',(#6053),#6069,.T.);
#6053 = FACE_BOUND('',#6054,.T.);
#6054 = EDGE_LOOP('',(#6055,#6061,#6062,#6068));
#6055 = ORIENTED_EDGE('',*,*,#6056,.F.);
#6056 = EDGE_CURVE('',#5965,#6005,#6057,.T.);
#6057 = LINE('',#6058,#6059);
#6058 = CARTESIAN_POINT('',(0.,5.,0.));
#6059 = VECTOR('',#6060,1.);
#6060 = DIRECTION('',(1.,0.,-0.));
#6061 = ORIENTED_EDGE('',*,*,#5972,.T.);
#6062 = ORIENTED_EDGE('',*,*,#6063,.T.);
#6063 = EDGE_CURVE('',#5973,#6013,#6064,.T.);
#6064 = LINE('',#6065,#6066);
#6065 = CARTESIAN_POINT('',(0.,5.,1.));
#6066 = VECTOR('',#6067,1.);
#6067 = DIRECTION('',(1.,0.,-0.));
#6068 = ORIENTED_EDGE('',*,*,#6012,.F.);
#6069 = PLANE('',#6070);
#6070 = AXIS2_PLACEMENT_3D('',#6071,#6072,#6073);
#6071 = CARTESIAN_POINT('',(0.,5.,0.));
#6072 = DIRECTION('',(-0.,1.,0.));
#6073 = DIRECTION('',(0.,0.,1.));
#6074 = ADVANCED_FACE('',(#6075),#6081,.F.);
#6075 = FACE_BOUND('',#6076,.F.);
#6076 = EDGE_LOOP('',(#6077,#6078,#6079,#6080));
#6077 = ORIENTED_EDGE('',*,*,#5964,.F.);
#6078 = ORIENTED_EDGE('',*,*,#6034,.T.);
#6079 = ORIENTED_EDGE('',*,*,#6004,.T.);
#6080 = ORIENTED_EDGE('',*,*,#6056,.F.);
#6081 = PLANE('',#6082);
#6082 = AXIS2_PLACEMENT_3D('',#6083,#6084,#6085);
#6083 = CARTESIAN_POINT('',(0.,0.,0.));
#6084 = DIRECTION('',(0.,0.,1.));
#6085 = DIRECTION('',(1.,0.,-0.));
#6086 = ADVANCED_FACE('',(#6087),#6093,.T.);
#6087 = FACE_BOUND('',#6088,.T.);
#6088 = EDGE_LOOP('',(#6089,#6090,#6091,#6092));
#6089 = ORIENTED_EDGE('',*,*,#5980,.F.);
#6090 = ORIENTED_EDGE('',*,*,#6041,.T.);
#6091 = ORIENTED_EDGE('',*,*,#6020,.T.);
#6092 = ORIENTED_EDGE('',*,*,#6063,.F.);
#6093 = PLANE('',#6094);
#6094 = AXIS2_PLACEMENT_3D('',#6095,#6096,#6097);
#6095 = CARTESIAN_POINT('',(0.,0.,1.));
#6096 = DIRECTION('',(0.,0.,1.));
#6097 = DIRECTION('',(1.,0.,-0.));
#6098 = ( GEOMETRIC_REPRESENTATION_CONTEXT(3) 
GLOBAL_UNCERTAINTY_ASSIGNED_CONTEXT((#6102)) 
GLOBAL_UNIT_ASSIGNED_CONTEXT((#6099,#6100,#6101)) REPRESENTATION_CONTEXT
('Context #1','3D Context with UNIT and UNCERTAINTY') );
#6099 = ( LENGTH_UNIT() NAMED_UNIT(*) SI_UNIT(.MILLI.,.METRE.) );
#6100 = ( NAMED_UNIT(*) PLANE_ANGLE_UNIT() SI_UNIT($,.RADIAN.) );
#6101 = ( NAMED_UNIT(*) SI_UNIT($,.STERADIAN.) SOLID_ANGLE_UNIT() );
#6102 = UNCERTAINTY_MEASURE_WITH_UNIT(LENGTH_MEASURE(1.E-07),#6099,
  'distance_accuracy_value','confusion accuracy');
#6103 = CONTEXT_DEPENDENT_SHAPE_REPRESENTATION(#6104,#6106);
#6104 = ( REPRESENTATION_RELATIONSHIP('','',#5947,#10) 
REPRESENTATION_RELATIONSHIP_WITH_TRANSFORMATION(#6105) 
SHAPE_REPRESENTATION_RELATIONSHIP() );
#6105 = ITEM_DEFINED_TRANSFORMATION('','',#11,#151);
#6106 = PRODUCT_DEFINITION_SHAPE('Placement','Placement of an item',
  #6107);
#6107 = NEXT_ASSEMBLY_USAGE_OCCURRENCE('35','Cube031','',#5,#5942,$);
#6108 = PRODUCT_RELATED_PRODUCT_CATEGORY('part',$,(#5944));
#6109 = SHAPE_DEFINITION_REPRESENTATION(#6110,#6116);
#6110 = PRODUCT_DEFINITION_SHAPE('','',#6111);
#6111 = PRODUCT_DEFINITION('design','',#6112,#6115);
#6112 = PRODUCT_DEFINITION_FORMATION('','',#6113);
#6113 = PRODUCT('Cube032','Cube032','',(#6114));
#6114 = PRODUCT_CONTEXT('',#2,'mechanical');
#6115 = PRODUCT_DEFINITION_CONTEXT('part definition',#2,'design');
#6116 = ADVANCED_BREP_SHAPE_REPRESENTATION('',(#11,#6117),#6267);
#6117 = MANIFOLD_SOLID_BREP('',#6118);
#6118 = CLOSED_SHELL('',(#6119,#6159,#6199,#6221,#6243,#6255));
#6119 = ADVANCED_FACE('',(#6120),#6154,.F.);
#6120 = FACE_BOUND('',#6121,.F.);
#6121 = EDGE_LOOP('',(#6122,#6132,#6140,#6148));
#6122 = ORIENTED_EDGE('',*,*,#6123,.F.);
#6123 = EDGE_CURVE('',#6124,#6126,#6128,.T.);
#6124 = VERTEX_POINT('',#6125);
#6125 = CARTESIAN_POINT('',(0.,0.,0.));
#6126 = VERTEX_POINT('',#6127);
#6127 = CARTESIAN_POINT('',(0.,0.,1.));
#6128 = LINE('',#6129,#6130);
#6129 = CARTESIAN_POINT('',(0.,0.,0.));
#6130 = VECTOR('',#6131,1.);
#6131 = DIRECTION('',(0.,0.,1.));
#6132 = ORIENTED_EDGE('',*,*,#6133,.T.);
#6133 = EDGE_CURVE('',#6124,#6134,#6136,.T.);
#6134 = VERTEX_POINT('',#6135);
#6135 = CARTESIAN_POINT('',(0.,5.,0.));
#6136 = LINE('',#6137,#6138);
#6137 = CARTESIAN_POINT('',(0.,0.,0.));
#6138 = VECTOR('',#6139,1.);
#6139 = DIRECTION('',(-0.,1.,0.));
#6140 = ORIENTED_EDGE('',*,*,#6141,.T.);
#6141 = EDGE_CURVE('',#6134,#6142,#6144,.T.);
#6142 = VERTEX_POINT('',#6143);
#6143 = CARTESIAN_POINT('',(0.,5.,1.));
#6144 = LINE('',#6145,#6146);
#6145 = CARTESIAN_POINT('',(0.,5.,0.));
#6146 = VECTOR('',#6147,1.);
#6147 = DIRECTION('',(0.,0.,1.));
#6148 = ORIENTED_EDGE('',*,*,#6149,.F.);
#6149 = EDGE_CURVE('',#6126,#6142,#6150,.T.);
#6150 = LINE('',#6151,#6152);
#6151 = CARTESIAN_POINT('',(0.,0.,1.));
#6152 = VECTOR('',#6153,1.);
#6153 = DIRECTION('',(-0.,1.,0.));
#6154 = PLANE('',#6155);
#6155 = AXIS2_PLACEMENT_3D('',#6156,#6157,#6158);
#6156 = CARTESIAN_POINT('',(0.,0.,0.));
#6157 = DIRECTION('',(1.,0.,-0.));
#6158 = DIRECTION('',(0.,0.,1.));
#6159 = ADVANCED_FACE('',(#6160),#6194,.T.);
#6160 = FACE_BOUND('',#6161,.T.);
#6161 = EDGE_LOOP('',(#6162,#6172,#6180,#6188));
#6162 = ORIENTED_EDGE('',*,*,#6163,.F.);
#6163 = EDGE_CURVE('',#6164,#6166,#6168,.T.);
#6164 = VERTEX_POINT('',#6165);
#6165 = CARTESIAN_POINT('',(4.,0.,0.));
#6166 = VERTEX_POINT('',#6167);
#6167 = CARTESIAN_POINT('',(4.,0.,1.));
#6168 = LINE('',#6169,#6170);
#6169 = CARTESIAN_POINT('',(4.,0.,0.));
#6170 = VECTOR('',#6171,1.);
#6171 = DIRECTION('',(0.,0.,1.));
#6172 = ORIENTED_EDGE('',*,*,#6173,.T.);
#6173 = EDGE_CURVE('',#6164,#6174,#6176,.T.);
#6174 = VERTEX_POINT('',#6175);
#6175 = CARTESIAN_POINT('',(4.,5.,0.));
#6176 = LINE('',#6177,#6178);
#6177 = CARTESIAN_POINT('',(4.,0.,0.));
#6178 = VECTOR('',#6179,1.);
#6179 = DIRECTION('',(-0.,1.,0.));
#6180 = ORIENTED_EDGE('',*,*,#6181,.T.);
#6181 = EDGE_CURVE('',#6174,#6182,#6184,.T.);
#6182 = VERTEX_POINT('',#6183);
#6183 = CARTESIAN_POINT('',(4.,5.,1.));
#6184 = LINE('',#6185,#6186);
#6185 = CARTESIAN_POINT('',(4.,5.,0.));
#6186 = VECTOR('',#6187,1.);
#6187 = DIRECTION('',(0.,0.,1.));
#6188 = ORIENTED_EDGE('',*,*,#6189,.F.);
#6189 = EDGE_CURVE('',#6166,#6182,#6190,.T.);
#6190 = LINE('',#6191,#6192);
#6191 = CARTESIAN_POINT('',(4.,0.,1.));
#6192 = VECTOR('',#6193,1.);
#6193 = DIRECTION('',(-0.,1.,0.));
#6194 = PLANE('',#6195);
#6195 = AXIS2_PLACEMENT_3D('',#6196,#6197,#6198);
#6196 = CARTESIAN_POINT('',(4.,0.,0.));
#6197 = DIRECTION('',(1.,0.,-0.));
#6198 = DIRECTION('',(0.,0.,1.));
#6199 = ADVANCED_FACE('',(#6200),#6216,.F.);
#6200 = FACE_BOUND('',#6201,.F.);
#6201 = EDGE_LOOP('',(#6202,#6208,#6209,#6215));
#6202 = ORIENTED_EDGE('',*,*,#6203,.F.);
#6203 = EDGE_CURVE('',#6124,#6164,#6204,.T.);
#6204 = LINE('',#6205,#6206);
#6205 = CARTESIAN_POINT('',(0.,0.,0.));
#6206 = VECTOR('',#6207,1.);
#6207 = DIRECTION('',(1.,0.,-0.));
#6208 = ORIENTED_EDGE('',*,*,#6123,.T.);
#6209 = ORIENTED_EDGE('',*,*,#6210,.T.);
#6210 = EDGE_CURVE('',#6126,#6166,#6211,.T.);
#6211 = LINE('',#6212,#6213);
#6212 = CARTESIAN_POINT('',(0.,0.,1.));
#6213 = VECTOR('',#6214,1.);
#6214 = DIRECTION('',(1.,0.,-0.));
#6215 = ORIENTED_EDGE('',*,*,#6163,.F.);
#6216 = PLANE('',#6217);
#6217 = AXIS2_PLACEMENT_3D('',#6218,#6219,#6220);
#6218 = CARTESIAN_POINT('',(0.,0.,0.));
#6219 = DIRECTION('',(-0.,1.,0.));
#6220 = DIRECTION('',(0.,0.,1.));
#6221 = ADVANCED_FACE('',(#6222),#6238,.T.);
#6222 = FACE_BOUND('',#6223,.T.);
#6223 = EDGE_LOOP('',(#6224,#6230,#6231,#6237));
#6224 = ORIENTED_EDGE('',*,*,#6225,.F.);
#6225 = EDGE_CURVE('',#6134,#6174,#6226,.T.);
#6226 = LINE('',#6227,#6228);
#6227 = CARTESIAN_POINT('',(0.,5.,0.));
#6228 = VECTOR('',#6229,1.);
#6229 = DIRECTION('',(1.,0.,-0.));
#6230 = ORIENTED_EDGE('',*,*,#6141,.T.);
#6231 = ORIENTED_EDGE('',*,*,#6232,.T.);
#6232 = EDGE_CURVE('',#6142,#6182,#6233,.T.);
#6233 = LINE('',#6234,#6235);
#6234 = CARTESIAN_POINT('',(0.,5.,1.));
#6235 = VECTOR('',#6236,1.);
#6236 = DIRECTION('',(1.,0.,-0.));
#6237 = ORIENTED_EDGE('',*,*,#6181,.F.);
#6238 = PLANE('',#6239);
#6239 = AXIS2_PLACEMENT_3D('',#6240,#6241,#6242);
#6240 = CARTESIAN_POINT('',(0.,5.,0.));
#6241 = DIRECTION('',(-0.,1.,0.));
#6242 = DIRECTION('',(0.,0.,1.));
#6243 = ADVANCED_FACE('',(#6244),#6250,.F.);
#6244 = FACE_BOUND('',#6245,.F.);
#6245 = EDGE_LOOP('',(#6246,#6247,#6248,#6249));
#6246 = ORIENTED_EDGE('',*,*,#6133,.F.);
#6247 = ORIENTED_EDGE('',*,*,#6203,.T.);
#6248 = ORIENTED_EDGE('',*,*,#6173,.T.);
#6249 = ORIENTED_EDGE('',*,*,#6225,.F.);
#6250 = PLANE('',#6251);
#6251 = AXIS2_PLACEMENT_3D('',#6252,#6253,#6254);
#6252 = CARTESIAN_POINT('',(0.,0.,0.));
#6253 = DIRECTION('',(0.,0.,1.));
#6254 = DIRECTION('',(1.,0.,-0.));
#6255 = ADVANCED_FACE('',(#6256),#6262,.T.);
#6256 = FACE_BOUND('',#6257,.T.);
#6257 = EDGE_LOOP('',(#6258,#6259,#6260,#6261));
#6258 = ORIENTED_EDGE('',*,*,#6149,.F.);
#6259 = ORIENTED_EDGE('',*,*,#6210,.T.);
#6260 = ORIENTED_EDGE('',*,*,#6189,.T.);
#6261 = ORIENTED_EDGE('',*,*,#6232,.F.);
#6262 = PLANE('',#6263);
#6263 = AXIS2_PLACEMENT_3D('',#6264,#6265,#6266);
#6264 = CARTESIAN_POINT('',(0.,0.,1.));
#6265 = DIRECTION('',(0.,0.,1.));
#6266 = DIRECTION('',(1.,0.,-0.));
#6267 = ( GEOMETRIC_REPRESENTATION_CONTEXT(3) 
GLOBAL_UNCERTAINTY_ASSIGNED_CONTEXT((#6271)) 
GLOBAL_UNIT_ASSIGNED_CONTEXT((#6268,#6269,#6270)) REPRESENTATION_CONTEXT
('Context #1','3D Context with UNIT and UNCERTAINTY') );
#6268 = ( LENGTH_UNIT() NAMED_UNIT(*) SI_UNIT(.MILLI.,.METRE.) );
#6269 = ( NAMED_UNIT(*) PLANE_ANGLE_UNIT() SI_UNIT($,.RADIAN.) );
#6270 = ( NAMED_UNIT(*) SI_UNIT($,.STERADIAN.) SOLID_ANGLE_UNIT() );
#6271 = UNCERTAINTY_MEASURE_WITH_UNIT(LENGTH_MEASURE(1.E-07),#6268,
  'distance_accuracy_value','confusion accuracy');
#6272 = CONTEXT_DEPENDENT_SHAPE_REPRESENTATION(#6273,#6275);
#6273 = ( REPRESENTATION_RELATIONSHIP('','',#6116,#10) 
REPRESENTATION_RELATIONSHIP_WITH_TRANSFORMATION(#6274) 
SHAPE_REPRESENTATION_RELATIONSHIP() );
#6274 = ITEM_DEFINED_TRANSFORMATION('','',#11,#155);
#6275 = PRODUCT_DEFINITION_SHAPE('Placement','Placement of an item',
  #6276);
#6276 = NEXT_ASSEMBLY_USAGE_OCCURRENCE('36','Cube032','',#5,#6111,$);
#6277 = PRODUCT_RELATED_PRODUCT_CATEGORY('part',$,(#6113));
#6278 = SHAPE_DEFINITION_REPRESENTATION(#6279,#6285);
#6279 = PRODUCT_DEFINITION_SHAPE('','',#6280);
#6280 = PRODUCT_DEFINITION('design','',#6281,#6284);
#6281 = PRODUCT_DEFINITION_FORMATION('','',#6282);
#6282 = PRODUCT('Cube033','Cube033','',(#6283));
#6283 = PRODUCT_CONTEXT('',#2,'mechanical');
#6284 = PRODUCT_DEFINITION_CONTEXT('part definition',#2,'design');
#6285 = ADVANCED_BREP_SHAPE_REPRESENTATION('',(#11,#6286),#6436);
#6286 = MANIFOLD_SOLID_BREP('',#6287);
#6287 = CLOSED_SHELL('',(#6288,#6328,#6368,#6390,#6412,#6424));
#6288 = ADVANCED_FACE('',(#6289),#6323,.F.);
#6289 = FACE_BOUND('',#6290,.F.);
#6290 = EDGE_LOOP('',(#6291,#6301,#6309,#6317));
#6291 = ORIENTED_EDGE('',*,*,#6292,.F.);
#6292 = EDGE_CURVE('',#6293,#6295,#6297,.T.);
#6293 = VERTEX_POINT('',#6294);
#6294 = CARTESIAN_POINT('',(0.,0.,0.));
#6295 = VERTEX_POINT('',#6296);
#6296 = CARTESIAN_POINT('',(0.,0.,1.));
#6297 = LINE('',#6298,#6299);
#6298 = CARTESIAN_POINT('',(0.,0.,0.));
#6299 = VECTOR('',#6300,1.);
#6300 = DIRECTION('',(0.,0.,1.));
#6301 = ORIENTED_EDGE('',*,*,#6302,.T.);
#6302 = EDGE_CURVE('',#6293,#6303,#6305,.T.);
#6303 = VERTEX_POINT('',#6304);
#6304 = CARTESIAN_POINT('',(0.,5.,0.));
#6305 = LINE('',#6306,#6307);
#6306 = CARTESIAN_POINT('',(0.,0.,0.));
#6307 = VECTOR('',#6308,1.);
#6308 = DIRECTION('',(-0.,1.,0.));
#6309 = ORIENTED_EDGE('',*,*,#6310,.T.);
#6310 = EDGE_CURVE('',#6303,#6311,#6313,.T.);
#6311 = VERTEX_POINT('',#6312);
#6312 = CARTESIAN_POINT('',(0.,5.,1.));
#6313 = LINE('',#6314,#6315);
#6314 = CARTESIAN_POINT('',(0.,5.,0.));
#6315 = VECTOR('',#6316,1.);
#6316 = DIRECTION('',(0.,0.,1.));
#6317 = ORIENTED_EDGE('',*,*,#6318,.F.);
#6318 = EDGE_CURVE('',#6295,#6311,#6319,.T.);
#6319 = LINE('',#6320,#6321);
#6320 = CARTESIAN_POINT('',(0.,0.,1.));
#6321 = VECTOR('',#6322,1.);
#6322 = DIRECTION('',(-0.,1.,0.));
#6323 = PLANE('',#6324);
#6324 = AXIS2_PLACEMENT_3D('',#6325,#6326,#6327);
#6325 = CARTESIAN_POINT('',(0.,0.,0.));
#6326 = DIRECTION('',(1.,0.,-0.));
#6327 = DIRECTION('',(0.,0.,1.));
#6328 = ADVANCED_FACE('',(#6329),#6363,.T.);
#6329 = FACE_BOUND('',#6330,.T.);
#6330 = EDGE_LOOP('',(#6331,#6341,#6349,#6357));
#6331 = ORIENTED_EDGE('',*,*,#6332,.F.);
#6332 = EDGE_CURVE('',#6333,#6335,#6337,.T.);
#6333 = VERTEX_POINT('',#6334);
#6334 = CARTESIAN_POINT('',(4.,0.,0.));
#6335 = VERTEX_POINT('',#6336);
#6336 = CARTESIAN_POINT('',(4.,0.,1.));
#6337 = LINE('',#6338,#6339);
#6338 = CARTESIAN_POINT('',(4.,0.,0.));
#6339 = VECTOR('',#6340,1.);
#6340 = DIRECTION('',(0.,0.,1.));
#6341 = ORIENTED_EDGE('',*,*,#6342,.T.);
#6342 = EDGE_CURVE('',#6333,#6343,#6345,.T.);
#6343 = VERTEX_POINT('',#6344);
#6344 = CARTESIAN_POINT('',(4.,5.,0.));
#6345 = LINE('',#6346,#6347);
#6346 = CARTESIAN_POINT('',(4.,0.,0.));
#6347 = VECTOR('',#6348,1.);
#6348 = DIRECTION('',(-0.,1.,0.));
#6349 = ORIENTED_EDGE('',*,*,#6350,.T.);
#6350 = EDGE_CURVE('',#6343,#6351,#6353,.T.);
#6351 = VERTEX_POINT('',#6352);
#6352 = CARTESIAN_POINT('',(4.,5.,1.));
#6353 = LINE('',#6354,#6355);
#6354 = CARTESIAN_POINT('',(4.,5.,0.));
#6355 = VECTOR('',#6356,1.);
#6356 = DIRECTION('',(0.,0.,1.));
#6357 = ORIENTED_EDGE('',*,*,#6358,.F.);
#6358 = EDGE_CURVE('',#6335,#6351,#6359,.T.);
#6359 = LINE('',#6360,#6361);
#6360 = CARTESIAN_POINT('',(4.,0.,1.));
#6361 = VECTOR('',#6362,1.);
#6362 = DIRECTION('',(-0.,1.,0.));
#6363 = PLANE('',#6364);
#6364 = AXIS2_PLACEMENT_3D('',#6365,#6366,#6367);
#6365 = CARTESIAN_POINT('',(4.,0.,0.));
#6366 = DIRECTION('',(1.,0.,-0.));
#6367 = DIRECTION('',(0.,0.,1.));
#6368 = ADVANCED_FACE('',(#6369),#6385,.F.);
#6369 = FACE_BOUND('',#6370,.F.);
#6370 = EDGE_LOOP('',(#6371,#6377,#6378,#6384));
#6371 = ORIENTED_EDGE('',*,*,#6372,.F.);
#6372 = EDGE_CURVE('',#6293,#6333,#6373,.T.);
#6373 = LINE('',#6374,#6375);
#6374 = CARTESIAN_POINT('',(0.,0.,0.));
#6375 = VECTOR('',#6376,1.);
#6376 = DIRECTION('',(1.,0.,-0.));
#6377 = ORIENTED_EDGE('',*,*,#6292,.T.);
#6378 = ORIENTED_EDGE('',*,*,#6379,.T.);
#6379 = EDGE_CURVE('',#6295,#6335,#6380,.T.);
#6380 = LINE('',#6381,#6382);
#6381 = CARTESIAN_POINT('',(0.,0.,1.));
#6382 = VECTOR('',#6383,1.);
#6383 = DIRECTION('',(1.,0.,-0.));
#6384 = ORIENTED_EDGE('',*,*,#6332,.F.);
#6385 = PLANE('',#6386);
#6386 = AXIS2_PLACEMENT_3D('',#6387,#6388,#6389);
#6387 = CARTESIAN_POINT('',(0.,0.,0.));
#6388 = DIRECTION('',(-0.,1.,0.));
#6389 = DIRECTION('',(0.,0.,1.));
#6390 = ADVANCED_FACE('',(#6391),#6407,.T.);
#6391 = FACE_BOUND('',#6392,.T.);
#6392 = EDGE_LOOP('',(#6393,#6399,#6400,#6406));
#6393 = ORIENTED_EDGE('',*,*,#6394,.F.);
#6394 = EDGE_CURVE('',#6303,#6343,#6395,.T.);
#6395 = LINE('',#6396,#6397);
#6396 = CARTESIAN_POINT('',(0.,5.,0.));
#6397 = VECTOR('',#6398,1.);
#6398 = DIRECTION('',(1.,0.,-0.));
#6399 = ORIENTED_EDGE('',*,*,#6310,.T.);
#6400 = ORIENTED_EDGE('',*,*,#6401,.T.);
#6401 = EDGE_CURVE('',#6311,#6351,#6402,.T.);
#6402 = LINE('',#6403,#6404);
#6403 = CARTESIAN_POINT('',(0.,5.,1.));
#6404 = VECTOR('',#6405,1.);
#6405 = DIRECTION('',(1.,0.,-0.));
#6406 = ORIENTED_EDGE('',*,*,#6350,.F.);
#6407 = PLANE('',#6408);
#6408 = AXIS2_PLACEMENT_3D('',#6409,#6410,#6411);
#6409 = CARTESIAN_POINT('',(0.,5.,0.));
#6410 = DIRECTION('',(-0.,1.,0.));
#6411 = DIRECTION('',(0.,0.,1.));
#6412 = ADVANCED_FACE('',(#6413),#6419,.F.);
#6413 = FACE_BOUND('',#6414,.F.);
#6414 = EDGE_LOOP('',(#6415,#6416,#6417,#6418));
#6415 = ORIENTED_EDGE('',*,*,#6302,.F.);
#6416 = ORIENTED_EDGE('',*,*,#6372,.T.);
#6417 = ORIENTED_EDGE('',*,*,#6342,.T.);
#6418 = ORIENTED_EDGE('',*,*,#6394,.F.);
#6419 = PLANE('',#6420);
#6420 = AXIS2_PLACEMENT_3D('',#6421,#6422,#6423);
#6421 = CARTESIAN_POINT('',(0.,0.,0.));
#6422 = DIRECTION('',(0.,0.,1.));
#6423 = DIRECTION('',(1.,0.,-0.));
#6424 = ADVANCED_FACE('',(#6425),#6431,.T.);
#6425 = FACE_BOUND('',#6426,.T.);
#6426 = EDGE_LOOP('',(#6427,#6428,#6429,#6430));
#6427 = ORIENTED_EDGE('',*,*,#6318,.F.);
#6428 = ORIENTED_EDGE('',*,*,#6379,.T.);
#6429 = ORIENTED_EDGE('',*,*,#6358,.T.);
#6430 = ORIENTED_EDGE('',*,*,#6401,.F.);
#6431 = PLANE('',#6432);
#6432 = AXIS2_PLACEMENT_3D('',#6433,#6434,#6435);
#6433 = CARTESIAN_POINT('',(0.,0.,1.));
#6434 = DIRECTION('',(0.,0.,1.));
#6435 = DIRECTION('',(1.,0.,-0.));
#6436 = ( GEOMETRIC_REPRESENTATION_CONTEXT(3) 
GLOBAL_UNCERTAINTY_ASSIGNED_CONTEXT((#6440)) 
GLOBAL_UNIT_ASSIGNED_CONTEXT((#6437,#6438,#6439)) REPRESENTATION_CONTEXT
('Context #1','3D Context with UNIT and UNCERTAINTY') );
#6437 = ( LENGTH_UNIT() NAMED_UNIT(*) SI_UNIT(.MILLI.,.METRE.) );
#6438 = ( NAMED_UNIT(*) PLANE_ANGLE_UNIT() SI_UNIT($,.RADIAN.) );
#6439 = ( NAMED_UNIT(*) SI_UNIT($,.STERADIAN.) SOLID_ANGLE_UNIT() );
#6440 = UNCERTAINTY_MEASURE_WITH_UNIT(LENGTH_MEASURE(1.E-07),#6437,
  'distance_accuracy_value','confusion accuracy');
#6441 = CONTEXT_DEPENDENT_SHAPE_REPRESENTATION(#6442,#6444);
#6442 = ( REPRESENTATION_RELATIONSHIP('','',#6285,#10) 
REPRESENTATION_RELATIONSHIP_WITH_TRANSFORMATION(#6443) 
SHAPE_REPRESENTATION_RELATIONSHIP() );
#6443 = ITEM_DEFINED_TRANSFORMATION('','',#11,#159);
#6444 = PRODUCT_DEFINITION_SHAPE('Placement','Placement of an item',
  #6445);
#6445 = NEXT_ASSEMBLY_USAGE_OCCURRENCE('37','Cube033','',#5,#6280,$);
#6446 = PRODUCT_RELATED_PRODUCT_CATEGORY('part',$,(#6282));
#6447 = SHAPE_DEFINITION_REPRESENTATION(#6448,#6454);
#6448 = PRODUCT_DEFINITION_SHAPE('','',#6449);
#6449 = PRODUCT_DEFINITION('design','',#6450,#6453);
#6450 = PRODUCT_DEFINITION_FORMATION('','',#6451);
#6451 = PRODUCT('Cube034','Cube034','',(#6452));
#6452 = PRODUCT_CONTEXT('',#2,'mechanical');
#6453 = PRODUCT_DEFINITION_CONTEXT('part definition',#2,'design');
#6454 = ADVANCED_BREP_SHAPE_REPRESENTATION('',(#11,#6455),#6605);
#6455 = MANIFOLD_SOLID_BREP('',#6456);
#6456 = CLOSED_SHELL('',(#6457,#6497,#6537,#6559,#6581,#6593));
#6457 = ADVANCED_FACE('',(#6458),#6492,.F.);
#6458 = FACE_BOUND('',#6459,.F.);
#6459 = EDGE_LOOP('',(#6460,#6470,#6478,#6486));
#6460 = ORIENTED_EDGE('',*,*,#6461,.F.);
#6461 = EDGE_CURVE('',#6462,#6464,#6466,.T.);
#6462 = VERTEX_POINT('',#6463);
#6463 = CARTESIAN_POINT('',(0.,0.,0.));
#6464 = VERTEX_POINT('',#6465);
#6465 = CARTESIAN_POINT('',(0.,0.,1.));
#6466 = LINE('',#6467,#6468);
#6467 = CARTESIAN_POINT('',(0.,0.,0.));
#6468 = VECTOR('',#6469,1.);
#6469 = DIRECTION('',(0.,0.,1.));
#6470 = ORIENTED_EDGE('',*,*,#6471,.T.);
#6471 = EDGE_CURVE('',#6462,#6472,#6474,.T.);
#6472 = VERTEX_POINT('',#6473);
#6473 = CARTESIAN_POINT('',(0.,5.,0.));
#6474 = LINE('',#6475,#6476);
#6475 = CARTESIAN_POINT('',(0.,0.,0.));
#6476 = VECTOR('',#6477,1.);
#6477 = DIRECTION('',(-0.,1.,0.));
#6478 = ORIENTED_EDGE('',*,*,#6479,.T.);
#6479 = EDGE_CURVE('',#6472,#6480,#6482,.T.);
#6480 = VERTEX_POINT('',#6481);
#6481 = CARTESIAN_POINT('',(0.,5.,1.));
#6482 = LINE('',#6483,#6484);
#6483 = CARTESIAN_POINT('',(0.,5.,0.));
#6484 = VECTOR('',#6485,1.);
#6485 = DIRECTION('',(0.,0.,1.));
#6486 = ORIENTED_EDGE('',*,*,#6487,.F.);
#6487 = EDGE_CURVE('',#6464,#6480,#6488,.T.);
#6488 = LINE('',#6489,#6490);
#6489 = CARTESIAN_POINT('',(0.,0.,1.));
#6490 = VECTOR('',#6491,1.);
#6491 = DIRECTION('',(-0.,1.,0.));
#6492 = PLANE('',#6493);
#6493 = AXIS2_PLACEMENT_3D('',#6494,#6495,#6496);
#6494 = CARTESIAN_POINT('',(0.,0.,0.));
#6495 = DIRECTION('',(1.,0.,-0.));
#6496 = DIRECTION('',(0.,0.,1.));
#6497 = ADVANCED_FACE('',(#6498),#6532,.T.);
#6498 = FACE_BOUND('',#6499,.T.);
#6499 = EDGE_LOOP('',(#6500,#6510,#6518,#6526));
#6500 = ORIENTED_EDGE('',*,*,#6501,.F.);
#6501 = EDGE_CURVE('',#6502,#6504,#6506,.T.);
#6502 = VERTEX_POINT('',#6503);
#6503 = CARTESIAN_POINT('',(4.,0.,0.));
#6504 = VERTEX_POINT('',#6505);
#6505 = CARTESIAN_POINT('',(4.,0.,1.));
#6506 = LINE('',#6507,#6508);
#6507 = CARTESIAN_POINT('',(4.,0.,0.));
#6508 = VECTOR('',#6509,1.);
#6509 = DIRECTION('',(0.,0.,1.));
#6510 = ORIENTED_EDGE('',*,*,#6511,.T.);
#6511 = EDGE_CURVE('',#6502,#6512,#6514,.T.);
#6512 = VERTEX_POINT('',#6513);
#6513 = CARTESIAN_POINT('',(4.,5.,0.));
#6514 = LINE('',#6515,#6516);
#6515 = CARTESIAN_POINT('',(4.,0.,0.));
#6516 = VECTOR('',#6517,1.);
#6517 = DIRECTION('',(-0.,1.,0.));
#6518 = ORIENTED_EDGE('',*,*,#6519,.T.);
#6519 = EDGE_CURVE('',#6512,#6520,#6522,.T.);
#6520 = VERTEX_POINT('',#6521);
#6521 = CARTESIAN_POINT('',(4.,5.,1.));
#6522 = LINE('',#6523,#6524);
#6523 = CARTESIAN_POINT('',(4.,5.,0.));
#6524 = VECTOR('',#6525,1.);
#6525 = DIRECTION('',(0.,0.,1.));
#6526 = ORIENTED_EDGE('',*,*,#6527,.F.);
#6527 = EDGE_CURVE('',#6504,#6520,#6528,.T.);
#6528 = LINE('',#6529,#6530);
#6529 = CARTESIAN_POINT('',(4.,0.,1.));
#6530 = VECTOR('',#6531,1.);
#6531 = DIRECTION('',(-0.,1.,0.));
#6532 = PLANE('',#6533);
#6533 = AXIS2_PLACEMENT_3D('',#6534,#6535,#6536);
#6534 = CARTESIAN_POINT('',(4.,0.,0.));
#6535 = DIRECTION('',(1.,0.,-0.));
#6536 = DIRECTION('',(0.,0.,1.));
#6537 = ADVANCED_FACE('',(#6538),#6554,.F.);
#6538 = FACE_BOUND('',#6539,.F.);
#6539 = EDGE_LOOP('',(#6540,#6546,#6547,#6553));
#6540 = ORIENTED_EDGE('',*,*,#6541,.F.);
#6541 = EDGE_CURVE('',#6462,#6502,#6542,.T.);
#6542 = LINE('',#6543,#6544);
#6543 = CARTESIAN_POINT('',(0.,0.,0.));
#6544 = VECTOR('',#6545,1.);
#6545 = DIRECTION('',(1.,0.,-0.));
#6546 = ORIENTED_EDGE('',*,*,#6461,.T.);
#6547 = ORIENTED_EDGE('',*,*,#6548,.T.);
#6548 = EDGE_CURVE('',#6464,#6504,#6549,.T.);
#6549 = LINE('',#6550,#6551);
#6550 = CARTESIAN_POINT('',(0.,0.,1.));
#6551 = VECTOR('',#6552,1.);
#6552 = DIRECTION('',(1.,0.,-0.));
#6553 = ORIENTED_EDGE('',*,*,#6501,.F.);
#6554 = PLANE('',#6555);
#6555 = AXIS2_PLACEMENT_3D('',#6556,#6557,#6558);
#6556 = CARTESIAN_POINT('',(0.,0.,0.));
#6557 = DIRECTION('',(-0.,1.,0.));
#6558 = DIRECTION('',(0.,0.,1.));
#6559 = ADVANCED_FACE('',(#6560),#6576,.T.);
#6560 = FACE_BOUND('',#6561,.T.);
#6561 = EDGE_LOOP('',(#6562,#6568,#6569,#6575));
#6562 = ORIENTED_EDGE('',*,*,#6563,.F.);
#6563 = EDGE_CURVE('',#6472,#6512,#6564,.T.);
#6564 = LINE('',#6565,#6566);
#6565 = CARTESIAN_POINT('',(0.,5.,0.));
#6566 = VECTOR('',#6567,1.);
#6567 = DIRECTION('',(1.,0.,-0.));
#6568 = ORIENTED_EDGE('',*,*,#6479,.T.);
#6569 = ORIENTED_EDGE('',*,*,#6570,.T.);
#6570 = EDGE_CURVE('',#6480,#6520,#6571,.T.);
#6571 = LINE('',#6572,#6573);
#6572 = CARTESIAN_POINT('',(0.,5.,1.));
#6573 = VECTOR('',#6574,1.);
#6574 = DIRECTION('',(1.,0.,-0.));
#6575 = ORIENTED_EDGE('',*,*,#6519,.F.);
#6576 = PLANE('',#6577);
#6577 = AXIS2_PLACEMENT_3D('',#6578,#6579,#6580);
#6578 = CARTESIAN_POINT('',(0.,5.,0.));
#6579 = DIRECTION('',(-0.,1.,0.));
#6580 = DIRECTION('',(0.,0.,1.));
#6581 = ADVANCED_FACE('',(#6582),#6588,.F.);
#6582 = FACE_BOUND('',#6583,.F.);
#6583 = EDGE_LOOP('',(#6584,#6585,#6586,#6587));
#6584 = ORIENTED_EDGE('',*,*,#6471,.F.);
#6585 = ORIENTED_EDGE('',*,*,#6541,.T.);
#6586 = ORIENTED_EDGE('',*,*,#6511,.T.);
#6587 = ORIENTED_EDGE('',*,*,#6563,.F.);
#6588 = PLANE('',#6589);
#6589 = AXIS2_PLACEMENT_3D('',#6590,#6591,#6592);
#6590 = CARTESIAN_POINT('',(0.,0.,0.));
#6591 = DIRECTION('',(0.,0.,1.));
#6592 = DIRECTION('',(1.,0.,-0.));
#6593 = ADVANCED_FACE('',(#6594),#6600,.T.);
#6594 = FACE_BOUND('',#6595,.T.);
#6595 = EDGE_LOOP('',(#6596,#6597,#6598,#6599));
#6596 = ORIENTED_EDGE('',*,*,#6487,.F.);
#6597 = ORIENTED_EDGE('',*,*,#6548,.T.);
#6598 = ORIENTED_EDGE('',*,*,#6527,.T.);
#6599 = ORIENTED_EDGE('',*,*,#6570,.F.);
#6600 = PLANE('',#6601);
#6601 = AXIS2_PLACEMENT_3D('',#6602,#6603,#6604);
#6602 = CARTESIAN_POINT('',(0.,0.,1.));
#6603 = DIRECTION('',(0.,0.,1.));
#6604 = DIRECTION('',(1.,0.,-0.));
#6605 = ( GEOMETRIC_REPRESENTATION_CONTEXT(3) 
GLOBAL_UNCERTAINTY_ASSIGNED_CONTEXT((#6609)) 
GLOBAL_UNIT_ASSIGNED_CONTEXT((#6606,#6607,#6608)) REPRESENTATION_CONTEXT
('Context #1','3D Context with UNIT and UNCERTAINTY') );
#6606 = ( LENGTH_UNIT() NAMED_UNIT(*) SI_UNIT(.MILLI.,.METRE.) );
#6607 = ( NAMED_UNIT(*) PLANE_ANGLE_UNIT() SI_UNIT($,.RADIAN.) );
#6608 = ( NAMED_UNIT(*) SI_UNIT($,.STERADIAN.) SOLID_ANGLE_UNIT() );
#6609 = UNCERTAINTY_MEASURE_WITH_UNIT(LENGTH_MEASURE(1.E-07),#6606,
  'distance_accuracy_value','confusion accuracy');
#6610 = CONTEXT_DEPENDENT_SHAPE_REPRESENTATION(#6611,#6613);
#6611 = ( REPRESENTATION_RELATIONSHIP('','',#6454,#10) 
REPRESENTATION_RELATIONSHIP_WITH_TRANSFORMATION(#6612) 
SHAPE_REPRESENTATION_RELATIONSHIP() );
#6612 = ITEM_DEFINED_TRANSFORMATION('','',#11,#163);
#6613 = PRODUCT_DEFINITION_SHAPE('Placement','Placement of an item',
  #6614);
#6614 = NEXT_ASSEMBLY_USAGE_OCCURRENCE('38','Cube034','',#5,#6449,$);
#6615 = PRODUCT_RELATED_PRODUCT_CATEGORY('part',$,(#6451));
#6616 = SHAPE_DEFINITION_REPRESENTATION(#6617,#6623);
#6617 = PRODUCT_DEFINITION_SHAPE('','',#6618);
#6618 = PRODUCT_DEFINITION('design','',#6619,#6622);
#6619 = PRODUCT_DEFINITION_FORMATION('','',#6620);
#6620 = PRODUCT('Cut015','Cut015','',(#6621));
#6621 = PRODUCT_CONTEXT('',#2,'mechanical');
#6622 = PRODUCT_DEFINITION_CONTEXT('part definition',#2,'design');
#6623 = ADVANCED_BREP_SHAPE_REPRESENTATION('',(#11,#6624),#7962);
#6624 = MANIFOLD_SOLID_BREP('',#6625);
#6625 = CLOSED_SHELL('',(#6626,#6870,#6901,#6941,#6981,#6998,#7029,#7053
    ,#7077,#7094,#7125,#7149,#7173,#7190,#7221,#7245,#7269,#7286,#7317,
    #7341,#7365,#7382,#7413,#7437,#7461,#7478,#7509,#7533,#7557,#7574,
    #7591,#7674,#7686,#7698,#7710,#7722,#7734,#7746,#7758,#7783,#7808,
    #7833,#7858,#7883,#7908,#7917,#7926,#7935,#7944,#7953));
#6626 = ADVANCED_FACE('',(#6627,#6661,#6695,#6729,#6763,#6797,#6831),
  #6865,.T.);
#6627 = FACE_BOUND('',#6628,.T.);
#6628 = EDGE_LOOP('',(#6629,#6639,#6647,#6655));
#6629 = ORIENTED_EDGE('',*,*,#6630,.T.);
#6630 = EDGE_CURVE('',#6631,#6633,#6635,.T.);
#6631 = VERTEX_POINT('',#6632);
#6632 = CARTESIAN_POINT('',(4.0813,49.,1.640848));
#6633 = VERTEX_POINT('',#6634);
#6634 = CARTESIAN_POINT('',(4.0813,18.,1.640848));
#6635 = LINE('',#6636,#6637);
#6636 = CARTESIAN_POINT('',(4.0813,49.,1.640848));
#6637 = VECTOR('',#6638,1.);
#6638 = DIRECTION('',(0.,-1.,2.2E-16));
#6639 = ORIENTED_EDGE('',*,*,#6640,.T.);
#6640 = EDGE_CURVE('',#6633,#6641,#6643,.T.);
#6641 = VERTEX_POINT('',#6642);
#6642 = CARTESIAN_POINT('',(4.0813,18.,9.53917));
#6643 = LINE('',#6644,#6645);
#6644 = CARTESIAN_POINT('',(4.0813,18.,1.640848));
#6645 = VECTOR('',#6646,1.);
#6646 = DIRECTION('',(0.,0.,1.));
#6647 = ORIENTED_EDGE('',*,*,#6648,.F.);
#6648 = EDGE_CURVE('',#6649,#6641,#6651,.T.);
#6649 = VERTEX_POINT('',#6650);
#6650 = CARTESIAN_POINT('',(4.0813,49.,9.53917));
#6651 = LINE('',#6652,#6653);
#6652 = CARTESIAN_POINT('',(4.0813,49.,9.53917));
#6653 = VECTOR('',#6654,1.);
#6654 = DIRECTION('',(0.,-1.,2.2E-16));
#6655 = ORIENTED_EDGE('',*,*,#6656,.F.);
#6656 = EDGE_CURVE('',#6631,#6649,#6657,.T.);
#6657 = LINE('',#6658,#6659);
#6658 = CARTESIAN_POINT('',(4.0813,49.,1.640848));
#6659 = VECTOR('',#6660,1.);
#6660 = DIRECTION('',(0.,0.,1.));
#6661 = FACE_BOUND('',#6662,.T.);
#6662 = EDGE_LOOP('',(#6663,#6673,#6681,#6689));
#6663 = ORIENTED_EDGE('',*,*,#6664,.F.);
#6664 = EDGE_CURVE('',#6665,#6667,#6669,.T.);
#6665 = VERTEX_POINT('',#6666);
#6666 = CARTESIAN_POINT('',(4.0813,19.7,7.));
#6667 = VERTEX_POINT('',#6668);
#6668 = CARTESIAN_POINT('',(4.0813,22.7,7.));
#6669 = LINE('',#6670,#6671);
#6670 = CARTESIAN_POINT('',(4.0813,34.35,7.));
#6671 = VECTOR('',#6672,1.);
#6672 = DIRECTION('',(0.,1.,-0.));
#6673 = ORIENTED_EDGE('',*,*,#6674,.T.);
#6674 = EDGE_CURVE('',#6665,#6675,#6677,.T.);
#6675 = VERTEX_POINT('',#6676);
#6676 = CARTESIAN_POINT('',(4.0813,19.7,4.));
#6677 = LINE('',#6678,#6679);
#6678 = CARTESIAN_POINT('',(4.0813,19.7,2.820424));
#6679 = VECTOR('',#6680,1.);
#6680 = DIRECTION('',(0.,0.,-1.));
#6681 = ORIENTED_EDGE('',*,*,#6682,.T.);
#6682 = EDGE_CURVE('',#6675,#6683,#6685,.T.);
#6683 = VERTEX_POINT('',#6684);
#6684 = CARTESIAN_POINT('',(4.0813,22.7,4.));
#6685 = LINE('',#6686,#6687);
#6686 = CARTESIAN_POINT('',(4.0813,34.35,4.));
#6687 = VECTOR('',#6688,1.);
#6688 = DIRECTION('',(0.,1.,-0.));
#6689 = ORIENTED_EDGE('',*,*,#6690,.F.);
#6690 = EDGE_CURVE('',#6667,#6683,#6691,.T.);
#6691 = LINE('',#6692,#6693);
#6692 = CARTESIAN_POINT('',(4.0813,22.7,2.820424));
#6693 = VECTOR('',#6694,1.);
#6694 = DIRECTION('',(0.,0.,-1.));
#6695 = FACE_BOUND('',#6696,.T.);
#6696 = EDGE_LOOP('',(#6697,#6707,#6715,#6723));
#6697 = ORIENTED_EDGE('',*,*,#6698,.F.);
#6698 = EDGE_CURVE('',#6699,#6701,#6703,.T.);
#6699 = VERTEX_POINT('',#6700);
#6700 = CARTESIAN_POINT('',(4.0813,24.8,7.));
#6701 = VERTEX_POINT('',#6702);
#6702 = CARTESIAN_POINT('',(4.0813,27.8,7.));
#6703 = LINE('',#6704,#6705);
#6704 = CARTESIAN_POINT('',(4.0813,36.9,7.));
#6705 = VECTOR('',#6706,1.);
#6706 = DIRECTION('',(0.,1.,0.));
#6707 = ORIENTED_EDGE('',*,*,#6708,.T.);
#6708 = EDGE_CURVE('',#6699,#6709,#6711,.T.);
#6709 = VERTEX_POINT('',#6710);
#6710 = CARTESIAN_POINT('',(4.0813,24.8,4.));
#6711 = LINE('',#6712,#6713);
#6712 = CARTESIAN_POINT('',(4.0813,24.8,2.820424));
#6713 = VECTOR('',#6714,1.);
#6714 = DIRECTION('',(0.,0.,-1.));
#6715 = ORIENTED_EDGE('',*,*,#6716,.T.);
#6716 = EDGE_CURVE('',#6709,#6717,#6719,.T.);
#6717 = VERTEX_POINT('',#6718);
#6718 = CARTESIAN_POINT('',(4.0813,27.8,4.));
#6719 = LINE('',#6720,#6721);
#6720 = CARTESIAN_POINT('',(4.0813,36.9,4.));
#6721 = VECTOR('',#6722,1.);
#6722 = DIRECTION('',(0.,1.,0.));
#6723 = ORIENTED_EDGE('',*,*,#6724,.F.);
#6724 = EDGE_CURVE('',#6701,#6717,#6725,.T.);
#6725 = LINE('',#6726,#6727);
#6726 = CARTESIAN_POINT('',(4.0813,27.8,2.820424));
#6727 = VECTOR('',#6728,1.);
#6728 = DIRECTION('',(0.,0.,-1.));
#6729 = FACE_BOUND('',#6730,.T.);
#6730 = EDGE_LOOP('',(#6731,#6741,#6749,#6757));
#6731 = ORIENTED_EDGE('',*,*,#6732,.F.);
#6732 = EDGE_CURVE('',#6733,#6735,#6737,.T.);
#6733 = VERTEX_POINT('',#6734);
#6734 = CARTESIAN_POINT('',(4.0813,29.8,7.));
#6735 = VERTEX_POINT('',#6736);
#6736 = CARTESIAN_POINT('',(4.0813,32.8,7.));
#6737 = LINE('',#6738,#6739);
#6738 = CARTESIAN_POINT('',(4.0813,39.4,7.));
#6739 = VECTOR('',#6740,1.);
#6740 = DIRECTION('',(0.,1.,0.));
#6741 = ORIENTED_EDGE('',*,*,#6742,.T.);
#6742 = EDGE_CURVE('',#6733,#6743,#6745,.T.);
#6743 = VERTEX_POINT('',#6744);
#6744 = CARTESIAN_POINT('',(4.0813,29.8,4.));
#6745 = LINE('',#6746,#6747);
#6746 = CARTESIAN_POINT('',(4.0813,29.8,2.820424));
#6747 = VECTOR('',#6748,1.);
#6748 = DIRECTION('',(0.,0.,-1.));
#6749 = ORIENTED_EDGE('',*,*,#6750,.T.);
#6750 = EDGE_CURVE('',#6743,#6751,#6753,.T.);
#6751 = VERTEX_POINT('',#6752);
#6752 = CARTESIAN_POINT('',(4.0813,32.8,4.));
#6753 = LINE('',#6754,#6755);
#6754 = CARTESIAN_POINT('',(4.0813,39.4,4.));
#6755 = VECTOR('',#6756,1.);
#6756 = DIRECTION('',(0.,1.,0.));
#6757 = ORIENTED_EDGE('',*,*,#6758,.F.);
#6758 = EDGE_CURVE('',#6735,#6751,#6759,.T.);
#6759 = LINE('',#6760,#6761);
#6760 = CARTESIAN_POINT('',(4.0813,32.8,2.820424));
#6761 = VECTOR('',#6762,1.);
#6762 = DIRECTION('',(0.,0.,-1.));
#6763 = FACE_BOUND('',#6764,.T.);
#6764 = EDGE_LOOP('',(#6765,#6775,#6783,#6791));
#6765 = ORIENTED_EDGE('',*,*,#6766,.F.);
#6766 = EDGE_CURVE('',#6767,#6769,#6771,.T.);
#6767 = VERTEX_POINT('',#6768);
#6768 = CARTESIAN_POINT('',(4.0813,34.5,7.));
#6769 = VERTEX_POINT('',#6770);
#6770 = CARTESIAN_POINT('',(4.0813,37.5,7.));
#6771 = LINE('',#6772,#6773);
#6772 = CARTESIAN_POINT('',(4.0813,41.75,7.));
#6773 = VECTOR('',#6774,1.);
#6774 = DIRECTION('',(0.,1.,0.));
#6775 = ORIENTED_EDGE('',*,*,#6776,.T.);
#6776 = EDGE_CURVE('',#6767,#6777,#6779,.T.);
#6777 = VERTEX_POINT('',#6778);
#6778 = CARTESIAN_POINT('',(4.0813,34.5,4.));
#6779 = LINE('',#6780,#6781);
#6780 = CARTESIAN_POINT('',(4.0813,34.5,2.820424));
#6781 = VECTOR('',#6782,1.);
#6782 = DIRECTION('',(0.,0.,-1.));
#6783 = ORIENTED_EDGE('',*,*,#6784,.T.);
#6784 = EDGE_CURVE('',#6777,#6785,#6787,.T.);
#6785 = VERTEX_POINT('',#6786);
#6786 = CARTESIAN_POINT('',(4.0813,37.5,4.));
#6787 = LINE('',#6788,#6789);
#6788 = CARTESIAN_POINT('',(4.0813,41.75,4.));
#6789 = VECTOR('',#6790,1.);
#6790 = DIRECTION('',(0.,1.,0.));
#6791 = ORIENTED_EDGE('',*,*,#6792,.F.);
#6792 = EDGE_CURVE('',#6769,#6785,#6793,.T.);
#6793 = LINE('',#6794,#6795);
#6794 = CARTESIAN_POINT('',(4.0813,37.5,2.820424));
#6795 = VECTOR('',#6796,1.);
#6796 = DIRECTION('',(0.,0.,-1.));
#6797 = FACE_BOUND('',#6798,.T.);
#6798 = EDGE_LOOP('',(#6799,#6809,#6817,#6825));
#6799 = ORIENTED_EDGE('',*,*,#6800,.F.);
#6800 = EDGE_CURVE('',#6801,#6803,#6805,.T.);
#6801 = VERTEX_POINT('',#6802);
#6802 = CARTESIAN_POINT('',(4.0813,39.5,7.));
#6803 = VERTEX_POINT('',#6804);
#6804 = CARTESIAN_POINT('',(4.0813,42.5,7.));
#6805 = LINE('',#6806,#6807);
#6806 = CARTESIAN_POINT('',(4.0813,44.25,7.));
#6807 = VECTOR('',#6808,1.);
#6808 = DIRECTION('',(0.,1.,0.));
#6809 = ORIENTED_EDGE('',*,*,#6810,.T.);
#6810 = EDGE_CURVE('',#6801,#6811,#6813,.T.);
#6811 = VERTEX_POINT('',#6812);
#6812 = CARTESIAN_POINT('',(4.0813,39.5,4.));
#6813 = LINE('',#6814,#6815);
#6814 = CARTESIAN_POINT('',(4.0813,39.5,2.820424));
#6815 = VECTOR('',#6816,1.);
#6816 = DIRECTION('',(0.,0.,-1.));
#6817 = ORIENTED_EDGE('',*,*,#6818,.T.);
#6818 = EDGE_CURVE('',#6811,#6819,#6821,.T.);
#6819 = VERTEX_POINT('',#6820);
#6820 = CARTESIAN_POINT('',(4.0813,42.5,4.));
#6821 = LINE('',#6822,#6823);
#6822 = CARTESIAN_POINT('',(4.0813,44.25,4.));
#6823 = VECTOR('',#6824,1.);
#6824 = DIRECTION('',(0.,1.,0.));
#6825 = ORIENTED_EDGE('',*,*,#6826,.F.);
#6826 = EDGE_CURVE('',#6803,#6819,#6827,.T.);
#6827 = LINE('',#6828,#6829);
#6828 = CARTESIAN_POINT('',(4.0813,42.5,2.820424));
#6829 = VECTOR('',#6830,1.);
#6830 = DIRECTION('',(0.,0.,-1.));
#6831 = FACE_BOUND('',#6832,.T.);
#6832 = EDGE_LOOP('',(#6833,#6843,#6851,#6859));
#6833 = ORIENTED_EDGE('',*,*,#6834,.F.);
#6834 = EDGE_CURVE('',#6835,#6837,#6839,.T.);
#6835 = VERTEX_POINT('',#6836);
#6836 = CARTESIAN_POINT('',(4.0813,44.5,7.));
#6837 = VERTEX_POINT('',#6838);
#6838 = CARTESIAN_POINT('',(4.0813,47.5,7.));
#6839 = LINE('',#6840,#6841);
#6840 = CARTESIAN_POINT('',(4.0813,46.75,7.));
#6841 = VECTOR('',#6842,1.);
#6842 = DIRECTION('',(0.,1.,0.));
#6843 = ORIENTED_EDGE('',*,*,#6844,.T.);
#6844 = EDGE_CURVE('',#6835,#6845,#6847,.T.);
#6845 = VERTEX_POINT('',#6846);
#6846 = CARTESIAN_POINT('',(4.0813,44.5,4.));
#6847 = LINE('',#6848,#6849);
#6848 = CARTESIAN_POINT('',(4.0813,44.5,2.820424));
#6849 = VECTOR('',#6850,1.);
#6850 = DIRECTION('',(0.,0.,-1.));
#6851 = ORIENTED_EDGE('',*,*,#6852,.T.);
#6852 = EDGE_CURVE('',#6845,#6853,#6855,.T.);
#6853 = VERTEX_POINT('',#6854);
#6854 = CARTESIAN_POINT('',(4.0813,47.5,4.));
#6855 = LINE('',#6856,#6857);
#6856 = CARTESIAN_POINT('',(4.0813,46.75,4.));
#6857 = VECTOR('',#6858,1.);
#6858 = DIRECTION('',(0.,1.,0.));
#6859 = ORIENTED_EDGE('',*,*,#6860,.F.);
#6860 = EDGE_CURVE('',#6837,#6853,#6861,.T.);
#6861 = LINE('',#6862,#6863);
#6862 = CARTESIAN_POINT('',(4.0813,47.5,2.820424));
#6863 = VECTOR('',#6864,1.);
#6864 = DIRECTION('',(0.,0.,-1.));
#6865 = PLANE('',#6866);
#6866 = AXIS2_PLACEMENT_3D('',#6867,#6868,#6869);
#6867 = CARTESIAN_POINT('',(4.0813,49.,1.640848));
#6868 = DIRECTION('',(-1.,0.,0.));
#6869 = DIRECTION('',(0.,2.2E-16,1.));
#6870 = ADVANCED_FACE('',(#6871),#6896,.T.);
#6871 = FACE_BOUND('',#6872,.T.);
#6872 = EDGE_LOOP('',(#6873,#6883,#6889,#6890));
#6873 = ORIENTED_EDGE('',*,*,#6874,.T.);
#6874 = EDGE_CURVE('',#6875,#6877,#6879,.T.);
#6875 = VERTEX_POINT('',#6876);
#6876 = CARTESIAN_POINT('',(14.9148448,49.,1.640848));
#6877 = VERTEX_POINT('',#6878);
#6878 = CARTESIAN_POINT('',(14.9148448,18.,1.640848));
#6879 = LINE('',#6880,#6881);
#6880 = CARTESIAN_POINT('',(14.9148448,49.,1.640848));
#6881 = VECTOR('',#6882,1.);
#6882 = DIRECTION('',(0.,-1.,2.2E-16));
#6883 = ORIENTED_EDGE('',*,*,#6884,.T.);
#6884 = EDGE_CURVE('',#6877,#6633,#6885,.T.);
#6885 = LINE('',#6886,#6887);
#6886 = CARTESIAN_POINT('',(14.9148448,18.,1.640848));
#6887 = VECTOR('',#6888,1.);
#6888 = DIRECTION('',(-1.,0.,0.));
#6889 = ORIENTED_EDGE('',*,*,#6630,.F.);
#6890 = ORIENTED_EDGE('',*,*,#6891,.F.);
#6891 = EDGE_CURVE('',#6875,#6631,#6892,.T.);
#6892 = LINE('',#6893,#6894);
#6893 = CARTESIAN_POINT('',(14.9148448,49.,1.640848));
#6894 = VECTOR('',#6895,1.);
#6895 = DIRECTION('',(-1.,0.,0.));
#6896 = PLANE('',#6897);
#6897 = AXIS2_PLACEMENT_3D('',#6898,#6899,#6900);
#6898 = CARTESIAN_POINT('',(14.9148448,49.,1.640848));
#6899 = DIRECTION('',(-0.,-2.2E-16,-1.));
#6900 = DIRECTION('',(-1.,0.,0.));
#6901 = ADVANCED_FACE('',(#6902),#6936,.T.);
#6902 = FACE_BOUND('',#6903,.T.);
#6903 = EDGE_LOOP('',(#6904,#6905,#6913,#6921,#6929,#6935));
#6904 = ORIENTED_EDGE('',*,*,#6656,.T.);
#6905 = ORIENTED_EDGE('',*,*,#6906,.T.);
#6906 = EDGE_CURVE('',#6649,#6907,#6909,.T.);
#6907 = VERTEX_POINT('',#6908);
#6908 = CARTESIAN_POINT('',(4.803536,49.,16.549143));
#6909 = LINE('',#6910,#6911);
#6910 = CARTESIAN_POINT('',(4.0813,49.,9.53917));
#6911 = VECTOR('',#6912,1.);
#6912 = DIRECTION('',(0.102487261238,0.,0.994734316933));
#6913 = ORIENTED_EDGE('',*,*,#6914,.T.);
#6914 = EDGE_CURVE('',#6907,#6915,#6917,.T.);
#6915 = VERTEX_POINT('',#6916);
#6916 = CARTESIAN_POINT('',(13.7678008,49.,16.549143));
#6917 = LINE('',#6918,#6919);
#6918 = CARTESIAN_POINT('',(4.803536,49.,16.549143));
#6919 = VECTOR('',#6920,1.);
#6920 = DIRECTION('',(1.,0.,0.));
#6921 = ORIENTED_EDGE('',*,*,#6922,.T.);
#6922 = EDGE_CURVE('',#6915,#6923,#6925,.T.);
#6923 = VERTEX_POINT('',#6924);
#6924 = CARTESIAN_POINT('',(14.9148448,49.,7.827105));
#6925 = LINE('',#6926,#6927);
#6926 = CARTESIAN_POINT('',(13.7678008,49.,16.549143));
#6927 = VECTOR('',#6928,1.);
#6928 = DIRECTION('',(0.13038829823,0.,-0.991463005707));
#6929 = ORIENTED_EDGE('',*,*,#6930,.T.);
#6930 = EDGE_CURVE('',#6923,#6875,#6931,.T.);
#6931 = LINE('',#6932,#6933);
#6932 = CARTESIAN_POINT('',(14.9148448,49.,7.827105));
#6933 = VECTOR('',#6934,1.);
#6934 = DIRECTION('',(0.,0.,-1.));
#6935 = ORIENTED_EDGE('',*,*,#6891,.T.);
#6936 = PLANE('',#6937);
#6937 = AXIS2_PLACEMENT_3D('',#6938,#6939,#6940);
#6938 = CARTESIAN_POINT('',(9.413635331099,49.,8.82240407302));
#6939 = DIRECTION('',(0.,1.,0.));
#6940 = DIRECTION('',(0.,0.,1.));
#6941 = ADVANCED_FACE('',(#6942),#6976,.F.);
#6942 = FACE_BOUND('',#6943,.F.);
#6943 = EDGE_LOOP('',(#6944,#6945,#6953,#6961,#6969,#6975));
#6944 = ORIENTED_EDGE('',*,*,#6640,.T.);
#6945 = ORIENTED_EDGE('',*,*,#6946,.T.);
#6946 = EDGE_CURVE('',#6641,#6947,#6949,.T.);
#6947 = VERTEX_POINT('',#6948);
#6948 = CARTESIAN_POINT('',(4.803536,18.,16.549143));
#6949 = LINE('',#6950,#6951);
#6950 = CARTESIAN_POINT('',(4.0813,18.,9.53917));
#6951 = VECTOR('',#6952,1.);
#6952 = DIRECTION('',(0.102487261238,0.,0.994734316933));
#6953 = ORIENTED_EDGE('',*,*,#6954,.T.);
#6954 = EDGE_CURVE('',#6947,#6955,#6957,.T.);
#6955 = VERTEX_POINT('',#6956);
#6956 = CARTESIAN_POINT('',(13.7678008,18.,16.549143));
#6957 = LINE('',#6958,#6959);
#6958 = CARTESIAN_POINT('',(4.803536,18.,16.549143));
#6959 = VECTOR('',#6960,1.);
#6960 = DIRECTION('',(1.,0.,0.));
#6961 = ORIENTED_EDGE('',*,*,#6962,.T.);
#6962 = EDGE_CURVE('',#6955,#6963,#6965,.T.);
#6963 = VERTEX_POINT('',#6964);
#6964 = CARTESIAN_POINT('',(14.9148448,18.,7.827105));
#6965 = LINE('',#6966,#6967);
#6966 = CARTESIAN_POINT('',(13.7678008,18.,16.549143));
#6967 = VECTOR('',#6968,1.);
#6968 = DIRECTION('',(0.13038829823,0.,-0.991463005707));
#6969 = ORIENTED_EDGE('',*,*,#6970,.T.);
#6970 = EDGE_CURVE('',#6963,#6877,#6971,.T.);
#6971 = LINE('',#6972,#6973);
#6972 = CARTESIAN_POINT('',(14.9148448,18.,7.827105));
#6973 = VECTOR('',#6974,1.);
#6974 = DIRECTION('',(0.,0.,-1.));
#6975 = ORIENTED_EDGE('',*,*,#6884,.T.);
#6976 = PLANE('',#6977);
#6977 = AXIS2_PLACEMENT_3D('',#6978,#6979,#6980);
#6978 = CARTESIAN_POINT('',(9.413635331099,18.,8.82240407302));
#6979 = DIRECTION('',(0.,1.,0.));
#6980 = DIRECTION('',(0.,0.,1.));
#6981 = ADVANCED_FACE('',(#6982),#6993,.T.);
#6982 = FACE_BOUND('',#6983,.T.);
#6983 = EDGE_LOOP('',(#6984,#6985,#6986,#6992));
#6984 = ORIENTED_EDGE('',*,*,#6648,.T.);
#6985 = ORIENTED_EDGE('',*,*,#6946,.T.);
#6986 = ORIENTED_EDGE('',*,*,#6987,.F.);
#6987 = EDGE_CURVE('',#6907,#6947,#6988,.T.);
#6988 = LINE('',#6989,#6990);
#6989 = CARTESIAN_POINT('',(4.803536,49.,16.549143));
#6990 = VECTOR('',#6991,1.);
#6991 = DIRECTION('',(0.,-1.,2.2E-16));
#6992 = ORIENTED_EDGE('',*,*,#6906,.F.);
#6993 = PLANE('',#6994);
#6994 = AXIS2_PLACEMENT_3D('',#6995,#6996,#6997);
#6995 = CARTESIAN_POINT('',(4.0813,49.,9.53917));
#6996 = DIRECTION('',(-0.994734316933,2.E-17,0.102487261238));
#6997 = DIRECTION('',(0.102487261238,2.2E-16,0.994734316933));
#6998 = ADVANCED_FACE('',(#6999),#7024,.F.);
#6999 = FACE_BOUND('',#7000,.F.);
#7000 = EDGE_LOOP('',(#7001,#7009,#7010,#7018));
#7001 = ORIENTED_EDGE('',*,*,#7002,.F.);
#7002 = EDGE_CURVE('',#6667,#7003,#7005,.T.);
#7003 = VERTEX_POINT('',#7004);
#7004 = CARTESIAN_POINT('',(5.,22.7,7.));
#7005 = LINE('',#7006,#7007);
#7006 = CARTESIAN_POINT('',(0.,22.7,7.));
#7007 = VECTOR('',#7008,1.);
#7008 = DIRECTION('',(1.,0.,0.));
#7009 = ORIENTED_EDGE('',*,*,#6664,.F.);
#7010 = ORIENTED_EDGE('',*,*,#7011,.T.);
#7011 = EDGE_CURVE('',#6665,#7012,#7014,.T.);
#7012 = VERTEX_POINT('',#7013);
#7013 = CARTESIAN_POINT('',(5.,19.7,7.));
#7014 = LINE('',#7015,#7016);
#7015 = CARTESIAN_POINT('',(0.,19.7,7.));
#7016 = VECTOR('',#7017,1.);
#7017 = DIRECTION('',(1.,0.,0.));
#7018 = ORIENTED_EDGE('',*,*,#7019,.T.);
#7019 = EDGE_CURVE('',#7012,#7003,#7020,.T.);
#7020 = LINE('',#7021,#7022);
#7021 = CARTESIAN_POINT('',(5.,19.7,7.));
#7022 = VECTOR('',#7023,1.);
#7023 = DIRECTION('',(0.,1.,0.));
#7024 = PLANE('',#7025);
#7025 = AXIS2_PLACEMENT_3D('',#7026,#7027,#7028);
#7026 = CARTESIAN_POINT('',(0.,19.7,7.));
#7027 = DIRECTION('',(0.,0.,1.));
#7028 = DIRECTION('',(1.,0.,0.));
#7029 = ADVANCED_FACE('',(#7030),#7048,.F.);
#7030 = FACE_BOUND('',#7031,.F.);
#7031 = EDGE_LOOP('',(#7032,#7040,#7041,#7042));
#7032 = ORIENTED_EDGE('',*,*,#7033,.F.);
#7033 = EDGE_CURVE('',#6683,#7034,#7036,.T.);
#7034 = VERTEX_POINT('',#7035);
#7035 = CARTESIAN_POINT('',(5.,22.7,4.));
#7036 = LINE('',#7037,#7038);
#7037 = CARTESIAN_POINT('',(0.,22.7,4.));
#7038 = VECTOR('',#7039,1.);
#7039 = DIRECTION('',(1.,0.,0.));
#7040 = ORIENTED_EDGE('',*,*,#6690,.F.);
#7041 = ORIENTED_EDGE('',*,*,#7002,.T.);
#7042 = ORIENTED_EDGE('',*,*,#7043,.F.);
#7043 = EDGE_CURVE('',#7034,#7003,#7044,.T.);
#7044 = LINE('',#7045,#7046);
#7045 = CARTESIAN_POINT('',(5.,22.7,4.));
#7046 = VECTOR('',#7047,1.);
#7047 = DIRECTION('',(0.,0.,1.));
#7048 = PLANE('',#7049);
#7049 = AXIS2_PLACEMENT_3D('',#7050,#7051,#7052);
#7050 = CARTESIAN_POINT('',(0.,22.7,4.));
#7051 = DIRECTION('',(0.,1.,0.));
#7052 = DIRECTION('',(0.,0.,1.));
#7053 = ADVANCED_FACE('',(#7054),#7072,.T.);
#7054 = FACE_BOUND('',#7055,.T.);
#7055 = EDGE_LOOP('',(#7056,#7057,#7058,#7066));
#7056 = ORIENTED_EDGE('',*,*,#7033,.F.);
#7057 = ORIENTED_EDGE('',*,*,#6682,.F.);
#7058 = ORIENTED_EDGE('',*,*,#7059,.T.);
#7059 = EDGE_CURVE('',#6675,#7060,#7062,.T.);
#7060 = VERTEX_POINT('',#7061);
#7061 = CARTESIAN_POINT('',(5.,19.7,4.));
#7062 = LINE('',#7063,#7064);
#7063 = CARTESIAN_POINT('',(0.,19.7,4.));
#7064 = VECTOR('',#7065,1.);
#7065 = DIRECTION('',(1.,0.,0.));
#7066 = ORIENTED_EDGE('',*,*,#7067,.T.);
#7067 = EDGE_CURVE('',#7060,#7034,#7068,.T.);
#7068 = LINE('',#7069,#7070);
#7069 = CARTESIAN_POINT('',(5.,19.7,4.));
#7070 = VECTOR('',#7071,1.);
#7071 = DIRECTION('',(0.,1.,0.));
#7072 = PLANE('',#7073);
#7073 = AXIS2_PLACEMENT_3D('',#7074,#7075,#7076);
#7074 = CARTESIAN_POINT('',(0.,19.7,4.));
#7075 = DIRECTION('',(0.,0.,1.));
#7076 = DIRECTION('',(1.,0.,0.));
#7077 = ADVANCED_FACE('',(#7078),#7089,.T.);
#7078 = FACE_BOUND('',#7079,.T.);
#7079 = EDGE_LOOP('',(#7080,#7081,#7082,#7083));
#7080 = ORIENTED_EDGE('',*,*,#7059,.F.);
#7081 = ORIENTED_EDGE('',*,*,#6674,.F.);
#7082 = ORIENTED_EDGE('',*,*,#7011,.T.);
#7083 = ORIENTED_EDGE('',*,*,#7084,.F.);
#7084 = EDGE_CURVE('',#7060,#7012,#7085,.T.);
#7085 = LINE('',#7086,#7087);
#7086 = CARTESIAN_POINT('',(5.,19.7,4.));
#7087 = VECTOR('',#7088,1.);
#7088 = DIRECTION('',(0.,0.,1.));
#7089 = PLANE('',#7090);
#7090 = AXIS2_PLACEMENT_3D('',#7091,#7092,#7093);
#7091 = CARTESIAN_POINT('',(0.,19.7,4.));
#7092 = DIRECTION('',(0.,1.,0.));
#7093 = DIRECTION('',(0.,0.,1.));
#7094 = ADVANCED_FACE('',(#7095),#7120,.F.);
#7095 = FACE_BOUND('',#7096,.F.);
#7096 = EDGE_LOOP('',(#7097,#7105,#7106,#7114));
#7097 = ORIENTED_EDGE('',*,*,#7098,.F.);
#7098 = EDGE_CURVE('',#6701,#7099,#7101,.T.);
#7099 = VERTEX_POINT('',#7100);
#7100 = CARTESIAN_POINT('',(5.,27.8,7.));
#7101 = LINE('',#7102,#7103);
#7102 = CARTESIAN_POINT('',(0.,27.8,7.));
#7103 = VECTOR('',#7104,1.);
#7104 = DIRECTION('',(1.,0.,0.));
#7105 = ORIENTED_EDGE('',*,*,#6698,.F.);
#7106 = ORIENTED_EDGE('',*,*,#7107,.T.);
#7107 = EDGE_CURVE('',#6699,#7108,#7110,.T.);
#7108 = VERTEX_POINT('',#7109);
#7109 = CARTESIAN_POINT('',(5.,24.8,7.));
#7110 = LINE('',#7111,#7112);
#7111 = CARTESIAN_POINT('',(0.,24.8,7.));
#7112 = VECTOR('',#7113,1.);
#7113 = DIRECTION('',(1.,0.,0.));
#7114 = ORIENTED_EDGE('',*,*,#7115,.T.);
#7115 = EDGE_CURVE('',#7108,#7099,#7116,.T.);
#7116 = LINE('',#7117,#7118);
#7117 = CARTESIAN_POINT('',(5.,24.8,7.));
#7118 = VECTOR('',#7119,1.);
#7119 = DIRECTION('',(0.,1.,0.));
#7120 = PLANE('',#7121);
#7121 = AXIS2_PLACEMENT_3D('',#7122,#7123,#7124);
#7122 = CARTESIAN_POINT('',(0.,24.8,7.));
#7123 = DIRECTION('',(0.,0.,1.));
#7124 = DIRECTION('',(1.,0.,0.));
#7125 = ADVANCED_FACE('',(#7126),#7144,.T.);
#7126 = FACE_BOUND('',#7127,.T.);
#7127 = EDGE_LOOP('',(#7128,#7136,#7137,#7138));
#7128 = ORIENTED_EDGE('',*,*,#7129,.F.);
#7129 = EDGE_CURVE('',#6709,#7130,#7132,.T.);
#7130 = VERTEX_POINT('',#7131);
#7131 = CARTESIAN_POINT('',(5.,24.8,4.));
#7132 = LINE('',#7133,#7134);
#7133 = CARTESIAN_POINT('',(0.,24.8,4.));
#7134 = VECTOR('',#7135,1.);
#7135 = DIRECTION('',(1.,0.,0.));
#7136 = ORIENTED_EDGE('',*,*,#6708,.F.);
#7137 = ORIENTED_EDGE('',*,*,#7107,.T.);
#7138 = ORIENTED_EDGE('',*,*,#7139,.F.);
#7139 = EDGE_CURVE('',#7130,#7108,#7140,.T.);
#7140 = LINE('',#7141,#7142);
#7141 = CARTESIAN_POINT('',(5.,24.8,4.));
#7142 = VECTOR('',#7143,1.);
#7143 = DIRECTION('',(0.,0.,1.));
#7144 = PLANE('',#7145);
#7145 = AXIS2_PLACEMENT_3D('',#7146,#7147,#7148);
#7146 = CARTESIAN_POINT('',(0.,24.8,4.));
#7147 = DIRECTION('',(0.,1.,0.));
#7148 = DIRECTION('',(0.,0.,1.));
#7149 = ADVANCED_FACE('',(#7150),#7168,.F.);
#7150 = FACE_BOUND('',#7151,.F.);
#7151 = EDGE_LOOP('',(#7152,#7160,#7161,#7162));
#7152 = ORIENTED_EDGE('',*,*,#7153,.F.);
#7153 = EDGE_CURVE('',#6717,#7154,#7156,.T.);
#7154 = VERTEX_POINT('',#7155);
#7155 = CARTESIAN_POINT('',(5.,27.8,4.));
#7156 = LINE('',#7157,#7158);
#7157 = CARTESIAN_POINT('',(0.,27.8,4.));
#7158 = VECTOR('',#7159,1.);
#7159 = DIRECTION('',(1.,0.,0.));
#7160 = ORIENTED_EDGE('',*,*,#6724,.F.);
#7161 = ORIENTED_EDGE('',*,*,#7098,.T.);
#7162 = ORIENTED_EDGE('',*,*,#7163,.F.);
#7163 = EDGE_CURVE('',#7154,#7099,#7164,.T.);
#7164 = LINE('',#7165,#7166);
#7165 = CARTESIAN_POINT('',(5.,27.8,4.));
#7166 = VECTOR('',#7167,1.);
#7167 = DIRECTION('',(0.,0.,1.));
#7168 = PLANE('',#7169);
#7169 = AXIS2_PLACEMENT_3D('',#7170,#7171,#7172);
#7170 = CARTESIAN_POINT('',(0.,27.8,4.));
#7171 = DIRECTION('',(0.,1.,0.));
#7172 = DIRECTION('',(0.,0.,1.));
#7173 = ADVANCED_FACE('',(#7174),#7185,.T.);
#7174 = FACE_BOUND('',#7175,.T.);
#7175 = EDGE_LOOP('',(#7176,#7177,#7178,#7179));
#7176 = ORIENTED_EDGE('',*,*,#7153,.F.);
#7177 = ORIENTED_EDGE('',*,*,#6716,.F.);
#7178 = ORIENTED_EDGE('',*,*,#7129,.T.);
#7179 = ORIENTED_EDGE('',*,*,#7180,.T.);
#7180 = EDGE_CURVE('',#7130,#7154,#7181,.T.);
#7181 = LINE('',#7182,#7183);
#7182 = CARTESIAN_POINT('',(5.,24.8,4.));
#7183 = VECTOR('',#7184,1.);
#7184 = DIRECTION('',(0.,1.,0.));
#7185 = PLANE('',#7186);
#7186 = AXIS2_PLACEMENT_3D('',#7187,#7188,#7189);
#7187 = CARTESIAN_POINT('',(0.,24.8,4.));
#7188 = DIRECTION('',(0.,0.,1.));
#7189 = DIRECTION('',(1.,0.,0.));
#7190 = ADVANCED_FACE('',(#7191),#7216,.F.);
#7191 = FACE_BOUND('',#7192,.F.);
#7192 = EDGE_LOOP('',(#7193,#7201,#7202,#7210));
#7193 = ORIENTED_EDGE('',*,*,#7194,.F.);
#7194 = EDGE_CURVE('',#6735,#7195,#7197,.T.);
#7195 = VERTEX_POINT('',#7196);
#7196 = CARTESIAN_POINT('',(5.,32.8,7.));
#7197 = LINE('',#7198,#7199);
#7198 = CARTESIAN_POINT('',(0.,32.8,7.));
#7199 = VECTOR('',#7200,1.);
#7200 = DIRECTION('',(1.,0.,0.));
#7201 = ORIENTED_EDGE('',*,*,#6732,.F.);
#7202 = ORIENTED_EDGE('',*,*,#7203,.T.);
#7203 = EDGE_CURVE('',#6733,#7204,#7206,.T.);
#7204 = VERTEX_POINT('',#7205);
#7205 = CARTESIAN_POINT('',(5.,29.8,7.));
#7206 = LINE('',#7207,#7208);
#7207 = CARTESIAN_POINT('',(0.,29.8,7.));
#7208 = VECTOR('',#7209,1.);
#7209 = DIRECTION('',(1.,0.,0.));
#7210 = ORIENTED_EDGE('',*,*,#7211,.T.);
#7211 = EDGE_CURVE('',#7204,#7195,#7212,.T.);
#7212 = LINE('',#7213,#7214);
#7213 = CARTESIAN_POINT('',(5.,29.8,7.));
#7214 = VECTOR('',#7215,1.);
#7215 = DIRECTION('',(0.,1.,0.));
#7216 = PLANE('',#7217);
#7217 = AXIS2_PLACEMENT_3D('',#7218,#7219,#7220);
#7218 = CARTESIAN_POINT('',(0.,29.8,7.));
#7219 = DIRECTION('',(0.,0.,1.));
#7220 = DIRECTION('',(1.,0.,0.));
#7221 = ADVANCED_FACE('',(#7222),#7240,.T.);
#7222 = FACE_BOUND('',#7223,.T.);
#7223 = EDGE_LOOP('',(#7224,#7232,#7233,#7234));
#7224 = ORIENTED_EDGE('',*,*,#7225,.F.);
#7225 = EDGE_CURVE('',#6743,#7226,#7228,.T.);
#7226 = VERTEX_POINT('',#7227);
#7227 = CARTESIAN_POINT('',(5.,29.8,4.));
#7228 = LINE('',#7229,#7230);
#7229 = CARTESIAN_POINT('',(0.,29.8,4.));
#7230 = VECTOR('',#7231,1.);
#7231 = DIRECTION('',(1.,0.,0.));
#7232 = ORIENTED_EDGE('',*,*,#6742,.F.);
#7233 = ORIENTED_EDGE('',*,*,#7203,.T.);
#7234 = ORIENTED_EDGE('',*,*,#7235,.F.);
#7235 = EDGE_CURVE('',#7226,#7204,#7236,.T.);
#7236 = LINE('',#7237,#7238);
#7237 = CARTESIAN_POINT('',(5.,29.8,4.));
#7238 = VECTOR('',#7239,1.);
#7239 = DIRECTION('',(0.,0.,1.));
#7240 = PLANE('',#7241);
#7241 = AXIS2_PLACEMENT_3D('',#7242,#7243,#7244);
#7242 = CARTESIAN_POINT('',(0.,29.8,4.));
#7243 = DIRECTION('',(0.,1.,0.));
#7244 = DIRECTION('',(0.,0.,1.));
#7245 = ADVANCED_FACE('',(#7246),#7264,.F.);
#7246 = FACE_BOUND('',#7247,.F.);
#7247 = EDGE_LOOP('',(#7248,#7256,#7257,#7258));
#7248 = ORIENTED_EDGE('',*,*,#7249,.F.);
#7249 = EDGE_CURVE('',#6751,#7250,#7252,.T.);
#7250 = VERTEX_POINT('',#7251);
#7251 = CARTESIAN_POINT('',(5.,32.8,4.));
#7252 = LINE('',#7253,#7254);
#7253 = CARTESIAN_POINT('',(0.,32.8,4.));
#7254 = VECTOR('',#7255,1.);
#7255 = DIRECTION('',(1.,0.,0.));
#7256 = ORIENTED_EDGE('',*,*,#6758,.F.);
#7257 = ORIENTED_EDGE('',*,*,#7194,.T.);
#7258 = ORIENTED_EDGE('',*,*,#7259,.F.);
#7259 = EDGE_CURVE('',#7250,#7195,#7260,.T.);
#7260 = LINE('',#7261,#7262);
#7261 = CARTESIAN_POINT('',(5.,32.8,4.));
#7262 = VECTOR('',#7263,1.);
#7263 = DIRECTION('',(0.,0.,1.));
#7264 = PLANE('',#7265);
#7265 = AXIS2_PLACEMENT_3D('',#7266,#7267,#7268);
#7266 = CARTESIAN_POINT('',(0.,32.8,4.));
#7267 = DIRECTION('',(0.,1.,0.));
#7268 = DIRECTION('',(0.,0.,1.));
#7269 = ADVANCED_FACE('',(#7270),#7281,.T.);
#7270 = FACE_BOUND('',#7271,.T.);
#7271 = EDGE_LOOP('',(#7272,#7273,#7274,#7275));
#7272 = ORIENTED_EDGE('',*,*,#7249,.F.);
#7273 = ORIENTED_EDGE('',*,*,#6750,.F.);
#7274 = ORIENTED_EDGE('',*,*,#7225,.T.);
#7275 = ORIENTED_EDGE('',*,*,#7276,.T.);
#7276 = EDGE_CURVE('',#7226,#7250,#7277,.T.);
#7277 = LINE('',#7278,#7279);
#7278 = CARTESIAN_POINT('',(5.,29.8,4.));
#7279 = VECTOR('',#7280,1.);
#7280 = DIRECTION('',(0.,1.,0.));
#7281 = PLANE('',#7282);
#7282 = AXIS2_PLACEMENT_3D('',#7283,#7284,#7285);
#7283 = CARTESIAN_POINT('',(0.,29.8,4.));
#7284 = DIRECTION('',(0.,0.,1.));
#7285 = DIRECTION('',(1.,0.,0.));
#7286 = ADVANCED_FACE('',(#7287),#7312,.F.);
#7287 = FACE_BOUND('',#7288,.F.);
#7288 = EDGE_LOOP('',(#7289,#7297,#7298,#7306));
#7289 = ORIENTED_EDGE('',*,*,#7290,.F.);
#7290 = EDGE_CURVE('',#6769,#7291,#7293,.T.);
#7291 = VERTEX_POINT('',#7292);
#7292 = CARTESIAN_POINT('',(5.,37.5,7.));
#7293 = LINE('',#7294,#7295);
#7294 = CARTESIAN_POINT('',(0.,37.5,7.));
#7295 = VECTOR('',#7296,1.);
#7296 = DIRECTION('',(1.,0.,0.));
#7297 = ORIENTED_EDGE('',*,*,#6766,.F.);
#7298 = ORIENTED_EDGE('',*,*,#7299,.T.);
#7299 = EDGE_CURVE('',#6767,#7300,#7302,.T.);
#7300 = VERTEX_POINT('',#7301);
#7301 = CARTESIAN_POINT('',(5.,34.5,7.));
#7302 = LINE('',#7303,#7304);
#7303 = CARTESIAN_POINT('',(0.,34.5,7.));
#7304 = VECTOR('',#7305,1.);
#7305 = DIRECTION('',(1.,0.,0.));
#7306 = ORIENTED_EDGE('',*,*,#7307,.T.);
#7307 = EDGE_CURVE('',#7300,#7291,#7308,.T.);
#7308 = LINE('',#7309,#7310);
#7309 = CARTESIAN_POINT('',(5.,34.5,7.));
#7310 = VECTOR('',#7311,1.);
#7311 = DIRECTION('',(0.,1.,0.));
#7312 = PLANE('',#7313);
#7313 = AXIS2_PLACEMENT_3D('',#7314,#7315,#7316);
#7314 = CARTESIAN_POINT('',(0.,34.5,7.));
#7315 = DIRECTION('',(0.,0.,1.));
#7316 = DIRECTION('',(1.,0.,0.));
#7317 = ADVANCED_FACE('',(#7318),#7336,.T.);
#7318 = FACE_BOUND('',#7319,.T.);
#7319 = EDGE_LOOP('',(#7320,#7328,#7329,#7330));
#7320 = ORIENTED_EDGE('',*,*,#7321,.F.);
#7321 = EDGE_CURVE('',#6777,#7322,#7324,.T.);
#7322 = VERTEX_POINT('',#7323);
#7323 = CARTESIAN_POINT('',(5.,34.5,4.));
#7324 = LINE('',#7325,#7326);
#7325 = CARTESIAN_POINT('',(0.,34.5,4.));
#7326 = VECTOR('',#7327,1.);
#7327 = DIRECTION('',(1.,0.,0.));
#7328 = ORIENTED_EDGE('',*,*,#6776,.F.);
#7329 = ORIENTED_EDGE('',*,*,#7299,.T.);
#7330 = ORIENTED_EDGE('',*,*,#7331,.F.);
#7331 = EDGE_CURVE('',#7322,#7300,#7332,.T.);
#7332 = LINE('',#7333,#7334);
#7333 = CARTESIAN_POINT('',(5.,34.5,4.));
#7334 = VECTOR('',#7335,1.);
#7335 = DIRECTION('',(0.,0.,1.));
#7336 = PLANE('',#7337);
#7337 = AXIS2_PLACEMENT_3D('',#7338,#7339,#7340);
#7338 = CARTESIAN_POINT('',(0.,34.5,4.));
#7339 = DIRECTION('',(0.,1.,0.));
#7340 = DIRECTION('',(0.,0.,1.));
#7341 = ADVANCED_FACE('',(#7342),#7360,.F.);
#7342 = FACE_BOUND('',#7343,.F.);
#7343 = EDGE_LOOP('',(#7344,#7352,#7353,#7354));
#7344 = ORIENTED_EDGE('',*,*,#7345,.F.);
#7345 = EDGE_CURVE('',#6785,#7346,#7348,.T.);
#7346 = VERTEX_POINT('',#7347);
#7347 = CARTESIAN_POINT('',(5.,37.5,4.));
#7348 = LINE('',#7349,#7350);
#7349 = CARTESIAN_POINT('',(0.,37.5,4.));
#7350 = VECTOR('',#7351,1.);
#7351 = DIRECTION('',(1.,0.,0.));
#7352 = ORIENTED_EDGE('',*,*,#6792,.F.);
#7353 = ORIENTED_EDGE('',*,*,#7290,.T.);
#7354 = ORIENTED_EDGE('',*,*,#7355,.F.);
#7355 = EDGE_CURVE('',#7346,#7291,#7356,.T.);
#7356 = LINE('',#7357,#7358);
#7357 = CARTESIAN_POINT('',(5.,37.5,4.));
#7358 = VECTOR('',#7359,1.);
#7359 = DIRECTION('',(0.,0.,1.));
#7360 = PLANE('',#7361);
#7361 = AXIS2_PLACEMENT_3D('',#7362,#7363,#7364);
#7362 = CARTESIAN_POINT('',(0.,37.5,4.));
#7363 = DIRECTION('',(0.,1.,0.));
#7364 = DIRECTION('',(0.,0.,1.));
#7365 = ADVANCED_FACE('',(#7366),#7377,.T.);
#7366 = FACE_BOUND('',#7367,.T.);
#7367 = EDGE_LOOP('',(#7368,#7369,#7370,#7371));
#7368 = ORIENTED_EDGE('',*,*,#7345,.F.);
#7369 = ORIENTED_EDGE('',*,*,#6784,.F.);
#7370 = ORIENTED_EDGE('',*,*,#7321,.T.);
#7371 = ORIENTED_EDGE('',*,*,#7372,.T.);
#7372 = EDGE_CURVE('',#7322,#7346,#7373,.T.);
#7373 = LINE('',#7374,#7375);
#7374 = CARTESIAN_POINT('',(5.,34.5,4.));
#7375 = VECTOR('',#7376,1.);
#7376 = DIRECTION('',(0.,1.,0.));
#7377 = PLANE('',#7378);
#7378 = AXIS2_PLACEMENT_3D('',#7379,#7380,#7381);
#7379 = CARTESIAN_POINT('',(0.,34.5,4.));
#7380 = DIRECTION('',(0.,0.,1.));
#7381 = DIRECTION('',(1.,0.,0.));
#7382 = ADVANCED_FACE('',(#7383),#7408,.F.);
#7383 = FACE_BOUND('',#7384,.F.);
#7384 = EDGE_LOOP('',(#7385,#7393,#7394,#7402));
#7385 = ORIENTED_EDGE('',*,*,#7386,.F.);
#7386 = EDGE_CURVE('',#6803,#7387,#7389,.T.);
#7387 = VERTEX_POINT('',#7388);
#7388 = CARTESIAN_POINT('',(5.,42.5,7.));
#7389 = LINE('',#7390,#7391);
#7390 = CARTESIAN_POINT('',(0.,42.5,7.));
#7391 = VECTOR('',#7392,1.);
#7392 = DIRECTION('',(1.,0.,0.));
#7393 = ORIENTED_EDGE('',*,*,#6800,.F.);
#7394 = ORIENTED_EDGE('',*,*,#7395,.T.);
#7395 = EDGE_CURVE('',#6801,#7396,#7398,.T.);
#7396 = VERTEX_POINT('',#7397);
#7397 = CARTESIAN_POINT('',(5.,39.5,7.));
#7398 = LINE('',#7399,#7400);
#7399 = CARTESIAN_POINT('',(0.,39.5,7.));
#7400 = VECTOR('',#7401,1.);
#7401 = DIRECTION('',(1.,0.,0.));
#7402 = ORIENTED_EDGE('',*,*,#7403,.T.);
#7403 = EDGE_CURVE('',#7396,#7387,#7404,.T.);
#7404 = LINE('',#7405,#7406);
#7405 = CARTESIAN_POINT('',(5.,39.5,7.));
#7406 = VECTOR('',#7407,1.);
#7407 = DIRECTION('',(0.,1.,0.));
#7408 = PLANE('',#7409);
#7409 = AXIS2_PLACEMENT_3D('',#7410,#7411,#7412);
#7410 = CARTESIAN_POINT('',(0.,39.5,7.));
#7411 = DIRECTION('',(0.,0.,1.));
#7412 = DIRECTION('',(1.,0.,0.));
#7413 = ADVANCED_FACE('',(#7414),#7432,.T.);
#7414 = FACE_BOUND('',#7415,.T.);
#7415 = EDGE_LOOP('',(#7416,#7424,#7425,#7426));
#7416 = ORIENTED_EDGE('',*,*,#7417,.F.);
#7417 = EDGE_CURVE('',#6811,#7418,#7420,.T.);
#7418 = VERTEX_POINT('',#7419);
#7419 = CARTESIAN_POINT('',(5.,39.5,4.));
#7420 = LINE('',#7421,#7422);
#7421 = CARTESIAN_POINT('',(0.,39.5,4.));
#7422 = VECTOR('',#7423,1.);
#7423 = DIRECTION('',(1.,0.,0.));
#7424 = ORIENTED_EDGE('',*,*,#6810,.F.);
#7425 = ORIENTED_EDGE('',*,*,#7395,.T.);
#7426 = ORIENTED_EDGE('',*,*,#7427,.F.);
#7427 = EDGE_CURVE('',#7418,#7396,#7428,.T.);
#7428 = LINE('',#7429,#7430);
#7429 = CARTESIAN_POINT('',(5.,39.5,4.));
#7430 = VECTOR('',#7431,1.);
#7431 = DIRECTION('',(0.,0.,1.));
#7432 = PLANE('',#7433);
#7433 = AXIS2_PLACEMENT_3D('',#7434,#7435,#7436);
#7434 = CARTESIAN_POINT('',(0.,39.5,4.));
#7435 = DIRECTION('',(0.,1.,0.));
#7436 = DIRECTION('',(0.,0.,1.));
#7437 = ADVANCED_FACE('',(#7438),#7456,.F.);
#7438 = FACE_BOUND('',#7439,.F.);
#7439 = EDGE_LOOP('',(#7440,#7448,#7449,#7450));
#7440 = ORIENTED_EDGE('',*,*,#7441,.F.);
#7441 = EDGE_CURVE('',#6819,#7442,#7444,.T.);
#7442 = VERTEX_POINT('',#7443);
#7443 = CARTESIAN_POINT('',(5.,42.5,4.));
#7444 = LINE('',#7445,#7446);
#7445 = CARTESIAN_POINT('',(0.,42.5,4.));
#7446 = VECTOR('',#7447,1.);
#7447 = DIRECTION('',(1.,0.,0.));
#7448 = ORIENTED_EDGE('',*,*,#6826,.F.);
#7449 = ORIENTED_EDGE('',*,*,#7386,.T.);
#7450 = ORIENTED_EDGE('',*,*,#7451,.F.);
#7451 = EDGE_CURVE('',#7442,#7387,#7452,.T.);
#7452 = LINE('',#7453,#7454);
#7453 = CARTESIAN_POINT('',(5.,42.5,4.));
#7454 = VECTOR('',#7455,1.);
#7455 = DIRECTION('',(0.,0.,1.));
#7456 = PLANE('',#7457);
#7457 = AXIS2_PLACEMENT_3D('',#7458,#7459,#7460);
#7458 = CARTESIAN_POINT('',(0.,42.5,4.));
#7459 = DIRECTION('',(0.,1.,0.));
#7460 = DIRECTION('',(0.,0.,1.));
#7461 = ADVANCED_FACE('',(#7462),#7473,.T.);
#7462 = FACE_BOUND('',#7463,.T.);
#7463 = EDGE_LOOP('',(#7464,#7465,#7466,#7467));
#7464 = ORIENTED_EDGE('',*,*,#7441,.F.);
#7465 = ORIENTED_EDGE('',*,*,#6818,.F.);
#7466 = ORIENTED_EDGE('',*,*,#7417,.T.);
#7467 = ORIENTED_EDGE('',*,*,#7468,.T.);
#7468 = EDGE_CURVE('',#7418,#7442,#7469,.T.);
#7469 = LINE('',#7470,#7471);
#7470 = CARTESIAN_POINT('',(5.,39.5,4.));
#7471 = VECTOR('',#7472,1.);
#7472 = DIRECTION('',(0.,1.,0.));
#7473 = PLANE('',#7474);
#7474 = AXIS2_PLACEMENT_3D('',#7475,#7476,#7477);
#7475 = CARTESIAN_POINT('',(0.,39.5,4.));
#7476 = DIRECTION('',(0.,0.,1.));
#7477 = DIRECTION('',(1.,0.,0.));
#7478 = ADVANCED_FACE('',(#7479),#7504,.F.);
#7479 = FACE_BOUND('',#7480,.F.);
#7480 = EDGE_LOOP('',(#7481,#7489,#7490,#7498));
#7481 = ORIENTED_EDGE('',*,*,#7482,.F.);
#7482 = EDGE_CURVE('',#6837,#7483,#7485,.T.);
#7483 = VERTEX_POINT('',#7484);
#7484 = CARTESIAN_POINT('',(5.,47.5,7.));
#7485 = LINE('',#7486,#7487);
#7486 = CARTESIAN_POINT('',(0.,47.5,7.));
#7487 = VECTOR('',#7488,1.);
#7488 = DIRECTION('',(1.,0.,0.));
#7489 = ORIENTED_EDGE('',*,*,#6834,.F.);
#7490 = ORIENTED_EDGE('',*,*,#7491,.T.);
#7491 = EDGE_CURVE('',#6835,#7492,#7494,.T.);
#7492 = VERTEX_POINT('',#7493);
#7493 = CARTESIAN_POINT('',(5.,44.5,7.));
#7494 = LINE('',#7495,#7496);
#7495 = CARTESIAN_POINT('',(0.,44.5,7.));
#7496 = VECTOR('',#7497,1.);
#7497 = DIRECTION('',(1.,0.,0.));
#7498 = ORIENTED_EDGE('',*,*,#7499,.T.);
#7499 = EDGE_CURVE('',#7492,#7483,#7500,.T.);
#7500 = LINE('',#7501,#7502);
#7501 = CARTESIAN_POINT('',(5.,44.5,7.));
#7502 = VECTOR('',#7503,1.);
#7503 = DIRECTION('',(0.,1.,0.));
#7504 = PLANE('',#7505);
#7505 = AXIS2_PLACEMENT_3D('',#7506,#7507,#7508);
#7506 = CARTESIAN_POINT('',(0.,44.5,7.));
#7507 = DIRECTION('',(0.,0.,1.));
#7508 = DIRECTION('',(1.,0.,0.));
#7509 = ADVANCED_FACE('',(#7510),#7528,.T.);
#7510 = FACE_BOUND('',#7511,.T.);
#7511 = EDGE_LOOP('',(#7512,#7520,#7521,#7522));
#7512 = ORIENTED_EDGE('',*,*,#7513,.F.);
#7513 = EDGE_CURVE('',#6845,#7514,#7516,.T.);
#7514 = VERTEX_POINT('',#7515);
#7515 = CARTESIAN_POINT('',(5.,44.5,4.));
#7516 = LINE('',#7517,#7518);
#7517 = CARTESIAN_POINT('',(0.,44.5,4.));
#7518 = VECTOR('',#7519,1.);
#7519 = DIRECTION('',(1.,0.,0.));
#7520 = ORIENTED_EDGE('',*,*,#6844,.F.);
#7521 = ORIENTED_EDGE('',*,*,#7491,.T.);
#7522 = ORIENTED_EDGE('',*,*,#7523,.F.);
#7523 = EDGE_CURVE('',#7514,#7492,#7524,.T.);
#7524 = LINE('',#7525,#7526);
#7525 = CARTESIAN_POINT('',(5.,44.5,4.));
#7526 = VECTOR('',#7527,1.);
#7527 = DIRECTION('',(0.,0.,1.));
#7528 = PLANE('',#7529);
#7529 = AXIS2_PLACEMENT_3D('',#7530,#7531,#7532);
#7530 = CARTESIAN_POINT('',(0.,44.5,4.));
#7531 = DIRECTION('',(0.,1.,0.));
#7532 = DIRECTION('',(0.,0.,1.));
#7533 = ADVANCED_FACE('',(#7534),#7552,.F.);
#7534 = FACE_BOUND('',#7535,.F.);
#7535 = EDGE_LOOP('',(#7536,#7544,#7545,#7546));
#7536 = ORIENTED_EDGE('',*,*,#7537,.F.);
#7537 = EDGE_CURVE('',#6853,#7538,#7540,.T.);
#7538 = VERTEX_POINT('',#7539);
#7539 = CARTESIAN_POINT('',(5.,47.5,4.));
#7540 = LINE('',#7541,#7542);
#7541 = CARTESIAN_POINT('',(0.,47.5,4.));
#7542 = VECTOR('',#7543,1.);
#7543 = DIRECTION('',(1.,0.,0.));
#7544 = ORIENTED_EDGE('',*,*,#6860,.F.);
#7545 = ORIENTED_EDGE('',*,*,#7482,.T.);
#7546 = ORIENTED_EDGE('',*,*,#7547,.F.);
#7547 = EDGE_CURVE('',#7538,#7483,#7548,.T.);
#7548 = LINE('',#7549,#7550);
#7549 = CARTESIAN_POINT('',(5.,47.5,4.));
#7550 = VECTOR('',#7551,1.);
#7551 = DIRECTION('',(0.,0.,1.));
#7552 = PLANE('',#7553);
#7553 = AXIS2_PLACEMENT_3D('',#7554,#7555,#7556);
#7554 = CARTESIAN_POINT('',(0.,47.5,4.));
#7555 = DIRECTION('',(0.,1.,0.));
#7556 = DIRECTION('',(0.,0.,1.));
#7557 = ADVANCED_FACE('',(#7558),#7569,.T.);
#7558 = FACE_BOUND('',#7559,.T.);
#7559 = EDGE_LOOP('',(#7560,#7561,#7562,#7563));
#7560 = ORIENTED_EDGE('',*,*,#7537,.F.);
#7561 = ORIENTED_EDGE('',*,*,#6852,.F.);
#7562 = ORIENTED_EDGE('',*,*,#7513,.T.);
#7563 = ORIENTED_EDGE('',*,*,#7564,.T.);
#7564 = EDGE_CURVE('',#7514,#7538,#7565,.T.);
#7565 = LINE('',#7566,#7567);
#7566 = CARTESIAN_POINT('',(5.,44.5,4.));
#7567 = VECTOR('',#7568,1.);
#7568 = DIRECTION('',(0.,1.,0.));
#7569 = PLANE('',#7570);
#7570 = AXIS2_PLACEMENT_3D('',#7571,#7572,#7573);
#7571 = CARTESIAN_POINT('',(0.,44.5,4.));
#7572 = DIRECTION('',(0.,0.,1.));
#7573 = DIRECTION('',(1.,0.,0.));
#7574 = ADVANCED_FACE('',(#7575),#7586,.T.);
#7575 = FACE_BOUND('',#7576,.T.);
#7576 = EDGE_LOOP('',(#7577,#7583,#7584,#7585));
#7577 = ORIENTED_EDGE('',*,*,#7578,.T.);
#7578 = EDGE_CURVE('',#6923,#6963,#7579,.T.);
#7579 = LINE('',#7580,#7581);
#7580 = CARTESIAN_POINT('',(14.9148448,49.,7.827105));
#7581 = VECTOR('',#7582,1.);
#7582 = DIRECTION('',(0.,-1.,2.2E-16));
#7583 = ORIENTED_EDGE('',*,*,#6970,.T.);
#7584 = ORIENTED_EDGE('',*,*,#6874,.F.);
#7585 = ORIENTED_EDGE('',*,*,#6930,.F.);
#7586 = PLANE('',#7587);
#7587 = AXIS2_PLACEMENT_3D('',#7588,#7589,#7590);
#7588 = CARTESIAN_POINT('',(14.9148448,49.,7.827105));
#7589 = DIRECTION('',(1.,0.,0.));
#7590 = DIRECTION('',(0.,-2.2E-16,-1.));
#7591 = ADVANCED_FACE('',(#7592,#7603,#7614,#7625,#7636,#7647,#7658),
  #7669,.T.);
#7592 = FACE_BOUND('',#7593,.T.);
#7593 = EDGE_LOOP('',(#7594,#7595,#7596,#7602));
#7594 = ORIENTED_EDGE('',*,*,#6987,.T.);
#7595 = ORIENTED_EDGE('',*,*,#6954,.T.);
#7596 = ORIENTED_EDGE('',*,*,#7597,.F.);
#7597 = EDGE_CURVE('',#6915,#6955,#7598,.T.);
#7598 = LINE('',#7599,#7600);
#7599 = CARTESIAN_POINT('',(13.7678008,49.,16.549143));
#7600 = VECTOR('',#7601,1.);
#7601 = DIRECTION('',(0.,-1.,2.2E-16));
#7602 = ORIENTED_EDGE('',*,*,#6914,.F.);
#7603 = FACE_BOUND('',#7604,.T.);
#7604 = EDGE_LOOP('',(#7605));
#7605 = ORIENTED_EDGE('',*,*,#7606,.T.);
#7606 = EDGE_CURVE('',#7607,#7607,#7609,.T.);
#7607 = VERTEX_POINT('',#7608);
#7608 = CARTESIAN_POINT('',(11.,21.,16.549143));
#7609 = CIRCLE('',#7610,2.);
#7610 = AXIS2_PLACEMENT_3D('',#7611,#7612,#7613);
#7611 = CARTESIAN_POINT('',(9.,21.,16.549143));
#7612 = DIRECTION('',(0.,0.,-1.));
#7613 = DIRECTION('',(1.,0.,0.));
#7614 = FACE_BOUND('',#7615,.T.);
#7615 = EDGE_LOOP('',(#7616));
#7616 = ORIENTED_EDGE('',*,*,#7617,.T.);
#7617 = EDGE_CURVE('',#7618,#7618,#7620,.T.);
#7618 = VERTEX_POINT('',#7619);
#7619 = CARTESIAN_POINT('',(11.,26.,16.549143));
#7620 = CIRCLE('',#7621,2.);
#7621 = AXIS2_PLACEMENT_3D('',#7622,#7623,#7624);
#7622 = CARTESIAN_POINT('',(9.,26.,16.549143));
#7623 = DIRECTION('',(0.,0.,-1.));
#7624 = DIRECTION('',(1.,0.,0.));
#7625 = FACE_BOUND('',#7626,.T.);
#7626 = EDGE_LOOP('',(#7627));
#7627 = ORIENTED_EDGE('',*,*,#7628,.T.);
#7628 = EDGE_CURVE('',#7629,#7629,#7631,.T.);
#7629 = VERTEX_POINT('',#7630);
#7630 = CARTESIAN_POINT('',(11.,31.,16.549143));
#7631 = CIRCLE('',#7632,2.);
#7632 = AXIS2_PLACEMENT_3D('',#7633,#7634,#7635);
#7633 = CARTESIAN_POINT('',(9.,31.,16.549143));
#7634 = DIRECTION('',(0.,0.,-1.));
#7635 = DIRECTION('',(1.,0.,0.));
#7636 = FACE_BOUND('',#7637,.T.);
#7637 = EDGE_LOOP('',(#7638));
#7638 = ORIENTED_EDGE('',*,*,#7639,.T.);
#7639 = EDGE_CURVE('',#7640,#7640,#7642,.T.);
#7640 = VERTEX_POINT('',#7641);
#7641 = CARTESIAN_POINT('',(11.,36.,16.549143));
#7642 = CIRCLE('',#7643,2.);
#7643 = AXIS2_PLACEMENT_3D('',#7644,#7645,#7646);
#7644 = CARTESIAN_POINT('',(9.,36.,16.549143));
#7645 = DIRECTION('',(0.,0.,-1.));
#7646 = DIRECTION('',(1.,0.,0.));
#7647 = FACE_BOUND('',#7648,.T.);
#7648 = EDGE_LOOP('',(#7649));
#7649 = ORIENTED_EDGE('',*,*,#7650,.T.);
#7650 = EDGE_CURVE('',#7651,#7651,#7653,.T.);
#7651 = VERTEX_POINT('',#7652);
#7652 = CARTESIAN_POINT('',(11.,41.,16.549143));
#7653 = CIRCLE('',#7654,2.);
#7654 = AXIS2_PLACEMENT_3D('',#7655,#7656,#7657);
#7655 = CARTESIAN_POINT('',(9.,41.,16.549143));
#7656 = DIRECTION('',(0.,0.,-1.));
#7657 = DIRECTION('',(1.,0.,0.));
#7658 = FACE_BOUND('',#7659,.T.);
#7659 = EDGE_LOOP('',(#7660));
#7660 = ORIENTED_EDGE('',*,*,#7661,.T.);
#7661 = EDGE_CURVE('',#7662,#7662,#7664,.T.);
#7662 = VERTEX_POINT('',#7663);
#7663 = CARTESIAN_POINT('',(11.,46.,16.549143));
#7664 = CIRCLE('',#7665,2.);
#7665 = AXIS2_PLACEMENT_3D('',#7666,#7667,#7668);
#7666 = CARTESIAN_POINT('',(9.,46.,16.549143));
#7667 = DIRECTION('',(0.,0.,-1.));
#7668 = DIRECTION('',(1.,0.,0.));
#7669 = PLANE('',#7670);
#7670 = AXIS2_PLACEMENT_3D('',#7671,#7672,#7673);
#7671 = CARTESIAN_POINT('',(4.803536,49.,16.549143));
#7672 = DIRECTION('',(0.,2.2E-16,1.));
#7673 = DIRECTION('',(1.,0.,0.));
#7674 = ADVANCED_FACE('',(#7675),#7681,.T.);
#7675 = FACE_BOUND('',#7676,.T.);
#7676 = EDGE_LOOP('',(#7677,#7678,#7679,#7680));
#7677 = ORIENTED_EDGE('',*,*,#7597,.T.);
#7678 = ORIENTED_EDGE('',*,*,#6962,.T.);
#7679 = ORIENTED_EDGE('',*,*,#7578,.F.);
#7680 = ORIENTED_EDGE('',*,*,#6922,.F.);
#7681 = PLANE('',#7682);
#7682 = AXIS2_PLACEMENT_3D('',#7683,#7684,#7685);
#7683 = CARTESIAN_POINT('',(13.7678008,49.,16.549143));
#7684 = DIRECTION('',(0.991463005707,3.E-17,0.13038829823));
#7685 = DIRECTION('',(0.13038829823,-2.2E-16,-0.991463005707));
#7686 = ADVANCED_FACE('',(#7687),#7693,.F.);
#7687 = FACE_BOUND('',#7688,.F.);
#7688 = EDGE_LOOP('',(#7689,#7690,#7691,#7692));
#7689 = ORIENTED_EDGE('',*,*,#7084,.F.);
#7690 = ORIENTED_EDGE('',*,*,#7067,.T.);
#7691 = ORIENTED_EDGE('',*,*,#7043,.T.);
#7692 = ORIENTED_EDGE('',*,*,#7019,.F.);
#7693 = PLANE('',#7694);
#7694 = AXIS2_PLACEMENT_3D('',#7695,#7696,#7697);
#7695 = CARTESIAN_POINT('',(5.,19.7,4.));
#7696 = DIRECTION('',(1.,0.,0.));
#7697 = DIRECTION('',(0.,0.,1.));
#7698 = ADVANCED_FACE('',(#7699),#7705,.F.);
#7699 = FACE_BOUND('',#7700,.F.);
#7700 = EDGE_LOOP('',(#7701,#7702,#7703,#7704));
#7701 = ORIENTED_EDGE('',*,*,#7139,.F.);
#7702 = ORIENTED_EDGE('',*,*,#7180,.T.);
#7703 = ORIENTED_EDGE('',*,*,#7163,.T.);
#7704 = ORIENTED_EDGE('',*,*,#7115,.F.);
#7705 = PLANE('',#7706);
#7706 = AXIS2_PLACEMENT_3D('',#7707,#7708,#7709);
#7707 = CARTESIAN_POINT('',(5.,24.8,4.));
#7708 = DIRECTION('',(1.,0.,0.));
#7709 = DIRECTION('',(0.,0.,1.));
#7710 = ADVANCED_FACE('',(#7711),#7717,.F.);
#7711 = FACE_BOUND('',#7712,.F.);
#7712 = EDGE_LOOP('',(#7713,#7714,#7715,#7716));
#7713 = ORIENTED_EDGE('',*,*,#7235,.F.);
#7714 = ORIENTED_EDGE('',*,*,#7276,.T.);
#7715 = ORIENTED_EDGE('',*,*,#7259,.T.);
#7716 = ORIENTED_EDGE('',*,*,#7211,.F.);
#7717 = PLANE('',#7718);
#7718 = AXIS2_PLACEMENT_3D('',#7719,#7720,#7721);
#7719 = CARTESIAN_POINT('',(5.,29.8,4.));
#7720 = DIRECTION('',(1.,0.,0.));
#7721 = DIRECTION('',(0.,0.,1.));
#7722 = ADVANCED_FACE('',(#7723),#7729,.F.);
#7723 = FACE_BOUND('',#7724,.F.);
#7724 = EDGE_LOOP('',(#7725,#7726,#7727,#7728));
#7725 = ORIENTED_EDGE('',*,*,#7331,.F.);
#7726 = ORIENTED_EDGE('',*,*,#7372,.T.);
#7727 = ORIENTED_EDGE('',*,*,#7355,.T.);
#7728 = ORIENTED_EDGE('',*,*,#7307,.F.);
#7729 = PLANE('',#7730);
#7730 = AXIS2_PLACEMENT_3D('',#7731,#7732,#7733);
#7731 = CARTESIAN_POINT('',(5.,34.5,4.));
#7732 = DIRECTION('',(1.,0.,0.));
#7733 = DIRECTION('',(0.,0.,1.));
#7734 = ADVANCED_FACE('',(#7735),#7741,.F.);
#7735 = FACE_BOUND('',#7736,.F.);
#7736 = EDGE_LOOP('',(#7737,#7738,#7739,#7740));
#7737 = ORIENTED_EDGE('',*,*,#7427,.F.);
#7738 = ORIENTED_EDGE('',*,*,#7468,.T.);
#7739 = ORIENTED_EDGE('',*,*,#7451,.T.);
#7740 = ORIENTED_EDGE('',*,*,#7403,.F.);
#7741 = PLANE('',#7742);
#7742 = AXIS2_PLACEMENT_3D('',#7743,#7744,#7745);
#7743 = CARTESIAN_POINT('',(5.,39.5,4.));
#7744 = DIRECTION('',(1.,0.,0.));
#7745 = DIRECTION('',(0.,0.,1.));
#7746 = ADVANCED_FACE('',(#7747),#7753,.F.);
#7747 = FACE_BOUND('',#7748,.F.);
#7748 = EDGE_LOOP('',(#7749,#7750,#7751,#7752));
#7749 = ORIENTED_EDGE('',*,*,#7523,.F.);
#7750 = ORIENTED_EDGE('',*,*,#7564,.T.);
#7751 = ORIENTED_EDGE('',*,*,#7547,.T.);
#7752 = ORIENTED_EDGE('',*,*,#7499,.F.);
#7753 = PLANE('',#7754);
#7754 = AXIS2_PLACEMENT_3D('',#7755,#7756,#7757);
#7755 = CARTESIAN_POINT('',(5.,44.5,4.));
#7756 = DIRECTION('',(1.,0.,0.));
#7757 = DIRECTION('',(0.,0.,1.));
#7758 = ADVANCED_FACE('',(#7759),#7778,.F.);
#7759 = FACE_BOUND('',#7760,.T.);
#7760 = EDGE_LOOP('',(#7761,#7770,#7776,#7777));
#7761 = ORIENTED_EDGE('',*,*,#7762,.F.);
#7762 = EDGE_CURVE('',#7763,#7763,#7765,.T.);
#7763 = VERTEX_POINT('',#7764);
#7764 = CARTESIAN_POINT('',(11.,21.,16.));
#7765 = CIRCLE('',#7766,2.);
#7766 = AXIS2_PLACEMENT_3D('',#7767,#7768,#7769);
#7767 = CARTESIAN_POINT('',(9.,21.,16.));
#7768 = DIRECTION('',(0.,0.,1.));
#7769 = DIRECTION('',(1.,0.,0.));
#7770 = ORIENTED_EDGE('',*,*,#7771,.T.);
#7771 = EDGE_CURVE('',#7763,#7607,#7772,.T.);
#7772 = LINE('',#7773,#7774);
#7773 = CARTESIAN_POINT('',(11.,21.,16.));
#7774 = VECTOR('',#7775,1.);
#7775 = DIRECTION('',(0.,0.,1.));
#7776 = ORIENTED_EDGE('',*,*,#7606,.F.);
#7777 = ORIENTED_EDGE('',*,*,#7771,.F.);
#7778 = CYLINDRICAL_SURFACE('',#7779,2.);
#7779 = AXIS2_PLACEMENT_3D('',#7780,#7781,#7782);
#7780 = CARTESIAN_POINT('',(9.,21.,16.));
#7781 = DIRECTION('',(-0.,-0.,-1.));
#7782 = DIRECTION('',(1.,0.,0.));
#7783 = ADVANCED_FACE('',(#7784),#7803,.F.);
#7784 = FACE_BOUND('',#7785,.T.);
#7785 = EDGE_LOOP('',(#7786,#7795,#7801,#7802));
#7786 = ORIENTED_EDGE('',*,*,#7787,.F.);
#7787 = EDGE_CURVE('',#7788,#7788,#7790,.T.);
#7788 = VERTEX_POINT('',#7789);
#7789 = CARTESIAN_POINT('',(11.,26.,16.));
#7790 = CIRCLE('',#7791,2.);
#7791 = AXIS2_PLACEMENT_3D('',#7792,#7793,#7794);
#7792 = CARTESIAN_POINT('',(9.,26.,16.));
#7793 = DIRECTION('',(0.,0.,1.));
#7794 = DIRECTION('',(1.,0.,0.));
#7795 = ORIENTED_EDGE('',*,*,#7796,.T.);
#7796 = EDGE_CURVE('',#7788,#7618,#7797,.T.);
#7797 = LINE('',#7798,#7799);
#7798 = CARTESIAN_POINT('',(11.,26.,16.));
#7799 = VECTOR('',#7800,1.);
#7800 = DIRECTION('',(0.,0.,1.));
#7801 = ORIENTED_EDGE('',*,*,#7617,.F.);
#7802 = ORIENTED_EDGE('',*,*,#7796,.F.);
#7803 = CYLINDRICAL_SURFACE('',#7804,2.);
#7804 = AXIS2_PLACEMENT_3D('',#7805,#7806,#7807);
#7805 = CARTESIAN_POINT('',(9.,26.,16.));
#7806 = DIRECTION('',(-0.,-0.,-1.));
#7807 = DIRECTION('',(1.,0.,0.));
#7808 = ADVANCED_FACE('',(#7809),#7828,.F.);
#7809 = FACE_BOUND('',#7810,.T.);
#7810 = EDGE_LOOP('',(#7811,#7820,#7826,#7827));
#7811 = ORIENTED_EDGE('',*,*,#7812,.F.);
#7812 = EDGE_CURVE('',#7813,#7813,#7815,.T.);
#7813 = VERTEX_POINT('',#7814);
#7814 = CARTESIAN_POINT('',(11.,31.,16.));
#7815 = CIRCLE('',#7816,2.);
#7816 = AXIS2_PLACEMENT_3D('',#7817,#7818,#7819);
#7817 = CARTESIAN_POINT('',(9.,31.,16.));
#7818 = DIRECTION('',(0.,0.,1.));
#7819 = DIRECTION('',(1.,0.,0.));
#7820 = ORIENTED_EDGE('',*,*,#7821,.T.);
#7821 = EDGE_CURVE('',#7813,#7629,#7822,.T.);
#7822 = LINE('',#7823,#7824);
#7823 = CARTESIAN_POINT('',(11.,31.,16.));
#7824 = VECTOR('',#7825,1.);
#7825 = DIRECTION('',(0.,0.,1.));
#7826 = ORIENTED_EDGE('',*,*,#7628,.F.);
#7827 = ORIENTED_EDGE('',*,*,#7821,.F.);
#7828 = CYLINDRICAL_SURFACE('',#7829,2.);
#7829 = AXIS2_PLACEMENT_3D('',#7830,#7831,#7832);
#7830 = CARTESIAN_POINT('',(9.,31.,16.));
#7831 = DIRECTION('',(-0.,-0.,-1.));
#7832 = DIRECTION('',(1.,0.,0.));
#7833 = ADVANCED_FACE('',(#7834),#7853,.F.);
#7834 = FACE_BOUND('',#7835,.T.);
#7835 = EDGE_LOOP('',(#7836,#7845,#7851,#7852));
#7836 = ORIENTED_EDGE('',*,*,#7837,.F.);
#7837 = EDGE_CURVE('',#7838,#7838,#7840,.T.);
#7838 = VERTEX_POINT('',#7839);
#7839 = CARTESIAN_POINT('',(11.,36.,16.));
#7840 = CIRCLE('',#7841,2.);
#7841 = AXIS2_PLACEMENT_3D('',#7842,#7843,#7844);
#7842 = CARTESIAN_POINT('',(9.,36.,16.));
#7843 = DIRECTION('',(0.,0.,1.));
#7844 = DIRECTION('',(1.,0.,0.));
#7845 = ORIENTED_EDGE('',*,*,#7846,.T.);
#7846 = EDGE_CURVE('',#7838,#7640,#7847,.T.);
#7847 = LINE('',#7848,#7849);
#7848 = CARTESIAN_POINT('',(11.,36.,16.));
#7849 = VECTOR('',#7850,1.);
#7850 = DIRECTION('',(0.,0.,1.));
#7851 = ORIENTED_EDGE('',*,*,#7639,.F.);
#7852 = ORIENTED_EDGE('',*,*,#7846,.F.);
#7853 = CYLINDRICAL_SURFACE('',#7854,2.);
#7854 = AXIS2_PLACEMENT_3D('',#7855,#7856,#7857);
#7855 = CARTESIAN_POINT('',(9.,36.,16.));
#7856 = DIRECTION('',(-0.,-0.,-1.));
#7857 = DIRECTION('',(1.,0.,0.));
#7858 = ADVANCED_FACE('',(#7859),#7878,.F.);
#7859 = FACE_BOUND('',#7860,.T.);
#7860 = EDGE_LOOP('',(#7861,#7870,#7876,#7877));
#7861 = ORIENTED_EDGE('',*,*,#7862,.F.);
#7862 = EDGE_CURVE('',#7863,#7863,#7865,.T.);
#7863 = VERTEX_POINT('',#7864);
#7864 = CARTESIAN_POINT('',(11.,41.,16.));
#7865 = CIRCLE('',#7866,2.);
#7866 = AXIS2_PLACEMENT_3D('',#7867,#7868,#7869);
#7867 = CARTESIAN_POINT('',(9.,41.,16.));
#7868 = DIRECTION('',(0.,0.,1.));
#7869 = DIRECTION('',(1.,0.,0.));
#7870 = ORIENTED_EDGE('',*,*,#7871,.T.);
#7871 = EDGE_CURVE('',#7863,#7651,#7872,.T.);
#7872 = LINE('',#7873,#7874);
#7873 = CARTESIAN_POINT('',(11.,41.,16.));
#7874 = VECTOR('',#7875,1.);
#7875 = DIRECTION('',(0.,0.,1.));
#7876 = ORIENTED_EDGE('',*,*,#7650,.F.);
#7877 = ORIENTED_EDGE('',*,*,#7871,.F.);
#7878 = CYLINDRICAL_SURFACE('',#7879,2.);
#7879 = AXIS2_PLACEMENT_3D('',#7880,#7881,#7882);
#7880 = CARTESIAN_POINT('',(9.,41.,16.));
#7881 = DIRECTION('',(-0.,-0.,-1.));
#7882 = DIRECTION('',(1.,0.,0.));
#7883 = ADVANCED_FACE('',(#7884),#7903,.F.);
#7884 = FACE_BOUND('',#7885,.T.);
#7885 = EDGE_LOOP('',(#7886,#7895,#7901,#7902));
#7886 = ORIENTED_EDGE('',*,*,#7887,.F.);
#7887 = EDGE_CURVE('',#7888,#7888,#7890,.T.);
#7888 = VERTEX_POINT('',#7889);
#7889 = CARTESIAN_POINT('',(11.,46.,16.));
#7890 = CIRCLE('',#7891,2.);
#7891 = AXIS2_PLACEMENT_3D('',#7892,#7893,#7894);
#7892 = CARTESIAN_POINT('',(9.,46.,16.));
#7893 = DIRECTION('',(0.,0.,1.));
#7894 = DIRECTION('',(1.,0.,0.));
#7895 = ORIENTED_EDGE('',*,*,#7896,.T.);
#7896 = EDGE_CURVE('',#7888,#7662,#7897,.T.);
#7897 = LINE('',#7898,#7899);
#7898 = CARTESIAN_POINT('',(11.,46.,16.));
#7899 = VECTOR('',#7900,1.);
#7900 = DIRECTION('',(0.,0.,1.));
#7901 = ORIENTED_EDGE('',*,*,#7661,.F.);
#7902 = ORIENTED_EDGE('',*,*,#7896,.F.);
#7903 = CYLINDRICAL_SURFACE('',#7904,2.);
#7904 = AXIS2_PLACEMENT_3D('',#7905,#7906,#7907);
#7905 = CARTESIAN_POINT('',(9.,46.,16.));
#7906 = DIRECTION('',(-0.,-0.,-1.));
#7907 = DIRECTION('',(1.,0.,0.));
#7908 = ADVANCED_FACE('',(#7909),#7912,.T.);
#7909 = FACE_BOUND('',#7910,.F.);
#7910 = EDGE_LOOP('',(#7911));
#7911 = ORIENTED_EDGE('',*,*,#7762,.F.);
#7912 = PLANE('',#7913);
#7913 = AXIS2_PLACEMENT_3D('',#7914,#7915,#7916);
#7914 = CARTESIAN_POINT('',(9.,21.,16.));
#7915 = DIRECTION('',(0.,0.,1.));
#7916 = DIRECTION('',(1.,0.,0.));
#7917 = ADVANCED_FACE('',(#7918),#7921,.T.);
#7918 = FACE_BOUND('',#7919,.F.);
#7919 = EDGE_LOOP('',(#7920));
#7920 = ORIENTED_EDGE('',*,*,#7787,.F.);
#7921 = PLANE('',#7922);
#7922 = AXIS2_PLACEMENT_3D('',#7923,#7924,#7925);
#7923 = CARTESIAN_POINT('',(9.,26.,16.));
#7924 = DIRECTION('',(0.,0.,1.));
#7925 = DIRECTION('',(1.,0.,0.));
#7926 = ADVANCED_FACE('',(#7927),#7930,.T.);
#7927 = FACE_BOUND('',#7928,.F.);
#7928 = EDGE_LOOP('',(#7929));
#7929 = ORIENTED_EDGE('',*,*,#7812,.F.);
#7930 = PLANE('',#7931);
#7931 = AXIS2_PLACEMENT_3D('',#7932,#7933,#7934);
#7932 = CARTESIAN_POINT('',(9.,31.,16.));
#7933 = DIRECTION('',(0.,0.,1.));
#7934 = DIRECTION('',(1.,0.,0.));
#7935 = ADVANCED_FACE('',(#7936),#7939,.T.);
#7936 = FACE_BOUND('',#7937,.F.);
#7937 = EDGE_LOOP('',(#7938));
#7938 = ORIENTED_EDGE('',*,*,#7837,.F.);
#7939 = PLANE('',#7940);
#7940 = AXIS2_PLACEMENT_3D('',#7941,#7942,#7943);
#7941 = CARTESIAN_POINT('',(9.,36.,16.));
#7942 = DIRECTION('',(0.,0.,1.));
#7943 = DIRECTION('',(1.,0.,0.));
#7944 = ADVANCED_FACE('',(#7945),#7948,.T.);
#7945 = FACE_BOUND('',#7946,.F.);
#7946 = EDGE_LOOP('',(#7947));
#7947 = ORIENTED_EDGE('',*,*,#7862,.F.);
#7948 = PLANE('',#7949);
#7949 = AXIS2_PLACEMENT_3D('',#7950,#7951,#7952);
#7950 = CARTESIAN_POINT('',(9.,41.,16.));
#7951 = DIRECTION('',(0.,0.,1.));
#7952 = DIRECTION('',(1.,0.,0.));
#7953 = ADVANCED_FACE('',(#7954),#7957,.T.);
#7954 = FACE_BOUND('',#7955,.F.);
#7955 = EDGE_LOOP('',(#7956));
#7956 = ORIENTED_EDGE('',*,*,#7887,.F.);
#7957 = PLANE('',#7958);
#7958 = AXIS2_PLACEMENT_3D('',#7959,#7960,#7961);
#7959 = CARTESIAN_POINT('',(9.,46.,16.));
#7960 = DIRECTION('',(0.,0.,1.));
#7961 = DIRECTION('',(1.,0.,0.));
#7962 = ( GEOMETRIC_REPRESENTATION_CONTEXT(3) 
GLOBAL_UNCERTAINTY_ASSIGNED_CONTEXT((#7966)) 
GLOBAL_UNIT_ASSIGNED_CONTEXT((#7963,#7964,#7965)) REPRESENTATION_CONTEXT
('Context #1','3D Context with UNIT and UNCERTAINTY') );
#7963 = ( LENGTH_UNIT() NAMED_UNIT(*) SI_UNIT(.MILLI.,.METRE.) );
#7964 = ( NAMED_UNIT(*) PLANE_ANGLE_UNIT() SI_UNIT($,.RADIAN.) );
#7965 = ( NAMED_UNIT(*) SI_UNIT($,.STERADIAN.) SOLID_ANGLE_UNIT() );
#7966 = UNCERTAINTY_MEASURE_WITH_UNIT(LENGTH_MEASURE(5.E-06),#7963,
  'distance_accuracy_value','confusion accuracy');
#7967 = CONTEXT_DEPENDENT_SHAPE_REPRESENTATION(#7968,#7970);
#7968 = ( REPRESENTATION_RELATIONSHIP('','',#6623,#10) 
REPRESENTATION_RELATIONSHIP_WITH_TRANSFORMATION(#7969) 
SHAPE_REPRESENTATION_RELATIONSHIP() );
#7969 = ITEM_DEFINED_TRANSFORMATION('','',#11,#167);
#7970 = PRODUCT_DEFINITION_SHAPE('Placement','Placement of an item',
  #7971);
#7971 = NEXT_ASSEMBLY_USAGE_OCCURRENCE('39','Cut015','',#5,#6618,$);
#7972 = PRODUCT_RELATED_PRODUCT_CATEGORY('part',$,(#6620));
#7973 = SHAPE_DEFINITION_REPRESENTATION(#7974,#7980);
#7974 = PRODUCT_DEFINITION_SHAPE('','',#7975);
#7975 = PRODUCT_DEFINITION('design','',#7976,#7979);
#7976 = PRODUCT_DEFINITION_FORMATION('','',#7977);
#7977 = PRODUCT('Cylinder013','Cylinder013','',(#7978));
#7978 = PRODUCT_CONTEXT('',#2,'mechanical');
#7979 = PRODUCT_DEFINITION_CONTEXT('part definition',#2,'design');
#7980 = ADVANCED_BREP_SHAPE_REPRESENTATION('',(#11,#7981),#8034);
#7981 = MANIFOLD_SOLID_BREP('',#7982);
#7982 = CLOSED_SHELL('',(#7983,#8016,#8025));
#7983 = ADVANCED_FACE('',(#7984),#8011,.T.);
#7984 = FACE_BOUND('',#7985,.F.);
#7985 = EDGE_LOOP('',(#7986,#7996,#8003,#8004));
#7986 = ORIENTED_EDGE('',*,*,#7987,.T.);
#7987 = EDGE_CURVE('',#7988,#7990,#7992,.T.);
#7988 = VERTEX_POINT('',#7989);
#7989 = CARTESIAN_POINT('',(3.5,-1.E-15,0.));
#7990 = VERTEX_POINT('',#7991);
#7991 = CARTESIAN_POINT('',(3.5,-1.E-15,2.));
#7992 = LINE('',#7993,#7994);
#7993 = CARTESIAN_POINT('',(3.5,-8.6E-16,0.));
#7994 = VECTOR('',#7995,1.);
#7995 = DIRECTION('',(0.,0.,1.));
#7996 = ORIENTED_EDGE('',*,*,#7997,.T.);
#7997 = EDGE_CURVE('',#7990,#7990,#7998,.T.);
#7998 = CIRCLE('',#7999,3.5);
#7999 = AXIS2_PLACEMENT_3D('',#8000,#8001,#8002);
#8000 = CARTESIAN_POINT('',(0.,0.,2.));
#8001 = DIRECTION('',(0.,0.,1.));
#8002 = DIRECTION('',(1.,0.,0.));
#8003 = ORIENTED_EDGE('',*,*,#7987,.F.);
#8004 = ORIENTED_EDGE('',*,*,#8005,.F.);
#8005 = EDGE_CURVE('',#7988,#7988,#8006,.T.);
#8006 = CIRCLE('',#8007,3.5);
#8007 = AXIS2_PLACEMENT_3D('',#8008,#8009,#8010);
#8008 = CARTESIAN_POINT('',(0.,0.,0.));
#8009 = DIRECTION('',(0.,0.,1.));
#8010 = DIRECTION('',(1.,0.,-0.));
#8011 = CYLINDRICAL_SURFACE('',#8012,3.5);
#8012 = AXIS2_PLACEMENT_3D('',#8013,#8014,#8015);
#8013 = CARTESIAN_POINT('',(0.,0.,0.));
#8014 = DIRECTION('',(-0.,-0.,-1.));
#8015 = DIRECTION('',(1.,0.,-0.));
#8016 = ADVANCED_FACE('',(#8017),#8020,.F.);
#8017 = FACE_BOUND('',#8018,.T.);
#8018 = EDGE_LOOP('',(#8019));
#8019 = ORIENTED_EDGE('',*,*,#8005,.F.);
#8020 = PLANE('',#8021);
#8021 = AXIS2_PLACEMENT_3D('',#8022,#8023,#8024);
#8022 = CARTESIAN_POINT('',(0.,0.,0.));
#8023 = DIRECTION('',(0.,0.,1.));
#8024 = DIRECTION('',(1.,0.,-0.));
#8025 = ADVANCED_FACE('',(#8026),#8029,.T.);
#8026 = FACE_BOUND('',#8027,.F.);
#8027 = EDGE_LOOP('',(#8028));
#8028 = ORIENTED_EDGE('',*,*,#7997,.F.);
#8029 = PLANE('',#8030);
#8030 = AXIS2_PLACEMENT_3D('',#8031,#8032,#8033);
#8031 = CARTESIAN_POINT('',(0.,0.,2.));
#8032 = DIRECTION('',(0.,0.,1.));
#8033 = DIRECTION('',(1.,0.,0.));
#8034 = ( GEOMETRIC_REPRESENTATION_CONTEXT(3) 
GLOBAL_UNCERTAINTY_ASSIGNED_CONTEXT((#8038)) 
GLOBAL_UNIT_ASSIGNED_CONTEXT((#8035,#8036,#8037)) REPRESENTATION_CONTEXT
('Context #1','3D Context with UNIT and UNCERTAINTY') );
#8035 = ( LENGTH_UNIT() NAMED_UNIT(*) SI_UNIT(.MILLI.,.METRE.) );
#8036 = ( NAMED_UNIT(*) PLANE_ANGLE_UNIT() SI_UNIT($,.RADIAN.) );
#8037 = ( NAMED_UNIT(*) SI_UNIT($,.STERADIAN.) SOLID_ANGLE_UNIT() );
#8038 = UNCERTAINTY_MEASURE_WITH_UNIT(LENGTH_MEASURE(1.E-07),#8035,
  'distance_accuracy_value','confusion accuracy');
#8039 = CONTEXT_DEPENDENT_SHAPE_REPRESENTATION(#8040,#8042);
#8040 = ( REPRESENTATION_RELATIONSHIP('','',#7980,#10) 
REPRESENTATION_RELATIONSHIP_WITH_TRANSFORMATION(#8041) 
SHAPE_REPRESENTATION_RELATIONSHIP() );
#8041 = ITEM_DEFINED_TRANSFORMATION('','',#11,#171);
#8042 = PRODUCT_DEFINITION_SHAPE('Placement','Placement of an item',
  #8043);
#8043 = NEXT_ASSEMBLY_USAGE_OCCURRENCE('40','Cylinder013','',#5,#7975,$
  );
#8044 = PRODUCT_RELATED_PRODUCT_CATEGORY('part',$,(#7977));
#8045 = SHAPE_DEFINITION_REPRESENTATION(#8046,#8052);
#8046 = PRODUCT_DEFINITION_SHAPE('','',#8047);
#8047 = PRODUCT_DEFINITION('design','',#8048,#8051);
#8048 = PRODUCT_DEFINITION_FORMATION('','',#8049);
#8049 = PRODUCT('Cylinder014','Cylinder014','',(#8050));
#8050 = PRODUCT_CONTEXT('',#2,'mechanical');
#8051 = PRODUCT_DEFINITION_CONTEXT('part definition',#2,'design');
#8052 = ADVANCED_BREP_SHAPE_REPRESENTATION('',(#11,#8053),#8106);
#8053 = MANIFOLD_SOLID_BREP('',#8054);
#8054 = CLOSED_SHELL('',(#8055,#8088,#8097));
#8055 = ADVANCED_FACE('',(#8056),#8083,.T.);
#8056 = FACE_BOUND('',#8057,.F.);
#8057 = EDGE_LOOP('',(#8058,#8068,#8075,#8076));
#8058 = ORIENTED_EDGE('',*,*,#8059,.T.);
#8059 = EDGE_CURVE('',#8060,#8062,#8064,.T.);
#8060 = VERTEX_POINT('',#8061);
#8061 = CARTESIAN_POINT('',(3.5,-1.E-15,0.));
#8062 = VERTEX_POINT('',#8063);
#8063 = CARTESIAN_POINT('',(3.5,-1.E-15,2.));
#8064 = LINE('',#8065,#8066);
#8065 = CARTESIAN_POINT('',(3.5,-8.6E-16,0.));
#8066 = VECTOR('',#8067,1.);
#8067 = DIRECTION('',(0.,0.,1.));
#8068 = ORIENTED_EDGE('',*,*,#8069,.T.);
#8069 = EDGE_CURVE('',#8062,#8062,#8070,.T.);
#8070 = CIRCLE('',#8071,3.5);
#8071 = AXIS2_PLACEMENT_3D('',#8072,#8073,#8074);
#8072 = CARTESIAN_POINT('',(0.,0.,2.));
#8073 = DIRECTION('',(0.,0.,1.));
#8074 = DIRECTION('',(1.,0.,0.));
#8075 = ORIENTED_EDGE('',*,*,#8059,.F.);
#8076 = ORIENTED_EDGE('',*,*,#8077,.F.);
#8077 = EDGE_CURVE('',#8060,#8060,#8078,.T.);
#8078 = CIRCLE('',#8079,3.5);
#8079 = AXIS2_PLACEMENT_3D('',#8080,#8081,#8082);
#8080 = CARTESIAN_POINT('',(0.,0.,0.));
#8081 = DIRECTION('',(0.,0.,1.));
#8082 = DIRECTION('',(1.,0.,-0.));
#8083 = CYLINDRICAL_SURFACE('',#8084,3.5);
#8084 = AXIS2_PLACEMENT_3D('',#8085,#8086,#8087);
#8085 = CARTESIAN_POINT('',(0.,0.,0.));
#8086 = DIRECTION('',(-0.,-0.,-1.));
#8087 = DIRECTION('',(1.,0.,-0.));
#8088 = ADVANCED_FACE('',(#8089),#8092,.F.);
#8089 = FACE_BOUND('',#8090,.T.);
#8090 = EDGE_LOOP('',(#8091));
#8091 = ORIENTED_EDGE('',*,*,#8077,.F.);
#8092 = PLANE('',#8093);
#8093 = AXIS2_PLACEMENT_3D('',#8094,#8095,#8096);
#8094 = CARTESIAN_POINT('',(0.,0.,0.));
#8095 = DIRECTION('',(0.,0.,1.));
#8096 = DIRECTION('',(1.,0.,-0.));
#8097 = ADVANCED_FACE('',(#8098),#8101,.T.);
#8098 = FACE_BOUND('',#8099,.F.);
#8099 = EDGE_LOOP('',(#8100));
#8100 = ORIENTED_EDGE('',*,*,#8069,.F.);
#8101 = PLANE('',#8102);
#8102 = AXIS2_PLACEMENT_3D('',#8103,#8104,#8105);
#8103 = CARTESIAN_POINT('',(0.,0.,2.));
#8104 = DIRECTION('',(0.,0.,1.));
#8105 = DIRECTION('',(1.,0.,0.));
#8106 = ( GEOMETRIC_REPRESENTATION_CONTEXT(3) 
GLOBAL_UNCERTAINTY_ASSIGNED_CONTEXT((#8110)) 
GLOBAL_UNIT_ASSIGNED_CONTEXT((#8107,#8108,#8109)) REPRESENTATION_CONTEXT
('Context #1','3D Context with UNIT and UNCERTAINTY') );
#8107 = ( LENGTH_UNIT() NAMED_UNIT(*) SI_UNIT(.MILLI.,.METRE.) );
#8108 = ( NAMED_UNIT(*) PLANE_ANGLE_UNIT() SI_UNIT($,.RADIAN.) );
#8109 = ( NAMED_UNIT(*) SI_UNIT($,.STERADIAN.) SOLID_ANGLE_UNIT() );
#8110 = UNCERTAINTY_MEASURE_WITH_UNIT(LENGTH_MEASURE(1.E-07),#8107,
  'distance_accuracy_value','confusion accuracy');
#8111 = CONTEXT_DEPENDENT_SHAPE_REPRESENTATION(#8112,#8114);
#8112 = ( REPRESENTATION_RELATIONSHIP('','',#8052,#10) 
REPRESENTATION_RELATIONSHIP_WITH_TRANSFORMATION(#8113) 
SHAPE_REPRESENTATION_RELATIONSHIP() );
#8113 = ITEM_DEFINED_TRANSFORMATION('','',#11,#175);
#8114 = PRODUCT_DEFINITION_SHAPE('Placement','Placement of an item',
  #8115);
#8115 = NEXT_ASSEMBLY_USAGE_OCCURRENCE('41','Cylinder014','',#5,#8047,$
  );
#8116 = PRODUCT_RELATED_PRODUCT_CATEGORY('part',$,(#8049));
#8117 = SHAPE_DEFINITION_REPRESENTATION(#8118,#8124);
#8118 = PRODUCT_DEFINITION_SHAPE('','',#8119);
#8119 = PRODUCT_DEFINITION('design','',#8120,#8123);
#8120 = PRODUCT_DEFINITION_FORMATION('','',#8121);
#8121 = PRODUCT('Cube041','Cube041','',(#8122));
#8122 = PRODUCT_CONTEXT('',#2,'mechanical');
#8123 = PRODUCT_DEFINITION_CONTEXT('part definition',#2,'design');
#8124 = ADVANCED_BREP_SHAPE_REPRESENTATION('',(#11,#8125),#8275);
#8125 = MANIFOLD_SOLID_BREP('',#8126);
#8126 = CLOSED_SHELL('',(#8127,#8167,#8207,#8229,#8251,#8263));
#8127 = ADVANCED_FACE('',(#8128),#8162,.F.);
#8128 = FACE_BOUND('',#8129,.F.);
#8129 = EDGE_LOOP('',(#8130,#8140,#8148,#8156));
#8130 = ORIENTED_EDGE('',*,*,#8131,.F.);
#8131 = EDGE_CURVE('',#8132,#8134,#8136,.T.);
#8132 = VERTEX_POINT('',#8133);
#8133 = CARTESIAN_POINT('',(0.,0.,0.));
#8134 = VERTEX_POINT('',#8135);
#8135 = CARTESIAN_POINT('',(0.,0.,2.));
#8136 = LINE('',#8137,#8138);
#8137 = CARTESIAN_POINT('',(0.,0.,0.));
#8138 = VECTOR('',#8139,1.);
#8139 = DIRECTION('',(0.,0.,1.));
#8140 = ORIENTED_EDGE('',*,*,#8141,.T.);
#8141 = EDGE_CURVE('',#8132,#8142,#8144,.T.);
#8142 = VERTEX_POINT('',#8143);
#8143 = CARTESIAN_POINT('',(0.,15.,0.));
#8144 = LINE('',#8145,#8146);
#8145 = CARTESIAN_POINT('',(0.,0.,0.));
#8146 = VECTOR('',#8147,1.);
#8147 = DIRECTION('',(-0.,1.,0.));
#8148 = ORIENTED_EDGE('',*,*,#8149,.T.);
#8149 = EDGE_CURVE('',#8142,#8150,#8152,.T.);
#8150 = VERTEX_POINT('',#8151);
#8151 = CARTESIAN_POINT('',(0.,15.,2.));
#8152 = LINE('',#8153,#8154);
#8153 = CARTESIAN_POINT('',(0.,15.,0.));
#8154 = VECTOR('',#8155,1.);
#8155 = DIRECTION('',(0.,0.,1.));
#8156 = ORIENTED_EDGE('',*,*,#8157,.F.);
#8157 = EDGE_CURVE('',#8134,#8150,#8158,.T.);
#8158 = LINE('',#8159,#8160);
#8159 = CARTESIAN_POINT('',(0.,0.,2.));
#8160 = VECTOR('',#8161,1.);
#8161 = DIRECTION('',(-0.,1.,0.));
#8162 = PLANE('',#8163);
#8163 = AXIS2_PLACEMENT_3D('',#8164,#8165,#8166);
#8164 = CARTESIAN_POINT('',(0.,0.,0.));
#8165 = DIRECTION('',(1.,0.,-0.));
#8166 = DIRECTION('',(0.,0.,1.));
#8167 = ADVANCED_FACE('',(#8168),#8202,.T.);
#8168 = FACE_BOUND('',#8169,.T.);
#8169 = EDGE_LOOP('',(#8170,#8180,#8188,#8196));
#8170 = ORIENTED_EDGE('',*,*,#8171,.F.);
#8171 = EDGE_CURVE('',#8172,#8174,#8176,.T.);
#8172 = VERTEX_POINT('',#8173);
#8173 = CARTESIAN_POINT('',(5.,0.,0.));
#8174 = VERTEX_POINT('',#8175);
#8175 = CARTESIAN_POINT('',(5.,0.,2.));
#8176 = LINE('',#8177,#8178);
#8177 = CARTESIAN_POINT('',(5.,0.,0.));
#8178 = VECTOR('',#8179,1.);
#8179 = DIRECTION('',(0.,0.,1.));
#8180 = ORIENTED_EDGE('',*,*,#8181,.T.);
#8181 = EDGE_CURVE('',#8172,#8182,#8184,.T.);
#8182 = VERTEX_POINT('',#8183);
#8183 = CARTESIAN_POINT('',(5.,15.,0.));
#8184 = LINE('',#8185,#8186);
#8185 = CARTESIAN_POINT('',(5.,0.,0.));
#8186 = VECTOR('',#8187,1.);
#8187 = DIRECTION('',(-0.,1.,0.));
#8188 = ORIENTED_EDGE('',*,*,#8189,.T.);
#8189 = EDGE_CURVE('',#8182,#8190,#8192,.T.);
#8190 = VERTEX_POINT('',#8191);
#8191 = CARTESIAN_POINT('',(5.,15.,2.));
#8192 = LINE('',#8193,#8194);
#8193 = CARTESIAN_POINT('',(5.,15.,0.));
#8194 = VECTOR('',#8195,1.);
#8195 = DIRECTION('',(0.,0.,1.));
#8196 = ORIENTED_EDGE('',*,*,#8197,.F.);
#8197 = EDGE_CURVE('',#8174,#8190,#8198,.T.);
#8198 = LINE('',#8199,#8200);
#8199 = CARTESIAN_POINT('',(5.,0.,2.));
#8200 = VECTOR('',#8201,1.);
#8201 = DIRECTION('',(-0.,1.,0.));
#8202 = PLANE('',#8203);
#8203 = AXIS2_PLACEMENT_3D('',#8204,#8205,#8206);
#8204 = CARTESIAN_POINT('',(5.,0.,0.));
#8205 = DIRECTION('',(1.,0.,-0.));
#8206 = DIRECTION('',(0.,0.,1.));
#8207 = ADVANCED_FACE('',(#8208),#8224,.F.);
#8208 = FACE_BOUND('',#8209,.F.);
#8209 = EDGE_LOOP('',(#8210,#8216,#8217,#8223));
#8210 = ORIENTED_EDGE('',*,*,#8211,.F.);
#8211 = EDGE_CURVE('',#8132,#8172,#8212,.T.);
#8212 = LINE('',#8213,#8214);
#8213 = CARTESIAN_POINT('',(0.,0.,0.));
#8214 = VECTOR('',#8215,1.);
#8215 = DIRECTION('',(1.,0.,-0.));
#8216 = ORIENTED_EDGE('',*,*,#8131,.T.);
#8217 = ORIENTED_EDGE('',*,*,#8218,.T.);
#8218 = EDGE_CURVE('',#8134,#8174,#8219,.T.);
#8219 = LINE('',#8220,#8221);
#8220 = CARTESIAN_POINT('',(0.,0.,2.));
#8221 = VECTOR('',#8222,1.);
#8222 = DIRECTION('',(1.,0.,-0.));
#8223 = ORIENTED_EDGE('',*,*,#8171,.F.);
#8224 = PLANE('',#8225);
#8225 = AXIS2_PLACEMENT_3D('',#8226,#8227,#8228);
#8226 = CARTESIAN_POINT('',(0.,0.,0.));
#8227 = DIRECTION('',(-0.,1.,0.));
#8228 = DIRECTION('',(0.,0.,1.));
#8229 = ADVANCED_FACE('',(#8230),#8246,.T.);
#8230 = FACE_BOUND('',#8231,.T.);
#8231 = EDGE_LOOP('',(#8232,#8238,#8239,#8245));
#8232 = ORIENTED_EDGE('',*,*,#8233,.F.);
#8233 = EDGE_CURVE('',#8142,#8182,#8234,.T.);
#8234 = LINE('',#8235,#8236);
#8235 = CARTESIAN_POINT('',(0.,15.,0.));
#8236 = VECTOR('',#8237,1.);
#8237 = DIRECTION('',(1.,0.,-0.));
#8238 = ORIENTED_EDGE('',*,*,#8149,.T.);
#8239 = ORIENTED_EDGE('',*,*,#8240,.T.);
#8240 = EDGE_CURVE('',#8150,#8190,#8241,.T.);
#8241 = LINE('',#8242,#8243);
#8242 = CARTESIAN_POINT('',(0.,15.,2.));
#8243 = VECTOR('',#8244,1.);
#8244 = DIRECTION('',(1.,0.,-0.));
#8245 = ORIENTED_EDGE('',*,*,#8189,.F.);
#8246 = PLANE('',#8247);
#8247 = AXIS2_PLACEMENT_3D('',#8248,#8249,#8250);
#8248 = CARTESIAN_POINT('',(0.,15.,0.));
#8249 = DIRECTION('',(-0.,1.,0.));
#8250 = DIRECTION('',(0.,0.,1.));
#8251 = ADVANCED_FACE('',(#8252),#8258,.F.);
#8252 = FACE_BOUND('',#8253,.F.);
#8253 = EDGE_LOOP('',(#8254,#8255,#8256,#8257));
#8254 = ORIENTED_EDGE('',*,*,#8141,.F.);
#8255 = ORIENTED_EDGE('',*,*,#8211,.T.);
#8256 = ORIENTED_EDGE('',*,*,#8181,.T.);
#8257 = ORIENTED_EDGE('',*,*,#8233,.F.);
#8258 = PLANE('',#8259);
#8259 = AXIS2_PLACEMENT_3D('',#8260,#8261,#8262);
#8260 = CARTESIAN_POINT('',(0.,0.,0.));
#8261 = DIRECTION('',(0.,0.,1.));
#8262 = DIRECTION('',(1.,0.,-0.));
#8263 = ADVANCED_FACE('',(#8264),#8270,.T.);
#8264 = FACE_BOUND('',#8265,.T.);
#8265 = EDGE_LOOP('',(#8266,#8267,#8268,#8269));
#8266 = ORIENTED_EDGE('',*,*,#8157,.F.);
#8267 = ORIENTED_EDGE('',*,*,#8218,.T.);
#8268 = ORIENTED_EDGE('',*,*,#8197,.T.);
#8269 = ORIENTED_EDGE('',*,*,#8240,.F.);
#8270 = PLANE('',#8271);
#8271 = AXIS2_PLACEMENT_3D('',#8272,#8273,#8274);
#8272 = CARTESIAN_POINT('',(0.,0.,2.));
#8273 = DIRECTION('',(0.,0.,1.));
#8274 = DIRECTION('',(1.,0.,-0.));
#8275 = ( GEOMETRIC_REPRESENTATION_CONTEXT(3) 
GLOBAL_UNCERTAINTY_ASSIGNED_CONTEXT((#8279)) 
GLOBAL_UNIT_ASSIGNED_CONTEXT((#8276,#8277,#8278)) REPRESENTATION_CONTEXT
('Context #1','3D Context with UNIT and UNCERTAINTY') );
#8276 = ( LENGTH_UNIT() NAMED_UNIT(*) SI_UNIT(.MILLI.,.METRE.) );
#8277 = ( NAMED_UNIT(*) PLANE_ANGLE_UNIT() SI_UNIT($,.RADIAN.) );
#8278 = ( NAMED_UNIT(*) SI_UNIT($,.STERADIAN.) SOLID_ANGLE_UNIT() );
#8279 = UNCERTAINTY_MEASURE_WITH_UNIT(LENGTH_MEASURE(1.E-07),#8276,
  'distance_accuracy_value','confusion accuracy');
#8280 = CONTEXT_DEPENDENT_SHAPE_REPRESENTATION(#8281,#8283);
#8281 = ( REPRESENTATION_RELATIONSHIP('','',#8124,#10) 
REPRESENTATION_RELATIONSHIP_WITH_TRANSFORMATION(#8282) 
SHAPE_REPRESENTATION_RELATIONSHIP() );
#8282 = ITEM_DEFINED_TRANSFORMATION('','',#11,#179);
#8283 = PRODUCT_DEFINITION_SHAPE('Placement','Placement of an item',
  #8284);
#8284 = NEXT_ASSEMBLY_USAGE_OCCURRENCE('42','Cube041','',#5,#8119,$);
#8285 = PRODUCT_RELATED_PRODUCT_CATEGORY('part',$,(#8121));
#8286 = MECHANICAL_DESIGN_GEOMETRIC_PRESENTATION_REPRESENTATION('',(
    #8287),#3394);
#8287 = STYLED_ITEM('color',(#8288),#3244);
#8288 = PRESENTATION_STYLE_ASSIGNMENT((#8289,#8295));
#8289 = SURFACE_STYLE_USAGE(.BOTH.,#8290);
#8290 = SURFACE_SIDE_STYLE('',(#8291));
#8291 = SURFACE_STYLE_FILL_AREA(#8292);
#8292 = FILL_AREA_STYLE('',(#8293));
#8293 = FILL_AREA_STYLE_COLOUR('',#8294);
#8294 = COLOUR_RGB('',0.447058818107,0.474509808674,0.501960817233);
#8295 = CURVE_STYLE('',#8296,POSITIVE_LENGTH_MEASURE(0.1),#8297);
#8296 = DRAUGHTING_PRE_DEFINED_CURVE_FONT('continuous');
#8297 = COLOUR_RGB('',9.803921802644E-02,9.803921802644E-02,
  9.803921802644E-02);
#8298 = MECHANICAL_DESIGN_GEOMETRIC_PRESENTATION_REPRESENTATION('',(
    #8299),#1560);
#8299 = STYLED_ITEM('color',(#8300),#1410);
#8300 = PRESENTATION_STYLE_ASSIGNMENT((#8301,#8307));
#8301 = SURFACE_STYLE_USAGE(.BOTH.,#8302);
#8302 = SURFACE_SIDE_STYLE('',(#8303));
#8303 = SURFACE_STYLE_FILL_AREA(#8304);
#8304 = FILL_AREA_STYLE('',(#8305));
#8305 = FILL_AREA_STYLE_COLOUR('',#8306);
#8306 = DRAUGHTING_PRE_DEFINED_COLOUR('black');
#8307 = CURVE_STYLE('',#8308,POSITIVE_LENGTH_MEASURE(0.1),#8297);
#8308 = DRAUGHTING_PRE_DEFINED_CURVE_FONT('continuous');
#8309 = MECHANICAL_DESIGN_GEOMETRIC_PRESENTATION_REPRESENTATION('',(
    #8310),#1391);
#8310 = STYLED_ITEM('color',(#8311),#1241);
#8311 = PRESENTATION_STYLE_ASSIGNMENT((#8312,#8317));
#8312 = SURFACE_STYLE_USAGE(.BOTH.,#8313);
#8313 = SURFACE_SIDE_STYLE('',(#8314));
#8314 = SURFACE_STYLE_FILL_AREA(#8315);
#8315 = FILL_AREA_STYLE('',(#8316));
#8316 = FILL_AREA_STYLE_COLOUR('',#8306);
#8317 = CURVE_STYLE('',#8318,POSITIVE_LENGTH_MEASURE(0.1),#8297);
#8318 = DRAUGHTING_PRE_DEFINED_CURVE_FONT('continuous');
#8319 = MECHANICAL_DESIGN_GEOMETRIC_PRESENTATION_REPRESENTATION('',(
    #8320),#6436);
#8320 = STYLED_ITEM('color',(#8321),#6286);
#8321 = PRESENTATION_STYLE_ASSIGNMENT((#8322,#8327));
#8322 = SURFACE_STYLE_USAGE(.BOTH.,#8323);
#8323 = SURFACE_SIDE_STYLE('',(#8324));
#8324 = SURFACE_STYLE_FILL_AREA(#8325);
#8325 = FILL_AREA_STYLE('',(#8326));
#8326 = FILL_AREA_STYLE_COLOUR('',#8306);
#8327 = CURVE_STYLE('',#8328,POSITIVE_LENGTH_MEASURE(0.1),#8297);
#8328 = DRAUGHTING_PRE_DEFINED_CURVE_FONT('continuous');
#8329 = MECHANICAL_DESIGN_GEOMETRIC_PRESENTATION_REPRESENTATION('',(
    #8330),#347);
#8330 = STYLED_ITEM('color',(#8331),#197);
#8331 = PRESENTATION_STYLE_ASSIGNMENT((#8332,#8338));
#8332 = SURFACE_STYLE_USAGE(.BOTH.,#8333);
#8333 = SURFACE_SIDE_STYLE('',(#8334));
#8334 = SURFACE_STYLE_FILL_AREA(#8335);
#8335 = FILL_AREA_STYLE('',(#8336));
#8336 = FILL_AREA_STYLE_COLOUR('',#8337);
#8337 = COLOUR_RGB('',0.466666661095,0.462745104622,0.482352940689);
#8338 = CURVE_STYLE('',#8339,POSITIVE_LENGTH_MEASURE(0.1),#8297);
#8339 = DRAUGHTING_PRE_DEFINED_CURVE_FONT('continuous');
#8340 = MECHANICAL_DESIGN_GEOMETRIC_PRESENTATION_REPRESENTATION('',(
    #8341),#757);
#8341 = STYLED_ITEM('color',(#8342),#704);
#8342 = PRESENTATION_STYLE_ASSIGNMENT((#8343,#8348));
#8343 = SURFACE_STYLE_USAGE(.BOTH.,#8344);
#8344 = SURFACE_SIDE_STYLE('',(#8345));
#8345 = SURFACE_STYLE_FILL_AREA(#8346);
#8346 = FILL_AREA_STYLE('',(#8347));
#8347 = FILL_AREA_STYLE_COLOUR('',#8294);
#8348 = CURVE_STYLE('',#8349,POSITIVE_LENGTH_MEASURE(0.1),#8297);
#8349 = DRAUGHTING_PRE_DEFINED_CURVE_FONT('continuous');
#8350 = MECHANICAL_DESIGN_GEOMETRIC_PRESENTATION_REPRESENTATION('',(
    #8351),#2574);
#8351 = STYLED_ITEM('color',(#8352),#2424);
#8352 = PRESENTATION_STYLE_ASSIGNMENT((#8353,#8358));
#8353 = SURFACE_STYLE_USAGE(.BOTH.,#8354);
#8354 = SURFACE_SIDE_STYLE('',(#8355));
#8355 = SURFACE_STYLE_FILL_AREA(#8356);
#8356 = FILL_AREA_STYLE('',(#8357));
#8357 = FILL_AREA_STYLE_COLOUR('',#8306);
#8358 = CURVE_STYLE('',#8359,POSITIVE_LENGTH_MEASURE(0.1),#8297);
#8359 = DRAUGHTING_PRE_DEFINED_CURVE_FONT('continuous');
#8360 = MECHANICAL_DESIGN_GEOMETRIC_PRESENTATION_REPRESENTATION('',(
    #8361),#4915);
#8361 = STYLED_ITEM('color',(#8362),#4765);
#8362 = PRESENTATION_STYLE_ASSIGNMENT((#8363,#8368));
#8363 = SURFACE_STYLE_USAGE(.BOTH.,#8364);
#8364 = SURFACE_SIDE_STYLE('',(#8365));
#8365 = SURFACE_STYLE_FILL_AREA(#8366);
#8366 = FILL_AREA_STYLE('',(#8367));
#8367 = FILL_AREA_STYLE_COLOUR('',#8294);
#8368 = CURVE_STYLE('',#8369,POSITIVE_LENGTH_MEASURE(0.1),#8297);
#8369 = DRAUGHTING_PRE_DEFINED_CURVE_FONT('continuous');
#8370 = MECHANICAL_DESIGN_GEOMETRIC_PRESENTATION_REPRESENTATION('',(
    #8371),#4408);
#8371 = STYLED_ITEM('color',(#8372),#4258);
#8372 = PRESENTATION_STYLE_ASSIGNMENT((#8373,#8378));
#8373 = SURFACE_STYLE_USAGE(.BOTH.,#8374);
#8374 = SURFACE_SIDE_STYLE('',(#8375));
#8375 = SURFACE_STYLE_FILL_AREA(#8376);
#8376 = FILL_AREA_STYLE('',(#8377));
#8377 = FILL_AREA_STYLE_COLOUR('',#8294);
#8378 = CURVE_STYLE('',#8379,POSITIVE_LENGTH_MEASURE(0.1),#8297);
#8379 = DRAUGHTING_PRE_DEFINED_CURVE_FONT('continuous');
#8380 = MECHANICAL_DESIGN_GEOMETRIC_PRESENTATION_REPRESENTATION('',(
    #8381),#1222);
#8381 = STYLED_ITEM('color',(#8382),#776);
#8382 = PRESENTATION_STYLE_ASSIGNMENT((#8383,#8389));
#8383 = SURFACE_STYLE_USAGE(.BOTH.,#8384);
#8384 = SURFACE_SIDE_STYLE('',(#8385));
#8385 = SURFACE_STYLE_FILL_AREA(#8386);
#8386 = FILL_AREA_STYLE('',(#8387));
#8387 = FILL_AREA_STYLE_COLOUR('',#8388);
#8388 = COLOUR_RGB('',0.137254909518,0.278431382231,0.501960817233);
#8389 = CURVE_STYLE('',#8390,POSITIVE_LENGTH_MEASURE(0.1),#8297);
#8390 = DRAUGHTING_PRE_DEFINED_CURVE_FONT('continuous');
#8391 = MECHANICAL_DESIGN_GEOMETRIC_PRESENTATION_REPRESENTATION('',(
    #8392),#4577);
#8392 = STYLED_ITEM('color',(#8393),#4427);
#8393 = PRESENTATION_STYLE_ASSIGNMENT((#8394,#8399));
#8394 = SURFACE_STYLE_USAGE(.BOTH.,#8395);
#8395 = SURFACE_SIDE_STYLE('',(#8396));
#8396 = SURFACE_STYLE_FILL_AREA(#8397);
#8397 = FILL_AREA_STYLE('',(#8398));
#8398 = FILL_AREA_STYLE_COLOUR('',#8294);
#8399 = CURVE_STYLE('',#8400,POSITIVE_LENGTH_MEASURE(0.1),#8297);
#8400 = DRAUGHTING_PRE_DEFINED_CURVE_FONT('continuous');
#8401 = MECHANICAL_DESIGN_GEOMETRIC_PRESENTATION_REPRESENTATION('',(
    #8402),#5084);
#8402 = STYLED_ITEM('color',(#8403),#4934);
#8403 = PRESENTATION_STYLE_ASSIGNMENT((#8404,#8409));
#8404 = SURFACE_STYLE_USAGE(.BOTH.,#8405);
#8405 = SURFACE_SIDE_STYLE('',(#8406));
#8406 = SURFACE_STYLE_FILL_AREA(#8407);
#8407 = FILL_AREA_STYLE('',(#8408));
#8408 = FILL_AREA_STYLE_COLOUR('',#8294);
#8409 = CURVE_STYLE('',#8410,POSITIVE_LENGTH_MEASURE(0.1),#8297);
#8410 = DRAUGHTING_PRE_DEFINED_CURVE_FONT('continuous');
#8411 = MECHANICAL_DESIGN_GEOMETRIC_PRESENTATION_REPRESENTATION('',(
    #8412),#5929);
#8412 = STYLED_ITEM('color',(#8413),#5779);
#8413 = PRESENTATION_STYLE_ASSIGNMENT((#8414,#8419));
#8414 = SURFACE_STYLE_USAGE(.BOTH.,#8415);
#8415 = SURFACE_SIDE_STYLE('',(#8416));
#8416 = SURFACE_STYLE_FILL_AREA(#8417);
#8417 = FILL_AREA_STYLE('',(#8418));
#8418 = FILL_AREA_STYLE_COLOUR('',#8306);
#8419 = CURVE_STYLE('',#8420,POSITIVE_LENGTH_MEASURE(0.1),#8297);
#8420 = DRAUGHTING_PRE_DEFINED_CURVE_FONT('continuous');
#8421 = MECHANICAL_DESIGN_GEOMETRIC_PRESENTATION_REPRESENTATION('',(
    #8422),#3901);
#8422 = STYLED_ITEM('color',(#8423),#3751);
#8423 = PRESENTATION_STYLE_ASSIGNMENT((#8424,#8429));
#8424 = SURFACE_STYLE_USAGE(.BOTH.,#8425);
#8425 = SURFACE_SIDE_STYLE('',(#8426));
#8426 = SURFACE_STYLE_FILL_AREA(#8427);
#8427 = FILL_AREA_STYLE('',(#8428));
#8428 = FILL_AREA_STYLE_COLOUR('',#8294);
#8429 = CURVE_STYLE('',#8430,POSITIVE_LENGTH_MEASURE(0.1),#8297);
#8430 = DRAUGHTING_PRE_DEFINED_CURVE_FONT('continuous');
#8431 = MECHANICAL_DESIGN_GEOMETRIC_PRESENTATION_REPRESENTATION('',(
    #8432),#7962);
#8432 = STYLED_ITEM('color',(#8433),#6624);
#8433 = PRESENTATION_STYLE_ASSIGNMENT((#8434,#8440));
#8434 = SURFACE_STYLE_USAGE(.BOTH.,#8435);
#8435 = SURFACE_SIDE_STYLE('',(#8436));
#8436 = SURFACE_STYLE_FILL_AREA(#8437);
#8437 = FILL_AREA_STYLE('',(#8438));
#8438 = FILL_AREA_STYLE_COLOUR('',#8439);
#8439 = COLOUR_RGB('',0.180392163476,0.760784316928,0.494117641438);
#8440 = CURVE_STYLE('',#8441,POSITIVE_LENGTH_MEASURE(0.1),#8297);
#8441 = DRAUGHTING_PRE_DEFINED_CURVE_FONT('continuous');
#8442 = MECHANICAL_DESIGN_GEOMETRIC_PRESENTATION_REPRESENTATION('',(
    #8443),#5760);
#8443 = STYLED_ITEM('color',(#8444),#5610);
#8444 = PRESENTATION_STYLE_ASSIGNMENT((#8445,#8450));
#8445 = SURFACE_STYLE_USAGE(.BOTH.,#8446);
#8446 = SURFACE_SIDE_STYLE('',(#8447));
#8447 = SURFACE_STYLE_FILL_AREA(#8448);
#8448 = FILL_AREA_STYLE('',(#8449));
#8449 = FILL_AREA_STYLE_COLOUR('',#8306);
#8450 = CURVE_STYLE('',#8451,POSITIVE_LENGTH_MEASURE(0.1),#8297);
#8451 = DRAUGHTING_PRE_DEFINED_CURVE_FONT('continuous');
#8452 = MECHANICAL_DESIGN_GEOMETRIC_PRESENTATION_REPRESENTATION('',(
    #8453),#4239);
#8453 = STYLED_ITEM('color',(#8454),#4089);
#8454 = PRESENTATION_STYLE_ASSIGNMENT((#8455,#8460));
#8455 = SURFACE_STYLE_USAGE(.BOTH.,#8456);
#8456 = SURFACE_SIDE_STYLE('',(#8457));
#8457 = SURFACE_STYLE_FILL_AREA(#8458);
#8458 = FILL_AREA_STYLE('',(#8459));
#8459 = FILL_AREA_STYLE_COLOUR('',#8294);
#8460 = CURVE_STYLE('',#8461,POSITIVE_LENGTH_MEASURE(0.1),#8297);
#8461 = DRAUGHTING_PRE_DEFINED_CURVE_FONT('continuous');
#8462 = MECHANICAL_DESIGN_GEOMETRIC_PRESENTATION_REPRESENTATION('',(
    #8463),#1729);
#8463 = STYLED_ITEM('color',(#8464),#1579);
#8464 = PRESENTATION_STYLE_ASSIGNMENT((#8465,#8470));
#8465 = SURFACE_STYLE_USAGE(.BOTH.,#8466);
#8466 = SURFACE_SIDE_STYLE('',(#8467));
#8467 = SURFACE_STYLE_FILL_AREA(#8468);
#8468 = FILL_AREA_STYLE('',(#8469));
#8469 = FILL_AREA_STYLE_COLOUR('',#8306);
#8470 = CURVE_STYLE('',#8471,POSITIVE_LENGTH_MEASURE(0.1),#8297);
#8471 = DRAUGHTING_PRE_DEFINED_CURVE_FONT('continuous');
#8472 = MECHANICAL_DESIGN_GEOMETRIC_PRESENTATION_REPRESENTATION('',(
    #8473),#2743);
#8473 = STYLED_ITEM('color',(#8474),#2593);
#8474 = PRESENTATION_STYLE_ASSIGNMENT((#8475,#8480));
#8475 = SURFACE_STYLE_USAGE(.BOTH.,#8476);
#8476 = SURFACE_SIDE_STYLE('',(#8477));
#8477 = SURFACE_STYLE_FILL_AREA(#8478);
#8478 = FILL_AREA_STYLE('',(#8479));
#8479 = FILL_AREA_STYLE_COLOUR('',#8306);
#8480 = CURVE_STYLE('',#8481,POSITIVE_LENGTH_MEASURE(0.1),#8297);
#8481 = DRAUGHTING_PRE_DEFINED_CURVE_FONT('continuous');
#8482 = MECHANICAL_DESIGN_GEOMETRIC_PRESENTATION_REPRESENTATION('',(
    #8483),#2236);
#8483 = STYLED_ITEM('color',(#8484),#2086);
#8484 = PRESENTATION_STYLE_ASSIGNMENT((#8485,#8490));
#8485 = SURFACE_STYLE_USAGE(.BOTH.,#8486);
#8486 = SURFACE_SIDE_STYLE('',(#8487));
#8487 = SURFACE_STYLE_FILL_AREA(#8488);
#8488 = FILL_AREA_STYLE('',(#8489));
#8489 = FILL_AREA_STYLE_COLOUR('',#8306);
#8490 = CURVE_STYLE('',#8491,POSITIVE_LENGTH_MEASURE(0.1),#8297);
#8491 = DRAUGHTING_PRE_DEFINED_CURVE_FONT('continuous');
#8492 = MECHANICAL_DESIGN_GEOMETRIC_PRESENTATION_REPRESENTATION('',(
    #8493),#6267);
#8493 = STYLED_ITEM('color',(#8494),#6117);
#8494 = PRESENTATION_STYLE_ASSIGNMENT((#8495,#8500));
#8495 = SURFACE_STYLE_USAGE(.BOTH.,#8496);
#8496 = SURFACE_SIDE_STYLE('',(#8497));
#8497 = SURFACE_STYLE_FILL_AREA(#8498);
#8498 = FILL_AREA_STYLE('',(#8499));
#8499 = FILL_AREA_STYLE_COLOUR('',#8306);
#8500 = CURVE_STYLE('',#8501,POSITIVE_LENGTH_MEASURE(0.1),#8297);
#8501 = DRAUGHTING_PRE_DEFINED_CURVE_FONT('continuous');
#8502 = MECHANICAL_DESIGN_GEOMETRIC_PRESENTATION_REPRESENTATION('',(
    #8503),#5591);
#8503 = STYLED_ITEM('color',(#8504),#5441);
#8504 = PRESENTATION_STYLE_ASSIGNMENT((#8505,#8510));
#8505 = SURFACE_STYLE_USAGE(.BOTH.,#8506);
#8506 = SURFACE_SIDE_STYLE('',(#8507));
#8507 = SURFACE_STYLE_FILL_AREA(#8508);
#8508 = FILL_AREA_STYLE('',(#8509));
#8509 = FILL_AREA_STYLE_COLOUR('',#8306);
#8510 = CURVE_STYLE('',#8511,POSITIVE_LENGTH_MEASURE(0.1),#8297);
#8511 = DRAUGHTING_PRE_DEFINED_CURVE_FONT('continuous');
#8512 = MECHANICAL_DESIGN_GEOMETRIC_PRESENTATION_REPRESENTATION('',(
    #8513),#8106);
#8513 = STYLED_ITEM('color',(#8514),#8053);
#8514 = PRESENTATION_STYLE_ASSIGNMENT((#8515,#8520));
#8515 = SURFACE_STYLE_USAGE(.BOTH.,#8516);
#8516 = SURFACE_SIDE_STYLE('',(#8517));
#8517 = SURFACE_STYLE_FILL_AREA(#8518);
#8518 = FILL_AREA_STYLE('',(#8519));
#8519 = FILL_AREA_STYLE_COLOUR('',#8294);
#8520 = CURVE_STYLE('',#8521,POSITIVE_LENGTH_MEASURE(0.1),#8297);
#8521 = DRAUGHTING_PRE_DEFINED_CURVE_FONT('continuous');
#8522 = MECHANICAL_DESIGN_GEOMETRIC_PRESENTATION_REPRESENTATION('',(
    #8523),#2815);
#8523 = STYLED_ITEM('color',(#8524),#2762);
#8524 = PRESENTATION_STYLE_ASSIGNMENT((#8525,#8530));
#8525 = SURFACE_STYLE_USAGE(.BOTH.,#8526);
#8526 = SURFACE_SIDE_STYLE('',(#8527));
#8527 = SURFACE_STYLE_FILL_AREA(#8528);
#8528 = FILL_AREA_STYLE('',(#8529));
#8529 = FILL_AREA_STYLE_COLOUR('',#8294);
#8530 = CURVE_STYLE('',#8531,POSITIVE_LENGTH_MEASURE(0.1),#8297);
#8531 = DRAUGHTING_PRE_DEFINED_CURVE_FONT('continuous');
#8532 = MECHANICAL_DESIGN_GEOMETRIC_PRESENTATION_REPRESENTATION('',(
    #8533),#2405);
#8533 = STYLED_ITEM('color',(#8534),#2255);
#8534 = PRESENTATION_STYLE_ASSIGNMENT((#8535,#8540));
#8535 = SURFACE_STYLE_USAGE(.BOTH.,#8536);
#8536 = SURFACE_SIDE_STYLE('',(#8537));
#8537 = SURFACE_STYLE_FILL_AREA(#8538);
#8538 = FILL_AREA_STYLE('',(#8539));
#8539 = FILL_AREA_STYLE_COLOUR('',#8306);
#8540 = CURVE_STYLE('',#8541,POSITIVE_LENGTH_MEASURE(0.1),#8297);
#8541 = DRAUGHTING_PRE_DEFINED_CURVE_FONT('continuous');
#8542 = MECHANICAL_DESIGN_GEOMETRIC_PRESENTATION_REPRESENTATION('',(
    #8543),#6605);
#8543 = STYLED_ITEM('color',(#8544),#6455);
#8544 = PRESENTATION_STYLE_ASSIGNMENT((#8545,#8550));
#8545 = SURFACE_STYLE_USAGE(.BOTH.,#8546);
#8546 = SURFACE_SIDE_STYLE('',(#8547));
#8547 = SURFACE_STYLE_FILL_AREA(#8548);
#8548 = FILL_AREA_STYLE('',(#8549));
#8549 = FILL_AREA_STYLE_COLOUR('',#8306);
#8550 = CURVE_STYLE('',#8551,POSITIVE_LENGTH_MEASURE(0.1),#8297);
#8551 = DRAUGHTING_PRE_DEFINED_CURVE_FONT('continuous');
#8552 = MECHANICAL_DESIGN_GEOMETRIC_PRESENTATION_REPRESENTATION('',(
    #8553),#4070);
#8553 = STYLED_ITEM('color',(#8554),#3920);
#8554 = PRESENTATION_STYLE_ASSIGNMENT((#8555,#8560));
#8555 = SURFACE_STYLE_USAGE(.BOTH.,#8556);
#8556 = SURFACE_SIDE_STYLE('',(#8557));
#8557 = SURFACE_STYLE_FILL_AREA(#8558);
#8558 = FILL_AREA_STYLE('',(#8559));
#8559 = FILL_AREA_STYLE_COLOUR('',#8294);
#8560 = CURVE_STYLE('',#8561,POSITIVE_LENGTH_MEASURE(0.1),#8297);
#8561 = DRAUGHTING_PRE_DEFINED_CURVE_FONT('continuous');
#8562 = MECHANICAL_DESIGN_GEOMETRIC_PRESENTATION_REPRESENTATION('',(
    #8563),#3732);
#8563 = STYLED_ITEM('color',(#8564),#3582);
#8564 = PRESENTATION_STYLE_ASSIGNMENT((#8565,#8570));
#8565 = SURFACE_STYLE_USAGE(.BOTH.,#8566);
#8566 = SURFACE_SIDE_STYLE('',(#8567));
#8567 = SURFACE_STYLE_FILL_AREA(#8568);
#8568 = FILL_AREA_STYLE('',(#8569));
#8569 = FILL_AREA_STYLE_COLOUR('',#8294);
#8570 = CURVE_STYLE('',#8571,POSITIVE_LENGTH_MEASURE(0.1),#8297);
#8571 = DRAUGHTING_PRE_DEFINED_CURVE_FONT('continuous');
#8572 = MECHANICAL_DESIGN_GEOMETRIC_PRESENTATION_REPRESENTATION('',(
    #8573),#1898);
#8573 = STYLED_ITEM('color',(#8574),#1748);
#8574 = PRESENTATION_STYLE_ASSIGNMENT((#8575,#8580));
#8575 = SURFACE_STYLE_USAGE(.BOTH.,#8576);
#8576 = SURFACE_SIDE_STYLE('',(#8577));
#8577 = SURFACE_STYLE_FILL_AREA(#8578);
#8578 = FILL_AREA_STYLE('',(#8579));
#8579 = FILL_AREA_STYLE_COLOUR('',#8306);
#8580 = CURVE_STYLE('',#8581,POSITIVE_LENGTH_MEASURE(0.1),#8297);
#8581 = DRAUGHTING_PRE_DEFINED_CURVE_FONT('continuous');
#8582 = MECHANICAL_DESIGN_GEOMETRIC_PRESENTATION_REPRESENTATION('',(
    #8583),#685);
#8583 = STYLED_ITEM('color',(#8584),#535);
#8584 = PRESENTATION_STYLE_ASSIGNMENT((#8585,#8591));
#8585 = SURFACE_STYLE_USAGE(.BOTH.,#8586);
#8586 = SURFACE_SIDE_STYLE('',(#8587));
#8587 = SURFACE_STYLE_FILL_AREA(#8588);
#8588 = FILL_AREA_STYLE('',(#8589));
#8589 = FILL_AREA_STYLE_COLOUR('',#8590);
#8590 = COLOUR_RGB('',0.898039222556,0.647058850868,3.921568724327E-02);
#8591 = CURVE_STYLE('',#8592,POSITIVE_LENGTH_MEASURE(0.1),#8297);
#8592 = DRAUGHTING_PRE_DEFINED_CURVE_FONT('continuous');
#8593 = MECHANICAL_DESIGN_GEOMETRIC_PRESENTATION_REPRESENTATION('',(
    #8594),#8034);
#8594 = STYLED_ITEM('color',(#8595),#7981);
#8595 = PRESENTATION_STYLE_ASSIGNMENT((#8596,#8601));
#8596 = SURFACE_STYLE_USAGE(.BOTH.,#8597);
#8597 = SURFACE_SIDE_STYLE('',(#8598));
#8598 = SURFACE_STYLE_FILL_AREA(#8599);
#8599 = FILL_AREA_STYLE('',(#8600));
#8600 = FILL_AREA_STYLE_COLOUR('',#8294);
#8601 = CURVE_STYLE('',#8602,POSITIVE_LENGTH_MEASURE(0.1),#8297);
#8602 = DRAUGHTING_PRE_DEFINED_CURVE_FONT('continuous');
#8603 = MECHANICAL_DESIGN_GEOMETRIC_PRESENTATION_REPRESENTATION('',(
    #8604),#516);
#8604 = STYLED_ITEM('color',(#8605),#366);
#8605 = PRESENTATION_STYLE_ASSIGNMENT((#8606,#8611));
#8606 = SURFACE_STYLE_USAGE(.BOTH.,#8607);
#8607 = SURFACE_SIDE_STYLE('',(#8608));
#8608 = SURFACE_STYLE_FILL_AREA(#8609);
#8609 = FILL_AREA_STYLE('',(#8610));
#8610 = FILL_AREA_STYLE_COLOUR('',#8306);
#8611 = CURVE_STYLE('',#8612,POSITIVE_LENGTH_MEASURE(0.1),#8297);
#8612 = DRAUGHTING_PRE_DEFINED_CURVE_FONT('continuous');
#8613 = MECHANICAL_DESIGN_GEOMETRIC_PRESENTATION_REPRESENTATION('',(
    #8614),#5422);
#8614 = STYLED_ITEM('color',(#8615),#5272);
#8615 = PRESENTATION_STYLE_ASSIGNMENT((#8616,#8621));
#8616 = SURFACE_STYLE_USAGE(.BOTH.,#8617);
#8617 = SURFACE_SIDE_STYLE('',(#8618));
#8618 = SURFACE_STYLE_FILL_AREA(#8619);
#8619 = FILL_AREA_STYLE('',(#8620));
#8620 = FILL_AREA_STYLE_COLOUR('',#8294);
#8621 = CURVE_STYLE('',#8622,POSITIVE_LENGTH_MEASURE(0.1),#8297);
#8622 = DRAUGHTING_PRE_DEFINED_CURVE_FONT('continuous');
#8623 = MECHANICAL_DESIGN_GEOMETRIC_PRESENTATION_REPRESENTATION('',(
    #8624),#3225);
#8624 = STYLED_ITEM('color',(#8625),#3075);
#8625 = PRESENTATION_STYLE_ASSIGNMENT((#8626,#8631));
#8626 = SURFACE_STYLE_USAGE(.BOTH.,#8627);
#8627 = SURFACE_SIDE_STYLE('',(#8628));
#8628 = SURFACE_STYLE_FILL_AREA(#8629);
#8629 = FILL_AREA_STYLE('',(#8630));
#8630 = FILL_AREA_STYLE_COLOUR('',#8294);
#8631 = CURVE_STYLE('',#8632,POSITIVE_LENGTH_MEASURE(0.1),#8297);
#8632 = DRAUGHTING_PRE_DEFINED_CURVE_FONT('continuous');
#8633 = MECHANICAL_DESIGN_GEOMETRIC_PRESENTATION_REPRESENTATION('',(
    #8634),#6098);
#8634 = STYLED_ITEM('color',(#8635),#5948);
#8635 = PRESENTATION_STYLE_ASSIGNMENT((#8636,#8641));
#8636 = SURFACE_STYLE_USAGE(.BOTH.,#8637);
#8637 = SURFACE_SIDE_STYLE('',(#8638));
#8638 = SURFACE_STYLE_FILL_AREA(#8639);
#8639 = FILL_AREA_STYLE('',(#8640));
#8640 = FILL_AREA_STYLE_COLOUR('',#8306);
#8641 = CURVE_STYLE('',#8642,POSITIVE_LENGTH_MEASURE(0.1),#8297);
#8642 = DRAUGHTING_PRE_DEFINED_CURVE_FONT('continuous');
#8643 = MECHANICAL_DESIGN_GEOMETRIC_PRESENTATION_REPRESENTATION('',(
    #8644),#4746);
#8644 = STYLED_ITEM('color',(#8645),#4596);
#8645 = PRESENTATION_STYLE_ASSIGNMENT((#8646,#8651));
#8646 = SURFACE_STYLE_USAGE(.BOTH.,#8647);
#8647 = SURFACE_SIDE_STYLE('',(#8648));
#8648 = SURFACE_STYLE_FILL_AREA(#8649);
#8649 = FILL_AREA_STYLE('',(#8650));
#8650 = FILL_AREA_STYLE_COLOUR('',#8294);
#8651 = CURVE_STYLE('',#8652,POSITIVE_LENGTH_MEASURE(0.1),#8297);
#8652 = DRAUGHTING_PRE_DEFINED_CURVE_FONT('continuous');
#8653 = MECHANICAL_DESIGN_GEOMETRIC_PRESENTATION_REPRESENTATION('',(
    #8654),#2887);
#8654 = STYLED_ITEM('color',(#8655),#2834);
#8655 = PRESENTATION_STYLE_ASSIGNMENT((#8656,#8661));
#8656 = SURFACE_STYLE_USAGE(.BOTH.,#8657);
#8657 = SURFACE_SIDE_STYLE('',(#8658));
#8658 = SURFACE_STYLE_FILL_AREA(#8659);
#8659 = FILL_AREA_STYLE('',(#8660));
#8660 = FILL_AREA_STYLE_COLOUR('',#8294);
#8661 = CURVE_STYLE('',#8662,POSITIVE_LENGTH_MEASURE(0.1),#8297);
#8662 = DRAUGHTING_PRE_DEFINED_CURVE_FONT('continuous');
#8663 = MECHANICAL_DESIGN_GEOMETRIC_PRESENTATION_REPRESENTATION('',(
    #8664),#3563);
#8664 = STYLED_ITEM('color',(#8665),#3413);
#8665 = PRESENTATION_STYLE_ASSIGNMENT((#8666,#8671));
#8666 = SURFACE_STYLE_USAGE(.BOTH.,#8667);
#8667 = SURFACE_SIDE_STYLE('',(#8668));
#8668 = SURFACE_STYLE_FILL_AREA(#8669);
#8669 = FILL_AREA_STYLE('',(#8670));
#8670 = FILL_AREA_STYLE_COLOUR('',#8294);
#8671 = CURVE_STYLE('',#8672,POSITIVE_LENGTH_MEASURE(0.1),#8297);
#8672 = DRAUGHTING_PRE_DEFINED_CURVE_FONT('continuous');
#8673 = MECHANICAL_DESIGN_GEOMETRIC_PRESENTATION_REPRESENTATION('',(
    #8674),#8275);
#8674 = STYLED_ITEM('color',(#8675),#8125);
#8675 = PRESENTATION_STYLE_ASSIGNMENT((#8676,#8681));
#8676 = SURFACE_STYLE_USAGE(.BOTH.,#8677);
#8677 = SURFACE_SIDE_STYLE('',(#8678));
#8678 = SURFACE_STYLE_FILL_AREA(#8679);
#8679 = FILL_AREA_STYLE('',(#8680));
#8680 = FILL_AREA_STYLE_COLOUR('',#8337);
#8681 = CURVE_STYLE('',#8682,POSITIVE_LENGTH_MEASURE(0.1),#8297);
#8682 = DRAUGHTING_PRE_DEFINED_CURVE_FONT('continuous');
#8683 = MECHANICAL_DESIGN_GEOMETRIC_PRESENTATION_REPRESENTATION('',(
    #8684),#3056);
#8684 = STYLED_ITEM('color',(#8685),#2906);
#8685 = PRESENTATION_STYLE_ASSIGNMENT((#8686,#8691));
#8686 = SURFACE_STYLE_USAGE(.BOTH.,#8687);
#8687 = SURFACE_SIDE_STYLE('',(#8688));
#8688 = SURFACE_STYLE_FILL_AREA(#8689);
#8689 = FILL_AREA_STYLE('',(#8690));
#8690 = FILL_AREA_STYLE_COLOUR('',#8294);
#8691 = CURVE_STYLE('',#8692,POSITIVE_LENGTH_MEASURE(0.1),#8297);
#8692 = DRAUGHTING_PRE_DEFINED_CURVE_FONT('continuous');
#8693 = MECHANICAL_DESIGN_GEOMETRIC_PRESENTATION_REPRESENTATION('',(
    #8694),#5253);
#8694 = STYLED_ITEM('color',(#8695),#5103);
#8695 = PRESENTATION_STYLE_ASSIGNMENT((#8696,#8701));
#8696 = SURFACE_STYLE_USAGE(.BOTH.,#8697);
#8697 = SURFACE_SIDE_STYLE('',(#8698));
#8698 = SURFACE_STYLE_FILL_AREA(#8699);
#8699 = FILL_AREA_STYLE('',(#8700));
#8700 = FILL_AREA_STYLE_COLOUR('',#8294);
#8701 = CURVE_STYLE('',#8702,POSITIVE_LENGTH_MEASURE(0.1),#8297);
#8702 = DRAUGHTING_PRE_DEFINED_CURVE_FONT('continuous');
#8703 = MECHANICAL_DESIGN_GEOMETRIC_PRESENTATION_REPRESENTATION('',(
    #8704),#2067);
#8704 = STYLED_ITEM('color',(#8705),#1917);
#8705 = PRESENTATION_STYLE_ASSIGNMENT((#8706,#8711));
#8706 = SURFACE_STYLE_USAGE(.BOTH.,#8707);
#8707 = SURFACE_SIDE_STYLE('',(#8708));
#8708 = SURFACE_STYLE_FILL_AREA(#8709);
#8709 = FILL_AREA_STYLE('',(#8710));
#8710 = FILL_AREA_STYLE_COLOUR('',#8306);
#8711 = CURVE_STYLE('',#8712,POSITIVE_LENGTH_MEASURE(0.1),#8297);
#8712 = DRAUGHTING_PRE_DEFINED_CURVE_FONT('continuous');
ENDSEC;
END-ISO-10303-21;
