ISO-10303-21;
HEADER;
FILE_DESCRIPTION(('FreeCAD Model'),'2;1');
FILE_NAME('Open CASCADE Shape Model','2026-09-29T11:32:37',('Author'),(
    ''),'Open CASCADE STEP processor 7.8','FreeCAD','Unknown');
FILE_SCHEMA(('AUTOMOTIVE_DESIGN { 1 0 10303 214 1 1 1 1 }'));
ENDSEC;
DATA;
#1 = APPLICATION_PROTOCOL_DEFINITION('international standard',
  'automotive_design',2000,#2);
#2 = APPLICATION_CONTEXT(
  'core data for automotive mechanical design processes');
#3 = SHAPE_DEFINITION_REPRESENTATION(#4,#10);
#4 = PRODUCT_DEFINITION_SHAPE('','',#5);
#5 = PRODUCT_DEFINITION('design','',#6,#9);
#6 = PRODUCT_DEFINITION_FORMATION('','',#7);
#7 = PRODUCT('V_Slot_2020_100','V_Slot_2020_100','',(#8));
#8 = PRODUCT_CONTEXT('',#2,'mechanical');
#9 = PRODUCT_DEFINITION_CONTEXT('part definition',#2,'design');
#10 = SHAPE_REPRESENTATION('',(#11,#15,#19,#23,#27,#31,#35,#39,#43,#47,
    #51,#55,#59,#63,#67,#71,#75,#79),#83);
#11 = AXIS2_PLACEMENT_3D('',#12,#13,#14);
#12 = CARTESIAN_POINT('',(0.,0.,0.));
#13 = DIRECTION('',(0.,0.,1.));
#14 = DIRECTION('',(1.,0.,-0.));
#15 = AXIS2_PLACEMENT_3D('',#16,#17,#18);
#16 = CARTESIAN_POINT('',(0.,0.,0.));
#17 = DIRECTION('',(0.,0.,1.));
#18 = DIRECTION('',(1.,0.,0.));
#19 = AXIS2_PLACEMENT_3D('',#20,#21,#22);
#20 = CARTESIAN_POINT('',(0.,0.,0.));
#21 = DIRECTION('',(0.,0.,1.));
#22 = DIRECTION('',(1.,0.,0.));
#23 = AXIS2_PLACEMENT_3D('',#24,#25,#26);
#24 = CARTESIAN_POINT('',(0.,0.,0.));
#25 = DIRECTION('',(1.,1.232595164408E-32,1.110223024625E-16));
#26 = DIRECTION('',(0.,1.,-1.110223024625E-16));
#27 = AXIS2_PLACEMENT_3D('',#28,#29,#30);
#28 = CARTESIAN_POINT('',(0.,0.,0.));
#29 = DIRECTION('',(4.440892098501E-16,1.,-3.330669073875E-16));
#30 = DIRECTION('',(-4.440892098501E-16,3.330669073875E-16,1.));
#31 = AXIS2_PLACEMENT_3D('',#32,#33,#34);
#32 = CARTESIAN_POINT('',(0.,0.,0.));
#33 = DIRECTION('',(0.,0.,1.));
#34 = DIRECTION('',(1.,0.,0.));
#35 = AXIS2_PLACEMENT_3D('',#36,#37,#38);
#36 = CARTESIAN_POINT('',(0.,0.,0.));
#37 = DIRECTION('',(0.,-1.,-2.22044604925E-16));
#38 = DIRECTION('',(1.,0.,0.));
#39 = AXIS2_PLACEMENT_3D('',#40,#41,#42);
#40 = CARTESIAN_POINT('',(0.,0.,0.));
#41 = DIRECTION('',(1.,1.232595164408E-32,1.110223024625E-16));
#42 = DIRECTION('',(0.,1.,-1.110223024625E-16));
#43 = AXIS2_PLACEMENT_3D('',#44,#45,#46);
#44 = CARTESIAN_POINT('',(0.,0.,0.));
#45 = DIRECTION('',(0.,0.,1.));
#46 = DIRECTION('',(1.,0.,0.));
#47 = AXIS2_PLACEMENT_3D('',#48,#49,#50);
#48 = CARTESIAN_POINT('',(0.,0.,0.));
#49 = DIRECTION('',(0.,0.,1.));
#50 = DIRECTION('',(1.,0.,0.));
#51 = AXIS2_PLACEMENT_3D('',#52,#53,#54);
#52 = CARTESIAN_POINT('',(0.,0.,0.));
#53 = DIRECTION('',(1.,1.232595164408E-32,1.110223024625E-16));
#54 = DIRECTION('',(0.,1.,-1.110223024625E-16));
#55 = AXIS2_PLACEMENT_3D('',#56,#57,#58);
#56 = CARTESIAN_POINT('',(0.,0.,0.));
#57 = DIRECTION('',(4.440892098501E-16,1.,-3.330669073875E-16));
#58 = DIRECTION('',(-4.440892098501E-16,3.330669073875E-16,1.));
#59 = AXIS2_PLACEMENT_3D('',#60,#61,#62);
#60 = CARTESIAN_POINT('',(0.,0.,0.));
#61 = DIRECTION('',(0.,0.,1.));
#62 = DIRECTION('',(1.,0.,0.));
#63 = AXIS2_PLACEMENT_3D('',#64,#65,#66);
#64 = CARTESIAN_POINT('',(0.,0.,0.));
#65 = DIRECTION('',(0.,-1.,-2.22044604925E-16));
#66 = DIRECTION('',(1.,0.,0.));
#67 = AXIS2_PLACEMENT_3D('',#68,#69,#70);
#68 = CARTESIAN_POINT('',(0.,0.,0.));
#69 = DIRECTION('',(1.,1.232595164408E-32,1.110223024625E-16));
#70 = DIRECTION('',(0.,1.,-1.110223024625E-16));
#71 = AXIS2_PLACEMENT_3D('',#72,#73,#74);
#72 = CARTESIAN_POINT('',(0.,0.,0.));
#73 = DIRECTION('',(0.,0.,1.));
#74 = DIRECTION('',(1.,0.,0.));
#75 = AXIS2_PLACEMENT_3D('',#76,#77,#78);
#76 = CARTESIAN_POINT('',(0.,0.,0.));
#77 = DIRECTION('',(0.,0.,1.));
#78 = DIRECTION('',(1.,0.,0.));
#79 = AXIS2_PLACEMENT_3D('',#80,#81,#82);
#80 = CARTESIAN_POINT('',(0.,0.,0.));
#81 = DIRECTION('',(0.,0.,1.));
#82 = DIRECTION('',(1.,0.,-0.));
#83 = ( GEOMETRIC_REPRESENTATION_CONTEXT(3) 
GLOBAL_UNCERTAINTY_ASSIGNED_CONTEXT((#87)) GLOBAL_UNIT_ASSIGNED_CONTEXT(
(#84,#85,#86)) REPRESENTATION_CONTEXT('Context #1',
  '3D Context with UNIT and UNCERTAINTY') );
#84 = ( LENGTH_UNIT() NAMED_UNIT(*) SI_UNIT(.MILLI.,.METRE.) );
#85 = ( NAMED_UNIT(*) PLANE_ANGLE_UNIT() SI_UNIT($,.RADIAN.) );
#86 = ( NAMED_UNIT(*) SI_UNIT($,.STERADIAN.) SOLID_ANGLE_UNIT() );
#87 = UNCERTAINTY_MEASURE_WITH_UNIT(LENGTH_MEASURE(1.E-07),#84,
  'distance_accuracy_value','confusion accuracy');
#88 = PRODUCT_RELATED_PRODUCT_CATEGORY('part',$,(#7));
#89 = SHAPE_DEFINITION_REPRESENTATION(#90,#96);
#90 = PRODUCT_DEFINITION_SHAPE('','',#91);
#91 = PRODUCT_DEFINITION('design','',#92,#95);
#92 = PRODUCT_DEFINITION_FORMATION('','',#93);
#93 = PRODUCT('V-Slot_2020-100mm','V-Slot_2020-100mm','',(#94));
#94 = PRODUCT_CONTEXT('',#2,'mechanical');
#95 = PRODUCT_DEFINITION_CONTEXT('part definition',#2,'design');
#96 = SHAPE_REPRESENTATION('',(#11,#97),#101);
#97 = AXIS2_PLACEMENT_3D('',#98,#99,#100);
#98 = CARTESIAN_POINT('',(0.,0.,0.));
#99 = DIRECTION('',(0.,0.,1.));
#100 = DIRECTION('',(1.,0.,0.));
#101 = ( GEOMETRIC_REPRESENTATION_CONTEXT(3) 
GLOBAL_UNCERTAINTY_ASSIGNED_CONTEXT((#105)) GLOBAL_UNIT_ASSIGNED_CONTEXT
((#102,#103,#104)) REPRESENTATION_CONTEXT('Context #1',
  '3D Context with UNIT and UNCERTAINTY') );
#102 = ( LENGTH_UNIT() NAMED_UNIT(*) SI_UNIT(.MILLI.,.METRE.) );
#103 = ( NAMED_UNIT(*) PLANE_ANGLE_UNIT() SI_UNIT($,.RADIAN.) );
#104 = ( NAMED_UNIT(*) SI_UNIT($,.STERADIAN.) SOLID_ANGLE_UNIT() );
#105 = UNCERTAINTY_MEASURE_WITH_UNIT(LENGTH_MEASURE(1.E-07),#102,
  'distance_accuracy_value','confusion accuracy');
#106 = CONTEXT_DEPENDENT_SHAPE_REPRESENTATION(#107,#109);
#107 = ( REPRESENTATION_RELATIONSHIP('','',#96,#10) 
REPRESENTATION_RELATIONSHIP_WITH_TRANSFORMATION(#108) 
SHAPE_REPRESENTATION_RELATIONSHIP() );
#108 = ITEM_DEFINED_TRANSFORMATION('','',#11,#15);
#109 = PRODUCT_DEFINITION_SHAPE('Placement','Placement of an item',#110
  );
#110 = NEXT_ASSEMBLY_USAGE_OCCURRENCE('2','V-Slot_2020-100mm','',#5,#91,
  $);
#111 = PRODUCT_RELATED_PRODUCT_CATEGORY('part',$,(#93));
#112 = SHAPE_DEFINITION_REPRESENTATION(#113,#119);
#113 = PRODUCT_DEFINITION_SHAPE('','',#114);
#114 = PRODUCT_DEFINITION('design','',#115,#118);
#115 = PRODUCT_DEFINITION_FORMATION('','',#116);
#116 = PRODUCT('VSlot2020_100_Body','VSlot2020_100_Body','',(#117));
#117 = PRODUCT_CONTEXT('',#2,'mechanical');
#118 = PRODUCT_DEFINITION_CONTEXT('part definition',#2,'design');
#119 = ADVANCED_BREP_SHAPE_REPRESENTATION('',(#11,#120),#1893);
#120 = MANIFOLD_SOLID_BREP('',#121);
#121 = CLOSED_SHELL('',(#122,#162,#193,#224,#255,#286,#317,#348,#379,
    #410,#441,#472,#503,#534,#565,#596,#627,#658,#689,#720,#751,#782,
    #813,#844,#875,#906,#937,#968,#999,#1030,#1061,#1092,#1123,#1154,
    #1185,#1216,#1247,#1278,#1309,#1340,#1371,#1402,#1433,#1464,#1495,
    #1526,#1557,#1588,#1619,#1650,#1681,#1712,#1734,#1767,#1830));
#122 = ADVANCED_FACE('',(#123),#157,.T.);
#123 = FACE_BOUND('',#124,.T.);
#124 = EDGE_LOOP('',(#125,#135,#143,#151));
#125 = ORIENTED_EDGE('',*,*,#126,.T.);
#126 = EDGE_CURVE('',#127,#129,#131,.T.);
#127 = VERTEX_POINT('',#128);
#128 = CARTESIAN_POINT('',(-10.,4.58,0.));
#129 = VERTEX_POINT('',#130);
#130 = CARTESIAN_POINT('',(-10.,4.58,100.));
#131 = LINE('',#132,#133);
#132 = CARTESIAN_POINT('',(-10.,4.58,0.));
#133 = VECTOR('',#134,1.);
#134 = DIRECTION('',(0.,0.,1.));
#135 = ORIENTED_EDGE('',*,*,#136,.T.);
#136 = EDGE_CURVE('',#129,#137,#139,.T.);
#137 = VERTEX_POINT('',#138);
#138 = CARTESIAN_POINT('',(-10.,10.,100.));
#139 = LINE('',#140,#141);
#140 = CARTESIAN_POINT('',(-10.,4.58,100.));
#141 = VECTOR('',#142,1.);
#142 = DIRECTION('',(0.,1.,0.));
#143 = ORIENTED_EDGE('',*,*,#144,.F.);
#144 = EDGE_CURVE('',#145,#137,#147,.T.);
#145 = VERTEX_POINT('',#146);
#146 = CARTESIAN_POINT('',(-10.,10.,0.));
#147 = LINE('',#148,#149);
#148 = CARTESIAN_POINT('',(-10.,10.,0.));
#149 = VECTOR('',#150,1.);
#150 = DIRECTION('',(0.,0.,1.));
#151 = ORIENTED_EDGE('',*,*,#152,.F.);
#152 = EDGE_CURVE('',#127,#145,#153,.T.);
#153 = LINE('',#154,#155);
#154 = CARTESIAN_POINT('',(-10.,4.58,0.));
#155 = VECTOR('',#156,1.);
#156 = DIRECTION('',(0.,1.,0.));
#157 = PLANE('',#158);
#158 = AXIS2_PLACEMENT_3D('',#159,#160,#161);
#159 = CARTESIAN_POINT('',(-10.,4.58,0.));
#160 = DIRECTION('',(-1.,0.,0.));
#161 = DIRECTION('',(0.,1.,0.));
#162 = ADVANCED_FACE('',(#163),#188,.T.);
#163 = FACE_BOUND('',#164,.T.);
#164 = EDGE_LOOP('',(#165,#166,#174,#182));
#165 = ORIENTED_EDGE('',*,*,#144,.T.);
#166 = ORIENTED_EDGE('',*,*,#167,.T.);
#167 = EDGE_CURVE('',#137,#168,#170,.T.);
#168 = VERTEX_POINT('',#169);
#169 = CARTESIAN_POINT('',(-4.58,10.,100.));
#170 = LINE('',#171,#172);
#171 = CARTESIAN_POINT('',(-10.,10.,100.));
#172 = VECTOR('',#173,1.);
#173 = DIRECTION('',(1.,0.,0.));
#174 = ORIENTED_EDGE('',*,*,#175,.F.);
#175 = EDGE_CURVE('',#176,#168,#178,.T.);
#176 = VERTEX_POINT('',#177);
#177 = CARTESIAN_POINT('',(-4.58,10.,0.));
#178 = LINE('',#179,#180);
#179 = CARTESIAN_POINT('',(-4.58,10.,0.));
#180 = VECTOR('',#181,1.);
#181 = DIRECTION('',(0.,0.,1.));
#182 = ORIENTED_EDGE('',*,*,#183,.F.);
#183 = EDGE_CURVE('',#145,#176,#184,.T.);
#184 = LINE('',#185,#186);
#185 = CARTESIAN_POINT('',(-10.,10.,0.));
#186 = VECTOR('',#187,1.);
#187 = DIRECTION('',(1.,0.,0.));
#188 = PLANE('',#189);
#189 = AXIS2_PLACEMENT_3D('',#190,#191,#192);
#190 = CARTESIAN_POINT('',(-10.,10.,0.));
#191 = DIRECTION('',(0.,1.,0.));
#192 = DIRECTION('',(1.,0.,0.));
#193 = ADVANCED_FACE('',(#194),#219,.T.);
#194 = FACE_BOUND('',#195,.T.);
#195 = EDGE_LOOP('',(#196,#197,#205,#213));
#196 = ORIENTED_EDGE('',*,*,#175,.T.);
#197 = ORIENTED_EDGE('',*,*,#198,.T.);
#198 = EDGE_CURVE('',#168,#199,#201,.T.);
#199 = VERTEX_POINT('',#200);
#200 = CARTESIAN_POINT('',(-3.125,8.545,100.));
#201 = LINE('',#202,#203);
#202 = CARTESIAN_POINT('',(-4.58,10.,100.));
#203 = VECTOR('',#204,1.);
#204 = DIRECTION('',(0.707106781187,-0.707106781187,0.));
#205 = ORIENTED_EDGE('',*,*,#206,.F.);
#206 = EDGE_CURVE('',#207,#199,#209,.T.);
#207 = VERTEX_POINT('',#208);
#208 = CARTESIAN_POINT('',(-3.125,8.545,0.));
#209 = LINE('',#210,#211);
#210 = CARTESIAN_POINT('',(-3.125,8.545,0.));
#211 = VECTOR('',#212,1.);
#212 = DIRECTION('',(0.,0.,1.));
#213 = ORIENTED_EDGE('',*,*,#214,.F.);
#214 = EDGE_CURVE('',#176,#207,#215,.T.);
#215 = LINE('',#216,#217);
#216 = CARTESIAN_POINT('',(-4.58,10.,0.));
#217 = VECTOR('',#218,1.);
#218 = DIRECTION('',(0.707106781187,-0.707106781187,0.));
#219 = PLANE('',#220);
#220 = AXIS2_PLACEMENT_3D('',#221,#222,#223);
#221 = CARTESIAN_POINT('',(-4.58,10.,0.));
#222 = DIRECTION('',(0.707106781187,0.707106781187,0.));
#223 = DIRECTION('',(0.707106781187,-0.707106781187,0.));
#224 = ADVANCED_FACE('',(#225),#250,.T.);
#225 = FACE_BOUND('',#226,.T.);
#226 = EDGE_LOOP('',(#227,#228,#236,#244));
#227 = ORIENTED_EDGE('',*,*,#206,.T.);
#228 = ORIENTED_EDGE('',*,*,#229,.T.);
#229 = EDGE_CURVE('',#199,#230,#232,.T.);
#230 = VERTEX_POINT('',#231);
#231 = CARTESIAN_POINT('',(-3.125,8.2,100.));
#232 = LINE('',#233,#234);
#233 = CARTESIAN_POINT('',(-3.125,8.545,100.));
#234 = VECTOR('',#235,1.);
#235 = DIRECTION('',(0.,-1.,0.));
#236 = ORIENTED_EDGE('',*,*,#237,.F.);
#237 = EDGE_CURVE('',#238,#230,#240,.T.);
#238 = VERTEX_POINT('',#239);
#239 = CARTESIAN_POINT('',(-3.125,8.2,0.));
#240 = LINE('',#241,#242);
#241 = CARTESIAN_POINT('',(-3.125,8.2,0.));
#242 = VECTOR('',#243,1.);
#243 = DIRECTION('',(0.,0.,1.));
#244 = ORIENTED_EDGE('',*,*,#245,.F.);
#245 = EDGE_CURVE('',#207,#238,#246,.T.);
#246 = LINE('',#247,#248);
#247 = CARTESIAN_POINT('',(-3.125,8.545,0.));
#248 = VECTOR('',#249,1.);
#249 = DIRECTION('',(0.,-1.,0.));
#250 = PLANE('',#251);
#251 = AXIS2_PLACEMENT_3D('',#252,#253,#254);
#252 = CARTESIAN_POINT('',(-3.125,8.545,0.));
#253 = DIRECTION('',(1.,0.,0.));
#254 = DIRECTION('',(0.,-1.,0.));
#255 = ADVANCED_FACE('',(#256),#281,.F.);
#256 = FACE_BOUND('',#257,.F.);
#257 = EDGE_LOOP('',(#258,#268,#274,#275));
#258 = ORIENTED_EDGE('',*,*,#259,.T.);
#259 = EDGE_CURVE('',#260,#262,#264,.T.);
#260 = VERTEX_POINT('',#261);
#261 = CARTESIAN_POINT('',(-5.5,8.2,0.));
#262 = VERTEX_POINT('',#263);
#263 = CARTESIAN_POINT('',(-5.5,8.2,100.));
#264 = LINE('',#265,#266);
#265 = CARTESIAN_POINT('',(-5.5,8.2,0.));
#266 = VECTOR('',#267,1.);
#267 = DIRECTION('',(0.,0.,1.));
#268 = ORIENTED_EDGE('',*,*,#269,.T.);
#269 = EDGE_CURVE('',#262,#230,#270,.T.);
#270 = LINE('',#271,#272);
#271 = CARTESIAN_POINT('',(-5.5,8.2,100.));
#272 = VECTOR('',#273,1.);
#273 = DIRECTION('',(1.,0.,0.));
#274 = ORIENTED_EDGE('',*,*,#237,.F.);
#275 = ORIENTED_EDGE('',*,*,#276,.F.);
#276 = EDGE_CURVE('',#260,#238,#277,.T.);
#277 = LINE('',#278,#279);
#278 = CARTESIAN_POINT('',(-5.5,8.2,0.));
#279 = VECTOR('',#280,1.);
#280 = DIRECTION('',(1.,0.,0.));
#281 = PLANE('',#282);
#282 = AXIS2_PLACEMENT_3D('',#283,#284,#285);
#283 = CARTESIAN_POINT('',(-5.5,8.2,0.));
#284 = DIRECTION('',(0.,1.,0.));
#285 = DIRECTION('',(1.,0.,0.));
#286 = ADVANCED_FACE('',(#287),#312,.F.);
#287 = FACE_BOUND('',#288,.F.);
#288 = EDGE_LOOP('',(#289,#299,#305,#306));
#289 = ORIENTED_EDGE('',*,*,#290,.T.);
#290 = EDGE_CURVE('',#291,#293,#295,.T.);
#291 = VERTEX_POINT('',#292);
#292 = CARTESIAN_POINT('',(-5.5,6.56066017178,0.));
#293 = VERTEX_POINT('',#294);
#294 = CARTESIAN_POINT('',(-5.5,6.56066017178,100.));
#295 = LINE('',#296,#297);
#296 = CARTESIAN_POINT('',(-5.5,6.56066017178,0.));
#297 = VECTOR('',#298,1.);
#298 = DIRECTION('',(0.,0.,1.));
#299 = ORIENTED_EDGE('',*,*,#300,.T.);
#300 = EDGE_CURVE('',#293,#262,#301,.T.);
#301 = LINE('',#302,#303);
#302 = CARTESIAN_POINT('',(-5.5,6.56066017178,100.));
#303 = VECTOR('',#304,1.);
#304 = DIRECTION('',(0.,1.,0.));
#305 = ORIENTED_EDGE('',*,*,#259,.F.);
#306 = ORIENTED_EDGE('',*,*,#307,.F.);
#307 = EDGE_CURVE('',#291,#260,#308,.T.);
#308 = LINE('',#309,#310);
#309 = CARTESIAN_POINT('',(-5.5,6.56066017178,0.));
#310 = VECTOR('',#311,1.);
#311 = DIRECTION('',(0.,1.,0.));
#312 = PLANE('',#313);
#313 = AXIS2_PLACEMENT_3D('',#314,#315,#316);
#314 = CARTESIAN_POINT('',(-5.5,6.56066017178,0.));
#315 = DIRECTION('',(-1.,0.,0.));
#316 = DIRECTION('',(0.,1.,0.));
#317 = ADVANCED_FACE('',(#318),#343,.T.);
#318 = FACE_BOUND('',#319,.T.);
#319 = EDGE_LOOP('',(#320,#321,#329,#337));
#320 = ORIENTED_EDGE('',*,*,#290,.T.);
#321 = ORIENTED_EDGE('',*,*,#322,.T.);
#322 = EDGE_CURVE('',#293,#323,#325,.T.);
#323 = VERTEX_POINT('',#324);
#324 = CARTESIAN_POINT('',(-2.83933982822,3.9,100.));
#325 = LINE('',#326,#327);
#326 = CARTESIAN_POINT('',(-5.5,6.56066017178,100.));
#327 = VECTOR('',#328,1.);
#328 = DIRECTION('',(0.707106781187,-0.707106781187,0.));
#329 = ORIENTED_EDGE('',*,*,#330,.F.);
#330 = EDGE_CURVE('',#331,#323,#333,.T.);
#331 = VERTEX_POINT('',#332);
#332 = CARTESIAN_POINT('',(-2.83933982822,3.9,0.));
#333 = LINE('',#334,#335);
#334 = CARTESIAN_POINT('',(-2.83933982822,3.9,0.));
#335 = VECTOR('',#336,1.);
#336 = DIRECTION('',(0.,0.,1.));
#337 = ORIENTED_EDGE('',*,*,#338,.F.);
#338 = EDGE_CURVE('',#291,#331,#339,.T.);
#339 = LINE('',#340,#341);
#340 = CARTESIAN_POINT('',(-5.5,6.56066017178,0.));
#341 = VECTOR('',#342,1.);
#342 = DIRECTION('',(0.707106781187,-0.707106781187,0.));
#343 = PLANE('',#344);
#344 = AXIS2_PLACEMENT_3D('',#345,#346,#347);
#345 = CARTESIAN_POINT('',(-5.5,6.56066017178,0.));
#346 = DIRECTION('',(0.707106781187,0.707106781187,0.));
#347 = DIRECTION('',(0.707106781187,-0.707106781187,0.));
#348 = ADVANCED_FACE('',(#349),#374,.T.);
#349 = FACE_BOUND('',#350,.T.);
#350 = EDGE_LOOP('',(#351,#352,#360,#368));
#351 = ORIENTED_EDGE('',*,*,#330,.T.);
#352 = ORIENTED_EDGE('',*,*,#353,.T.);
#353 = EDGE_CURVE('',#323,#354,#356,.T.);
#354 = VERTEX_POINT('',#355);
#355 = CARTESIAN_POINT('',(2.83933982822,3.9,100.));
#356 = LINE('',#357,#358);
#357 = CARTESIAN_POINT('',(-2.83933982822,3.9,100.));
#358 = VECTOR('',#359,1.);
#359 = DIRECTION('',(1.,0.,0.));
#360 = ORIENTED_EDGE('',*,*,#361,.F.);
#361 = EDGE_CURVE('',#362,#354,#364,.T.);
#362 = VERTEX_POINT('',#363);
#363 = CARTESIAN_POINT('',(2.83933982822,3.9,0.));
#364 = LINE('',#365,#366);
#365 = CARTESIAN_POINT('',(2.83933982822,3.9,0.));
#366 = VECTOR('',#367,1.);
#367 = DIRECTION('',(0.,0.,1.));
#368 = ORIENTED_EDGE('',*,*,#369,.F.);
#369 = EDGE_CURVE('',#331,#362,#370,.T.);
#370 = LINE('',#371,#372);
#371 = CARTESIAN_POINT('',(-2.83933982822,3.9,0.));
#372 = VECTOR('',#373,1.);
#373 = DIRECTION('',(1.,0.,0.));
#374 = PLANE('',#375);
#375 = AXIS2_PLACEMENT_3D('',#376,#377,#378);
#376 = CARTESIAN_POINT('',(-2.83933982822,3.9,0.));
#377 = DIRECTION('',(0.,1.,0.));
#378 = DIRECTION('',(1.,0.,0.));
#379 = ADVANCED_FACE('',(#380),#405,.T.);
#380 = FACE_BOUND('',#381,.T.);
#381 = EDGE_LOOP('',(#382,#383,#391,#399));
#382 = ORIENTED_EDGE('',*,*,#361,.T.);
#383 = ORIENTED_EDGE('',*,*,#384,.T.);
#384 = EDGE_CURVE('',#354,#385,#387,.T.);
#385 = VERTEX_POINT('',#386);
#386 = CARTESIAN_POINT('',(5.5,6.56066017178,100.));
#387 = LINE('',#388,#389);
#388 = CARTESIAN_POINT('',(2.83933982822,3.9,100.));
#389 = VECTOR('',#390,1.);
#390 = DIRECTION('',(0.707106781187,0.707106781187,0.));
#391 = ORIENTED_EDGE('',*,*,#392,.F.);
#392 = EDGE_CURVE('',#393,#385,#395,.T.);
#393 = VERTEX_POINT('',#394);
#394 = CARTESIAN_POINT('',(5.5,6.56066017178,0.));
#395 = LINE('',#396,#397);
#396 = CARTESIAN_POINT('',(5.5,6.56066017178,0.));
#397 = VECTOR('',#398,1.);
#398 = DIRECTION('',(0.,0.,1.));
#399 = ORIENTED_EDGE('',*,*,#400,.F.);
#400 = EDGE_CURVE('',#362,#393,#401,.T.);
#401 = LINE('',#402,#403);
#402 = CARTESIAN_POINT('',(2.83933982822,3.9,0.));
#403 = VECTOR('',#404,1.);
#404 = DIRECTION('',(0.707106781187,0.707106781187,0.));
#405 = PLANE('',#406);
#406 = AXIS2_PLACEMENT_3D('',#407,#408,#409);
#407 = CARTESIAN_POINT('',(2.83933982822,3.9,0.));
#408 = DIRECTION('',(-0.707106781187,0.707106781187,0.));
#409 = DIRECTION('',(0.707106781187,0.707106781187,0.));
#410 = ADVANCED_FACE('',(#411),#436,.T.);
#411 = FACE_BOUND('',#412,.T.);
#412 = EDGE_LOOP('',(#413,#414,#422,#430));
#413 = ORIENTED_EDGE('',*,*,#392,.T.);
#414 = ORIENTED_EDGE('',*,*,#415,.T.);
#415 = EDGE_CURVE('',#385,#416,#418,.T.);
#416 = VERTEX_POINT('',#417);
#417 = CARTESIAN_POINT('',(5.5,8.2,100.));
#418 = LINE('',#419,#420);
#419 = CARTESIAN_POINT('',(5.5,6.56066017178,100.));
#420 = VECTOR('',#421,1.);
#421 = DIRECTION('',(0.,1.,0.));
#422 = ORIENTED_EDGE('',*,*,#423,.F.);
#423 = EDGE_CURVE('',#424,#416,#426,.T.);
#424 = VERTEX_POINT('',#425);
#425 = CARTESIAN_POINT('',(5.5,8.2,0.));
#426 = LINE('',#427,#428);
#427 = CARTESIAN_POINT('',(5.5,8.2,0.));
#428 = VECTOR('',#429,1.);
#429 = DIRECTION('',(0.,0.,1.));
#430 = ORIENTED_EDGE('',*,*,#431,.F.);
#431 = EDGE_CURVE('',#393,#424,#432,.T.);
#432 = LINE('',#433,#434);
#433 = CARTESIAN_POINT('',(5.5,6.56066017178,0.));
#434 = VECTOR('',#435,1.);
#435 = DIRECTION('',(0.,1.,0.));
#436 = PLANE('',#437);
#437 = AXIS2_PLACEMENT_3D('',#438,#439,#440);
#438 = CARTESIAN_POINT('',(5.5,6.56066017178,0.));
#439 = DIRECTION('',(-1.,0.,0.));
#440 = DIRECTION('',(0.,1.,0.));
#441 = ADVANCED_FACE('',(#442),#467,.T.);
#442 = FACE_BOUND('',#443,.T.);
#443 = EDGE_LOOP('',(#444,#445,#453,#461));
#444 = ORIENTED_EDGE('',*,*,#423,.T.);
#445 = ORIENTED_EDGE('',*,*,#446,.T.);
#446 = EDGE_CURVE('',#416,#447,#449,.T.);
#447 = VERTEX_POINT('',#448);
#448 = CARTESIAN_POINT('',(3.125,8.2,100.));
#449 = LINE('',#450,#451);
#450 = CARTESIAN_POINT('',(5.5,8.2,100.));
#451 = VECTOR('',#452,1.);
#452 = DIRECTION('',(-1.,0.,0.));
#453 = ORIENTED_EDGE('',*,*,#454,.F.);
#454 = EDGE_CURVE('',#455,#447,#457,.T.);
#455 = VERTEX_POINT('',#456);
#456 = CARTESIAN_POINT('',(3.125,8.2,0.));
#457 = LINE('',#458,#459);
#458 = CARTESIAN_POINT('',(3.125,8.2,0.));
#459 = VECTOR('',#460,1.);
#460 = DIRECTION('',(0.,0.,1.));
#461 = ORIENTED_EDGE('',*,*,#462,.F.);
#462 = EDGE_CURVE('',#424,#455,#463,.T.);
#463 = LINE('',#464,#465);
#464 = CARTESIAN_POINT('',(5.5,8.2,0.));
#465 = VECTOR('',#466,1.);
#466 = DIRECTION('',(-1.,0.,0.));
#467 = PLANE('',#468);
#468 = AXIS2_PLACEMENT_3D('',#469,#470,#471);
#469 = CARTESIAN_POINT('',(5.5,8.2,0.));
#470 = DIRECTION('',(0.,-1.,0.));
#471 = DIRECTION('',(-1.,0.,0.));
#472 = ADVANCED_FACE('',(#473),#498,.F.);
#473 = FACE_BOUND('',#474,.F.);
#474 = EDGE_LOOP('',(#475,#485,#491,#492));
#475 = ORIENTED_EDGE('',*,*,#476,.T.);
#476 = EDGE_CURVE('',#477,#479,#481,.T.);
#477 = VERTEX_POINT('',#478);
#478 = CARTESIAN_POINT('',(3.125,8.545,0.));
#479 = VERTEX_POINT('',#480);
#480 = CARTESIAN_POINT('',(3.125,8.545,100.));
#481 = LINE('',#482,#483);
#482 = CARTESIAN_POINT('',(3.125,8.545,0.));
#483 = VECTOR('',#484,1.);
#484 = DIRECTION('',(0.,0.,1.));
#485 = ORIENTED_EDGE('',*,*,#486,.T.);
#486 = EDGE_CURVE('',#479,#447,#487,.T.);
#487 = LINE('',#488,#489);
#488 = CARTESIAN_POINT('',(3.125,8.545,100.));
#489 = VECTOR('',#490,1.);
#490 = DIRECTION('',(0.,-1.,0.));
#491 = ORIENTED_EDGE('',*,*,#454,.F.);
#492 = ORIENTED_EDGE('',*,*,#493,.F.);
#493 = EDGE_CURVE('',#477,#455,#494,.T.);
#494 = LINE('',#495,#496);
#495 = CARTESIAN_POINT('',(3.125,8.545,0.));
#496 = VECTOR('',#497,1.);
#497 = DIRECTION('',(0.,-1.,0.));
#498 = PLANE('',#499);
#499 = AXIS2_PLACEMENT_3D('',#500,#501,#502);
#500 = CARTESIAN_POINT('',(3.125,8.545,0.));
#501 = DIRECTION('',(1.,0.,0.));
#502 = DIRECTION('',(0.,-1.,0.));
#503 = ADVANCED_FACE('',(#504),#529,.F.);
#504 = FACE_BOUND('',#505,.F.);
#505 = EDGE_LOOP('',(#506,#516,#522,#523));
#506 = ORIENTED_EDGE('',*,*,#507,.T.);
#507 = EDGE_CURVE('',#508,#510,#512,.T.);
#508 = VERTEX_POINT('',#509);
#509 = CARTESIAN_POINT('',(4.58,10.,0.));
#510 = VERTEX_POINT('',#511);
#511 = CARTESIAN_POINT('',(4.58,10.,100.));
#512 = LINE('',#513,#514);
#513 = CARTESIAN_POINT('',(4.58,10.,0.));
#514 = VECTOR('',#515,1.);
#515 = DIRECTION('',(0.,0.,1.));
#516 = ORIENTED_EDGE('',*,*,#517,.T.);
#517 = EDGE_CURVE('',#510,#479,#518,.T.);
#518 = LINE('',#519,#520);
#519 = CARTESIAN_POINT('',(4.58,10.,100.));
#520 = VECTOR('',#521,1.);
#521 = DIRECTION('',(-0.707106781187,-0.707106781187,0.));
#522 = ORIENTED_EDGE('',*,*,#476,.F.);
#523 = ORIENTED_EDGE('',*,*,#524,.F.);
#524 = EDGE_CURVE('',#508,#477,#525,.T.);
#525 = LINE('',#526,#527);
#526 = CARTESIAN_POINT('',(4.58,10.,0.));
#527 = VECTOR('',#528,1.);
#528 = DIRECTION('',(-0.707106781187,-0.707106781187,0.));
#529 = PLANE('',#530);
#530 = AXIS2_PLACEMENT_3D('',#531,#532,#533);
#531 = CARTESIAN_POINT('',(4.58,10.,0.));
#532 = DIRECTION('',(0.707106781187,-0.707106781187,0.));
#533 = DIRECTION('',(-0.707106781187,-0.707106781187,0.));
#534 = ADVANCED_FACE('',(#535),#560,.T.);
#535 = FACE_BOUND('',#536,.T.);
#536 = EDGE_LOOP('',(#537,#538,#546,#554));
#537 = ORIENTED_EDGE('',*,*,#507,.T.);
#538 = ORIENTED_EDGE('',*,*,#539,.T.);
#539 = EDGE_CURVE('',#510,#540,#542,.T.);
#540 = VERTEX_POINT('',#541);
#541 = CARTESIAN_POINT('',(10.,10.,100.));
#542 = LINE('',#543,#544);
#543 = CARTESIAN_POINT('',(4.58,10.,100.));
#544 = VECTOR('',#545,1.);
#545 = DIRECTION('',(1.,0.,0.));
#546 = ORIENTED_EDGE('',*,*,#547,.F.);
#547 = EDGE_CURVE('',#548,#540,#550,.T.);
#548 = VERTEX_POINT('',#549);
#549 = CARTESIAN_POINT('',(10.,10.,0.));
#550 = LINE('',#551,#552);
#551 = CARTESIAN_POINT('',(10.,10.,0.));
#552 = VECTOR('',#553,1.);
#553 = DIRECTION('',(0.,0.,1.));
#554 = ORIENTED_EDGE('',*,*,#555,.F.);
#555 = EDGE_CURVE('',#508,#548,#556,.T.);
#556 = LINE('',#557,#558);
#557 = CARTESIAN_POINT('',(4.58,10.,0.));
#558 = VECTOR('',#559,1.);
#559 = DIRECTION('',(1.,0.,0.));
#560 = PLANE('',#561);
#561 = AXIS2_PLACEMENT_3D('',#562,#563,#564);
#562 = CARTESIAN_POINT('',(4.58,10.,0.));
#563 = DIRECTION('',(0.,1.,0.));
#564 = DIRECTION('',(1.,0.,0.));
#565 = ADVANCED_FACE('',(#566),#591,.T.);
#566 = FACE_BOUND('',#567,.T.);
#567 = EDGE_LOOP('',(#568,#569,#577,#585));
#568 = ORIENTED_EDGE('',*,*,#547,.T.);
#569 = ORIENTED_EDGE('',*,*,#570,.T.);
#570 = EDGE_CURVE('',#540,#571,#573,.T.);
#571 = VERTEX_POINT('',#572);
#572 = CARTESIAN_POINT('',(10.,4.58,100.));
#573 = LINE('',#574,#575);
#574 = CARTESIAN_POINT('',(10.,10.,100.));
#575 = VECTOR('',#576,1.);
#576 = DIRECTION('',(0.,-1.,0.));
#577 = ORIENTED_EDGE('',*,*,#578,.F.);
#578 = EDGE_CURVE('',#579,#571,#581,.T.);
#579 = VERTEX_POINT('',#580);
#580 = CARTESIAN_POINT('',(10.,4.58,0.));
#581 = LINE('',#582,#583);
#582 = CARTESIAN_POINT('',(10.,4.58,0.));
#583 = VECTOR('',#584,1.);
#584 = DIRECTION('',(0.,0.,1.));
#585 = ORIENTED_EDGE('',*,*,#586,.F.);
#586 = EDGE_CURVE('',#548,#579,#587,.T.);
#587 = LINE('',#588,#589);
#588 = CARTESIAN_POINT('',(10.,10.,0.));
#589 = VECTOR('',#590,1.);
#590 = DIRECTION('',(0.,-1.,0.));
#591 = PLANE('',#592);
#592 = AXIS2_PLACEMENT_3D('',#593,#594,#595);
#593 = CARTESIAN_POINT('',(10.,10.,0.));
#594 = DIRECTION('',(1.,0.,0.));
#595 = DIRECTION('',(0.,-1.,0.));
#596 = ADVANCED_FACE('',(#597),#622,.T.);
#597 = FACE_BOUND('',#598,.T.);
#598 = EDGE_LOOP('',(#599,#600,#608,#616));
#599 = ORIENTED_EDGE('',*,*,#578,.T.);
#600 = ORIENTED_EDGE('',*,*,#601,.T.);
#601 = EDGE_CURVE('',#571,#602,#604,.T.);
#602 = VERTEX_POINT('',#603);
#603 = CARTESIAN_POINT('',(8.545,3.125,100.));
#604 = LINE('',#605,#606);
#605 = CARTESIAN_POINT('',(10.,4.58,100.));
#606 = VECTOR('',#607,1.);
#607 = DIRECTION('',(-0.707106781187,-0.707106781187,0.));
#608 = ORIENTED_EDGE('',*,*,#609,.F.);
#609 = EDGE_CURVE('',#610,#602,#612,.T.);
#610 = VERTEX_POINT('',#611);
#611 = CARTESIAN_POINT('',(8.545,3.125,0.));
#612 = LINE('',#613,#614);
#613 = CARTESIAN_POINT('',(8.545,3.125,0.));
#614 = VECTOR('',#615,1.);
#615 = DIRECTION('',(0.,0.,1.));
#616 = ORIENTED_EDGE('',*,*,#617,.F.);
#617 = EDGE_CURVE('',#579,#610,#618,.T.);
#618 = LINE('',#619,#620);
#619 = CARTESIAN_POINT('',(10.,4.58,0.));
#620 = VECTOR('',#621,1.);
#621 = DIRECTION('',(-0.707106781187,-0.707106781187,0.));
#622 = PLANE('',#623);
#623 = AXIS2_PLACEMENT_3D('',#624,#625,#626);
#624 = CARTESIAN_POINT('',(10.,4.58,0.));
#625 = DIRECTION('',(0.707106781187,-0.707106781187,0.));
#626 = DIRECTION('',(-0.707106781187,-0.707106781187,0.));
#627 = ADVANCED_FACE('',(#628),#653,.F.);
#628 = FACE_BOUND('',#629,.F.);
#629 = EDGE_LOOP('',(#630,#640,#646,#647));
#630 = ORIENTED_EDGE('',*,*,#631,.T.);
#631 = EDGE_CURVE('',#632,#634,#636,.T.);
#632 = VERTEX_POINT('',#633);
#633 = CARTESIAN_POINT('',(8.2,3.125,0.));
#634 = VERTEX_POINT('',#635);
#635 = CARTESIAN_POINT('',(8.2,3.125,100.));
#636 = LINE('',#637,#638);
#637 = CARTESIAN_POINT('',(8.2,3.125,0.));
#638 = VECTOR('',#639,1.);
#639 = DIRECTION('',(0.,0.,1.));
#640 = ORIENTED_EDGE('',*,*,#641,.T.);
#641 = EDGE_CURVE('',#634,#602,#642,.T.);
#642 = LINE('',#643,#644);
#643 = CARTESIAN_POINT('',(8.2,3.125,100.));
#644 = VECTOR('',#645,1.);
#645 = DIRECTION('',(1.,0.,0.));
#646 = ORIENTED_EDGE('',*,*,#609,.F.);
#647 = ORIENTED_EDGE('',*,*,#648,.F.);
#648 = EDGE_CURVE('',#632,#610,#649,.T.);
#649 = LINE('',#650,#651);
#650 = CARTESIAN_POINT('',(8.2,3.125,0.));
#651 = VECTOR('',#652,1.);
#652 = DIRECTION('',(1.,0.,0.));
#653 = PLANE('',#654);
#654 = AXIS2_PLACEMENT_3D('',#655,#656,#657);
#655 = CARTESIAN_POINT('',(8.2,3.125,0.));
#656 = DIRECTION('',(0.,1.,0.));
#657 = DIRECTION('',(1.,0.,0.));
#658 = ADVANCED_FACE('',(#659),#684,.F.);
#659 = FACE_BOUND('',#660,.F.);
#660 = EDGE_LOOP('',(#661,#671,#677,#678));
#661 = ORIENTED_EDGE('',*,*,#662,.T.);
#662 = EDGE_CURVE('',#663,#665,#667,.T.);
#663 = VERTEX_POINT('',#664);
#664 = CARTESIAN_POINT('',(8.2,5.5,0.));
#665 = VERTEX_POINT('',#666);
#666 = CARTESIAN_POINT('',(8.2,5.5,100.));
#667 = LINE('',#668,#669);
#668 = CARTESIAN_POINT('',(8.2,5.5,0.));
#669 = VECTOR('',#670,1.);
#670 = DIRECTION('',(0.,0.,1.));
#671 = ORIENTED_EDGE('',*,*,#672,.T.);
#672 = EDGE_CURVE('',#665,#634,#673,.T.);
#673 = LINE('',#674,#675);
#674 = CARTESIAN_POINT('',(8.2,5.5,100.));
#675 = VECTOR('',#676,1.);
#676 = DIRECTION('',(0.,-1.,0.));
#677 = ORIENTED_EDGE('',*,*,#631,.F.);
#678 = ORIENTED_EDGE('',*,*,#679,.F.);
#679 = EDGE_CURVE('',#663,#632,#680,.T.);
#680 = LINE('',#681,#682);
#681 = CARTESIAN_POINT('',(8.2,5.5,0.));
#682 = VECTOR('',#683,1.);
#683 = DIRECTION('',(0.,-1.,0.));
#684 = PLANE('',#685);
#685 = AXIS2_PLACEMENT_3D('',#686,#687,#688);
#686 = CARTESIAN_POINT('',(8.2,5.5,0.));
#687 = DIRECTION('',(1.,0.,0.));
#688 = DIRECTION('',(0.,-1.,0.));
#689 = ADVANCED_FACE('',(#690),#715,.F.);
#690 = FACE_BOUND('',#691,.F.);
#691 = EDGE_LOOP('',(#692,#702,#708,#709));
#692 = ORIENTED_EDGE('',*,*,#693,.T.);
#693 = EDGE_CURVE('',#694,#696,#698,.T.);
#694 = VERTEX_POINT('',#695);
#695 = CARTESIAN_POINT('',(6.56066017178,5.5,0.));
#696 = VERTEX_POINT('',#697);
#697 = CARTESIAN_POINT('',(6.56066017178,5.5,100.));
#698 = LINE('',#699,#700);
#699 = CARTESIAN_POINT('',(6.56066017178,5.5,0.));
#700 = VECTOR('',#701,1.);
#701 = DIRECTION('',(0.,0.,1.));
#702 = ORIENTED_EDGE('',*,*,#703,.T.);
#703 = EDGE_CURVE('',#696,#665,#704,.T.);
#704 = LINE('',#705,#706);
#705 = CARTESIAN_POINT('',(6.56066017178,5.5,100.));
#706 = VECTOR('',#707,1.);
#707 = DIRECTION('',(1.,0.,0.));
#708 = ORIENTED_EDGE('',*,*,#662,.F.);
#709 = ORIENTED_EDGE('',*,*,#710,.F.);
#710 = EDGE_CURVE('',#694,#663,#711,.T.);
#711 = LINE('',#712,#713);
#712 = CARTESIAN_POINT('',(6.56066017178,5.5,0.));
#713 = VECTOR('',#714,1.);
#714 = DIRECTION('',(1.,0.,0.));
#715 = PLANE('',#716);
#716 = AXIS2_PLACEMENT_3D('',#717,#718,#719);
#717 = CARTESIAN_POINT('',(6.56066017178,5.5,0.));
#718 = DIRECTION('',(0.,1.,0.));
#719 = DIRECTION('',(1.,0.,0.));
#720 = ADVANCED_FACE('',(#721),#746,.F.);
#721 = FACE_BOUND('',#722,.F.);
#722 = EDGE_LOOP('',(#723,#733,#739,#740));
#723 = ORIENTED_EDGE('',*,*,#724,.T.);
#724 = EDGE_CURVE('',#725,#727,#729,.T.);
#725 = VERTEX_POINT('',#726);
#726 = CARTESIAN_POINT('',(3.9,2.83933982822,0.));
#727 = VERTEX_POINT('',#728);
#728 = CARTESIAN_POINT('',(3.9,2.83933982822,100.));
#729 = LINE('',#730,#731);
#730 = CARTESIAN_POINT('',(3.9,2.83933982822,0.));
#731 = VECTOR('',#732,1.);
#732 = DIRECTION('',(0.,0.,1.));
#733 = ORIENTED_EDGE('',*,*,#734,.T.);
#734 = EDGE_CURVE('',#727,#696,#735,.T.);
#735 = LINE('',#736,#737);
#736 = CARTESIAN_POINT('',(3.9,2.83933982822,100.));
#737 = VECTOR('',#738,1.);
#738 = DIRECTION('',(0.707106781187,0.707106781187,0.));
#739 = ORIENTED_EDGE('',*,*,#693,.F.);
#740 = ORIENTED_EDGE('',*,*,#741,.F.);
#741 = EDGE_CURVE('',#725,#694,#742,.T.);
#742 = LINE('',#743,#744);
#743 = CARTESIAN_POINT('',(3.9,2.83933982822,0.));
#744 = VECTOR('',#745,1.);
#745 = DIRECTION('',(0.707106781187,0.707106781187,0.));
#746 = PLANE('',#747);
#747 = AXIS2_PLACEMENT_3D('',#748,#749,#750);
#748 = CARTESIAN_POINT('',(3.9,2.83933982822,0.));
#749 = DIRECTION('',(-0.707106781187,0.707106781187,0.));
#750 = DIRECTION('',(0.707106781187,0.707106781187,0.));
#751 = ADVANCED_FACE('',(#752),#777,.T.);
#752 = FACE_BOUND('',#753,.T.);
#753 = EDGE_LOOP('',(#754,#755,#763,#771));
#754 = ORIENTED_EDGE('',*,*,#724,.T.);
#755 = ORIENTED_EDGE('',*,*,#756,.T.);
#756 = EDGE_CURVE('',#727,#757,#759,.T.);
#757 = VERTEX_POINT('',#758);
#758 = CARTESIAN_POINT('',(3.9,-2.83933982822,100.));
#759 = LINE('',#760,#761);
#760 = CARTESIAN_POINT('',(3.9,2.83933982822,100.));
#761 = VECTOR('',#762,1.);
#762 = DIRECTION('',(0.,-1.,0.));
#763 = ORIENTED_EDGE('',*,*,#764,.F.);
#764 = EDGE_CURVE('',#765,#757,#767,.T.);
#765 = VERTEX_POINT('',#766);
#766 = CARTESIAN_POINT('',(3.9,-2.83933982822,0.));
#767 = LINE('',#768,#769);
#768 = CARTESIAN_POINT('',(3.9,-2.83933982822,0.));
#769 = VECTOR('',#770,1.);
#770 = DIRECTION('',(0.,0.,1.));
#771 = ORIENTED_EDGE('',*,*,#772,.F.);
#772 = EDGE_CURVE('',#725,#765,#773,.T.);
#773 = LINE('',#774,#775);
#774 = CARTESIAN_POINT('',(3.9,2.83933982822,0.));
#775 = VECTOR('',#776,1.);
#776 = DIRECTION('',(0.,-1.,0.));
#777 = PLANE('',#778);
#778 = AXIS2_PLACEMENT_3D('',#779,#780,#781);
#779 = CARTESIAN_POINT('',(3.9,2.83933982822,0.));
#780 = DIRECTION('',(1.,0.,0.));
#781 = DIRECTION('',(0.,-1.,0.));
#782 = ADVANCED_FACE('',(#783),#808,.T.);
#783 = FACE_BOUND('',#784,.T.);
#784 = EDGE_LOOP('',(#785,#786,#794,#802));
#785 = ORIENTED_EDGE('',*,*,#764,.T.);
#786 = ORIENTED_EDGE('',*,*,#787,.T.);
#787 = EDGE_CURVE('',#757,#788,#790,.T.);
#788 = VERTEX_POINT('',#789);
#789 = CARTESIAN_POINT('',(6.56066017178,-5.5,100.));
#790 = LINE('',#791,#792);
#791 = CARTESIAN_POINT('',(3.9,-2.83933982822,100.));
#792 = VECTOR('',#793,1.);
#793 = DIRECTION('',(0.707106781187,-0.707106781187,0.));
#794 = ORIENTED_EDGE('',*,*,#795,.F.);
#795 = EDGE_CURVE('',#796,#788,#798,.T.);
#796 = VERTEX_POINT('',#797);
#797 = CARTESIAN_POINT('',(6.56066017178,-5.5,0.));
#798 = LINE('',#799,#800);
#799 = CARTESIAN_POINT('',(6.56066017178,-5.5,0.));
#800 = VECTOR('',#801,1.);
#801 = DIRECTION('',(0.,0.,1.));
#802 = ORIENTED_EDGE('',*,*,#803,.F.);
#803 = EDGE_CURVE('',#765,#796,#804,.T.);
#804 = LINE('',#805,#806);
#805 = CARTESIAN_POINT('',(3.9,-2.83933982822,0.));
#806 = VECTOR('',#807,1.);
#807 = DIRECTION('',(0.707106781187,-0.707106781187,0.));
#808 = PLANE('',#809);
#809 = AXIS2_PLACEMENT_3D('',#810,#811,#812);
#810 = CARTESIAN_POINT('',(3.9,-2.83933982822,0.));
#811 = DIRECTION('',(0.707106781187,0.707106781187,0.));
#812 = DIRECTION('',(0.707106781187,-0.707106781187,0.));
#813 = ADVANCED_FACE('',(#814),#839,.T.);
#814 = FACE_BOUND('',#815,.T.);
#815 = EDGE_LOOP('',(#816,#817,#825,#833));
#816 = ORIENTED_EDGE('',*,*,#795,.T.);
#817 = ORIENTED_EDGE('',*,*,#818,.T.);
#818 = EDGE_CURVE('',#788,#819,#821,.T.);
#819 = VERTEX_POINT('',#820);
#820 = CARTESIAN_POINT('',(8.2,-5.5,100.));
#821 = LINE('',#822,#823);
#822 = CARTESIAN_POINT('',(6.56066017178,-5.5,100.));
#823 = VECTOR('',#824,1.);
#824 = DIRECTION('',(1.,0.,0.));
#825 = ORIENTED_EDGE('',*,*,#826,.F.);
#826 = EDGE_CURVE('',#827,#819,#829,.T.);
#827 = VERTEX_POINT('',#828);
#828 = CARTESIAN_POINT('',(8.2,-5.5,0.));
#829 = LINE('',#830,#831);
#830 = CARTESIAN_POINT('',(8.2,-5.5,0.));
#831 = VECTOR('',#832,1.);
#832 = DIRECTION('',(0.,0.,1.));
#833 = ORIENTED_EDGE('',*,*,#834,.F.);
#834 = EDGE_CURVE('',#796,#827,#835,.T.);
#835 = LINE('',#836,#837);
#836 = CARTESIAN_POINT('',(6.56066017178,-5.5,0.));
#837 = VECTOR('',#838,1.);
#838 = DIRECTION('',(1.,0.,0.));
#839 = PLANE('',#840);
#840 = AXIS2_PLACEMENT_3D('',#841,#842,#843);
#841 = CARTESIAN_POINT('',(6.56066017178,-5.5,0.));
#842 = DIRECTION('',(0.,1.,0.));
#843 = DIRECTION('',(1.,0.,0.));
#844 = ADVANCED_FACE('',(#845),#870,.T.);
#845 = FACE_BOUND('',#846,.T.);
#846 = EDGE_LOOP('',(#847,#848,#856,#864));
#847 = ORIENTED_EDGE('',*,*,#826,.T.);
#848 = ORIENTED_EDGE('',*,*,#849,.T.);
#849 = EDGE_CURVE('',#819,#850,#852,.T.);
#850 = VERTEX_POINT('',#851);
#851 = CARTESIAN_POINT('',(8.2,-3.125,100.));
#852 = LINE('',#853,#854);
#853 = CARTESIAN_POINT('',(8.2,-5.5,100.));
#854 = VECTOR('',#855,1.);
#855 = DIRECTION('',(0.,1.,0.));
#856 = ORIENTED_EDGE('',*,*,#857,.F.);
#857 = EDGE_CURVE('',#858,#850,#860,.T.);
#858 = VERTEX_POINT('',#859);
#859 = CARTESIAN_POINT('',(8.2,-3.125,0.));
#860 = LINE('',#861,#862);
#861 = CARTESIAN_POINT('',(8.2,-3.125,0.));
#862 = VECTOR('',#863,1.);
#863 = DIRECTION('',(0.,0.,1.));
#864 = ORIENTED_EDGE('',*,*,#865,.F.);
#865 = EDGE_CURVE('',#827,#858,#866,.T.);
#866 = LINE('',#867,#868);
#867 = CARTESIAN_POINT('',(8.2,-5.5,0.));
#868 = VECTOR('',#869,1.);
#869 = DIRECTION('',(0.,1.,0.));
#870 = PLANE('',#871);
#871 = AXIS2_PLACEMENT_3D('',#872,#873,#874);
#872 = CARTESIAN_POINT('',(8.2,-5.5,0.));
#873 = DIRECTION('',(-1.,0.,0.));
#874 = DIRECTION('',(0.,1.,0.));
#875 = ADVANCED_FACE('',(#876),#901,.T.);
#876 = FACE_BOUND('',#877,.T.);
#877 = EDGE_LOOP('',(#878,#879,#887,#895));
#878 = ORIENTED_EDGE('',*,*,#857,.T.);
#879 = ORIENTED_EDGE('',*,*,#880,.T.);
#880 = EDGE_CURVE('',#850,#881,#883,.T.);
#881 = VERTEX_POINT('',#882);
#882 = CARTESIAN_POINT('',(8.545,-3.125,100.));
#883 = LINE('',#884,#885);
#884 = CARTESIAN_POINT('',(8.2,-3.125,100.));
#885 = VECTOR('',#886,1.);
#886 = DIRECTION('',(1.,-3.86E-15,0.));
#887 = ORIENTED_EDGE('',*,*,#888,.F.);
#888 = EDGE_CURVE('',#889,#881,#891,.T.);
#889 = VERTEX_POINT('',#890);
#890 = CARTESIAN_POINT('',(8.545,-3.125,0.));
#891 = LINE('',#892,#893);
#892 = CARTESIAN_POINT('',(8.545,-3.125,0.));
#893 = VECTOR('',#894,1.);
#894 = DIRECTION('',(0.,0.,1.));
#895 = ORIENTED_EDGE('',*,*,#896,.F.);
#896 = EDGE_CURVE('',#858,#889,#897,.T.);
#897 = LINE('',#898,#899);
#898 = CARTESIAN_POINT('',(8.2,-3.125,0.));
#899 = VECTOR('',#900,1.);
#900 = DIRECTION('',(1.,-3.86E-15,0.));
#901 = PLANE('',#902);
#902 = AXIS2_PLACEMENT_3D('',#903,#904,#905);
#903 = CARTESIAN_POINT('',(8.2,-3.125,0.));
#904 = DIRECTION('',(3.86E-15,1.,0.));
#905 = DIRECTION('',(1.,-3.86E-15,0.));
#906 = ADVANCED_FACE('',(#907),#932,.F.);
#907 = FACE_BOUND('',#908,.F.);
#908 = EDGE_LOOP('',(#909,#919,#925,#926));
#909 = ORIENTED_EDGE('',*,*,#910,.T.);
#910 = EDGE_CURVE('',#911,#913,#915,.T.);
#911 = VERTEX_POINT('',#912);
#912 = CARTESIAN_POINT('',(10.,-4.58,0.));
#913 = VERTEX_POINT('',#914);
#914 = CARTESIAN_POINT('',(10.,-4.58,100.));
#915 = LINE('',#916,#917);
#916 = CARTESIAN_POINT('',(10.,-4.58,0.));
#917 = VECTOR('',#918,1.);
#918 = DIRECTION('',(0.,0.,1.));
#919 = ORIENTED_EDGE('',*,*,#920,.T.);
#920 = EDGE_CURVE('',#913,#881,#921,.T.);
#921 = LINE('',#922,#923);
#922 = CARTESIAN_POINT('',(10.,-4.58,100.));
#923 = VECTOR('',#924,1.);
#924 = DIRECTION('',(-0.707106781187,0.707106781187,0.));
#925 = ORIENTED_EDGE('',*,*,#888,.F.);
#926 = ORIENTED_EDGE('',*,*,#927,.F.);
#927 = EDGE_CURVE('',#911,#889,#928,.T.);
#928 = LINE('',#929,#930);
#929 = CARTESIAN_POINT('',(10.,-4.58,0.));
#930 = VECTOR('',#931,1.);
#931 = DIRECTION('',(-0.707106781187,0.707106781187,0.));
#932 = PLANE('',#933);
#933 = AXIS2_PLACEMENT_3D('',#934,#935,#936);
#934 = CARTESIAN_POINT('',(10.,-4.58,0.));
#935 = DIRECTION('',(-0.707106781187,-0.707106781187,0.));
#936 = DIRECTION('',(-0.707106781187,0.707106781187,0.));
#937 = ADVANCED_FACE('',(#938),#963,.T.);
#938 = FACE_BOUND('',#939,.T.);
#939 = EDGE_LOOP('',(#940,#941,#949,#957));
#940 = ORIENTED_EDGE('',*,*,#910,.T.);
#941 = ORIENTED_EDGE('',*,*,#942,.T.);
#942 = EDGE_CURVE('',#913,#943,#945,.T.);
#943 = VERTEX_POINT('',#944);
#944 = CARTESIAN_POINT('',(10.,-10.,100.));
#945 = LINE('',#946,#947);
#946 = CARTESIAN_POINT('',(10.,-4.58,100.));
#947 = VECTOR('',#948,1.);
#948 = DIRECTION('',(0.,-1.,0.));
#949 = ORIENTED_EDGE('',*,*,#950,.F.);
#950 = EDGE_CURVE('',#951,#943,#953,.T.);
#951 = VERTEX_POINT('',#952);
#952 = CARTESIAN_POINT('',(10.,-10.,0.));
#953 = LINE('',#954,#955);
#954 = CARTESIAN_POINT('',(10.,-10.,0.));
#955 = VECTOR('',#956,1.);
#956 = DIRECTION('',(0.,0.,1.));
#957 = ORIENTED_EDGE('',*,*,#958,.F.);
#958 = EDGE_CURVE('',#911,#951,#959,.T.);
#959 = LINE('',#960,#961);
#960 = CARTESIAN_POINT('',(10.,-4.58,0.));
#961 = VECTOR('',#962,1.);
#962 = DIRECTION('',(0.,-1.,0.));
#963 = PLANE('',#964);
#964 = AXIS2_PLACEMENT_3D('',#965,#966,#967);
#965 = CARTESIAN_POINT('',(10.,-4.58,0.));
#966 = DIRECTION('',(1.,0.,0.));
#967 = DIRECTION('',(0.,-1.,0.));
#968 = ADVANCED_FACE('',(#969),#994,.T.);
#969 = FACE_BOUND('',#970,.T.);
#970 = EDGE_LOOP('',(#971,#972,#980,#988));
#971 = ORIENTED_EDGE('',*,*,#950,.T.);
#972 = ORIENTED_EDGE('',*,*,#973,.T.);
#973 = EDGE_CURVE('',#943,#974,#976,.T.);
#974 = VERTEX_POINT('',#975);
#975 = CARTESIAN_POINT('',(4.58,-10.,100.));
#976 = LINE('',#977,#978);
#977 = CARTESIAN_POINT('',(10.,-10.,100.));
#978 = VECTOR('',#979,1.);
#979 = DIRECTION('',(-1.,0.,0.));
#980 = ORIENTED_EDGE('',*,*,#981,.F.);
#981 = EDGE_CURVE('',#982,#974,#984,.T.);
#982 = VERTEX_POINT('',#983);
#983 = CARTESIAN_POINT('',(4.58,-10.,0.));
#984 = LINE('',#985,#986);
#985 = CARTESIAN_POINT('',(4.58,-10.,0.));
#986 = VECTOR('',#987,1.);
#987 = DIRECTION('',(0.,0.,1.));
#988 = ORIENTED_EDGE('',*,*,#989,.F.);
#989 = EDGE_CURVE('',#951,#982,#990,.T.);
#990 = LINE('',#991,#992);
#991 = CARTESIAN_POINT('',(10.,-10.,0.));
#992 = VECTOR('',#993,1.);
#993 = DIRECTION('',(-1.,0.,0.));
#994 = PLANE('',#995);
#995 = AXIS2_PLACEMENT_3D('',#996,#997,#998);
#996 = CARTESIAN_POINT('',(10.,-10.,0.));
#997 = DIRECTION('',(0.,-1.,0.));
#998 = DIRECTION('',(-1.,0.,0.));
#999 = ADVANCED_FACE('',(#1000),#1025,.T.);
#1000 = FACE_BOUND('',#1001,.T.);
#1001 = EDGE_LOOP('',(#1002,#1003,#1011,#1019));
#1002 = ORIENTED_EDGE('',*,*,#981,.T.);
#1003 = ORIENTED_EDGE('',*,*,#1004,.T.);
#1004 = EDGE_CURVE('',#974,#1005,#1007,.T.);
#1005 = VERTEX_POINT('',#1006);
#1006 = CARTESIAN_POINT('',(3.125,-8.545,100.));
#1007 = LINE('',#1008,#1009);
#1008 = CARTESIAN_POINT('',(4.58,-10.,100.));
#1009 = VECTOR('',#1010,1.);
#1010 = DIRECTION('',(-0.707106781187,0.707106781187,0.));
#1011 = ORIENTED_EDGE('',*,*,#1012,.F.);
#1012 = EDGE_CURVE('',#1013,#1005,#1015,.T.);
#1013 = VERTEX_POINT('',#1014);
#1014 = CARTESIAN_POINT('',(3.125,-8.545,0.));
#1015 = LINE('',#1016,#1017);
#1016 = CARTESIAN_POINT('',(3.125,-8.545,0.));
#1017 = VECTOR('',#1018,1.);
#1018 = DIRECTION('',(0.,0.,1.));
#1019 = ORIENTED_EDGE('',*,*,#1020,.F.);
#1020 = EDGE_CURVE('',#982,#1013,#1021,.T.);
#1021 = LINE('',#1022,#1023);
#1022 = CARTESIAN_POINT('',(4.58,-10.,0.));
#1023 = VECTOR('',#1024,1.);
#1024 = DIRECTION('',(-0.707106781187,0.707106781187,0.));
#1025 = PLANE('',#1026);
#1026 = AXIS2_PLACEMENT_3D('',#1027,#1028,#1029);
#1027 = CARTESIAN_POINT('',(4.58,-10.,0.));
#1028 = DIRECTION('',(-0.707106781187,-0.707106781187,0.));
#1029 = DIRECTION('',(-0.707106781187,0.707106781187,0.));
#1030 = ADVANCED_FACE('',(#1031),#1056,.F.);
#1031 = FACE_BOUND('',#1032,.F.);
#1032 = EDGE_LOOP('',(#1033,#1043,#1049,#1050));
#1033 = ORIENTED_EDGE('',*,*,#1034,.T.);
#1034 = EDGE_CURVE('',#1035,#1037,#1039,.T.);
#1035 = VERTEX_POINT('',#1036);
#1036 = CARTESIAN_POINT('',(3.125,-8.2,0.));
#1037 = VERTEX_POINT('',#1038);
#1038 = CARTESIAN_POINT('',(3.125,-8.2,100.));
#1039 = LINE('',#1040,#1041);
#1040 = CARTESIAN_POINT('',(3.125,-8.2,0.));
#1041 = VECTOR('',#1042,1.);
#1042 = DIRECTION('',(0.,0.,1.));
#1043 = ORIENTED_EDGE('',*,*,#1044,.T.);
#1044 = EDGE_CURVE('',#1037,#1005,#1045,.T.);
#1045 = LINE('',#1046,#1047);
#1046 = CARTESIAN_POINT('',(3.125,-8.2,100.));
#1047 = VECTOR('',#1048,1.);
#1048 = DIRECTION('',(1.29E-15,-1.,0.));
#1049 = ORIENTED_EDGE('',*,*,#1012,.F.);
#1050 = ORIENTED_EDGE('',*,*,#1051,.F.);
#1051 = EDGE_CURVE('',#1035,#1013,#1052,.T.);
#1052 = LINE('',#1053,#1054);
#1053 = CARTESIAN_POINT('',(3.125,-8.2,0.));
#1054 = VECTOR('',#1055,1.);
#1055 = DIRECTION('',(1.29E-15,-1.,0.));
#1056 = PLANE('',#1057);
#1057 = AXIS2_PLACEMENT_3D('',#1058,#1059,#1060);
#1058 = CARTESIAN_POINT('',(3.125,-8.2,0.));
#1059 = DIRECTION('',(1.,1.29E-15,0.));
#1060 = DIRECTION('',(1.29E-15,-1.,0.));
#1061 = ADVANCED_FACE('',(#1062),#1087,.F.);
#1062 = FACE_BOUND('',#1063,.F.);
#1063 = EDGE_LOOP('',(#1064,#1074,#1080,#1081));
#1064 = ORIENTED_EDGE('',*,*,#1065,.T.);
#1065 = EDGE_CURVE('',#1066,#1068,#1070,.T.);
#1066 = VERTEX_POINT('',#1067);
#1067 = CARTESIAN_POINT('',(5.5,-8.2,0.));
#1068 = VERTEX_POINT('',#1069);
#1069 = CARTESIAN_POINT('',(5.5,-8.2,100.));
#1070 = LINE('',#1071,#1072);
#1071 = CARTESIAN_POINT('',(5.5,-8.2,0.));
#1072 = VECTOR('',#1073,1.);
#1073 = DIRECTION('',(0.,0.,1.));
#1074 = ORIENTED_EDGE('',*,*,#1075,.T.);
#1075 = EDGE_CURVE('',#1068,#1037,#1076,.T.);
#1076 = LINE('',#1077,#1078);
#1077 = CARTESIAN_POINT('',(5.5,-8.2,100.));
#1078 = VECTOR('',#1079,1.);
#1079 = DIRECTION('',(-1.,0.,0.));
#1080 = ORIENTED_EDGE('',*,*,#1034,.F.);
#1081 = ORIENTED_EDGE('',*,*,#1082,.F.);
#1082 = EDGE_CURVE('',#1066,#1035,#1083,.T.);
#1083 = LINE('',#1084,#1085);
#1084 = CARTESIAN_POINT('',(5.5,-8.2,0.));
#1085 = VECTOR('',#1086,1.);
#1086 = DIRECTION('',(-1.,0.,0.));
#1087 = PLANE('',#1088);
#1088 = AXIS2_PLACEMENT_3D('',#1089,#1090,#1091);
#1089 = CARTESIAN_POINT('',(5.5,-8.2,0.));
#1090 = DIRECTION('',(0.,-1.,0.));
#1091 = DIRECTION('',(-1.,0.,0.));
#1092 = ADVANCED_FACE('',(#1093),#1118,.F.);
#1093 = FACE_BOUND('',#1094,.F.);
#1094 = EDGE_LOOP('',(#1095,#1105,#1111,#1112));
#1095 = ORIENTED_EDGE('',*,*,#1096,.T.);
#1096 = EDGE_CURVE('',#1097,#1099,#1101,.T.);
#1097 = VERTEX_POINT('',#1098);
#1098 = CARTESIAN_POINT('',(5.5,-6.56066017178,0.));
#1099 = VERTEX_POINT('',#1100);
#1100 = CARTESIAN_POINT('',(5.5,-6.56066017178,100.));
#1101 = LINE('',#1102,#1103);
#1102 = CARTESIAN_POINT('',(5.5,-6.56066017178,0.));
#1103 = VECTOR('',#1104,1.);
#1104 = DIRECTION('',(0.,0.,1.));
#1105 = ORIENTED_EDGE('',*,*,#1106,.T.);
#1106 = EDGE_CURVE('',#1099,#1068,#1107,.T.);
#1107 = LINE('',#1108,#1109);
#1108 = CARTESIAN_POINT('',(5.5,-6.56066017178,100.));
#1109 = VECTOR('',#1110,1.);
#1110 = DIRECTION('',(0.,-1.,0.));
#1111 = ORIENTED_EDGE('',*,*,#1065,.F.);
#1112 = ORIENTED_EDGE('',*,*,#1113,.F.);
#1113 = EDGE_CURVE('',#1097,#1066,#1114,.T.);
#1114 = LINE('',#1115,#1116);
#1115 = CARTESIAN_POINT('',(5.5,-6.56066017178,0.));
#1116 = VECTOR('',#1117,1.);
#1117 = DIRECTION('',(0.,-1.,0.));
#1118 = PLANE('',#1119);
#1119 = AXIS2_PLACEMENT_3D('',#1120,#1121,#1122);
#1120 = CARTESIAN_POINT('',(5.5,-6.56066017178,0.));
#1121 = DIRECTION('',(1.,0.,0.));
#1122 = DIRECTION('',(0.,-1.,0.));
#1123 = ADVANCED_FACE('',(#1124),#1149,.F.);
#1124 = FACE_BOUND('',#1125,.F.);
#1125 = EDGE_LOOP('',(#1126,#1136,#1142,#1143));
#1126 = ORIENTED_EDGE('',*,*,#1127,.T.);
#1127 = EDGE_CURVE('',#1128,#1130,#1132,.T.);
#1128 = VERTEX_POINT('',#1129);
#1129 = CARTESIAN_POINT('',(2.83933982822,-3.9,0.));
#1130 = VERTEX_POINT('',#1131);
#1131 = CARTESIAN_POINT('',(2.83933982822,-3.9,100.));
#1132 = LINE('',#1133,#1134);
#1133 = CARTESIAN_POINT('',(2.83933982822,-3.9,0.));
#1134 = VECTOR('',#1135,1.);
#1135 = DIRECTION('',(0.,0.,1.));
#1136 = ORIENTED_EDGE('',*,*,#1137,.T.);
#1137 = EDGE_CURVE('',#1130,#1099,#1138,.T.);
#1138 = LINE('',#1139,#1140);
#1139 = CARTESIAN_POINT('',(2.83933982822,-3.9,100.));
#1140 = VECTOR('',#1141,1.);
#1141 = DIRECTION('',(0.707106781187,-0.707106781187,0.));
#1142 = ORIENTED_EDGE('',*,*,#1096,.F.);
#1143 = ORIENTED_EDGE('',*,*,#1144,.F.);
#1144 = EDGE_CURVE('',#1128,#1097,#1145,.T.);
#1145 = LINE('',#1146,#1147);
#1146 = CARTESIAN_POINT('',(2.83933982822,-3.9,0.));
#1147 = VECTOR('',#1148,1.);
#1148 = DIRECTION('',(0.707106781187,-0.707106781187,0.));
#1149 = PLANE('',#1150);
#1150 = AXIS2_PLACEMENT_3D('',#1151,#1152,#1153);
#1151 = CARTESIAN_POINT('',(2.83933982822,-3.9,0.));
#1152 = DIRECTION('',(0.707106781187,0.707106781187,0.));
#1153 = DIRECTION('',(0.707106781187,-0.707106781187,0.));
#1154 = ADVANCED_FACE('',(#1155),#1180,.F.);
#1155 = FACE_BOUND('',#1156,.F.);
#1156 = EDGE_LOOP('',(#1157,#1167,#1173,#1174));
#1157 = ORIENTED_EDGE('',*,*,#1158,.T.);
#1158 = EDGE_CURVE('',#1159,#1161,#1163,.T.);
#1159 = VERTEX_POINT('',#1160);
#1160 = CARTESIAN_POINT('',(-2.83933982822,-3.9,0.));
#1161 = VERTEX_POINT('',#1162);
#1162 = CARTESIAN_POINT('',(-2.83933982822,-3.9,100.));
#1163 = LINE('',#1164,#1165);
#1164 = CARTESIAN_POINT('',(-2.83933982822,-3.9,0.));
#1165 = VECTOR('',#1166,1.);
#1166 = DIRECTION('',(0.,0.,1.));
#1167 = ORIENTED_EDGE('',*,*,#1168,.T.);
#1168 = EDGE_CURVE('',#1161,#1130,#1169,.T.);
#1169 = LINE('',#1170,#1171);
#1170 = CARTESIAN_POINT('',(-2.83933982822,-3.9,100.));
#1171 = VECTOR('',#1172,1.);
#1172 = DIRECTION('',(1.,0.,0.));
#1173 = ORIENTED_EDGE('',*,*,#1127,.F.);
#1174 = ORIENTED_EDGE('',*,*,#1175,.F.);
#1175 = EDGE_CURVE('',#1159,#1128,#1176,.T.);
#1176 = LINE('',#1177,#1178);
#1177 = CARTESIAN_POINT('',(-2.83933982822,-3.9,0.));
#1178 = VECTOR('',#1179,1.);
#1179 = DIRECTION('',(1.,0.,0.));
#1180 = PLANE('',#1181);
#1181 = AXIS2_PLACEMENT_3D('',#1182,#1183,#1184);
#1182 = CARTESIAN_POINT('',(-2.83933982822,-3.9,0.));
#1183 = DIRECTION('',(0.,1.,0.));
#1184 = DIRECTION('',(1.,0.,0.));
#1185 = ADVANCED_FACE('',(#1186),#1211,.T.);
#1186 = FACE_BOUND('',#1187,.T.);
#1187 = EDGE_LOOP('',(#1188,#1189,#1197,#1205));
#1188 = ORIENTED_EDGE('',*,*,#1158,.T.);
#1189 = ORIENTED_EDGE('',*,*,#1190,.T.);
#1190 = EDGE_CURVE('',#1161,#1191,#1193,.T.);
#1191 = VERTEX_POINT('',#1192);
#1192 = CARTESIAN_POINT('',(-5.5,-6.56066017178,100.));
#1193 = LINE('',#1194,#1195);
#1194 = CARTESIAN_POINT('',(-2.83933982822,-3.9,100.));
#1195 = VECTOR('',#1196,1.);
#1196 = DIRECTION('',(-0.707106781187,-0.707106781187,0.));
#1197 = ORIENTED_EDGE('',*,*,#1198,.F.);
#1198 = EDGE_CURVE('',#1199,#1191,#1201,.T.);
#1199 = VERTEX_POINT('',#1200);
#1200 = CARTESIAN_POINT('',(-5.5,-6.56066017178,0.));
#1201 = LINE('',#1202,#1203);
#1202 = CARTESIAN_POINT('',(-5.5,-6.56066017178,0.));
#1203 = VECTOR('',#1204,1.);
#1204 = DIRECTION('',(0.,0.,1.));
#1205 = ORIENTED_EDGE('',*,*,#1206,.F.);
#1206 = EDGE_CURVE('',#1159,#1199,#1207,.T.);
#1207 = LINE('',#1208,#1209);
#1208 = CARTESIAN_POINT('',(-2.83933982822,-3.9,0.));
#1209 = VECTOR('',#1210,1.);
#1210 = DIRECTION('',(-0.707106781187,-0.707106781187,0.));
#1211 = PLANE('',#1212);
#1212 = AXIS2_PLACEMENT_3D('',#1213,#1214,#1215);
#1213 = CARTESIAN_POINT('',(-2.83933982822,-3.9,0.));
#1214 = DIRECTION('',(0.707106781187,-0.707106781187,0.));
#1215 = DIRECTION('',(-0.707106781187,-0.707106781187,0.));
#1216 = ADVANCED_FACE('',(#1217),#1242,.T.);
#1217 = FACE_BOUND('',#1218,.T.);
#1218 = EDGE_LOOP('',(#1219,#1220,#1228,#1236));
#1219 = ORIENTED_EDGE('',*,*,#1198,.T.);
#1220 = ORIENTED_EDGE('',*,*,#1221,.T.);
#1221 = EDGE_CURVE('',#1191,#1222,#1224,.T.);
#1222 = VERTEX_POINT('',#1223);
#1223 = CARTESIAN_POINT('',(-5.5,-8.2,100.));
#1224 = LINE('',#1225,#1226);
#1225 = CARTESIAN_POINT('',(-5.5,-6.56066017178,100.));
#1226 = VECTOR('',#1227,1.);
#1227 = DIRECTION('',(0.,-1.,0.));
#1228 = ORIENTED_EDGE('',*,*,#1229,.F.);
#1229 = EDGE_CURVE('',#1230,#1222,#1232,.T.);
#1230 = VERTEX_POINT('',#1231);
#1231 = CARTESIAN_POINT('',(-5.5,-8.2,0.));
#1232 = LINE('',#1233,#1234);
#1233 = CARTESIAN_POINT('',(-5.5,-8.2,0.));
#1234 = VECTOR('',#1235,1.);
#1235 = DIRECTION('',(0.,0.,1.));
#1236 = ORIENTED_EDGE('',*,*,#1237,.F.);
#1237 = EDGE_CURVE('',#1199,#1230,#1238,.T.);
#1238 = LINE('',#1239,#1240);
#1239 = CARTESIAN_POINT('',(-5.5,-6.56066017178,0.));
#1240 = VECTOR('',#1241,1.);
#1241 = DIRECTION('',(0.,-1.,0.));
#1242 = PLANE('',#1243);
#1243 = AXIS2_PLACEMENT_3D('',#1244,#1245,#1246);
#1244 = CARTESIAN_POINT('',(-5.5,-6.56066017178,0.));
#1245 = DIRECTION('',(1.,0.,0.));
#1246 = DIRECTION('',(0.,-1.,0.));
#1247 = ADVANCED_FACE('',(#1248),#1273,.T.);
#1248 = FACE_BOUND('',#1249,.T.);
#1249 = EDGE_LOOP('',(#1250,#1251,#1259,#1267));
#1250 = ORIENTED_EDGE('',*,*,#1229,.T.);
#1251 = ORIENTED_EDGE('',*,*,#1252,.T.);
#1252 = EDGE_CURVE('',#1222,#1253,#1255,.T.);
#1253 = VERTEX_POINT('',#1254);
#1254 = CARTESIAN_POINT('',(-3.125,-8.2,100.));
#1255 = LINE('',#1256,#1257);
#1256 = CARTESIAN_POINT('',(-5.5,-8.2,100.));
#1257 = VECTOR('',#1258,1.);
#1258 = DIRECTION('',(1.,0.,0.));
#1259 = ORIENTED_EDGE('',*,*,#1260,.F.);
#1260 = EDGE_CURVE('',#1261,#1253,#1263,.T.);
#1261 = VERTEX_POINT('',#1262);
#1262 = CARTESIAN_POINT('',(-3.125,-8.2,0.));
#1263 = LINE('',#1264,#1265);
#1264 = CARTESIAN_POINT('',(-3.125,-8.2,0.));
#1265 = VECTOR('',#1266,1.);
#1266 = DIRECTION('',(0.,0.,1.));
#1267 = ORIENTED_EDGE('',*,*,#1268,.F.);
#1268 = EDGE_CURVE('',#1230,#1261,#1269,.T.);
#1269 = LINE('',#1270,#1271);
#1270 = CARTESIAN_POINT('',(-5.5,-8.2,0.));
#1271 = VECTOR('',#1272,1.);
#1272 = DIRECTION('',(1.,0.,0.));
#1273 = PLANE('',#1274);
#1274 = AXIS2_PLACEMENT_3D('',#1275,#1276,#1277);
#1275 = CARTESIAN_POINT('',(-5.5,-8.2,0.));
#1276 = DIRECTION('',(0.,1.,0.));
#1277 = DIRECTION('',(1.,0.,0.));
#1278 = ADVANCED_FACE('',(#1279),#1304,.T.);
#1279 = FACE_BOUND('',#1280,.T.);
#1280 = EDGE_LOOP('',(#1281,#1282,#1290,#1298));
#1281 = ORIENTED_EDGE('',*,*,#1260,.T.);
#1282 = ORIENTED_EDGE('',*,*,#1283,.T.);
#1283 = EDGE_CURVE('',#1253,#1284,#1286,.T.);
#1284 = VERTEX_POINT('',#1285);
#1285 = CARTESIAN_POINT('',(-3.125,-8.545,100.));
#1286 = LINE('',#1287,#1288);
#1287 = CARTESIAN_POINT('',(-3.125,-8.2,100.));
#1288 = VECTOR('',#1289,1.);
#1289 = DIRECTION('',(0.,-1.,0.));
#1290 = ORIENTED_EDGE('',*,*,#1291,.F.);
#1291 = EDGE_CURVE('',#1292,#1284,#1294,.T.);
#1292 = VERTEX_POINT('',#1293);
#1293 = CARTESIAN_POINT('',(-3.125,-8.545,0.));
#1294 = LINE('',#1295,#1296);
#1295 = CARTESIAN_POINT('',(-3.125,-8.545,0.));
#1296 = VECTOR('',#1297,1.);
#1297 = DIRECTION('',(0.,0.,1.));
#1298 = ORIENTED_EDGE('',*,*,#1299,.F.);
#1299 = EDGE_CURVE('',#1261,#1292,#1300,.T.);
#1300 = LINE('',#1301,#1302);
#1301 = CARTESIAN_POINT('',(-3.125,-8.2,0.));
#1302 = VECTOR('',#1303,1.);
#1303 = DIRECTION('',(0.,-1.,0.));
#1304 = PLANE('',#1305);
#1305 = AXIS2_PLACEMENT_3D('',#1306,#1307,#1308);
#1306 = CARTESIAN_POINT('',(-3.125,-8.2,0.));
#1307 = DIRECTION('',(1.,0.,0.));
#1308 = DIRECTION('',(0.,-1.,0.));
#1309 = ADVANCED_FACE('',(#1310),#1335,.F.);
#1310 = FACE_BOUND('',#1311,.F.);
#1311 = EDGE_LOOP('',(#1312,#1322,#1328,#1329));
#1312 = ORIENTED_EDGE('',*,*,#1313,.T.);
#1313 = EDGE_CURVE('',#1314,#1316,#1318,.T.);
#1314 = VERTEX_POINT('',#1315);
#1315 = CARTESIAN_POINT('',(-4.58,-10.,0.));
#1316 = VERTEX_POINT('',#1317);
#1317 = CARTESIAN_POINT('',(-4.58,-10.,100.));
#1318 = LINE('',#1319,#1320);
#1319 = CARTESIAN_POINT('',(-4.58,-10.,0.));
#1320 = VECTOR('',#1321,1.);
#1321 = DIRECTION('',(0.,0.,1.));
#1322 = ORIENTED_EDGE('',*,*,#1323,.T.);
#1323 = EDGE_CURVE('',#1316,#1284,#1324,.T.);
#1324 = LINE('',#1325,#1326);
#1325 = CARTESIAN_POINT('',(-4.58,-10.,100.));
#1326 = VECTOR('',#1327,1.);
#1327 = DIRECTION('',(0.707106781187,0.707106781187,0.));
#1328 = ORIENTED_EDGE('',*,*,#1291,.F.);
#1329 = ORIENTED_EDGE('',*,*,#1330,.F.);
#1330 = EDGE_CURVE('',#1314,#1292,#1331,.T.);
#1331 = LINE('',#1332,#1333);
#1332 = CARTESIAN_POINT('',(-4.58,-10.,0.));
#1333 = VECTOR('',#1334,1.);
#1334 = DIRECTION('',(0.707106781187,0.707106781187,0.));
#1335 = PLANE('',#1336);
#1336 = AXIS2_PLACEMENT_3D('',#1337,#1338,#1339);
#1337 = CARTESIAN_POINT('',(-4.58,-10.,0.));
#1338 = DIRECTION('',(-0.707106781187,0.707106781187,0.));
#1339 = DIRECTION('',(0.707106781187,0.707106781187,0.));
#1340 = ADVANCED_FACE('',(#1341),#1366,.T.);
#1341 = FACE_BOUND('',#1342,.T.);
#1342 = EDGE_LOOP('',(#1343,#1344,#1352,#1360));
#1343 = ORIENTED_EDGE('',*,*,#1313,.T.);
#1344 = ORIENTED_EDGE('',*,*,#1345,.T.);
#1345 = EDGE_CURVE('',#1316,#1346,#1348,.T.);
#1346 = VERTEX_POINT('',#1347);
#1347 = CARTESIAN_POINT('',(-10.,-10.,100.));
#1348 = LINE('',#1349,#1350);
#1349 = CARTESIAN_POINT('',(-4.58,-10.,100.));
#1350 = VECTOR('',#1351,1.);
#1351 = DIRECTION('',(-1.,0.,0.));
#1352 = ORIENTED_EDGE('',*,*,#1353,.F.);
#1353 = EDGE_CURVE('',#1354,#1346,#1356,.T.);
#1354 = VERTEX_POINT('',#1355);
#1355 = CARTESIAN_POINT('',(-10.,-10.,0.));
#1356 = LINE('',#1357,#1358);
#1357 = CARTESIAN_POINT('',(-10.,-10.,0.));
#1358 = VECTOR('',#1359,1.);
#1359 = DIRECTION('',(0.,0.,1.));
#1360 = ORIENTED_EDGE('',*,*,#1361,.F.);
#1361 = EDGE_CURVE('',#1314,#1354,#1362,.T.);
#1362 = LINE('',#1363,#1364);
#1363 = CARTESIAN_POINT('',(-4.58,-10.,0.));
#1364 = VECTOR('',#1365,1.);
#1365 = DIRECTION('',(-1.,0.,0.));
#1366 = PLANE('',#1367);
#1367 = AXIS2_PLACEMENT_3D('',#1368,#1369,#1370);
#1368 = CARTESIAN_POINT('',(-4.58,-10.,0.));
#1369 = DIRECTION('',(0.,-1.,0.));
#1370 = DIRECTION('',(-1.,0.,0.));
#1371 = ADVANCED_FACE('',(#1372),#1397,.T.);
#1372 = FACE_BOUND('',#1373,.T.);
#1373 = EDGE_LOOP('',(#1374,#1375,#1383,#1391));
#1374 = ORIENTED_EDGE('',*,*,#1353,.T.);
#1375 = ORIENTED_EDGE('',*,*,#1376,.T.);
#1376 = EDGE_CURVE('',#1346,#1377,#1379,.T.);
#1377 = VERTEX_POINT('',#1378);
#1378 = CARTESIAN_POINT('',(-10.,-4.58,100.));
#1379 = LINE('',#1380,#1381);
#1380 = CARTESIAN_POINT('',(-10.,-10.,100.));
#1381 = VECTOR('',#1382,1.);
#1382 = DIRECTION('',(0.,1.,0.));
#1383 = ORIENTED_EDGE('',*,*,#1384,.F.);
#1384 = EDGE_CURVE('',#1385,#1377,#1387,.T.);
#1385 = VERTEX_POINT('',#1386);
#1386 = CARTESIAN_POINT('',(-10.,-4.58,0.));
#1387 = LINE('',#1388,#1389);
#1388 = CARTESIAN_POINT('',(-10.,-4.58,0.));
#1389 = VECTOR('',#1390,1.);
#1390 = DIRECTION('',(0.,0.,1.));
#1391 = ORIENTED_EDGE('',*,*,#1392,.F.);
#1392 = EDGE_CURVE('',#1354,#1385,#1393,.T.);
#1393 = LINE('',#1394,#1395);
#1394 = CARTESIAN_POINT('',(-10.,-10.,0.));
#1395 = VECTOR('',#1396,1.);
#1396 = DIRECTION('',(0.,1.,0.));
#1397 = PLANE('',#1398);
#1398 = AXIS2_PLACEMENT_3D('',#1399,#1400,#1401);
#1399 = CARTESIAN_POINT('',(-10.,-10.,0.));
#1400 = DIRECTION('',(-1.,0.,0.));
#1401 = DIRECTION('',(0.,1.,0.));
#1402 = ADVANCED_FACE('',(#1403),#1428,.T.);
#1403 = FACE_BOUND('',#1404,.T.);
#1404 = EDGE_LOOP('',(#1405,#1406,#1414,#1422));
#1405 = ORIENTED_EDGE('',*,*,#1384,.T.);
#1406 = ORIENTED_EDGE('',*,*,#1407,.T.);
#1407 = EDGE_CURVE('',#1377,#1408,#1410,.T.);
#1408 = VERTEX_POINT('',#1409);
#1409 = CARTESIAN_POINT('',(-8.545,-3.125,100.));
#1410 = LINE('',#1411,#1412);
#1411 = CARTESIAN_POINT('',(-10.,-4.58,100.));
#1412 = VECTOR('',#1413,1.);
#1413 = DIRECTION('',(0.707106781187,0.707106781187,0.));
#1414 = ORIENTED_EDGE('',*,*,#1415,.F.);
#1415 = EDGE_CURVE('',#1416,#1408,#1418,.T.);
#1416 = VERTEX_POINT('',#1417);
#1417 = CARTESIAN_POINT('',(-8.545,-3.125,0.));
#1418 = LINE('',#1419,#1420);
#1419 = CARTESIAN_POINT('',(-8.545,-3.125,0.));
#1420 = VECTOR('',#1421,1.);
#1421 = DIRECTION('',(0.,0.,1.));
#1422 = ORIENTED_EDGE('',*,*,#1423,.F.);
#1423 = EDGE_CURVE('',#1385,#1416,#1424,.T.);
#1424 = LINE('',#1425,#1426);
#1425 = CARTESIAN_POINT('',(-10.,-4.58,0.));
#1426 = VECTOR('',#1427,1.);
#1427 = DIRECTION('',(0.707106781187,0.707106781187,0.));
#1428 = PLANE('',#1429);
#1429 = AXIS2_PLACEMENT_3D('',#1430,#1431,#1432);
#1430 = CARTESIAN_POINT('',(-10.,-4.58,0.));
#1431 = DIRECTION('',(-0.707106781187,0.707106781187,0.));
#1432 = DIRECTION('',(0.707106781187,0.707106781187,0.));
#1433 = ADVANCED_FACE('',(#1434),#1459,.T.);
#1434 = FACE_BOUND('',#1435,.T.);
#1435 = EDGE_LOOP('',(#1436,#1437,#1445,#1453));
#1436 = ORIENTED_EDGE('',*,*,#1415,.T.);
#1437 = ORIENTED_EDGE('',*,*,#1438,.T.);
#1438 = EDGE_CURVE('',#1408,#1439,#1441,.T.);
#1439 = VERTEX_POINT('',#1440);
#1440 = CARTESIAN_POINT('',(-8.2,-3.125,100.));
#1441 = LINE('',#1442,#1443);
#1442 = CARTESIAN_POINT('',(-8.545,-3.125,100.));
#1443 = VECTOR('',#1444,1.);
#1444 = DIRECTION('',(1.,0.,0.));
#1445 = ORIENTED_EDGE('',*,*,#1446,.F.);
#1446 = EDGE_CURVE('',#1447,#1439,#1449,.T.);
#1447 = VERTEX_POINT('',#1448);
#1448 = CARTESIAN_POINT('',(-8.2,-3.125,0.));
#1449 = LINE('',#1450,#1451);
#1450 = CARTESIAN_POINT('',(-8.2,-3.125,0.));
#1451 = VECTOR('',#1452,1.);
#1452 = DIRECTION('',(0.,0.,1.));
#1453 = ORIENTED_EDGE('',*,*,#1454,.F.);
#1454 = EDGE_CURVE('',#1416,#1447,#1455,.T.);
#1455 = LINE('',#1456,#1457);
#1456 = CARTESIAN_POINT('',(-8.545,-3.125,0.));
#1457 = VECTOR('',#1458,1.);
#1458 = DIRECTION('',(1.,0.,0.));
#1459 = PLANE('',#1460);
#1460 = AXIS2_PLACEMENT_3D('',#1461,#1462,#1463);
#1461 = CARTESIAN_POINT('',(-8.545,-3.125,0.));
#1462 = DIRECTION('',(0.,1.,0.));
#1463 = DIRECTION('',(1.,0.,0.));
#1464 = ADVANCED_FACE('',(#1465),#1490,.F.);
#1465 = FACE_BOUND('',#1466,.F.);
#1466 = EDGE_LOOP('',(#1467,#1477,#1483,#1484));
#1467 = ORIENTED_EDGE('',*,*,#1468,.T.);
#1468 = EDGE_CURVE('',#1469,#1471,#1473,.T.);
#1469 = VERTEX_POINT('',#1470);
#1470 = CARTESIAN_POINT('',(-8.2,-5.5,0.));
#1471 = VERTEX_POINT('',#1472);
#1472 = CARTESIAN_POINT('',(-8.2,-5.5,100.));
#1473 = LINE('',#1474,#1475);
#1474 = CARTESIAN_POINT('',(-8.2,-5.5,0.));
#1475 = VECTOR('',#1476,1.);
#1476 = DIRECTION('',(0.,0.,1.));
#1477 = ORIENTED_EDGE('',*,*,#1478,.T.);
#1478 = EDGE_CURVE('',#1471,#1439,#1479,.T.);
#1479 = LINE('',#1480,#1481);
#1480 = CARTESIAN_POINT('',(-8.2,-5.5,100.));
#1481 = VECTOR('',#1482,1.);
#1482 = DIRECTION('',(0.,1.,0.));
#1483 = ORIENTED_EDGE('',*,*,#1446,.F.);
#1484 = ORIENTED_EDGE('',*,*,#1485,.F.);
#1485 = EDGE_CURVE('',#1469,#1447,#1486,.T.);
#1486 = LINE('',#1487,#1488);
#1487 = CARTESIAN_POINT('',(-8.2,-5.5,0.));
#1488 = VECTOR('',#1489,1.);
#1489 = DIRECTION('',(0.,1.,0.));
#1490 = PLANE('',#1491);
#1491 = AXIS2_PLACEMENT_3D('',#1492,#1493,#1494);
#1492 = CARTESIAN_POINT('',(-8.2,-5.5,0.));
#1493 = DIRECTION('',(-1.,0.,0.));
#1494 = DIRECTION('',(0.,1.,0.));
#1495 = ADVANCED_FACE('',(#1496),#1521,.F.);
#1496 = FACE_BOUND('',#1497,.F.);
#1497 = EDGE_LOOP('',(#1498,#1508,#1514,#1515));
#1498 = ORIENTED_EDGE('',*,*,#1499,.T.);
#1499 = EDGE_CURVE('',#1500,#1502,#1504,.T.);
#1500 = VERTEX_POINT('',#1501);
#1501 = CARTESIAN_POINT('',(-6.56066017178,-5.5,0.));
#1502 = VERTEX_POINT('',#1503);
#1503 = CARTESIAN_POINT('',(-6.56066017178,-5.5,100.));
#1504 = LINE('',#1505,#1506);
#1505 = CARTESIAN_POINT('',(-6.56066017178,-5.5,0.));
#1506 = VECTOR('',#1507,1.);
#1507 = DIRECTION('',(0.,0.,1.));
#1508 = ORIENTED_EDGE('',*,*,#1509,.T.);
#1509 = EDGE_CURVE('',#1502,#1471,#1510,.T.);
#1510 = LINE('',#1511,#1512);
#1511 = CARTESIAN_POINT('',(-6.56066017178,-5.5,100.));
#1512 = VECTOR('',#1513,1.);
#1513 = DIRECTION('',(-1.,0.,0.));
#1514 = ORIENTED_EDGE('',*,*,#1468,.F.);
#1515 = ORIENTED_EDGE('',*,*,#1516,.F.);
#1516 = EDGE_CURVE('',#1500,#1469,#1517,.T.);
#1517 = LINE('',#1518,#1519);
#1518 = CARTESIAN_POINT('',(-6.56066017178,-5.5,0.));
#1519 = VECTOR('',#1520,1.);
#1520 = DIRECTION('',(-1.,0.,0.));
#1521 = PLANE('',#1522);
#1522 = AXIS2_PLACEMENT_3D('',#1523,#1524,#1525);
#1523 = CARTESIAN_POINT('',(-6.56066017178,-5.5,0.));
#1524 = DIRECTION('',(0.,-1.,0.));
#1525 = DIRECTION('',(-1.,0.,0.));
#1526 = ADVANCED_FACE('',(#1527),#1552,.F.);
#1527 = FACE_BOUND('',#1528,.F.);
#1528 = EDGE_LOOP('',(#1529,#1539,#1545,#1546));
#1529 = ORIENTED_EDGE('',*,*,#1530,.T.);
#1530 = EDGE_CURVE('',#1531,#1533,#1535,.T.);
#1531 = VERTEX_POINT('',#1532);
#1532 = CARTESIAN_POINT('',(-3.9,-2.83933982822,0.));
#1533 = VERTEX_POINT('',#1534);
#1534 = CARTESIAN_POINT('',(-3.9,-2.83933982822,100.));
#1535 = LINE('',#1536,#1537);
#1536 = CARTESIAN_POINT('',(-3.9,-2.83933982822,0.));
#1537 = VECTOR('',#1538,1.);
#1538 = DIRECTION('',(0.,0.,1.));
#1539 = ORIENTED_EDGE('',*,*,#1540,.T.);
#1540 = EDGE_CURVE('',#1533,#1502,#1541,.T.);
#1541 = LINE('',#1542,#1543);
#1542 = CARTESIAN_POINT('',(-3.9,-2.83933982822,100.));
#1543 = VECTOR('',#1544,1.);
#1544 = DIRECTION('',(-0.707106781187,-0.707106781187,0.));
#1545 = ORIENTED_EDGE('',*,*,#1499,.F.);
#1546 = ORIENTED_EDGE('',*,*,#1547,.F.);
#1547 = EDGE_CURVE('',#1531,#1500,#1548,.T.);
#1548 = LINE('',#1549,#1550);
#1549 = CARTESIAN_POINT('',(-3.9,-2.83933982822,0.));
#1550 = VECTOR('',#1551,1.);
#1551 = DIRECTION('',(-0.707106781187,-0.707106781187,0.));
#1552 = PLANE('',#1553);
#1553 = AXIS2_PLACEMENT_3D('',#1554,#1555,#1556);
#1554 = CARTESIAN_POINT('',(-3.9,-2.83933982822,0.));
#1555 = DIRECTION('',(0.707106781187,-0.707106781187,0.));
#1556 = DIRECTION('',(-0.707106781187,-0.707106781187,0.));
#1557 = ADVANCED_FACE('',(#1558),#1583,.F.);
#1558 = FACE_BOUND('',#1559,.F.);
#1559 = EDGE_LOOP('',(#1560,#1570,#1576,#1577));
#1560 = ORIENTED_EDGE('',*,*,#1561,.T.);
#1561 = EDGE_CURVE('',#1562,#1564,#1566,.T.);
#1562 = VERTEX_POINT('',#1563);
#1563 = CARTESIAN_POINT('',(-3.9,2.83933982822,0.));
#1564 = VERTEX_POINT('',#1565);
#1565 = CARTESIAN_POINT('',(-3.9,2.83933982822,100.));
#1566 = LINE('',#1567,#1568);
#1567 = CARTESIAN_POINT('',(-3.9,2.83933982822,0.));
#1568 = VECTOR('',#1569,1.);
#1569 = DIRECTION('',(0.,0.,1.));
#1570 = ORIENTED_EDGE('',*,*,#1571,.T.);
#1571 = EDGE_CURVE('',#1564,#1533,#1572,.T.);
#1572 = LINE('',#1573,#1574);
#1573 = CARTESIAN_POINT('',(-3.9,2.83933982822,100.));
#1574 = VECTOR('',#1575,1.);
#1575 = DIRECTION('',(0.,-1.,0.));
#1576 = ORIENTED_EDGE('',*,*,#1530,.F.);
#1577 = ORIENTED_EDGE('',*,*,#1578,.F.);
#1578 = EDGE_CURVE('',#1562,#1531,#1579,.T.);
#1579 = LINE('',#1580,#1581);
#1580 = CARTESIAN_POINT('',(-3.9,2.83933982822,0.));
#1581 = VECTOR('',#1582,1.);
#1582 = DIRECTION('',(0.,-1.,0.));
#1583 = PLANE('',#1584);
#1584 = AXIS2_PLACEMENT_3D('',#1585,#1586,#1587);
#1585 = CARTESIAN_POINT('',(-3.9,2.83933982822,0.));
#1586 = DIRECTION('',(1.,0.,0.));
#1587 = DIRECTION('',(0.,-1.,0.));
#1588 = ADVANCED_FACE('',(#1589),#1614,.F.);
#1589 = FACE_BOUND('',#1590,.F.);
#1590 = EDGE_LOOP('',(#1591,#1601,#1607,#1608));
#1591 = ORIENTED_EDGE('',*,*,#1592,.T.);
#1592 = EDGE_CURVE('',#1593,#1595,#1597,.T.);
#1593 = VERTEX_POINT('',#1594);
#1594 = CARTESIAN_POINT('',(-6.56066017178,5.5,0.));
#1595 = VERTEX_POINT('',#1596);
#1596 = CARTESIAN_POINT('',(-6.56066017178,5.5,100.));
#1597 = LINE('',#1598,#1599);
#1598 = CARTESIAN_POINT('',(-6.56066017178,5.5,0.));
#1599 = VECTOR('',#1600,1.);
#1600 = DIRECTION('',(0.,0.,1.));
#1601 = ORIENTED_EDGE('',*,*,#1602,.T.);
#1602 = EDGE_CURVE('',#1595,#1564,#1603,.T.);
#1603 = LINE('',#1604,#1605);
#1604 = CARTESIAN_POINT('',(-6.56066017178,5.5,100.));
#1605 = VECTOR('',#1606,1.);
#1606 = DIRECTION('',(0.707106781187,-0.707106781187,0.));
#1607 = ORIENTED_EDGE('',*,*,#1561,.F.);
#1608 = ORIENTED_EDGE('',*,*,#1609,.F.);
#1609 = EDGE_CURVE('',#1593,#1562,#1610,.T.);
#1610 = LINE('',#1611,#1612);
#1611 = CARTESIAN_POINT('',(-6.56066017178,5.5,0.));
#1612 = VECTOR('',#1613,1.);
#1613 = DIRECTION('',(0.707106781187,-0.707106781187,0.));
#1614 = PLANE('',#1615);
#1615 = AXIS2_PLACEMENT_3D('',#1616,#1617,#1618);
#1616 = CARTESIAN_POINT('',(-6.56066017178,5.5,0.));
#1617 = DIRECTION('',(0.707106781187,0.707106781187,0.));
#1618 = DIRECTION('',(0.707106781187,-0.707106781187,0.));
#1619 = ADVANCED_FACE('',(#1620),#1645,.T.);
#1620 = FACE_BOUND('',#1621,.T.);
#1621 = EDGE_LOOP('',(#1622,#1623,#1631,#1639));
#1622 = ORIENTED_EDGE('',*,*,#1592,.T.);
#1623 = ORIENTED_EDGE('',*,*,#1624,.T.);
#1624 = EDGE_CURVE('',#1595,#1625,#1627,.T.);
#1625 = VERTEX_POINT('',#1626);
#1626 = CARTESIAN_POINT('',(-8.2,5.5,100.));
#1627 = LINE('',#1628,#1629);
#1628 = CARTESIAN_POINT('',(-6.56066017178,5.5,100.));
#1629 = VECTOR('',#1630,1.);
#1630 = DIRECTION('',(-1.,0.,0.));
#1631 = ORIENTED_EDGE('',*,*,#1632,.F.);
#1632 = EDGE_CURVE('',#1633,#1625,#1635,.T.);
#1633 = VERTEX_POINT('',#1634);
#1634 = CARTESIAN_POINT('',(-8.2,5.5,0.));
#1635 = LINE('',#1636,#1637);
#1636 = CARTESIAN_POINT('',(-8.2,5.5,0.));
#1637 = VECTOR('',#1638,1.);
#1638 = DIRECTION('',(0.,0.,1.));
#1639 = ORIENTED_EDGE('',*,*,#1640,.F.);
#1640 = EDGE_CURVE('',#1593,#1633,#1641,.T.);
#1641 = LINE('',#1642,#1643);
#1642 = CARTESIAN_POINT('',(-6.56066017178,5.5,0.));
#1643 = VECTOR('',#1644,1.);
#1644 = DIRECTION('',(-1.,0.,0.));
#1645 = PLANE('',#1646);
#1646 = AXIS2_PLACEMENT_3D('',#1647,#1648,#1649);
#1647 = CARTESIAN_POINT('',(-6.56066017178,5.5,0.));
#1648 = DIRECTION('',(0.,-1.,0.));
#1649 = DIRECTION('',(-1.,0.,0.));
#1650 = ADVANCED_FACE('',(#1651),#1676,.T.);
#1651 = FACE_BOUND('',#1652,.T.);
#1652 = EDGE_LOOP('',(#1653,#1654,#1662,#1670));
#1653 = ORIENTED_EDGE('',*,*,#1632,.T.);
#1654 = ORIENTED_EDGE('',*,*,#1655,.T.);
#1655 = EDGE_CURVE('',#1625,#1656,#1658,.T.);
#1656 = VERTEX_POINT('',#1657);
#1657 = CARTESIAN_POINT('',(-8.2,3.125,100.));
#1658 = LINE('',#1659,#1660);
#1659 = CARTESIAN_POINT('',(-8.2,5.5,100.));
#1660 = VECTOR('',#1661,1.);
#1661 = DIRECTION('',(0.,-1.,0.));
#1662 = ORIENTED_EDGE('',*,*,#1663,.F.);
#1663 = EDGE_CURVE('',#1664,#1656,#1666,.T.);
#1664 = VERTEX_POINT('',#1665);
#1665 = CARTESIAN_POINT('',(-8.2,3.125,0.));
#1666 = LINE('',#1667,#1668);
#1667 = CARTESIAN_POINT('',(-8.2,3.125,0.));
#1668 = VECTOR('',#1669,1.);
#1669 = DIRECTION('',(0.,0.,1.));
#1670 = ORIENTED_EDGE('',*,*,#1671,.F.);
#1671 = EDGE_CURVE('',#1633,#1664,#1672,.T.);
#1672 = LINE('',#1673,#1674);
#1673 = CARTESIAN_POINT('',(-8.2,5.5,0.));
#1674 = VECTOR('',#1675,1.);
#1675 = DIRECTION('',(0.,-1.,0.));
#1676 = PLANE('',#1677);
#1677 = AXIS2_PLACEMENT_3D('',#1678,#1679,#1680);
#1678 = CARTESIAN_POINT('',(-8.2,5.5,0.));
#1679 = DIRECTION('',(1.,0.,0.));
#1680 = DIRECTION('',(0.,-1.,0.));
#1681 = ADVANCED_FACE('',(#1682),#1707,.F.);
#1682 = FACE_BOUND('',#1683,.F.);
#1683 = EDGE_LOOP('',(#1684,#1694,#1700,#1701));
#1684 = ORIENTED_EDGE('',*,*,#1685,.T.);
#1685 = EDGE_CURVE('',#1686,#1688,#1690,.T.);
#1686 = VERTEX_POINT('',#1687);
#1687 = CARTESIAN_POINT('',(-8.545,3.125,0.));
#1688 = VERTEX_POINT('',#1689);
#1689 = CARTESIAN_POINT('',(-8.545,3.125,100.));
#1690 = LINE('',#1691,#1692);
#1691 = CARTESIAN_POINT('',(-8.545,3.125,0.));
#1692 = VECTOR('',#1693,1.);
#1693 = DIRECTION('',(0.,0.,1.));
#1694 = ORIENTED_EDGE('',*,*,#1695,.T.);
#1695 = EDGE_CURVE('',#1688,#1656,#1696,.T.);
#1696 = LINE('',#1697,#1698);
#1697 = CARTESIAN_POINT('',(-8.545,3.125,100.));
#1698 = VECTOR('',#1699,1.);
#1699 = DIRECTION('',(1.,0.,0.));
#1700 = ORIENTED_EDGE('',*,*,#1663,.F.);
#1701 = ORIENTED_EDGE('',*,*,#1702,.F.);
#1702 = EDGE_CURVE('',#1686,#1664,#1703,.T.);
#1703 = LINE('',#1704,#1705);
#1704 = CARTESIAN_POINT('',(-8.545,3.125,0.));
#1705 = VECTOR('',#1706,1.);
#1706 = DIRECTION('',(1.,0.,0.));
#1707 = PLANE('',#1708);
#1708 = AXIS2_PLACEMENT_3D('',#1709,#1710,#1711);
#1709 = CARTESIAN_POINT('',(-8.545,3.125,0.));
#1710 = DIRECTION('',(0.,1.,0.));
#1711 = DIRECTION('',(1.,0.,0.));
#1712 = ADVANCED_FACE('',(#1713),#1729,.F.);
#1713 = FACE_BOUND('',#1714,.F.);
#1714 = EDGE_LOOP('',(#1715,#1716,#1722,#1723));
#1715 = ORIENTED_EDGE('',*,*,#126,.T.);
#1716 = ORIENTED_EDGE('',*,*,#1717,.T.);
#1717 = EDGE_CURVE('',#129,#1688,#1718,.T.);
#1718 = LINE('',#1719,#1720);
#1719 = CARTESIAN_POINT('',(-10.,4.58,100.));
#1720 = VECTOR('',#1721,1.);
#1721 = DIRECTION('',(0.707106781187,-0.707106781187,0.));
#1722 = ORIENTED_EDGE('',*,*,#1685,.F.);
#1723 = ORIENTED_EDGE('',*,*,#1724,.F.);
#1724 = EDGE_CURVE('',#127,#1686,#1725,.T.);
#1725 = LINE('',#1726,#1727);
#1726 = CARTESIAN_POINT('',(-10.,4.58,0.));
#1727 = VECTOR('',#1728,1.);
#1728 = DIRECTION('',(0.707106781187,-0.707106781187,0.));
#1729 = PLANE('',#1730);
#1730 = AXIS2_PLACEMENT_3D('',#1731,#1732,#1733);
#1731 = CARTESIAN_POINT('',(-10.,4.58,0.));
#1732 = DIRECTION('',(0.707106781187,0.707106781187,0.));
#1733 = DIRECTION('',(0.707106781187,-0.707106781187,0.));
#1734 = ADVANCED_FACE('',(#1735),#1762,.F.);
#1735 = FACE_BOUND('',#1736,.T.);
#1736 = EDGE_LOOP('',(#1737,#1747,#1754,#1755));
#1737 = ORIENTED_EDGE('',*,*,#1738,.T.);
#1738 = EDGE_CURVE('',#1739,#1741,#1743,.T.);
#1739 = VERTEX_POINT('',#1740);
#1740 = CARTESIAN_POINT('',(2.1,0.,0.));
#1741 = VERTEX_POINT('',#1742);
#1742 = CARTESIAN_POINT('',(2.1,0.,100.));
#1743 = LINE('',#1744,#1745);
#1744 = CARTESIAN_POINT('',(2.1,0.,0.));
#1745 = VECTOR('',#1746,1.);
#1746 = DIRECTION('',(0.,0.,1.));
#1747 = ORIENTED_EDGE('',*,*,#1748,.T.);
#1748 = EDGE_CURVE('',#1741,#1741,#1749,.T.);
#1749 = CIRCLE('',#1750,2.1);
#1750 = AXIS2_PLACEMENT_3D('',#1751,#1752,#1753);
#1751 = CARTESIAN_POINT('',(0.,0.,100.));
#1752 = DIRECTION('',(0.,0.,1.));
#1753 = DIRECTION('',(1.,0.,0.));
#1754 = ORIENTED_EDGE('',*,*,#1738,.F.);
#1755 = ORIENTED_EDGE('',*,*,#1756,.F.);
#1756 = EDGE_CURVE('',#1739,#1739,#1757,.T.);
#1757 = CIRCLE('',#1758,2.1);
#1758 = AXIS2_PLACEMENT_3D('',#1759,#1760,#1761);
#1759 = CARTESIAN_POINT('',(0.,0.,0.));
#1760 = DIRECTION('',(0.,0.,1.));
#1761 = DIRECTION('',(1.,0.,0.));
#1762 = CYLINDRICAL_SURFACE('',#1763,2.1);
#1763 = AXIS2_PLACEMENT_3D('',#1764,#1765,#1766);
#1764 = CARTESIAN_POINT('',(0.,0.,0.));
#1765 = DIRECTION('',(-0.,-0.,-1.));
#1766 = DIRECTION('',(1.,0.,0.));
#1767 = ADVANCED_FACE('',(#1768,#1822),#1825,.F.);
#1768 = FACE_BOUND('',#1769,.T.);
#1769 = EDGE_LOOP('',(#1770,#1771,#1772,#1773,#1774,#1775,#1776,#1777,
    #1778,#1779,#1780,#1781,#1782,#1783,#1784,#1785,#1786,#1787,#1788,
    #1789,#1790,#1791,#1792,#1793,#1794,#1795,#1796,#1797,#1798,#1799,
    #1800,#1801,#1802,#1803,#1804,#1805,#1806,#1807,#1808,#1809,#1810,
    #1811,#1812,#1813,#1814,#1815,#1816,#1817,#1818,#1819,#1820,#1821));
#1770 = ORIENTED_EDGE('',*,*,#152,.T.);
#1771 = ORIENTED_EDGE('',*,*,#183,.T.);
#1772 = ORIENTED_EDGE('',*,*,#214,.T.);
#1773 = ORIENTED_EDGE('',*,*,#245,.T.);
#1774 = ORIENTED_EDGE('',*,*,#276,.F.);
#1775 = ORIENTED_EDGE('',*,*,#307,.F.);
#1776 = ORIENTED_EDGE('',*,*,#338,.T.);
#1777 = ORIENTED_EDGE('',*,*,#369,.T.);
#1778 = ORIENTED_EDGE('',*,*,#400,.T.);
#1779 = ORIENTED_EDGE('',*,*,#431,.T.);
#1780 = ORIENTED_EDGE('',*,*,#462,.T.);
#1781 = ORIENTED_EDGE('',*,*,#493,.F.);
#1782 = ORIENTED_EDGE('',*,*,#524,.F.);
#1783 = ORIENTED_EDGE('',*,*,#555,.T.);
#1784 = ORIENTED_EDGE('',*,*,#586,.T.);
#1785 = ORIENTED_EDGE('',*,*,#617,.T.);
#1786 = ORIENTED_EDGE('',*,*,#648,.F.);
#1787 = ORIENTED_EDGE('',*,*,#679,.F.);
#1788 = ORIENTED_EDGE('',*,*,#710,.F.);
#1789 = ORIENTED_EDGE('',*,*,#741,.F.);
#1790 = ORIENTED_EDGE('',*,*,#772,.T.);
#1791 = ORIENTED_EDGE('',*,*,#803,.T.);
#1792 = ORIENTED_EDGE('',*,*,#834,.T.);
#1793 = ORIENTED_EDGE('',*,*,#865,.T.);
#1794 = ORIENTED_EDGE('',*,*,#896,.T.);
#1795 = ORIENTED_EDGE('',*,*,#927,.F.);
#1796 = ORIENTED_EDGE('',*,*,#958,.T.);
#1797 = ORIENTED_EDGE('',*,*,#989,.T.);
#1798 = ORIENTED_EDGE('',*,*,#1020,.T.);
#1799 = ORIENTED_EDGE('',*,*,#1051,.F.);
#1800 = ORIENTED_EDGE('',*,*,#1082,.F.);
#1801 = ORIENTED_EDGE('',*,*,#1113,.F.);
#1802 = ORIENTED_EDGE('',*,*,#1144,.F.);
#1803 = ORIENTED_EDGE('',*,*,#1175,.F.);
#1804 = ORIENTED_EDGE('',*,*,#1206,.T.);
#1805 = ORIENTED_EDGE('',*,*,#1237,.T.);
#1806 = ORIENTED_EDGE('',*,*,#1268,.T.);
#1807 = ORIENTED_EDGE('',*,*,#1299,.T.);
#1808 = ORIENTED_EDGE('',*,*,#1330,.F.);
#1809 = ORIENTED_EDGE('',*,*,#1361,.T.);
#1810 = ORIENTED_EDGE('',*,*,#1392,.T.);
#1811 = ORIENTED_EDGE('',*,*,#1423,.T.);
#1812 = ORIENTED_EDGE('',*,*,#1454,.T.);
#1813 = ORIENTED_EDGE('',*,*,#1485,.F.);
#1814 = ORIENTED_EDGE('',*,*,#1516,.F.);
#1815 = ORIENTED_EDGE('',*,*,#1547,.F.);
#1816 = ORIENTED_EDGE('',*,*,#1578,.F.);
#1817 = ORIENTED_EDGE('',*,*,#1609,.F.);
#1818 = ORIENTED_EDGE('',*,*,#1640,.T.);
#1819 = ORIENTED_EDGE('',*,*,#1671,.T.);
#1820 = ORIENTED_EDGE('',*,*,#1702,.F.);
#1821 = ORIENTED_EDGE('',*,*,#1724,.F.);
#1822 = FACE_BOUND('',#1823,.T.);
#1823 = EDGE_LOOP('',(#1824));
#1824 = ORIENTED_EDGE('',*,*,#1756,.T.);
#1825 = PLANE('',#1826);
#1826 = AXIS2_PLACEMENT_3D('',#1827,#1828,#1829);
#1827 = CARTESIAN_POINT('',(-5.7E-16,-2.E-16,0.));
#1828 = DIRECTION('',(0.,0.,1.));
#1829 = DIRECTION('',(1.,0.,0.));
#1830 = ADVANCED_FACE('',(#1831,#1885),#1888,.T.);
#1831 = FACE_BOUND('',#1832,.F.);
#1832 = EDGE_LOOP('',(#1833,#1834,#1835,#1836,#1837,#1838,#1839,#1840,
    #1841,#1842,#1843,#1844,#1845,#1846,#1847,#1848,#1849,#1850,#1851,
    #1852,#1853,#1854,#1855,#1856,#1857,#1858,#1859,#1860,#1861,#1862,
    #1863,#1864,#1865,#1866,#1867,#1868,#1869,#1870,#1871,#1872,#1873,
    #1874,#1875,#1876,#1877,#1878,#1879,#1880,#1881,#1882,#1883,#1884));
#1833 = ORIENTED_EDGE('',*,*,#136,.T.);
#1834 = ORIENTED_EDGE('',*,*,#167,.T.);
#1835 = ORIENTED_EDGE('',*,*,#198,.T.);
#1836 = ORIENTED_EDGE('',*,*,#229,.T.);
#1837 = ORIENTED_EDGE('',*,*,#269,.F.);
#1838 = ORIENTED_EDGE('',*,*,#300,.F.);
#1839 = ORIENTED_EDGE('',*,*,#322,.T.);
#1840 = ORIENTED_EDGE('',*,*,#353,.T.);
#1841 = ORIENTED_EDGE('',*,*,#384,.T.);
#1842 = ORIENTED_EDGE('',*,*,#415,.T.);
#1843 = ORIENTED_EDGE('',*,*,#446,.T.);
#1844 = ORIENTED_EDGE('',*,*,#486,.F.);
#1845 = ORIENTED_EDGE('',*,*,#517,.F.);
#1846 = ORIENTED_EDGE('',*,*,#539,.T.);
#1847 = ORIENTED_EDGE('',*,*,#570,.T.);
#1848 = ORIENTED_EDGE('',*,*,#601,.T.);
#1849 = ORIENTED_EDGE('',*,*,#641,.F.);
#1850 = ORIENTED_EDGE('',*,*,#672,.F.);
#1851 = ORIENTED_EDGE('',*,*,#703,.F.);
#1852 = ORIENTED_EDGE('',*,*,#734,.F.);
#1853 = ORIENTED_EDGE('',*,*,#756,.T.);
#1854 = ORIENTED_EDGE('',*,*,#787,.T.);
#1855 = ORIENTED_EDGE('',*,*,#818,.T.);
#1856 = ORIENTED_EDGE('',*,*,#849,.T.);
#1857 = ORIENTED_EDGE('',*,*,#880,.T.);
#1858 = ORIENTED_EDGE('',*,*,#920,.F.);
#1859 = ORIENTED_EDGE('',*,*,#942,.T.);
#1860 = ORIENTED_EDGE('',*,*,#973,.T.);
#1861 = ORIENTED_EDGE('',*,*,#1004,.T.);
#1862 = ORIENTED_EDGE('',*,*,#1044,.F.);
#1863 = ORIENTED_EDGE('',*,*,#1075,.F.);
#1864 = ORIENTED_EDGE('',*,*,#1106,.F.);
#1865 = ORIENTED_EDGE('',*,*,#1137,.F.);
#1866 = ORIENTED_EDGE('',*,*,#1168,.F.);
#1867 = ORIENTED_EDGE('',*,*,#1190,.T.);
#1868 = ORIENTED_EDGE('',*,*,#1221,.T.);
#1869 = ORIENTED_EDGE('',*,*,#1252,.T.);
#1870 = ORIENTED_EDGE('',*,*,#1283,.T.);
#1871 = ORIENTED_EDGE('',*,*,#1323,.F.);
#1872 = ORIENTED_EDGE('',*,*,#1345,.T.);
#1873 = ORIENTED_EDGE('',*,*,#1376,.T.);
#1874 = ORIENTED_EDGE('',*,*,#1407,.T.);
#1875 = ORIENTED_EDGE('',*,*,#1438,.T.);
#1876 = ORIENTED_EDGE('',*,*,#1478,.F.);
#1877 = ORIENTED_EDGE('',*,*,#1509,.F.);
#1878 = ORIENTED_EDGE('',*,*,#1540,.F.);
#1879 = ORIENTED_EDGE('',*,*,#1571,.F.);
#1880 = ORIENTED_EDGE('',*,*,#1602,.F.);
#1881 = ORIENTED_EDGE('',*,*,#1624,.T.);
#1882 = ORIENTED_EDGE('',*,*,#1655,.T.);
#1883 = ORIENTED_EDGE('',*,*,#1695,.F.);
#1884 = ORIENTED_EDGE('',*,*,#1717,.F.);
#1885 = FACE_BOUND('',#1886,.F.);
#1886 = EDGE_LOOP('',(#1887));
#1887 = ORIENTED_EDGE('',*,*,#1748,.T.);
#1888 = PLANE('',#1889);
#1889 = AXIS2_PLACEMENT_3D('',#1890,#1891,#1892);
#1890 = CARTESIAN_POINT('',(-5.7E-16,-2.E-16,100.));
#1891 = DIRECTION('',(0.,0.,1.));
#1892 = DIRECTION('',(1.,0.,0.));
#1893 = ( GEOMETRIC_REPRESENTATION_CONTEXT(3) 
GLOBAL_UNCERTAINTY_ASSIGNED_CONTEXT((#1897)) 
GLOBAL_UNIT_ASSIGNED_CONTEXT((#1894,#1895,#1896)) REPRESENTATION_CONTEXT
('Context #1','3D Context with UNIT and UNCERTAINTY') );
#1894 = ( LENGTH_UNIT() NAMED_UNIT(*) SI_UNIT(.MILLI.,.METRE.) );
#1895 = ( NAMED_UNIT(*) PLANE_ANGLE_UNIT() SI_UNIT($,.RADIAN.) );
#1896 = ( NAMED_UNIT(*) SI_UNIT($,.STERADIAN.) SOLID_ANGLE_UNIT() );
#1897 = UNCERTAINTY_MEASURE_WITH_UNIT(LENGTH_MEASURE(1.E-07),#1894,
  'distance_accuracy_value','confusion accuracy');
#1898 = CONTEXT_DEPENDENT_SHAPE_REPRESENTATION(#1899,#1901);
#1899 = ( REPRESENTATION_RELATIONSHIP('','',#119,#96) 
REPRESENTATION_RELATIONSHIP_WITH_TRANSFORMATION(#1900) 
SHAPE_REPRESENTATION_RELATIONSHIP() );
#1900 = ITEM_DEFINED_TRANSFORMATION('','',#11,#97);
#1901 = PRODUCT_DEFINITION_SHAPE('Placement','Placement of an item',
  #1902);
#1902 = NEXT_ASSEMBLY_USAGE_OCCURRENCE('1','VSlot2020_100_Body','',#91,
  #114,$);
#1903 = PRODUCT_RELATED_PRODUCT_CATEGORY('part',$,(#116));
#1904 = SHAPE_DEFINITION_REPRESENTATION(#1905,#1911);
#1905 = PRODUCT_DEFINITION_SHAPE('','',#1906);
#1906 = PRODUCT_DEFINITION('design','',#1907,#1910);
#1907 = PRODUCT_DEFINITION_FORMATION('','',#1908);
#1908 = PRODUCT('X_Axis','X_Axis','',(#1909));
#1909 = PRODUCT_CONTEXT('',#2,'mechanical');
#1910 = PRODUCT_DEFINITION_CONTEXT('part definition',#2,'design');
#1911 = GEOMETRICALLY_BOUNDED_WIREFRAME_SHAPE_REPRESENTATION('',(#11,
    #1912),#1917);
#1912 = GEOMETRIC_CURVE_SET('',(#1913));
#1913 = LINE('',#1914,#1915);
#1914 = CARTESIAN_POINT('',(0.,0.,0.));
#1915 = VECTOR('',#1916,1.);
#1916 = DIRECTION('',(1.,0.,0.));
#1917 = ( GEOMETRIC_REPRESENTATION_CONTEXT(3) 
GLOBAL_UNCERTAINTY_ASSIGNED_CONTEXT((#1921)) 
GLOBAL_UNIT_ASSIGNED_CONTEXT((#1918,#1919,#1920)) REPRESENTATION_CONTEXT
('Context #1','3D Context with UNIT and UNCERTAINTY') );
#1918 = ( LENGTH_UNIT() NAMED_UNIT(*) SI_UNIT(.MILLI.,.METRE.) );
#1919 = ( NAMED_UNIT(*) PLANE_ANGLE_UNIT() SI_UNIT($,.RADIAN.) );
#1920 = ( NAMED_UNIT(*) SI_UNIT($,.STERADIAN.) SOLID_ANGLE_UNIT() );
#1921 = UNCERTAINTY_MEASURE_WITH_UNIT(LENGTH_MEASURE(1.E-07),#1918,
  'distance_accuracy_value','confusion accuracy');
#1922 = CONTEXT_DEPENDENT_SHAPE_REPRESENTATION(#1923,#1925);
#1923 = ( REPRESENTATION_RELATIONSHIP('','',#1911,#10) 
REPRESENTATION_RELATIONSHIP_WITH_TRANSFORMATION(#1924) 
SHAPE_REPRESENTATION_RELATIONSHIP() );
#1924 = ITEM_DEFINED_TRANSFORMATION('','',#11,#19);
#1925 = PRODUCT_DEFINITION_SHAPE('Placement','Placement of an item',
  #1926);
#1926 = NEXT_ASSEMBLY_USAGE_OCCURRENCE('3','X_Axis','',#5,#1906,$);
#1927 = PRODUCT_RELATED_PRODUCT_CATEGORY('part',$,(#1908));
#1928 = CONTEXT_DEPENDENT_SHAPE_REPRESENTATION(#1929,#1931);
#1929 = ( REPRESENTATION_RELATIONSHIP('','',#1911,#10) 
REPRESENTATION_RELATIONSHIP_WITH_TRANSFORMATION(#1930) 
SHAPE_REPRESENTATION_RELATIONSHIP() );
#1930 = ITEM_DEFINED_TRANSFORMATION('','',#11,#23);
#1931 = PRODUCT_DEFINITION_SHAPE('Placement','Placement of an item',
  #1932);
#1932 = NEXT_ASSEMBLY_USAGE_OCCURRENCE('4','Y_Axis','',#5,#1906,$);
#1933 = CONTEXT_DEPENDENT_SHAPE_REPRESENTATION(#1934,#1936);
#1934 = ( REPRESENTATION_RELATIONSHIP('','',#1911,#10) 
REPRESENTATION_RELATIONSHIP_WITH_TRANSFORMATION(#1935) 
SHAPE_REPRESENTATION_RELATIONSHIP() );
#1935 = ITEM_DEFINED_TRANSFORMATION('','',#11,#27);
#1936 = PRODUCT_DEFINITION_SHAPE('Placement','Placement of an item',
  #1937);
#1937 = NEXT_ASSEMBLY_USAGE_OCCURRENCE('5','Z_Axis','',#5,#1906,$);
#1938 = SHAPE_DEFINITION_REPRESENTATION(#1939,#1945);
#1939 = PRODUCT_DEFINITION_SHAPE('','',#1940);
#1940 = PRODUCT_DEFINITION('design','',#1941,#1944);
#1941 = PRODUCT_DEFINITION_FORMATION('','',#1942);
#1942 = PRODUCT('XY_Plane','XY_Plane','',(#1943));
#1943 = PRODUCT_CONTEXT('',#2,'mechanical');
#1944 = PRODUCT_DEFINITION_CONTEXT('part definition',#2,'design');
#1945 = MANIFOLD_SURFACE_SHAPE_REPRESENTATION('',(#11),#1946);
#1946 = ( GEOMETRIC_REPRESENTATION_CONTEXT(3) 
GLOBAL_UNCERTAINTY_ASSIGNED_CONTEXT((#1950)) 
GLOBAL_UNIT_ASSIGNED_CONTEXT((#1947,#1948,#1949)) REPRESENTATION_CONTEXT
('Context #1','3D Context with UNIT and UNCERTAINTY') );
#1947 = ( LENGTH_UNIT() NAMED_UNIT(*) SI_UNIT(.MILLI.,.METRE.) );
#1948 = ( NAMED_UNIT(*) PLANE_ANGLE_UNIT() SI_UNIT($,.RADIAN.) );
#1949 = ( NAMED_UNIT(*) SI_UNIT($,.STERADIAN.) SOLID_ANGLE_UNIT() );
#1950 = UNCERTAINTY_MEASURE_WITH_UNIT(LENGTH_MEASURE(1.E-07),#1947,
  'distance_accuracy_value','confusion accuracy');
#1951 = CONTEXT_DEPENDENT_SHAPE_REPRESENTATION(#1952,#1954);
#1952 = ( REPRESENTATION_RELATIONSHIP('','',#1945,#10) 
REPRESENTATION_RELATIONSHIP_WITH_TRANSFORMATION(#1953) 
SHAPE_REPRESENTATION_RELATIONSHIP() );
#1953 = ITEM_DEFINED_TRANSFORMATION('','',#11,#31);
#1954 = PRODUCT_DEFINITION_SHAPE('Placement','Placement of an item',
  #1955);
#1955 = NEXT_ASSEMBLY_USAGE_OCCURRENCE('6','XY_Plane','',#5,#1940,$);
#1956 = PRODUCT_RELATED_PRODUCT_CATEGORY('part',$,(#1942));
#1957 = CONTEXT_DEPENDENT_SHAPE_REPRESENTATION(#1958,#1960);
#1958 = ( REPRESENTATION_RELATIONSHIP('','',#1945,#10) 
REPRESENTATION_RELATIONSHIP_WITH_TRANSFORMATION(#1959) 
SHAPE_REPRESENTATION_RELATIONSHIP() );
#1959 = ITEM_DEFINED_TRANSFORMATION('','',#11,#35);
#1960 = PRODUCT_DEFINITION_SHAPE('Placement','Placement of an item',
  #1961);
#1961 = NEXT_ASSEMBLY_USAGE_OCCURRENCE('7','XZ_Plane','',#5,#1940,$);
#1962 = CONTEXT_DEPENDENT_SHAPE_REPRESENTATION(#1963,#1965);
#1963 = ( REPRESENTATION_RELATIONSHIP('','',#1945,#10) 
REPRESENTATION_RELATIONSHIP_WITH_TRANSFORMATION(#1964) 
SHAPE_REPRESENTATION_RELATIONSHIP() );
#1964 = ITEM_DEFINED_TRANSFORMATION('','',#11,#39);
#1965 = PRODUCT_DEFINITION_SHAPE('Placement','Placement of an item',
  #1966);
#1966 = NEXT_ASSEMBLY_USAGE_OCCURRENCE('8','YZ_Plane','',#5,#1940,$);
#1967 = CONTEXT_DEPENDENT_SHAPE_REPRESENTATION(#1968,#1970);
#1968 = ( REPRESENTATION_RELATIONSHIP('','',#119,#10) 
REPRESENTATION_RELATIONSHIP_WITH_TRANSFORMATION(#1969) 
SHAPE_REPRESENTATION_RELATIONSHIP() );
#1969 = ITEM_DEFINED_TRANSFORMATION('','',#11,#43);
#1970 = PRODUCT_DEFINITION_SHAPE('Placement','Placement of an item',
  #1971);
#1971 = NEXT_ASSEMBLY_USAGE_OCCURRENCE('9','VSlot2020_100_Body','',#5,
  #114,$);
#1972 = CONTEXT_DEPENDENT_SHAPE_REPRESENTATION(#1973,#1975);
#1973 = ( REPRESENTATION_RELATIONSHIP('','',#1911,#10) 
REPRESENTATION_RELATIONSHIP_WITH_TRANSFORMATION(#1974) 
SHAPE_REPRESENTATION_RELATIONSHIP() );
#1974 = ITEM_DEFINED_TRANSFORMATION('','',#11,#47);
#1975 = PRODUCT_DEFINITION_SHAPE('Placement','Placement of an item',
  #1976);
#1976 = NEXT_ASSEMBLY_USAGE_OCCURRENCE('10','X_Axis001','',#5,#1906,$);
#1977 = CONTEXT_DEPENDENT_SHAPE_REPRESENTATION(#1978,#1980);
#1978 = ( REPRESENTATION_RELATIONSHIP('','',#1911,#10) 
REPRESENTATION_RELATIONSHIP_WITH_TRANSFORMATION(#1979) 
SHAPE_REPRESENTATION_RELATIONSHIP() );
#1979 = ITEM_DEFINED_TRANSFORMATION('','',#11,#51);
#1980 = PRODUCT_DEFINITION_SHAPE('Placement','Placement of an item',
  #1981);
#1981 = NEXT_ASSEMBLY_USAGE_OCCURRENCE('11','Y_Axis001','',#5,#1906,$);
#1982 = CONTEXT_DEPENDENT_SHAPE_REPRESENTATION(#1983,#1985);
#1983 = ( REPRESENTATION_RELATIONSHIP('','',#1911,#10) 
REPRESENTATION_RELATIONSHIP_WITH_TRANSFORMATION(#1984) 
SHAPE_REPRESENTATION_RELATIONSHIP() );
#1984 = ITEM_DEFINED_TRANSFORMATION('','',#11,#55);
#1985 = PRODUCT_DEFINITION_SHAPE('Placement','Placement of an item',
  #1986);
#1986 = NEXT_ASSEMBLY_USAGE_OCCURRENCE('12','Z_Axis001','',#5,#1906,$);
#1987 = CONTEXT_DEPENDENT_SHAPE_REPRESENTATION(#1988,#1990);
#1988 = ( REPRESENTATION_RELATIONSHIP('','',#1945,#10) 
REPRESENTATION_RELATIONSHIP_WITH_TRANSFORMATION(#1989) 
SHAPE_REPRESENTATION_RELATIONSHIP() );
#1989 = ITEM_DEFINED_TRANSFORMATION('','',#11,#59);
#1990 = PRODUCT_DEFINITION_SHAPE('Placement','Placement of an item',
  #1991);
#1991 = NEXT_ASSEMBLY_USAGE_OCCURRENCE('13','XY_Plane001','',#5,#1940,$
  );
#1992 = CONTEXT_DEPENDENT_SHAPE_REPRESENTATION(#1993,#1995);
#1993 = ( REPRESENTATION_RELATIONSHIP('','',#1945,#10) 
REPRESENTATION_RELATIONSHIP_WITH_TRANSFORMATION(#1994) 
SHAPE_REPRESENTATION_RELATIONSHIP() );
#1994 = ITEM_DEFINED_TRANSFORMATION('','',#11,#63);
#1995 = PRODUCT_DEFINITION_SHAPE('Placement','Placement of an item',
  #1996);
#1996 = NEXT_ASSEMBLY_USAGE_OCCURRENCE('14','XZ_Plane001','',#5,#1940,$
  );
#1997 = CONTEXT_DEPENDENT_SHAPE_REPRESENTATION(#1998,#2000);
#1998 = ( REPRESENTATION_RELATIONSHIP('','',#1945,#10) 
REPRESENTATION_RELATIONSHIP_WITH_TRANSFORMATION(#1999) 
SHAPE_REPRESENTATION_RELATIONSHIP() );
#1999 = ITEM_DEFINED_TRANSFORMATION('','',#11,#67);
#2000 = PRODUCT_DEFINITION_SHAPE('Placement','Placement of an item',
  #2001);
#2001 = NEXT_ASSEMBLY_USAGE_OCCURRENCE('15','YZ_Plane001','',#5,#1940,$
  );
#2002 = SHAPE_DEFINITION_REPRESENTATION(#2003,#2009);
#2003 = PRODUCT_DEFINITION_SHAPE('','',#2004);
#2004 = PRODUCT_DEFINITION('design','',#2005,#2008);
#2005 = PRODUCT_DEFINITION_FORMATION('','',#2006);
#2006 = PRODUCT('Sketch','Sketch','',(#2007));
#2007 = PRODUCT_CONTEXT('',#2,'mechanical');
#2008 = PRODUCT_DEFINITION_CONTEXT('part definition',#2,'design');
#2009 = SHAPE_REPRESENTATION('',(#11,#2010,#2019),#2384);
#2010 = GEOMETRIC_CURVE_SET('',(#2011));
#2011 = TRIMMED_CURVE('',#2012,(#2017,PARAMETER_VALUE(0.)),(#2018,
    PARAMETER_VALUE(6.28318530718)),.T.,.PARAMETER.);
#2012 = CIRCLE('',#2013,2.1);
#2013 = AXIS2_PLACEMENT_3D('',#2014,#2015,#2016);
#2014 = CARTESIAN_POINT('',(0.,0.,0.));
#2015 = DIRECTION('',(0.,0.,1.));
#2016 = DIRECTION('',(1.,0.,-0.));
#2017 = CARTESIAN_POINT('',(2.1,0.,0.));
#2018 = CARTESIAN_POINT('',(2.1,0.,0.));
#2019 = GEOMETRIC_CURVE_SET('',(#2020,#2027,#2034,#2041,#2048,#2055,
    #2062,#2069,#2076,#2083,#2090,#2097,#2104,#2111,#2118,#2125,#2132,
    #2139,#2146,#2153,#2160,#2167,#2174,#2181,#2188,#2195,#2202,#2209,
    #2216,#2223,#2230,#2237,#2244,#2251,#2258,#2265,#2272,#2279,#2286,
    #2293,#2300,#2307,#2314,#2321,#2328,#2335,#2342,#2349,#2356,#2363,
    #2370,#2377));
#2020 = TRIMMED_CURVE('',#2021,(#2025,PARAMETER_VALUE(0.)),(#2026,
    PARAMETER_VALUE(5.42)),.T.,.PARAMETER.);
#2021 = LINE('',#2022,#2023);
#2022 = CARTESIAN_POINT('',(-10.,4.58,0.));
#2023 = VECTOR('',#2024,1.);
#2024 = DIRECTION('',(0.,1.,0.));
#2025 = CARTESIAN_POINT('',(-10.,4.58,0.));
#2026 = CARTESIAN_POINT('',(-10.,10.,0.));
#2027 = TRIMMED_CURVE('',#2028,(#2032,PARAMETER_VALUE(0.)),(#2033,
    PARAMETER_VALUE(5.42)),.T.,.PARAMETER.);
#2028 = LINE('',#2029,#2030);
#2029 = CARTESIAN_POINT('',(-10.,10.,0.));
#2030 = VECTOR('',#2031,1.);
#2031 = DIRECTION('',(1.,0.,0.));
#2032 = CARTESIAN_POINT('',(-10.,10.,0.));
#2033 = CARTESIAN_POINT('',(-4.58,10.,0.));
#2034 = TRIMMED_CURVE('',#2035,(#2039,PARAMETER_VALUE(0.)),(#2040,
    PARAMETER_VALUE(2.057680733253)),.T.,.PARAMETER.);
#2035 = LINE('',#2036,#2037);
#2036 = CARTESIAN_POINT('',(-4.58,10.,0.));
#2037 = VECTOR('',#2038,1.);
#2038 = DIRECTION('',(0.707106781187,-0.707106781187,0.));
#2039 = CARTESIAN_POINT('',(-4.58,10.,0.));
#2040 = CARTESIAN_POINT('',(-3.125,8.545,0.));
#2041 = TRIMMED_CURVE('',#2042,(#2046,PARAMETER_VALUE(0.)),(#2047,
    PARAMETER_VALUE(0.345)),.T.,.PARAMETER.);
#2042 = LINE('',#2043,#2044);
#2043 = CARTESIAN_POINT('',(-3.125,8.545,0.));
#2044 = VECTOR('',#2045,1.);
#2045 = DIRECTION('',(0.,-1.,0.));
#2046 = CARTESIAN_POINT('',(-3.125,8.545,0.));
#2047 = CARTESIAN_POINT('',(-3.125,8.2,0.));
#2048 = TRIMMED_CURVE('',#2049,(#2053,PARAMETER_VALUE(0.)),(#2054,
    PARAMETER_VALUE(2.375)),.T.,.PARAMETER.);
#2049 = LINE('',#2050,#2051);
#2050 = CARTESIAN_POINT('',(-5.5,8.2,0.));
#2051 = VECTOR('',#2052,1.);
#2052 = DIRECTION('',(1.,0.,0.));
#2053 = CARTESIAN_POINT('',(-5.5,8.2,0.));
#2054 = CARTESIAN_POINT('',(-3.125,8.2,0.));
#2055 = TRIMMED_CURVE('',#2056,(#2060,PARAMETER_VALUE(0.)),(#2061,
    PARAMETER_VALUE(1.63933982822)),.T.,.PARAMETER.);
#2056 = LINE('',#2057,#2058);
#2057 = CARTESIAN_POINT('',(-5.5,6.56066017178,0.));
#2058 = VECTOR('',#2059,1.);
#2059 = DIRECTION('',(0.,1.,0.));
#2060 = CARTESIAN_POINT('',(-5.5,6.56066017178,0.));
#2061 = CARTESIAN_POINT('',(-5.5,8.2,0.));
#2062 = TRIMMED_CURVE('',#2063,(#2067,PARAMETER_VALUE(0.)),(#2068,
    PARAMETER_VALUE(3.762741699797)),.T.,.PARAMETER.);
#2063 = LINE('',#2064,#2065);
#2064 = CARTESIAN_POINT('',(-5.5,6.56066017178,0.));
#2065 = VECTOR('',#2066,1.);
#2066 = DIRECTION('',(0.707106781187,-0.707106781187,0.));
#2067 = CARTESIAN_POINT('',(-5.5,6.56066017178,0.));
#2068 = CARTESIAN_POINT('',(-2.83933982822,3.9,0.));
#2069 = TRIMMED_CURVE('',#2070,(#2074,PARAMETER_VALUE(0.)),(#2075,
    PARAMETER_VALUE(5.67867965644)),.T.,.PARAMETER.);
#2070 = LINE('',#2071,#2072);
#2071 = CARTESIAN_POINT('',(-2.83933982822,3.9,0.));
#2072 = VECTOR('',#2073,1.);
#2073 = DIRECTION('',(1.,0.,0.));
#2074 = CARTESIAN_POINT('',(-2.83933982822,3.9,0.));
#2075 = CARTESIAN_POINT('',(2.83933982822,3.9,0.));
#2076 = TRIMMED_CURVE('',#2077,(#2081,PARAMETER_VALUE(0.)),(#2082,
    PARAMETER_VALUE(3.762741699797)),.T.,.PARAMETER.);
#2077 = LINE('',#2078,#2079);
#2078 = CARTESIAN_POINT('',(2.83933982822,3.9,0.));
#2079 = VECTOR('',#2080,1.);
#2080 = DIRECTION('',(0.707106781187,0.707106781187,0.));
#2081 = CARTESIAN_POINT('',(2.83933982822,3.9,0.));
#2082 = CARTESIAN_POINT('',(5.5,6.56066017178,0.));
#2083 = TRIMMED_CURVE('',#2084,(#2088,PARAMETER_VALUE(0.)),(#2089,
    PARAMETER_VALUE(1.63933982822)),.T.,.PARAMETER.);
#2084 = LINE('',#2085,#2086);
#2085 = CARTESIAN_POINT('',(5.5,6.56066017178,0.));
#2086 = VECTOR('',#2087,1.);
#2087 = DIRECTION('',(0.,1.,0.));
#2088 = CARTESIAN_POINT('',(5.5,6.56066017178,0.));
#2089 = CARTESIAN_POINT('',(5.5,8.2,0.));
#2090 = TRIMMED_CURVE('',#2091,(#2095,PARAMETER_VALUE(0.)),(#2096,
    PARAMETER_VALUE(2.375)),.T.,.PARAMETER.);
#2091 = LINE('',#2092,#2093);
#2092 = CARTESIAN_POINT('',(5.5,8.2,0.));
#2093 = VECTOR('',#2094,1.);
#2094 = DIRECTION('',(-1.,0.,0.));
#2095 = CARTESIAN_POINT('',(5.5,8.2,0.));
#2096 = CARTESIAN_POINT('',(3.125,8.2,0.));
#2097 = TRIMMED_CURVE('',#2098,(#2102,PARAMETER_VALUE(0.)),(#2103,
    PARAMETER_VALUE(0.345)),.T.,.PARAMETER.);
#2098 = LINE('',#2099,#2100);
#2099 = CARTESIAN_POINT('',(3.125,8.545,0.));
#2100 = VECTOR('',#2101,1.);
#2101 = DIRECTION('',(0.,-1.,0.));
#2102 = CARTESIAN_POINT('',(3.125,8.545,0.));
#2103 = CARTESIAN_POINT('',(3.125,8.2,0.));
#2104 = TRIMMED_CURVE('',#2105,(#2109,PARAMETER_VALUE(0.)),(#2110,
    PARAMETER_VALUE(2.057680733253)),.T.,.PARAMETER.);
#2105 = LINE('',#2106,#2107);
#2106 = CARTESIAN_POINT('',(4.58,10.,0.));
#2107 = VECTOR('',#2108,1.);
#2108 = DIRECTION('',(-0.707106781187,-0.707106781187,0.));
#2109 = CARTESIAN_POINT('',(4.58,10.,0.));
#2110 = CARTESIAN_POINT('',(3.125,8.545,0.));
#2111 = TRIMMED_CURVE('',#2112,(#2116,PARAMETER_VALUE(0.)),(#2117,
    PARAMETER_VALUE(5.42)),.T.,.PARAMETER.);
#2112 = LINE('',#2113,#2114);
#2113 = CARTESIAN_POINT('',(4.58,10.,0.));
#2114 = VECTOR('',#2115,1.);
#2115 = DIRECTION('',(1.,0.,0.));
#2116 = CARTESIAN_POINT('',(4.58,10.,0.));
#2117 = CARTESIAN_POINT('',(10.,10.,0.));
#2118 = TRIMMED_CURVE('',#2119,(#2123,PARAMETER_VALUE(0.)),(#2124,
    PARAMETER_VALUE(5.42)),.T.,.PARAMETER.);
#2119 = LINE('',#2120,#2121);
#2120 = CARTESIAN_POINT('',(10.,10.,0.));
#2121 = VECTOR('',#2122,1.);
#2122 = DIRECTION('',(0.,-1.,0.));
#2123 = CARTESIAN_POINT('',(10.,10.,0.));
#2124 = CARTESIAN_POINT('',(10.,4.58,0.));
#2125 = TRIMMED_CURVE('',#2126,(#2130,PARAMETER_VALUE(0.)),(#2131,
    PARAMETER_VALUE(2.057680733253)),.T.,.PARAMETER.);
#2126 = LINE('',#2127,#2128);
#2127 = CARTESIAN_POINT('',(10.,4.58,0.));
#2128 = VECTOR('',#2129,1.);
#2129 = DIRECTION('',(-0.707106781187,-0.707106781187,0.));
#2130 = CARTESIAN_POINT('',(10.,4.58,0.));
#2131 = CARTESIAN_POINT('',(8.545,3.125,0.));
#2132 = TRIMMED_CURVE('',#2133,(#2137,PARAMETER_VALUE(0.)),(#2138,
    PARAMETER_VALUE(0.345)),.T.,.PARAMETER.);
#2133 = LINE('',#2134,#2135);
#2134 = CARTESIAN_POINT('',(8.2,3.125,0.));
#2135 = VECTOR('',#2136,1.);
#2136 = DIRECTION('',(1.,0.,0.));
#2137 = CARTESIAN_POINT('',(8.2,3.125,0.));
#2138 = CARTESIAN_POINT('',(8.545,3.125,0.));
#2139 = TRIMMED_CURVE('',#2140,(#2144,PARAMETER_VALUE(0.)),(#2145,
    PARAMETER_VALUE(2.375)),.T.,.PARAMETER.);
#2140 = LINE('',#2141,#2142);
#2141 = CARTESIAN_POINT('',(8.2,5.5,0.));
#2142 = VECTOR('',#2143,1.);
#2143 = DIRECTION('',(0.,-1.,0.));
#2144 = CARTESIAN_POINT('',(8.2,5.5,0.));
#2145 = CARTESIAN_POINT('',(8.2,3.125,0.));
#2146 = TRIMMED_CURVE('',#2147,(#2151,PARAMETER_VALUE(0.)),(#2152,
    PARAMETER_VALUE(1.63933982822)),.T.,.PARAMETER.);
#2147 = LINE('',#2148,#2149);
#2148 = CARTESIAN_POINT('',(6.56066017178,5.5,0.));
#2149 = VECTOR('',#2150,1.);
#2150 = DIRECTION('',(1.,0.,0.));
#2151 = CARTESIAN_POINT('',(6.56066017178,5.5,0.));
#2152 = CARTESIAN_POINT('',(8.2,5.5,0.));
#2153 = TRIMMED_CURVE('',#2154,(#2158,PARAMETER_VALUE(0.)),(#2159,
    PARAMETER_VALUE(3.762741699797)),.T.,.PARAMETER.);
#2154 = LINE('',#2155,#2156);
#2155 = CARTESIAN_POINT('',(3.9,2.83933982822,0.));
#2156 = VECTOR('',#2157,1.);
#2157 = DIRECTION('',(0.707106781187,0.707106781187,0.));
#2158 = CARTESIAN_POINT('',(3.9,2.83933982822,0.));
#2159 = CARTESIAN_POINT('',(6.56066017178,5.5,0.));
#2160 = TRIMMED_CURVE('',#2161,(#2165,PARAMETER_VALUE(0.)),(#2166,
    PARAMETER_VALUE(5.67867965644)),.T.,.PARAMETER.);
#2161 = LINE('',#2162,#2163);
#2162 = CARTESIAN_POINT('',(3.9,2.83933982822,0.));
#2163 = VECTOR('',#2164,1.);
#2164 = DIRECTION('',(0.,-1.,0.));
#2165 = CARTESIAN_POINT('',(3.9,2.83933982822,0.));
#2166 = CARTESIAN_POINT('',(3.9,-2.83933982822,0.));
#2167 = TRIMMED_CURVE('',#2168,(#2172,PARAMETER_VALUE(0.)),(#2173,
    PARAMETER_VALUE(3.762741699797)),.T.,.PARAMETER.);
#2168 = LINE('',#2169,#2170);
#2169 = CARTESIAN_POINT('',(3.9,-2.83933982822,0.));
#2170 = VECTOR('',#2171,1.);
#2171 = DIRECTION('',(0.707106781187,-0.707106781187,0.));
#2172 = CARTESIAN_POINT('',(3.9,-2.83933982822,0.));
#2173 = CARTESIAN_POINT('',(6.56066017178,-5.5,0.));
#2174 = TRIMMED_CURVE('',#2175,(#2179,PARAMETER_VALUE(0.)),(#2180,
    PARAMETER_VALUE(1.63933982822)),.T.,.PARAMETER.);
#2175 = LINE('',#2176,#2177);
#2176 = CARTESIAN_POINT('',(6.56066017178,-5.5,0.));
#2177 = VECTOR('',#2178,1.);
#2178 = DIRECTION('',(1.,0.,0.));
#2179 = CARTESIAN_POINT('',(6.56066017178,-5.5,0.));
#2180 = CARTESIAN_POINT('',(8.2,-5.5,0.));
#2181 = TRIMMED_CURVE('',#2182,(#2186,PARAMETER_VALUE(0.)),(#2187,
    PARAMETER_VALUE(2.375)),.T.,.PARAMETER.);
#2182 = LINE('',#2183,#2184);
#2183 = CARTESIAN_POINT('',(8.2,-5.5,0.));
#2184 = VECTOR('',#2185,1.);
#2185 = DIRECTION('',(0.,1.,0.));
#2186 = CARTESIAN_POINT('',(8.2,-5.5,0.));
#2187 = CARTESIAN_POINT('',(8.2,-3.125,0.));
#2188 = TRIMMED_CURVE('',#2189,(#2193,PARAMETER_VALUE(0.)),(#2194,
    PARAMETER_VALUE(0.345)),.T.,.PARAMETER.);
#2189 = LINE('',#2190,#2191);
#2190 = CARTESIAN_POINT('',(8.2,-3.125,0.));
#2191 = VECTOR('',#2192,1.);
#2192 = DIRECTION('',(1.,-3.86E-15,0.));
#2193 = CARTESIAN_POINT('',(8.2,-3.125,0.));
#2194 = CARTESIAN_POINT('',(8.545,-3.125,0.));
#2195 = TRIMMED_CURVE('',#2196,(#2200,PARAMETER_VALUE(0.)),(#2201,
    PARAMETER_VALUE(2.057680733253)),.T.,.PARAMETER.);
#2196 = LINE('',#2197,#2198);
#2197 = CARTESIAN_POINT('',(10.,-4.58,0.));
#2198 = VECTOR('',#2199,1.);
#2199 = DIRECTION('',(-0.707106781187,0.707106781187,0.));
#2200 = CARTESIAN_POINT('',(10.,-4.58,0.));
#2201 = CARTESIAN_POINT('',(8.545,-3.125,0.));
#2202 = TRIMMED_CURVE('',#2203,(#2207,PARAMETER_VALUE(0.)),(#2208,
    PARAMETER_VALUE(5.42)),.T.,.PARAMETER.);
#2203 = LINE('',#2204,#2205);
#2204 = CARTESIAN_POINT('',(10.,-4.58,0.));
#2205 = VECTOR('',#2206,1.);
#2206 = DIRECTION('',(0.,-1.,0.));
#2207 = CARTESIAN_POINT('',(10.,-4.58,0.));
#2208 = CARTESIAN_POINT('',(10.,-10.,0.));
#2209 = TRIMMED_CURVE('',#2210,(#2214,PARAMETER_VALUE(0.)),(#2215,
    PARAMETER_VALUE(5.42)),.T.,.PARAMETER.);
#2210 = LINE('',#2211,#2212);
#2211 = CARTESIAN_POINT('',(10.,-10.,0.));
#2212 = VECTOR('',#2213,1.);
#2213 = DIRECTION('',(-1.,0.,0.));
#2214 = CARTESIAN_POINT('',(10.,-10.,0.));
#2215 = CARTESIAN_POINT('',(4.58,-10.,0.));
#2216 = TRIMMED_CURVE('',#2217,(#2221,PARAMETER_VALUE(0.)),(#2222,
    PARAMETER_VALUE(2.057680733253)),.T.,.PARAMETER.);
#2217 = LINE('',#2218,#2219);
#2218 = CARTESIAN_POINT('',(4.58,-10.,0.));
#2219 = VECTOR('',#2220,1.);
#2220 = DIRECTION('',(-0.707106781187,0.707106781187,0.));
#2221 = CARTESIAN_POINT('',(4.58,-10.,0.));
#2222 = CARTESIAN_POINT('',(3.125,-8.545,0.));
#2223 = TRIMMED_CURVE('',#2224,(#2228,PARAMETER_VALUE(0.)),(#2229,
    PARAMETER_VALUE(0.345)),.T.,.PARAMETER.);
#2224 = LINE('',#2225,#2226);
#2225 = CARTESIAN_POINT('',(3.125,-8.2,0.));
#2226 = VECTOR('',#2227,1.);
#2227 = DIRECTION('',(1.29E-15,-1.,0.));
#2228 = CARTESIAN_POINT('',(3.125,-8.2,0.));
#2229 = CARTESIAN_POINT('',(3.125,-8.545,0.));
#2230 = TRIMMED_CURVE('',#2231,(#2235,PARAMETER_VALUE(0.)),(#2236,
    PARAMETER_VALUE(2.375)),.T.,.PARAMETER.);
#2231 = LINE('',#2232,#2233);
#2232 = CARTESIAN_POINT('',(5.5,-8.2,0.));
#2233 = VECTOR('',#2234,1.);
#2234 = DIRECTION('',(-1.,0.,0.));
#2235 = CARTESIAN_POINT('',(5.5,-8.2,0.));
#2236 = CARTESIAN_POINT('',(3.125,-8.2,0.));
#2237 = TRIMMED_CURVE('',#2238,(#2242,PARAMETER_VALUE(0.)),(#2243,
    PARAMETER_VALUE(1.63933982822)),.T.,.PARAMETER.);
#2238 = LINE('',#2239,#2240);
#2239 = CARTESIAN_POINT('',(5.5,-6.56066017178,0.));
#2240 = VECTOR('',#2241,1.);
#2241 = DIRECTION('',(0.,-1.,0.));
#2242 = CARTESIAN_POINT('',(5.5,-6.56066017178,0.));
#2243 = CARTESIAN_POINT('',(5.5,-8.2,0.));
#2244 = TRIMMED_CURVE('',#2245,(#2249,PARAMETER_VALUE(0.)),(#2250,
    PARAMETER_VALUE(3.762741699797)),.T.,.PARAMETER.);
#2245 = LINE('',#2246,#2247);
#2246 = CARTESIAN_POINT('',(2.83933982822,-3.9,0.));
#2247 = VECTOR('',#2248,1.);
#2248 = DIRECTION('',(0.707106781187,-0.707106781187,0.));
#2249 = CARTESIAN_POINT('',(2.83933982822,-3.9,0.));
#2250 = CARTESIAN_POINT('',(5.5,-6.56066017178,0.));
#2251 = TRIMMED_CURVE('',#2252,(#2256,PARAMETER_VALUE(0.)),(#2257,
    PARAMETER_VALUE(5.67867965644)),.T.,.PARAMETER.);
#2252 = LINE('',#2253,#2254);
#2253 = CARTESIAN_POINT('',(-2.83933982822,-3.9,0.));
#2254 = VECTOR('',#2255,1.);
#2255 = DIRECTION('',(1.,0.,0.));
#2256 = CARTESIAN_POINT('',(-2.83933982822,-3.9,0.));
#2257 = CARTESIAN_POINT('',(2.83933982822,-3.9,0.));
#2258 = TRIMMED_CURVE('',#2259,(#2263,PARAMETER_VALUE(0.)),(#2264,
    PARAMETER_VALUE(3.762741699797)),.T.,.PARAMETER.);
#2259 = LINE('',#2260,#2261);
#2260 = CARTESIAN_POINT('',(-2.83933982822,-3.9,0.));
#2261 = VECTOR('',#2262,1.);
#2262 = DIRECTION('',(-0.707106781187,-0.707106781187,0.));
#2263 = CARTESIAN_POINT('',(-2.83933982822,-3.9,0.));
#2264 = CARTESIAN_POINT('',(-5.5,-6.56066017178,0.));
#2265 = TRIMMED_CURVE('',#2266,(#2270,PARAMETER_VALUE(0.)),(#2271,
    PARAMETER_VALUE(1.63933982822)),.T.,.PARAMETER.);
#2266 = LINE('',#2267,#2268);
#2267 = CARTESIAN_POINT('',(-5.5,-6.56066017178,0.));
#2268 = VECTOR('',#2269,1.);
#2269 = DIRECTION('',(0.,-1.,0.));
#2270 = CARTESIAN_POINT('',(-5.5,-6.56066017178,0.));
#2271 = CARTESIAN_POINT('',(-5.5,-8.2,0.));
#2272 = TRIMMED_CURVE('',#2273,(#2277,PARAMETER_VALUE(0.)),(#2278,
    PARAMETER_VALUE(2.375)),.T.,.PARAMETER.);
#2273 = LINE('',#2274,#2275);
#2274 = CARTESIAN_POINT('',(-5.5,-8.2,0.));
#2275 = VECTOR('',#2276,1.);
#2276 = DIRECTION('',(1.,0.,0.));
#2277 = CARTESIAN_POINT('',(-5.5,-8.2,0.));
#2278 = CARTESIAN_POINT('',(-3.125,-8.2,0.));
#2279 = TRIMMED_CURVE('',#2280,(#2284,PARAMETER_VALUE(0.)),(#2285,
    PARAMETER_VALUE(0.345)),.T.,.PARAMETER.);
#2280 = LINE('',#2281,#2282);
#2281 = CARTESIAN_POINT('',(-3.125,-8.2,0.));
#2282 = VECTOR('',#2283,1.);
#2283 = DIRECTION('',(0.,-1.,0.));
#2284 = CARTESIAN_POINT('',(-3.125,-8.2,0.));
#2285 = CARTESIAN_POINT('',(-3.125,-8.545,0.));
#2286 = TRIMMED_CURVE('',#2287,(#2291,PARAMETER_VALUE(0.)),(#2292,
    PARAMETER_VALUE(2.057680733253)),.T.,.PARAMETER.);
#2287 = LINE('',#2288,#2289);
#2288 = CARTESIAN_POINT('',(-4.58,-10.,0.));
#2289 = VECTOR('',#2290,1.);
#2290 = DIRECTION('',(0.707106781187,0.707106781187,0.));
#2291 = CARTESIAN_POINT('',(-4.58,-10.,0.));
#2292 = CARTESIAN_POINT('',(-3.125,-8.545,0.));
#2293 = TRIMMED_CURVE('',#2294,(#2298,PARAMETER_VALUE(0.)),(#2299,
    PARAMETER_VALUE(5.42)),.T.,.PARAMETER.);
#2294 = LINE('',#2295,#2296);
#2295 = CARTESIAN_POINT('',(-4.58,-10.,0.));
#2296 = VECTOR('',#2297,1.);
#2297 = DIRECTION('',(-1.,0.,0.));
#2298 = CARTESIAN_POINT('',(-4.58,-10.,0.));
#2299 = CARTESIAN_POINT('',(-10.,-10.,0.));
#2300 = TRIMMED_CURVE('',#2301,(#2305,PARAMETER_VALUE(0.)),(#2306,
    PARAMETER_VALUE(5.42)),.T.,.PARAMETER.);
#2301 = LINE('',#2302,#2303);
#2302 = CARTESIAN_POINT('',(-10.,-10.,0.));
#2303 = VECTOR('',#2304,1.);
#2304 = DIRECTION('',(0.,1.,0.));
#2305 = CARTESIAN_POINT('',(-10.,-10.,0.));
#2306 = CARTESIAN_POINT('',(-10.,-4.58,0.));
#2307 = TRIMMED_CURVE('',#2308,(#2312,PARAMETER_VALUE(0.)),(#2313,
    PARAMETER_VALUE(2.057680733253)),.T.,.PARAMETER.);
#2308 = LINE('',#2309,#2310);
#2309 = CARTESIAN_POINT('',(-10.,-4.58,0.));
#2310 = VECTOR('',#2311,1.);
#2311 = DIRECTION('',(0.707106781187,0.707106781187,0.));
#2312 = CARTESIAN_POINT('',(-10.,-4.58,0.));
#2313 = CARTESIAN_POINT('',(-8.545,-3.125,0.));
#2314 = TRIMMED_CURVE('',#2315,(#2319,PARAMETER_VALUE(0.)),(#2320,
    PARAMETER_VALUE(0.345)),.T.,.PARAMETER.);
#2315 = LINE('',#2316,#2317);
#2316 = CARTESIAN_POINT('',(-8.545,-3.125,0.));
#2317 = VECTOR('',#2318,1.);
#2318 = DIRECTION('',(1.,0.,0.));
#2319 = CARTESIAN_POINT('',(-8.545,-3.125,0.));
#2320 = CARTESIAN_POINT('',(-8.2,-3.125,0.));
#2321 = TRIMMED_CURVE('',#2322,(#2326,PARAMETER_VALUE(0.)),(#2327,
    PARAMETER_VALUE(2.375)),.T.,.PARAMETER.);
#2322 = LINE('',#2323,#2324);
#2323 = CARTESIAN_POINT('',(-8.2,-5.5,0.));
#2324 = VECTOR('',#2325,1.);
#2325 = DIRECTION('',(0.,1.,0.));
#2326 = CARTESIAN_POINT('',(-8.2,-5.5,0.));
#2327 = CARTESIAN_POINT('',(-8.2,-3.125,0.));
#2328 = TRIMMED_CURVE('',#2329,(#2333,PARAMETER_VALUE(0.)),(#2334,
    PARAMETER_VALUE(1.63933982822)),.T.,.PARAMETER.);
#2329 = LINE('',#2330,#2331);
#2330 = CARTESIAN_POINT('',(-6.56066017178,-5.5,0.));
#2331 = VECTOR('',#2332,1.);
#2332 = DIRECTION('',(-1.,0.,0.));
#2333 = CARTESIAN_POINT('',(-6.56066017178,-5.5,0.));
#2334 = CARTESIAN_POINT('',(-8.2,-5.5,0.));
#2335 = TRIMMED_CURVE('',#2336,(#2340,PARAMETER_VALUE(0.)),(#2341,
    PARAMETER_VALUE(3.762741699797)),.T.,.PARAMETER.);
#2336 = LINE('',#2337,#2338);
#2337 = CARTESIAN_POINT('',(-3.9,-2.83933982822,0.));
#2338 = VECTOR('',#2339,1.);
#2339 = DIRECTION('',(-0.707106781187,-0.707106781187,0.));
#2340 = CARTESIAN_POINT('',(-3.9,-2.83933982822,0.));
#2341 = CARTESIAN_POINT('',(-6.56066017178,-5.5,0.));
#2342 = TRIMMED_CURVE('',#2343,(#2347,PARAMETER_VALUE(0.)),(#2348,
    PARAMETER_VALUE(5.67867965644)),.T.,.PARAMETER.);
#2343 = LINE('',#2344,#2345);
#2344 = CARTESIAN_POINT('',(-3.9,2.83933982822,0.));
#2345 = VECTOR('',#2346,1.);
#2346 = DIRECTION('',(0.,-1.,0.));
#2347 = CARTESIAN_POINT('',(-3.9,2.83933982822,0.));
#2348 = CARTESIAN_POINT('',(-3.9,-2.83933982822,0.));
#2349 = TRIMMED_CURVE('',#2350,(#2354,PARAMETER_VALUE(0.)),(#2355,
    PARAMETER_VALUE(3.762741699797)),.T.,.PARAMETER.);
#2350 = LINE('',#2351,#2352);
#2351 = CARTESIAN_POINT('',(-6.56066017178,5.5,0.));
#2352 = VECTOR('',#2353,1.);
#2353 = DIRECTION('',(0.707106781187,-0.707106781187,0.));
#2354 = CARTESIAN_POINT('',(-6.56066017178,5.5,0.));
#2355 = CARTESIAN_POINT('',(-3.9,2.83933982822,0.));
#2356 = TRIMMED_CURVE('',#2357,(#2361,PARAMETER_VALUE(0.)),(#2362,
    PARAMETER_VALUE(1.63933982822)),.T.,.PARAMETER.);
#2357 = LINE('',#2358,#2359);
#2358 = CARTESIAN_POINT('',(-6.56066017178,5.5,0.));
#2359 = VECTOR('',#2360,1.);
#2360 = DIRECTION('',(-1.,0.,0.));
#2361 = CARTESIAN_POINT('',(-6.56066017178,5.5,0.));
#2362 = CARTESIAN_POINT('',(-8.2,5.5,0.));
#2363 = TRIMMED_CURVE('',#2364,(#2368,PARAMETER_VALUE(0.)),(#2369,
    PARAMETER_VALUE(2.375)),.T.,.PARAMETER.);
#2364 = LINE('',#2365,#2366);
#2365 = CARTESIAN_POINT('',(-8.2,5.5,0.));
#2366 = VECTOR('',#2367,1.);
#2367 = DIRECTION('',(0.,-1.,0.));
#2368 = CARTESIAN_POINT('',(-8.2,5.5,0.));
#2369 = CARTESIAN_POINT('',(-8.2,3.125,0.));
#2370 = TRIMMED_CURVE('',#2371,(#2375,PARAMETER_VALUE(0.)),(#2376,
    PARAMETER_VALUE(0.345)),.T.,.PARAMETER.);
#2371 = LINE('',#2372,#2373);
#2372 = CARTESIAN_POINT('',(-8.545,3.125,0.));
#2373 = VECTOR('',#2374,1.);
#2374 = DIRECTION('',(1.,0.,0.));
#2375 = CARTESIAN_POINT('',(-8.545,3.125,0.));
#2376 = CARTESIAN_POINT('',(-8.2,3.125,0.));
#2377 = TRIMMED_CURVE('',#2378,(#2382,PARAMETER_VALUE(0.)),(#2383,
    PARAMETER_VALUE(2.057680733253)),.T.,.PARAMETER.);
#2378 = LINE('',#2379,#2380);
#2379 = CARTESIAN_POINT('',(-10.,4.58,0.));
#2380 = VECTOR('',#2381,1.);
#2381 = DIRECTION('',(0.707106781187,-0.707106781187,0.));
#2382 = CARTESIAN_POINT('',(-10.,4.58,0.));
#2383 = CARTESIAN_POINT('',(-8.545,3.125,0.));
#2384 = ( GEOMETRIC_REPRESENTATION_CONTEXT(3) 
GLOBAL_UNCERTAINTY_ASSIGNED_CONTEXT((#2388)) 
GLOBAL_UNIT_ASSIGNED_CONTEXT((#2385,#2386,#2387)) REPRESENTATION_CONTEXT
('Context #1','3D Context with UNIT and UNCERTAINTY') );
#2385 = ( LENGTH_UNIT() NAMED_UNIT(*) SI_UNIT(.MILLI.,.METRE.) );
#2386 = ( NAMED_UNIT(*) PLANE_ANGLE_UNIT() SI_UNIT($,.RADIAN.) );
#2387 = ( NAMED_UNIT(*) SI_UNIT($,.STERADIAN.) SOLID_ANGLE_UNIT() );
#2388 = UNCERTAINTY_MEASURE_WITH_UNIT(LENGTH_MEASURE(1.E-07),#2385,
  'distance_accuracy_value','confusion accuracy');
#2389 = CONTEXT_DEPENDENT_SHAPE_REPRESENTATION(#2390,#2392);
#2390 = ( REPRESENTATION_RELATIONSHIP('','',#2009,#10) 
REPRESENTATION_RELATIONSHIP_WITH_TRANSFORMATION(#2391) 
SHAPE_REPRESENTATION_RELATIONSHIP() );
#2391 = ITEM_DEFINED_TRANSFORMATION('','',#11,#71);
#2392 = PRODUCT_DEFINITION_SHAPE('Placement','Placement of an item',
  #2393);
#2393 = NEXT_ASSEMBLY_USAGE_OCCURRENCE('16','Sketch','',#5,#2004,$);
#2394 = PRODUCT_RELATED_PRODUCT_CATEGORY('part',$,(#2006));
#2395 = SHAPE_DEFINITION_REPRESENTATION(#2396,#2402);
#2396 = PRODUCT_DEFINITION_SHAPE('','',#2397);
#2397 = PRODUCT_DEFINITION('design','',#2398,#2401);
#2398 = PRODUCT_DEFINITION_FORMATION('','',#2399);
#2399 = PRODUCT('Pad','Pad','',(#2400));
#2400 = PRODUCT_CONTEXT('',#2,'mechanical');
#2401 = PRODUCT_DEFINITION_CONTEXT('part definition',#2,'design');
#2402 = ADVANCED_BREP_SHAPE_REPRESENTATION('',(#11,#2403),#4176);
#2403 = MANIFOLD_SOLID_BREP('',#2404);
#2404 = CLOSED_SHELL('',(#2405,#2445,#2476,#2507,#2538,#2569,#2600,#2631
    ,#2662,#2693,#2724,#2755,#2786,#2817,#2848,#2879,#2910,#2941,#2972,
    #3003,#3034,#3065,#3096,#3127,#3158,#3189,#3220,#3251,#3282,#3313,
    #3344,#3375,#3406,#3437,#3468,#3499,#3530,#3561,#3592,#3623,#3654,
    #3685,#3716,#3747,#3778,#3809,#3840,#3871,#3902,#3933,#3964,#3995,
    #4017,#4050,#4113));
#2405 = ADVANCED_FACE('',(#2406),#2440,.T.);
#2406 = FACE_BOUND('',#2407,.T.);
#2407 = EDGE_LOOP('',(#2408,#2418,#2426,#2434));
#2408 = ORIENTED_EDGE('',*,*,#2409,.T.);
#2409 = EDGE_CURVE('',#2410,#2412,#2414,.T.);
#2410 = VERTEX_POINT('',#2411);
#2411 = CARTESIAN_POINT('',(-10.,4.58,0.));
#2412 = VERTEX_POINT('',#2413);
#2413 = CARTESIAN_POINT('',(-10.,4.58,100.));
#2414 = LINE('',#2415,#2416);
#2415 = CARTESIAN_POINT('',(-10.,4.58,0.));
#2416 = VECTOR('',#2417,1.);
#2417 = DIRECTION('',(0.,0.,1.));
#2418 = ORIENTED_EDGE('',*,*,#2419,.T.);
#2419 = EDGE_CURVE('',#2412,#2420,#2422,.T.);
#2420 = VERTEX_POINT('',#2421);
#2421 = CARTESIAN_POINT('',(-10.,10.,100.));
#2422 = LINE('',#2423,#2424);
#2423 = CARTESIAN_POINT('',(-10.,4.58,100.));
#2424 = VECTOR('',#2425,1.);
#2425 = DIRECTION('',(0.,1.,0.));
#2426 = ORIENTED_EDGE('',*,*,#2427,.F.);
#2427 = EDGE_CURVE('',#2428,#2420,#2430,.T.);
#2428 = VERTEX_POINT('',#2429);
#2429 = CARTESIAN_POINT('',(-10.,10.,0.));
#2430 = LINE('',#2431,#2432);
#2431 = CARTESIAN_POINT('',(-10.,10.,0.));
#2432 = VECTOR('',#2433,1.);
#2433 = DIRECTION('',(0.,0.,1.));
#2434 = ORIENTED_EDGE('',*,*,#2435,.F.);
#2435 = EDGE_CURVE('',#2410,#2428,#2436,.T.);
#2436 = LINE('',#2437,#2438);
#2437 = CARTESIAN_POINT('',(-10.,4.58,0.));
#2438 = VECTOR('',#2439,1.);
#2439 = DIRECTION('',(0.,1.,0.));
#2440 = PLANE('',#2441);
#2441 = AXIS2_PLACEMENT_3D('',#2442,#2443,#2444);
#2442 = CARTESIAN_POINT('',(-10.,4.58,0.));
#2443 = DIRECTION('',(-1.,0.,0.));
#2444 = DIRECTION('',(0.,1.,0.));
#2445 = ADVANCED_FACE('',(#2446),#2471,.T.);
#2446 = FACE_BOUND('',#2447,.T.);
#2447 = EDGE_LOOP('',(#2448,#2449,#2457,#2465));
#2448 = ORIENTED_EDGE('',*,*,#2427,.T.);
#2449 = ORIENTED_EDGE('',*,*,#2450,.T.);
#2450 = EDGE_CURVE('',#2420,#2451,#2453,.T.);
#2451 = VERTEX_POINT('',#2452);
#2452 = CARTESIAN_POINT('',(-4.58,10.,100.));
#2453 = LINE('',#2454,#2455);
#2454 = CARTESIAN_POINT('',(-10.,10.,100.));
#2455 = VECTOR('',#2456,1.);
#2456 = DIRECTION('',(1.,0.,0.));
#2457 = ORIENTED_EDGE('',*,*,#2458,.F.);
#2458 = EDGE_CURVE('',#2459,#2451,#2461,.T.);
#2459 = VERTEX_POINT('',#2460);
#2460 = CARTESIAN_POINT('',(-4.58,10.,0.));
#2461 = LINE('',#2462,#2463);
#2462 = CARTESIAN_POINT('',(-4.58,10.,0.));
#2463 = VECTOR('',#2464,1.);
#2464 = DIRECTION('',(0.,0.,1.));
#2465 = ORIENTED_EDGE('',*,*,#2466,.F.);
#2466 = EDGE_CURVE('',#2428,#2459,#2467,.T.);
#2467 = LINE('',#2468,#2469);
#2468 = CARTESIAN_POINT('',(-10.,10.,0.));
#2469 = VECTOR('',#2470,1.);
#2470 = DIRECTION('',(1.,0.,0.));
#2471 = PLANE('',#2472);
#2472 = AXIS2_PLACEMENT_3D('',#2473,#2474,#2475);
#2473 = CARTESIAN_POINT('',(-10.,10.,0.));
#2474 = DIRECTION('',(0.,1.,0.));
#2475 = DIRECTION('',(1.,0.,0.));
#2476 = ADVANCED_FACE('',(#2477),#2502,.T.);
#2477 = FACE_BOUND('',#2478,.T.);
#2478 = EDGE_LOOP('',(#2479,#2480,#2488,#2496));
#2479 = ORIENTED_EDGE('',*,*,#2458,.T.);
#2480 = ORIENTED_EDGE('',*,*,#2481,.T.);
#2481 = EDGE_CURVE('',#2451,#2482,#2484,.T.);
#2482 = VERTEX_POINT('',#2483);
#2483 = CARTESIAN_POINT('',(-3.125,8.545,100.));
#2484 = LINE('',#2485,#2486);
#2485 = CARTESIAN_POINT('',(-4.58,10.,100.));
#2486 = VECTOR('',#2487,1.);
#2487 = DIRECTION('',(0.707106781187,-0.707106781187,0.));
#2488 = ORIENTED_EDGE('',*,*,#2489,.F.);
#2489 = EDGE_CURVE('',#2490,#2482,#2492,.T.);
#2490 = VERTEX_POINT('',#2491);
#2491 = CARTESIAN_POINT('',(-3.125,8.545,0.));
#2492 = LINE('',#2493,#2494);
#2493 = CARTESIAN_POINT('',(-3.125,8.545,0.));
#2494 = VECTOR('',#2495,1.);
#2495 = DIRECTION('',(0.,0.,1.));
#2496 = ORIENTED_EDGE('',*,*,#2497,.F.);
#2497 = EDGE_CURVE('',#2459,#2490,#2498,.T.);
#2498 = LINE('',#2499,#2500);
#2499 = CARTESIAN_POINT('',(-4.58,10.,0.));
#2500 = VECTOR('',#2501,1.);
#2501 = DIRECTION('',(0.707106781187,-0.707106781187,0.));
#2502 = PLANE('',#2503);
#2503 = AXIS2_PLACEMENT_3D('',#2504,#2505,#2506);
#2504 = CARTESIAN_POINT('',(-4.58,10.,0.));
#2505 = DIRECTION('',(0.707106781187,0.707106781187,-0.));
#2506 = DIRECTION('',(0.707106781187,-0.707106781187,0.));
#2507 = ADVANCED_FACE('',(#2508),#2533,.T.);
#2508 = FACE_BOUND('',#2509,.T.);
#2509 = EDGE_LOOP('',(#2510,#2511,#2519,#2527));
#2510 = ORIENTED_EDGE('',*,*,#2489,.T.);
#2511 = ORIENTED_EDGE('',*,*,#2512,.T.);
#2512 = EDGE_CURVE('',#2482,#2513,#2515,.T.);
#2513 = VERTEX_POINT('',#2514);
#2514 = CARTESIAN_POINT('',(-3.125,8.2,100.));
#2515 = LINE('',#2516,#2517);
#2516 = CARTESIAN_POINT('',(-3.125,8.545,100.));
#2517 = VECTOR('',#2518,1.);
#2518 = DIRECTION('',(0.,-1.,0.));
#2519 = ORIENTED_EDGE('',*,*,#2520,.F.);
#2520 = EDGE_CURVE('',#2521,#2513,#2523,.T.);
#2521 = VERTEX_POINT('',#2522);
#2522 = CARTESIAN_POINT('',(-3.125,8.2,0.));
#2523 = LINE('',#2524,#2525);
#2524 = CARTESIAN_POINT('',(-3.125,8.2,0.));
#2525 = VECTOR('',#2526,1.);
#2526 = DIRECTION('',(0.,0.,1.));
#2527 = ORIENTED_EDGE('',*,*,#2528,.F.);
#2528 = EDGE_CURVE('',#2490,#2521,#2529,.T.);
#2529 = LINE('',#2530,#2531);
#2530 = CARTESIAN_POINT('',(-3.125,8.545,0.));
#2531 = VECTOR('',#2532,1.);
#2532 = DIRECTION('',(0.,-1.,0.));
#2533 = PLANE('',#2534);
#2534 = AXIS2_PLACEMENT_3D('',#2535,#2536,#2537);
#2535 = CARTESIAN_POINT('',(-3.125,8.545,0.));
#2536 = DIRECTION('',(1.,0.,-0.));
#2537 = DIRECTION('',(0.,-1.,0.));
#2538 = ADVANCED_FACE('',(#2539),#2564,.F.);
#2539 = FACE_BOUND('',#2540,.F.);
#2540 = EDGE_LOOP('',(#2541,#2551,#2557,#2558));
#2541 = ORIENTED_EDGE('',*,*,#2542,.T.);
#2542 = EDGE_CURVE('',#2543,#2545,#2547,.T.);
#2543 = VERTEX_POINT('',#2544);
#2544 = CARTESIAN_POINT('',(-5.5,8.2,0.));
#2545 = VERTEX_POINT('',#2546);
#2546 = CARTESIAN_POINT('',(-5.5,8.2,100.));
#2547 = LINE('',#2548,#2549);
#2548 = CARTESIAN_POINT('',(-5.5,8.2,0.));
#2549 = VECTOR('',#2550,1.);
#2550 = DIRECTION('',(0.,0.,1.));
#2551 = ORIENTED_EDGE('',*,*,#2552,.T.);
#2552 = EDGE_CURVE('',#2545,#2513,#2553,.T.);
#2553 = LINE('',#2554,#2555);
#2554 = CARTESIAN_POINT('',(-5.5,8.2,100.));
#2555 = VECTOR('',#2556,1.);
#2556 = DIRECTION('',(1.,0.,0.));
#2557 = ORIENTED_EDGE('',*,*,#2520,.F.);
#2558 = ORIENTED_EDGE('',*,*,#2559,.F.);
#2559 = EDGE_CURVE('',#2543,#2521,#2560,.T.);
#2560 = LINE('',#2561,#2562);
#2561 = CARTESIAN_POINT('',(-5.5,8.2,0.));
#2562 = VECTOR('',#2563,1.);
#2563 = DIRECTION('',(1.,0.,0.));
#2564 = PLANE('',#2565);
#2565 = AXIS2_PLACEMENT_3D('',#2566,#2567,#2568);
#2566 = CARTESIAN_POINT('',(-5.5,8.2,0.));
#2567 = DIRECTION('',(0.,1.,0.));
#2568 = DIRECTION('',(1.,0.,0.));
#2569 = ADVANCED_FACE('',(#2570),#2595,.F.);
#2570 = FACE_BOUND('',#2571,.F.);
#2571 = EDGE_LOOP('',(#2572,#2582,#2588,#2589));
#2572 = ORIENTED_EDGE('',*,*,#2573,.T.);
#2573 = EDGE_CURVE('',#2574,#2576,#2578,.T.);
#2574 = VERTEX_POINT('',#2575);
#2575 = CARTESIAN_POINT('',(-5.5,6.56066017178,0.));
#2576 = VERTEX_POINT('',#2577);
#2577 = CARTESIAN_POINT('',(-5.5,6.56066017178,100.));
#2578 = LINE('',#2579,#2580);
#2579 = CARTESIAN_POINT('',(-5.5,6.56066017178,0.));
#2580 = VECTOR('',#2581,1.);
#2581 = DIRECTION('',(0.,0.,1.));
#2582 = ORIENTED_EDGE('',*,*,#2583,.T.);
#2583 = EDGE_CURVE('',#2576,#2545,#2584,.T.);
#2584 = LINE('',#2585,#2586);
#2585 = CARTESIAN_POINT('',(-5.5,6.56066017178,100.));
#2586 = VECTOR('',#2587,1.);
#2587 = DIRECTION('',(0.,1.,0.));
#2588 = ORIENTED_EDGE('',*,*,#2542,.F.);
#2589 = ORIENTED_EDGE('',*,*,#2590,.F.);
#2590 = EDGE_CURVE('',#2574,#2543,#2591,.T.);
#2591 = LINE('',#2592,#2593);
#2592 = CARTESIAN_POINT('',(-5.5,6.56066017178,0.));
#2593 = VECTOR('',#2594,1.);
#2594 = DIRECTION('',(0.,1.,0.));
#2595 = PLANE('',#2596);
#2596 = AXIS2_PLACEMENT_3D('',#2597,#2598,#2599);
#2597 = CARTESIAN_POINT('',(-5.5,6.56066017178,0.));
#2598 = DIRECTION('',(-1.,0.,0.));
#2599 = DIRECTION('',(0.,1.,0.));
#2600 = ADVANCED_FACE('',(#2601),#2626,.T.);
#2601 = FACE_BOUND('',#2602,.T.);
#2602 = EDGE_LOOP('',(#2603,#2604,#2612,#2620));
#2603 = ORIENTED_EDGE('',*,*,#2573,.T.);
#2604 = ORIENTED_EDGE('',*,*,#2605,.T.);
#2605 = EDGE_CURVE('',#2576,#2606,#2608,.T.);
#2606 = VERTEX_POINT('',#2607);
#2607 = CARTESIAN_POINT('',(-2.83933982822,3.9,100.));
#2608 = LINE('',#2609,#2610);
#2609 = CARTESIAN_POINT('',(-5.5,6.56066017178,100.));
#2610 = VECTOR('',#2611,1.);
#2611 = DIRECTION('',(0.707106781187,-0.707106781187,0.));
#2612 = ORIENTED_EDGE('',*,*,#2613,.F.);
#2613 = EDGE_CURVE('',#2614,#2606,#2616,.T.);
#2614 = VERTEX_POINT('',#2615);
#2615 = CARTESIAN_POINT('',(-2.83933982822,3.9,0.));
#2616 = LINE('',#2617,#2618);
#2617 = CARTESIAN_POINT('',(-2.83933982822,3.9,0.));
#2618 = VECTOR('',#2619,1.);
#2619 = DIRECTION('',(0.,0.,1.));
#2620 = ORIENTED_EDGE('',*,*,#2621,.F.);
#2621 = EDGE_CURVE('',#2574,#2614,#2622,.T.);
#2622 = LINE('',#2623,#2624);
#2623 = CARTESIAN_POINT('',(-5.5,6.56066017178,0.));
#2624 = VECTOR('',#2625,1.);
#2625 = DIRECTION('',(0.707106781187,-0.707106781187,0.));
#2626 = PLANE('',#2627);
#2627 = AXIS2_PLACEMENT_3D('',#2628,#2629,#2630);
#2628 = CARTESIAN_POINT('',(-5.5,6.56066017178,0.));
#2629 = DIRECTION('',(0.707106781187,0.707106781187,-0.));
#2630 = DIRECTION('',(0.707106781187,-0.707106781187,0.));
#2631 = ADVANCED_FACE('',(#2632),#2657,.T.);
#2632 = FACE_BOUND('',#2633,.T.);
#2633 = EDGE_LOOP('',(#2634,#2635,#2643,#2651));
#2634 = ORIENTED_EDGE('',*,*,#2613,.T.);
#2635 = ORIENTED_EDGE('',*,*,#2636,.T.);
#2636 = EDGE_CURVE('',#2606,#2637,#2639,.T.);
#2637 = VERTEX_POINT('',#2638);
#2638 = CARTESIAN_POINT('',(2.83933982822,3.9,100.));
#2639 = LINE('',#2640,#2641);
#2640 = CARTESIAN_POINT('',(-2.83933982822,3.9,100.));
#2641 = VECTOR('',#2642,1.);
#2642 = DIRECTION('',(1.,0.,0.));
#2643 = ORIENTED_EDGE('',*,*,#2644,.F.);
#2644 = EDGE_CURVE('',#2645,#2637,#2647,.T.);
#2645 = VERTEX_POINT('',#2646);
#2646 = CARTESIAN_POINT('',(2.83933982822,3.9,0.));
#2647 = LINE('',#2648,#2649);
#2648 = CARTESIAN_POINT('',(2.83933982822,3.9,0.));
#2649 = VECTOR('',#2650,1.);
#2650 = DIRECTION('',(0.,0.,1.));
#2651 = ORIENTED_EDGE('',*,*,#2652,.F.);
#2652 = EDGE_CURVE('',#2614,#2645,#2653,.T.);
#2653 = LINE('',#2654,#2655);
#2654 = CARTESIAN_POINT('',(-2.83933982822,3.9,0.));
#2655 = VECTOR('',#2656,1.);
#2656 = DIRECTION('',(1.,0.,0.));
#2657 = PLANE('',#2658);
#2658 = AXIS2_PLACEMENT_3D('',#2659,#2660,#2661);
#2659 = CARTESIAN_POINT('',(-2.83933982822,3.9,0.));
#2660 = DIRECTION('',(0.,1.,0.));
#2661 = DIRECTION('',(1.,0.,0.));
#2662 = ADVANCED_FACE('',(#2663),#2688,.T.);
#2663 = FACE_BOUND('',#2664,.T.);
#2664 = EDGE_LOOP('',(#2665,#2666,#2674,#2682));
#2665 = ORIENTED_EDGE('',*,*,#2644,.T.);
#2666 = ORIENTED_EDGE('',*,*,#2667,.T.);
#2667 = EDGE_CURVE('',#2637,#2668,#2670,.T.);
#2668 = VERTEX_POINT('',#2669);
#2669 = CARTESIAN_POINT('',(5.5,6.56066017178,100.));
#2670 = LINE('',#2671,#2672);
#2671 = CARTESIAN_POINT('',(2.83933982822,3.9,100.));
#2672 = VECTOR('',#2673,1.);
#2673 = DIRECTION('',(0.707106781187,0.707106781187,0.));
#2674 = ORIENTED_EDGE('',*,*,#2675,.F.);
#2675 = EDGE_CURVE('',#2676,#2668,#2678,.T.);
#2676 = VERTEX_POINT('',#2677);
#2677 = CARTESIAN_POINT('',(5.5,6.56066017178,0.));
#2678 = LINE('',#2679,#2680);
#2679 = CARTESIAN_POINT('',(5.5,6.56066017178,0.));
#2680 = VECTOR('',#2681,1.);
#2681 = DIRECTION('',(0.,0.,1.));
#2682 = ORIENTED_EDGE('',*,*,#2683,.F.);
#2683 = EDGE_CURVE('',#2645,#2676,#2684,.T.);
#2684 = LINE('',#2685,#2686);
#2685 = CARTESIAN_POINT('',(2.83933982822,3.9,0.));
#2686 = VECTOR('',#2687,1.);
#2687 = DIRECTION('',(0.707106781187,0.707106781187,0.));
#2688 = PLANE('',#2689);
#2689 = AXIS2_PLACEMENT_3D('',#2690,#2691,#2692);
#2690 = CARTESIAN_POINT('',(2.83933982822,3.9,0.));
#2691 = DIRECTION('',(-0.707106781187,0.707106781187,0.));
#2692 = DIRECTION('',(0.707106781187,0.707106781187,0.));
#2693 = ADVANCED_FACE('',(#2694),#2719,.T.);
#2694 = FACE_BOUND('',#2695,.T.);
#2695 = EDGE_LOOP('',(#2696,#2697,#2705,#2713));
#2696 = ORIENTED_EDGE('',*,*,#2675,.T.);
#2697 = ORIENTED_EDGE('',*,*,#2698,.T.);
#2698 = EDGE_CURVE('',#2668,#2699,#2701,.T.);
#2699 = VERTEX_POINT('',#2700);
#2700 = CARTESIAN_POINT('',(5.5,8.2,100.));
#2701 = LINE('',#2702,#2703);
#2702 = CARTESIAN_POINT('',(5.5,6.56066017178,100.));
#2703 = VECTOR('',#2704,1.);
#2704 = DIRECTION('',(0.,1.,0.));
#2705 = ORIENTED_EDGE('',*,*,#2706,.F.);
#2706 = EDGE_CURVE('',#2707,#2699,#2709,.T.);
#2707 = VERTEX_POINT('',#2708);
#2708 = CARTESIAN_POINT('',(5.5,8.2,0.));
#2709 = LINE('',#2710,#2711);
#2710 = CARTESIAN_POINT('',(5.5,8.2,0.));
#2711 = VECTOR('',#2712,1.);
#2712 = DIRECTION('',(0.,0.,1.));
#2713 = ORIENTED_EDGE('',*,*,#2714,.F.);
#2714 = EDGE_CURVE('',#2676,#2707,#2715,.T.);
#2715 = LINE('',#2716,#2717);
#2716 = CARTESIAN_POINT('',(5.5,6.56066017178,0.));
#2717 = VECTOR('',#2718,1.);
#2718 = DIRECTION('',(0.,1.,0.));
#2719 = PLANE('',#2720);
#2720 = AXIS2_PLACEMENT_3D('',#2721,#2722,#2723);
#2721 = CARTESIAN_POINT('',(5.5,6.56066017178,0.));
#2722 = DIRECTION('',(-1.,0.,0.));
#2723 = DIRECTION('',(0.,1.,0.));
#2724 = ADVANCED_FACE('',(#2725),#2750,.T.);
#2725 = FACE_BOUND('',#2726,.T.);
#2726 = EDGE_LOOP('',(#2727,#2728,#2736,#2744));
#2727 = ORIENTED_EDGE('',*,*,#2706,.T.);
#2728 = ORIENTED_EDGE('',*,*,#2729,.T.);
#2729 = EDGE_CURVE('',#2699,#2730,#2732,.T.);
#2730 = VERTEX_POINT('',#2731);
#2731 = CARTESIAN_POINT('',(3.125,8.2,100.));
#2732 = LINE('',#2733,#2734);
#2733 = CARTESIAN_POINT('',(5.5,8.2,100.));
#2734 = VECTOR('',#2735,1.);
#2735 = DIRECTION('',(-1.,0.,0.));
#2736 = ORIENTED_EDGE('',*,*,#2737,.F.);
#2737 = EDGE_CURVE('',#2738,#2730,#2740,.T.);
#2738 = VERTEX_POINT('',#2739);
#2739 = CARTESIAN_POINT('',(3.125,8.2,0.));
#2740 = LINE('',#2741,#2742);
#2741 = CARTESIAN_POINT('',(3.125,8.2,0.));
#2742 = VECTOR('',#2743,1.);
#2743 = DIRECTION('',(0.,0.,1.));
#2744 = ORIENTED_EDGE('',*,*,#2745,.F.);
#2745 = EDGE_CURVE('',#2707,#2738,#2746,.T.);
#2746 = LINE('',#2747,#2748);
#2747 = CARTESIAN_POINT('',(5.5,8.2,0.));
#2748 = VECTOR('',#2749,1.);
#2749 = DIRECTION('',(-1.,0.,0.));
#2750 = PLANE('',#2751);
#2751 = AXIS2_PLACEMENT_3D('',#2752,#2753,#2754);
#2752 = CARTESIAN_POINT('',(5.5,8.2,0.));
#2753 = DIRECTION('',(0.,-1.,0.));
#2754 = DIRECTION('',(-1.,0.,0.));
#2755 = ADVANCED_FACE('',(#2756),#2781,.F.);
#2756 = FACE_BOUND('',#2757,.F.);
#2757 = EDGE_LOOP('',(#2758,#2768,#2774,#2775));
#2758 = ORIENTED_EDGE('',*,*,#2759,.T.);
#2759 = EDGE_CURVE('',#2760,#2762,#2764,.T.);
#2760 = VERTEX_POINT('',#2761);
#2761 = CARTESIAN_POINT('',(3.125,8.545,0.));
#2762 = VERTEX_POINT('',#2763);
#2763 = CARTESIAN_POINT('',(3.125,8.545,100.));
#2764 = LINE('',#2765,#2766);
#2765 = CARTESIAN_POINT('',(3.125,8.545,0.));
#2766 = VECTOR('',#2767,1.);
#2767 = DIRECTION('',(0.,0.,1.));
#2768 = ORIENTED_EDGE('',*,*,#2769,.T.);
#2769 = EDGE_CURVE('',#2762,#2730,#2770,.T.);
#2770 = LINE('',#2771,#2772);
#2771 = CARTESIAN_POINT('',(3.125,8.545,100.));
#2772 = VECTOR('',#2773,1.);
#2773 = DIRECTION('',(0.,-1.,0.));
#2774 = ORIENTED_EDGE('',*,*,#2737,.F.);
#2775 = ORIENTED_EDGE('',*,*,#2776,.F.);
#2776 = EDGE_CURVE('',#2760,#2738,#2777,.T.);
#2777 = LINE('',#2778,#2779);
#2778 = CARTESIAN_POINT('',(3.125,8.545,0.));
#2779 = VECTOR('',#2780,1.);
#2780 = DIRECTION('',(0.,-1.,0.));
#2781 = PLANE('',#2782);
#2782 = AXIS2_PLACEMENT_3D('',#2783,#2784,#2785);
#2783 = CARTESIAN_POINT('',(3.125,8.545,0.));
#2784 = DIRECTION('',(1.,0.,-0.));
#2785 = DIRECTION('',(0.,-1.,0.));
#2786 = ADVANCED_FACE('',(#2787),#2812,.F.);
#2787 = FACE_BOUND('',#2788,.F.);
#2788 = EDGE_LOOP('',(#2789,#2799,#2805,#2806));
#2789 = ORIENTED_EDGE('',*,*,#2790,.T.);
#2790 = EDGE_CURVE('',#2791,#2793,#2795,.T.);
#2791 = VERTEX_POINT('',#2792);
#2792 = CARTESIAN_POINT('',(4.58,10.,0.));
#2793 = VERTEX_POINT('',#2794);
#2794 = CARTESIAN_POINT('',(4.58,10.,100.));
#2795 = LINE('',#2796,#2797);
#2796 = CARTESIAN_POINT('',(4.58,10.,0.));
#2797 = VECTOR('',#2798,1.);
#2798 = DIRECTION('',(0.,0.,1.));
#2799 = ORIENTED_EDGE('',*,*,#2800,.T.);
#2800 = EDGE_CURVE('',#2793,#2762,#2801,.T.);
#2801 = LINE('',#2802,#2803);
#2802 = CARTESIAN_POINT('',(4.58,10.,100.));
#2803 = VECTOR('',#2804,1.);
#2804 = DIRECTION('',(-0.707106781187,-0.707106781187,0.));
#2805 = ORIENTED_EDGE('',*,*,#2759,.F.);
#2806 = ORIENTED_EDGE('',*,*,#2807,.F.);
#2807 = EDGE_CURVE('',#2791,#2760,#2808,.T.);
#2808 = LINE('',#2809,#2810);
#2809 = CARTESIAN_POINT('',(4.58,10.,0.));
#2810 = VECTOR('',#2811,1.);
#2811 = DIRECTION('',(-0.707106781187,-0.707106781187,0.));
#2812 = PLANE('',#2813);
#2813 = AXIS2_PLACEMENT_3D('',#2814,#2815,#2816);
#2814 = CARTESIAN_POINT('',(4.58,10.,0.));
#2815 = DIRECTION('',(0.707106781187,-0.707106781187,0.));
#2816 = DIRECTION('',(-0.707106781187,-0.707106781187,0.));
#2817 = ADVANCED_FACE('',(#2818),#2843,.T.);
#2818 = FACE_BOUND('',#2819,.T.);
#2819 = EDGE_LOOP('',(#2820,#2821,#2829,#2837));
#2820 = ORIENTED_EDGE('',*,*,#2790,.T.);
#2821 = ORIENTED_EDGE('',*,*,#2822,.T.);
#2822 = EDGE_CURVE('',#2793,#2823,#2825,.T.);
#2823 = VERTEX_POINT('',#2824);
#2824 = CARTESIAN_POINT('',(10.,10.,100.));
#2825 = LINE('',#2826,#2827);
#2826 = CARTESIAN_POINT('',(4.58,10.,100.));
#2827 = VECTOR('',#2828,1.);
#2828 = DIRECTION('',(1.,0.,0.));
#2829 = ORIENTED_EDGE('',*,*,#2830,.F.);
#2830 = EDGE_CURVE('',#2831,#2823,#2833,.T.);
#2831 = VERTEX_POINT('',#2832);
#2832 = CARTESIAN_POINT('',(10.,10.,0.));
#2833 = LINE('',#2834,#2835);
#2834 = CARTESIAN_POINT('',(10.,10.,0.));
#2835 = VECTOR('',#2836,1.);
#2836 = DIRECTION('',(0.,0.,1.));
#2837 = ORIENTED_EDGE('',*,*,#2838,.F.);
#2838 = EDGE_CURVE('',#2791,#2831,#2839,.T.);
#2839 = LINE('',#2840,#2841);
#2840 = CARTESIAN_POINT('',(4.58,10.,0.));
#2841 = VECTOR('',#2842,1.);
#2842 = DIRECTION('',(1.,0.,0.));
#2843 = PLANE('',#2844);
#2844 = AXIS2_PLACEMENT_3D('',#2845,#2846,#2847);
#2845 = CARTESIAN_POINT('',(4.58,10.,0.));
#2846 = DIRECTION('',(0.,1.,0.));
#2847 = DIRECTION('',(1.,0.,0.));
#2848 = ADVANCED_FACE('',(#2849),#2874,.T.);
#2849 = FACE_BOUND('',#2850,.T.);
#2850 = EDGE_LOOP('',(#2851,#2852,#2860,#2868));
#2851 = ORIENTED_EDGE('',*,*,#2830,.T.);
#2852 = ORIENTED_EDGE('',*,*,#2853,.T.);
#2853 = EDGE_CURVE('',#2823,#2854,#2856,.T.);
#2854 = VERTEX_POINT('',#2855);
#2855 = CARTESIAN_POINT('',(10.,4.58,100.));
#2856 = LINE('',#2857,#2858);
#2857 = CARTESIAN_POINT('',(10.,10.,100.));
#2858 = VECTOR('',#2859,1.);
#2859 = DIRECTION('',(0.,-1.,0.));
#2860 = ORIENTED_EDGE('',*,*,#2861,.F.);
#2861 = EDGE_CURVE('',#2862,#2854,#2864,.T.);
#2862 = VERTEX_POINT('',#2863);
#2863 = CARTESIAN_POINT('',(10.,4.58,0.));
#2864 = LINE('',#2865,#2866);
#2865 = CARTESIAN_POINT('',(10.,4.58,0.));
#2866 = VECTOR('',#2867,1.);
#2867 = DIRECTION('',(0.,0.,1.));
#2868 = ORIENTED_EDGE('',*,*,#2869,.F.);
#2869 = EDGE_CURVE('',#2831,#2862,#2870,.T.);
#2870 = LINE('',#2871,#2872);
#2871 = CARTESIAN_POINT('',(10.,10.,0.));
#2872 = VECTOR('',#2873,1.);
#2873 = DIRECTION('',(0.,-1.,0.));
#2874 = PLANE('',#2875);
#2875 = AXIS2_PLACEMENT_3D('',#2876,#2877,#2878);
#2876 = CARTESIAN_POINT('',(10.,10.,0.));
#2877 = DIRECTION('',(1.,0.,-0.));
#2878 = DIRECTION('',(0.,-1.,0.));
#2879 = ADVANCED_FACE('',(#2880),#2905,.T.);
#2880 = FACE_BOUND('',#2881,.T.);
#2881 = EDGE_LOOP('',(#2882,#2883,#2891,#2899));
#2882 = ORIENTED_EDGE('',*,*,#2861,.T.);
#2883 = ORIENTED_EDGE('',*,*,#2884,.T.);
#2884 = EDGE_CURVE('',#2854,#2885,#2887,.T.);
#2885 = VERTEX_POINT('',#2886);
#2886 = CARTESIAN_POINT('',(8.545,3.125,100.));
#2887 = LINE('',#2888,#2889);
#2888 = CARTESIAN_POINT('',(10.,4.58,100.));
#2889 = VECTOR('',#2890,1.);
#2890 = DIRECTION('',(-0.707106781187,-0.707106781187,0.));
#2891 = ORIENTED_EDGE('',*,*,#2892,.F.);
#2892 = EDGE_CURVE('',#2893,#2885,#2895,.T.);
#2893 = VERTEX_POINT('',#2894);
#2894 = CARTESIAN_POINT('',(8.545,3.125,0.));
#2895 = LINE('',#2896,#2897);
#2896 = CARTESIAN_POINT('',(8.545,3.125,0.));
#2897 = VECTOR('',#2898,1.);
#2898 = DIRECTION('',(0.,0.,1.));
#2899 = ORIENTED_EDGE('',*,*,#2900,.F.);
#2900 = EDGE_CURVE('',#2862,#2893,#2901,.T.);
#2901 = LINE('',#2902,#2903);
#2902 = CARTESIAN_POINT('',(10.,4.58,0.));
#2903 = VECTOR('',#2904,1.);
#2904 = DIRECTION('',(-0.707106781187,-0.707106781187,0.));
#2905 = PLANE('',#2906);
#2906 = AXIS2_PLACEMENT_3D('',#2907,#2908,#2909);
#2907 = CARTESIAN_POINT('',(10.,4.58,0.));
#2908 = DIRECTION('',(0.707106781187,-0.707106781187,0.));
#2909 = DIRECTION('',(-0.707106781187,-0.707106781187,0.));
#2910 = ADVANCED_FACE('',(#2911),#2936,.F.);
#2911 = FACE_BOUND('',#2912,.F.);
#2912 = EDGE_LOOP('',(#2913,#2923,#2929,#2930));
#2913 = ORIENTED_EDGE('',*,*,#2914,.T.);
#2914 = EDGE_CURVE('',#2915,#2917,#2919,.T.);
#2915 = VERTEX_POINT('',#2916);
#2916 = CARTESIAN_POINT('',(8.2,3.125,0.));
#2917 = VERTEX_POINT('',#2918);
#2918 = CARTESIAN_POINT('',(8.2,3.125,100.));
#2919 = LINE('',#2920,#2921);
#2920 = CARTESIAN_POINT('',(8.2,3.125,0.));
#2921 = VECTOR('',#2922,1.);
#2922 = DIRECTION('',(0.,0.,1.));
#2923 = ORIENTED_EDGE('',*,*,#2924,.T.);
#2924 = EDGE_CURVE('',#2917,#2885,#2925,.T.);
#2925 = LINE('',#2926,#2927);
#2926 = CARTESIAN_POINT('',(8.2,3.125,100.));
#2927 = VECTOR('',#2928,1.);
#2928 = DIRECTION('',(1.,0.,0.));
#2929 = ORIENTED_EDGE('',*,*,#2892,.F.);
#2930 = ORIENTED_EDGE('',*,*,#2931,.F.);
#2931 = EDGE_CURVE('',#2915,#2893,#2932,.T.);
#2932 = LINE('',#2933,#2934);
#2933 = CARTESIAN_POINT('',(8.2,3.125,0.));
#2934 = VECTOR('',#2935,1.);
#2935 = DIRECTION('',(1.,0.,0.));
#2936 = PLANE('',#2937);
#2937 = AXIS2_PLACEMENT_3D('',#2938,#2939,#2940);
#2938 = CARTESIAN_POINT('',(8.2,3.125,0.));
#2939 = DIRECTION('',(0.,1.,0.));
#2940 = DIRECTION('',(1.,0.,0.));
#2941 = ADVANCED_FACE('',(#2942),#2967,.F.);
#2942 = FACE_BOUND('',#2943,.F.);
#2943 = EDGE_LOOP('',(#2944,#2954,#2960,#2961));
#2944 = ORIENTED_EDGE('',*,*,#2945,.T.);
#2945 = EDGE_CURVE('',#2946,#2948,#2950,.T.);
#2946 = VERTEX_POINT('',#2947);
#2947 = CARTESIAN_POINT('',(8.2,5.5,0.));
#2948 = VERTEX_POINT('',#2949);
#2949 = CARTESIAN_POINT('',(8.2,5.5,100.));
#2950 = LINE('',#2951,#2952);
#2951 = CARTESIAN_POINT('',(8.2,5.5,0.));
#2952 = VECTOR('',#2953,1.);
#2953 = DIRECTION('',(0.,0.,1.));
#2954 = ORIENTED_EDGE('',*,*,#2955,.T.);
#2955 = EDGE_CURVE('',#2948,#2917,#2956,.T.);
#2956 = LINE('',#2957,#2958);
#2957 = CARTESIAN_POINT('',(8.2,5.5,100.));
#2958 = VECTOR('',#2959,1.);
#2959 = DIRECTION('',(0.,-1.,0.));
#2960 = ORIENTED_EDGE('',*,*,#2914,.F.);
#2961 = ORIENTED_EDGE('',*,*,#2962,.F.);
#2962 = EDGE_CURVE('',#2946,#2915,#2963,.T.);
#2963 = LINE('',#2964,#2965);
#2964 = CARTESIAN_POINT('',(8.2,5.5,0.));
#2965 = VECTOR('',#2966,1.);
#2966 = DIRECTION('',(0.,-1.,0.));
#2967 = PLANE('',#2968);
#2968 = AXIS2_PLACEMENT_3D('',#2969,#2970,#2971);
#2969 = CARTESIAN_POINT('',(8.2,5.5,0.));
#2970 = DIRECTION('',(1.,0.,-0.));
#2971 = DIRECTION('',(0.,-1.,0.));
#2972 = ADVANCED_FACE('',(#2973),#2998,.F.);
#2973 = FACE_BOUND('',#2974,.F.);
#2974 = EDGE_LOOP('',(#2975,#2985,#2991,#2992));
#2975 = ORIENTED_EDGE('',*,*,#2976,.T.);
#2976 = EDGE_CURVE('',#2977,#2979,#2981,.T.);
#2977 = VERTEX_POINT('',#2978);
#2978 = CARTESIAN_POINT('',(6.56066017178,5.5,0.));
#2979 = VERTEX_POINT('',#2980);
#2980 = CARTESIAN_POINT('',(6.56066017178,5.5,100.));
#2981 = LINE('',#2982,#2983);
#2982 = CARTESIAN_POINT('',(6.56066017178,5.5,0.));
#2983 = VECTOR('',#2984,1.);
#2984 = DIRECTION('',(0.,0.,1.));
#2985 = ORIENTED_EDGE('',*,*,#2986,.T.);
#2986 = EDGE_CURVE('',#2979,#2948,#2987,.T.);
#2987 = LINE('',#2988,#2989);
#2988 = CARTESIAN_POINT('',(6.56066017178,5.5,100.));
#2989 = VECTOR('',#2990,1.);
#2990 = DIRECTION('',(1.,0.,0.));
#2991 = ORIENTED_EDGE('',*,*,#2945,.F.);
#2992 = ORIENTED_EDGE('',*,*,#2993,.F.);
#2993 = EDGE_CURVE('',#2977,#2946,#2994,.T.);
#2994 = LINE('',#2995,#2996);
#2995 = CARTESIAN_POINT('',(6.56066017178,5.5,0.));
#2996 = VECTOR('',#2997,1.);
#2997 = DIRECTION('',(1.,0.,0.));
#2998 = PLANE('',#2999);
#2999 = AXIS2_PLACEMENT_3D('',#3000,#3001,#3002);
#3000 = CARTESIAN_POINT('',(6.56066017178,5.5,0.));
#3001 = DIRECTION('',(0.,1.,0.));
#3002 = DIRECTION('',(1.,0.,0.));
#3003 = ADVANCED_FACE('',(#3004),#3029,.F.);
#3004 = FACE_BOUND('',#3005,.F.);
#3005 = EDGE_LOOP('',(#3006,#3016,#3022,#3023));
#3006 = ORIENTED_EDGE('',*,*,#3007,.T.);
#3007 = EDGE_CURVE('',#3008,#3010,#3012,.T.);
#3008 = VERTEX_POINT('',#3009);
#3009 = CARTESIAN_POINT('',(3.9,2.83933982822,0.));
#3010 = VERTEX_POINT('',#3011);
#3011 = CARTESIAN_POINT('',(3.9,2.83933982822,100.));
#3012 = LINE('',#3013,#3014);
#3013 = CARTESIAN_POINT('',(3.9,2.83933982822,0.));
#3014 = VECTOR('',#3015,1.);
#3015 = DIRECTION('',(0.,0.,1.));
#3016 = ORIENTED_EDGE('',*,*,#3017,.T.);
#3017 = EDGE_CURVE('',#3010,#2979,#3018,.T.);
#3018 = LINE('',#3019,#3020);
#3019 = CARTESIAN_POINT('',(3.9,2.83933982822,100.));
#3020 = VECTOR('',#3021,1.);
#3021 = DIRECTION('',(0.707106781187,0.707106781187,0.));
#3022 = ORIENTED_EDGE('',*,*,#2976,.F.);
#3023 = ORIENTED_EDGE('',*,*,#3024,.F.);
#3024 = EDGE_CURVE('',#3008,#2977,#3025,.T.);
#3025 = LINE('',#3026,#3027);
#3026 = CARTESIAN_POINT('',(3.9,2.83933982822,0.));
#3027 = VECTOR('',#3028,1.);
#3028 = DIRECTION('',(0.707106781187,0.707106781187,0.));
#3029 = PLANE('',#3030);
#3030 = AXIS2_PLACEMENT_3D('',#3031,#3032,#3033);
#3031 = CARTESIAN_POINT('',(3.9,2.83933982822,0.));
#3032 = DIRECTION('',(-0.707106781187,0.707106781187,0.));
#3033 = DIRECTION('',(0.707106781187,0.707106781187,0.));
#3034 = ADVANCED_FACE('',(#3035),#3060,.T.);
#3035 = FACE_BOUND('',#3036,.T.);
#3036 = EDGE_LOOP('',(#3037,#3038,#3046,#3054));
#3037 = ORIENTED_EDGE('',*,*,#3007,.T.);
#3038 = ORIENTED_EDGE('',*,*,#3039,.T.);
#3039 = EDGE_CURVE('',#3010,#3040,#3042,.T.);
#3040 = VERTEX_POINT('',#3041);
#3041 = CARTESIAN_POINT('',(3.9,-2.83933982822,100.));
#3042 = LINE('',#3043,#3044);
#3043 = CARTESIAN_POINT('',(3.9,2.83933982822,100.));
#3044 = VECTOR('',#3045,1.);
#3045 = DIRECTION('',(0.,-1.,0.));
#3046 = ORIENTED_EDGE('',*,*,#3047,.F.);
#3047 = EDGE_CURVE('',#3048,#3040,#3050,.T.);
#3048 = VERTEX_POINT('',#3049);
#3049 = CARTESIAN_POINT('',(3.9,-2.83933982822,0.));
#3050 = LINE('',#3051,#3052);
#3051 = CARTESIAN_POINT('',(3.9,-2.83933982822,0.));
#3052 = VECTOR('',#3053,1.);
#3053 = DIRECTION('',(0.,0.,1.));
#3054 = ORIENTED_EDGE('',*,*,#3055,.F.);
#3055 = EDGE_CURVE('',#3008,#3048,#3056,.T.);
#3056 = LINE('',#3057,#3058);
#3057 = CARTESIAN_POINT('',(3.9,2.83933982822,0.));
#3058 = VECTOR('',#3059,1.);
#3059 = DIRECTION('',(0.,-1.,0.));
#3060 = PLANE('',#3061);
#3061 = AXIS2_PLACEMENT_3D('',#3062,#3063,#3064);
#3062 = CARTESIAN_POINT('',(3.9,2.83933982822,0.));
#3063 = DIRECTION('',(1.,0.,-0.));
#3064 = DIRECTION('',(0.,-1.,0.));
#3065 = ADVANCED_FACE('',(#3066),#3091,.T.);
#3066 = FACE_BOUND('',#3067,.T.);
#3067 = EDGE_LOOP('',(#3068,#3069,#3077,#3085));
#3068 = ORIENTED_EDGE('',*,*,#3047,.T.);
#3069 = ORIENTED_EDGE('',*,*,#3070,.T.);
#3070 = EDGE_CURVE('',#3040,#3071,#3073,.T.);
#3071 = VERTEX_POINT('',#3072);
#3072 = CARTESIAN_POINT('',(6.56066017178,-5.5,100.));
#3073 = LINE('',#3074,#3075);
#3074 = CARTESIAN_POINT('',(3.9,-2.83933982822,100.));
#3075 = VECTOR('',#3076,1.);
#3076 = DIRECTION('',(0.707106781187,-0.707106781187,0.));
#3077 = ORIENTED_EDGE('',*,*,#3078,.F.);
#3078 = EDGE_CURVE('',#3079,#3071,#3081,.T.);
#3079 = VERTEX_POINT('',#3080);
#3080 = CARTESIAN_POINT('',(6.56066017178,-5.5,0.));
#3081 = LINE('',#3082,#3083);
#3082 = CARTESIAN_POINT('',(6.56066017178,-5.5,0.));
#3083 = VECTOR('',#3084,1.);
#3084 = DIRECTION('',(0.,0.,1.));
#3085 = ORIENTED_EDGE('',*,*,#3086,.F.);
#3086 = EDGE_CURVE('',#3048,#3079,#3087,.T.);
#3087 = LINE('',#3088,#3089);
#3088 = CARTESIAN_POINT('',(3.9,-2.83933982822,0.));
#3089 = VECTOR('',#3090,1.);
#3090 = DIRECTION('',(0.707106781187,-0.707106781187,0.));
#3091 = PLANE('',#3092);
#3092 = AXIS2_PLACEMENT_3D('',#3093,#3094,#3095);
#3093 = CARTESIAN_POINT('',(3.9,-2.83933982822,0.));
#3094 = DIRECTION('',(0.707106781187,0.707106781187,-0.));
#3095 = DIRECTION('',(0.707106781187,-0.707106781187,0.));
#3096 = ADVANCED_FACE('',(#3097),#3122,.T.);
#3097 = FACE_BOUND('',#3098,.T.);
#3098 = EDGE_LOOP('',(#3099,#3100,#3108,#3116));
#3099 = ORIENTED_EDGE('',*,*,#3078,.T.);
#3100 = ORIENTED_EDGE('',*,*,#3101,.T.);
#3101 = EDGE_CURVE('',#3071,#3102,#3104,.T.);
#3102 = VERTEX_POINT('',#3103);
#3103 = CARTESIAN_POINT('',(8.2,-5.5,100.));
#3104 = LINE('',#3105,#3106);
#3105 = CARTESIAN_POINT('',(6.56066017178,-5.5,100.));
#3106 = VECTOR('',#3107,1.);
#3107 = DIRECTION('',(1.,0.,0.));
#3108 = ORIENTED_EDGE('',*,*,#3109,.F.);
#3109 = EDGE_CURVE('',#3110,#3102,#3112,.T.);
#3110 = VERTEX_POINT('',#3111);
#3111 = CARTESIAN_POINT('',(8.2,-5.5,0.));
#3112 = LINE('',#3113,#3114);
#3113 = CARTESIAN_POINT('',(8.2,-5.5,0.));
#3114 = VECTOR('',#3115,1.);
#3115 = DIRECTION('',(0.,0.,1.));
#3116 = ORIENTED_EDGE('',*,*,#3117,.F.);
#3117 = EDGE_CURVE('',#3079,#3110,#3118,.T.);
#3118 = LINE('',#3119,#3120);
#3119 = CARTESIAN_POINT('',(6.56066017178,-5.5,0.));
#3120 = VECTOR('',#3121,1.);
#3121 = DIRECTION('',(1.,0.,0.));
#3122 = PLANE('',#3123);
#3123 = AXIS2_PLACEMENT_3D('',#3124,#3125,#3126);
#3124 = CARTESIAN_POINT('',(6.56066017178,-5.5,0.));
#3125 = DIRECTION('',(0.,1.,0.));
#3126 = DIRECTION('',(1.,0.,0.));
#3127 = ADVANCED_FACE('',(#3128),#3153,.T.);
#3128 = FACE_BOUND('',#3129,.T.);
#3129 = EDGE_LOOP('',(#3130,#3131,#3139,#3147));
#3130 = ORIENTED_EDGE('',*,*,#3109,.T.);
#3131 = ORIENTED_EDGE('',*,*,#3132,.T.);
#3132 = EDGE_CURVE('',#3102,#3133,#3135,.T.);
#3133 = VERTEX_POINT('',#3134);
#3134 = CARTESIAN_POINT('',(8.2,-3.125,100.));
#3135 = LINE('',#3136,#3137);
#3136 = CARTESIAN_POINT('',(8.2,-5.5,100.));
#3137 = VECTOR('',#3138,1.);
#3138 = DIRECTION('',(0.,1.,0.));
#3139 = ORIENTED_EDGE('',*,*,#3140,.F.);
#3140 = EDGE_CURVE('',#3141,#3133,#3143,.T.);
#3141 = VERTEX_POINT('',#3142);
#3142 = CARTESIAN_POINT('',(8.2,-3.125,0.));
#3143 = LINE('',#3144,#3145);
#3144 = CARTESIAN_POINT('',(8.2,-3.125,0.));
#3145 = VECTOR('',#3146,1.);
#3146 = DIRECTION('',(0.,0.,1.));
#3147 = ORIENTED_EDGE('',*,*,#3148,.F.);
#3148 = EDGE_CURVE('',#3110,#3141,#3149,.T.);
#3149 = LINE('',#3150,#3151);
#3150 = CARTESIAN_POINT('',(8.2,-5.5,0.));
#3151 = VECTOR('',#3152,1.);
#3152 = DIRECTION('',(0.,1.,0.));
#3153 = PLANE('',#3154);
#3154 = AXIS2_PLACEMENT_3D('',#3155,#3156,#3157);
#3155 = CARTESIAN_POINT('',(8.2,-5.5,0.));
#3156 = DIRECTION('',(-1.,0.,0.));
#3157 = DIRECTION('',(0.,1.,0.));
#3158 = ADVANCED_FACE('',(#3159),#3184,.T.);
#3159 = FACE_BOUND('',#3160,.T.);
#3160 = EDGE_LOOP('',(#3161,#3162,#3170,#3178));
#3161 = ORIENTED_EDGE('',*,*,#3140,.T.);
#3162 = ORIENTED_EDGE('',*,*,#3163,.T.);
#3163 = EDGE_CURVE('',#3133,#3164,#3166,.T.);
#3164 = VERTEX_POINT('',#3165);
#3165 = CARTESIAN_POINT('',(8.545,-3.125,100.));
#3166 = LINE('',#3167,#3168);
#3167 = CARTESIAN_POINT('',(8.2,-3.125,100.));
#3168 = VECTOR('',#3169,1.);
#3169 = DIRECTION('',(1.,-3.86E-15,0.));
#3170 = ORIENTED_EDGE('',*,*,#3171,.F.);
#3171 = EDGE_CURVE('',#3172,#3164,#3174,.T.);
#3172 = VERTEX_POINT('',#3173);
#3173 = CARTESIAN_POINT('',(8.545,-3.125,0.));
#3174 = LINE('',#3175,#3176);
#3175 = CARTESIAN_POINT('',(8.545,-3.125,0.));
#3176 = VECTOR('',#3177,1.);
#3177 = DIRECTION('',(0.,0.,1.));
#3178 = ORIENTED_EDGE('',*,*,#3179,.F.);
#3179 = EDGE_CURVE('',#3141,#3172,#3180,.T.);
#3180 = LINE('',#3181,#3182);
#3181 = CARTESIAN_POINT('',(8.2,-3.125,0.));
#3182 = VECTOR('',#3183,1.);
#3183 = DIRECTION('',(1.,-3.86E-15,0.));
#3184 = PLANE('',#3185);
#3185 = AXIS2_PLACEMENT_3D('',#3186,#3187,#3188);
#3186 = CARTESIAN_POINT('',(8.2,-3.125,0.));
#3187 = DIRECTION('',(3.86E-15,1.,-0.));
#3188 = DIRECTION('',(1.,-3.86E-15,0.));
#3189 = ADVANCED_FACE('',(#3190),#3215,.F.);
#3190 = FACE_BOUND('',#3191,.F.);
#3191 = EDGE_LOOP('',(#3192,#3202,#3208,#3209));
#3192 = ORIENTED_EDGE('',*,*,#3193,.T.);
#3193 = EDGE_CURVE('',#3194,#3196,#3198,.T.);
#3194 = VERTEX_POINT('',#3195);
#3195 = CARTESIAN_POINT('',(10.,-4.58,0.));
#3196 = VERTEX_POINT('',#3197);
#3197 = CARTESIAN_POINT('',(10.,-4.58,100.));
#3198 = LINE('',#3199,#3200);
#3199 = CARTESIAN_POINT('',(10.,-4.58,0.));
#3200 = VECTOR('',#3201,1.);
#3201 = DIRECTION('',(0.,0.,1.));
#3202 = ORIENTED_EDGE('',*,*,#3203,.T.);
#3203 = EDGE_CURVE('',#3196,#3164,#3204,.T.);
#3204 = LINE('',#3205,#3206);
#3205 = CARTESIAN_POINT('',(10.,-4.58,100.));
#3206 = VECTOR('',#3207,1.);
#3207 = DIRECTION('',(-0.707106781187,0.707106781187,0.));
#3208 = ORIENTED_EDGE('',*,*,#3171,.F.);
#3209 = ORIENTED_EDGE('',*,*,#3210,.F.);
#3210 = EDGE_CURVE('',#3194,#3172,#3211,.T.);
#3211 = LINE('',#3212,#3213);
#3212 = CARTESIAN_POINT('',(10.,-4.58,0.));
#3213 = VECTOR('',#3214,1.);
#3214 = DIRECTION('',(-0.707106781187,0.707106781187,0.));
#3215 = PLANE('',#3216);
#3216 = AXIS2_PLACEMENT_3D('',#3217,#3218,#3219);
#3217 = CARTESIAN_POINT('',(10.,-4.58,0.));
#3218 = DIRECTION('',(-0.707106781187,-0.707106781187,0.));
#3219 = DIRECTION('',(-0.707106781187,0.707106781187,0.));
#3220 = ADVANCED_FACE('',(#3221),#3246,.T.);
#3221 = FACE_BOUND('',#3222,.T.);
#3222 = EDGE_LOOP('',(#3223,#3224,#3232,#3240));
#3223 = ORIENTED_EDGE('',*,*,#3193,.T.);
#3224 = ORIENTED_EDGE('',*,*,#3225,.T.);
#3225 = EDGE_CURVE('',#3196,#3226,#3228,.T.);
#3226 = VERTEX_POINT('',#3227);
#3227 = CARTESIAN_POINT('',(10.,-10.,100.));
#3228 = LINE('',#3229,#3230);
#3229 = CARTESIAN_POINT('',(10.,-4.58,100.));
#3230 = VECTOR('',#3231,1.);
#3231 = DIRECTION('',(0.,-1.,0.));
#3232 = ORIENTED_EDGE('',*,*,#3233,.F.);
#3233 = EDGE_CURVE('',#3234,#3226,#3236,.T.);
#3234 = VERTEX_POINT('',#3235);
#3235 = CARTESIAN_POINT('',(10.,-10.,0.));
#3236 = LINE('',#3237,#3238);
#3237 = CARTESIAN_POINT('',(10.,-10.,0.));
#3238 = VECTOR('',#3239,1.);
#3239 = DIRECTION('',(0.,0.,1.));
#3240 = ORIENTED_EDGE('',*,*,#3241,.F.);
#3241 = EDGE_CURVE('',#3194,#3234,#3242,.T.);
#3242 = LINE('',#3243,#3244);
#3243 = CARTESIAN_POINT('',(10.,-4.58,0.));
#3244 = VECTOR('',#3245,1.);
#3245 = DIRECTION('',(0.,-1.,0.));
#3246 = PLANE('',#3247);
#3247 = AXIS2_PLACEMENT_3D('',#3248,#3249,#3250);
#3248 = CARTESIAN_POINT('',(10.,-4.58,0.));
#3249 = DIRECTION('',(1.,0.,-0.));
#3250 = DIRECTION('',(0.,-1.,0.));
#3251 = ADVANCED_FACE('',(#3252),#3277,.T.);
#3252 = FACE_BOUND('',#3253,.T.);
#3253 = EDGE_LOOP('',(#3254,#3255,#3263,#3271));
#3254 = ORIENTED_EDGE('',*,*,#3233,.T.);
#3255 = ORIENTED_EDGE('',*,*,#3256,.T.);
#3256 = EDGE_CURVE('',#3226,#3257,#3259,.T.);
#3257 = VERTEX_POINT('',#3258);
#3258 = CARTESIAN_POINT('',(4.58,-10.,100.));
#3259 = LINE('',#3260,#3261);
#3260 = CARTESIAN_POINT('',(10.,-10.,100.));
#3261 = VECTOR('',#3262,1.);
#3262 = DIRECTION('',(-1.,0.,0.));
#3263 = ORIENTED_EDGE('',*,*,#3264,.F.);
#3264 = EDGE_CURVE('',#3265,#3257,#3267,.T.);
#3265 = VERTEX_POINT('',#3266);
#3266 = CARTESIAN_POINT('',(4.58,-10.,0.));
#3267 = LINE('',#3268,#3269);
#3268 = CARTESIAN_POINT('',(4.58,-10.,0.));
#3269 = VECTOR('',#3270,1.);
#3270 = DIRECTION('',(0.,0.,1.));
#3271 = ORIENTED_EDGE('',*,*,#3272,.F.);
#3272 = EDGE_CURVE('',#3234,#3265,#3273,.T.);
#3273 = LINE('',#3274,#3275);
#3274 = CARTESIAN_POINT('',(10.,-10.,0.));
#3275 = VECTOR('',#3276,1.);
#3276 = DIRECTION('',(-1.,0.,0.));
#3277 = PLANE('',#3278);
#3278 = AXIS2_PLACEMENT_3D('',#3279,#3280,#3281);
#3279 = CARTESIAN_POINT('',(10.,-10.,0.));
#3280 = DIRECTION('',(0.,-1.,0.));
#3281 = DIRECTION('',(-1.,0.,0.));
#3282 = ADVANCED_FACE('',(#3283),#3308,.T.);
#3283 = FACE_BOUND('',#3284,.T.);
#3284 = EDGE_LOOP('',(#3285,#3286,#3294,#3302));
#3285 = ORIENTED_EDGE('',*,*,#3264,.T.);
#3286 = ORIENTED_EDGE('',*,*,#3287,.T.);
#3287 = EDGE_CURVE('',#3257,#3288,#3290,.T.);
#3288 = VERTEX_POINT('',#3289);
#3289 = CARTESIAN_POINT('',(3.125,-8.545,100.));
#3290 = LINE('',#3291,#3292);
#3291 = CARTESIAN_POINT('',(4.58,-10.,100.));
#3292 = VECTOR('',#3293,1.);
#3293 = DIRECTION('',(-0.707106781187,0.707106781187,0.));
#3294 = ORIENTED_EDGE('',*,*,#3295,.F.);
#3295 = EDGE_CURVE('',#3296,#3288,#3298,.T.);
#3296 = VERTEX_POINT('',#3297);
#3297 = CARTESIAN_POINT('',(3.125,-8.545,0.));
#3298 = LINE('',#3299,#3300);
#3299 = CARTESIAN_POINT('',(3.125,-8.545,0.));
#3300 = VECTOR('',#3301,1.);
#3301 = DIRECTION('',(0.,0.,1.));
#3302 = ORIENTED_EDGE('',*,*,#3303,.F.);
#3303 = EDGE_CURVE('',#3265,#3296,#3304,.T.);
#3304 = LINE('',#3305,#3306);
#3305 = CARTESIAN_POINT('',(4.58,-10.,0.));
#3306 = VECTOR('',#3307,1.);
#3307 = DIRECTION('',(-0.707106781187,0.707106781187,0.));
#3308 = PLANE('',#3309);
#3309 = AXIS2_PLACEMENT_3D('',#3310,#3311,#3312);
#3310 = CARTESIAN_POINT('',(4.58,-10.,0.));
#3311 = DIRECTION('',(-0.707106781187,-0.707106781187,0.));
#3312 = DIRECTION('',(-0.707106781187,0.707106781187,0.));
#3313 = ADVANCED_FACE('',(#3314),#3339,.F.);
#3314 = FACE_BOUND('',#3315,.F.);
#3315 = EDGE_LOOP('',(#3316,#3326,#3332,#3333));
#3316 = ORIENTED_EDGE('',*,*,#3317,.T.);
#3317 = EDGE_CURVE('',#3318,#3320,#3322,.T.);
#3318 = VERTEX_POINT('',#3319);
#3319 = CARTESIAN_POINT('',(3.125,-8.2,0.));
#3320 = VERTEX_POINT('',#3321);
#3321 = CARTESIAN_POINT('',(3.125,-8.2,100.));
#3322 = LINE('',#3323,#3324);
#3323 = CARTESIAN_POINT('',(3.125,-8.2,0.));
#3324 = VECTOR('',#3325,1.);
#3325 = DIRECTION('',(0.,0.,1.));
#3326 = ORIENTED_EDGE('',*,*,#3327,.T.);
#3327 = EDGE_CURVE('',#3320,#3288,#3328,.T.);
#3328 = LINE('',#3329,#3330);
#3329 = CARTESIAN_POINT('',(3.125,-8.2,100.));
#3330 = VECTOR('',#3331,1.);
#3331 = DIRECTION('',(1.29E-15,-1.,0.));
#3332 = ORIENTED_EDGE('',*,*,#3295,.F.);
#3333 = ORIENTED_EDGE('',*,*,#3334,.F.);
#3334 = EDGE_CURVE('',#3318,#3296,#3335,.T.);
#3335 = LINE('',#3336,#3337);
#3336 = CARTESIAN_POINT('',(3.125,-8.2,0.));
#3337 = VECTOR('',#3338,1.);
#3338 = DIRECTION('',(1.29E-15,-1.,0.));
#3339 = PLANE('',#3340);
#3340 = AXIS2_PLACEMENT_3D('',#3341,#3342,#3343);
#3341 = CARTESIAN_POINT('',(3.125,-8.2,0.));
#3342 = DIRECTION('',(1.,1.29E-15,-0.));
#3343 = DIRECTION('',(1.29E-15,-1.,0.));
#3344 = ADVANCED_FACE('',(#3345),#3370,.F.);
#3345 = FACE_BOUND('',#3346,.F.);
#3346 = EDGE_LOOP('',(#3347,#3357,#3363,#3364));
#3347 = ORIENTED_EDGE('',*,*,#3348,.T.);
#3348 = EDGE_CURVE('',#3349,#3351,#3353,.T.);
#3349 = VERTEX_POINT('',#3350);
#3350 = CARTESIAN_POINT('',(5.5,-8.2,0.));
#3351 = VERTEX_POINT('',#3352);
#3352 = CARTESIAN_POINT('',(5.5,-8.2,100.));
#3353 = LINE('',#3354,#3355);
#3354 = CARTESIAN_POINT('',(5.5,-8.2,0.));
#3355 = VECTOR('',#3356,1.);
#3356 = DIRECTION('',(0.,0.,1.));
#3357 = ORIENTED_EDGE('',*,*,#3358,.T.);
#3358 = EDGE_CURVE('',#3351,#3320,#3359,.T.);
#3359 = LINE('',#3360,#3361);
#3360 = CARTESIAN_POINT('',(5.5,-8.2,100.));
#3361 = VECTOR('',#3362,1.);
#3362 = DIRECTION('',(-1.,0.,0.));
#3363 = ORIENTED_EDGE('',*,*,#3317,.F.);
#3364 = ORIENTED_EDGE('',*,*,#3365,.F.);
#3365 = EDGE_CURVE('',#3349,#3318,#3366,.T.);
#3366 = LINE('',#3367,#3368);
#3367 = CARTESIAN_POINT('',(5.5,-8.2,0.));
#3368 = VECTOR('',#3369,1.);
#3369 = DIRECTION('',(-1.,0.,0.));
#3370 = PLANE('',#3371);
#3371 = AXIS2_PLACEMENT_3D('',#3372,#3373,#3374);
#3372 = CARTESIAN_POINT('',(5.5,-8.2,0.));
#3373 = DIRECTION('',(0.,-1.,0.));
#3374 = DIRECTION('',(-1.,0.,0.));
#3375 = ADVANCED_FACE('',(#3376),#3401,.F.);
#3376 = FACE_BOUND('',#3377,.F.);
#3377 = EDGE_LOOP('',(#3378,#3388,#3394,#3395));
#3378 = ORIENTED_EDGE('',*,*,#3379,.T.);
#3379 = EDGE_CURVE('',#3380,#3382,#3384,.T.);
#3380 = VERTEX_POINT('',#3381);
#3381 = CARTESIAN_POINT('',(5.5,-6.56066017178,0.));
#3382 = VERTEX_POINT('',#3383);
#3383 = CARTESIAN_POINT('',(5.5,-6.56066017178,100.));
#3384 = LINE('',#3385,#3386);
#3385 = CARTESIAN_POINT('',(5.5,-6.56066017178,0.));
#3386 = VECTOR('',#3387,1.);
#3387 = DIRECTION('',(0.,0.,1.));
#3388 = ORIENTED_EDGE('',*,*,#3389,.T.);
#3389 = EDGE_CURVE('',#3382,#3351,#3390,.T.);
#3390 = LINE('',#3391,#3392);
#3391 = CARTESIAN_POINT('',(5.5,-6.56066017178,100.));
#3392 = VECTOR('',#3393,1.);
#3393 = DIRECTION('',(0.,-1.,0.));
#3394 = ORIENTED_EDGE('',*,*,#3348,.F.);
#3395 = ORIENTED_EDGE('',*,*,#3396,.F.);
#3396 = EDGE_CURVE('',#3380,#3349,#3397,.T.);
#3397 = LINE('',#3398,#3399);
#3398 = CARTESIAN_POINT('',(5.5,-6.56066017178,0.));
#3399 = VECTOR('',#3400,1.);
#3400 = DIRECTION('',(0.,-1.,0.));
#3401 = PLANE('',#3402);
#3402 = AXIS2_PLACEMENT_3D('',#3403,#3404,#3405);
#3403 = CARTESIAN_POINT('',(5.5,-6.56066017178,0.));
#3404 = DIRECTION('',(1.,0.,-0.));
#3405 = DIRECTION('',(0.,-1.,0.));
#3406 = ADVANCED_FACE('',(#3407),#3432,.F.);
#3407 = FACE_BOUND('',#3408,.F.);
#3408 = EDGE_LOOP('',(#3409,#3419,#3425,#3426));
#3409 = ORIENTED_EDGE('',*,*,#3410,.T.);
#3410 = EDGE_CURVE('',#3411,#3413,#3415,.T.);
#3411 = VERTEX_POINT('',#3412);
#3412 = CARTESIAN_POINT('',(2.83933982822,-3.9,0.));
#3413 = VERTEX_POINT('',#3414);
#3414 = CARTESIAN_POINT('',(2.83933982822,-3.9,100.));
#3415 = LINE('',#3416,#3417);
#3416 = CARTESIAN_POINT('',(2.83933982822,-3.9,0.));
#3417 = VECTOR('',#3418,1.);
#3418 = DIRECTION('',(0.,0.,1.));
#3419 = ORIENTED_EDGE('',*,*,#3420,.T.);
#3420 = EDGE_CURVE('',#3413,#3382,#3421,.T.);
#3421 = LINE('',#3422,#3423);
#3422 = CARTESIAN_POINT('',(2.83933982822,-3.9,100.));
#3423 = VECTOR('',#3424,1.);
#3424 = DIRECTION('',(0.707106781187,-0.707106781187,0.));
#3425 = ORIENTED_EDGE('',*,*,#3379,.F.);
#3426 = ORIENTED_EDGE('',*,*,#3427,.F.);
#3427 = EDGE_CURVE('',#3411,#3380,#3428,.T.);
#3428 = LINE('',#3429,#3430);
#3429 = CARTESIAN_POINT('',(2.83933982822,-3.9,0.));
#3430 = VECTOR('',#3431,1.);
#3431 = DIRECTION('',(0.707106781187,-0.707106781187,0.));
#3432 = PLANE('',#3433);
#3433 = AXIS2_PLACEMENT_3D('',#3434,#3435,#3436);
#3434 = CARTESIAN_POINT('',(2.83933982822,-3.9,0.));
#3435 = DIRECTION('',(0.707106781187,0.707106781187,-0.));
#3436 = DIRECTION('',(0.707106781187,-0.707106781187,0.));
#3437 = ADVANCED_FACE('',(#3438),#3463,.F.);
#3438 = FACE_BOUND('',#3439,.F.);
#3439 = EDGE_LOOP('',(#3440,#3450,#3456,#3457));
#3440 = ORIENTED_EDGE('',*,*,#3441,.T.);
#3441 = EDGE_CURVE('',#3442,#3444,#3446,.T.);
#3442 = VERTEX_POINT('',#3443);
#3443 = CARTESIAN_POINT('',(-2.83933982822,-3.9,0.));
#3444 = VERTEX_POINT('',#3445);
#3445 = CARTESIAN_POINT('',(-2.83933982822,-3.9,100.));
#3446 = LINE('',#3447,#3448);
#3447 = CARTESIAN_POINT('',(-2.83933982822,-3.9,0.));
#3448 = VECTOR('',#3449,1.);
#3449 = DIRECTION('',(0.,0.,1.));
#3450 = ORIENTED_EDGE('',*,*,#3451,.T.);
#3451 = EDGE_CURVE('',#3444,#3413,#3452,.T.);
#3452 = LINE('',#3453,#3454);
#3453 = CARTESIAN_POINT('',(-2.83933982822,-3.9,100.));
#3454 = VECTOR('',#3455,1.);
#3455 = DIRECTION('',(1.,0.,0.));
#3456 = ORIENTED_EDGE('',*,*,#3410,.F.);
#3457 = ORIENTED_EDGE('',*,*,#3458,.F.);
#3458 = EDGE_CURVE('',#3442,#3411,#3459,.T.);
#3459 = LINE('',#3460,#3461);
#3460 = CARTESIAN_POINT('',(-2.83933982822,-3.9,0.));
#3461 = VECTOR('',#3462,1.);
#3462 = DIRECTION('',(1.,0.,0.));
#3463 = PLANE('',#3464);
#3464 = AXIS2_PLACEMENT_3D('',#3465,#3466,#3467);
#3465 = CARTESIAN_POINT('',(-2.83933982822,-3.9,0.));
#3466 = DIRECTION('',(0.,1.,0.));
#3467 = DIRECTION('',(1.,0.,0.));
#3468 = ADVANCED_FACE('',(#3469),#3494,.T.);
#3469 = FACE_BOUND('',#3470,.T.);
#3470 = EDGE_LOOP('',(#3471,#3472,#3480,#3488));
#3471 = ORIENTED_EDGE('',*,*,#3441,.T.);
#3472 = ORIENTED_EDGE('',*,*,#3473,.T.);
#3473 = EDGE_CURVE('',#3444,#3474,#3476,.T.);
#3474 = VERTEX_POINT('',#3475);
#3475 = CARTESIAN_POINT('',(-5.5,-6.56066017178,100.));
#3476 = LINE('',#3477,#3478);
#3477 = CARTESIAN_POINT('',(-2.83933982822,-3.9,100.));
#3478 = VECTOR('',#3479,1.);
#3479 = DIRECTION('',(-0.707106781187,-0.707106781187,0.));
#3480 = ORIENTED_EDGE('',*,*,#3481,.F.);
#3481 = EDGE_CURVE('',#3482,#3474,#3484,.T.);
#3482 = VERTEX_POINT('',#3483);
#3483 = CARTESIAN_POINT('',(-5.5,-6.56066017178,0.));
#3484 = LINE('',#3485,#3486);
#3485 = CARTESIAN_POINT('',(-5.5,-6.56066017178,0.));
#3486 = VECTOR('',#3487,1.);
#3487 = DIRECTION('',(0.,0.,1.));
#3488 = ORIENTED_EDGE('',*,*,#3489,.F.);
#3489 = EDGE_CURVE('',#3442,#3482,#3490,.T.);
#3490 = LINE('',#3491,#3492);
#3491 = CARTESIAN_POINT('',(-2.83933982822,-3.9,0.));
#3492 = VECTOR('',#3493,1.);
#3493 = DIRECTION('',(-0.707106781187,-0.707106781187,0.));
#3494 = PLANE('',#3495);
#3495 = AXIS2_PLACEMENT_3D('',#3496,#3497,#3498);
#3496 = CARTESIAN_POINT('',(-2.83933982822,-3.9,0.));
#3497 = DIRECTION('',(0.707106781187,-0.707106781187,0.));
#3498 = DIRECTION('',(-0.707106781187,-0.707106781187,0.));
#3499 = ADVANCED_FACE('',(#3500),#3525,.T.);
#3500 = FACE_BOUND('',#3501,.T.);
#3501 = EDGE_LOOP('',(#3502,#3503,#3511,#3519));
#3502 = ORIENTED_EDGE('',*,*,#3481,.T.);
#3503 = ORIENTED_EDGE('',*,*,#3504,.T.);
#3504 = EDGE_CURVE('',#3474,#3505,#3507,.T.);
#3505 = VERTEX_POINT('',#3506);
#3506 = CARTESIAN_POINT('',(-5.5,-8.2,100.));
#3507 = LINE('',#3508,#3509);
#3508 = CARTESIAN_POINT('',(-5.5,-6.56066017178,100.));
#3509 = VECTOR('',#3510,1.);
#3510 = DIRECTION('',(0.,-1.,0.));
#3511 = ORIENTED_EDGE('',*,*,#3512,.F.);
#3512 = EDGE_CURVE('',#3513,#3505,#3515,.T.);
#3513 = VERTEX_POINT('',#3514);
#3514 = CARTESIAN_POINT('',(-5.5,-8.2,0.));
#3515 = LINE('',#3516,#3517);
#3516 = CARTESIAN_POINT('',(-5.5,-8.2,0.));
#3517 = VECTOR('',#3518,1.);
#3518 = DIRECTION('',(0.,0.,1.));
#3519 = ORIENTED_EDGE('',*,*,#3520,.F.);
#3520 = EDGE_CURVE('',#3482,#3513,#3521,.T.);
#3521 = LINE('',#3522,#3523);
#3522 = CARTESIAN_POINT('',(-5.5,-6.56066017178,0.));
#3523 = VECTOR('',#3524,1.);
#3524 = DIRECTION('',(0.,-1.,0.));
#3525 = PLANE('',#3526);
#3526 = AXIS2_PLACEMENT_3D('',#3527,#3528,#3529);
#3527 = CARTESIAN_POINT('',(-5.5,-6.56066017178,0.));
#3528 = DIRECTION('',(1.,0.,-0.));
#3529 = DIRECTION('',(0.,-1.,0.));
#3530 = ADVANCED_FACE('',(#3531),#3556,.T.);
#3531 = FACE_BOUND('',#3532,.T.);
#3532 = EDGE_LOOP('',(#3533,#3534,#3542,#3550));
#3533 = ORIENTED_EDGE('',*,*,#3512,.T.);
#3534 = ORIENTED_EDGE('',*,*,#3535,.T.);
#3535 = EDGE_CURVE('',#3505,#3536,#3538,.T.);
#3536 = VERTEX_POINT('',#3537);
#3537 = CARTESIAN_POINT('',(-3.125,-8.2,100.));
#3538 = LINE('',#3539,#3540);
#3539 = CARTESIAN_POINT('',(-5.5,-8.2,100.));
#3540 = VECTOR('',#3541,1.);
#3541 = DIRECTION('',(1.,0.,0.));
#3542 = ORIENTED_EDGE('',*,*,#3543,.F.);
#3543 = EDGE_CURVE('',#3544,#3536,#3546,.T.);
#3544 = VERTEX_POINT('',#3545);
#3545 = CARTESIAN_POINT('',(-3.125,-8.2,0.));
#3546 = LINE('',#3547,#3548);
#3547 = CARTESIAN_POINT('',(-3.125,-8.2,0.));
#3548 = VECTOR('',#3549,1.);
#3549 = DIRECTION('',(0.,0.,1.));
#3550 = ORIENTED_EDGE('',*,*,#3551,.F.);
#3551 = EDGE_CURVE('',#3513,#3544,#3552,.T.);
#3552 = LINE('',#3553,#3554);
#3553 = CARTESIAN_POINT('',(-5.5,-8.2,0.));
#3554 = VECTOR('',#3555,1.);
#3555 = DIRECTION('',(1.,0.,0.));
#3556 = PLANE('',#3557);
#3557 = AXIS2_PLACEMENT_3D('',#3558,#3559,#3560);
#3558 = CARTESIAN_POINT('',(-5.5,-8.2,0.));
#3559 = DIRECTION('',(0.,1.,0.));
#3560 = DIRECTION('',(1.,0.,0.));
#3561 = ADVANCED_FACE('',(#3562),#3587,.T.);
#3562 = FACE_BOUND('',#3563,.T.);
#3563 = EDGE_LOOP('',(#3564,#3565,#3573,#3581));
#3564 = ORIENTED_EDGE('',*,*,#3543,.T.);
#3565 = ORIENTED_EDGE('',*,*,#3566,.T.);
#3566 = EDGE_CURVE('',#3536,#3567,#3569,.T.);
#3567 = VERTEX_POINT('',#3568);
#3568 = CARTESIAN_POINT('',(-3.125,-8.545,100.));
#3569 = LINE('',#3570,#3571);
#3570 = CARTESIAN_POINT('',(-3.125,-8.2,100.));
#3571 = VECTOR('',#3572,1.);
#3572 = DIRECTION('',(0.,-1.,0.));
#3573 = ORIENTED_EDGE('',*,*,#3574,.F.);
#3574 = EDGE_CURVE('',#3575,#3567,#3577,.T.);
#3575 = VERTEX_POINT('',#3576);
#3576 = CARTESIAN_POINT('',(-3.125,-8.545,0.));
#3577 = LINE('',#3578,#3579);
#3578 = CARTESIAN_POINT('',(-3.125,-8.545,0.));
#3579 = VECTOR('',#3580,1.);
#3580 = DIRECTION('',(0.,0.,1.));
#3581 = ORIENTED_EDGE('',*,*,#3582,.F.);
#3582 = EDGE_CURVE('',#3544,#3575,#3583,.T.);
#3583 = LINE('',#3584,#3585);
#3584 = CARTESIAN_POINT('',(-3.125,-8.2,0.));
#3585 = VECTOR('',#3586,1.);
#3586 = DIRECTION('',(0.,-1.,0.));
#3587 = PLANE('',#3588);
#3588 = AXIS2_PLACEMENT_3D('',#3589,#3590,#3591);
#3589 = CARTESIAN_POINT('',(-3.125,-8.2,0.));
#3590 = DIRECTION('',(1.,0.,-0.));
#3591 = DIRECTION('',(0.,-1.,0.));
#3592 = ADVANCED_FACE('',(#3593),#3618,.F.);
#3593 = FACE_BOUND('',#3594,.F.);
#3594 = EDGE_LOOP('',(#3595,#3605,#3611,#3612));
#3595 = ORIENTED_EDGE('',*,*,#3596,.T.);
#3596 = EDGE_CURVE('',#3597,#3599,#3601,.T.);
#3597 = VERTEX_POINT('',#3598);
#3598 = CARTESIAN_POINT('',(-4.58,-10.,0.));
#3599 = VERTEX_POINT('',#3600);
#3600 = CARTESIAN_POINT('',(-4.58,-10.,100.));
#3601 = LINE('',#3602,#3603);
#3602 = CARTESIAN_POINT('',(-4.58,-10.,0.));
#3603 = VECTOR('',#3604,1.);
#3604 = DIRECTION('',(0.,0.,1.));
#3605 = ORIENTED_EDGE('',*,*,#3606,.T.);
#3606 = EDGE_CURVE('',#3599,#3567,#3607,.T.);
#3607 = LINE('',#3608,#3609);
#3608 = CARTESIAN_POINT('',(-4.58,-10.,100.));
#3609 = VECTOR('',#3610,1.);
#3610 = DIRECTION('',(0.707106781187,0.707106781187,0.));
#3611 = ORIENTED_EDGE('',*,*,#3574,.F.);
#3612 = ORIENTED_EDGE('',*,*,#3613,.F.);
#3613 = EDGE_CURVE('',#3597,#3575,#3614,.T.);
#3614 = LINE('',#3615,#3616);
#3615 = CARTESIAN_POINT('',(-4.58,-10.,0.));
#3616 = VECTOR('',#3617,1.);
#3617 = DIRECTION('',(0.707106781187,0.707106781187,0.));
#3618 = PLANE('',#3619);
#3619 = AXIS2_PLACEMENT_3D('',#3620,#3621,#3622);
#3620 = CARTESIAN_POINT('',(-4.58,-10.,0.));
#3621 = DIRECTION('',(-0.707106781187,0.707106781187,0.));
#3622 = DIRECTION('',(0.707106781187,0.707106781187,0.));
#3623 = ADVANCED_FACE('',(#3624),#3649,.T.);
#3624 = FACE_BOUND('',#3625,.T.);
#3625 = EDGE_LOOP('',(#3626,#3627,#3635,#3643));
#3626 = ORIENTED_EDGE('',*,*,#3596,.T.);
#3627 = ORIENTED_EDGE('',*,*,#3628,.T.);
#3628 = EDGE_CURVE('',#3599,#3629,#3631,.T.);
#3629 = VERTEX_POINT('',#3630);
#3630 = CARTESIAN_POINT('',(-10.,-10.,100.));
#3631 = LINE('',#3632,#3633);
#3632 = CARTESIAN_POINT('',(-4.58,-10.,100.));
#3633 = VECTOR('',#3634,1.);
#3634 = DIRECTION('',(-1.,0.,0.));
#3635 = ORIENTED_EDGE('',*,*,#3636,.F.);
#3636 = EDGE_CURVE('',#3637,#3629,#3639,.T.);
#3637 = VERTEX_POINT('',#3638);
#3638 = CARTESIAN_POINT('',(-10.,-10.,0.));
#3639 = LINE('',#3640,#3641);
#3640 = CARTESIAN_POINT('',(-10.,-10.,0.));
#3641 = VECTOR('',#3642,1.);
#3642 = DIRECTION('',(0.,0.,1.));
#3643 = ORIENTED_EDGE('',*,*,#3644,.F.);
#3644 = EDGE_CURVE('',#3597,#3637,#3645,.T.);
#3645 = LINE('',#3646,#3647);
#3646 = CARTESIAN_POINT('',(-4.58,-10.,0.));
#3647 = VECTOR('',#3648,1.);
#3648 = DIRECTION('',(-1.,0.,0.));
#3649 = PLANE('',#3650);
#3650 = AXIS2_PLACEMENT_3D('',#3651,#3652,#3653);
#3651 = CARTESIAN_POINT('',(-4.58,-10.,0.));
#3652 = DIRECTION('',(0.,-1.,0.));
#3653 = DIRECTION('',(-1.,0.,0.));
#3654 = ADVANCED_FACE('',(#3655),#3680,.T.);
#3655 = FACE_BOUND('',#3656,.T.);
#3656 = EDGE_LOOP('',(#3657,#3658,#3666,#3674));
#3657 = ORIENTED_EDGE('',*,*,#3636,.T.);
#3658 = ORIENTED_EDGE('',*,*,#3659,.T.);
#3659 = EDGE_CURVE('',#3629,#3660,#3662,.T.);
#3660 = VERTEX_POINT('',#3661);
#3661 = CARTESIAN_POINT('',(-10.,-4.58,100.));
#3662 = LINE('',#3663,#3664);
#3663 = CARTESIAN_POINT('',(-10.,-10.,100.));
#3664 = VECTOR('',#3665,1.);
#3665 = DIRECTION('',(0.,1.,0.));
#3666 = ORIENTED_EDGE('',*,*,#3667,.F.);
#3667 = EDGE_CURVE('',#3668,#3660,#3670,.T.);
#3668 = VERTEX_POINT('',#3669);
#3669 = CARTESIAN_POINT('',(-10.,-4.58,0.));
#3670 = LINE('',#3671,#3672);
#3671 = CARTESIAN_POINT('',(-10.,-4.58,0.));
#3672 = VECTOR('',#3673,1.);
#3673 = DIRECTION('',(0.,0.,1.));
#3674 = ORIENTED_EDGE('',*,*,#3675,.F.);
#3675 = EDGE_CURVE('',#3637,#3668,#3676,.T.);
#3676 = LINE('',#3677,#3678);
#3677 = CARTESIAN_POINT('',(-10.,-10.,0.));
#3678 = VECTOR('',#3679,1.);
#3679 = DIRECTION('',(0.,1.,0.));
#3680 = PLANE('',#3681);
#3681 = AXIS2_PLACEMENT_3D('',#3682,#3683,#3684);
#3682 = CARTESIAN_POINT('',(-10.,-10.,0.));
#3683 = DIRECTION('',(-1.,0.,0.));
#3684 = DIRECTION('',(0.,1.,0.));
#3685 = ADVANCED_FACE('',(#3686),#3711,.T.);
#3686 = FACE_BOUND('',#3687,.T.);
#3687 = EDGE_LOOP('',(#3688,#3689,#3697,#3705));
#3688 = ORIENTED_EDGE('',*,*,#3667,.T.);
#3689 = ORIENTED_EDGE('',*,*,#3690,.T.);
#3690 = EDGE_CURVE('',#3660,#3691,#3693,.T.);
#3691 = VERTEX_POINT('',#3692);
#3692 = CARTESIAN_POINT('',(-8.545,-3.125,100.));
#3693 = LINE('',#3694,#3695);
#3694 = CARTESIAN_POINT('',(-10.,-4.58,100.));
#3695 = VECTOR('',#3696,1.);
#3696 = DIRECTION('',(0.707106781187,0.707106781187,0.));
#3697 = ORIENTED_EDGE('',*,*,#3698,.F.);
#3698 = EDGE_CURVE('',#3699,#3691,#3701,.T.);
#3699 = VERTEX_POINT('',#3700);
#3700 = CARTESIAN_POINT('',(-8.545,-3.125,0.));
#3701 = LINE('',#3702,#3703);
#3702 = CARTESIAN_POINT('',(-8.545,-3.125,0.));
#3703 = VECTOR('',#3704,1.);
#3704 = DIRECTION('',(0.,0.,1.));
#3705 = ORIENTED_EDGE('',*,*,#3706,.F.);
#3706 = EDGE_CURVE('',#3668,#3699,#3707,.T.);
#3707 = LINE('',#3708,#3709);
#3708 = CARTESIAN_POINT('',(-10.,-4.58,0.));
#3709 = VECTOR('',#3710,1.);
#3710 = DIRECTION('',(0.707106781187,0.707106781187,0.));
#3711 = PLANE('',#3712);
#3712 = AXIS2_PLACEMENT_3D('',#3713,#3714,#3715);
#3713 = CARTESIAN_POINT('',(-10.,-4.58,0.));
#3714 = DIRECTION('',(-0.707106781187,0.707106781187,0.));
#3715 = DIRECTION('',(0.707106781187,0.707106781187,0.));
#3716 = ADVANCED_FACE('',(#3717),#3742,.T.);
#3717 = FACE_BOUND('',#3718,.T.);
#3718 = EDGE_LOOP('',(#3719,#3720,#3728,#3736));
#3719 = ORIENTED_EDGE('',*,*,#3698,.T.);
#3720 = ORIENTED_EDGE('',*,*,#3721,.T.);
#3721 = EDGE_CURVE('',#3691,#3722,#3724,.T.);
#3722 = VERTEX_POINT('',#3723);
#3723 = CARTESIAN_POINT('',(-8.2,-3.125,100.));
#3724 = LINE('',#3725,#3726);
#3725 = CARTESIAN_POINT('',(-8.545,-3.125,100.));
#3726 = VECTOR('',#3727,1.);
#3727 = DIRECTION('',(1.,0.,0.));
#3728 = ORIENTED_EDGE('',*,*,#3729,.F.);
#3729 = EDGE_CURVE('',#3730,#3722,#3732,.T.);
#3730 = VERTEX_POINT('',#3731);
#3731 = CARTESIAN_POINT('',(-8.2,-3.125,0.));
#3732 = LINE('',#3733,#3734);
#3733 = CARTESIAN_POINT('',(-8.2,-3.125,0.));
#3734 = VECTOR('',#3735,1.);
#3735 = DIRECTION('',(0.,0.,1.));
#3736 = ORIENTED_EDGE('',*,*,#3737,.F.);
#3737 = EDGE_CURVE('',#3699,#3730,#3738,.T.);
#3738 = LINE('',#3739,#3740);
#3739 = CARTESIAN_POINT('',(-8.545,-3.125,0.));
#3740 = VECTOR('',#3741,1.);
#3741 = DIRECTION('',(1.,0.,0.));
#3742 = PLANE('',#3743);
#3743 = AXIS2_PLACEMENT_3D('',#3744,#3745,#3746);
#3744 = CARTESIAN_POINT('',(-8.545,-3.125,0.));
#3745 = DIRECTION('',(0.,1.,0.));
#3746 = DIRECTION('',(1.,0.,0.));
#3747 = ADVANCED_FACE('',(#3748),#3773,.F.);
#3748 = FACE_BOUND('',#3749,.F.);
#3749 = EDGE_LOOP('',(#3750,#3760,#3766,#3767));
#3750 = ORIENTED_EDGE('',*,*,#3751,.T.);
#3751 = EDGE_CURVE('',#3752,#3754,#3756,.T.);
#3752 = VERTEX_POINT('',#3753);
#3753 = CARTESIAN_POINT('',(-8.2,-5.5,0.));
#3754 = VERTEX_POINT('',#3755);
#3755 = CARTESIAN_POINT('',(-8.2,-5.5,100.));
#3756 = LINE('',#3757,#3758);
#3757 = CARTESIAN_POINT('',(-8.2,-5.5,0.));
#3758 = VECTOR('',#3759,1.);
#3759 = DIRECTION('',(0.,0.,1.));
#3760 = ORIENTED_EDGE('',*,*,#3761,.T.);
#3761 = EDGE_CURVE('',#3754,#3722,#3762,.T.);
#3762 = LINE('',#3763,#3764);
#3763 = CARTESIAN_POINT('',(-8.2,-5.5,100.));
#3764 = VECTOR('',#3765,1.);
#3765 = DIRECTION('',(0.,1.,0.));
#3766 = ORIENTED_EDGE('',*,*,#3729,.F.);
#3767 = ORIENTED_EDGE('',*,*,#3768,.F.);
#3768 = EDGE_CURVE('',#3752,#3730,#3769,.T.);
#3769 = LINE('',#3770,#3771);
#3770 = CARTESIAN_POINT('',(-8.2,-5.5,0.));
#3771 = VECTOR('',#3772,1.);
#3772 = DIRECTION('',(0.,1.,0.));
#3773 = PLANE('',#3774);
#3774 = AXIS2_PLACEMENT_3D('',#3775,#3776,#3777);
#3775 = CARTESIAN_POINT('',(-8.2,-5.5,0.));
#3776 = DIRECTION('',(-1.,0.,0.));
#3777 = DIRECTION('',(0.,1.,0.));
#3778 = ADVANCED_FACE('',(#3779),#3804,.F.);
#3779 = FACE_BOUND('',#3780,.F.);
#3780 = EDGE_LOOP('',(#3781,#3791,#3797,#3798));
#3781 = ORIENTED_EDGE('',*,*,#3782,.T.);
#3782 = EDGE_CURVE('',#3783,#3785,#3787,.T.);
#3783 = VERTEX_POINT('',#3784);
#3784 = CARTESIAN_POINT('',(-6.56066017178,-5.5,0.));
#3785 = VERTEX_POINT('',#3786);
#3786 = CARTESIAN_POINT('',(-6.56066017178,-5.5,100.));
#3787 = LINE('',#3788,#3789);
#3788 = CARTESIAN_POINT('',(-6.56066017178,-5.5,0.));
#3789 = VECTOR('',#3790,1.);
#3790 = DIRECTION('',(0.,0.,1.));
#3791 = ORIENTED_EDGE('',*,*,#3792,.T.);
#3792 = EDGE_CURVE('',#3785,#3754,#3793,.T.);
#3793 = LINE('',#3794,#3795);
#3794 = CARTESIAN_POINT('',(-6.56066017178,-5.5,100.));
#3795 = VECTOR('',#3796,1.);
#3796 = DIRECTION('',(-1.,0.,0.));
#3797 = ORIENTED_EDGE('',*,*,#3751,.F.);
#3798 = ORIENTED_EDGE('',*,*,#3799,.F.);
#3799 = EDGE_CURVE('',#3783,#3752,#3800,.T.);
#3800 = LINE('',#3801,#3802);
#3801 = CARTESIAN_POINT('',(-6.56066017178,-5.5,0.));
#3802 = VECTOR('',#3803,1.);
#3803 = DIRECTION('',(-1.,0.,0.));
#3804 = PLANE('',#3805);
#3805 = AXIS2_PLACEMENT_3D('',#3806,#3807,#3808);
#3806 = CARTESIAN_POINT('',(-6.56066017178,-5.5,0.));
#3807 = DIRECTION('',(0.,-1.,0.));
#3808 = DIRECTION('',(-1.,0.,0.));
#3809 = ADVANCED_FACE('',(#3810),#3835,.F.);
#3810 = FACE_BOUND('',#3811,.F.);
#3811 = EDGE_LOOP('',(#3812,#3822,#3828,#3829));
#3812 = ORIENTED_EDGE('',*,*,#3813,.T.);
#3813 = EDGE_CURVE('',#3814,#3816,#3818,.T.);
#3814 = VERTEX_POINT('',#3815);
#3815 = CARTESIAN_POINT('',(-3.9,-2.83933982822,0.));
#3816 = VERTEX_POINT('',#3817);
#3817 = CARTESIAN_POINT('',(-3.9,-2.83933982822,100.));
#3818 = LINE('',#3819,#3820);
#3819 = CARTESIAN_POINT('',(-3.9,-2.83933982822,0.));
#3820 = VECTOR('',#3821,1.);
#3821 = DIRECTION('',(0.,0.,1.));
#3822 = ORIENTED_EDGE('',*,*,#3823,.T.);
#3823 = EDGE_CURVE('',#3816,#3785,#3824,.T.);
#3824 = LINE('',#3825,#3826);
#3825 = CARTESIAN_POINT('',(-3.9,-2.83933982822,100.));
#3826 = VECTOR('',#3827,1.);
#3827 = DIRECTION('',(-0.707106781187,-0.707106781187,0.));
#3828 = ORIENTED_EDGE('',*,*,#3782,.F.);
#3829 = ORIENTED_EDGE('',*,*,#3830,.F.);
#3830 = EDGE_CURVE('',#3814,#3783,#3831,.T.);
#3831 = LINE('',#3832,#3833);
#3832 = CARTESIAN_POINT('',(-3.9,-2.83933982822,0.));
#3833 = VECTOR('',#3834,1.);
#3834 = DIRECTION('',(-0.707106781187,-0.707106781187,0.));
#3835 = PLANE('',#3836);
#3836 = AXIS2_PLACEMENT_3D('',#3837,#3838,#3839);
#3837 = CARTESIAN_POINT('',(-3.9,-2.83933982822,0.));
#3838 = DIRECTION('',(0.707106781187,-0.707106781187,0.));
#3839 = DIRECTION('',(-0.707106781187,-0.707106781187,0.));
#3840 = ADVANCED_FACE('',(#3841),#3866,.F.);
#3841 = FACE_BOUND('',#3842,.F.);
#3842 = EDGE_LOOP('',(#3843,#3853,#3859,#3860));
#3843 = ORIENTED_EDGE('',*,*,#3844,.T.);
#3844 = EDGE_CURVE('',#3845,#3847,#3849,.T.);
#3845 = VERTEX_POINT('',#3846);
#3846 = CARTESIAN_POINT('',(-3.9,2.83933982822,0.));
#3847 = VERTEX_POINT('',#3848);
#3848 = CARTESIAN_POINT('',(-3.9,2.83933982822,100.));
#3849 = LINE('',#3850,#3851);
#3850 = CARTESIAN_POINT('',(-3.9,2.83933982822,0.));
#3851 = VECTOR('',#3852,1.);
#3852 = DIRECTION('',(0.,0.,1.));
#3853 = ORIENTED_EDGE('',*,*,#3854,.T.);
#3854 = EDGE_CURVE('',#3847,#3816,#3855,.T.);
#3855 = LINE('',#3856,#3857);
#3856 = CARTESIAN_POINT('',(-3.9,2.83933982822,100.));
#3857 = VECTOR('',#3858,1.);
#3858 = DIRECTION('',(0.,-1.,0.));
#3859 = ORIENTED_EDGE('',*,*,#3813,.F.);
#3860 = ORIENTED_EDGE('',*,*,#3861,.F.);
#3861 = EDGE_CURVE('',#3845,#3814,#3862,.T.);
#3862 = LINE('',#3863,#3864);
#3863 = CARTESIAN_POINT('',(-3.9,2.83933982822,0.));
#3864 = VECTOR('',#3865,1.);
#3865 = DIRECTION('',(0.,-1.,0.));
#3866 = PLANE('',#3867);
#3867 = AXIS2_PLACEMENT_3D('',#3868,#3869,#3870);
#3868 = CARTESIAN_POINT('',(-3.9,2.83933982822,0.));
#3869 = DIRECTION('',(1.,0.,-0.));
#3870 = DIRECTION('',(0.,-1.,0.));
#3871 = ADVANCED_FACE('',(#3872),#3897,.F.);
#3872 = FACE_BOUND('',#3873,.F.);
#3873 = EDGE_LOOP('',(#3874,#3884,#3890,#3891));
#3874 = ORIENTED_EDGE('',*,*,#3875,.T.);
#3875 = EDGE_CURVE('',#3876,#3878,#3880,.T.);
#3876 = VERTEX_POINT('',#3877);
#3877 = CARTESIAN_POINT('',(-6.56066017178,5.5,0.));
#3878 = VERTEX_POINT('',#3879);
#3879 = CARTESIAN_POINT('',(-6.56066017178,5.5,100.));
#3880 = LINE('',#3881,#3882);
#3881 = CARTESIAN_POINT('',(-6.56066017178,5.5,0.));
#3882 = VECTOR('',#3883,1.);
#3883 = DIRECTION('',(0.,0.,1.));
#3884 = ORIENTED_EDGE('',*,*,#3885,.T.);
#3885 = EDGE_CURVE('',#3878,#3847,#3886,.T.);
#3886 = LINE('',#3887,#3888);
#3887 = CARTESIAN_POINT('',(-6.56066017178,5.5,100.));
#3888 = VECTOR('',#3889,1.);
#3889 = DIRECTION('',(0.707106781187,-0.707106781187,0.));
#3890 = ORIENTED_EDGE('',*,*,#3844,.F.);
#3891 = ORIENTED_EDGE('',*,*,#3892,.F.);
#3892 = EDGE_CURVE('',#3876,#3845,#3893,.T.);
#3893 = LINE('',#3894,#3895);
#3894 = CARTESIAN_POINT('',(-6.56066017178,5.5,0.));
#3895 = VECTOR('',#3896,1.);
#3896 = DIRECTION('',(0.707106781187,-0.707106781187,0.));
#3897 = PLANE('',#3898);
#3898 = AXIS2_PLACEMENT_3D('',#3899,#3900,#3901);
#3899 = CARTESIAN_POINT('',(-6.56066017178,5.5,0.));
#3900 = DIRECTION('',(0.707106781187,0.707106781187,-0.));
#3901 = DIRECTION('',(0.707106781187,-0.707106781187,0.));
#3902 = ADVANCED_FACE('',(#3903),#3928,.T.);
#3903 = FACE_BOUND('',#3904,.T.);
#3904 = EDGE_LOOP('',(#3905,#3906,#3914,#3922));
#3905 = ORIENTED_EDGE('',*,*,#3875,.T.);
#3906 = ORIENTED_EDGE('',*,*,#3907,.T.);
#3907 = EDGE_CURVE('',#3878,#3908,#3910,.T.);
#3908 = VERTEX_POINT('',#3909);
#3909 = CARTESIAN_POINT('',(-8.2,5.5,100.));
#3910 = LINE('',#3911,#3912);
#3911 = CARTESIAN_POINT('',(-6.56066017178,5.5,100.));
#3912 = VECTOR('',#3913,1.);
#3913 = DIRECTION('',(-1.,0.,0.));
#3914 = ORIENTED_EDGE('',*,*,#3915,.F.);
#3915 = EDGE_CURVE('',#3916,#3908,#3918,.T.);
#3916 = VERTEX_POINT('',#3917);
#3917 = CARTESIAN_POINT('',(-8.2,5.5,0.));
#3918 = LINE('',#3919,#3920);
#3919 = CARTESIAN_POINT('',(-8.2,5.5,0.));
#3920 = VECTOR('',#3921,1.);
#3921 = DIRECTION('',(0.,0.,1.));
#3922 = ORIENTED_EDGE('',*,*,#3923,.F.);
#3923 = EDGE_CURVE('',#3876,#3916,#3924,.T.);
#3924 = LINE('',#3925,#3926);
#3925 = CARTESIAN_POINT('',(-6.56066017178,5.5,0.));
#3926 = VECTOR('',#3927,1.);
#3927 = DIRECTION('',(-1.,0.,0.));
#3928 = PLANE('',#3929);
#3929 = AXIS2_PLACEMENT_3D('',#3930,#3931,#3932);
#3930 = CARTESIAN_POINT('',(-6.56066017178,5.5,0.));
#3931 = DIRECTION('',(0.,-1.,0.));
#3932 = DIRECTION('',(-1.,0.,0.));
#3933 = ADVANCED_FACE('',(#3934),#3959,.T.);
#3934 = FACE_BOUND('',#3935,.T.);
#3935 = EDGE_LOOP('',(#3936,#3937,#3945,#3953));
#3936 = ORIENTED_EDGE('',*,*,#3915,.T.);
#3937 = ORIENTED_EDGE('',*,*,#3938,.T.);
#3938 = EDGE_CURVE('',#3908,#3939,#3941,.T.);
#3939 = VERTEX_POINT('',#3940);
#3940 = CARTESIAN_POINT('',(-8.2,3.125,100.));
#3941 = LINE('',#3942,#3943);
#3942 = CARTESIAN_POINT('',(-8.2,5.5,100.));
#3943 = VECTOR('',#3944,1.);
#3944 = DIRECTION('',(0.,-1.,0.));
#3945 = ORIENTED_EDGE('',*,*,#3946,.F.);
#3946 = EDGE_CURVE('',#3947,#3939,#3949,.T.);
#3947 = VERTEX_POINT('',#3948);
#3948 = CARTESIAN_POINT('',(-8.2,3.125,0.));
#3949 = LINE('',#3950,#3951);
#3950 = CARTESIAN_POINT('',(-8.2,3.125,0.));
#3951 = VECTOR('',#3952,1.);
#3952 = DIRECTION('',(0.,0.,1.));
#3953 = ORIENTED_EDGE('',*,*,#3954,.F.);
#3954 = EDGE_CURVE('',#3916,#3947,#3955,.T.);
#3955 = LINE('',#3956,#3957);
#3956 = CARTESIAN_POINT('',(-8.2,5.5,0.));
#3957 = VECTOR('',#3958,1.);
#3958 = DIRECTION('',(0.,-1.,0.));
#3959 = PLANE('',#3960);
#3960 = AXIS2_PLACEMENT_3D('',#3961,#3962,#3963);
#3961 = CARTESIAN_POINT('',(-8.2,5.5,0.));
#3962 = DIRECTION('',(1.,0.,-0.));
#3963 = DIRECTION('',(0.,-1.,0.));
#3964 = ADVANCED_FACE('',(#3965),#3990,.F.);
#3965 = FACE_BOUND('',#3966,.F.);
#3966 = EDGE_LOOP('',(#3967,#3977,#3983,#3984));
#3967 = ORIENTED_EDGE('',*,*,#3968,.T.);
#3968 = EDGE_CURVE('',#3969,#3971,#3973,.T.);
#3969 = VERTEX_POINT('',#3970);
#3970 = CARTESIAN_POINT('',(-8.545,3.125,0.));
#3971 = VERTEX_POINT('',#3972);
#3972 = CARTESIAN_POINT('',(-8.545,3.125,100.));
#3973 = LINE('',#3974,#3975);
#3974 = CARTESIAN_POINT('',(-8.545,3.125,0.));
#3975 = VECTOR('',#3976,1.);
#3976 = DIRECTION('',(0.,0.,1.));
#3977 = ORIENTED_EDGE('',*,*,#3978,.T.);
#3978 = EDGE_CURVE('',#3971,#3939,#3979,.T.);
#3979 = LINE('',#3980,#3981);
#3980 = CARTESIAN_POINT('',(-8.545,3.125,100.));
#3981 = VECTOR('',#3982,1.);
#3982 = DIRECTION('',(1.,0.,0.));
#3983 = ORIENTED_EDGE('',*,*,#3946,.F.);
#3984 = ORIENTED_EDGE('',*,*,#3985,.F.);
#3985 = EDGE_CURVE('',#3969,#3947,#3986,.T.);
#3986 = LINE('',#3987,#3988);
#3987 = CARTESIAN_POINT('',(-8.545,3.125,0.));
#3988 = VECTOR('',#3989,1.);
#3989 = DIRECTION('',(1.,0.,0.));
#3990 = PLANE('',#3991);
#3991 = AXIS2_PLACEMENT_3D('',#3992,#3993,#3994);
#3992 = CARTESIAN_POINT('',(-8.545,3.125,0.));
#3993 = DIRECTION('',(0.,1.,0.));
#3994 = DIRECTION('',(1.,0.,0.));
#3995 = ADVANCED_FACE('',(#3996),#4012,.F.);
#3996 = FACE_BOUND('',#3997,.F.);
#3997 = EDGE_LOOP('',(#3998,#3999,#4005,#4006));
#3998 = ORIENTED_EDGE('',*,*,#2409,.T.);
#3999 = ORIENTED_EDGE('',*,*,#4000,.T.);
#4000 = EDGE_CURVE('',#2412,#3971,#4001,.T.);
#4001 = LINE('',#4002,#4003);
#4002 = CARTESIAN_POINT('',(-10.,4.58,100.));
#4003 = VECTOR('',#4004,1.);
#4004 = DIRECTION('',(0.707106781187,-0.707106781187,0.));
#4005 = ORIENTED_EDGE('',*,*,#3968,.F.);
#4006 = ORIENTED_EDGE('',*,*,#4007,.F.);
#4007 = EDGE_CURVE('',#2410,#3969,#4008,.T.);
#4008 = LINE('',#4009,#4010);
#4009 = CARTESIAN_POINT('',(-10.,4.58,0.));
#4010 = VECTOR('',#4011,1.);
#4011 = DIRECTION('',(0.707106781187,-0.707106781187,0.));
#4012 = PLANE('',#4013);
#4013 = AXIS2_PLACEMENT_3D('',#4014,#4015,#4016);
#4014 = CARTESIAN_POINT('',(-10.,4.58,0.));
#4015 = DIRECTION('',(0.707106781187,0.707106781187,-0.));
#4016 = DIRECTION('',(0.707106781187,-0.707106781187,0.));
#4017 = ADVANCED_FACE('',(#4018),#4045,.F.);
#4018 = FACE_BOUND('',#4019,.T.);
#4019 = EDGE_LOOP('',(#4020,#4030,#4037,#4038));
#4020 = ORIENTED_EDGE('',*,*,#4021,.T.);
#4021 = EDGE_CURVE('',#4022,#4024,#4026,.T.);
#4022 = VERTEX_POINT('',#4023);
#4023 = CARTESIAN_POINT('',(2.1,0.,0.));
#4024 = VERTEX_POINT('',#4025);
#4025 = CARTESIAN_POINT('',(2.1,0.,100.));
#4026 = LINE('',#4027,#4028);
#4027 = CARTESIAN_POINT('',(2.1,0.,0.));
#4028 = VECTOR('',#4029,1.);
#4029 = DIRECTION('',(0.,0.,1.));
#4030 = ORIENTED_EDGE('',*,*,#4031,.T.);
#4031 = EDGE_CURVE('',#4024,#4024,#4032,.T.);
#4032 = CIRCLE('',#4033,2.1);
#4033 = AXIS2_PLACEMENT_3D('',#4034,#4035,#4036);
#4034 = CARTESIAN_POINT('',(0.,0.,100.));
#4035 = DIRECTION('',(0.,0.,1.));
#4036 = DIRECTION('',(1.,0.,0.));
#4037 = ORIENTED_EDGE('',*,*,#4021,.F.);
#4038 = ORIENTED_EDGE('',*,*,#4039,.F.);
#4039 = EDGE_CURVE('',#4022,#4022,#4040,.T.);
#4040 = CIRCLE('',#4041,2.1);
#4041 = AXIS2_PLACEMENT_3D('',#4042,#4043,#4044);
#4042 = CARTESIAN_POINT('',(0.,0.,0.));
#4043 = DIRECTION('',(0.,0.,1.));
#4044 = DIRECTION('',(1.,0.,0.));
#4045 = CYLINDRICAL_SURFACE('',#4046,2.1);
#4046 = AXIS2_PLACEMENT_3D('',#4047,#4048,#4049);
#4047 = CARTESIAN_POINT('',(0.,0.,0.));
#4048 = DIRECTION('',(-0.,-0.,-1.));
#4049 = DIRECTION('',(1.,0.,0.));
#4050 = ADVANCED_FACE('',(#4051,#4105),#4108,.F.);
#4051 = FACE_BOUND('',#4052,.T.);
#4052 = EDGE_LOOP('',(#4053,#4054,#4055,#4056,#4057,#4058,#4059,#4060,
    #4061,#4062,#4063,#4064,#4065,#4066,#4067,#4068,#4069,#4070,#4071,
    #4072,#4073,#4074,#4075,#4076,#4077,#4078,#4079,#4080,#4081,#4082,
    #4083,#4084,#4085,#4086,#4087,#4088,#4089,#4090,#4091,#4092,#4093,
    #4094,#4095,#4096,#4097,#4098,#4099,#4100,#4101,#4102,#4103,#4104));
#4053 = ORIENTED_EDGE('',*,*,#2435,.T.);
#4054 = ORIENTED_EDGE('',*,*,#2466,.T.);
#4055 = ORIENTED_EDGE('',*,*,#2497,.T.);
#4056 = ORIENTED_EDGE('',*,*,#2528,.T.);
#4057 = ORIENTED_EDGE('',*,*,#2559,.F.);
#4058 = ORIENTED_EDGE('',*,*,#2590,.F.);
#4059 = ORIENTED_EDGE('',*,*,#2621,.T.);
#4060 = ORIENTED_EDGE('',*,*,#2652,.T.);
#4061 = ORIENTED_EDGE('',*,*,#2683,.T.);
#4062 = ORIENTED_EDGE('',*,*,#2714,.T.);
#4063 = ORIENTED_EDGE('',*,*,#2745,.T.);
#4064 = ORIENTED_EDGE('',*,*,#2776,.F.);
#4065 = ORIENTED_EDGE('',*,*,#2807,.F.);
#4066 = ORIENTED_EDGE('',*,*,#2838,.T.);
#4067 = ORIENTED_EDGE('',*,*,#2869,.T.);
#4068 = ORIENTED_EDGE('',*,*,#2900,.T.);
#4069 = ORIENTED_EDGE('',*,*,#2931,.F.);
#4070 = ORIENTED_EDGE('',*,*,#2962,.F.);
#4071 = ORIENTED_EDGE('',*,*,#2993,.F.);
#4072 = ORIENTED_EDGE('',*,*,#3024,.F.);
#4073 = ORIENTED_EDGE('',*,*,#3055,.T.);
#4074 = ORIENTED_EDGE('',*,*,#3086,.T.);
#4075 = ORIENTED_EDGE('',*,*,#3117,.T.);
#4076 = ORIENTED_EDGE('',*,*,#3148,.T.);
#4077 = ORIENTED_EDGE('',*,*,#3179,.T.);
#4078 = ORIENTED_EDGE('',*,*,#3210,.F.);
#4079 = ORIENTED_EDGE('',*,*,#3241,.T.);
#4080 = ORIENTED_EDGE('',*,*,#3272,.T.);
#4081 = ORIENTED_EDGE('',*,*,#3303,.T.);
#4082 = ORIENTED_EDGE('',*,*,#3334,.F.);
#4083 = ORIENTED_EDGE('',*,*,#3365,.F.);
#4084 = ORIENTED_EDGE('',*,*,#3396,.F.);
#4085 = ORIENTED_EDGE('',*,*,#3427,.F.);
#4086 = ORIENTED_EDGE('',*,*,#3458,.F.);
#4087 = ORIENTED_EDGE('',*,*,#3489,.T.);
#4088 = ORIENTED_EDGE('',*,*,#3520,.T.);
#4089 = ORIENTED_EDGE('',*,*,#3551,.T.);
#4090 = ORIENTED_EDGE('',*,*,#3582,.T.);
#4091 = ORIENTED_EDGE('',*,*,#3613,.F.);
#4092 = ORIENTED_EDGE('',*,*,#3644,.T.);
#4093 = ORIENTED_EDGE('',*,*,#3675,.T.);
#4094 = ORIENTED_EDGE('',*,*,#3706,.T.);
#4095 = ORIENTED_EDGE('',*,*,#3737,.T.);
#4096 = ORIENTED_EDGE('',*,*,#3768,.F.);
#4097 = ORIENTED_EDGE('',*,*,#3799,.F.);
#4098 = ORIENTED_EDGE('',*,*,#3830,.F.);
#4099 = ORIENTED_EDGE('',*,*,#3861,.F.);
#4100 = ORIENTED_EDGE('',*,*,#3892,.F.);
#4101 = ORIENTED_EDGE('',*,*,#3923,.T.);
#4102 = ORIENTED_EDGE('',*,*,#3954,.T.);
#4103 = ORIENTED_EDGE('',*,*,#3985,.F.);
#4104 = ORIENTED_EDGE('',*,*,#4007,.F.);
#4105 = FACE_BOUND('',#4106,.T.);
#4106 = EDGE_LOOP('',(#4107));
#4107 = ORIENTED_EDGE('',*,*,#4039,.T.);
#4108 = PLANE('',#4109);
#4109 = AXIS2_PLACEMENT_3D('',#4110,#4111,#4112);
#4110 = CARTESIAN_POINT('',(-5.7E-16,-2.E-16,0.));
#4111 = DIRECTION('',(0.,0.,1.));
#4112 = DIRECTION('',(1.,0.,0.));
#4113 = ADVANCED_FACE('',(#4114,#4168),#4171,.T.);
#4114 = FACE_BOUND('',#4115,.F.);
#4115 = EDGE_LOOP('',(#4116,#4117,#4118,#4119,#4120,#4121,#4122,#4123,
    #4124,#4125,#4126,#4127,#4128,#4129,#4130,#4131,#4132,#4133,#4134,
    #4135,#4136,#4137,#4138,#4139,#4140,#4141,#4142,#4143,#4144,#4145,
    #4146,#4147,#4148,#4149,#4150,#4151,#4152,#4153,#4154,#4155,#4156,
    #4157,#4158,#4159,#4160,#4161,#4162,#4163,#4164,#4165,#4166,#4167));
#4116 = ORIENTED_EDGE('',*,*,#2419,.T.);
#4117 = ORIENTED_EDGE('',*,*,#2450,.T.);
#4118 = ORIENTED_EDGE('',*,*,#2481,.T.);
#4119 = ORIENTED_EDGE('',*,*,#2512,.T.);
#4120 = ORIENTED_EDGE('',*,*,#2552,.F.);
#4121 = ORIENTED_EDGE('',*,*,#2583,.F.);
#4122 = ORIENTED_EDGE('',*,*,#2605,.T.);
#4123 = ORIENTED_EDGE('',*,*,#2636,.T.);
#4124 = ORIENTED_EDGE('',*,*,#2667,.T.);
#4125 = ORIENTED_EDGE('',*,*,#2698,.T.);
#4126 = ORIENTED_EDGE('',*,*,#2729,.T.);
#4127 = ORIENTED_EDGE('',*,*,#2769,.F.);
#4128 = ORIENTED_EDGE('',*,*,#2800,.F.);
#4129 = ORIENTED_EDGE('',*,*,#2822,.T.);
#4130 = ORIENTED_EDGE('',*,*,#2853,.T.);
#4131 = ORIENTED_EDGE('',*,*,#2884,.T.);
#4132 = ORIENTED_EDGE('',*,*,#2924,.F.);
#4133 = ORIENTED_EDGE('',*,*,#2955,.F.);
#4134 = ORIENTED_EDGE('',*,*,#2986,.F.);
#4135 = ORIENTED_EDGE('',*,*,#3017,.F.);
#4136 = ORIENTED_EDGE('',*,*,#3039,.T.);
#4137 = ORIENTED_EDGE('',*,*,#3070,.T.);
#4138 = ORIENTED_EDGE('',*,*,#3101,.T.);
#4139 = ORIENTED_EDGE('',*,*,#3132,.T.);
#4140 = ORIENTED_EDGE('',*,*,#3163,.T.);
#4141 = ORIENTED_EDGE('',*,*,#3203,.F.);
#4142 = ORIENTED_EDGE('',*,*,#3225,.T.);
#4143 = ORIENTED_EDGE('',*,*,#3256,.T.);
#4144 = ORIENTED_EDGE('',*,*,#3287,.T.);
#4145 = ORIENTED_EDGE('',*,*,#3327,.F.);
#4146 = ORIENTED_EDGE('',*,*,#3358,.F.);
#4147 = ORIENTED_EDGE('',*,*,#3389,.F.);
#4148 = ORIENTED_EDGE('',*,*,#3420,.F.);
#4149 = ORIENTED_EDGE('',*,*,#3451,.F.);
#4150 = ORIENTED_EDGE('',*,*,#3473,.T.);
#4151 = ORIENTED_EDGE('',*,*,#3504,.T.);
#4152 = ORIENTED_EDGE('',*,*,#3535,.T.);
#4153 = ORIENTED_EDGE('',*,*,#3566,.T.);
#4154 = ORIENTED_EDGE('',*,*,#3606,.F.);
#4155 = ORIENTED_EDGE('',*,*,#3628,.T.);
#4156 = ORIENTED_EDGE('',*,*,#3659,.T.);
#4157 = ORIENTED_EDGE('',*,*,#3690,.T.);
#4158 = ORIENTED_EDGE('',*,*,#3721,.T.);
#4159 = ORIENTED_EDGE('',*,*,#3761,.F.);
#4160 = ORIENTED_EDGE('',*,*,#3792,.F.);
#4161 = ORIENTED_EDGE('',*,*,#3823,.F.);
#4162 = ORIENTED_EDGE('',*,*,#3854,.F.);
#4163 = ORIENTED_EDGE('',*,*,#3885,.F.);
#4164 = ORIENTED_EDGE('',*,*,#3907,.T.);
#4165 = ORIENTED_EDGE('',*,*,#3938,.T.);
#4166 = ORIENTED_EDGE('',*,*,#3978,.F.);
#4167 = ORIENTED_EDGE('',*,*,#4000,.F.);
#4168 = FACE_BOUND('',#4169,.F.);
#4169 = EDGE_LOOP('',(#4170));
#4170 = ORIENTED_EDGE('',*,*,#4031,.T.);
#4171 = PLANE('',#4172);
#4172 = AXIS2_PLACEMENT_3D('',#4173,#4174,#4175);
#4173 = CARTESIAN_POINT('',(-5.7E-16,-2.E-16,100.));
#4174 = DIRECTION('',(0.,0.,1.));
#4175 = DIRECTION('',(1.,0.,0.));
#4176 = ( GEOMETRIC_REPRESENTATION_CONTEXT(3) 
GLOBAL_UNCERTAINTY_ASSIGNED_CONTEXT((#4180)) 
GLOBAL_UNIT_ASSIGNED_CONTEXT((#4177,#4178,#4179)) REPRESENTATION_CONTEXT
('Context #1','3D Context with UNIT and UNCERTAINTY') );
#4177 = ( LENGTH_UNIT() NAMED_UNIT(*) SI_UNIT(.MILLI.,.METRE.) );
#4178 = ( NAMED_UNIT(*) PLANE_ANGLE_UNIT() SI_UNIT($,.RADIAN.) );
#4179 = ( NAMED_UNIT(*) SI_UNIT($,.STERADIAN.) SOLID_ANGLE_UNIT() );
#4180 = UNCERTAINTY_MEASURE_WITH_UNIT(LENGTH_MEASURE(1.E-07),#4177,
  'distance_accuracy_value','confusion accuracy');
#4181 = CONTEXT_DEPENDENT_SHAPE_REPRESENTATION(#4182,#4184);
#4182 = ( REPRESENTATION_RELATIONSHIP('','',#2402,#10) 
REPRESENTATION_RELATIONSHIP_WITH_TRANSFORMATION(#4183) 
SHAPE_REPRESENTATION_RELATIONSHIP() );
#4183 = ITEM_DEFINED_TRANSFORMATION('','',#11,#75);
#4184 = PRODUCT_DEFINITION_SHAPE('Placement','Placement of an item',
  #4185);
#4185 = NEXT_ASSEMBLY_USAGE_OCCURRENCE('17','Pad','',#5,#2397,$);
#4186 = PRODUCT_RELATED_PRODUCT_CATEGORY('part',$,(#2399));
#4187 = SHAPE_DEFINITION_REPRESENTATION(#4188,#4194);
#4188 = PRODUCT_DEFINITION_SHAPE('','',#4189);
#4189 = PRODUCT_DEFINITION('design','',#4190,#4193);
#4190 = PRODUCT_DEFINITION_FORMATION('','',#4191);
#4191 = PRODUCT('Open CASCADE STEP translator 7.8 1.17',
  'Open CASCADE STEP translator 7.8 1.17','',(#4192));
#4192 = PRODUCT_CONTEXT('',#2,'mechanical');
#4193 = PRODUCT_DEFINITION_CONTEXT('part definition',#2,'design');
#4194 = GEOMETRICALLY_BOUNDED_WIREFRAME_SHAPE_REPRESENTATION('',(#11,
    #4195),#4198);
#4195 = GEOMETRIC_CURVE_SET('',(#4196,#4197));
#4196 = CARTESIAN_POINT('',(0.,0.,0.));
#4197 = CARTESIAN_POINT('',(0.,0.,0.));
#4198 = ( GEOMETRIC_REPRESENTATION_CONTEXT(3) 
GLOBAL_UNCERTAINTY_ASSIGNED_CONTEXT((#4202)) 
GLOBAL_UNIT_ASSIGNED_CONTEXT((#4199,#4200,#4201)) REPRESENTATION_CONTEXT
('Context #1','3D Context with UNIT and UNCERTAINTY') );
#4199 = ( LENGTH_UNIT() NAMED_UNIT(*) SI_UNIT(.MILLI.,.METRE.) );
#4200 = ( NAMED_UNIT(*) PLANE_ANGLE_UNIT() SI_UNIT($,.RADIAN.) );
#4201 = ( NAMED_UNIT(*) SI_UNIT($,.STERADIAN.) SOLID_ANGLE_UNIT() );
#4202 = UNCERTAINTY_MEASURE_WITH_UNIT(LENGTH_MEASURE(1.E-07),#4199,
  'distance_accuracy_value','confusion accuracy');
#4203 = CONTEXT_DEPENDENT_SHAPE_REPRESENTATION(#4204,#4206);
#4204 = ( REPRESENTATION_RELATIONSHIP('','',#4194,#10) 
REPRESENTATION_RELATIONSHIP_WITH_TRANSFORMATION(#4205) 
SHAPE_REPRESENTATION_RELATIONSHIP() );
#4205 = ITEM_DEFINED_TRANSFORMATION('','',#11,#79);
#4206 = PRODUCT_DEFINITION_SHAPE('Placement','Placement of an item',
  #4207);
#4207 = NEXT_ASSEMBLY_USAGE_OCCURRENCE('18','','',#5,#4189,$);
#4208 = PRODUCT_RELATED_PRODUCT_CATEGORY('part',$,(#4191));
#4209 = MECHANICAL_DESIGN_GEOMETRIC_PRESENTATION_REPRESENTATION('',(
    #4210),#1893);
#4210 = STYLED_ITEM('color',(#4211),#120);
#4211 = PRESENTATION_STYLE_ASSIGNMENT((#4212,#4218));
#4212 = SURFACE_STYLE_USAGE(.BOTH.,#4213);
#4213 = SURFACE_SIDE_STYLE('',(#4214));
#4214 = SURFACE_STYLE_FILL_AREA(#4215);
#4215 = FILL_AREA_STYLE('',(#4216));
#4216 = FILL_AREA_STYLE_COLOUR('',#4217);
#4217 = COLOUR_RGB('',0.800000010877,0.800000010877,0.800000010877);
#4218 = CURVE_STYLE('',#4219,POSITIVE_LENGTH_MEASURE(0.1),#4220);
#4219 = DRAUGHTING_PRE_DEFINED_CURVE_FONT('continuous');
#4220 = COLOUR_RGB('',9.803921802644E-02,9.803921802644E-02,
  9.803921802644E-02);
#4221 = MECHANICAL_DESIGN_GEOMETRIC_PRESENTATION_REPRESENTATION('',(
    #4222),#4176);
#4222 = STYLED_ITEM('color',(#4223),#2403);
#4223 = PRESENTATION_STYLE_ASSIGNMENT((#4224,#4229));
#4224 = SURFACE_STYLE_USAGE(.BOTH.,#4225);
#4225 = SURFACE_SIDE_STYLE('',(#4226));
#4226 = SURFACE_STYLE_FILL_AREA(#4227);
#4227 = FILL_AREA_STYLE('',(#4228));
#4228 = FILL_AREA_STYLE_COLOUR('',#4217);
#4229 = CURVE_STYLE('',#4230,POSITIVE_LENGTH_MEASURE(0.1),#4220);
#4230 = DRAUGHTING_PRE_DEFINED_CURVE_FONT('continuous');
#4231 = MECHANICAL_DESIGN_GEOMETRIC_PRESENTATION_REPRESENTATION('',(
    #4232,#4245),#2384);
#4232 = STYLED_ITEM('color',(#4233),#2010);
#4233 = PRESENTATION_STYLE_ASSIGNMENT((#4234,#4242));
#4234 = SURFACE_STYLE_USAGE(.BOTH.,#4235);
#4235 = SURFACE_SIDE_STYLE('',(#4236,#4240));
#4236 = SURFACE_STYLE_FILL_AREA(#4237);
#4237 = FILL_AREA_STYLE('',(#4238));
#4238 = FILL_AREA_STYLE_COLOUR('',#4239);
#4239 = COLOUR_RGB('',0.329411773243,0.670588257465,1.);
#4240 = SURFACE_STYLE_RENDERING_WITH_PROPERTIES(.NORMAL_SHADING.,#4239,(
    #4241));
#4241 = SURFACE_STYLE_TRANSPARENT(0.749019622803);
#4242 = CURVE_STYLE('',#4243,POSITIVE_LENGTH_MEASURE(0.1),#4244);
#4243 = DRAUGHTING_PRE_DEFINED_CURVE_FONT('continuous');
#4244 = COLOUR_RGB('',0.945098040599,0.952941189437,0.960784305148);
#4245 = STYLED_ITEM('color',(#4246),#2019);
#4246 = PRESENTATION_STYLE_ASSIGNMENT((#4247,#4254));
#4247 = SURFACE_STYLE_USAGE(.BOTH.,#4248);
#4248 = SURFACE_SIDE_STYLE('',(#4249,#4252));
#4249 = SURFACE_STYLE_FILL_AREA(#4250);
#4250 = FILL_AREA_STYLE('',(#4251));
#4251 = FILL_AREA_STYLE_COLOUR('',#4239);
#4252 = SURFACE_STYLE_RENDERING_WITH_PROPERTIES(.NORMAL_SHADING.,#4239,(
    #4253));
#4253 = SURFACE_STYLE_TRANSPARENT(0.749019622803);
#4254 = CURVE_STYLE('',#4255,POSITIVE_LENGTH_MEASURE(0.1),#4244);
#4255 = DRAUGHTING_PRE_DEFINED_CURVE_FONT('continuous');
ENDSEC;
END-ISO-10303-21;
